assay,fold,seed,closure,feature_set,analysis,group,n,n_loci,n_positive,positive_prevalence,weight_sum,auprc,auroc,normalized_ap,n_groups
h3k27ac,fold_a,20260806,1hop,coordinate_plus_frozen_sequence_fm,measurement_weight,all,853363.0,186587.0,20483.0,0.024002681156787907,853363.0,0.03298577799655494,0.5304965287436729,0.00920401794793261,
h3k27ac,fold_a,20260806,1hop,coordinate_plus_frozen_sequence_fm,equal_locus_weight,all,853363.0,186587.0,20483.0,0.02170470855268553,186587.0,0.03239182300993366,0.5523398606354097,0.010924221501094364,
h3k27ac,fold_a,20260806,1hop,coordinate_plus_frozen_sequence_fm,donor,ENC-001,236162.0,74084.0,5210.0,0.02206112753110153,236162.0,0.0388485576812453,0.5476359367974295,0.017166134431043045,
h3k27ac,fold_a,20260806,1hop,coordinate_plus_frozen_sequence_fm,donor,ENC-002,187734.0,63386.0,3377.0,0.017988217371387175,187734.0,0.02378459904940377,0.5517478296047666,0.0059025581775618355,
h3k27ac,fold_a,20260806,1hop,coordinate_plus_frozen_sequence_fm,donor,ENC-003,205990.0,57184.0,5338.0,0.02591387931452983,205990.0,0.03365244994852209,0.5168399532884356,0.007944441943743722,
h3k27ac,fold_a,20260806,1hop,coordinate_plus_frozen_sequence_fm,donor,ENC-004,223477.0,60806.0,6558.0,0.029345301753648027,223477.0,0.037704658896099974,0.517156510572167,0.00861208126592753,
h3k27ac,fold_a,20260806,1hop,coordinate_plus_frozen_sequence_fm,tissue,Peyers_patch,28544.0,22776.0,772.0,0.027045964125560536,28544.0,0.031215770209275923,0.514236227974797,0.004285717443956935,
h3k27ac,fold_a,20260806,1hop,coordinate_plus_frozen_sequence_fm,tissue,adrenal_gland,15283.0,12951.0,411.0,0.026892625793365176,15283.0,0.04557266140652498,0.4944112713975151,0.019196273821673028,
h3k27ac,fold_a,20260806,1hop,coordinate_plus_frozen_sequence_fm,tissue,ascending_aorta,16161.0,14687.0,367.0,0.022708990780273497,16161.0,0.024334777101670372,0.4861937534310101,0.0016635641851396035,
h3k27ac,fold_a,20260806,1hop,coordinate_plus_frozen_sequence_fm,tissue,body_of_pancreas,30634.0,25278.0,822.0,0.026832930730560815,30634.0,0.035849793589084834,0.5391289469156757,0.00926548291989886,
h3k27ac,fold_a,20260806,1hop,coordinate_plus_frozen_sequence_fm,tissue,breast_epithelium,27212.0,25168.0,637.0,0.023408790239600175,27212.0,0.033737116542170965,0.5335716131738172,0.010575895215260821,
h3k27ac,fold_a,20260806,1hop,coordinate_plus_frozen_sequence_fm,tissue,coronary_artery,14768.0,13537.0,393.0,0.026611592632719394,14768.0,0.03116119664913301,0.4976754950768891,0.0046739862340449585,
h3k27ac,fold_a,20260806,1hop,coordinate_plus_frozen_sequence_fm,tissue,esophagus_muscularis_mucosa,46334.0,34161.0,1056.0,0.022791038977856434,46334.0,0.031802663584057964,0.549761994336001,0.009221798986345281,
h3k27ac,fold_a,20260806,1hop,coordinate_plus_frozen_sequence_fm,tissue,esophagus_squamous_epithelium,45399.0,35282.0,926.0,0.020396925042401814,45399.0,0.03223882127020295,0.5385389145033711,0.012088463716096145,
h3k27ac,fold_a,20260806,1hop,coordinate_plus_frozen_sequence_fm,tissue,gastrocnemius_medialis,82061.0,61775.0,2092.0,0.025493230645495423,82061.0,0.03559236483949452,0.5361765124234207,0.010363328928631841,
h3k27ac,fold_a,20260806,1hop,coordinate_plus_frozen_sequence_fm,tissue,gastroesophageal_sphincter,48836.0,37454.0,1204.0,0.02465394381194201,48836.0,0.03614012425563516,0.554533756934393,0.011776518058200342,
h3k27ac,fold_a,20260806,1hop,coordinate_plus_frozen_sequence_fm,tissue,heart_left_ventricle,12817.0,11737.0,335.0,0.026137161582273544,12817.0,0.025882139774904937,0.47347451972631627,-0.00026186624780030743,
h3k27ac,fold_a,20260806,1hop,coordinate_plus_frozen_sequence_fm,tissue,ovary,1718.0,1718.0,92.0,0.05355064027939464,1718.0,0.04041965105386232,0.34188325578907963,-0.013873948025500942,
h3k27ac,fold_a,20260806,1hop,coordinate_plus_frozen_sequence_fm,tissue,prostate_gland,20197.0,18123.0,386.0,0.01911174926969352,20197.0,0.039789196665607526,0.5776667879335367,0.02108032936526552,
h3k27ac,fold_a,20260806,1hop,coordinate_plus_frozen_sequence_fm,tissue,right_atrium_auricular_region,15568.0,14020.0,405.0,0.026014902363823228,15568.0,0.03163449501675514,0.48179340060234344,0.005769690590308248,
h3k27ac,fold_a,20260806,1hop,coordinate_plus_frozen_sequence_fm,tissue,right_lobe_of_liver,16649.0,16649.0,420.0,0.02522674034476545,16649.0,0.0336020506024913,0.5337744161685871,0.008592059922415287,
h3k27ac,fold_a,20260806,1hop,coordinate_plus_frozen_sequence_fm,tissue,sigmoid_colon,52572.0,39492.0,1277.0,0.024290496842425627,52572.0,0.040751757245931094,0.5685751563861683,0.016871067003276917,
h3k27ac,fold_a,20260806,1hop,coordinate_plus_frozen_sequence_fm,tissue,spleen,94006.0,69191.0,3103.0,0.033008531370338066,94006.0,0.04466665636952771,0.5242689695594716,0.0120560784426677,
h3k27ac,fold_a,20260806,1hop,coordinate_plus_frozen_sequence_fm,tissue,stomach,35056.0,26727.0,694.0,0.019796896394340485,35056.0,0.023978317302082233,0.521430666910217,0.00426587193241938,
h3k27ac,fold_a,20260806,1hop,coordinate_plus_frozen_sequence_fm,tissue,suprapubic_skin,6929.0,6929.0,133.0,0.01919468898831,6929.0,0.026007539439078405,0.538729106462448,0.0069461802197431245,
h3k27ac,fold_a,20260806,1hop,coordinate_plus_frozen_sequence_fm,tissue,testis,9670.0,8857.0,141.0,0.014581178903826267,9670.0,0.036619436038939274,0.5549673300391712,0.02236435580822151,
h3k27ac,fold_a,20260806,1hop,coordinate_plus_frozen_sequence_fm,tissue,thoracic_aorta,16411.0,14486.0,184.0,0.011211991956614466,16411.0,0.04089783403373818,0.5318884454518905,0.030022453585239247,
h3k27ac,fold_a,20260806,1hop,coordinate_plus_frozen_sequence_fm,tissue,thyroid_gland,29711.0,24548.0,610.0,0.02053111642152738,29711.0,0.0421685455006698,0.5230404453455207,0.022090981594117053,
h3k27ac,fold_a,20260806,1hop,coordinate_plus_frozen_sequence_fm,tissue,tibial_artery,25712.0,23525.0,436.0,0.016957062850031113,25712.0,0.02422226811169496,0.5110747530746794,0.0073905268906433305,
h3k27ac,fold_a,20260806,1hop,coordinate_plus_frozen_sequence_fm,tissue,tibial_nerve,27340.0,22868.0,507.0,0.01854425749817118,27340.0,0.026419006308596574,0.5121913749378783,0.008023539390937662,
h3k27ac,fold_a,20260806,1hop,coordinate_plus_frozen_sequence_fm,tissue,transverse_colon,70427.0,51816.0,1356.0,0.019253979297712526,70427.0,0.03340122262568431,0.5571044388124587,0.014424981625560206,
h3k27ac,fold_a,20260806,1hop,coordinate_plus_frozen_sequence_fm,tissue,upper_lobe_of_left_lung,24234.0,18803.0,633.0,0.026120326813567716,24234.0,0.03185140489942951,0.5025100350194013,0.0058847907433064155,
h3k27ac,fold_a,20260806,1hop,coordinate_plus_frozen_sequence_fm,tissue,uterus,25080.0,22367.0,694.0,0.02767145135566188,25080.0,0.040762654553566355,0.5529953407858385,0.013463765119471999,
h3k27ac,fold_a,20260806,1hop,coordinate_plus_frozen_sequence_fm,tissue,vagina,14034.0,12728.0,397.0,0.028288442354282458,14034.0,0.03120218439304686,0.4866569115103764,0.0029985668234963417,
h3k27ac,fold_a,20260806,1hop,coordinate_plus_frozen_sequence_fm_plus_frozen_pangenomefm,measurement_weight,all,853363.0,186587.0,20483.0,0.024002681156787907,853363.0,0.032400204328372324,0.5153245912669038,0.008604043279071166,
h3k27ac,fold_a,20260806,1hop,coordinate_plus_frozen_sequence_fm_plus_frozen_pangenomefm,equal_locus_weight,all,853363.0,186587.0,20483.0,0.02170470855268553,186587.0,0.03301818464293217,0.5559118190508591,0.01156447975284559,
h3k27ac,fold_a,20260806,1hop,coordinate_plus_frozen_sequence_fm_plus_frozen_pangenomefm,donor,ENC-001,236162.0,74084.0,5210.0,0.02206112753110153,236162.0,0.037301096549543125,0.544076783509917,0.015583764433012938,
h3k27ac,fold_a,20260806,1hop,coordinate_plus_frozen_sequence_fm_plus_frozen_pangenomefm,donor,ENC-002,187734.0,63386.0,3377.0,0.017988217371387175,187734.0,0.023720819038018558,0.5454743382954524,0.0058376098617539665,
h3k27ac,fold_a,20260806,1hop,coordinate_plus_frozen_sequence_fm_plus_frozen_pangenomefm,donor,ENC-003,205990.0,57184.0,5338.0,0.02591387931452983,205990.0,0.03169054908143523,0.45714050828618674,0.0059303480916454545,
h3k27ac,fold_a,20260806,1hop,coordinate_plus_frozen_sequence_fm_plus_frozen_pangenomefm,donor,ENC-004,223477.0,60806.0,6558.0,0.029345301753648027,223477.0,0.039741985491639445,0.5239903692652257,0.010711001303321093,
h3k27ac,fold_a,20260806,1hop,coordinate_plus_frozen_sequence_fm_plus_frozen_pangenomefm,tissue,Peyers_patch,28544.0,22776.0,772.0,0.027045964125560536,28544.0,0.030430946486895188,0.490487516222027,0.0034790773628811853,
h3k27ac,fold_a,20260806,1hop,coordinate_plus_frozen_sequence_fm_plus_frozen_pangenomefm,tissue,adrenal_gland,15283.0,12951.0,411.0,0.026892625793365176,15283.0,0.050976789099120595,0.4568351473531148,0.024749749045310656,
h3k27ac,fold_a,20260806,1hop,coordinate_plus_frozen_sequence_fm_plus_frozen_pangenomefm,tissue,ascending_aorta,16161.0,14687.0,367.0,0.022708990780273497,16161.0,0.02318760639173631,0.4655007299360741,0.0004897370455141519,
h3k27ac,fold_a,20260806,1hop,coordinate_plus_frozen_sequence_fm_plus_frozen_pangenomefm,tissue,body_of_pancreas,30634.0,25278.0,822.0,0.026832930730560815,30634.0,0.03440166663306079,0.5182393608217335,0.00777742706417497,
h3k27ac,fold_a,20260806,1hop,coordinate_plus_frozen_sequence_fm_plus_frozen_pangenomefm,tissue,breast_epithelium,27212.0,25168.0,637.0,0.023408790239600175,27212.0,0.03392959597942976,0.5031311223382182,0.010772988364712799,
h3k27ac,fold_a,20260806,1hop,coordinate_plus_frozen_sequence_fm_plus_frozen_pangenomefm,tissue,coronary_artery,14768.0,13537.0,393.0,0.026611592632719394,14768.0,0.030302971826904175,0.4587720765571413,0.0037922982914588414,
h3k27ac,fold_a,20260806,1hop,coordinate_plus_frozen_sequence_fm_plus_frozen_pangenomefm,tissue,esophagus_muscularis_mucosa,46334.0,34161.0,1056.0,0.022791038977856434,46334.0,0.030350989640878512,0.524227673199373,0.007736268254350124,
h3k27ac,fold_a,20260806,1hop,coordinate_plus_frozen_sequence_fm_plus_frozen_pangenomefm,tissue,esophagus_squamous_epithelium,45399.0,35282.0,926.0,0.020396925042401814,45399.0,0.032502048584433556,0.5192565450564103,0.012357171849992108,
h3k27ac,fold_a,20260806,1hop,coordinate_plus_frozen_sequence_fm_plus_frozen_pangenomefm,tissue,gastrocnemius_medialis,82061.0,61775.0,2092.0,0.025493230645495423,82061.0,0.035138074563648716,0.5207029644398294,0.00989715435690802,
h3k27ac,fold_a,20260806,1hop,coordinate_plus_frozen_sequence_fm_plus_frozen_pangenomefm,tissue,gastroesophageal_sphincter,48836.0,37454.0,1204.0,0.02465394381194201,48836.0,0.034174767127348585,0.5323371345319654,0.009761482352855127,
h3k27ac,fold_a,20260806,1hop,coordinate_plus_frozen_sequence_fm_plus_frozen_pangenomefm,tissue,heart_left_ventricle,12817.0,11737.0,335.0,0.026137161582273544,12817.0,0.026507870709597106,0.4561466422095579,0.00038065845897340895,
h3k27ac,fold_a,20260806,1hop,coordinate_plus_frozen_sequence_fm_plus_frozen_pangenomefm,tissue,ovary,1718.0,1718.0,92.0,0.05355064027939464,1718.0,0.0419939460323187,0.3635755922776619,-0.012210578546418492,
h3k27ac,fold_a,20260806,1hop,coordinate_plus_frozen_sequence_fm_plus_frozen_pangenomefm,tissue,prostate_gland,20197.0,18123.0,386.0,0.01911174926969352,20197.0,0.03127105332260431,0.549945233754315,0.01239621745276055,
h3k27ac,fold_a,20260806,1hop,coordinate_plus_frozen_sequence_fm_plus_frozen_pangenomefm,tissue,right_atrium_auricular_region,15568.0,14020.0,405.0,0.026014902363823228,15568.0,0.032699586005159306,0.4561995858990737,0.006863229897007193,
h3k27ac,fold_a,20260806,1hop,coordinate_plus_frozen_sequence_fm_plus_frozen_pangenomefm,tissue,right_lobe_of_liver,16649.0,16649.0,420.0,0.02522674034476545,16649.0,0.03298716789675615,0.499249359611982,0.007961264299284813,
h3k27ac,fold_a,20260806,1hop,coordinate_plus_frozen_sequence_fm_plus_frozen_pangenomefm,tissue,sigmoid_colon,52572.0,39492.0,1277.0,0.024290496842425627,52572.0,0.03945259756972081,0.5490691100497125,0.015539564468961155,
h3k27ac,fold_a,20260806,1hop,coordinate_plus_frozen_sequence_fm_plus_frozen_pangenomefm,tissue,spleen,94006.0,69191.0,3103.0,0.033008531370338066,94006.0,0.04633470864636751,0.5450205589169254,0.013781070162815573,
h3k27ac,fold_a,20260806,1hop,coordinate_plus_frozen_sequence_fm_plus_frozen_pangenomefm,tissue,stomach,35056.0,26727.0,694.0,0.019796896394340485,35056.0,0.022944358066095554,0.496438537845992,0.0032110301020035416,
h3k27ac,fold_a,20260806,1hop,coordinate_plus_frozen_sequence_fm_plus_frozen_pangenomefm,tissue,suprapubic_skin,6929.0,6929.0,133.0,0.01919468898831,6929.0,0.02321540397668584,0.5256696774307753,0.004099401729613917,
h3k27ac,fold_a,20260806,1hop,coordinate_plus_frozen_sequence_fm_plus_frozen_pangenomefm,tissue,testis,9670.0,8857.0,141.0,0.014581178903826267,9670.0,0.042364440873747085,0.540296176881472,0.028194369109994157,
h3k27ac,fold_a,20260806,1hop,coordinate_plus_frozen_sequence_fm_plus_frozen_pangenomefm,tissue,thoracic_aorta,16411.0,14486.0,184.0,0.011211991956614466,16411.0,0.042592886004749725,0.514893488040598,0.031736725964377134,
h3k27ac,fold_a,20260806,1hop,coordinate_plus_frozen_sequence_fm_plus_frozen_pangenomefm,tissue,thyroid_gland,29711.0,24548.0,610.0,0.02053111642152738,29711.0,0.041321287961922776,0.4956400011041252,0.021225964284275027,
h3k27ac,fold_a,20260806,1hop,coordinate_plus_frozen_sequence_fm_plus_frozen_pangenomefm,tissue,tibial_artery,25712.0,23525.0,436.0,0.016957062850031113,25712.0,0.024501750793869362,0.5016269467645995,0.007674830527455651,
h3k27ac,fold_a,20260806,1hop,coordinate_plus_frozen_sequence_fm_plus_frozen_pangenomefm,tissue,tibial_nerve,27340.0,22868.0,507.0,0.01854425749817118,27340.0,0.02557277928172041,0.49685736108596595,0.007161323205092087,
h3k27ac,fold_a,20260806,1hop,coordinate_plus_frozen_sequence_fm_plus_frozen_pangenomefm,tissue,transverse_colon,70427.0,51816.0,1356.0,0.019253979297712526,70427.0,0.032637759720364555,0.5407051384302989,0.013646530437175002,
h3k27ac,fold_a,20260806,1hop,coordinate_plus_frozen_sequence_fm_plus_frozen_pangenomefm,tissue,upper_lobe_of_left_lung,24234.0,18803.0,633.0,0.026120326813567716,24234.0,0.030458835829290272,0.49178010972705594,0.004454871720987264,
h3k27ac,fold_a,20260806,1hop,coordinate_plus_frozen_sequence_fm_plus_frozen_pangenomefm,tissue,uterus,25080.0,22367.0,694.0,0.02767145135566188,25080.0,0.041882547603106196,0.5186152304045573,0.014615529151394382,
h3k27ac,fold_a,20260806,1hop,coordinate_plus_frozen_sequence_fm_plus_frozen_pangenomefm,tissue,vagina,14034.0,12728.0,397.0,0.028288442354282458,14034.0,0.029840049057937582,0.4500959476635003,0.0015967770388718935,
h3k27ac,fold_a,20260806,strict,coordinate_plus_frozen_sequence_fm,measurement_weight,all,853363.0,186587.0,20483.0,0.024002681156787907,853363.0,0.03298577799655494,0.5304965287436729,0.00920401794793261,
h3k27ac,fold_a,20260806,strict,coordinate_plus_frozen_sequence_fm,equal_locus_weight,all,853363.0,186587.0,20483.0,0.02170470855268553,186587.0,0.03239182300993366,0.5523398606354097,0.010924221501094364,
h3k27ac,fold_a,20260806,strict,coordinate_plus_frozen_sequence_fm,donor,ENC-001,236162.0,74084.0,5210.0,0.02206112753110153,236162.0,0.0388485576812453,0.5476359367974295,0.017166134431043045,
h3k27ac,fold_a,20260806,strict,coordinate_plus_frozen_sequence_fm,donor,ENC-002,187734.0,63386.0,3377.0,0.017988217371387175,187734.0,0.02378459904940377,0.5517478296047666,0.0059025581775618355,
h3k27ac,fold_a,20260806,strict,coordinate_plus_frozen_sequence_fm,donor,ENC-003,205990.0,57184.0,5338.0,0.02591387931452983,205990.0,0.03365244994852209,0.5168399532884356,0.007944441943743722,
h3k27ac,fold_a,20260806,strict,coordinate_plus_frozen_sequence_fm,donor,ENC-004,223477.0,60806.0,6558.0,0.029345301753648027,223477.0,0.037704658896099974,0.517156510572167,0.00861208126592753,
h3k27ac,fold_a,20260806,strict,coordinate_plus_frozen_sequence_fm,tissue,Peyers_patch,28544.0,22776.0,772.0,0.027045964125560536,28544.0,0.031215770209275923,0.514236227974797,0.004285717443956935,
h3k27ac,fold_a,20260806,strict,coordinate_plus_frozen_sequence_fm,tissue,adrenal_gland,15283.0,12951.0,411.0,0.026892625793365176,15283.0,0.04557266140652498,0.4944112713975151,0.019196273821673028,
h3k27ac,fold_a,20260806,strict,coordinate_plus_frozen_sequence_fm,tissue,ascending_aorta,16161.0,14687.0,367.0,0.022708990780273497,16161.0,0.024334777101670372,0.4861937534310101,0.0016635641851396035,
h3k27ac,fold_a,20260806,strict,coordinate_plus_frozen_sequence_fm,tissue,body_of_pancreas,30634.0,25278.0,822.0,0.026832930730560815,30634.0,0.035849793589084834,0.5391289469156757,0.00926548291989886,
h3k27ac,fold_a,20260806,strict,coordinate_plus_frozen_sequence_fm,tissue,breast_epithelium,27212.0,25168.0,637.0,0.023408790239600175,27212.0,0.033737116542170965,0.5335716131738172,0.010575895215260821,
h3k27ac,fold_a,20260806,strict,coordinate_plus_frozen_sequence_fm,tissue,coronary_artery,14768.0,13537.0,393.0,0.026611592632719394,14768.0,0.03116119664913301,0.4976754950768891,0.0046739862340449585,
h3k27ac,fold_a,20260806,strict,coordinate_plus_frozen_sequence_fm,tissue,esophagus_muscularis_mucosa,46334.0,34161.0,1056.0,0.022791038977856434,46334.0,0.031802663584057964,0.549761994336001,0.009221798986345281,
h3k27ac,fold_a,20260806,strict,coordinate_plus_frozen_sequence_fm,tissue,esophagus_squamous_epithelium,45399.0,35282.0,926.0,0.020396925042401814,45399.0,0.03223882127020295,0.5385389145033711,0.012088463716096145,
h3k27ac,fold_a,20260806,strict,coordinate_plus_frozen_sequence_fm,tissue,gastrocnemius_medialis,82061.0,61775.0,2092.0,0.025493230645495423,82061.0,0.03559236483949452,0.5361765124234207,0.010363328928631841,
h3k27ac,fold_a,20260806,strict,coordinate_plus_frozen_sequence_fm,tissue,gastroesophageal_sphincter,48836.0,37454.0,1204.0,0.02465394381194201,48836.0,0.03614012425563516,0.554533756934393,0.011776518058200342,
h3k27ac,fold_a,20260806,strict,coordinate_plus_frozen_sequence_fm,tissue,heart_left_ventricle,12817.0,11737.0,335.0,0.026137161582273544,12817.0,0.025882139774904937,0.47347451972631627,-0.00026186624780030743,
h3k27ac,fold_a,20260806,strict,coordinate_plus_frozen_sequence_fm,tissue,ovary,1718.0,1718.0,92.0,0.05355064027939464,1718.0,0.04041965105386232,0.34188325578907963,-0.013873948025500942,
h3k27ac,fold_a,20260806,strict,coordinate_plus_frozen_sequence_fm,tissue,prostate_gland,20197.0,18123.0,386.0,0.01911174926969352,20197.0,0.039789196665607526,0.5776667879335367,0.02108032936526552,
h3k27ac,fold_a,20260806,strict,coordinate_plus_frozen_sequence_fm,tissue,right_atrium_auricular_region,15568.0,14020.0,405.0,0.026014902363823228,15568.0,0.03163449501675514,0.48179340060234344,0.005769690590308248,
h3k27ac,fold_a,20260806,strict,coordinate_plus_frozen_sequence_fm,tissue,right_lobe_of_liver,16649.0,16649.0,420.0,0.02522674034476545,16649.0,0.0336020506024913,0.5337744161685871,0.008592059922415287,
h3k27ac,fold_a,20260806,strict,coordinate_plus_frozen_sequence_fm,tissue,sigmoid_colon,52572.0,39492.0,1277.0,0.024290496842425627,52572.0,0.040751757245931094,0.5685751563861683,0.016871067003276917,
h3k27ac,fold_a,20260806,strict,coordinate_plus_frozen_sequence_fm,tissue,spleen,94006.0,69191.0,3103.0,0.033008531370338066,94006.0,0.04466665636952771,0.5242689695594716,0.0120560784426677,
h3k27ac,fold_a,20260806,strict,coordinate_plus_frozen_sequence_fm,tissue,stomach,35056.0,26727.0,694.0,0.019796896394340485,35056.0,0.023978317302082233,0.521430666910217,0.00426587193241938,
h3k27ac,fold_a,20260806,strict,coordinate_plus_frozen_sequence_fm,tissue,suprapubic_skin,6929.0,6929.0,133.0,0.01919468898831,6929.0,0.026007539439078405,0.538729106462448,0.0069461802197431245,
h3k27ac,fold_a,20260806,strict,coordinate_plus_frozen_sequence_fm,tissue,testis,9670.0,8857.0,141.0,0.014581178903826267,9670.0,0.036619436038939274,0.5549673300391712,0.02236435580822151,
h3k27ac,fold_a,20260806,strict,coordinate_plus_frozen_sequence_fm,tissue,thoracic_aorta,16411.0,14486.0,184.0,0.011211991956614466,16411.0,0.04089783403373818,0.5318884454518905,0.030022453585239247,
h3k27ac,fold_a,20260806,strict,coordinate_plus_frozen_sequence_fm,tissue,thyroid_gland,29711.0,24548.0,610.0,0.02053111642152738,29711.0,0.0421685455006698,0.5230404453455207,0.022090981594117053,
h3k27ac,fold_a,20260806,strict,coordinate_plus_frozen_sequence_fm,tissue,tibial_artery,25712.0,23525.0,436.0,0.016957062850031113,25712.0,0.02422226811169496,0.5110747530746794,0.0073905268906433305,
h3k27ac,fold_a,20260806,strict,coordinate_plus_frozen_sequence_fm,tissue,tibial_nerve,27340.0,22868.0,507.0,0.01854425749817118,27340.0,0.026419006308596574,0.5121913749378783,0.008023539390937662,
h3k27ac,fold_a,20260806,strict,coordinate_plus_frozen_sequence_fm,tissue,transverse_colon,70427.0,51816.0,1356.0,0.019253979297712526,70427.0,0.03340122262568431,0.5571044388124587,0.014424981625560206,
h3k27ac,fold_a,20260806,strict,coordinate_plus_frozen_sequence_fm,tissue,upper_lobe_of_left_lung,24234.0,18803.0,633.0,0.026120326813567716,24234.0,0.03185140489942951,0.5025100350194013,0.0058847907433064155,
h3k27ac,fold_a,20260806,strict,coordinate_plus_frozen_sequence_fm,tissue,uterus,25080.0,22367.0,694.0,0.02767145135566188,25080.0,0.040762654553566355,0.5529953407858385,0.013463765119471999,
h3k27ac,fold_a,20260806,strict,coordinate_plus_frozen_sequence_fm,tissue,vagina,14034.0,12728.0,397.0,0.028288442354282458,14034.0,0.03120218439304686,0.4866569115103764,0.0029985668234963417,
h3k27ac,fold_a,20260806,strict,coordinate_plus_frozen_sequence_fm_plus_frozen_pangenomefm,measurement_weight,all,853363.0,186587.0,20483.0,0.024002681156787907,853363.0,0.03384685777576008,0.5411763577572989,0.010086274243703718,
h3k27ac,fold_a,20260806,strict,coordinate_plus_frozen_sequence_fm_plus_frozen_pangenomefm,equal_locus_weight,all,853363.0,186587.0,20483.0,0.02170470855268553,186587.0,0.03632021038381229,0.57568744233194,0.01493976507799013,
h3k27ac,fold_a,20260806,strict,coordinate_plus_frozen_sequence_fm_plus_frozen_pangenomefm,donor,ENC-001,236162.0,74084.0,5210.0,0.02206112753110153,236162.0,0.038426136735527694,0.5622158556565234,0.016734184175654213,
h3k27ac,fold_a,20260806,strict,coordinate_plus_frozen_sequence_fm_plus_frozen_pangenomefm,donor,ENC-002,187734.0,63386.0,3377.0,0.017988217371387175,187734.0,0.02544073559540493,0.5726625772427363,0.007589031369938484,
h3k27ac,fold_a,20260806,strict,coordinate_plus_frozen_sequence_fm_plus_frozen_pangenomefm,donor,ENC-003,205990.0,57184.0,5338.0,0.02591387931452983,205990.0,0.0321297028496868,0.5125332858306424,0.006381184787627259,
h3k27ac,fold_a,20260806,strict,coordinate_plus_frozen_sequence_fm_plus_frozen_pangenomefm,donor,ENC-004,223477.0,60806.0,6558.0,0.029345301753648027,223477.0,0.041106786112726786,0.5297667825805139,0.012117063236110455,
h3k27ac,fold_a,20260806,strict,coordinate_plus_frozen_sequence_fm_plus_frozen_pangenomefm,tissue,Peyers_patch,28544.0,22776.0,772.0,0.027045964125560536,28544.0,0.0327037952921739,0.5220009259335268,0.005815106323628538,
h3k27ac,fold_a,20260806,strict,coordinate_plus_frozen_sequence_fm_plus_frozen_pangenomefm,tissue,adrenal_gland,15283.0,12951.0,411.0,0.026892625793365176,15283.0,0.04603716638994847,0.49474223839046977,0.01967361578386111,
h3k27ac,fold_a,20260806,strict,coordinate_plus_frozen_sequence_fm_plus_frozen_pangenomefm,tissue,ascending_aorta,16161.0,14687.0,367.0,0.022708990780273497,16161.0,0.02305774711069823,0.47420717141921587,0.0003568602669364369,
h3k27ac,fold_a,20260806,strict,coordinate_plus_frozen_sequence_fm_plus_frozen_pangenomefm,tissue,body_of_pancreas,30634.0,25278.0,822.0,0.026832930730560815,30634.0,0.03576650739344119,0.5373355917684317,0.009179900291516083,
h3k27ac,fold_a,20260806,strict,coordinate_plus_frozen_sequence_fm_plus_frozen_pangenomefm,tissue,breast_epithelium,27212.0,25168.0,637.0,0.023408790239600175,27212.0,0.03446626531744158,0.5260626968784474,0.011322521611221839,
h3k27ac,fold_a,20260806,strict,coordinate_plus_frozen_sequence_fm_plus_frozen_pangenomefm,tissue,coronary_artery,14768.0,13537.0,393.0,0.026611592632719394,14768.0,0.029628538640015325,0.48793795773868787,0.003099426687704091,
h3k27ac,fold_a,20260806,strict,coordinate_plus_frozen_sequence_fm_plus_frozen_pangenomefm,tissue,esophagus_muscularis_mucosa,46334.0,34161.0,1056.0,0.022791038977856434,46334.0,0.03198804849253714,0.5443736911664906,0.00941150755009532,
h3k27ac,fold_a,20260806,strict,coordinate_plus_frozen_sequence_fm_plus_frozen_pangenomefm,tissue,esophagus_squamous_epithelium,45399.0,35282.0,926.0,0.020396925042401814,45399.0,0.03204615427338674,0.5464713611029751,0.011891785079879579,
h3k27ac,fold_a,20260806,strict,coordinate_plus_frozen_sequence_fm_plus_frozen_pangenomefm,tissue,gastrocnemius_medialis,82061.0,61775.0,2092.0,0.025493230645495423,82061.0,0.03596786866857994,0.5349602966369353,0.010748655989350106,
h3k27ac,fold_a,20260806,strict,coordinate_plus_frozen_sequence_fm_plus_frozen_pangenomefm,tissue,gastroesophageal_sphincter,48836.0,37454.0,1204.0,0.02465394381194201,48836.0,0.03636139584714295,0.5478786804872795,0.012003382759302005,
h3k27ac,fold_a,20260806,strict,coordinate_plus_frozen_sequence_fm_plus_frozen_pangenomefm,tissue,heart_left_ventricle,12817.0,11737.0,335.0,0.026137161582273544,12817.0,0.026972608985814578,0.4790775731979424,0.0008578696820369673,
h3k27ac,fold_a,20260806,strict,coordinate_plus_frozen_sequence_fm_plus_frozen_pangenomefm,tissue,ovary,1718.0,1718.0,92.0,0.05355064027939464,1718.0,0.041438619573159,0.3536686453821061,-0.012797325690844298,
h3k27ac,fold_a,20260806,strict,coordinate_plus_frozen_sequence_fm_plus_frozen_pangenomefm,tissue,prostate_gland,20197.0,18123.0,386.0,0.01911174926969352,20197.0,0.03401691461069167,0.5680711872270678,0.015195579445365693,
h3k27ac,fold_a,20260806,strict,coordinate_plus_frozen_sequence_fm_plus_frozen_pangenomefm,tissue,right_atrium_auricular_region,15568.0,14020.0,405.0,0.026014902363823228,15568.0,0.03008511869883608,0.477265484614514,0.004178930812074134,
h3k27ac,fold_a,20260806,strict,coordinate_plus_frozen_sequence_fm_plus_frozen_pangenomefm,tissue,right_lobe_of_liver,16649.0,16649.0,420.0,0.02522674034476545,16649.0,0.035151696086408744,0.5467017449656553,0.010181809608886512,
h3k27ac,fold_a,20260806,strict,coordinate_plus_frozen_sequence_fm_plus_frozen_pangenomefm,tissue,sigmoid_colon,52572.0,39492.0,1277.0,0.024290496842425627,52572.0,0.04039783519071993,0.5636699460480982,0.016508333982776652,
h3k27ac,fold_a,20260806,strict,coordinate_plus_frozen_sequence_fm_plus_frozen_pangenomefm,tissue,spleen,94006.0,69191.0,3103.0,0.033008531370338066,94006.0,0.05278314134030136,0.5824827464535838,0.020449621957871242,
h3k27ac,fold_a,20260806,strict,coordinate_plus_frozen_sequence_fm_plus_frozen_pangenomefm,tissue,stomach,35056.0,26727.0,694.0,0.019796896394340485,35056.0,0.024006022680898263,0.5239208515136434,0.004294136869261669,
h3k27ac,fold_a,20260806,strict,coordinate_plus_frozen_sequence_fm_plus_frozen_pangenomefm,tissue,suprapubic_skin,6929.0,6929.0,133.0,0.01919468898831,6929.0,0.025156594990540414,0.557884558364717,0.006078582502862645,
h3k27ac,fold_a,20260806,strict,coordinate_plus_frozen_sequence_fm_plus_frozen_pangenomefm,tissue,testis,9670.0,8857.0,141.0,0.014581178903826267,9670.0,0.03147174835958824,0.5668437297417588,0.017140498125429563,
h3k27ac,fold_a,20260806,strict,coordinate_plus_frozen_sequence_fm_plus_frozen_pangenomefm,tissue,thoracic_aorta,16411.0,14486.0,184.0,0.011211991956614466,16411.0,0.031129786784818314,0.5509739872622388,0.02014364521634642,
h3k27ac,fold_a,20260806,strict,coordinate_plus_frozen_sequence_fm_plus_frozen_pangenomefm,tissue,thyroid_gland,29711.0,24548.0,610.0,0.02053111642152738,29711.0,0.044842408973636644,0.5249638201830706,0.024820893200086538,
h3k27ac,fold_a,20260806,strict,coordinate_plus_frozen_sequence_fm_plus_frozen_pangenomefm,tissue,tibial_artery,25712.0,23525.0,436.0,0.016957062850031113,25712.0,0.02287477861449081,0.5314758551826368,0.006019793786033697,
h3k27ac,fold_a,20260806,strict,coordinate_plus_frozen_sequence_fm_plus_frozen_pangenomefm,tissue,tibial_nerve,27340.0,22868.0,507.0,0.01854425749817118,27340.0,0.025054708267718648,0.520204925916607,0.0066334634233752385,
h3k27ac,fold_a,20260806,strict,coordinate_plus_frozen_sequence_fm_plus_frozen_pangenomefm,tissue,transverse_colon,70427.0,51816.0,1356.0,0.019253979297712526,70427.0,0.032439613813211185,0.5663624619256941,0.013444494534942654,
h3k27ac,fold_a,20260806,strict,coordinate_plus_frozen_sequence_fm_plus_frozen_pangenomefm,tissue,upper_lobe_of_left_lung,24234.0,18803.0,633.0,0.026120326813567716,24234.0,0.03513576150377181,0.5262719140679569,0.009257236739223169,
h3k27ac,fold_a,20260806,strict,coordinate_plus_frozen_sequence_fm_plus_frozen_pangenomefm,tissue,uterus,25080.0,22367.0,694.0,0.02767145135566188,25080.0,0.04127704339098921,0.5374947027526306,0.013992792924055173,
h3k27ac,fold_a,20260806,strict,coordinate_plus_frozen_sequence_fm_plus_frozen_pangenomefm,tissue,vagina,14034.0,12728.0,397.0,0.028288442354282458,14034.0,0.0300485587195233,0.48359515682719023,0.001811356828465938,
h3k27ac,fold_a,314159,1hop,coordinate_plus_frozen_sequence_fm,measurement_weight,all,853363.0,186587.0,20483.0,0.024002681156787907,853363.0,0.03298577799655494,0.5304965287436729,0.00920401794793261,
h3k27ac,fold_a,314159,1hop,coordinate_plus_frozen_sequence_fm,equal_locus_weight,all,853363.0,186587.0,20483.0,0.02170470855268553,186587.0,0.03239182300993366,0.5523398606354097,0.010924221501094364,
h3k27ac,fold_a,314159,1hop,coordinate_plus_frozen_sequence_fm,donor,ENC-001,236162.0,74084.0,5210.0,0.02206112753110153,236162.0,0.0388485576812453,0.5476359367974295,0.017166134431043045,
h3k27ac,fold_a,314159,1hop,coordinate_plus_frozen_sequence_fm,donor,ENC-002,187734.0,63386.0,3377.0,0.017988217371387175,187734.0,0.02378459904940377,0.5517478296047666,0.0059025581775618355,
h3k27ac,fold_a,314159,1hop,coordinate_plus_frozen_sequence_fm,donor,ENC-003,205990.0,57184.0,5338.0,0.02591387931452983,205990.0,0.03365244994852209,0.5168399532884356,0.007944441943743722,
h3k27ac,fold_a,314159,1hop,coordinate_plus_frozen_sequence_fm,donor,ENC-004,223477.0,60806.0,6558.0,0.029345301753648027,223477.0,0.037704658896099974,0.517156510572167,0.00861208126592753,
h3k27ac,fold_a,314159,1hop,coordinate_plus_frozen_sequence_fm,tissue,Peyers_patch,28544.0,22776.0,772.0,0.027045964125560536,28544.0,0.031215770209275923,0.514236227974797,0.004285717443956935,
h3k27ac,fold_a,314159,1hop,coordinate_plus_frozen_sequence_fm,tissue,adrenal_gland,15283.0,12951.0,411.0,0.026892625793365176,15283.0,0.04557266140652498,0.4944112713975151,0.019196273821673028,
h3k27ac,fold_a,314159,1hop,coordinate_plus_frozen_sequence_fm,tissue,ascending_aorta,16161.0,14687.0,367.0,0.022708990780273497,16161.0,0.024334777101670372,0.4861937534310101,0.0016635641851396035,
h3k27ac,fold_a,314159,1hop,coordinate_plus_frozen_sequence_fm,tissue,body_of_pancreas,30634.0,25278.0,822.0,0.026832930730560815,30634.0,0.035849793589084834,0.5391289469156757,0.00926548291989886,
h3k27ac,fold_a,314159,1hop,coordinate_plus_frozen_sequence_fm,tissue,breast_epithelium,27212.0,25168.0,637.0,0.023408790239600175,27212.0,0.033737116542170965,0.5335716131738172,0.010575895215260821,
h3k27ac,fold_a,314159,1hop,coordinate_plus_frozen_sequence_fm,tissue,coronary_artery,14768.0,13537.0,393.0,0.026611592632719394,14768.0,0.03116119664913301,0.4976754950768891,0.0046739862340449585,
h3k27ac,fold_a,314159,1hop,coordinate_plus_frozen_sequence_fm,tissue,esophagus_muscularis_mucosa,46334.0,34161.0,1056.0,0.022791038977856434,46334.0,0.031802663584057964,0.549761994336001,0.009221798986345281,
h3k27ac,fold_a,314159,1hop,coordinate_plus_frozen_sequence_fm,tissue,esophagus_squamous_epithelium,45399.0,35282.0,926.0,0.020396925042401814,45399.0,0.03223882127020295,0.5385389145033711,0.012088463716096145,
h3k27ac,fold_a,314159,1hop,coordinate_plus_frozen_sequence_fm,tissue,gastrocnemius_medialis,82061.0,61775.0,2092.0,0.025493230645495423,82061.0,0.03559236483949452,0.5361765124234207,0.010363328928631841,
h3k27ac,fold_a,314159,1hop,coordinate_plus_frozen_sequence_fm,tissue,gastroesophageal_sphincter,48836.0,37454.0,1204.0,0.02465394381194201,48836.0,0.03614012425563516,0.554533756934393,0.011776518058200342,
h3k27ac,fold_a,314159,1hop,coordinate_plus_frozen_sequence_fm,tissue,heart_left_ventricle,12817.0,11737.0,335.0,0.026137161582273544,12817.0,0.025882139774904937,0.47347451972631627,-0.00026186624780030743,
h3k27ac,fold_a,314159,1hop,coordinate_plus_frozen_sequence_fm,tissue,ovary,1718.0,1718.0,92.0,0.05355064027939464,1718.0,0.04041965105386232,0.34188325578907963,-0.013873948025500942,
h3k27ac,fold_a,314159,1hop,coordinate_plus_frozen_sequence_fm,tissue,prostate_gland,20197.0,18123.0,386.0,0.01911174926969352,20197.0,0.039789196665607526,0.5776667879335367,0.02108032936526552,
h3k27ac,fold_a,314159,1hop,coordinate_plus_frozen_sequence_fm,tissue,right_atrium_auricular_region,15568.0,14020.0,405.0,0.026014902363823228,15568.0,0.03163449501675514,0.48179340060234344,0.005769690590308248,
h3k27ac,fold_a,314159,1hop,coordinate_plus_frozen_sequence_fm,tissue,right_lobe_of_liver,16649.0,16649.0,420.0,0.02522674034476545,16649.0,0.0336020506024913,0.5337744161685871,0.008592059922415287,
h3k27ac,fold_a,314159,1hop,coordinate_plus_frozen_sequence_fm,tissue,sigmoid_colon,52572.0,39492.0,1277.0,0.024290496842425627,52572.0,0.040751757245931094,0.5685751563861683,0.016871067003276917,
h3k27ac,fold_a,314159,1hop,coordinate_plus_frozen_sequence_fm,tissue,spleen,94006.0,69191.0,3103.0,0.033008531370338066,94006.0,0.04466665636952771,0.5242689695594716,0.0120560784426677,
h3k27ac,fold_a,314159,1hop,coordinate_plus_frozen_sequence_fm,tissue,stomach,35056.0,26727.0,694.0,0.019796896394340485,35056.0,0.023978317302082233,0.521430666910217,0.00426587193241938,
h3k27ac,fold_a,314159,1hop,coordinate_plus_frozen_sequence_fm,tissue,suprapubic_skin,6929.0,6929.0,133.0,0.01919468898831,6929.0,0.026007539439078405,0.538729106462448,0.0069461802197431245,
h3k27ac,fold_a,314159,1hop,coordinate_plus_frozen_sequence_fm,tissue,testis,9670.0,8857.0,141.0,0.014581178903826267,9670.0,0.036619436038939274,0.5549673300391712,0.02236435580822151,
h3k27ac,fold_a,314159,1hop,coordinate_plus_frozen_sequence_fm,tissue,thoracic_aorta,16411.0,14486.0,184.0,0.011211991956614466,16411.0,0.04089783403373818,0.5318884454518905,0.030022453585239247,
h3k27ac,fold_a,314159,1hop,coordinate_plus_frozen_sequence_fm,tissue,thyroid_gland,29711.0,24548.0,610.0,0.02053111642152738,29711.0,0.0421685455006698,0.5230404453455207,0.022090981594117053,
h3k27ac,fold_a,314159,1hop,coordinate_plus_frozen_sequence_fm,tissue,tibial_artery,25712.0,23525.0,436.0,0.016957062850031113,25712.0,0.02422226811169496,0.5110747530746794,0.0073905268906433305,
h3k27ac,fold_a,314159,1hop,coordinate_plus_frozen_sequence_fm,tissue,tibial_nerve,27340.0,22868.0,507.0,0.01854425749817118,27340.0,0.026419006308596574,0.5121913749378783,0.008023539390937662,
h3k27ac,fold_a,314159,1hop,coordinate_plus_frozen_sequence_fm,tissue,transverse_colon,70427.0,51816.0,1356.0,0.019253979297712526,70427.0,0.03340122262568431,0.5571044388124587,0.014424981625560206,
h3k27ac,fold_a,314159,1hop,coordinate_plus_frozen_sequence_fm,tissue,upper_lobe_of_left_lung,24234.0,18803.0,633.0,0.026120326813567716,24234.0,0.03185140489942951,0.5025100350194013,0.0058847907433064155,
h3k27ac,fold_a,314159,1hop,coordinate_plus_frozen_sequence_fm,tissue,uterus,25080.0,22367.0,694.0,0.02767145135566188,25080.0,0.040762654553566355,0.5529953407858385,0.013463765119471999,
h3k27ac,fold_a,314159,1hop,coordinate_plus_frozen_sequence_fm,tissue,vagina,14034.0,12728.0,397.0,0.028288442354282458,14034.0,0.03120218439304686,0.4866569115103764,0.0029985668234963417,
h3k27ac,fold_a,314159,1hop,coordinate_plus_frozen_sequence_fm_plus_frozen_pangenomefm,measurement_weight,all,853363.0,186587.0,20483.0,0.024002681156787907,853363.0,0.0332749805922663,0.5338421989957791,0.009500332896885684,
h3k27ac,fold_a,314159,1hop,coordinate_plus_frozen_sequence_fm_plus_frozen_pangenomefm,equal_locus_weight,all,853363.0,186587.0,20483.0,0.02170470855268553,186587.0,0.03307138996813183,0.5609962283801496,0.011618865504943962,
h3k27ac,fold_a,314159,1hop,coordinate_plus_frozen_sequence_fm_plus_frozen_pangenomefm,donor,ENC-001,236162.0,74084.0,5210.0,0.02206112753110153,236162.0,0.036965044821026964,0.5458613380889477,0.015240131780730932,
h3k27ac,fold_a,314159,1hop,coordinate_plus_frozen_sequence_fm_plus_frozen_pangenomefm,donor,ENC-002,187734.0,63386.0,3377.0,0.017988217371387175,187734.0,0.023636069383614497,0.549747753594475,0.005751307786867241,
h3k27ac,fold_a,314159,1hop,coordinate_plus_frozen_sequence_fm_plus_frozen_pangenomefm,donor,ENC-003,205990.0,57184.0,5338.0,0.02591387931452983,205990.0,0.03711489136898579,0.5406939912976241,0.01149899563970149,
h3k27ac,fold_a,314159,1hop,coordinate_plus_frozen_sequence_fm_plus_frozen_pangenomefm,donor,ENC-004,223477.0,60806.0,6558.0,0.029345301753648027,223477.0,0.03772498212814291,0.5100408746854028,0.008633018919739594,
h3k27ac,fold_a,314159,1hop,coordinate_plus_frozen_sequence_fm_plus_frozen_pangenomefm,tissue,Peyers_patch,28544.0,22776.0,772.0,0.027045964125560536,28544.0,0.031017290403743267,0.5107252178919537,0.004081720340070858,
h3k27ac,fold_a,314159,1hop,coordinate_plus_frozen_sequence_fm_plus_frozen_pangenomefm,tissue,adrenal_gland,15283.0,12951.0,411.0,0.026892625793365176,15283.0,0.05038794318628938,0.5024416791331445,0.02414462988946077,
h3k27ac,fold_a,314159,1hop,coordinate_plus_frozen_sequence_fm_plus_frozen_pangenomefm,tissue,ascending_aorta,16161.0,14687.0,367.0,0.022708990780273497,16161.0,0.02474629983076349,0.49342531344465995,0.0020846493329725693,
h3k27ac,fold_a,314159,1hop,coordinate_plus_frozen_sequence_fm_plus_frozen_pangenomefm,tissue,body_of_pancreas,30634.0,25278.0,822.0,0.026832930730560815,30634.0,0.035237960126951184,0.5278652140600153,0.008636779502516524,
h3k27ac,fold_a,314159,1hop,coordinate_plus_frozen_sequence_fm_plus_frozen_pangenomefm,tissue,breast_epithelium,27212.0,25168.0,637.0,0.023408790239600175,27212.0,0.03529985141175246,0.5364283720579917,0.012176088677953263,
h3k27ac,fold_a,314159,1hop,coordinate_plus_frozen_sequence_fm_plus_frozen_pangenomefm,tissue,coronary_artery,14768.0,13537.0,393.0,0.026611592632719394,14768.0,0.03324733447132147,0.5116963380904967,0.006817157250259164,
h3k27ac,fold_a,314159,1hop,coordinate_plus_frozen_sequence_fm_plus_frozen_pangenomefm,tissue,esophagus_muscularis_mucosa,46334.0,34161.0,1056.0,0.022791038977856434,46334.0,0.03128622976305721,0.546585050921111,0.00869332059369877,
h3k27ac,fold_a,314159,1hop,coordinate_plus_frozen_sequence_fm_plus_frozen_pangenomefm,tissue,esophagus_squamous_epithelium,45399.0,35282.0,926.0,0.020396925042401814,45399.0,0.03314554463635357,0.5369931662859098,0.013014066533533063,
h3k27ac,fold_a,314159,1hop,coordinate_plus_frozen_sequence_fm_plus_frozen_pangenomefm,tissue,gastrocnemius_medialis,82061.0,61775.0,2092.0,0.025493230645495423,82061.0,0.03464829638094442,0.5355740562182951,0.009394563509818554,
h3k27ac,fold_a,314159,1hop,coordinate_plus_frozen_sequence_fm_plus_frozen_pangenomefm,tissue,gastroesophageal_sphincter,48836.0,37454.0,1204.0,0.02465394381194201,48836.0,0.03451229656819507,0.5466965485387975,0.01010754356744152,
h3k27ac,fold_a,314159,1hop,coordinate_plus_frozen_sequence_fm_plus_frozen_pangenomefm,tissue,heart_left_ventricle,12817.0,11737.0,335.0,0.026137161582273544,12817.0,0.027645971386294085,0.4894552633404041,0.0015493042187254666,
h3k27ac,fold_a,314159,1hop,coordinate_plus_frozen_sequence_fm_plus_frozen_pangenomefm,tissue,ovary,1718.0,1718.0,92.0,0.05355064027939464,1718.0,0.04285807286694709,0.3718447510562062,-0.011297558926558978,
h3k27ac,fold_a,314159,1hop,coordinate_plus_frozen_sequence_fm_plus_frozen_pangenomefm,tissue,prostate_gland,20197.0,18123.0,386.0,0.01911174926969352,20197.0,0.03748944906364955,0.5660394222814927,0.018735773193606076,
h3k27ac,fold_a,314159,1hop,coordinate_plus_frozen_sequence_fm_plus_frozen_pangenomefm,tissue,right_atrium_auricular_region,15568.0,14020.0,405.0,0.026014902363823228,15568.0,0.03153164993788253,0.47475319633643626,0.005664098544678179,
h3k27ac,fold_a,314159,1hop,coordinate_plus_frozen_sequence_fm_plus_frozen_pangenomefm,tissue,right_lobe_of_liver,16649.0,16649.0,420.0,0.02522674034476545,16649.0,0.03806344406773437,0.5597050694083783,0.013168912458174227,
h3k27ac,fold_a,314159,1hop,coordinate_plus_frozen_sequence_fm_plus_frozen_pangenomefm,tissue,sigmoid_colon,52572.0,39492.0,1277.0,0.024290496842425627,52572.0,0.040132083892180426,0.5630354782167698,0.01623596674880026,
h3k27ac,fold_a,314159,1hop,coordinate_plus_frozen_sequence_fm_plus_frozen_pangenomefm,tissue,spleen,94006.0,69191.0,3103.0,0.033008531370338066,94006.0,0.04644783978988433,0.5446065192523233,0.013898063070392243,
h3k27ac,fold_a,314159,1hop,coordinate_plus_frozen_sequence_fm_plus_frozen_pangenomefm,tissue,stomach,35056.0,26727.0,694.0,0.019796896394340485,35056.0,0.023917894250271524,0.5145099883307191,0.0042042285326092345,
h3k27ac,fold_a,314159,1hop,coordinate_plus_frozen_sequence_fm_plus_frozen_pangenomefm,tissue,suprapubic_skin,6929.0,6929.0,133.0,0.01919468898831,6929.0,0.02491852105920213,0.5353027211938026,0.005835849384816297,
h3k27ac,fold_a,314159,1hop,coordinate_plus_frozen_sequence_fm_plus_frozen_pangenomefm,tissue,testis,9670.0,8857.0,141.0,0.014581178903826267,9670.0,0.033469281898052046,0.5502099228261024,0.019167589039160802,
h3k27ac,fold_a,314159,1hop,coordinate_plus_frozen_sequence_fm_plus_frozen_pangenomefm,tissue,thoracic_aorta,16411.0,14486.0,184.0,0.011211991956614466,16411.0,0.041625740960084937,0.528169469295672,0.03075861434004769,
h3k27ac,fold_a,314159,1hop,coordinate_plus_frozen_sequence_fm_plus_frozen_pangenomefm,tissue,thyroid_gland,29711.0,24548.0,610.0,0.02053111642152738,29711.0,0.04667895370156263,0.5260499751853493,0.026695934621735584,
h3k27ac,fold_a,314159,1hop,coordinate_plus_frozen_sequence_fm_plus_frozen_pangenomefm,tissue,tibial_artery,25712.0,23525.0,436.0,0.016957062850031113,25712.0,0.021981006274196545,0.5157258816791067,0.0051106042618350046,
h3k27ac,fold_a,314159,1hop,coordinate_plus_frozen_sequence_fm_plus_frozen_pangenomefm,tissue,tibial_nerve,27340.0,22868.0,507.0,0.01854425749817118,27340.0,0.025762582687894976,0.5075335200238806,0.007354712879180434,
h3k27ac,fold_a,314159,1hop,coordinate_plus_frozen_sequence_fm_plus_frozen_pangenomefm,tissue,transverse_colon,70427.0,51816.0,1356.0,0.019253979297712526,70427.0,0.03369258610524088,0.559899284302771,0.014722065145050738,
h3k27ac,fold_a,314159,1hop,coordinate_plus_frozen_sequence_fm_plus_frozen_pangenomefm,tissue,upper_lobe_of_left_lung,24234.0,18803.0,633.0,0.026120326813567716,24234.0,0.03225769972453707,0.5039164471636909,0.0063019827602403,
h3k27ac,fold_a,314159,1hop,coordinate_plus_frozen_sequence_fm_plus_frozen_pangenomefm,tissue,uterus,25080.0,22367.0,694.0,0.02767145135566188,25080.0,0.04354012337713445,0.5603635666611755,0.016320277794576066,
h3k27ac,fold_a,314159,1hop,coordinate_plus_frozen_sequence_fm_plus_frozen_pangenomefm,tissue,vagina,14034.0,12728.0,397.0,0.028288442354282458,14034.0,0.03265365460725296,0.4980426270283709,0.004492292201964364,
h3k27ac,fold_a,314159,strict,coordinate_plus_frozen_sequence_fm,measurement_weight,all,853363.0,186587.0,20483.0,0.024002681156787907,853363.0,0.03298577799655494,0.5304965287436729,0.00920401794793261,
h3k27ac,fold_a,314159,strict,coordinate_plus_frozen_sequence_fm,equal_locus_weight,all,853363.0,186587.0,20483.0,0.02170470855268553,186587.0,0.03239182300993366,0.5523398606354097,0.010924221501094364,
h3k27ac,fold_a,314159,strict,coordinate_plus_frozen_sequence_fm,donor,ENC-001,236162.0,74084.0,5210.0,0.02206112753110153,236162.0,0.0388485576812453,0.5476359367974295,0.017166134431043045,
h3k27ac,fold_a,314159,strict,coordinate_plus_frozen_sequence_fm,donor,ENC-002,187734.0,63386.0,3377.0,0.017988217371387175,187734.0,0.02378459904940377,0.5517478296047666,0.0059025581775618355,
h3k27ac,fold_a,314159,strict,coordinate_plus_frozen_sequence_fm,donor,ENC-003,205990.0,57184.0,5338.0,0.02591387931452983,205990.0,0.03365244994852209,0.5168399532884356,0.007944441943743722,
h3k27ac,fold_a,314159,strict,coordinate_plus_frozen_sequence_fm,donor,ENC-004,223477.0,60806.0,6558.0,0.029345301753648027,223477.0,0.037704658896099974,0.517156510572167,0.00861208126592753,
h3k27ac,fold_a,314159,strict,coordinate_plus_frozen_sequence_fm,tissue,Peyers_patch,28544.0,22776.0,772.0,0.027045964125560536,28544.0,0.031215770209275923,0.514236227974797,0.004285717443956935,
h3k27ac,fold_a,314159,strict,coordinate_plus_frozen_sequence_fm,tissue,adrenal_gland,15283.0,12951.0,411.0,0.026892625793365176,15283.0,0.04557266140652498,0.4944112713975151,0.019196273821673028,
h3k27ac,fold_a,314159,strict,coordinate_plus_frozen_sequence_fm,tissue,ascending_aorta,16161.0,14687.0,367.0,0.022708990780273497,16161.0,0.024334777101670372,0.4861937534310101,0.0016635641851396035,
h3k27ac,fold_a,314159,strict,coordinate_plus_frozen_sequence_fm,tissue,body_of_pancreas,30634.0,25278.0,822.0,0.026832930730560815,30634.0,0.035849793589084834,0.5391289469156757,0.00926548291989886,
h3k27ac,fold_a,314159,strict,coordinate_plus_frozen_sequence_fm,tissue,breast_epithelium,27212.0,25168.0,637.0,0.023408790239600175,27212.0,0.033737116542170965,0.5335716131738172,0.010575895215260821,
h3k27ac,fold_a,314159,strict,coordinate_plus_frozen_sequence_fm,tissue,coronary_artery,14768.0,13537.0,393.0,0.026611592632719394,14768.0,0.03116119664913301,0.4976754950768891,0.0046739862340449585,
h3k27ac,fold_a,314159,strict,coordinate_plus_frozen_sequence_fm,tissue,esophagus_muscularis_mucosa,46334.0,34161.0,1056.0,0.022791038977856434,46334.0,0.031802663584057964,0.549761994336001,0.009221798986345281,
h3k27ac,fold_a,314159,strict,coordinate_plus_frozen_sequence_fm,tissue,esophagus_squamous_epithelium,45399.0,35282.0,926.0,0.020396925042401814,45399.0,0.03223882127020295,0.5385389145033711,0.012088463716096145,
h3k27ac,fold_a,314159,strict,coordinate_plus_frozen_sequence_fm,tissue,gastrocnemius_medialis,82061.0,61775.0,2092.0,0.025493230645495423,82061.0,0.03559236483949452,0.5361765124234207,0.010363328928631841,
h3k27ac,fold_a,314159,strict,coordinate_plus_frozen_sequence_fm,tissue,gastroesophageal_sphincter,48836.0,37454.0,1204.0,0.02465394381194201,48836.0,0.03614012425563516,0.554533756934393,0.011776518058200342,
h3k27ac,fold_a,314159,strict,coordinate_plus_frozen_sequence_fm,tissue,heart_left_ventricle,12817.0,11737.0,335.0,0.026137161582273544,12817.0,0.025882139774904937,0.47347451972631627,-0.00026186624780030743,
h3k27ac,fold_a,314159,strict,coordinate_plus_frozen_sequence_fm,tissue,ovary,1718.0,1718.0,92.0,0.05355064027939464,1718.0,0.04041965105386232,0.34188325578907963,-0.013873948025500942,
h3k27ac,fold_a,314159,strict,coordinate_plus_frozen_sequence_fm,tissue,prostate_gland,20197.0,18123.0,386.0,0.01911174926969352,20197.0,0.039789196665607526,0.5776667879335367,0.02108032936526552,
h3k27ac,fold_a,314159,strict,coordinate_plus_frozen_sequence_fm,tissue,right_atrium_auricular_region,15568.0,14020.0,405.0,0.026014902363823228,15568.0,0.03163449501675514,0.48179340060234344,0.005769690590308248,
h3k27ac,fold_a,314159,strict,coordinate_plus_frozen_sequence_fm,tissue,right_lobe_of_liver,16649.0,16649.0,420.0,0.02522674034476545,16649.0,0.0336020506024913,0.5337744161685871,0.008592059922415287,
h3k27ac,fold_a,314159,strict,coordinate_plus_frozen_sequence_fm,tissue,sigmoid_colon,52572.0,39492.0,1277.0,0.024290496842425627,52572.0,0.040751757245931094,0.5685751563861683,0.016871067003276917,
h3k27ac,fold_a,314159,strict,coordinate_plus_frozen_sequence_fm,tissue,spleen,94006.0,69191.0,3103.0,0.033008531370338066,94006.0,0.04466665636952771,0.5242689695594716,0.0120560784426677,
h3k27ac,fold_a,314159,strict,coordinate_plus_frozen_sequence_fm,tissue,stomach,35056.0,26727.0,694.0,0.019796896394340485,35056.0,0.023978317302082233,0.521430666910217,0.00426587193241938,
h3k27ac,fold_a,314159,strict,coordinate_plus_frozen_sequence_fm,tissue,suprapubic_skin,6929.0,6929.0,133.0,0.01919468898831,6929.0,0.026007539439078405,0.538729106462448,0.0069461802197431245,
h3k27ac,fold_a,314159,strict,coordinate_plus_frozen_sequence_fm,tissue,testis,9670.0,8857.0,141.0,0.014581178903826267,9670.0,0.036619436038939274,0.5549673300391712,0.02236435580822151,
h3k27ac,fold_a,314159,strict,coordinate_plus_frozen_sequence_fm,tissue,thoracic_aorta,16411.0,14486.0,184.0,0.011211991956614466,16411.0,0.04089783403373818,0.5318884454518905,0.030022453585239247,
h3k27ac,fold_a,314159,strict,coordinate_plus_frozen_sequence_fm,tissue,thyroid_gland,29711.0,24548.0,610.0,0.02053111642152738,29711.0,0.0421685455006698,0.5230404453455207,0.022090981594117053,
h3k27ac,fold_a,314159,strict,coordinate_plus_frozen_sequence_fm,tissue,tibial_artery,25712.0,23525.0,436.0,0.016957062850031113,25712.0,0.02422226811169496,0.5110747530746794,0.0073905268906433305,
h3k27ac,fold_a,314159,strict,coordinate_plus_frozen_sequence_fm,tissue,tibial_nerve,27340.0,22868.0,507.0,0.01854425749817118,27340.0,0.026419006308596574,0.5121913749378783,0.008023539390937662,
h3k27ac,fold_a,314159,strict,coordinate_plus_frozen_sequence_fm,tissue,transverse_colon,70427.0,51816.0,1356.0,0.019253979297712526,70427.0,0.03340122262568431,0.5571044388124587,0.014424981625560206,
h3k27ac,fold_a,314159,strict,coordinate_plus_frozen_sequence_fm,tissue,upper_lobe_of_left_lung,24234.0,18803.0,633.0,0.026120326813567716,24234.0,0.03185140489942951,0.5025100350194013,0.0058847907433064155,
h3k27ac,fold_a,314159,strict,coordinate_plus_frozen_sequence_fm,tissue,uterus,25080.0,22367.0,694.0,0.02767145135566188,25080.0,0.040762654553566355,0.5529953407858385,0.013463765119471999,
h3k27ac,fold_a,314159,strict,coordinate_plus_frozen_sequence_fm,tissue,vagina,14034.0,12728.0,397.0,0.028288442354282458,14034.0,0.03120218439304686,0.4866569115103764,0.0029985668234963417,
h3k27ac,fold_a,314159,strict,coordinate_plus_frozen_sequence_fm_plus_frozen_pangenomefm,measurement_weight,all,853363.0,186587.0,20483.0,0.024002681156787907,853363.0,0.03239717105381704,0.5319561034582688,0.008600935407259713,
h3k27ac,fold_a,314159,strict,coordinate_plus_frozen_sequence_fm_plus_frozen_pangenomefm,equal_locus_weight,all,853363.0,186587.0,20483.0,0.02170470855268553,186587.0,0.03467805190925345,0.56749066417053,0.01326117325718172,
h3k27ac,fold_a,314159,strict,coordinate_plus_frozen_sequence_fm_plus_frozen_pangenomefm,donor,ENC-001,236162.0,74084.0,5210.0,0.02206112753110153,236162.0,0.03732455526239924,0.5473093681205636,0.015607752346282902,
h3k27ac,fold_a,314159,strict,coordinate_plus_frozen_sequence_fm_plus_frozen_pangenomefm,donor,ENC-002,187734.0,63386.0,3377.0,0.017988217371387175,187734.0,0.024181024817771617,0.5567726773581461,0.006306245562357473,
h3k27ac,fold_a,314159,strict,coordinate_plus_frozen_sequence_fm_plus_frozen_pangenomefm,donor,ENC-003,205990.0,57184.0,5338.0,0.02591387931452983,205990.0,0.03086010529908424,0.5127063195302161,0.005077811786368252,
h3k27ac,fold_a,314159,strict,coordinate_plus_frozen_sequence_fm_plus_frozen_pangenomefm,donor,ENC-004,223477.0,60806.0,6558.0,0.029345301753648027,223477.0,0.03866364597264258,0.5207596631486398,0.009600060903047894,
h3k27ac,fold_a,314159,strict,coordinate_plus_frozen_sequence_fm_plus_frozen_pangenomefm,tissue,Peyers_patch,28544.0,22776.0,772.0,0.027045964125560536,28544.0,0.029960028169536163,0.5050642994882831,0.002995068560825301,
h3k27ac,fold_a,314159,strict,coordinate_plus_frozen_sequence_fm_plus_frozen_pangenomefm,tissue,adrenal_gland,15283.0,12951.0,411.0,0.026892625793365176,15283.0,0.04392856263906987,0.49555681311015387,0.017506739027225986,
h3k27ac,fold_a,314159,strict,coordinate_plus_frozen_sequence_fm_plus_frozen_pangenomefm,tissue,ascending_aorta,16161.0,14687.0,367.0,0.022708990780273497,16161.0,0.0235338831053507,0.47892975948166433,0.0008440600775973574,
h3k27ac,fold_a,314159,strict,coordinate_plus_frozen_sequence_fm_plus_frozen_pangenomefm,tissue,body_of_pancreas,30634.0,25278.0,822.0,0.026832930730560815,30634.0,0.03422693335753364,0.5282338257296413,0.007597875904826433,
h3k27ac,fold_a,314159,strict,coordinate_plus_frozen_sequence_fm_plus_frozen_pangenomefm,tissue,breast_epithelium,27212.0,25168.0,637.0,0.023408790239600175,27212.0,0.033458835230928546,0.5287583052614635,0.010290943529784671,
h3k27ac,fold_a,314159,strict,coordinate_plus_frozen_sequence_fm_plus_frozen_pangenomefm,tissue,coronary_artery,14768.0,13537.0,393.0,0.026611592632719394,14768.0,0.029473743721928375,0.4892756278349375,0.0029403998111609203,
h3k27ac,fold_a,314159,strict,coordinate_plus_frozen_sequence_fm_plus_frozen_pangenomefm,tissue,esophagus_muscularis_mucosa,46334.0,34161.0,1056.0,0.022791038977856434,46334.0,0.029550786709658057,0.540615301915975,0.0069174025223131845,
h3k27ac,fold_a,314159,strict,coordinate_plus_frozen_sequence_fm_plus_frozen_pangenomefm,tissue,esophagus_squamous_epithelium,45399.0,35282.0,926.0,0.020396925042401814,45399.0,0.032204862845858113,0.5370737354705325,0.012053798222272222,
h3k27ac,fold_a,314159,strict,coordinate_plus_frozen_sequence_fm_plus_frozen_pangenomefm,tissue,gastrocnemius_medialis,82061.0,61775.0,2092.0,0.025493230645495423,82061.0,0.033509050147276856,0.5319738920342149,0.008225514438541012,
h3k27ac,fold_a,314159,strict,coordinate_plus_frozen_sequence_fm_plus_frozen_pangenomefm,tissue,gastroesophageal_sphincter,48836.0,37454.0,1204.0,0.02465394381194201,48836.0,0.03452484953662134,0.543308516595114,0.010120413838815076,
h3k27ac,fold_a,314159,strict,coordinate_plus_frozen_sequence_fm_plus_frozen_pangenomefm,tissue,heart_left_ventricle,12817.0,11737.0,335.0,0.026137161582273544,12817.0,0.025197485864016475,0.4741008544841886,-0.0009648953437670933,
h3k27ac,fold_a,314159,strict,coordinate_plus_frozen_sequence_fm_plus_frozen_pangenomefm,tissue,ovary,1718.0,1718.0,92.0,0.05355064027939464,1718.0,0.04215062849708485,0.3617105192791058,-0.01204503089914405,
h3k27ac,fold_a,314159,strict,coordinate_plus_frozen_sequence_fm_plus_frozen_pangenomefm,tissue,prostate_gland,20197.0,18123.0,386.0,0.01911174926969352,20197.0,0.04107051327365858,0.5542122409097578,0.02238661130624816,
h3k27ac,fold_a,314159,strict,coordinate_plus_frozen_sequence_fm_plus_frozen_pangenomefm,tissue,right_atrium_auricular_region,15568.0,14020.0,405.0,0.026014902363823228,15568.0,0.03010832272668242,0.48485983180304887,0.004202754613796207,
h3k27ac,fold_a,314159,strict,coordinate_plus_frozen_sequence_fm_plus_frozen_pangenomefm,tissue,right_lobe_of_liver,16649.0,16649.0,420.0,0.02522674034476545,16649.0,0.033748293722874245,0.535634695679985,0.008742087756000575,
h3k27ac,fold_a,314159,strict,coordinate_plus_frozen_sequence_fm_plus_frozen_pangenomefm,tissue,sigmoid_colon,52572.0,39492.0,1277.0,0.024290496842425627,52572.0,0.038957933093895385,0.5600722722367731,0.015032585215172397,
h3k27ac,fold_a,314159,strict,coordinate_plus_frozen_sequence_fm_plus_frozen_pangenomefm,tissue,spleen,94006.0,69191.0,3103.0,0.033008531370338066,94006.0,0.047417414362900666,0.557124975133566,0.014900734349788673,
h3k27ac,fold_a,314159,strict,coordinate_plus_frozen_sequence_fm_plus_frozen_pangenomefm,tissue,stomach,35056.0,26727.0,694.0,0.019796896394340485,35056.0,0.023368538986027115,0.515510691640974,0.003643778088998501,
h3k27ac,fold_a,314159,strict,coordinate_plus_frozen_sequence_fm_plus_frozen_pangenomefm,tissue,suprapubic_skin,6929.0,6929.0,133.0,0.01919468898831,6929.0,0.026953188263398237,0.5441281249031938,0.007910335708812005,
h3k27ac,fold_a,314159,strict,coordinate_plus_frozen_sequence_fm_plus_frozen_pangenomefm,tissue,testis,9670.0,8857.0,141.0,0.014581178903826267,9670.0,0.03128487506704685,0.5583173128091998,0.016950859680799985,
h3k27ac,fold_a,314159,strict,coordinate_plus_frozen_sequence_fm_plus_frozen_pangenomefm,tissue,thoracic_aorta,16411.0,14486.0,184.0,0.011211991956614466,16411.0,0.024880187909048654,0.5203500405925712,0.013823181350551394,
h3k27ac,fold_a,314159,strict,coordinate_plus_frozen_sequence_fm_plus_frozen_pangenomefm,tissue,thyroid_gland,29711.0,24548.0,610.0,0.02053111642152738,29711.0,0.0439165103616158,0.5234253118449538,0.023875586383765746,
h3k27ac,fold_a,314159,strict,coordinate_plus_frozen_sequence_fm_plus_frozen_pangenomefm,tissue,tibial_artery,25712.0,23525.0,436.0,0.016957062850031113,25712.0,0.02138280811589116,0.5231199393557511,0.004502087445631965,
h3k27ac,fold_a,314159,strict,coordinate_plus_frozen_sequence_fm_plus_frozen_pangenomefm,tissue,tibial_nerve,27340.0,22868.0,507.0,0.01854425749817118,27340.0,0.025008268431874016,0.5122841395141002,0.006586146123334534,
h3k27ac,fold_a,314159,strict,coordinate_plus_frozen_sequence_fm_plus_frozen_pangenomefm,tissue,transverse_colon,70427.0,51816.0,1356.0,0.019253979297712526,70427.0,0.03201705281051896,0.5494595435529146,0.013013637826098058,
h3k27ac,fold_a,314159,strict,coordinate_plus_frozen_sequence_fm_plus_frozen_pangenomefm,tissue,upper_lobe_of_left_lung,24234.0,18803.0,633.0,0.026120326813567716,24234.0,0.03476250385682261,0.5154016220026556,0.008873967987214066,
h3k27ac,fold_a,314159,strict,coordinate_plus_frozen_sequence_fm_plus_frozen_pangenomefm,tissue,uterus,25080.0,22367.0,694.0,0.02767145135566188,25080.0,0.040053912645749826,0.5454675179763699,0.01273485315982144,
h3k27ac,fold_a,314159,strict,coordinate_plus_frozen_sequence_fm_plus_frozen_pangenomefm,tissue,vagina,14034.0,12728.0,397.0,0.028288442354282458,14034.0,0.029019171889657955,0.4785481379466775,0.000752002515176338,
h3k27ac,fold_a,42,1hop,coordinate_plus_frozen_sequence_fm,measurement_weight,all,853363.0,186587.0,20483.0,0.024002681156787907,853363.0,0.03298577799655494,0.5304965287436729,0.00920401794793261,
h3k27ac,fold_a,42,1hop,coordinate_plus_frozen_sequence_fm,equal_locus_weight,all,853363.0,186587.0,20483.0,0.02170470855268553,186587.0,0.03239182300993366,0.5523398606354097,0.010924221501094364,
h3k27ac,fold_a,42,1hop,coordinate_plus_frozen_sequence_fm,donor,ENC-001,236162.0,74084.0,5210.0,0.02206112753110153,236162.0,0.0388485576812453,0.5476359367974295,0.017166134431043045,
h3k27ac,fold_a,42,1hop,coordinate_plus_frozen_sequence_fm,donor,ENC-002,187734.0,63386.0,3377.0,0.017988217371387175,187734.0,0.02378459904940377,0.5517478296047666,0.0059025581775618355,
h3k27ac,fold_a,42,1hop,coordinate_plus_frozen_sequence_fm,donor,ENC-003,205990.0,57184.0,5338.0,0.02591387931452983,205990.0,0.03365244994852209,0.5168399532884356,0.007944441943743722,
h3k27ac,fold_a,42,1hop,coordinate_plus_frozen_sequence_fm,donor,ENC-004,223477.0,60806.0,6558.0,0.029345301753648027,223477.0,0.037704658896099974,0.517156510572167,0.00861208126592753,
h3k27ac,fold_a,42,1hop,coordinate_plus_frozen_sequence_fm,tissue,Peyers_patch,28544.0,22776.0,772.0,0.027045964125560536,28544.0,0.031215770209275923,0.514236227974797,0.004285717443956935,
h3k27ac,fold_a,42,1hop,coordinate_plus_frozen_sequence_fm,tissue,adrenal_gland,15283.0,12951.0,411.0,0.026892625793365176,15283.0,0.04557266140652498,0.4944112713975151,0.019196273821673028,
h3k27ac,fold_a,42,1hop,coordinate_plus_frozen_sequence_fm,tissue,ascending_aorta,16161.0,14687.0,367.0,0.022708990780273497,16161.0,0.024334777101670372,0.4861937534310101,0.0016635641851396035,
h3k27ac,fold_a,42,1hop,coordinate_plus_frozen_sequence_fm,tissue,body_of_pancreas,30634.0,25278.0,822.0,0.026832930730560815,30634.0,0.035849793589084834,0.5391289469156757,0.00926548291989886,
h3k27ac,fold_a,42,1hop,coordinate_plus_frozen_sequence_fm,tissue,breast_epithelium,27212.0,25168.0,637.0,0.023408790239600175,27212.0,0.033737116542170965,0.5335716131738172,0.010575895215260821,
h3k27ac,fold_a,42,1hop,coordinate_plus_frozen_sequence_fm,tissue,coronary_artery,14768.0,13537.0,393.0,0.026611592632719394,14768.0,0.03116119664913301,0.4976754950768891,0.0046739862340449585,
h3k27ac,fold_a,42,1hop,coordinate_plus_frozen_sequence_fm,tissue,esophagus_muscularis_mucosa,46334.0,34161.0,1056.0,0.022791038977856434,46334.0,0.031802663584057964,0.549761994336001,0.009221798986345281,
h3k27ac,fold_a,42,1hop,coordinate_plus_frozen_sequence_fm,tissue,esophagus_squamous_epithelium,45399.0,35282.0,926.0,0.020396925042401814,45399.0,0.03223882127020295,0.5385389145033711,0.012088463716096145,
h3k27ac,fold_a,42,1hop,coordinate_plus_frozen_sequence_fm,tissue,gastrocnemius_medialis,82061.0,61775.0,2092.0,0.025493230645495423,82061.0,0.03559236483949452,0.5361765124234207,0.010363328928631841,
h3k27ac,fold_a,42,1hop,coordinate_plus_frozen_sequence_fm,tissue,gastroesophageal_sphincter,48836.0,37454.0,1204.0,0.02465394381194201,48836.0,0.03614012425563516,0.554533756934393,0.011776518058200342,
h3k27ac,fold_a,42,1hop,coordinate_plus_frozen_sequence_fm,tissue,heart_left_ventricle,12817.0,11737.0,335.0,0.026137161582273544,12817.0,0.025882139774904937,0.47347451972631627,-0.00026186624780030743,
h3k27ac,fold_a,42,1hop,coordinate_plus_frozen_sequence_fm,tissue,ovary,1718.0,1718.0,92.0,0.05355064027939464,1718.0,0.04041965105386232,0.34188325578907963,-0.013873948025500942,
h3k27ac,fold_a,42,1hop,coordinate_plus_frozen_sequence_fm,tissue,prostate_gland,20197.0,18123.0,386.0,0.01911174926969352,20197.0,0.039789196665607526,0.5776667879335367,0.02108032936526552,
h3k27ac,fold_a,42,1hop,coordinate_plus_frozen_sequence_fm,tissue,right_atrium_auricular_region,15568.0,14020.0,405.0,0.026014902363823228,15568.0,0.03163449501675514,0.48179340060234344,0.005769690590308248,
h3k27ac,fold_a,42,1hop,coordinate_plus_frozen_sequence_fm,tissue,right_lobe_of_liver,16649.0,16649.0,420.0,0.02522674034476545,16649.0,0.0336020506024913,0.5337744161685871,0.008592059922415287,
h3k27ac,fold_a,42,1hop,coordinate_plus_frozen_sequence_fm,tissue,sigmoid_colon,52572.0,39492.0,1277.0,0.024290496842425627,52572.0,0.040751757245931094,0.5685751563861683,0.016871067003276917,
h3k27ac,fold_a,42,1hop,coordinate_plus_frozen_sequence_fm,tissue,spleen,94006.0,69191.0,3103.0,0.033008531370338066,94006.0,0.04466665636952771,0.5242689695594716,0.0120560784426677,
h3k27ac,fold_a,42,1hop,coordinate_plus_frozen_sequence_fm,tissue,stomach,35056.0,26727.0,694.0,0.019796896394340485,35056.0,0.023978317302082233,0.521430666910217,0.00426587193241938,
h3k27ac,fold_a,42,1hop,coordinate_plus_frozen_sequence_fm,tissue,suprapubic_skin,6929.0,6929.0,133.0,0.01919468898831,6929.0,0.026007539439078405,0.538729106462448,0.0069461802197431245,
h3k27ac,fold_a,42,1hop,coordinate_plus_frozen_sequence_fm,tissue,testis,9670.0,8857.0,141.0,0.014581178903826267,9670.0,0.036619436038939274,0.5549673300391712,0.02236435580822151,
h3k27ac,fold_a,42,1hop,coordinate_plus_frozen_sequence_fm,tissue,thoracic_aorta,16411.0,14486.0,184.0,0.011211991956614466,16411.0,0.04089783403373818,0.5318884454518905,0.030022453585239247,
h3k27ac,fold_a,42,1hop,coordinate_plus_frozen_sequence_fm,tissue,thyroid_gland,29711.0,24548.0,610.0,0.02053111642152738,29711.0,0.0421685455006698,0.5230404453455207,0.022090981594117053,
h3k27ac,fold_a,42,1hop,coordinate_plus_frozen_sequence_fm,tissue,tibial_artery,25712.0,23525.0,436.0,0.016957062850031113,25712.0,0.02422226811169496,0.5110747530746794,0.0073905268906433305,
h3k27ac,fold_a,42,1hop,coordinate_plus_frozen_sequence_fm,tissue,tibial_nerve,27340.0,22868.0,507.0,0.01854425749817118,27340.0,0.026419006308596574,0.5121913749378783,0.008023539390937662,
h3k27ac,fold_a,42,1hop,coordinate_plus_frozen_sequence_fm,tissue,transverse_colon,70427.0,51816.0,1356.0,0.019253979297712526,70427.0,0.03340122262568431,0.5571044388124587,0.014424981625560206,
h3k27ac,fold_a,42,1hop,coordinate_plus_frozen_sequence_fm,tissue,upper_lobe_of_left_lung,24234.0,18803.0,633.0,0.026120326813567716,24234.0,0.03185140489942951,0.5025100350194013,0.0058847907433064155,
h3k27ac,fold_a,42,1hop,coordinate_plus_frozen_sequence_fm,tissue,uterus,25080.0,22367.0,694.0,0.02767145135566188,25080.0,0.040762654553566355,0.5529953407858385,0.013463765119471999,
h3k27ac,fold_a,42,1hop,coordinate_plus_frozen_sequence_fm,tissue,vagina,14034.0,12728.0,397.0,0.028288442354282458,14034.0,0.03120218439304686,0.4866569115103764,0.0029985668234963417,
h3k27ac,fold_a,42,1hop,coordinate_plus_frozen_sequence_fm_plus_frozen_pangenomefm,measurement_weight,all,853363.0,186587.0,20483.0,0.024002681156787907,853363.0,0.03461603718289209,0.5418355987258396,0.01087437006351977,
h3k27ac,fold_a,42,1hop,coordinate_plus_frozen_sequence_fm_plus_frozen_pangenomefm,equal_locus_weight,all,853363.0,186587.0,20483.0,0.02170470855268553,186587.0,0.03454255301542099,0.5702973511354618,0.013122668150372913,
h3k27ac,fold_a,42,1hop,coordinate_plus_frozen_sequence_fm_plus_frozen_pangenomefm,donor,ENC-001,236162.0,74084.0,5210.0,0.02206112753110153,236162.0,0.03755677943965594,0.5455909206217058,0.01584521522233203,
h3k27ac,fold_a,42,1hop,coordinate_plus_frozen_sequence_fm_plus_frozen_pangenomefm,donor,ENC-002,187734.0,63386.0,3377.0,0.017988217371387175,187734.0,0.02362108135968894,0.5507883992489762,0.005736045216508424,
h3k27ac,fold_a,42,1hop,coordinate_plus_frozen_sequence_fm_plus_frozen_pangenomefm,donor,ENC-003,205990.0,57184.0,5338.0,0.02591387931452983,205990.0,0.03776196240601305,0.5505101551781209,0.012163280884390034,
h3k27ac,fold_a,42,1hop,coordinate_plus_frozen_sequence_fm_plus_frozen_pangenomefm,donor,ENC-004,223477.0,60806.0,6558.0,0.029345301753648027,223477.0,0.04167902083044972,0.5258182232757315,0.012706598030262042,
h3k27ac,fold_a,42,1hop,coordinate_plus_frozen_sequence_fm_plus_frozen_pangenomefm,tissue,Peyers_patch,28544.0,22776.0,772.0,0.027045964125560536,28544.0,0.03199903829011322,0.5206968204827018,0.005090758640104845,
h3k27ac,fold_a,42,1hop,coordinate_plus_frozen_sequence_fm_plus_frozen_pangenomefm,tissue,adrenal_gland,15283.0,12951.0,411.0,0.026892625793365176,15283.0,0.05441757653418069,0.5176092272877786,0.028285625482240687,
h3k27ac,fold_a,42,1hop,coordinate_plus_frozen_sequence_fm_plus_frozen_pangenomefm,tissue,ascending_aorta,16161.0,14687.0,367.0,0.022708990780273497,16161.0,0.025658410181160086,0.49944784674896375,0.003017954092549587,
h3k27ac,fold_a,42,1hop,coordinate_plus_frozen_sequence_fm_plus_frozen_pangenomefm,tissue,body_of_pancreas,30634.0,25278.0,822.0,0.026832930730560815,30634.0,0.03767697238993062,0.5401232965839782,0.011143042137164046,
h3k27ac,fold_a,42,1hop,coordinate_plus_frozen_sequence_fm_plus_frozen_pangenomefm,tissue,breast_epithelium,27212.0,25168.0,637.0,0.023408790239600175,27212.0,0.03720043454139118,0.5537142443633506,0.014122228588535722,
h3k27ac,fold_a,42,1hop,coordinate_plus_frozen_sequence_fm_plus_frozen_pangenomefm,tissue,coronary_artery,14768.0,13537.0,393.0,0.026611592632719394,14768.0,0.03333709921754885,0.5215013165173139,0.006909376086592096,
h3k27ac,fold_a,42,1hop,coordinate_plus_frozen_sequence_fm_plus_frozen_pangenomefm,tissue,esophagus_muscularis_mucosa,46334.0,34161.0,1056.0,0.022791038977856434,46334.0,0.032678089567325715,0.5510329829390688,0.01011764216644882,
h3k27ac,fold_a,42,1hop,coordinate_plus_frozen_sequence_fm_plus_frozen_pangenomefm,tissue,esophagus_squamous_epithelium,45399.0,35282.0,926.0,0.020396925042401814,45399.0,0.03472801737798216,0.5441736945351705,0.014629488924583727,
h3k27ac,fold_a,42,1hop,coordinate_plus_frozen_sequence_fm_plus_frozen_pangenomefm,tissue,gastrocnemius_medialis,82061.0,61775.0,2092.0,0.025493230645495423,82061.0,0.03695139962216169,0.5426359765078184,0.011757916247473531,
h3k27ac,fold_a,42,1hop,coordinate_plus_frozen_sequence_fm_plus_frozen_pangenomefm,tissue,gastroesophageal_sphincter,48836.0,37454.0,1204.0,0.02465394381194201,48836.0,0.037161967724093886,0.5529924203639865,0.01282419079135558,
h3k27ac,fold_a,42,1hop,coordinate_plus_frozen_sequence_fm_plus_frozen_pangenomefm,tissue,heart_left_ventricle,12817.0,11737.0,335.0,0.026137161582273544,12817.0,0.02817432025826125,0.49262424458384246,0.0020918332599050155,
h3k27ac,fold_a,42,1hop,coordinate_plus_frozen_sequence_fm_plus_frozen_pangenomefm,tissue,ovary,1718.0,1718.0,92.0,0.05355064027939464,1718.0,0.04199247890590441,0.36114230707524464,-0.012212128683675414,
h3k27ac,fold_a,42,1hop,coordinate_plus_frozen_sequence_fm_plus_frozen_pangenomefm,tissue,prostate_gland,20197.0,18123.0,386.0,0.01911174926969352,20197.0,0.035245935374157884,0.5717694780442016,0.01644854660299161,
h3k27ac,fold_a,42,1hop,coordinate_plus_frozen_sequence_fm_plus_frozen_pangenomefm,tissue,right_atrium_auricular_region,15568.0,14020.0,405.0,0.026014902363823228,15568.0,0.03605223559700547,0.5083984487906315,0.010305427934721435,
h3k27ac,fold_a,42,1hop,coordinate_plus_frozen_sequence_fm_plus_frozen_pangenomefm,tissue,right_lobe_of_liver,16649.0,16649.0,420.0,0.02522674034476545,16649.0,0.03674393118619595,0.5684137596131558,0.011815251113375832,
h3k27ac,fold_a,42,1hop,coordinate_plus_frozen_sequence_fm_plus_frozen_pangenomefm,tissue,sigmoid_colon,52572.0,39492.0,1277.0,0.024290496842425627,52572.0,0.0405759725070438,0.5686862187892703,0.016690906065704385,
h3k27ac,fold_a,42,1hop,coordinate_plus_frozen_sequence_fm_plus_frozen_pangenomefm,tissue,spleen,94006.0,69191.0,3103.0,0.033008531370338066,94006.0,0.04904057934522303,0.5594086100900568,0.016579306534735223,
h3k27ac,fold_a,42,1hop,coordinate_plus_frozen_sequence_fm_plus_frozen_pangenomefm,tissue,stomach,35056.0,26727.0,694.0,0.019796896394340485,35056.0,0.024277355160639235,0.5225748040820509,0.00457094937754988,
h3k27ac,fold_a,42,1hop,coordinate_plus_frozen_sequence_fm_plus_frozen_pangenomefm,tissue,suprapubic_skin,6929.0,6929.0,133.0,0.01919468898831,6929.0,0.024937732995878533,0.5126334818800975,0.005855437305538899,
h3k27ac,fold_a,42,1hop,coordinate_plus_frozen_sequence_fm_plus_frozen_pangenomefm,tissue,testis,9670.0,8857.0,141.0,0.014581178903826267,9670.0,0.030870640152441654,0.5335035490763916,0.01653049535881108,
h3k27ac,fold_a,42,1hop,coordinate_plus_frozen_sequence_fm_plus_frozen_pangenomefm,tissue,thoracic_aorta,16411.0,14486.0,184.0,0.011211991956614466,16411.0,0.03641772523076195,0.5052733501062373,0.025491544263390297,
h3k27ac,fold_a,42,1hop,coordinate_plus_frozen_sequence_fm_plus_frozen_pangenomefm,tissue,thyroid_gland,29711.0,24548.0,610.0,0.02053111642152738,29711.0,0.044380028457303045,0.5423422157201516,0.024348820504275823,
h3k27ac,fold_a,42,1hop,coordinate_plus_frozen_sequence_fm_plus_frozen_pangenomefm,tissue,tibial_artery,25712.0,23525.0,436.0,0.016957062850031113,25712.0,0.02247831082137481,0.49052987132152776,0.005616487096027422,
h3k27ac,fold_a,42,1hop,coordinate_plus_frozen_sequence_fm_plus_frozen_pangenomefm,tissue,tibial_nerve,27340.0,22868.0,507.0,0.01854425749817118,27340.0,0.025457718329126463,0.5099515367569343,0.007044088216685329,
h3k27ac,fold_a,42,1hop,coordinate_plus_frozen_sequence_fm_plus_frozen_pangenomefm,tissue,transverse_colon,70427.0,51816.0,1356.0,0.019253979297712526,70427.0,0.03377979616935037,0.5618843521238396,0.014810987314775207,
h3k27ac,fold_a,42,1hop,coordinate_plus_frozen_sequence_fm_plus_frozen_pangenomefm,tissue,upper_lobe_of_left_lung,24234.0,18803.0,633.0,0.026120326813567716,24234.0,0.03437360269446653,0.5148304825223287,0.008474636146676066,
h3k27ac,fold_a,42,1hop,coordinate_plus_frozen_sequence_fm_plus_frozen_pangenomefm,tissue,uterus,25080.0,22367.0,694.0,0.02767145135566188,25080.0,0.044421805746468736,0.5610219852605939,0.017227051920012955,
h3k27ac,fold_a,42,1hop,coordinate_plus_frozen_sequence_fm_plus_frozen_pangenomefm,tissue,vagina,14034.0,12728.0,397.0,0.028288442354282458,14034.0,0.03383522245585527,0.5074754026172313,0.0057082578239695545,
h3k27ac,fold_a,42,strict,coordinate_plus_frozen_sequence_fm,measurement_weight,all,853363.0,186587.0,20483.0,0.024002681156787907,853363.0,0.03298577799655494,0.5304965287436729,0.00920401794793261,
h3k27ac,fold_a,42,strict,coordinate_plus_frozen_sequence_fm,equal_locus_weight,all,853363.0,186587.0,20483.0,0.02170470855268553,186587.0,0.03239182300993366,0.5523398606354097,0.010924221501094364,
h3k27ac,fold_a,42,strict,coordinate_plus_frozen_sequence_fm,donor,ENC-001,236162.0,74084.0,5210.0,0.02206112753110153,236162.0,0.0388485576812453,0.5476359367974295,0.017166134431043045,
h3k27ac,fold_a,42,strict,coordinate_plus_frozen_sequence_fm,donor,ENC-002,187734.0,63386.0,3377.0,0.017988217371387175,187734.0,0.02378459904940377,0.5517478296047666,0.0059025581775618355,
h3k27ac,fold_a,42,strict,coordinate_plus_frozen_sequence_fm,donor,ENC-003,205990.0,57184.0,5338.0,0.02591387931452983,205990.0,0.03365244994852209,0.5168399532884356,0.007944441943743722,
h3k27ac,fold_a,42,strict,coordinate_plus_frozen_sequence_fm,donor,ENC-004,223477.0,60806.0,6558.0,0.029345301753648027,223477.0,0.037704658896099974,0.517156510572167,0.00861208126592753,
h3k27ac,fold_a,42,strict,coordinate_plus_frozen_sequence_fm,tissue,Peyers_patch,28544.0,22776.0,772.0,0.027045964125560536,28544.0,0.031215770209275923,0.514236227974797,0.004285717443956935,
h3k27ac,fold_a,42,strict,coordinate_plus_frozen_sequence_fm,tissue,adrenal_gland,15283.0,12951.0,411.0,0.026892625793365176,15283.0,0.04557266140652498,0.4944112713975151,0.019196273821673028,
h3k27ac,fold_a,42,strict,coordinate_plus_frozen_sequence_fm,tissue,ascending_aorta,16161.0,14687.0,367.0,0.022708990780273497,16161.0,0.024334777101670372,0.4861937534310101,0.0016635641851396035,
h3k27ac,fold_a,42,strict,coordinate_plus_frozen_sequence_fm,tissue,body_of_pancreas,30634.0,25278.0,822.0,0.026832930730560815,30634.0,0.035849793589084834,0.5391289469156757,0.00926548291989886,
h3k27ac,fold_a,42,strict,coordinate_plus_frozen_sequence_fm,tissue,breast_epithelium,27212.0,25168.0,637.0,0.023408790239600175,27212.0,0.033737116542170965,0.5335716131738172,0.010575895215260821,
h3k27ac,fold_a,42,strict,coordinate_plus_frozen_sequence_fm,tissue,coronary_artery,14768.0,13537.0,393.0,0.026611592632719394,14768.0,0.03116119664913301,0.4976754950768891,0.0046739862340449585,
h3k27ac,fold_a,42,strict,coordinate_plus_frozen_sequence_fm,tissue,esophagus_muscularis_mucosa,46334.0,34161.0,1056.0,0.022791038977856434,46334.0,0.031802663584057964,0.549761994336001,0.009221798986345281,
h3k27ac,fold_a,42,strict,coordinate_plus_frozen_sequence_fm,tissue,esophagus_squamous_epithelium,45399.0,35282.0,926.0,0.020396925042401814,45399.0,0.03223882127020295,0.5385389145033711,0.012088463716096145,
h3k27ac,fold_a,42,strict,coordinate_plus_frozen_sequence_fm,tissue,gastrocnemius_medialis,82061.0,61775.0,2092.0,0.025493230645495423,82061.0,0.03559236483949452,0.5361765124234207,0.010363328928631841,
h3k27ac,fold_a,42,strict,coordinate_plus_frozen_sequence_fm,tissue,gastroesophageal_sphincter,48836.0,37454.0,1204.0,0.02465394381194201,48836.0,0.03614012425563516,0.554533756934393,0.011776518058200342,
h3k27ac,fold_a,42,strict,coordinate_plus_frozen_sequence_fm,tissue,heart_left_ventricle,12817.0,11737.0,335.0,0.026137161582273544,12817.0,0.025882139774904937,0.47347451972631627,-0.00026186624780030743,
h3k27ac,fold_a,42,strict,coordinate_plus_frozen_sequence_fm,tissue,ovary,1718.0,1718.0,92.0,0.05355064027939464,1718.0,0.04041965105386232,0.34188325578907963,-0.013873948025500942,
h3k27ac,fold_a,42,strict,coordinate_plus_frozen_sequence_fm,tissue,prostate_gland,20197.0,18123.0,386.0,0.01911174926969352,20197.0,0.039789196665607526,0.5776667879335367,0.02108032936526552,
h3k27ac,fold_a,42,strict,coordinate_plus_frozen_sequence_fm,tissue,right_atrium_auricular_region,15568.0,14020.0,405.0,0.026014902363823228,15568.0,0.03163449501675514,0.48179340060234344,0.005769690590308248,
h3k27ac,fold_a,42,strict,coordinate_plus_frozen_sequence_fm,tissue,right_lobe_of_liver,16649.0,16649.0,420.0,0.02522674034476545,16649.0,0.0336020506024913,0.5337744161685871,0.008592059922415287,
h3k27ac,fold_a,42,strict,coordinate_plus_frozen_sequence_fm,tissue,sigmoid_colon,52572.0,39492.0,1277.0,0.024290496842425627,52572.0,0.040751757245931094,0.5685751563861683,0.016871067003276917,
h3k27ac,fold_a,42,strict,coordinate_plus_frozen_sequence_fm,tissue,spleen,94006.0,69191.0,3103.0,0.033008531370338066,94006.0,0.04466665636952771,0.5242689695594716,0.0120560784426677,
h3k27ac,fold_a,42,strict,coordinate_plus_frozen_sequence_fm,tissue,stomach,35056.0,26727.0,694.0,0.019796896394340485,35056.0,0.023978317302082233,0.521430666910217,0.00426587193241938,
h3k27ac,fold_a,42,strict,coordinate_plus_frozen_sequence_fm,tissue,suprapubic_skin,6929.0,6929.0,133.0,0.01919468898831,6929.0,0.026007539439078405,0.538729106462448,0.0069461802197431245,
h3k27ac,fold_a,42,strict,coordinate_plus_frozen_sequence_fm,tissue,testis,9670.0,8857.0,141.0,0.014581178903826267,9670.0,0.036619436038939274,0.5549673300391712,0.02236435580822151,
h3k27ac,fold_a,42,strict,coordinate_plus_frozen_sequence_fm,tissue,thoracic_aorta,16411.0,14486.0,184.0,0.011211991956614466,16411.0,0.04089783403373818,0.5318884454518905,0.030022453585239247,
h3k27ac,fold_a,42,strict,coordinate_plus_frozen_sequence_fm,tissue,thyroid_gland,29711.0,24548.0,610.0,0.02053111642152738,29711.0,0.0421685455006698,0.5230404453455207,0.022090981594117053,
h3k27ac,fold_a,42,strict,coordinate_plus_frozen_sequence_fm,tissue,tibial_artery,25712.0,23525.0,436.0,0.016957062850031113,25712.0,0.02422226811169496,0.5110747530746794,0.0073905268906433305,
h3k27ac,fold_a,42,strict,coordinate_plus_frozen_sequence_fm,tissue,tibial_nerve,27340.0,22868.0,507.0,0.01854425749817118,27340.0,0.026419006308596574,0.5121913749378783,0.008023539390937662,
h3k27ac,fold_a,42,strict,coordinate_plus_frozen_sequence_fm,tissue,transverse_colon,70427.0,51816.0,1356.0,0.019253979297712526,70427.0,0.03340122262568431,0.5571044388124587,0.014424981625560206,
h3k27ac,fold_a,42,strict,coordinate_plus_frozen_sequence_fm,tissue,upper_lobe_of_left_lung,24234.0,18803.0,633.0,0.026120326813567716,24234.0,0.03185140489942951,0.5025100350194013,0.0058847907433064155,
h3k27ac,fold_a,42,strict,coordinate_plus_frozen_sequence_fm,tissue,uterus,25080.0,22367.0,694.0,0.02767145135566188,25080.0,0.040762654553566355,0.5529953407858385,0.013463765119471999,
h3k27ac,fold_a,42,strict,coordinate_plus_frozen_sequence_fm,tissue,vagina,14034.0,12728.0,397.0,0.028288442354282458,14034.0,0.03120218439304686,0.4866569115103764,0.0029985668234963417,
h3k27ac,fold_a,42,strict,coordinate_plus_frozen_sequence_fm_plus_frozen_pangenomefm,measurement_weight,all,853363.0,186587.0,20483.0,0.024002681156787907,853363.0,0.03225429630985932,0.5355210448173207,0.008454546947784171,
h3k27ac,fold_a,42,strict,coordinate_plus_frozen_sequence_fm_plus_frozen_pangenomefm,equal_locus_weight,all,853363.0,186587.0,20483.0,0.02170470855268553,186587.0,0.034259143697015104,0.5665337368366463,0.012832971040631537,
h3k27ac,fold_a,42,strict,coordinate_plus_frozen_sequence_fm_plus_frozen_pangenomefm,donor,ENC-001,236162.0,74084.0,5210.0,0.02206112753110153,236162.0,0.03723062384234958,0.5450826609432815,0.015511701946105523,
h3k27ac,fold_a,42,strict,coordinate_plus_frozen_sequence_fm_plus_frozen_pangenomefm,donor,ENC-002,187734.0,63386.0,3377.0,0.017988217371387175,187734.0,0.02417066734202429,0.5600712930339229,0.006295698361264222,
h3k27ac,fold_a,42,strict,coordinate_plus_frozen_sequence_fm_plus_frozen_pangenomefm,donor,ENC-003,205990.0,57184.0,5338.0,0.02591387931452983,205990.0,0.03182378416790091,0.5239338261389265,0.006067127667533384,
h3k27ac,fold_a,42,strict,coordinate_plus_frozen_sequence_fm_plus_frozen_pangenomefm,donor,ENC-004,223477.0,60806.0,6558.0,0.029345301753648027,223477.0,0.03830040404710465,0.5240611127612642,0.009225837272137553,
h3k27ac,fold_a,42,strict,coordinate_plus_frozen_sequence_fm_plus_frozen_pangenomefm,tissue,Peyers_patch,28544.0,22776.0,772.0,0.027045964125560536,28544.0,0.03153483109333981,0.5210257386386109,0.0046136475129011775,
h3k27ac,fold_a,42,strict,coordinate_plus_frozen_sequence_fm_plus_frozen_pangenomefm,tissue,adrenal_gland,15283.0,12951.0,411.0,0.026892625793365176,15283.0,0.043091724968820334,0.499587640975906,0.01664677465697157,
h3k27ac,fold_a,42,strict,coordinate_plus_frozen_sequence_fm_plus_frozen_pangenomefm,tissue,ascending_aorta,16161.0,14687.0,367.0,0.022708990780273497,16161.0,0.02417694822773945,0.4838476412420265,0.0015020678934087154,
h3k27ac,fold_a,42,strict,coordinate_plus_frozen_sequence_fm_plus_frozen_pangenomefm,tissue,body_of_pancreas,30634.0,25278.0,822.0,0.026832930730560815,30634.0,0.035296434297093254,0.5330473236499419,0.008696865968641982,
h3k27ac,fold_a,42,strict,coordinate_plus_frozen_sequence_fm_plus_frozen_pangenomefm,tissue,breast_epithelium,27212.0,25168.0,637.0,0.023408790239600175,27212.0,0.03356966482762903,0.534845871773704,0.010404429700449335,
h3k27ac,fold_a,42,strict,coordinate_plus_frozen_sequence_fm_plus_frozen_pangenomefm,tissue,coronary_artery,14768.0,13537.0,393.0,0.026611592632719394,14768.0,0.02984662426705689,0.501704790352915,0.0033234745861492956,
h3k27ac,fold_a,42,strict,coordinate_plus_frozen_sequence_fm_plus_frozen_pangenomefm,tissue,esophagus_muscularis_mucosa,46334.0,34161.0,1056.0,0.022791038977856434,46334.0,0.030230071743143547,0.5417980624244566,0.007612530238676909,
h3k27ac,fold_a,42,strict,coordinate_plus_frozen_sequence_fm_plus_frozen_pangenomefm,tissue,esophagus_squamous_epithelium,45399.0,35282.0,926.0,0.020396925042401814,45399.0,0.03162592602107746,0.5365735654690673,0.011462806993701696,
h3k27ac,fold_a,42,strict,coordinate_plus_frozen_sequence_fm_plus_frozen_pangenomefm,tissue,gastrocnemius_medialis,82061.0,61775.0,2092.0,0.025493230645495423,82061.0,0.033863658472791505,0.5350663128616259,0.008589399366451297,
h3k27ac,fold_a,42,strict,coordinate_plus_frozen_sequence_fm_plus_frozen_pangenomefm,tissue,gastroesophageal_sphincter,48836.0,37454.0,1204.0,0.02465394381194201,48836.0,0.034649905991838675,0.5464989336853865,0.010248631361635738,
h3k27ac,fold_a,42,strict,coordinate_plus_frozen_sequence_fm_plus_frozen_pangenomefm,tissue,heart_left_ventricle,12817.0,11737.0,335.0,0.026137161582273544,12817.0,0.025369200720811162,0.4818172795691467,-0.0007885718924341734,
h3k27ac,fold_a,42,strict,coordinate_plus_frozen_sequence_fm_plus_frozen_pangenomefm,tissue,ovary,1718.0,1718.0,92.0,0.05355064027939464,1718.0,0.041275943264555415,0.35734531258356067,-0.012969206317031853,
h3k27ac,fold_a,42,strict,coordinate_plus_frozen_sequence_fm_plus_frozen_pangenomefm,tissue,prostate_gland,20197.0,18123.0,386.0,0.01911174926969352,20197.0,0.037011814946926,0.5676625326956317,0.01824883279405706,
h3k27ac,fold_a,42,strict,coordinate_plus_frozen_sequence_fm_plus_frozen_pangenomefm,tissue,right_atrium_auricular_region,15568.0,14020.0,405.0,0.026014902363823228,15568.0,0.029369513084137436,0.49219672969370704,0.003444211547441245,
h3k27ac,fold_a,42,strict,coordinate_plus_frozen_sequence_fm_plus_frozen_pangenomefm,tissue,right_lobe_of_liver,16649.0,16649.0,420.0,0.02522674034476545,16649.0,0.034105414886532084,0.542809975675525,0.009108451071900468,
h3k27ac,fold_a,42,strict,coordinate_plus_frozen_sequence_fm_plus_frozen_pangenomefm,tissue,sigmoid_colon,52572.0,39492.0,1277.0,0.024290496842425627,52572.0,0.038291691175537726,0.5602296220908998,0.01434975706170912,
h3k27ac,fold_a,42,strict,coordinate_plus_frozen_sequence_fm_plus_frozen_pangenomefm,tissue,spleen,94006.0,69191.0,3103.0,0.033008531370338066,94006.0,0.04718354058477413,0.5595316620019536,0.014658877223108989,
h3k27ac,fold_a,42,strict,coordinate_plus_frozen_sequence_fm_plus_frozen_pangenomefm,tissue,stomach,35056.0,26727.0,694.0,0.019796896394340485,35056.0,0.0229943919337777,0.5098372859101276,0.0032620744901493224,
h3k27ac,fold_a,42,strict,coordinate_plus_frozen_sequence_fm_plus_frozen_pangenomefm,tissue,suprapubic_skin,6929.0,6929.0,133.0,0.01919468898831,6929.0,0.025074004728906026,0.5355770975407913,0.0059943759220997435,
h3k27ac,fold_a,42,strict,coordinate_plus_frozen_sequence_fm_plus_frozen_pangenomefm,tissue,testis,9670.0,8857.0,141.0,0.014581178903826267,9670.0,0.029671504636785487,0.543345472462189,0.015313616312070065,
h3k27ac,fold_a,42,strict,coordinate_plus_frozen_sequence_fm_plus_frozen_pangenomefm,tissue,thoracic_aorta,16411.0,14486.0,184.0,0.011211991956614466,16411.0,0.029311033186149252,0.5160087789808183,0.018304268541190324,
h3k27ac,fold_a,42,strict,coordinate_plus_frozen_sequence_fm_plus_frozen_pangenomefm,tissue,thyroid_gland,29711.0,24548.0,610.0,0.02053111642152738,29711.0,0.044295619665842105,0.5266038404403883,0.02426264237970636,
h3k27ac,fold_a,42,strict,coordinate_plus_frozen_sequence_fm_plus_frozen_pangenomefm,tissue,tibial_artery,25712.0,23525.0,436.0,0.016957062850031113,25712.0,0.021547290547309937,0.522981740302655,0.00466940712741071,
h3k27ac,fold_a,42,strict,coordinate_plus_frozen_sequence_fm_plus_frozen_pangenomefm,tissue,tibial_nerve,27340.0,22868.0,507.0,0.01854425749817118,27340.0,0.02348057065364345,0.5062342279087446,0.005029583038445641,
h3k27ac,fold_a,42,strict,coordinate_plus_frozen_sequence_fm_plus_frozen_pangenomefm,tissue,transverse_colon,70427.0,51816.0,1356.0,0.019253979297712526,70427.0,0.03282523297174079,0.5606179667888231,0.01383768415834125,
h3k27ac,fold_a,42,strict,coordinate_plus_frozen_sequence_fm_plus_frozen_pangenomefm,tissue,upper_lobe_of_left_lung,24234.0,18803.0,633.0,0.026120326813567716,24234.0,0.03329740186834416,0.5184706809154003,0.007369570648593377,
h3k27ac,fold_a,42,strict,coordinate_plus_frozen_sequence_fm_plus_frozen_pangenomefm,tissue,uterus,25080.0,22367.0,694.0,0.02767145135566188,25080.0,0.04078790992772727,0.5520816025446641,0.013489739235110303,
h3k27ac,fold_a,42,strict,coordinate_plus_frozen_sequence_fm_plus_frozen_pangenomefm,tissue,vagina,14034.0,12728.0,397.0,0.028288442354282458,14034.0,0.029772085377605166,0.4904349719767066,0.0015268348015920572,
h3k27ac,fold_b,20260806,1hop,coordinate_plus_frozen_sequence_fm,measurement_weight,all,802822.0,179823.0,20556.0,0.02560467949308813,802822.0,0.09523353549261115,0.6162271111964371,0.07145852872456308,
h3k27ac,fold_b,20260806,1hop,coordinate_plus_frozen_sequence_fm,equal_locus_weight,all,802822.0,179823.0,20556.0,0.02407340889441745,179823.0,0.04151493418520522,0.5593000327857846,0.017871759464027994,
h3k27ac,fold_b,20260806,1hop,coordinate_plus_frozen_sequence_fm,donor,ENC-001,224618.0,71138.0,6243.0,0.02779385445511936,224618.0,0.10121516091115716,0.5908638195442892,0.07552030687369113,
h3k27ac,fold_b,20260806,1hop,coordinate_plus_frozen_sequence_fm,donor,ENC-002,191888.0,64914.0,4372.0,0.022784124072375553,191888.0,0.08542511259073739,0.6201867590068119,0.06410148469896657,
h3k27ac,fold_b,20260806,1hop,coordinate_plus_frozen_sequence_fm,donor,ENC-003,181693.0,52410.0,3982.0,0.021916089227433086,181693.0,0.07935881296381733,0.6222841195777655,0.05872985242238726,
h3k27ac,fold_b,20260806,1hop,coordinate_plus_frozen_sequence_fm,donor,ENC-004,204623.0,56785.0,5959.0,0.02912184847255685,204623.0,0.11969105069477853,0.635752729812594,0.09328585886883214,
h3k27ac,fold_b,20260806,1hop,coordinate_plus_frozen_sequence_fm,tissue,Peyers_patch,24929.0,19714.0,839.0,0.03365558185246099,24929.0,0.11278345408127569,0.6354780271241486,0.08188371634670492,
h3k27ac,fold_b,20260806,1hop,coordinate_plus_frozen_sequence_fm,tissue,adrenal_gland,14649.0,12377.0,378.0,0.025803809133729264,14649.0,0.18265541704672567,0.6947269576552738,0.16100618066831227,
h3k27ac,fold_b,20260806,1hop,coordinate_plus_frozen_sequence_fm,tissue,ascending_aorta,13869.0,12676.0,271.0,0.019539981253154516,13869.0,0.0910917669477864,0.5882945397331601,0.07297776995137885,
h3k27ac,fold_b,20260806,1hop,coordinate_plus_frozen_sequence_fm,tissue,body_of_pancreas,29401.0,24069.0,1205.0,0.04098500051018673,29401.0,0.09654885141880995,0.5461960261571489,0.057938458666634676,
h3k27ac,fold_b,20260806,1hop,coordinate_plus_frozen_sequence_fm,tissue,breast_epithelium,24545.0,22747.0,518.0,0.021104094520268894,24545.0,0.09459710504331376,0.6232089205306836,0.0750774521699811,
h3k27ac,fold_b,20260806,1hop,coordinate_plus_frozen_sequence_fm,tissue,coronary_artery,12669.0,11703.0,291.0,0.02296945299550083,12669.0,0.15490019696485613,0.6812201172793544,0.13503236349553743,
h3k27ac,fold_b,20260806,1hop,coordinate_plus_frozen_sequence_fm,tissue,esophagus_muscularis_mucosa,44339.0,33006.0,1043.0,0.02352330905072284,44339.0,0.10534703670090595,0.6241273365214477,0.08379486003976047,
h3k27ac,fold_b,20260806,1hop,coordinate_plus_frozen_sequence_fm,tissue,esophagus_squamous_epithelium,41914.0,32563.0,898.0,0.02142482225509376,41914.0,0.09506821841938953,0.6103301449420792,0.07525573695217215,
h3k27ac,fold_b,20260806,1hop,coordinate_plus_frozen_sequence_fm,tissue,gastrocnemius_medialis,79621.0,59558.0,2347.0,0.029477147988595975,79621.0,0.07217891679346271,0.5691267939706778,0.043998725755264305,
h3k27ac,fold_b,20260806,1hop,coordinate_plus_frozen_sequence_fm,tissue,gastroesophageal_sphincter,46931.0,36388.0,1149.0,0.024482751273145684,46931.0,0.09698262321234619,0.6169116008552888,0.07431941570876369,
h3k27ac,fold_b,20260806,1hop,coordinate_plus_frozen_sequence_fm,tissue,heart_left_ventricle,11834.0,10848.0,280.0,0.023660638837248605,11834.0,0.1393516479048736,0.7060523257251663,0.11849466862612723,
h3k27ac,fold_b,20260806,1hop,coordinate_plus_frozen_sequence_fm,tissue,ovary,1440.0,1440.0,75.0,0.052083333333333336,1440.0,0.21872697122919008,0.7671355311355312,0.17579988173628844,
h3k27ac,fold_b,20260806,1hop,coordinate_plus_frozen_sequence_fm,tissue,prostate_gland,20123.0,18014.0,472.0,0.02345574715499677,20123.0,0.1263992024155555,0.655634950651582,0.1054160678951821,
h3k27ac,fold_b,20260806,1hop,coordinate_plus_frozen_sequence_fm,tissue,right_atrium_auricular_region,14504.0,13139.0,348.0,0.02399338113623828,14504.0,0.13410643786239687,0.6981133664942042,0.11281998973977142,
h3k27ac,fold_b,20260806,1hop,coordinate_plus_frozen_sequence_fm,tissue,right_lobe_of_liver,14893.0,14893.0,428.0,0.028738333445242733,14893.0,0.0609851985284007,0.511527179689292,0.03320100668395932,
h3k27ac,fold_b,20260806,1hop,coordinate_plus_frozen_sequence_fm,tissue,sigmoid_colon,50834.0,38481.0,1200.0,0.02360624778691427,50834.0,0.09375934739564794,0.6309548981880699,0.07184918937644291,
h3k27ac,fold_b,20260806,1hop,coordinate_plus_frozen_sequence_fm,tissue,spleen,90785.0,67195.0,2586.0,0.02848488186374401,90785.0,0.06408272462368597,0.5760891139208006,0.03664157365685927,
h3k27ac,fold_b,20260806,1hop,coordinate_plus_frozen_sequence_fm,tissue,stomach,32217.0,24552.0,732.0,0.022720923735915822,32217.0,0.10523249522233274,0.6565870988960829,0.08442989673107493,
h3k27ac,fold_b,20260806,1hop,coordinate_plus_frozen_sequence_fm,tissue,suprapubic_skin,6662.0,6662.0,172.0,0.0258180726508556,6662.0,0.1877747007248303,0.6703313684738597,0.16624885303987974,
h3k27ac,fold_b,20260806,1hop,coordinate_plus_frozen_sequence_fm,tissue,testis,9406.0,8659.0,229.0,0.024346162024239847,9406.0,0.14721409807428842,0.7080133883217632,0.12593394426138793,
h3k27ac,fold_b,20260806,1hop,coordinate_plus_frozen_sequence_fm,tissue,thoracic_aorta,14610.0,12848.0,194.0,0.013278576317590692,14610.0,0.16317564467519127,0.7033357838369738,0.15191427363377805,
h3k27ac,fold_b,20260806,1hop,coordinate_plus_frozen_sequence_fm,tissue,thyroid_gland,27382.0,22518.0,588.0,0.021473960996274924,27382.0,0.1167690537083983,0.6376750950436156,0.09738636368751818,
h3k27ac,fold_b,20260806,1hop,coordinate_plus_frozen_sequence_fm,tissue,tibial_artery,24622.0,22555.0,470.0,0.019088619933392902,24622.0,0.11055004123465664,0.6484975034004496,0.09324126843655664,
h3k27ac,fold_b,20260806,1hop,coordinate_plus_frozen_sequence_fm,tissue,tibial_nerve,26182.0,21977.0,544.0,0.020777633488656327,26182.0,0.12785096824271186,0.6892735980713371,0.10934527071264069,
h3k27ac,fold_b,20260806,1hop,coordinate_plus_frozen_sequence_fm,tissue,transverse_colon,66857.0,49140.0,1901.0,0.0284338214397894,66857.0,0.0849924822029167,0.601920860020358,0.05821390452984178,
h3k27ac,fold_b,20260806,1hop,coordinate_plus_frozen_sequence_fm,tissue,upper_lobe_of_left_lung,22498.0,17361.0,629.0,0.0279580407147302,22498.0,0.12443800919122078,0.6390658975932786,0.0992549421914164,
h3k27ac,fold_b,20260806,1hop,coordinate_plus_frozen_sequence_fm,tissue,uterus,22464.0,20210.0,460.0,0.02047720797720798,22464.0,0.09413808190267522,0.635787465520103,0.07520077585264935,
h3k27ac,fold_b,20260806,1hop,coordinate_plus_frozen_sequence_fm,tissue,vagina,12642.0,11626.0,309.0,0.02444233507356431,12642.0,0.13345043830821662,0.6895027601113333,0.11173927196079418,
h3k27ac,fold_b,20260806,1hop,coordinate_plus_frozen_sequence_fm_plus_frozen_pangenomefm,measurement_weight,all,802822.0,179823.0,20556.0,0.02560467949308813,802822.0,0.09549774233112301,0.6385452355813093,0.07172967826002516,
h3k27ac,fold_b,20260806,1hop,coordinate_plus_frozen_sequence_fm_plus_frozen_pangenomefm,equal_locus_weight,all,802822.0,179823.0,20556.0,0.02407340889441745,179823.0,0.04265278992945285,0.5755121094620137,0.019037682961366664,
h3k27ac,fold_b,20260806,1hop,coordinate_plus_frozen_sequence_fm_plus_frozen_pangenomefm,donor,ENC-001,224618.0,71138.0,6243.0,0.02779385445511936,224618.0,0.094857051606893,0.6028304446486648,0.06898042916010116,
h3k27ac,fold_b,20260806,1hop,coordinate_plus_frozen_sequence_fm_plus_frozen_pangenomefm,donor,ENC-002,191888.0,64914.0,4372.0,0.022784124072375553,191888.0,0.08808467279752384,0.639178200922829,0.06682305346621757,
h3k27ac,fold_b,20260806,1hop,coordinate_plus_frozen_sequence_fm_plus_frozen_pangenomefm,donor,ENC-003,181693.0,52410.0,3982.0,0.021916089227433086,181693.0,0.0834469468543236,0.6480352755928104,0.06290958981043727,
h3k27ac,fold_b,20260806,1hop,coordinate_plus_frozen_sequence_fm_plus_frozen_pangenomefm,donor,ENC-004,204623.0,56785.0,5959.0,0.02912184847255685,204623.0,0.12233734223093579,0.6689798696034603,0.09601152689627096,
h3k27ac,fold_b,20260806,1hop,coordinate_plus_frozen_sequence_fm_plus_frozen_pangenomefm,tissue,Peyers_patch,24929.0,19714.0,839.0,0.03365558185246099,24929.0,0.11492837823800837,0.6603565987895017,0.08410334334144087,
h3k27ac,fold_b,20260806,1hop,coordinate_plus_frozen_sequence_fm_plus_frozen_pangenomefm,tissue,adrenal_gland,14649.0,12377.0,378.0,0.025803809133729264,14649.0,0.189653839396117,0.7208970610098772,0.16818997220332968,
h3k27ac,fold_b,20260806,1hop,coordinate_plus_frozen_sequence_fm_plus_frozen_pangenomefm,tissue,ascending_aorta,13869.0,12676.0,271.0,0.019539981253154516,13869.0,0.08856071763039018,0.6020172545452472,0.07039627833621719,
h3k27ac,fold_b,20260806,1hop,coordinate_plus_frozen_sequence_fm_plus_frozen_pangenomefm,tissue,body_of_pancreas,29401.0,24069.0,1205.0,0.04098500051018673,29401.0,0.10018127482729061,0.5646078958847051,0.061726119350162124,
h3k27ac,fold_b,20260806,1hop,coordinate_plus_frozen_sequence_fm_plus_frozen_pangenomefm,tissue,breast_epithelium,24545.0,22747.0,518.0,0.021104094520268894,24545.0,0.09549352296328041,0.646780777352634,0.07599319603503216,
h3k27ac,fold_b,20260806,1hop,coordinate_plus_frozen_sequence_fm_plus_frozen_pangenomefm,tissue,coronary_artery,12669.0,11703.0,291.0,0.02296945299550083,12669.0,0.1561443108443622,0.7029530554986427,0.1363057258108923,
h3k27ac,fold_b,20260806,1hop,coordinate_plus_frozen_sequence_fm_plus_frozen_pangenomefm,tissue,esophagus_muscularis_mucosa,44339.0,33006.0,1043.0,0.02352330905072284,44339.0,0.10498704849151433,0.6351882118604373,0.08342619971972594,
h3k27ac,fold_b,20260806,1hop,coordinate_plus_frozen_sequence_fm_plus_frozen_pangenomefm,tissue,esophagus_squamous_epithelium,41914.0,32563.0,898.0,0.02142482225509376,41914.0,0.09549096091388706,0.6242680486902172,0.07568773492648387,
h3k27ac,fold_b,20260806,1hop,coordinate_plus_frozen_sequence_fm_plus_frozen_pangenomefm,tissue,gastrocnemius_medialis,79621.0,59558.0,2347.0,0.029477147988595975,79621.0,0.07505121239482497,0.610618411639505,0.04695825998509665,
h3k27ac,fold_b,20260806,1hop,coordinate_plus_frozen_sequence_fm_plus_frozen_pangenomefm,tissue,gastroesophageal_sphincter,46931.0,36388.0,1149.0,0.024482751273145684,46931.0,0.09879204673959431,0.6392095581896253,0.07617425069974883,
h3k27ac,fold_b,20260806,1hop,coordinate_plus_frozen_sequence_fm_plus_frozen_pangenomefm,tissue,heart_left_ventricle,11834.0,10848.0,280.0,0.023660638837248605,11834.0,0.138772429534466,0.7285275353000815,0.11790141345948335,
h3k27ac,fold_b,20260806,1hop,coordinate_plus_frozen_sequence_fm_plus_frozen_pangenomefm,tissue,ovary,1440.0,1440.0,75.0,0.052083333333333336,1440.0,0.2209850085701805,0.7949938949938951,0.17818198706304755,
h3k27ac,fold_b,20260806,1hop,coordinate_plus_frozen_sequence_fm_plus_frozen_pangenomefm,tissue,prostate_gland,20123.0,18014.0,472.0,0.02345574715499677,20123.0,0.11867576430549495,0.663297044011216,0.09750711949109334,
h3k27ac,fold_b,20260806,1hop,coordinate_plus_frozen_sequence_fm_plus_frozen_pangenomefm,tissue,right_atrium_auricular_region,14504.0,13139.0,348.0,0.02399338113623828,14504.0,0.13687479068762398,0.7406476235250559,0.11565639757935138,
h3k27ac,fold_b,20260806,1hop,coordinate_plus_frozen_sequence_fm_plus_frozen_pangenomefm,tissue,right_lobe_of_liver,14893.0,14893.0,428.0,0.028738333445242733,14893.0,0.0672765746826182,0.5619680601904049,0.039678536242532515,
h3k27ac,fold_b,20260806,1hop,coordinate_plus_frozen_sequence_fm_plus_frozen_pangenomefm,tissue,sigmoid_colon,50834.0,38481.0,1200.0,0.02360624778691427,50834.0,0.09401938911496246,0.6431783488468925,0.07211551811802397,
h3k27ac,fold_b,20260806,1hop,coordinate_plus_frozen_sequence_fm_plus_frozen_pangenomefm,tissue,spleen,90785.0,67195.0,2586.0,0.02848488186374401,90785.0,0.06411052573921103,0.588370089444871,0.036670189902768435,
h3k27ac,fold_b,20260806,1hop,coordinate_plus_frozen_sequence_fm_plus_frozen_pangenomefm,tissue,stomach,32217.0,24552.0,732.0,0.022720923735915822,32217.0,0.10575555247573232,0.6744737931411524,0.08496511462952734,
h3k27ac,fold_b,20260806,1hop,coordinate_plus_frozen_sequence_fm_plus_frozen_pangenomefm,tissue,suprapubic_skin,6662.0,6662.0,172.0,0.0258180726508556,6662.0,0.16245570083414454,0.6830387537177052,0.14025884113360107,
h3k27ac,fold_b,20260806,1hop,coordinate_plus_frozen_sequence_fm_plus_frozen_pangenomefm,tissue,testis,9406.0,8659.0,229.0,0.024346162024239847,9406.0,0.14331634789456316,0.7262624474609725,0.12193893083755705,
h3k27ac,fold_b,20260806,1hop,coordinate_plus_frozen_sequence_fm_plus_frozen_pangenomefm,tissue,thoracic_aorta,14610.0,12848.0,194.0,0.013278576317590692,14610.0,0.14687861071431377,0.6919141246267034,0.13539792609157353,
h3k27ac,fold_b,20260806,1hop,coordinate_plus_frozen_sequence_fm_plus_frozen_pangenomefm,tissue,thyroid_gland,27382.0,22518.0,588.0,0.021473960996274924,27382.0,0.11635803232427736,0.6528480205995961,0.09696632235214461,
h3k27ac,fold_b,20260806,1hop,coordinate_plus_frozen_sequence_fm_plus_frozen_pangenomefm,tissue,tibial_artery,24622.0,22555.0,470.0,0.019088619933392902,24622.0,0.10923541499783698,0.6572828205055923,0.09190105945995124,
h3k27ac,fold_b,20260806,1hop,coordinate_plus_frozen_sequence_fm_plus_frozen_pangenomefm,tissue,tibial_nerve,26182.0,21977.0,544.0,0.020777633488656327,26182.0,0.1257668129756599,0.6924614356332283,0.10721689278916949,
h3k27ac,fold_b,20260806,1hop,coordinate_plus_frozen_sequence_fm_plus_frozen_pangenomefm,tissue,transverse_colon,66857.0,49140.0,1901.0,0.0284338214397894,66857.0,0.08903657103922367,0.6418265563912336,0.062376347527085686,
h3k27ac,fold_b,20260806,1hop,coordinate_plus_frozen_sequence_fm_plus_frozen_pangenomefm,tissue,upper_lobe_of_left_lung,22498.0,17361.0,629.0,0.0279580407147302,22498.0,0.12179668294216514,0.663741118981279,0.09653764565516627,
h3k27ac,fold_b,20260806,1hop,coordinate_plus_frozen_sequence_fm_plus_frozen_pangenomefm,tissue,uterus,22464.0,20210.0,460.0,0.02047720797720798,22464.0,0.09675047577089378,0.6480931332643077,0.07786778257213951,
h3k27ac,fold_b,20260806,1hop,coordinate_plus_frozen_sequence_fm_plus_frozen_pangenomefm,tissue,vagina,12642.0,11626.0,309.0,0.02444233507356431,12642.0,0.139554788390322,0.7142000951482026,0.11799656489341206,
h3k27ac,fold_b,20260806,strict,coordinate_plus_frozen_sequence_fm,measurement_weight,all,802822.0,179823.0,20556.0,0.02560467949308813,802822.0,0.09523353549261115,0.6162271111964371,0.07145852872456308,
h3k27ac,fold_b,20260806,strict,coordinate_plus_frozen_sequence_fm,equal_locus_weight,all,802822.0,179823.0,20556.0,0.02407340889441745,179823.0,0.04151493418520522,0.5593000327857846,0.017871759464027994,
h3k27ac,fold_b,20260806,strict,coordinate_plus_frozen_sequence_fm,donor,ENC-001,224618.0,71138.0,6243.0,0.02779385445511936,224618.0,0.10121516091115716,0.5908638195442892,0.07552030687369113,
h3k27ac,fold_b,20260806,strict,coordinate_plus_frozen_sequence_fm,donor,ENC-002,191888.0,64914.0,4372.0,0.022784124072375553,191888.0,0.08542511259073739,0.6201867590068119,0.06410148469896657,
h3k27ac,fold_b,20260806,strict,coordinate_plus_frozen_sequence_fm,donor,ENC-003,181693.0,52410.0,3982.0,0.021916089227433086,181693.0,0.07935881296381733,0.6222841195777655,0.05872985242238726,
h3k27ac,fold_b,20260806,strict,coordinate_plus_frozen_sequence_fm,donor,ENC-004,204623.0,56785.0,5959.0,0.02912184847255685,204623.0,0.11969105069477853,0.635752729812594,0.09328585886883214,
h3k27ac,fold_b,20260806,strict,coordinate_plus_frozen_sequence_fm,tissue,Peyers_patch,24929.0,19714.0,839.0,0.03365558185246099,24929.0,0.11278345408127569,0.6354780271241486,0.08188371634670492,
h3k27ac,fold_b,20260806,strict,coordinate_plus_frozen_sequence_fm,tissue,adrenal_gland,14649.0,12377.0,378.0,0.025803809133729264,14649.0,0.18265541704672567,0.6947269576552738,0.16100618066831227,
h3k27ac,fold_b,20260806,strict,coordinate_plus_frozen_sequence_fm,tissue,ascending_aorta,13869.0,12676.0,271.0,0.019539981253154516,13869.0,0.0910917669477864,0.5882945397331601,0.07297776995137885,
h3k27ac,fold_b,20260806,strict,coordinate_plus_frozen_sequence_fm,tissue,body_of_pancreas,29401.0,24069.0,1205.0,0.04098500051018673,29401.0,0.09654885141880995,0.5461960261571489,0.057938458666634676,
h3k27ac,fold_b,20260806,strict,coordinate_plus_frozen_sequence_fm,tissue,breast_epithelium,24545.0,22747.0,518.0,0.021104094520268894,24545.0,0.09459710504331376,0.6232089205306836,0.0750774521699811,
h3k27ac,fold_b,20260806,strict,coordinate_plus_frozen_sequence_fm,tissue,coronary_artery,12669.0,11703.0,291.0,0.02296945299550083,12669.0,0.15490019696485613,0.6812201172793544,0.13503236349553743,
h3k27ac,fold_b,20260806,strict,coordinate_plus_frozen_sequence_fm,tissue,esophagus_muscularis_mucosa,44339.0,33006.0,1043.0,0.02352330905072284,44339.0,0.10534703670090595,0.6241273365214477,0.08379486003976047,
h3k27ac,fold_b,20260806,strict,coordinate_plus_frozen_sequence_fm,tissue,esophagus_squamous_epithelium,41914.0,32563.0,898.0,0.02142482225509376,41914.0,0.09506821841938953,0.6103301449420792,0.07525573695217215,
h3k27ac,fold_b,20260806,strict,coordinate_plus_frozen_sequence_fm,tissue,gastrocnemius_medialis,79621.0,59558.0,2347.0,0.029477147988595975,79621.0,0.07217891679346271,0.5691267939706778,0.043998725755264305,
h3k27ac,fold_b,20260806,strict,coordinate_plus_frozen_sequence_fm,tissue,gastroesophageal_sphincter,46931.0,36388.0,1149.0,0.024482751273145684,46931.0,0.09698262321234619,0.6169116008552888,0.07431941570876369,
h3k27ac,fold_b,20260806,strict,coordinate_plus_frozen_sequence_fm,tissue,heart_left_ventricle,11834.0,10848.0,280.0,0.023660638837248605,11834.0,0.1393516479048736,0.7060523257251663,0.11849466862612723,
h3k27ac,fold_b,20260806,strict,coordinate_plus_frozen_sequence_fm,tissue,ovary,1440.0,1440.0,75.0,0.052083333333333336,1440.0,0.21872697122919008,0.7671355311355312,0.17579988173628844,
h3k27ac,fold_b,20260806,strict,coordinate_plus_frozen_sequence_fm,tissue,prostate_gland,20123.0,18014.0,472.0,0.02345574715499677,20123.0,0.1263992024155555,0.655634950651582,0.1054160678951821,
h3k27ac,fold_b,20260806,strict,coordinate_plus_frozen_sequence_fm,tissue,right_atrium_auricular_region,14504.0,13139.0,348.0,0.02399338113623828,14504.0,0.13410643786239687,0.6981133664942042,0.11281998973977142,
h3k27ac,fold_b,20260806,strict,coordinate_plus_frozen_sequence_fm,tissue,right_lobe_of_liver,14893.0,14893.0,428.0,0.028738333445242733,14893.0,0.0609851985284007,0.511527179689292,0.03320100668395932,
h3k27ac,fold_b,20260806,strict,coordinate_plus_frozen_sequence_fm,tissue,sigmoid_colon,50834.0,38481.0,1200.0,0.02360624778691427,50834.0,0.09375934739564794,0.6309548981880699,0.07184918937644291,
h3k27ac,fold_b,20260806,strict,coordinate_plus_frozen_sequence_fm,tissue,spleen,90785.0,67195.0,2586.0,0.02848488186374401,90785.0,0.06408272462368597,0.5760891139208006,0.03664157365685927,
h3k27ac,fold_b,20260806,strict,coordinate_plus_frozen_sequence_fm,tissue,stomach,32217.0,24552.0,732.0,0.022720923735915822,32217.0,0.10523249522233274,0.6565870988960829,0.08442989673107493,
h3k27ac,fold_b,20260806,strict,coordinate_plus_frozen_sequence_fm,tissue,suprapubic_skin,6662.0,6662.0,172.0,0.0258180726508556,6662.0,0.1877747007248303,0.6703313684738597,0.16624885303987974,
h3k27ac,fold_b,20260806,strict,coordinate_plus_frozen_sequence_fm,tissue,testis,9406.0,8659.0,229.0,0.024346162024239847,9406.0,0.14721409807428842,0.7080133883217632,0.12593394426138793,
h3k27ac,fold_b,20260806,strict,coordinate_plus_frozen_sequence_fm,tissue,thoracic_aorta,14610.0,12848.0,194.0,0.013278576317590692,14610.0,0.16317564467519127,0.7033357838369738,0.15191427363377805,
h3k27ac,fold_b,20260806,strict,coordinate_plus_frozen_sequence_fm,tissue,thyroid_gland,27382.0,22518.0,588.0,0.021473960996274924,27382.0,0.1167690537083983,0.6376750950436156,0.09738636368751818,
h3k27ac,fold_b,20260806,strict,coordinate_plus_frozen_sequence_fm,tissue,tibial_artery,24622.0,22555.0,470.0,0.019088619933392902,24622.0,0.11055004123465664,0.6484975034004496,0.09324126843655664,
h3k27ac,fold_b,20260806,strict,coordinate_plus_frozen_sequence_fm,tissue,tibial_nerve,26182.0,21977.0,544.0,0.020777633488656327,26182.0,0.12785096824271186,0.6892735980713371,0.10934527071264069,
h3k27ac,fold_b,20260806,strict,coordinate_plus_frozen_sequence_fm,tissue,transverse_colon,66857.0,49140.0,1901.0,0.0284338214397894,66857.0,0.0849924822029167,0.601920860020358,0.05821390452984178,
h3k27ac,fold_b,20260806,strict,coordinate_plus_frozen_sequence_fm,tissue,upper_lobe_of_left_lung,22498.0,17361.0,629.0,0.0279580407147302,22498.0,0.12443800919122078,0.6390658975932786,0.0992549421914164,
h3k27ac,fold_b,20260806,strict,coordinate_plus_frozen_sequence_fm,tissue,uterus,22464.0,20210.0,460.0,0.02047720797720798,22464.0,0.09413808190267522,0.635787465520103,0.07520077585264935,
h3k27ac,fold_b,20260806,strict,coordinate_plus_frozen_sequence_fm,tissue,vagina,12642.0,11626.0,309.0,0.02444233507356431,12642.0,0.13345043830821662,0.6895027601113333,0.11173927196079418,
h3k27ac,fold_b,20260806,strict,coordinate_plus_frozen_sequence_fm_plus_frozen_pangenomefm,measurement_weight,all,802822.0,179823.0,20556.0,0.02560467949308813,802822.0,0.09636272929580705,0.6277745918466839,0.07261739492540698,
h3k27ac,fold_b,20260806,strict,coordinate_plus_frozen_sequence_fm_plus_frozen_pangenomefm,equal_locus_weight,all,802822.0,179823.0,20556.0,0.02407340889441745,179823.0,0.0439424841047183,0.572901720341092,0.020359190323723103,
h3k27ac,fold_b,20260806,strict,coordinate_plus_frozen_sequence_fm_plus_frozen_pangenomefm,donor,ENC-001,224618.0,71138.0,6243.0,0.02779385445511936,224618.0,0.09863581252196174,0.5955888507435139,0.07286721894474185,
h3k27ac,fold_b,20260806,strict,coordinate_plus_frozen_sequence_fm_plus_frozen_pangenomefm,donor,ENC-002,191888.0,64914.0,4372.0,0.022784124072375553,191888.0,0.08689444016344425,0.6311193869309489,0.06560507014912322,
h3k27ac,fold_b,20260806,strict,coordinate_plus_frozen_sequence_fm_plus_frozen_pangenomefm,donor,ENC-003,181693.0,52410.0,3982.0,0.021916089227433086,181693.0,0.08398582185481432,0.6350949412640828,0.06346053947289013,
h3k27ac,fold_b,20260806,strict,coordinate_plus_frozen_sequence_fm_plus_frozen_pangenomefm,donor,ENC-004,204623.0,56785.0,5959.0,0.02912184847255685,204623.0,0.12547753524533964,0.6548990476723496,0.09924591115907831,
h3k27ac,fold_b,20260806,strict,coordinate_plus_frozen_sequence_fm_plus_frozen_pangenomefm,tissue,Peyers_patch,24929.0,19714.0,839.0,0.03365558185246099,24929.0,0.1212356578962204,0.6305876700949113,0.09063029122851302,
h3k27ac,fold_b,20260806,strict,coordinate_plus_frozen_sequence_fm_plus_frozen_pangenomefm,tissue,adrenal_gland,14649.0,12377.0,378.0,0.025803809133729264,14649.0,0.18450346564931253,0.7115333423055377,0.1629031790552014,
h3k27ac,fold_b,20260806,strict,coordinate_plus_frozen_sequence_fm_plus_frozen_pangenomefm,tissue,ascending_aorta,13869.0,12676.0,271.0,0.019539981253154516,13869.0,0.0948884735224667,0.5930385627580352,0.07685014261531772,
h3k27ac,fold_b,20260806,strict,coordinate_plus_frozen_sequence_fm_plus_frozen_pangenomefm,tissue,body_of_pancreas,29401.0,24069.0,1205.0,0.04098500051018673,29401.0,0.09980958844851238,0.5725897231531032,0.06133854837475928,
h3k27ac,fold_b,20260806,strict,coordinate_plus_frozen_sequence_fm_plus_frozen_pangenomefm,tissue,breast_epithelium,24545.0,22747.0,518.0,0.021104094520268894,24545.0,0.1010295306282838,0.6341832218033991,0.081648554928673,
h3k27ac,fold_b,20260806,strict,coordinate_plus_frozen_sequence_fm_plus_frozen_pangenomefm,tissue,coronary_artery,12669.0,11703.0,291.0,0.02296945299550083,12669.0,0.1566104539221801,0.6958808694507882,0.13678282765714167,
h3k27ac,fold_b,20260806,strict,coordinate_plus_frozen_sequence_fm_plus_frozen_pangenomefm,tissue,esophagus_muscularis_mucosa,44339.0,33006.0,1043.0,0.02352330905072284,44339.0,0.1041992401819671,0.6172580360996018,0.08261941311964707,
h3k27ac,fold_b,20260806,strict,coordinate_plus_frozen_sequence_fm_plus_frozen_pangenomefm,tissue,esophagus_squamous_epithelium,41914.0,32563.0,898.0,0.02142482225509376,41914.0,0.09455685492099318,0.61367863993974,0.07473317771500167,
h3k27ac,fold_b,20260806,strict,coordinate_plus_frozen_sequence_fm_plus_frozen_pangenomefm,tissue,gastrocnemius_medialis,79621.0,59558.0,2347.0,0.029477147988595975,79621.0,0.07052890968126574,0.5891362471045353,0.042298603899527124,
h3k27ac,fold_b,20260806,strict,coordinate_plus_frozen_sequence_fm_plus_frozen_pangenomefm,tissue,gastroesophageal_sphincter,46931.0,36388.0,1149.0,0.024482751273145684,46931.0,0.09873716948367978,0.6246095840966378,0.07611799617837961,
h3k27ac,fold_b,20260806,strict,coordinate_plus_frozen_sequence_fm_plus_frozen_pangenomefm,tissue,heart_left_ventricle,11834.0,10848.0,280.0,0.023660638837248605,11834.0,0.13391491836652153,0.7133704468458666,0.11292618521286271,
h3k27ac,fold_b,20260806,strict,coordinate_plus_frozen_sequence_fm_plus_frozen_pangenomefm,tissue,ovary,1440.0,1440.0,75.0,0.052083333333333336,1440.0,0.2334231563419915,0.7874139194139194,0.19130354954759543,
h3k27ac,fold_b,20260806,strict,coordinate_plus_frozen_sequence_fm_plus_frozen_pangenomefm,tissue,prostate_gland,20123.0,18014.0,472.0,0.02345574715499677,20123.0,0.12015636939782127,0.655055991888971,0.09902328743536498,
h3k27ac,fold_b,20260806,strict,coordinate_plus_frozen_sequence_fm_plus_frozen_pangenomefm,tissue,right_atrium_auricular_region,14504.0,13139.0,348.0,0.02399338113623828,14504.0,0.14151775297864524,0.7401024869029176,0.12041349881338448,
h3k27ac,fold_b,20260806,strict,coordinate_plus_frozen_sequence_fm_plus_frozen_pangenomefm,tissue,right_lobe_of_liver,14893.0,14893.0,428.0,0.028738333445242733,14893.0,0.059836880917115476,0.551763118193771,0.03201871189067409,
h3k27ac,fold_b,20260806,strict,coordinate_plus_frozen_sequence_fm_plus_frozen_pangenomefm,tissue,sigmoid_colon,50834.0,38481.0,1200.0,0.02360624778691427,50834.0,0.09334620047316455,0.6316683372285127,0.07142605381095311,
h3k27ac,fold_b,20260806,strict,coordinate_plus_frozen_sequence_fm_plus_frozen_pangenomefm,tissue,spleen,90785.0,67195.0,2586.0,0.02848488186374401,90785.0,0.06508442695731534,0.589598383417335,0.037672645963331475,
h3k27ac,fold_b,20260806,strict,coordinate_plus_frozen_sequence_fm_plus_frozen_pangenomefm,tissue,stomach,32217.0,24552.0,732.0,0.022720923735915822,32217.0,0.10716079715355499,0.6611995824188984,0.08640303007451425,
h3k27ac,fold_b,20260806,strict,coordinate_plus_frozen_sequence_fm_plus_frozen_pangenomefm,tissue,suprapubic_skin,6662.0,6662.0,172.0,0.0258180726508556,6662.0,0.17542789461005437,0.6630428745476046,0.15357482802653039,
h3k27ac,fold_b,20260806,strict,coordinate_plus_frozen_sequence_fm_plus_frozen_pangenomefm,tissue,testis,9406.0,8659.0,229.0,0.024346162024239847,9406.0,0.15023813931413912,0.7341604914126973,0.12903344648455845,
h3k27ac,fold_b,20260806,strict,coordinate_plus_frozen_sequence_fm_plus_frozen_pangenomefm,tissue,thoracic_aorta,14610.0,12848.0,194.0,0.013278576317590692,14610.0,0.15947384967195002,0.7084235585889676,0.14816266257680286,
h3k27ac,fold_b,20260806,strict,coordinate_plus_frozen_sequence_fm_plus_frozen_pangenomefm,tissue,thyroid_gland,27382.0,22518.0,588.0,0.021473960996274924,27382.0,0.11784750273165899,0.6407878781877758,0.09848847950280983,
h3k27ac,fold_b,20260806,strict,coordinate_plus_frozen_sequence_fm_plus_frozen_pangenomefm,tissue,tibial_artery,24622.0,22555.0,470.0,0.019088619933392902,24622.0,0.11259129594560614,0.6568285169106298,0.09532224613997659,
h3k27ac,fold_b,20260806,strict,coordinate_plus_frozen_sequence_fm_plus_frozen_pangenomefm,tissue,tibial_nerve,26182.0,21977.0,544.0,0.020777633488656327,26182.0,0.12523800676872654,0.6971565429647169,0.10667686610573361,
h3k27ac,fold_b,20260806,strict,coordinate_plus_frozen_sequence_fm_plus_frozen_pangenomefm,tissue,transverse_colon,66857.0,49140.0,1901.0,0.0284338214397894,66857.0,0.09632333315802424,0.6199064780273388,0.06987636376848987,
h3k27ac,fold_b,20260806,strict,coordinate_plus_frozen_sequence_fm_plus_frozen_pangenomefm,tissue,upper_lobe_of_left_lung,22498.0,17361.0,629.0,0.0279580407147302,22498.0,0.12465776597979042,0.6431150481901882,0.09948101966314532,
h3k27ac,fold_b,20260806,strict,coordinate_plus_frozen_sequence_fm_plus_frozen_pangenomefm,tissue,uterus,22464.0,20210.0,460.0,0.02047720797720798,22464.0,0.10229543698084514,0.6515177082427701,0.08352866280393134,
h3k27ac,fold_b,20260806,strict,coordinate_plus_frozen_sequence_fm_plus_frozen_pangenomefm,tissue,vagina,12642.0,11626.0,309.0,0.02444233507356431,12642.0,0.13512327247959993,0.6996630976906487,0.11345401854269865,
h3k27ac,fold_b,314159,1hop,coordinate_plus_frozen_sequence_fm,measurement_weight,all,802822.0,179823.0,20556.0,0.02560467949308813,802822.0,0.09523353549261115,0.6162271111964371,0.07145852872456308,
h3k27ac,fold_b,314159,1hop,coordinate_plus_frozen_sequence_fm,equal_locus_weight,all,802822.0,179823.0,20556.0,0.02407340889441745,179823.0,0.04151493418520522,0.5593000327857846,0.017871759464027994,
h3k27ac,fold_b,314159,1hop,coordinate_plus_frozen_sequence_fm,donor,ENC-001,224618.0,71138.0,6243.0,0.02779385445511936,224618.0,0.10121516091115716,0.5908638195442892,0.07552030687369113,
h3k27ac,fold_b,314159,1hop,coordinate_plus_frozen_sequence_fm,donor,ENC-002,191888.0,64914.0,4372.0,0.022784124072375553,191888.0,0.08542511259073739,0.6201867590068119,0.06410148469896657,
h3k27ac,fold_b,314159,1hop,coordinate_plus_frozen_sequence_fm,donor,ENC-003,181693.0,52410.0,3982.0,0.021916089227433086,181693.0,0.07935881296381733,0.6222841195777655,0.05872985242238726,
h3k27ac,fold_b,314159,1hop,coordinate_plus_frozen_sequence_fm,donor,ENC-004,204623.0,56785.0,5959.0,0.02912184847255685,204623.0,0.11969105069477853,0.635752729812594,0.09328585886883214,
h3k27ac,fold_b,314159,1hop,coordinate_plus_frozen_sequence_fm,tissue,Peyers_patch,24929.0,19714.0,839.0,0.03365558185246099,24929.0,0.11278345408127569,0.6354780271241486,0.08188371634670492,
h3k27ac,fold_b,314159,1hop,coordinate_plus_frozen_sequence_fm,tissue,adrenal_gland,14649.0,12377.0,378.0,0.025803809133729264,14649.0,0.18265541704672567,0.6947269576552738,0.16100618066831227,
h3k27ac,fold_b,314159,1hop,coordinate_plus_frozen_sequence_fm,tissue,ascending_aorta,13869.0,12676.0,271.0,0.019539981253154516,13869.0,0.0910917669477864,0.5882945397331601,0.07297776995137885,
h3k27ac,fold_b,314159,1hop,coordinate_plus_frozen_sequence_fm,tissue,body_of_pancreas,29401.0,24069.0,1205.0,0.04098500051018673,29401.0,0.09654885141880995,0.5461960261571489,0.057938458666634676,
h3k27ac,fold_b,314159,1hop,coordinate_plus_frozen_sequence_fm,tissue,breast_epithelium,24545.0,22747.0,518.0,0.021104094520268894,24545.0,0.09459710504331376,0.6232089205306836,0.0750774521699811,
h3k27ac,fold_b,314159,1hop,coordinate_plus_frozen_sequence_fm,tissue,coronary_artery,12669.0,11703.0,291.0,0.02296945299550083,12669.0,0.15490019696485613,0.6812201172793544,0.13503236349553743,
h3k27ac,fold_b,314159,1hop,coordinate_plus_frozen_sequence_fm,tissue,esophagus_muscularis_mucosa,44339.0,33006.0,1043.0,0.02352330905072284,44339.0,0.10534703670090595,0.6241273365214477,0.08379486003976047,
h3k27ac,fold_b,314159,1hop,coordinate_plus_frozen_sequence_fm,tissue,esophagus_squamous_epithelium,41914.0,32563.0,898.0,0.02142482225509376,41914.0,0.09506821841938953,0.6103301449420792,0.07525573695217215,
h3k27ac,fold_b,314159,1hop,coordinate_plus_frozen_sequence_fm,tissue,gastrocnemius_medialis,79621.0,59558.0,2347.0,0.029477147988595975,79621.0,0.07217891679346271,0.5691267939706778,0.043998725755264305,
h3k27ac,fold_b,314159,1hop,coordinate_plus_frozen_sequence_fm,tissue,gastroesophageal_sphincter,46931.0,36388.0,1149.0,0.024482751273145684,46931.0,0.09698262321234619,0.6169116008552888,0.07431941570876369,
h3k27ac,fold_b,314159,1hop,coordinate_plus_frozen_sequence_fm,tissue,heart_left_ventricle,11834.0,10848.0,280.0,0.023660638837248605,11834.0,0.1393516479048736,0.7060523257251663,0.11849466862612723,
h3k27ac,fold_b,314159,1hop,coordinate_plus_frozen_sequence_fm,tissue,ovary,1440.0,1440.0,75.0,0.052083333333333336,1440.0,0.21872697122919008,0.7671355311355312,0.17579988173628844,
h3k27ac,fold_b,314159,1hop,coordinate_plus_frozen_sequence_fm,tissue,prostate_gland,20123.0,18014.0,472.0,0.02345574715499677,20123.0,0.1263992024155555,0.655634950651582,0.1054160678951821,
h3k27ac,fold_b,314159,1hop,coordinate_plus_frozen_sequence_fm,tissue,right_atrium_auricular_region,14504.0,13139.0,348.0,0.02399338113623828,14504.0,0.13410643786239687,0.6981133664942042,0.11281998973977142,
h3k27ac,fold_b,314159,1hop,coordinate_plus_frozen_sequence_fm,tissue,right_lobe_of_liver,14893.0,14893.0,428.0,0.028738333445242733,14893.0,0.0609851985284007,0.511527179689292,0.03320100668395932,
h3k27ac,fold_b,314159,1hop,coordinate_plus_frozen_sequence_fm,tissue,sigmoid_colon,50834.0,38481.0,1200.0,0.02360624778691427,50834.0,0.09375934739564794,0.6309548981880699,0.07184918937644291,
h3k27ac,fold_b,314159,1hop,coordinate_plus_frozen_sequence_fm,tissue,spleen,90785.0,67195.0,2586.0,0.02848488186374401,90785.0,0.06408272462368597,0.5760891139208006,0.03664157365685927,
h3k27ac,fold_b,314159,1hop,coordinate_plus_frozen_sequence_fm,tissue,stomach,32217.0,24552.0,732.0,0.022720923735915822,32217.0,0.10523249522233274,0.6565870988960829,0.08442989673107493,
h3k27ac,fold_b,314159,1hop,coordinate_plus_frozen_sequence_fm,tissue,suprapubic_skin,6662.0,6662.0,172.0,0.0258180726508556,6662.0,0.1877747007248303,0.6703313684738597,0.16624885303987974,
h3k27ac,fold_b,314159,1hop,coordinate_plus_frozen_sequence_fm,tissue,testis,9406.0,8659.0,229.0,0.024346162024239847,9406.0,0.14721409807428842,0.7080133883217632,0.12593394426138793,
h3k27ac,fold_b,314159,1hop,coordinate_plus_frozen_sequence_fm,tissue,thoracic_aorta,14610.0,12848.0,194.0,0.013278576317590692,14610.0,0.16317564467519127,0.7033357838369738,0.15191427363377805,
h3k27ac,fold_b,314159,1hop,coordinate_plus_frozen_sequence_fm,tissue,thyroid_gland,27382.0,22518.0,588.0,0.021473960996274924,27382.0,0.1167690537083983,0.6376750950436156,0.09738636368751818,
h3k27ac,fold_b,314159,1hop,coordinate_plus_frozen_sequence_fm,tissue,tibial_artery,24622.0,22555.0,470.0,0.019088619933392902,24622.0,0.11055004123465664,0.6484975034004496,0.09324126843655664,
h3k27ac,fold_b,314159,1hop,coordinate_plus_frozen_sequence_fm,tissue,tibial_nerve,26182.0,21977.0,544.0,0.020777633488656327,26182.0,0.12785096824271186,0.6892735980713371,0.10934527071264069,
h3k27ac,fold_b,314159,1hop,coordinate_plus_frozen_sequence_fm,tissue,transverse_colon,66857.0,49140.0,1901.0,0.0284338214397894,66857.0,0.0849924822029167,0.601920860020358,0.05821390452984178,
h3k27ac,fold_b,314159,1hop,coordinate_plus_frozen_sequence_fm,tissue,upper_lobe_of_left_lung,22498.0,17361.0,629.0,0.0279580407147302,22498.0,0.12443800919122078,0.6390658975932786,0.0992549421914164,
h3k27ac,fold_b,314159,1hop,coordinate_plus_frozen_sequence_fm,tissue,uterus,22464.0,20210.0,460.0,0.02047720797720798,22464.0,0.09413808190267522,0.635787465520103,0.07520077585264935,
h3k27ac,fold_b,314159,1hop,coordinate_plus_frozen_sequence_fm,tissue,vagina,12642.0,11626.0,309.0,0.02444233507356431,12642.0,0.13345043830821662,0.6895027601113333,0.11173927196079418,
h3k27ac,fold_b,314159,1hop,coordinate_plus_frozen_sequence_fm_plus_frozen_pangenomefm,measurement_weight,all,802822.0,179823.0,20556.0,0.02560467949308813,802822.0,0.09831966330963093,0.6384283107609295,0.07462575228575002,
h3k27ac,fold_b,314159,1hop,coordinate_plus_frozen_sequence_fm_plus_frozen_pangenomefm,equal_locus_weight,all,802822.0,179823.0,20556.0,0.02407340889441745,179823.0,0.043208969046950374,0.5717478766840842,0.019607581478905216,
h3k27ac,fold_b,314159,1hop,coordinate_plus_frozen_sequence_fm_plus_frozen_pangenomefm,donor,ENC-001,224618.0,71138.0,6243.0,0.02779385445511936,224618.0,0.09920993232356368,0.6067044150925854,0.0734577519343067,
h3k27ac,fold_b,314159,1hop,coordinate_plus_frozen_sequence_fm_plus_frozen_pangenomefm,donor,ENC-002,191888.0,64914.0,4372.0,0.022784124072375553,191888.0,0.09011992514207941,0.6418517867445119,0.06890575841881937,
h3k27ac,fold_b,314159,1hop,coordinate_plus_frozen_sequence_fm_plus_frozen_pangenomefm,donor,ENC-003,181693.0,52410.0,3982.0,0.021916089227433086,181693.0,0.0820770084719995,0.6435777466064131,0.061508954990422686,
h3k27ac,fold_b,314159,1hop,coordinate_plus_frozen_sequence_fm_plus_frozen_pangenomefm,donor,ENC-004,204623.0,56785.0,5959.0,0.02912184847255685,204623.0,0.1284411846607613,0.6654608659312913,0.10229845633249586,
h3k27ac,fold_b,314159,1hop,coordinate_plus_frozen_sequence_fm_plus_frozen_pangenomefm,tissue,Peyers_patch,24929.0,19714.0,839.0,0.03365558185246099,24929.0,0.11731249967866592,0.6736515233151803,0.08657049831836708,
h3k27ac,fold_b,314159,1hop,coordinate_plus_frozen_sequence_fm_plus_frozen_pangenomefm,tissue,adrenal_gland,14649.0,12377.0,378.0,0.025803809133729264,14649.0,0.19355871425756932,0.7087851412881193,0.1721982765860229,
h3k27ac,fold_b,314159,1hop,coordinate_plus_frozen_sequence_fm_plus_frozen_pangenomefm,tissue,ascending_aorta,13869.0,12676.0,271.0,0.019539981253154516,13869.0,0.09452122600705905,0.6072673754388669,0.07647557607676878,
h3k27ac,fold_b,314159,1hop,coordinate_plus_frozen_sequence_fm_plus_frozen_pangenomefm,tissue,body_of_pancreas,29401.0,24069.0,1205.0,0.04098500051018673,29401.0,0.10052406597014978,0.5588740994426095,0.062083560206709236,
h3k27ac,fold_b,314159,1hop,coordinate_plus_frozen_sequence_fm_plus_frozen_pangenomefm,tissue,breast_epithelium,24545.0,22747.0,518.0,0.021104094520268894,24545.0,0.1030470241530721,0.6468932634184226,0.08370954375648872,
h3k27ac,fold_b,314159,1hop,coordinate_plus_frozen_sequence_fm_plus_frozen_pangenomefm,tissue,coronary_artery,12669.0,11703.0,291.0,0.02296945299550083,12669.0,0.1632435294364289,0.6909494397276179,0.14357184314348986,
h3k27ac,fold_b,314159,1hop,coordinate_plus_frozen_sequence_fm_plus_frozen_pangenomefm,tissue,esophagus_muscularis_mucosa,44339.0,33006.0,1043.0,0.02352330905072284,44339.0,0.10862641147689275,0.6388259723784154,0.08715323490562518,
h3k27ac,fold_b,314159,1hop,coordinate_plus_frozen_sequence_fm_plus_frozen_pangenomefm,tissue,esophagus_squamous_epithelium,41914.0,32563.0,898.0,0.02142482225509376,41914.0,0.09864232804116135,0.627038940314671,0.07890809775495507,
h3k27ac,fold_b,314159,1hop,coordinate_plus_frozen_sequence_fm_plus_frozen_pangenomefm,tissue,gastrocnemius_medialis,79621.0,59558.0,2347.0,0.029477147988595975,79621.0,0.07876208457552929,0.6020509480487978,0.05078184041188779,
h3k27ac,fold_b,314159,1hop,coordinate_plus_frozen_sequence_fm_plus_frozen_pangenomefm,tissue,gastroesophageal_sphincter,46931.0,36388.0,1149.0,0.024482751273145684,46931.0,0.10248827421826745,0.6339716765711374,0.07996324313786007,
h3k27ac,fold_b,314159,1hop,coordinate_plus_frozen_sequence_fm_plus_frozen_pangenomefm,tissue,heart_left_ventricle,11834.0,10848.0,280.0,0.023660638837248605,11834.0,0.1403790031493657,0.7250619760627117,0.1195469208299804,
h3k27ac,fold_b,314159,1hop,coordinate_plus_frozen_sequence_fm_plus_frozen_pangenomefm,tissue,ovary,1440.0,1440.0,75.0,0.052083333333333336,1440.0,0.23552812218497968,0.7935677655677655,0.19352417285448406,
h3k27ac,fold_b,314159,1hop,coordinate_plus_frozen_sequence_fm_plus_frozen_pangenomefm,tissue,prostate_gland,20123.0,18014.0,472.0,0.02345574715499677,20123.0,0.12149780022414583,0.6671628066540798,0.10039693826830627,
h3k27ac,fold_b,314159,1hop,coordinate_plus_frozen_sequence_fm_plus_frozen_pangenomefm,tissue,right_atrium_auricular_region,14504.0,13139.0,348.0,0.02399338113623828,14504.0,0.14478997575750907,0.7474726406576311,0.12376616335030458,
h3k27ac,fold_b,314159,1hop,coordinate_plus_frozen_sequence_fm_plus_frozen_pangenomefm,tissue,right_lobe_of_liver,14893.0,14893.0,428.0,0.028738333445242733,14893.0,0.06725810103060734,0.5440786009413634,0.039659515979871066,
h3k27ac,fold_b,314159,1hop,coordinate_plus_frozen_sequence_fm_plus_frozen_pangenomefm,tissue,sigmoid_colon,50834.0,38481.0,1200.0,0.02360624778691427,50834.0,0.0966037943143135,0.6401212710373265,0.07476240641845937,
h3k27ac,fold_b,314159,1hop,coordinate_plus_frozen_sequence_fm_plus_frozen_pangenomefm,tissue,spleen,90785.0,67195.0,2586.0,0.02848488186374401,90785.0,0.0680125707918181,0.5940881140550239,0.040686643151682064,
h3k27ac,fold_b,314159,1hop,coordinate_plus_frozen_sequence_fm_plus_frozen_pangenomefm,tissue,stomach,32217.0,24552.0,732.0,0.022720923735915822,32217.0,0.10980827807665886,0.683174158741564,0.08911206272179509,
h3k27ac,fold_b,314159,1hop,coordinate_plus_frozen_sequence_fm_plus_frozen_pangenomefm,tissue,suprapubic_skin,6662.0,6662.0,172.0,0.0258180726508556,6662.0,0.1703107191088403,0.6892473214605654,0.14832203554747211,
h3k27ac,fold_b,314159,1hop,coordinate_plus_frozen_sequence_fm_plus_frozen_pangenomefm,tissue,testis,9406.0,8659.0,229.0,0.024346162024239847,9406.0,0.14239757391581628,0.7211552233536186,0.120997230059079,
h3k27ac,fold_b,314159,1hop,coordinate_plus_frozen_sequence_fm_plus_frozen_pangenomefm,tissue,thoracic_aorta,14610.0,12848.0,194.0,0.013278576317590692,14610.0,0.15245476904709673,0.7070880579424923,0.14104912429093253,
h3k27ac,fold_b,314159,1hop,coordinate_plus_frozen_sequence_fm_plus_frozen_pangenomefm,tissue,thyroid_gland,27382.0,22518.0,588.0,0.021473960996274924,27382.0,0.1166455236182046,0.6596587392141301,0.09726012270335442,
h3k27ac,fold_b,314159,1hop,coordinate_plus_frozen_sequence_fm_plus_frozen_pangenomefm,tissue,tibial_artery,24622.0,22555.0,470.0,0.019088619933392902,24622.0,0.11346538876480894,0.6601946096706673,0.09621334888071902,
h3k27ac,fold_b,314159,1hop,coordinate_plus_frozen_sequence_fm_plus_frozen_pangenomefm,tissue,tibial_nerve,26182.0,21977.0,544.0,0.020777633488656327,26182.0,0.12296723896794802,0.6826744351789393,0.10435791600978295,
h3k27ac,fold_b,314159,1hop,coordinate_plus_frozen_sequence_fm_plus_frozen_pangenomefm,tissue,transverse_colon,66857.0,49140.0,1901.0,0.0284338214397894,66857.0,0.08583936702028376,0.6427883129174579,0.05908557424833906,
h3k27ac,fold_b,314159,1hop,coordinate_plus_frozen_sequence_fm_plus_frozen_pangenomefm,tissue,upper_lobe_of_left_lung,22498.0,17361.0,629.0,0.0279580407147302,22498.0,0.12396352136417096,0.6674811227804587,0.09876680706255972,
h3k27ac,fold_b,314159,1hop,coordinate_plus_frozen_sequence_fm_plus_frozen_pangenomefm,tissue,uterus,22464.0,20210.0,460.0,0.02047720797720798,22464.0,0.10477207710366603,0.6504111900603052,0.08605707780661487,
h3k27ac,fold_b,314159,1hop,coordinate_plus_frozen_sequence_fm_plus_frozen_pangenomefm,tissue,vagina,12642.0,11626.0,309.0,0.02444233507356431,12642.0,0.14480086001389605,0.7121680276323396,0.12337407543141767,
h3k27ac,fold_b,314159,strict,coordinate_plus_frozen_sequence_fm,measurement_weight,all,802822.0,179823.0,20556.0,0.02560467949308813,802822.0,0.09523353549261115,0.6162271111964371,0.07145852872456308,
h3k27ac,fold_b,314159,strict,coordinate_plus_frozen_sequence_fm,equal_locus_weight,all,802822.0,179823.0,20556.0,0.02407340889441745,179823.0,0.04151493418520522,0.5593000327857846,0.017871759464027994,
h3k27ac,fold_b,314159,strict,coordinate_plus_frozen_sequence_fm,donor,ENC-001,224618.0,71138.0,6243.0,0.02779385445511936,224618.0,0.10121516091115716,0.5908638195442892,0.07552030687369113,
h3k27ac,fold_b,314159,strict,coordinate_plus_frozen_sequence_fm,donor,ENC-002,191888.0,64914.0,4372.0,0.022784124072375553,191888.0,0.08542511259073739,0.6201867590068119,0.06410148469896657,
h3k27ac,fold_b,314159,strict,coordinate_plus_frozen_sequence_fm,donor,ENC-003,181693.0,52410.0,3982.0,0.021916089227433086,181693.0,0.07935881296381733,0.6222841195777655,0.05872985242238726,
h3k27ac,fold_b,314159,strict,coordinate_plus_frozen_sequence_fm,donor,ENC-004,204623.0,56785.0,5959.0,0.02912184847255685,204623.0,0.11969105069477853,0.635752729812594,0.09328585886883214,
h3k27ac,fold_b,314159,strict,coordinate_plus_frozen_sequence_fm,tissue,Peyers_patch,24929.0,19714.0,839.0,0.03365558185246099,24929.0,0.11278345408127569,0.6354780271241486,0.08188371634670492,
h3k27ac,fold_b,314159,strict,coordinate_plus_frozen_sequence_fm,tissue,adrenal_gland,14649.0,12377.0,378.0,0.025803809133729264,14649.0,0.18265541704672567,0.6947269576552738,0.16100618066831227,
h3k27ac,fold_b,314159,strict,coordinate_plus_frozen_sequence_fm,tissue,ascending_aorta,13869.0,12676.0,271.0,0.019539981253154516,13869.0,0.0910917669477864,0.5882945397331601,0.07297776995137885,
h3k27ac,fold_b,314159,strict,coordinate_plus_frozen_sequence_fm,tissue,body_of_pancreas,29401.0,24069.0,1205.0,0.04098500051018673,29401.0,0.09654885141880995,0.5461960261571489,0.057938458666634676,
h3k27ac,fold_b,314159,strict,coordinate_plus_frozen_sequence_fm,tissue,breast_epithelium,24545.0,22747.0,518.0,0.021104094520268894,24545.0,0.09459710504331376,0.6232089205306836,0.0750774521699811,
h3k27ac,fold_b,314159,strict,coordinate_plus_frozen_sequence_fm,tissue,coronary_artery,12669.0,11703.0,291.0,0.02296945299550083,12669.0,0.15490019696485613,0.6812201172793544,0.13503236349553743,
h3k27ac,fold_b,314159,strict,coordinate_plus_frozen_sequence_fm,tissue,esophagus_muscularis_mucosa,44339.0,33006.0,1043.0,0.02352330905072284,44339.0,0.10534703670090595,0.6241273365214477,0.08379486003976047,
h3k27ac,fold_b,314159,strict,coordinate_plus_frozen_sequence_fm,tissue,esophagus_squamous_epithelium,41914.0,32563.0,898.0,0.02142482225509376,41914.0,0.09506821841938953,0.6103301449420792,0.07525573695217215,
h3k27ac,fold_b,314159,strict,coordinate_plus_frozen_sequence_fm,tissue,gastrocnemius_medialis,79621.0,59558.0,2347.0,0.029477147988595975,79621.0,0.07217891679346271,0.5691267939706778,0.043998725755264305,
h3k27ac,fold_b,314159,strict,coordinate_plus_frozen_sequence_fm,tissue,gastroesophageal_sphincter,46931.0,36388.0,1149.0,0.024482751273145684,46931.0,0.09698262321234619,0.6169116008552888,0.07431941570876369,
h3k27ac,fold_b,314159,strict,coordinate_plus_frozen_sequence_fm,tissue,heart_left_ventricle,11834.0,10848.0,280.0,0.023660638837248605,11834.0,0.1393516479048736,0.7060523257251663,0.11849466862612723,
h3k27ac,fold_b,314159,strict,coordinate_plus_frozen_sequence_fm,tissue,ovary,1440.0,1440.0,75.0,0.052083333333333336,1440.0,0.21872697122919008,0.7671355311355312,0.17579988173628844,
h3k27ac,fold_b,314159,strict,coordinate_plus_frozen_sequence_fm,tissue,prostate_gland,20123.0,18014.0,472.0,0.02345574715499677,20123.0,0.1263992024155555,0.655634950651582,0.1054160678951821,
h3k27ac,fold_b,314159,strict,coordinate_plus_frozen_sequence_fm,tissue,right_atrium_auricular_region,14504.0,13139.0,348.0,0.02399338113623828,14504.0,0.13410643786239687,0.6981133664942042,0.11281998973977142,
h3k27ac,fold_b,314159,strict,coordinate_plus_frozen_sequence_fm,tissue,right_lobe_of_liver,14893.0,14893.0,428.0,0.028738333445242733,14893.0,0.0609851985284007,0.511527179689292,0.03320100668395932,
h3k27ac,fold_b,314159,strict,coordinate_plus_frozen_sequence_fm,tissue,sigmoid_colon,50834.0,38481.0,1200.0,0.02360624778691427,50834.0,0.09375934739564794,0.6309548981880699,0.07184918937644291,
h3k27ac,fold_b,314159,strict,coordinate_plus_frozen_sequence_fm,tissue,spleen,90785.0,67195.0,2586.0,0.02848488186374401,90785.0,0.06408272462368597,0.5760891139208006,0.03664157365685927,
h3k27ac,fold_b,314159,strict,coordinate_plus_frozen_sequence_fm,tissue,stomach,32217.0,24552.0,732.0,0.022720923735915822,32217.0,0.10523249522233274,0.6565870988960829,0.08442989673107493,
h3k27ac,fold_b,314159,strict,coordinate_plus_frozen_sequence_fm,tissue,suprapubic_skin,6662.0,6662.0,172.0,0.0258180726508556,6662.0,0.1877747007248303,0.6703313684738597,0.16624885303987974,
h3k27ac,fold_b,314159,strict,coordinate_plus_frozen_sequence_fm,tissue,testis,9406.0,8659.0,229.0,0.024346162024239847,9406.0,0.14721409807428842,0.7080133883217632,0.12593394426138793,
h3k27ac,fold_b,314159,strict,coordinate_plus_frozen_sequence_fm,tissue,thoracic_aorta,14610.0,12848.0,194.0,0.013278576317590692,14610.0,0.16317564467519127,0.7033357838369738,0.15191427363377805,
h3k27ac,fold_b,314159,strict,coordinate_plus_frozen_sequence_fm,tissue,thyroid_gland,27382.0,22518.0,588.0,0.021473960996274924,27382.0,0.1167690537083983,0.6376750950436156,0.09738636368751818,
h3k27ac,fold_b,314159,strict,coordinate_plus_frozen_sequence_fm,tissue,tibial_artery,24622.0,22555.0,470.0,0.019088619933392902,24622.0,0.11055004123465664,0.6484975034004496,0.09324126843655664,
h3k27ac,fold_b,314159,strict,coordinate_plus_frozen_sequence_fm,tissue,tibial_nerve,26182.0,21977.0,544.0,0.020777633488656327,26182.0,0.12785096824271186,0.6892735980713371,0.10934527071264069,
h3k27ac,fold_b,314159,strict,coordinate_plus_frozen_sequence_fm,tissue,transverse_colon,66857.0,49140.0,1901.0,0.0284338214397894,66857.0,0.0849924822029167,0.601920860020358,0.05821390452984178,
h3k27ac,fold_b,314159,strict,coordinate_plus_frozen_sequence_fm,tissue,upper_lobe_of_left_lung,22498.0,17361.0,629.0,0.0279580407147302,22498.0,0.12443800919122078,0.6390658975932786,0.0992549421914164,
h3k27ac,fold_b,314159,strict,coordinate_plus_frozen_sequence_fm,tissue,uterus,22464.0,20210.0,460.0,0.02047720797720798,22464.0,0.09413808190267522,0.635787465520103,0.07520077585264935,
h3k27ac,fold_b,314159,strict,coordinate_plus_frozen_sequence_fm,tissue,vagina,12642.0,11626.0,309.0,0.02444233507356431,12642.0,0.13345043830821662,0.6895027601113333,0.11173927196079418,
h3k27ac,fold_b,314159,strict,coordinate_plus_frozen_sequence_fm_plus_frozen_pangenomefm,measurement_weight,all,802822.0,179823.0,20556.0,0.02560467949308813,802822.0,0.09685325275848694,0.6290764860408945,0.0731208081216287,
h3k27ac,fold_b,314159,strict,coordinate_plus_frozen_sequence_fm_plus_frozen_pangenomefm,equal_locus_weight,all,802822.0,179823.0,20556.0,0.02407340889441745,179823.0,0.04290996620880563,0.573553821162414,0.01930120306799829,
h3k27ac,fold_b,314159,strict,coordinate_plus_frozen_sequence_fm_plus_frozen_pangenomefm,donor,ENC-001,224618.0,71138.0,6243.0,0.02779385445511936,224618.0,0.09337310337395743,0.5879712964381585,0.06745405716612053,
h3k27ac,fold_b,314159,strict,coordinate_plus_frozen_sequence_fm_plus_frozen_pangenomefm,donor,ENC-002,191888.0,64914.0,4372.0,0.022784124072375553,191888.0,0.09060044837587575,0.6411260786197601,0.06939748521699506,
h3k27ac,fold_b,314159,strict,coordinate_plus_frozen_sequence_fm_plus_frozen_pangenomefm,donor,ENC-003,181693.0,52410.0,3982.0,0.021916089227433086,181693.0,0.08293729459645448,0.6375081527084246,0.062388517689471124,
h3k27ac,fold_b,314159,strict,coordinate_plus_frozen_sequence_fm_plus_frozen_pangenomefm,donor,ENC-004,204623.0,56785.0,5959.0,0.02912184847255685,204623.0,0.12796604592687638,0.657953726293554,0.10180906563693083,
h3k27ac,fold_b,314159,strict,coordinate_plus_frozen_sequence_fm_plus_frozen_pangenomefm,tissue,Peyers_patch,24929.0,19714.0,839.0,0.03365558185246099,24929.0,0.12329959429285822,0.6486094062244732,0.092766109843365,
h3k27ac,fold_b,314159,strict,coordinate_plus_frozen_sequence_fm_plus_frozen_pangenomefm,tissue,adrenal_gland,14649.0,12377.0,378.0,0.025803809133729264,14649.0,0.19369212448115364,0.7168319480175692,0.1723352204838077,
h3k27ac,fold_b,314159,strict,coordinate_plus_frozen_sequence_fm_plus_frozen_pangenomefm,tissue,ascending_aorta,13869.0,12676.0,271.0,0.019539981253154516,13869.0,0.09408868266676845,0.5942917316362456,0.0760344124066342,
h3k27ac,fold_b,314159,strict,coordinate_plus_frozen_sequence_fm_plus_frozen_pangenomefm,tissue,body_of_pancreas,29401.0,24069.0,1205.0,0.04098500051018673,29401.0,0.1010087826173335,0.5588858723964848,0.06258899197518167,
h3k27ac,fold_b,314159,strict,coordinate_plus_frozen_sequence_fm_plus_frozen_pangenomefm,tissue,breast_epithelium,24545.0,22747.0,518.0,0.021104094520268894,24545.0,0.09960324180347399,0.6409783443433088,0.08019151662988591,
h3k27ac,fold_b,314159,strict,coordinate_plus_frozen_sequence_fm_plus_frozen_pangenomefm,tissue,coronary_artery,12669.0,11703.0,291.0,0.02296945299550083,12669.0,0.16885857811018112,0.7011262915748426,0.14931889853594157,
h3k27ac,fold_b,314159,strict,coordinate_plus_frozen_sequence_fm_plus_frozen_pangenomefm,tissue,esophagus_muscularis_mucosa,44339.0,33006.0,1043.0,0.02352330905072284,44339.0,0.10407988500247405,0.6212761080451169,0.08249718267564433,
h3k27ac,fold_b,314159,strict,coordinate_plus_frozen_sequence_fm_plus_frozen_pangenomefm,tissue,esophagus_squamous_epithelium,41914.0,32563.0,898.0,0.02142482225509376,41914.0,0.09912355197144673,0.6246385380380648,0.07939985755147305,
h3k27ac,fold_b,314159,strict,coordinate_plus_frozen_sequence_fm_plus_frozen_pangenomefm,tissue,gastrocnemius_medialis,79621.0,59558.0,2347.0,0.029477147988595975,79621.0,0.06870933098900554,0.5739774055742789,0.04042376016092877,
h3k27ac,fold_b,314159,strict,coordinate_plus_frozen_sequence_fm_plus_frozen_pangenomefm,tissue,gastroesophageal_sphincter,46931.0,36388.0,1149.0,0.024482751273145684,46931.0,0.09952820897556072,0.6268858957303959,0.0769288885464165,
h3k27ac,fold_b,314159,strict,coordinate_plus_frozen_sequence_fm_plus_frozen_pangenomefm,tissue,heart_left_ventricle,11834.0,10848.0,280.0,0.023660638837248605,11834.0,0.143675738305055,0.7069790301441677,0.12292354916929384,
h3k27ac,fold_b,314159,strict,coordinate_plus_frozen_sequence_fm_plus_frozen_pangenomefm,tissue,ovary,1440.0,1440.0,75.0,0.052083333333333336,1440.0,0.22449228925093356,0.7955897435897437,0.18188197547351231,
h3k27ac,fold_b,314159,strict,coordinate_plus_frozen_sequence_fm_plus_frozen_pangenomefm,tissue,prostate_gland,20123.0,18014.0,472.0,0.02345574715499677,20123.0,0.1202381059192112,0.6587559372921894,0.09910698719720558,
h3k27ac,fold_b,314159,strict,coordinate_plus_frozen_sequence_fm_plus_frozen_pangenomefm,tissue,right_atrium_auricular_region,14504.0,13139.0,348.0,0.02399338113623828,14504.0,0.14869821058155508,0.7417370847989398,0.12777047515363626,
h3k27ac,fold_b,314159,strict,coordinate_plus_frozen_sequence_fm_plus_frozen_pangenomefm,tissue,right_lobe_of_liver,14893.0,14893.0,428.0,0.028738333445242733,14893.0,0.058161976356025456,0.5111787718340435,0.030294249144160876,
h3k27ac,fold_b,314159,strict,coordinate_plus_frozen_sequence_fm_plus_frozen_pangenomefm,tissue,sigmoid_colon,50834.0,38481.0,1200.0,0.02360624778691427,50834.0,0.09501820586070792,0.6347329031846449,0.07313848323172072,
h3k27ac,fold_b,314159,strict,coordinate_plus_frozen_sequence_fm_plus_frozen_pangenomefm,tissue,spleen,90785.0,67195.0,2586.0,0.02848488186374401,90785.0,0.06268251666852714,0.5826063007152312,0.035200311519997245,
h3k27ac,fold_b,314159,strict,coordinate_plus_frozen_sequence_fm_plus_frozen_pangenomefm,tissue,stomach,32217.0,24552.0,732.0,0.022720923735915822,32217.0,0.11156271895817124,0.674555322119736,0.09090729289107204,
h3k27ac,fold_b,314159,strict,coordinate_plus_frozen_sequence_fm_plus_frozen_pangenomefm,tissue,suprapubic_skin,6662.0,6662.0,172.0,0.0258180726508556,6662.0,0.16098822808619864,0.6680702870247608,0.13875247696614104,
h3k27ac,fold_b,314159,strict,coordinate_plus_frozen_sequence_fm_plus_frozen_pangenomefm,tissue,testis,9406.0,8659.0,229.0,0.024346162024239847,9406.0,0.14868341485331557,0.7320891463517347,0.1274399259137285,
h3k27ac,fold_b,314159,strict,coordinate_plus_frozen_sequence_fm_plus_frozen_pangenomefm,tissue,thoracic_aorta,14610.0,12848.0,194.0,0.013278576317590692,14610.0,0.16561546145445494,0.6981940169571038,0.15438692368545967,
h3k27ac,fold_b,314159,strict,coordinate_plus_frozen_sequence_fm_plus_frozen_pangenomefm,tissue,thyroid_gland,27382.0,22518.0,588.0,0.021473960996274924,27382.0,0.11486933320885392,0.6525090778268463,0.09544495341960284,
h3k27ac,fold_b,314159,strict,coordinate_plus_frozen_sequence_fm_plus_frozen_pangenomefm,tissue,tibial_artery,24622.0,22555.0,470.0,0.019088619933392902,24622.0,0.11066526512824483,0.6350799986609628,0.09335873459703727,
h3k27ac,fold_b,314159,strict,coordinate_plus_frozen_sequence_fm_plus_frozen_pangenomefm,tissue,tibial_nerve,26182.0,21977.0,544.0,0.020777633488656327,26182.0,0.1270437205245489,0.6819674409080272,0.10852089440571572,
h3k27ac,fold_b,314159,strict,coordinate_plus_frozen_sequence_fm_plus_frozen_pangenomefm,tissue,transverse_colon,66857.0,49140.0,1901.0,0.0284338214397894,66857.0,0.09204370987621309,0.6524578293422693,0.06547149318298508,
h3k27ac,fold_b,314159,strict,coordinate_plus_frozen_sequence_fm_plus_frozen_pangenomefm,tissue,upper_lobe_of_left_lung,22498.0,17361.0,629.0,0.0279580407147302,22498.0,0.12702843719526274,0.6525608732035773,0.10191987653843437,
h3k27ac,fold_b,314159,strict,coordinate_plus_frozen_sequence_fm_plus_frozen_pangenomefm,tissue,uterus,22464.0,20210.0,460.0,0.02047720797720798,22464.0,0.09921571557287534,0.6497902555266631,0.08038455892697108,
h3k27ac,fold_b,314159,strict,coordinate_plus_frozen_sequence_fm_plus_frozen_pangenomefm,tissue,vagina,12642.0,11626.0,309.0,0.02444233507356431,12642.0,0.14551468720887006,0.705297729117318,0.12410578737489138,
h3k27ac,fold_b,42,1hop,coordinate_plus_frozen_sequence_fm,measurement_weight,all,802822.0,179823.0,20556.0,0.02560467949308813,802822.0,0.09523353549261115,0.6162271111964371,0.07145852872456308,
h3k27ac,fold_b,42,1hop,coordinate_plus_frozen_sequence_fm,equal_locus_weight,all,802822.0,179823.0,20556.0,0.02407340889441745,179823.0,0.04151493418520522,0.5593000327857846,0.017871759464027994,
h3k27ac,fold_b,42,1hop,coordinate_plus_frozen_sequence_fm,donor,ENC-001,224618.0,71138.0,6243.0,0.02779385445511936,224618.0,0.10121516091115716,0.5908638195442892,0.07552030687369113,
h3k27ac,fold_b,42,1hop,coordinate_plus_frozen_sequence_fm,donor,ENC-002,191888.0,64914.0,4372.0,0.022784124072375553,191888.0,0.08542511259073739,0.6201867590068119,0.06410148469896657,
h3k27ac,fold_b,42,1hop,coordinate_plus_frozen_sequence_fm,donor,ENC-003,181693.0,52410.0,3982.0,0.021916089227433086,181693.0,0.07935881296381733,0.6222841195777655,0.05872985242238726,
h3k27ac,fold_b,42,1hop,coordinate_plus_frozen_sequence_fm,donor,ENC-004,204623.0,56785.0,5959.0,0.02912184847255685,204623.0,0.11969105069477853,0.635752729812594,0.09328585886883214,
h3k27ac,fold_b,42,1hop,coordinate_plus_frozen_sequence_fm,tissue,Peyers_patch,24929.0,19714.0,839.0,0.03365558185246099,24929.0,0.11278345408127569,0.6354780271241486,0.08188371634670492,
h3k27ac,fold_b,42,1hop,coordinate_plus_frozen_sequence_fm,tissue,adrenal_gland,14649.0,12377.0,378.0,0.025803809133729264,14649.0,0.18265541704672567,0.6947269576552738,0.16100618066831227,
h3k27ac,fold_b,42,1hop,coordinate_plus_frozen_sequence_fm,tissue,ascending_aorta,13869.0,12676.0,271.0,0.019539981253154516,13869.0,0.0910917669477864,0.5882945397331601,0.07297776995137885,
h3k27ac,fold_b,42,1hop,coordinate_plus_frozen_sequence_fm,tissue,body_of_pancreas,29401.0,24069.0,1205.0,0.04098500051018673,29401.0,0.09654885141880995,0.5461960261571489,0.057938458666634676,
h3k27ac,fold_b,42,1hop,coordinate_plus_frozen_sequence_fm,tissue,breast_epithelium,24545.0,22747.0,518.0,0.021104094520268894,24545.0,0.09459710504331376,0.6232089205306836,0.0750774521699811,
h3k27ac,fold_b,42,1hop,coordinate_plus_frozen_sequence_fm,tissue,coronary_artery,12669.0,11703.0,291.0,0.02296945299550083,12669.0,0.15490019696485613,0.6812201172793544,0.13503236349553743,
h3k27ac,fold_b,42,1hop,coordinate_plus_frozen_sequence_fm,tissue,esophagus_muscularis_mucosa,44339.0,33006.0,1043.0,0.02352330905072284,44339.0,0.10534703670090595,0.6241273365214477,0.08379486003976047,
h3k27ac,fold_b,42,1hop,coordinate_plus_frozen_sequence_fm,tissue,esophagus_squamous_epithelium,41914.0,32563.0,898.0,0.02142482225509376,41914.0,0.09506821841938953,0.6103301449420792,0.07525573695217215,
h3k27ac,fold_b,42,1hop,coordinate_plus_frozen_sequence_fm,tissue,gastrocnemius_medialis,79621.0,59558.0,2347.0,0.029477147988595975,79621.0,0.07217891679346271,0.5691267939706778,0.043998725755264305,
h3k27ac,fold_b,42,1hop,coordinate_plus_frozen_sequence_fm,tissue,gastroesophageal_sphincter,46931.0,36388.0,1149.0,0.024482751273145684,46931.0,0.09698262321234619,0.6169116008552888,0.07431941570876369,
h3k27ac,fold_b,42,1hop,coordinate_plus_frozen_sequence_fm,tissue,heart_left_ventricle,11834.0,10848.0,280.0,0.023660638837248605,11834.0,0.1393516479048736,0.7060523257251663,0.11849466862612723,
h3k27ac,fold_b,42,1hop,coordinate_plus_frozen_sequence_fm,tissue,ovary,1440.0,1440.0,75.0,0.052083333333333336,1440.0,0.21872697122919008,0.7671355311355312,0.17579988173628844,
h3k27ac,fold_b,42,1hop,coordinate_plus_frozen_sequence_fm,tissue,prostate_gland,20123.0,18014.0,472.0,0.02345574715499677,20123.0,0.1263992024155555,0.655634950651582,0.1054160678951821,
h3k27ac,fold_b,42,1hop,coordinate_plus_frozen_sequence_fm,tissue,right_atrium_auricular_region,14504.0,13139.0,348.0,0.02399338113623828,14504.0,0.13410643786239687,0.6981133664942042,0.11281998973977142,
h3k27ac,fold_b,42,1hop,coordinate_plus_frozen_sequence_fm,tissue,right_lobe_of_liver,14893.0,14893.0,428.0,0.028738333445242733,14893.0,0.0609851985284007,0.511527179689292,0.03320100668395932,
h3k27ac,fold_b,42,1hop,coordinate_plus_frozen_sequence_fm,tissue,sigmoid_colon,50834.0,38481.0,1200.0,0.02360624778691427,50834.0,0.09375934739564794,0.6309548981880699,0.07184918937644291,
h3k27ac,fold_b,42,1hop,coordinate_plus_frozen_sequence_fm,tissue,spleen,90785.0,67195.0,2586.0,0.02848488186374401,90785.0,0.06408272462368597,0.5760891139208006,0.03664157365685927,
h3k27ac,fold_b,42,1hop,coordinate_plus_frozen_sequence_fm,tissue,stomach,32217.0,24552.0,732.0,0.022720923735915822,32217.0,0.10523249522233274,0.6565870988960829,0.08442989673107493,
h3k27ac,fold_b,42,1hop,coordinate_plus_frozen_sequence_fm,tissue,suprapubic_skin,6662.0,6662.0,172.0,0.0258180726508556,6662.0,0.1877747007248303,0.6703313684738597,0.16624885303987974,
h3k27ac,fold_b,42,1hop,coordinate_plus_frozen_sequence_fm,tissue,testis,9406.0,8659.0,229.0,0.024346162024239847,9406.0,0.14721409807428842,0.7080133883217632,0.12593394426138793,
h3k27ac,fold_b,42,1hop,coordinate_plus_frozen_sequence_fm,tissue,thoracic_aorta,14610.0,12848.0,194.0,0.013278576317590692,14610.0,0.16317564467519127,0.7033357838369738,0.15191427363377805,
h3k27ac,fold_b,42,1hop,coordinate_plus_frozen_sequence_fm,tissue,thyroid_gland,27382.0,22518.0,588.0,0.021473960996274924,27382.0,0.1167690537083983,0.6376750950436156,0.09738636368751818,
h3k27ac,fold_b,42,1hop,coordinate_plus_frozen_sequence_fm,tissue,tibial_artery,24622.0,22555.0,470.0,0.019088619933392902,24622.0,0.11055004123465664,0.6484975034004496,0.09324126843655664,
h3k27ac,fold_b,42,1hop,coordinate_plus_frozen_sequence_fm,tissue,tibial_nerve,26182.0,21977.0,544.0,0.020777633488656327,26182.0,0.12785096824271186,0.6892735980713371,0.10934527071264069,
h3k27ac,fold_b,42,1hop,coordinate_plus_frozen_sequence_fm,tissue,transverse_colon,66857.0,49140.0,1901.0,0.0284338214397894,66857.0,0.0849924822029167,0.601920860020358,0.05821390452984178,
h3k27ac,fold_b,42,1hop,coordinate_plus_frozen_sequence_fm,tissue,upper_lobe_of_left_lung,22498.0,17361.0,629.0,0.0279580407147302,22498.0,0.12443800919122078,0.6390658975932786,0.0992549421914164,
h3k27ac,fold_b,42,1hop,coordinate_plus_frozen_sequence_fm,tissue,uterus,22464.0,20210.0,460.0,0.02047720797720798,22464.0,0.09413808190267522,0.635787465520103,0.07520077585264935,
h3k27ac,fold_b,42,1hop,coordinate_plus_frozen_sequence_fm,tissue,vagina,12642.0,11626.0,309.0,0.02444233507356431,12642.0,0.13345043830821662,0.6895027601113333,0.11173927196079418,
h3k27ac,fold_b,42,1hop,coordinate_plus_frozen_sequence_fm_plus_frozen_pangenomefm,measurement_weight,all,802822.0,179823.0,20556.0,0.02560467949308813,802822.0,0.09086476722588305,0.6228094319228782,0.06697496012074905,
h3k27ac,fold_b,42,1hop,coordinate_plus_frozen_sequence_fm_plus_frozen_pangenomefm,equal_locus_weight,all,802822.0,179823.0,20556.0,0.02407340889441745,179823.0,0.042574997211711194,0.5758952818308156,0.018957971312508395,
h3k27ac,fold_b,42,1hop,coordinate_plus_frozen_sequence_fm_plus_frozen_pangenomefm,donor,ENC-001,224618.0,71138.0,6243.0,0.02779385445511936,224618.0,0.09004268777230541,0.5844067089771339,0.06402843018678739,
h3k27ac,fold_b,42,1hop,coordinate_plus_frozen_sequence_fm_plus_frozen_pangenomefm,donor,ENC-002,191888.0,64914.0,4372.0,0.022784124072375553,191888.0,0.08346649881070525,0.6218700231145387,0.062097205165365134,
h3k27ac,fold_b,42,1hop,coordinate_plus_frozen_sequence_fm_plus_frozen_pangenomefm,donor,ENC-003,181693.0,52410.0,3982.0,0.021916089227433086,181693.0,0.07572675282634674,0.6317518839052342,0.05501640810798103,
h3k27ac,fold_b,42,1hop,coordinate_plus_frozen_sequence_fm_plus_frozen_pangenomefm,donor,ENC-004,204623.0,56785.0,5959.0,0.02912184847255685,204623.0,0.12136105276567873,0.6581727852610904,0.09500595326818889,
h3k27ac,fold_b,42,1hop,coordinate_plus_frozen_sequence_fm_plus_frozen_pangenomefm,tissue,Peyers_patch,24929.0,19714.0,839.0,0.03365558185246099,24929.0,0.1101278630956597,0.6441474684474342,0.07913563715698219,
h3k27ac,fold_b,42,1hop,coordinate_plus_frozen_sequence_fm_plus_frozen_pangenomefm,tissue,adrenal_gland,14649.0,12377.0,378.0,0.025803809133729264,14649.0,0.17236701142291888,0.6853617559419536,0.15044526314444248,
h3k27ac,fold_b,42,1hop,coordinate_plus_frozen_sequence_fm_plus_frozen_pangenomefm,tissue,ascending_aorta,13869.0,12676.0,271.0,0.019539981253154516,13869.0,0.08769510218703251,0.5936274273023654,0.0695134116952459,
h3k27ac,fold_b,42,1hop,coordinate_plus_frozen_sequence_fm_plus_frozen_pangenomefm,tissue,body_of_pancreas,29401.0,24069.0,1205.0,0.04098500051018673,29401.0,0.09346555733409873,0.5377248266285379,0.054723395204278505,
h3k27ac,fold_b,42,1hop,coordinate_plus_frozen_sequence_fm_plus_frozen_pangenomefm,tissue,breast_epithelium,24545.0,22747.0,518.0,0.021104094520268894,24545.0,0.09345899319935011,0.6233216878116367,0.07391480368244259,
h3k27ac,fold_b,42,1hop,coordinate_plus_frozen_sequence_fm_plus_frozen_pangenomefm,tissue,coronary_artery,12669.0,11703.0,291.0,0.02296945299550083,12669.0,0.1422696570480729,0.6694985671841016,0.12210488650363836,
h3k27ac,fold_b,42,1hop,coordinate_plus_frozen_sequence_fm_plus_frozen_pangenomefm,tissue,esophagus_muscularis_mucosa,44339.0,33006.0,1043.0,0.02352330905072284,44339.0,0.10050197282098083,0.6195357636238918,0.07883307864258753,
h3k27ac,fold_b,42,1hop,coordinate_plus_frozen_sequence_fm_plus_frozen_pangenomefm,tissue,esophagus_squamous_epithelium,41914.0,32563.0,898.0,0.02142482225509376,41914.0,0.08796451492378185,0.6057667674258684,0.06799650571765635,
h3k27ac,fold_b,42,1hop,coordinate_plus_frozen_sequence_fm_plus_frozen_pangenomefm,tissue,gastrocnemius_medialis,79621.0,59558.0,2347.0,0.029477147988595975,79621.0,0.07553604873013184,0.6117011572838287,0.04745782198335568,
h3k27ac,fold_b,42,1hop,coordinate_plus_frozen_sequence_fm_plus_frozen_pangenomefm,tissue,gastroesophageal_sphincter,46931.0,36388.0,1149.0,0.024482751273145684,46931.0,0.09456394811772525,0.6136228664402255,0.07184003864210746,
h3k27ac,fold_b,42,1hop,coordinate_plus_frozen_sequence_fm_plus_frozen_pangenomefm,tissue,heart_left_ventricle,11834.0,10848.0,280.0,0.023660638837248605,11834.0,0.13550712462470918,0.7101155444002077,0.11455697704767254,
h3k27ac,fold_b,42,1hop,coordinate_plus_frozen_sequence_fm_plus_frozen_pangenomefm,tissue,ovary,1440.0,1440.0,75.0,0.052083333333333336,1440.0,0.22579977056960523,0.7443467643467644,0.18326129642507805,
h3k27ac,fold_b,42,1hop,coordinate_plus_frozen_sequence_fm_plus_frozen_pangenomefm,tissue,prostate_gland,20123.0,18014.0,472.0,0.02345574715499677,20123.0,0.11088291170792955,0.6317261100267464,0.08952708932363068,
h3k27ac,fold_b,42,1hop,coordinate_plus_frozen_sequence_fm_plus_frozen_pangenomefm,tissue,right_atrium_auricular_region,14504.0,13139.0,348.0,0.02399338113623828,14504.0,0.13720933990142653,0.7239238753398096,0.11599917108860486,
h3k27ac,fold_b,42,1hop,coordinate_plus_frozen_sequence_fm_plus_frozen_pangenomefm,tissue,right_lobe_of_liver,14893.0,14893.0,428.0,0.028738333445242733,14893.0,0.060148742615556285,0.5616559952964132,0.03233980115959072,
h3k27ac,fold_b,42,1hop,coordinate_plus_frozen_sequence_fm_plus_frozen_pangenomefm,tissue,sigmoid_colon,50834.0,38481.0,1200.0,0.02360624778691427,50834.0,0.08887032318734459,0.62298834971995,0.06684196334983025,
h3k27ac,fold_b,42,1hop,coordinate_plus_frozen_sequence_fm_plus_frozen_pangenomefm,tissue,spleen,90785.0,67195.0,2586.0,0.02848488186374401,90785.0,0.06347524832726353,0.579956624839454,0.03601628611878389,
h3k27ac,fold_b,42,1hop,coordinate_plus_frozen_sequence_fm_plus_frozen_pangenomefm,tissue,stomach,32217.0,24552.0,732.0,0.022720923735915822,32217.0,0.10215804813874332,0.6586325694167836,0.08128397131605189,
h3k27ac,fold_b,42,1hop,coordinate_plus_frozen_sequence_fm_plus_frozen_pangenomefm,tissue,suprapubic_skin,6662.0,6662.0,172.0,0.0258180726508556,6662.0,0.15065214208153058,0.6046623606980328,0.12814246079309038,
h3k27ac,fold_b,42,1hop,coordinate_plus_frozen_sequence_fm_plus_frozen_pangenomefm,tissue,testis,9406.0,8659.0,229.0,0.024346162024239847,9406.0,0.13787497499244555,0.6957713726122787,0.11636177561065085,
h3k27ac,fold_b,42,1hop,coordinate_plus_frozen_sequence_fm_plus_frozen_pangenomefm,tissue,thoracic_aorta,14610.0,12848.0,194.0,0.013278576317590692,14610.0,0.13272218090433527,0.6568049389567148,0.12105098938764833,
h3k27ac,fold_b,42,1hop,coordinate_plus_frozen_sequence_fm_plus_frozen_pangenomefm,tissue,thyroid_gland,27382.0,22518.0,588.0,0.021473960996274924,27382.0,0.10528622752116183,0.6128837479606308,0.08565154444966983,
h3k27ac,fold_b,42,1hop,coordinate_plus_frozen_sequence_fm_plus_frozen_pangenomefm,tissue,tibial_artery,24622.0,22555.0,470.0,0.019088619933392902,24622.0,0.10622294763588866,0.6246006233570366,0.088829969223702,
h3k27ac,fold_b,42,1hop,coordinate_plus_frozen_sequence_fm_plus_frozen_pangenomefm,tissue,tibial_nerve,26182.0,21977.0,544.0,0.020777633488656327,26182.0,0.11297068043752986,0.6549232699164385,0.09414924546436566,
h3k27ac,fold_b,42,1hop,coordinate_plus_frozen_sequence_fm_plus_frozen_pangenomefm,tissue,transverse_colon,66857.0,49140.0,1901.0,0.0284338214397894,66857.0,0.08600216906911672,0.6595979436766146,0.059253140856178596,
h3k27ac,fold_b,42,1hop,coordinate_plus_frozen_sequence_fm_plus_frozen_pangenomefm,tissue,upper_lobe_of_left_lung,22498.0,17361.0,629.0,0.0279580407147302,22498.0,0.11429962562806507,0.6274148254227496,0.08882495666835283,
h3k27ac,fold_b,42,1hop,coordinate_plus_frozen_sequence_fm_plus_frozen_pangenomefm,tissue,uterus,22464.0,20210.0,460.0,0.02047720797720798,22464.0,0.094617599513231,0.6305234028595591,0.07569031791788862,
h3k27ac,fold_b,42,1hop,coordinate_plus_frozen_sequence_fm_plus_frozen_pangenomefm,tissue,vagina,12642.0,11626.0,309.0,0.02444233507356431,12642.0,0.13392396796264455,0.6921646006176498,0.11222466577343326,
h3k27ac,fold_b,42,strict,coordinate_plus_frozen_sequence_fm,measurement_weight,all,802822.0,179823.0,20556.0,0.02560467949308813,802822.0,0.09523353549261115,0.6162271111964371,0.07145852872456308,
h3k27ac,fold_b,42,strict,coordinate_plus_frozen_sequence_fm,equal_locus_weight,all,802822.0,179823.0,20556.0,0.02407340889441745,179823.0,0.04151493418520522,0.5593000327857846,0.017871759464027994,
h3k27ac,fold_b,42,strict,coordinate_plus_frozen_sequence_fm,donor,ENC-001,224618.0,71138.0,6243.0,0.02779385445511936,224618.0,0.10121516091115716,0.5908638195442892,0.07552030687369113,
h3k27ac,fold_b,42,strict,coordinate_plus_frozen_sequence_fm,donor,ENC-002,191888.0,64914.0,4372.0,0.022784124072375553,191888.0,0.08542511259073739,0.6201867590068119,0.06410148469896657,
h3k27ac,fold_b,42,strict,coordinate_plus_frozen_sequence_fm,donor,ENC-003,181693.0,52410.0,3982.0,0.021916089227433086,181693.0,0.07935881296381733,0.6222841195777655,0.05872985242238726,
h3k27ac,fold_b,42,strict,coordinate_plus_frozen_sequence_fm,donor,ENC-004,204623.0,56785.0,5959.0,0.02912184847255685,204623.0,0.11969105069477853,0.635752729812594,0.09328585886883214,
h3k27ac,fold_b,42,strict,coordinate_plus_frozen_sequence_fm,tissue,Peyers_patch,24929.0,19714.0,839.0,0.03365558185246099,24929.0,0.11278345408127569,0.6354780271241486,0.08188371634670492,
h3k27ac,fold_b,42,strict,coordinate_plus_frozen_sequence_fm,tissue,adrenal_gland,14649.0,12377.0,378.0,0.025803809133729264,14649.0,0.18265541704672567,0.6947269576552738,0.16100618066831227,
h3k27ac,fold_b,42,strict,coordinate_plus_frozen_sequence_fm,tissue,ascending_aorta,13869.0,12676.0,271.0,0.019539981253154516,13869.0,0.0910917669477864,0.5882945397331601,0.07297776995137885,
h3k27ac,fold_b,42,strict,coordinate_plus_frozen_sequence_fm,tissue,body_of_pancreas,29401.0,24069.0,1205.0,0.04098500051018673,29401.0,0.09654885141880995,0.5461960261571489,0.057938458666634676,
h3k27ac,fold_b,42,strict,coordinate_plus_frozen_sequence_fm,tissue,breast_epithelium,24545.0,22747.0,518.0,0.021104094520268894,24545.0,0.09459710504331376,0.6232089205306836,0.0750774521699811,
h3k27ac,fold_b,42,strict,coordinate_plus_frozen_sequence_fm,tissue,coronary_artery,12669.0,11703.0,291.0,0.02296945299550083,12669.0,0.15490019696485613,0.6812201172793544,0.13503236349553743,
h3k27ac,fold_b,42,strict,coordinate_plus_frozen_sequence_fm,tissue,esophagus_muscularis_mucosa,44339.0,33006.0,1043.0,0.02352330905072284,44339.0,0.10534703670090595,0.6241273365214477,0.08379486003976047,
h3k27ac,fold_b,42,strict,coordinate_plus_frozen_sequence_fm,tissue,esophagus_squamous_epithelium,41914.0,32563.0,898.0,0.02142482225509376,41914.0,0.09506821841938953,0.6103301449420792,0.07525573695217215,
h3k27ac,fold_b,42,strict,coordinate_plus_frozen_sequence_fm,tissue,gastrocnemius_medialis,79621.0,59558.0,2347.0,0.029477147988595975,79621.0,0.07217891679346271,0.5691267939706778,0.043998725755264305,
h3k27ac,fold_b,42,strict,coordinate_plus_frozen_sequence_fm,tissue,gastroesophageal_sphincter,46931.0,36388.0,1149.0,0.024482751273145684,46931.0,0.09698262321234619,0.6169116008552888,0.07431941570876369,
h3k27ac,fold_b,42,strict,coordinate_plus_frozen_sequence_fm,tissue,heart_left_ventricle,11834.0,10848.0,280.0,0.023660638837248605,11834.0,0.1393516479048736,0.7060523257251663,0.11849466862612723,
h3k27ac,fold_b,42,strict,coordinate_plus_frozen_sequence_fm,tissue,ovary,1440.0,1440.0,75.0,0.052083333333333336,1440.0,0.21872697122919008,0.7671355311355312,0.17579988173628844,
h3k27ac,fold_b,42,strict,coordinate_plus_frozen_sequence_fm,tissue,prostate_gland,20123.0,18014.0,472.0,0.02345574715499677,20123.0,0.1263992024155555,0.655634950651582,0.1054160678951821,
h3k27ac,fold_b,42,strict,coordinate_plus_frozen_sequence_fm,tissue,right_atrium_auricular_region,14504.0,13139.0,348.0,0.02399338113623828,14504.0,0.13410643786239687,0.6981133664942042,0.11281998973977142,
h3k27ac,fold_b,42,strict,coordinate_plus_frozen_sequence_fm,tissue,right_lobe_of_liver,14893.0,14893.0,428.0,0.028738333445242733,14893.0,0.0609851985284007,0.511527179689292,0.03320100668395932,
h3k27ac,fold_b,42,strict,coordinate_plus_frozen_sequence_fm,tissue,sigmoid_colon,50834.0,38481.0,1200.0,0.02360624778691427,50834.0,0.09375934739564794,0.6309548981880699,0.07184918937644291,
h3k27ac,fold_b,42,strict,coordinate_plus_frozen_sequence_fm,tissue,spleen,90785.0,67195.0,2586.0,0.02848488186374401,90785.0,0.06408272462368597,0.5760891139208006,0.03664157365685927,
h3k27ac,fold_b,42,strict,coordinate_plus_frozen_sequence_fm,tissue,stomach,32217.0,24552.0,732.0,0.022720923735915822,32217.0,0.10523249522233274,0.6565870988960829,0.08442989673107493,
h3k27ac,fold_b,42,strict,coordinate_plus_frozen_sequence_fm,tissue,suprapubic_skin,6662.0,6662.0,172.0,0.0258180726508556,6662.0,0.1877747007248303,0.6703313684738597,0.16624885303987974,
h3k27ac,fold_b,42,strict,coordinate_plus_frozen_sequence_fm,tissue,testis,9406.0,8659.0,229.0,0.024346162024239847,9406.0,0.14721409807428842,0.7080133883217632,0.12593394426138793,
h3k27ac,fold_b,42,strict,coordinate_plus_frozen_sequence_fm,tissue,thoracic_aorta,14610.0,12848.0,194.0,0.013278576317590692,14610.0,0.16317564467519127,0.7033357838369738,0.15191427363377805,
h3k27ac,fold_b,42,strict,coordinate_plus_frozen_sequence_fm,tissue,thyroid_gland,27382.0,22518.0,588.0,0.021473960996274924,27382.0,0.1167690537083983,0.6376750950436156,0.09738636368751818,
h3k27ac,fold_b,42,strict,coordinate_plus_frozen_sequence_fm,tissue,tibial_artery,24622.0,22555.0,470.0,0.019088619933392902,24622.0,0.11055004123465664,0.6484975034004496,0.09324126843655664,
h3k27ac,fold_b,42,strict,coordinate_plus_frozen_sequence_fm,tissue,tibial_nerve,26182.0,21977.0,544.0,0.020777633488656327,26182.0,0.12785096824271186,0.6892735980713371,0.10934527071264069,
h3k27ac,fold_b,42,strict,coordinate_plus_frozen_sequence_fm,tissue,transverse_colon,66857.0,49140.0,1901.0,0.0284338214397894,66857.0,0.0849924822029167,0.601920860020358,0.05821390452984178,
h3k27ac,fold_b,42,strict,coordinate_plus_frozen_sequence_fm,tissue,upper_lobe_of_left_lung,22498.0,17361.0,629.0,0.0279580407147302,22498.0,0.12443800919122078,0.6390658975932786,0.0992549421914164,
h3k27ac,fold_b,42,strict,coordinate_plus_frozen_sequence_fm,tissue,uterus,22464.0,20210.0,460.0,0.02047720797720798,22464.0,0.09413808190267522,0.635787465520103,0.07520077585264935,
h3k27ac,fold_b,42,strict,coordinate_plus_frozen_sequence_fm,tissue,vagina,12642.0,11626.0,309.0,0.02444233507356431,12642.0,0.13345043830821662,0.6895027601113333,0.11173927196079418,
h3k27ac,fold_b,42,strict,coordinate_plus_frozen_sequence_fm_plus_frozen_pangenomefm,measurement_weight,all,802822.0,179823.0,20556.0,0.02560467949308813,802822.0,0.09747016811327941,0.6297790781055173,0.07375393447374576,
h3k27ac,fold_b,42,strict,coordinate_plus_frozen_sequence_fm_plus_frozen_pangenomefm,equal_locus_weight,all,802822.0,179823.0,20556.0,0.02407340889441745,179823.0,0.042904962843228096,0.5703556036540869,0.019296076283234827,
h3k27ac,fold_b,42,strict,coordinate_plus_frozen_sequence_fm_plus_frozen_pangenomefm,donor,ENC-001,224618.0,71138.0,6243.0,0.02779385445511936,224618.0,0.09899123734514506,0.6010384312284366,0.07323280480820511,
h3k27ac,fold_b,42,strict,coordinate_plus_frozen_sequence_fm_plus_frozen_pangenomefm,donor,ENC-002,191888.0,64914.0,4372.0,0.022784124072375553,191888.0,0.08827883936121969,0.6405536889153436,0.06702174709009218,
h3k27ac,fold_b,42,strict,coordinate_plus_frozen_sequence_fm_plus_frozen_pangenomefm,donor,ENC-003,181693.0,52410.0,3982.0,0.021916089227433086,181693.0,0.08153485923116244,0.6305763357666346,0.06095465772117425,
h3k27ac,fold_b,42,strict,coordinate_plus_frozen_sequence_fm_plus_frozen_pangenomefm,donor,ENC-004,204623.0,56785.0,5959.0,0.02912184847255685,204623.0,0.127730062477382,0.6516748793334001,0.10156600377677555,
h3k27ac,fold_b,42,strict,coordinate_plus_frozen_sequence_fm_plus_frozen_pangenomefm,tissue,Peyers_patch,24929.0,19714.0,839.0,0.03365558185246099,24929.0,0.11801153978763539,0.6580427192228587,0.08729388440705531,
h3k27ac,fold_b,42,strict,coordinate_plus_frozen_sequence_fm_plus_frozen_pangenomefm,tissue,adrenal_gland,14649.0,12377.0,378.0,0.025803809133729264,14649.0,0.1904239320942269,0.7098796019158993,0.16898046256382382,
h3k27ac,fold_b,42,strict,coordinate_plus_frozen_sequence_fm_plus_frozen_pangenomefm,tissue,ascending_aorta,13869.0,12676.0,271.0,0.019539981253154516,13869.0,0.09072731788788739,0.5745720962872226,0.07260605763988161,
h3k27ac,fold_b,42,strict,coordinate_plus_frozen_sequence_fm_plus_frozen_pangenomefm,tissue,body_of_pancreas,29401.0,24069.0,1205.0,0.04098500051018673,29401.0,0.09911206088294347,0.5440659308962926,0.06061121088166481,
h3k27ac,fold_b,42,strict,coordinate_plus_frozen_sequence_fm_plus_frozen_pangenomefm,tissue,breast_epithelium,24545.0,22747.0,518.0,0.021104094520268894,24545.0,0.10315357475968603,0.6341107888117502,0.08381839149608745,
h3k27ac,fold_b,42,strict,coordinate_plus_frozen_sequence_fm_plus_frozen_pangenomefm,tissue,coronary_artery,12669.0,11703.0,291.0,0.02296945299550083,12669.0,0.16270308673488593,0.6857986872841129,0.14301869493005895,
h3k27ac,fold_b,42,strict,coordinate_plus_frozen_sequence_fm_plus_frozen_pangenomefm,tissue,esophagus_muscularis_mucosa,44339.0,33006.0,1043.0,0.02352330905072284,44339.0,0.105899399355334,0.6305113158040193,0.08436052910236869,
h3k27ac,fold_b,42,strict,coordinate_plus_frozen_sequence_fm_plus_frozen_pangenomefm,tissue,esophagus_squamous_epithelium,41914.0,32563.0,898.0,0.02142482225509376,41914.0,0.09816635829699191,0.6216584146856916,0.0784217071791525,
h3k27ac,fold_b,42,strict,coordinate_plus_frozen_sequence_fm_plus_frozen_pangenomefm,tissue,gastrocnemius_medialis,79621.0,59558.0,2347.0,0.029477147988595975,79621.0,0.07430946489042928,0.5855265398977177,0.046193983798442806,
h3k27ac,fold_b,42,strict,coordinate_plus_frozen_sequence_fm_plus_frozen_pangenomefm,tissue,gastroesophageal_sphincter,46931.0,36388.0,1149.0,0.024482751273145684,46931.0,0.10071772131846578,0.6246417777609474,0.0781482543182237,
h3k27ac,fold_b,42,strict,coordinate_plus_frozen_sequence_fm_plus_frozen_pangenomefm,tissue,heart_left_ventricle,11834.0,10848.0,280.0,0.023660638837248605,11834.0,0.1473149499912434,0.7088163653898465,0.1266509536261359,
h3k27ac,fold_b,42,strict,coordinate_plus_frozen_sequence_fm_plus_frozen_pangenomefm,tissue,ovary,1440.0,1440.0,75.0,0.052083333333333336,1440.0,0.22633704549922368,0.7760830280830282,0.18382809195522498,
h3k27ac,fold_b,42,strict,coordinate_plus_frozen_sequence_fm_plus_frozen_pangenomefm,tissue,prostate_gland,20123.0,18014.0,472.0,0.02345574715499677,20123.0,0.12347662060550524,0.6765323432024419,0.10242328820134253,
h3k27ac,fold_b,42,strict,coordinate_plus_frozen_sequence_fm_plus_frozen_pangenomefm,tissue,right_atrium_auricular_region,14504.0,13139.0,348.0,0.02399338113623828,14504.0,0.14111585502158996,0.7264277890371005,0.12000172091220265,
h3k27ac,fold_b,42,strict,coordinate_plus_frozen_sequence_fm_plus_frozen_pangenomefm,tissue,right_lobe_of_liver,14893.0,14893.0,428.0,0.028738333445242733,14893.0,0.0620968060278069,0.5223404220952282,0.03434550516226257,
h3k27ac,fold_b,42,strict,coordinate_plus_frozen_sequence_fm_plus_frozen_pangenomefm,tissue,sigmoid_colon,50834.0,38481.0,1200.0,0.02360624778691427,50834.0,0.09580786416718114,0.6380311127452956,0.07394723308769162,
h3k27ac,fold_b,42,strict,coordinate_plus_frozen_sequence_fm_plus_frozen_pangenomefm,tissue,spleen,90785.0,67195.0,2586.0,0.02848488186374401,90785.0,0.06557718634273396,0.5863530308364495,0.038179853083652904,
h3k27ac,fold_b,42,strict,coordinate_plus_frozen_sequence_fm_plus_frozen_pangenomefm,tissue,stomach,32217.0,24552.0,732.0,0.022720923735915822,32217.0,0.11112865499475905,0.6750093938392036,0.09046313730240281,
h3k27ac,fold_b,42,strict,coordinate_plus_frozen_sequence_fm_plus_frozen_pangenomefm,tissue,suprapubic_skin,6662.0,6662.0,172.0,0.0258180726508556,6662.0,0.17570441836169542,0.6845177733185223,0.15385868029670494,
h3k27ac,fold_b,42,strict,coordinate_plus_frozen_sequence_fm_plus_frozen_pangenomefm,tissue,testis,9406.0,8659.0,229.0,0.024346162024239847,9406.0,0.14684347728162989,0.7297146892292437,0.1255540751128921,
h3k27ac,fold_b,42,strict,coordinate_plus_frozen_sequence_fm_plus_frozen_pangenomefm,tissue,thoracic_aorta,14610.0,12848.0,194.0,0.013278576317590692,14610.0,0.16428426253417078,0.7070186905729029,0.15303781046228046,
h3k27ac,fold_b,42,strict,coordinate_plus_frozen_sequence_fm_plus_frozen_pangenomefm,tissue,thyroid_gland,27382.0,22518.0,588.0,0.021473960996274924,27382.0,0.11502597273180251,0.6498985837523783,0.09560503043002973,
h3k27ac,fold_b,42,strict,coordinate_plus_frozen_sequence_fm_plus_frozen_pangenomefm,tissue,tibial_artery,24622.0,22555.0,470.0,0.019088619933392902,24622.0,0.10940611672954846,0.6437063491504161,0.09207508306206286,
h3k27ac,fold_b,42,strict,coordinate_plus_frozen_sequence_fm_plus_frozen_pangenomefm,tissue,tibial_nerve,26182.0,21977.0,544.0,0.020777633488656327,26182.0,0.12414616407370836,0.6868671431537745,0.10556185614236026,
h3k27ac,fold_b,42,strict,coordinate_plus_frozen_sequence_fm_plus_frozen_pangenomefm,tissue,transverse_colon,66857.0,49140.0,1901.0,0.0284338214397894,66857.0,0.08789485111503773,0.6496393026328606,0.06120121406795489,
h3k27ac,fold_b,42,strict,coordinate_plus_frozen_sequence_fm_plus_frozen_pangenomefm,tissue,upper_lobe_of_left_lung,22498.0,17361.0,629.0,0.0279580407147302,22498.0,0.12087108288220769,0.64979123776562,0.09558542332451912,
h3k27ac,fold_b,42,strict,coordinate_plus_frozen_sequence_fm_plus_frozen_pangenomefm,tissue,uterus,22464.0,20210.0,460.0,0.02047720797720798,22464.0,0.09975852019269009,0.6391117622882796,0.08093871103474778,
h3k27ac,fold_b,42,strict,coordinate_plus_frozen_sequence_fm_plus_frozen_pangenomefm,tissue,vagina,12642.0,11626.0,309.0,0.02444233507356431,12642.0,0.13652067573691695,0.6901498518590242,0.11488643336301826,
h3k27ac,fold_c,20260806,1hop,coordinate_plus_frozen_sequence_fm,measurement_weight,all,448790.0,110468.0,9389.0,0.0209206978765124,448790.0,0.04055396922936969,0.5938609881315957,0.02005278970791788,
h3k27ac,fold_c,20260806,1hop,coordinate_plus_frozen_sequence_fm,equal_locus_weight,all,448790.0,110468.0,9389.0,0.018824688608943204,110468.0,0.03307036113594287,0.5848334142902613,0.014518987954153602,
h3k27ac,fold_c,20260806,1hop,coordinate_plus_frozen_sequence_fm,donor,ENC-001,126744.0,44755.0,3119.0,0.024608659976014642,126744.0,0.047218530800375705,0.6082045533896264,0.02318030712042725,
h3k27ac,fold_c,20260806,1hop,coordinate_plus_frozen_sequence_fm,donor,ENC-002,102950.0,38949.0,1966.0,0.019096648858669258,102950.0,0.03192894491400083,0.5833232251008167,0.013082120721068536,
h3k27ac,fold_c,20260806,1hop,coordinate_plus_frozen_sequence_fm,donor,ENC-003,104271.0,32477.0,1889.0,0.01811625475923315,104271.0,0.03013620014586908,0.5578825918759148,0.012241719495711307,
h3k27ac,fold_c,20260806,1hop,coordinate_plus_frozen_sequence_fm,donor,ENC-004,114825.0,34502.0,2415.0,0.021032005225342914,114825.0,0.059101540153313384,0.612400597266403,0.0388874152486808,
h3k27ac,fold_c,20260806,1hop,coordinate_plus_frozen_sequence_fm,tissue,Peyers_patch,12193.0,9765.0,323.0,0.026490609366029687,12193.0,0.05180494275447013,0.6028536701782208,0.02600317329446119,
h3k27ac,fold_c,20260806,1hop,coordinate_plus_frozen_sequence_fm,tissue,adrenal_gland,7442.0,6380.0,145.0,0.019484009674818597,7442.0,0.07520320209876111,0.6243307358243586,0.05682639852254079,
h3k27ac,fold_c,20260806,1hop,coordinate_plus_frozen_sequence_fm,tissue,ascending_aorta,8457.0,7770.0,161.0,0.019037483741279414,8457.0,0.04854617108797177,0.6193039225668886,0.030081360763136118,
h3k27ac,fold_c,20260806,1hop,coordinate_plus_frozen_sequence_fm,tissue,body_of_pancreas,16164.0,13502.0,405.0,0.02505567928730512,16164.0,0.04851503283619323,0.6211274137686558,0.02406224955671219,
h3k27ac,fold_c,20260806,1hop,coordinate_plus_frozen_sequence_fm,tissue,breast_epithelium,13969.0,13047.0,275.0,0.01968644856467893,13969.0,0.035606261966512016,0.6173488057145133,0.016239511713904364,
h3k27ac,fold_c,20260806,1hop,coordinate_plus_frozen_sequence_fm,tissue,coronary_artery,7582.0,7031.0,137.0,0.018069111052492745,7582.0,0.07480475889018028,0.598799468609217,0.05777967520555364,
h3k27ac,fold_c,20260806,1hop,coordinate_plus_frozen_sequence_fm,tissue,esophagus_muscularis_mucosa,25057.0,18721.0,583.0,0.023266951350919902,25057.0,0.05257412025398232,0.6393110706205387,0.030005300776498944,
h3k27ac,fold_c,20260806,1hop,coordinate_plus_frozen_sequence_fm,tissue,esophagus_squamous_epithelium,22785.0,18039.0,640.0,0.028088654816765417,22785.0,0.04807534135068289,0.6300338676902235,0.020564310348851193,
h3k27ac,fold_c,20260806,1hop,coordinate_plus_frozen_sequence_fm,tissue,gastrocnemius_medialis,48082.0,36516.0,1049.0,0.021816896135768062,48082.0,0.028096654683610115,0.5207635991012699,0.006419819073785248,
h3k27ac,fold_c,20260806,1hop,coordinate_plus_frozen_sequence_fm,tissue,gastroesophageal_sphincter,26117.0,20315.0,602.0,0.023050120611096223,26117.0,0.052490843713916074,0.6193954048266833,0.03013534647369571,
h3k27ac,fold_c,20260806,1hop,coordinate_plus_frozen_sequence_fm,tissue,heart_left_ventricle,6834.0,6302.0,135.0,0.019754170324846356,6834.0,0.05915509270755189,0.5497155462672705,0.040194940075146984,
h3k27ac,fold_c,20260806,1hop,coordinate_plus_frozen_sequence_fm,tissue,ovary,648.0,648.0,26.0,0.040123456790123455,648.0,0.07334284385644341,0.5929693297056642,0.034607978808642005,
h3k27ac,fold_c,20260806,1hop,coordinate_plus_frozen_sequence_fm,tissue,prostate_gland,10622.0,9633.0,214.0,0.020146864997175672,10622.0,0.09042624103275977,0.6250673457512912,0.07172439779496294,
h3k27ac,fold_c,20260806,1hop,coordinate_plus_frozen_sequence_fm,tissue,right_atrium_auricular_region,8709.0,7880.0,138.0,0.01584567688598002,8709.0,0.043303400931308286,0.6064729564980664,0.027899815507031137,
h3k27ac,fold_c,20260806,1hop,coordinate_plus_frozen_sequence_fm,tissue,right_lobe_of_liver,9610.0,9610.0,162.0,0.016857440166493237,9610.0,0.021441622526412737,0.5604158173132207,0.0046627849787072816,
h3k27ac,fold_c,20260806,1hop,coordinate_plus_frozen_sequence_fm,tissue,sigmoid_colon,28828.0,22112.0,550.0,0.019078673511863466,28828.0,0.04151432674025414,0.5774459104089913,0.022872021050570984,
h3k27ac,fold_c,20260806,1hop,coordinate_plus_frozen_sequence_fm,tissue,spleen,49596.0,36292.0,1110.0,0.022380837164287442,49596.0,0.03587428987717564,0.5570256557758104,0.013802361109359467,
h3k27ac,fold_c,20260806,1hop,coordinate_plus_frozen_sequence_fm,tissue,stomach,16610.0,12799.0,282.0,0.016977724262492475,16610.0,0.02944599958015572,0.5703152961800814,0.012683614222586138,
h3k27ac,fold_c,20260806,1hop,coordinate_plus_frozen_sequence_fm,tissue,suprapubic_skin,3413.0,3413.0,78.0,0.022853794315851158,3413.0,0.1080747355311688,0.7025352708261254,0.0872141146530372,
h3k27ac,fold_c,20260806,1hop,coordinate_plus_frozen_sequence_fm,tissue,testis,5017.0,4643.0,96.0,0.01913494119992027,5017.0,0.039405765168345486,0.5547102553681501,0.02066627186539104,
h3k27ac,fold_c,20260806,1hop,coordinate_plus_frozen_sequence_fm,tissue,thoracic_aorta,8799.0,7765.0,207.0,0.0235254006137061,8799.0,0.07091683395323914,0.7055301977347763,0.048533196223760615,
h3k27ac,fold_c,20260806,1hop,coordinate_plus_frozen_sequence_fm,tissue,thyroid_gland,17190.0,14402.0,257.0,0.014950552646887725,17190.0,0.041536893161699076,0.5963739903271787,0.026989853744144993,
h3k27ac,fold_c,20260806,1hop,coordinate_plus_frozen_sequence_fm,tissue,tibial_artery,14810.0,13712.0,295.0,0.019918973666441592,14810.0,0.04629191689095113,0.6578004051915902,0.026908941726144418,
h3k27ac,fold_c,20260806,1hop,coordinate_plus_frozen_sequence_fm,tissue,tibial_nerve,13759.0,11688.0,310.0,0.022530707173486444,13759.0,0.05888839371124662,0.5604041792290588,0.037195732699311645,
h3k27ac,fold_c,20260806,1hop,coordinate_plus_frozen_sequence_fm,tissue,transverse_colon,36226.0,26945.0,615.0,0.016976757025340915,36226.0,0.05148130921046834,0.6138665475840684,0.03510044389257325,
h3k27ac,fold_c,20260806,1hop,coordinate_plus_frozen_sequence_fm,tissue,upper_lobe_of_left_lung,11035.0,8553.0,274.0,0.024830086089714546,11035.0,0.04813465298660714,0.5696260896166678,0.02389795518141528,
h3k27ac,fold_c,20260806,1hop,coordinate_plus_frozen_sequence_fm,tissue,uterus,12882.0,11564.0,188.0,0.014594007141748177,12882.0,0.03191308773941605,0.578876684913965,0.017575578719013513,
h3k27ac,fold_c,20260806,1hop,coordinate_plus_frozen_sequence_fm,tissue,vagina,6354.0,5869.0,132.0,0.02077431539187913,6354.0,0.02877889043053767,0.5764528116263893,0.008174392445457465,
h3k27ac,fold_c,20260806,1hop,coordinate_plus_frozen_sequence_fm_plus_frozen_pangenomefm,measurement_weight,all,448790.0,110468.0,9389.0,0.0209206978765124,448790.0,0.04055156010119248,0.5948443547803941,0.02005032910215082,
h3k27ac,fold_c,20260806,1hop,coordinate_plus_frozen_sequence_fm_plus_frozen_pangenomefm,equal_locus_weight,all,448790.0,110468.0,9389.0,0.018824688608943204,110468.0,0.03269651438932354,0.5787508705090454,0.014137968637545129,
h3k27ac,fold_c,20260806,1hop,coordinate_plus_frozen_sequence_fm_plus_frozen_pangenomefm,donor,ENC-001,126744.0,44755.0,3119.0,0.024608659976014642,126744.0,0.047351211686368515,0.6044151041384697,0.023316335482120053,
h3k27ac,fold_c,20260806,1hop,coordinate_plus_frozen_sequence_fm_plus_frozen_pangenomefm,donor,ENC-002,102950.0,38949.0,1966.0,0.019096648858669258,102950.0,0.030662499121056754,0.579662836911646,0.011791019216042073,
h3k27ac,fold_c,20260806,1hop,coordinate_plus_frozen_sequence_fm_plus_frozen_pangenomefm,donor,ENC-003,104271.0,32477.0,1889.0,0.01811625475923315,104271.0,0.030356691832462396,0.5719756976950904,0.012466279366125751,
h3k27ac,fold_c,20260806,1hop,coordinate_plus_frozen_sequence_fm_plus_frozen_pangenomefm,donor,ENC-004,114825.0,34502.0,2415.0,0.021032005225342914,114825.0,0.05859784232970029,0.6114796083473634,0.03837289605469118,
h3k27ac,fold_c,20260806,1hop,coordinate_plus_frozen_sequence_fm_plus_frozen_pangenomefm,tissue,Peyers_patch,12193.0,9765.0,323.0,0.026490609366029687,12193.0,0.05346347709700684,0.5996990096530787,0.027706838773698773,
h3k27ac,fold_c,20260806,1hop,coordinate_plus_frozen_sequence_fm_plus_frozen_pangenomefm,tissue,adrenal_gland,7442.0,6380.0,145.0,0.019484009674818597,7442.0,0.07841568596005814,0.6472622192398387,0.06010271822869024,
h3k27ac,fold_c,20260806,1hop,coordinate_plus_frozen_sequence_fm_plus_frozen_pangenomefm,tissue,ascending_aorta,8457.0,7770.0,161.0,0.019037483741279414,8457.0,0.045577830185862166,0.6109357499236331,0.027055413438022702,
h3k27ac,fold_c,20260806,1hop,coordinate_plus_frozen_sequence_fm_plus_frozen_pangenomefm,tissue,body_of_pancreas,16164.0,13502.0,405.0,0.02505567928730512,16164.0,0.05139214089655747,0.6223291570014078,0.027013298144041815,
h3k27ac,fold_c,20260806,1hop,coordinate_plus_frozen_sequence_fm_plus_frozen_pangenomefm,tissue,breast_epithelium,13969.0,13047.0,275.0,0.01968644856467893,13969.0,0.03618299484154297,0.6297850418896133,0.016827826416059132,
h3k27ac,fold_c,20260806,1hop,coordinate_plus_frozen_sequence_fm_plus_frozen_pangenomefm,tissue,coronary_artery,7582.0,7031.0,137.0,0.018069111052492745,7582.0,0.06373225541999236,0.6047114361767316,0.046503419824631576,
h3k27ac,fold_c,20260806,1hop,coordinate_plus_frozen_sequence_fm_plus_frozen_pangenomefm,tissue,esophagus_muscularis_mucosa,25057.0,18721.0,583.0,0.023266951350919902,25057.0,0.048628017219261736,0.6304980634750696,0.025965196840036012,
h3k27ac,fold_c,20260806,1hop,coordinate_plus_frozen_sequence_fm_plus_frozen_pangenomefm,tissue,esophagus_squamous_epithelium,22785.0,18039.0,640.0,0.028088654816765417,22785.0,0.04590106185149379,0.6323249463761572,0.01832719323938975,
h3k27ac,fold_c,20260806,1hop,coordinate_plus_frozen_sequence_fm_plus_frozen_pangenomefm,tissue,gastrocnemius_medialis,48082.0,36516.0,1049.0,0.021816896135768062,48082.0,0.02949108908573922,0.5270013750360095,0.007845354228318694,
h3k27ac,fold_c,20260806,1hop,coordinate_plus_frozen_sequence_fm_plus_frozen_pangenomefm,tissue,gastroesophageal_sphincter,26117.0,20315.0,602.0,0.023050120611096223,26117.0,0.048274952179035706,0.6129116935318486,0.02581998534430239,
h3k27ac,fold_c,20260806,1hop,coordinate_plus_frozen_sequence_fm_plus_frozen_pangenomefm,tissue,heart_left_ventricle,6834.0,6302.0,135.0,0.019754170324846356,6834.0,0.06060249929907736,0.5461307104985266,0.041671515182847396,
h3k27ac,fold_c,20260806,1hop,coordinate_plus_frozen_sequence_fm_plus_frozen_pangenomefm,tissue,ovary,648.0,648.0,26.0,0.040123456790123455,648.0,0.07892661613470599,0.5955045758100421,0.0404251563589863,
h3k27ac,fold_c,20260806,1hop,coordinate_plus_frozen_sequence_fm_plus_frozen_pangenomefm,tissue,prostate_gland,10622.0,9633.0,214.0,0.020146864997175672,10622.0,0.09319724028403298,0.6356217718936548,0.0745523718578976,
h3k27ac,fold_c,20260806,1hop,coordinate_plus_frozen_sequence_fm_plus_frozen_pangenomefm,tissue,right_atrium_auricular_region,8709.0,7880.0,138.0,0.01584567688598002,8709.0,0.04704762718631582,0.6248835388629335,0.03170432681899714,
h3k27ac,fold_c,20260806,1hop,coordinate_plus_frozen_sequence_fm_plus_frozen_pangenomefm,tissue,right_lobe_of_liver,9610.0,9610.0,162.0,0.016857440166493237,9610.0,0.02133693268446838,0.5507201210524665,0.00455630007385067,
h3k27ac,fold_c,20260806,1hop,coordinate_plus_frozen_sequence_fm_plus_frozen_pangenomefm,tissue,sigmoid_colon,28828.0,22112.0,550.0,0.019078673511863466,28828.0,0.041482034274408275,0.5689915385555105,0.022839100504372364,
h3k27ac,fold_c,20260806,1hop,coordinate_plus_frozen_sequence_fm_plus_frozen_pangenomefm,tissue,spleen,49596.0,36292.0,1110.0,0.022380837164287442,49596.0,0.03588832536093259,0.5576887430680277,0.01381671791034139,
h3k27ac,fold_c,20260806,1hop,coordinate_plus_frozen_sequence_fm_plus_frozen_pangenomefm,tissue,stomach,16610.0,12799.0,282.0,0.016977724262492475,16610.0,0.03196062627931496,0.5751709850546075,0.01524167090270832,
h3k27ac,fold_c,20260806,1hop,coordinate_plus_frozen_sequence_fm_plus_frozen_pangenomefm,tissue,suprapubic_skin,3413.0,3413.0,78.0,0.022853794315851158,3413.0,0.10773242994081822,0.7008130550109561,0.08686380311484634,
h3k27ac,fold_c,20260806,1hop,coordinate_plus_frozen_sequence_fm_plus_frozen_pangenomefm,tissue,testis,5017.0,4643.0,96.0,0.01913494119992027,5017.0,0.045988135467162655,0.5868662365372892,0.0273770525581701,
h3k27ac,fold_c,20260806,1hop,coordinate_plus_frozen_sequence_fm_plus_frozen_pangenomefm,tissue,thoracic_aorta,8799.0,7765.0,207.0,0.0235254006137061,8799.0,0.054963729387834157,0.6767718425858456,0.03219574661121424,
h3k27ac,fold_c,20260806,1hop,coordinate_plus_frozen_sequence_fm_plus_frozen_pangenomefm,tissue,thyroid_gland,17190.0,14402.0,257.0,0.014950552646887725,17190.0,0.0427292470292649,0.6136326713131933,0.028200304519758086,
h3k27ac,fold_c,20260806,1hop,coordinate_plus_frozen_sequence_fm_plus_frozen_pangenomefm,tissue,tibial_artery,14810.0,13712.0,295.0,0.019918973666441592,14810.0,0.041185554492433635,0.6398528699124809,0.021698798624384577,
h3k27ac,fold_c,20260806,1hop,coordinate_plus_frozen_sequence_fm_plus_frozen_pangenomefm,tissue,tibial_nerve,13759.0,11688.0,310.0,0.022530707173486444,13759.0,0.059766224023916945,0.5575702954290882,0.03809379703658809,
h3k27ac,fold_c,20260806,1hop,coordinate_plus_frozen_sequence_fm_plus_frozen_pangenomefm,tissue,transverse_colon,36226.0,26945.0,615.0,0.016976757025340915,36226.0,0.050088310042828176,0.6169775804635135,0.03368338770636864,
h3k27ac,fold_c,20260806,1hop,coordinate_plus_frozen_sequence_fm_plus_frozen_pangenomefm,tissue,upper_lobe_of_left_lung,11035.0,8553.0,274.0,0.024830086089714546,11035.0,0.050296759091887064,0.5776772638691897,0.026115113519094298,
h3k27ac,fold_c,20260806,1hop,coordinate_plus_frozen_sequence_fm_plus_frozen_pangenomefm,tissue,uterus,12882.0,11564.0,188.0,0.014594007141748177,12882.0,0.03237832765096946,0.586086909882035,0.018047708901826734,
h3k27ac,fold_c,20260806,1hop,coordinate_plus_frozen_sequence_fm_plus_frozen_pangenomefm,tissue,vagina,6354.0,5869.0,132.0,0.02077431539187913,6354.0,0.030531145014512515,0.5994516037910445,0.009963821186469386,
h3k27ac,fold_c,20260806,strict,coordinate_plus_frozen_sequence_fm,measurement_weight,all,448790.0,110468.0,9389.0,0.0209206978765124,448790.0,0.04055396922936969,0.5938609881315957,0.02005278970791788,
h3k27ac,fold_c,20260806,strict,coordinate_plus_frozen_sequence_fm,equal_locus_weight,all,448790.0,110468.0,9389.0,0.018824688608943204,110468.0,0.03307036113594287,0.5848334142902613,0.014518987954153602,
h3k27ac,fold_c,20260806,strict,coordinate_plus_frozen_sequence_fm,donor,ENC-001,126744.0,44755.0,3119.0,0.024608659976014642,126744.0,0.047218530800375705,0.6082045533896264,0.02318030712042725,
h3k27ac,fold_c,20260806,strict,coordinate_plus_frozen_sequence_fm,donor,ENC-002,102950.0,38949.0,1966.0,0.019096648858669258,102950.0,0.03192894491400083,0.5833232251008167,0.013082120721068536,
h3k27ac,fold_c,20260806,strict,coordinate_plus_frozen_sequence_fm,donor,ENC-003,104271.0,32477.0,1889.0,0.01811625475923315,104271.0,0.03013620014586908,0.5578825918759148,0.012241719495711307,
h3k27ac,fold_c,20260806,strict,coordinate_plus_frozen_sequence_fm,donor,ENC-004,114825.0,34502.0,2415.0,0.021032005225342914,114825.0,0.059101540153313384,0.612400597266403,0.0388874152486808,
h3k27ac,fold_c,20260806,strict,coordinate_plus_frozen_sequence_fm,tissue,Peyers_patch,12193.0,9765.0,323.0,0.026490609366029687,12193.0,0.05180494275447013,0.6028536701782208,0.02600317329446119,
h3k27ac,fold_c,20260806,strict,coordinate_plus_frozen_sequence_fm,tissue,adrenal_gland,7442.0,6380.0,145.0,0.019484009674818597,7442.0,0.07520320209876111,0.6243307358243586,0.05682639852254079,
h3k27ac,fold_c,20260806,strict,coordinate_plus_frozen_sequence_fm,tissue,ascending_aorta,8457.0,7770.0,161.0,0.019037483741279414,8457.0,0.04854617108797177,0.6193039225668886,0.030081360763136118,
h3k27ac,fold_c,20260806,strict,coordinate_plus_frozen_sequence_fm,tissue,body_of_pancreas,16164.0,13502.0,405.0,0.02505567928730512,16164.0,0.04851503283619323,0.6211274137686558,0.02406224955671219,
h3k27ac,fold_c,20260806,strict,coordinate_plus_frozen_sequence_fm,tissue,breast_epithelium,13969.0,13047.0,275.0,0.01968644856467893,13969.0,0.035606261966512016,0.6173488057145133,0.016239511713904364,
h3k27ac,fold_c,20260806,strict,coordinate_plus_frozen_sequence_fm,tissue,coronary_artery,7582.0,7031.0,137.0,0.018069111052492745,7582.0,0.07480475889018028,0.598799468609217,0.05777967520555364,
h3k27ac,fold_c,20260806,strict,coordinate_plus_frozen_sequence_fm,tissue,esophagus_muscularis_mucosa,25057.0,18721.0,583.0,0.023266951350919902,25057.0,0.05257412025398232,0.6393110706205387,0.030005300776498944,
h3k27ac,fold_c,20260806,strict,coordinate_plus_frozen_sequence_fm,tissue,esophagus_squamous_epithelium,22785.0,18039.0,640.0,0.028088654816765417,22785.0,0.04807534135068289,0.6300338676902235,0.020564310348851193,
h3k27ac,fold_c,20260806,strict,coordinate_plus_frozen_sequence_fm,tissue,gastrocnemius_medialis,48082.0,36516.0,1049.0,0.021816896135768062,48082.0,0.028096654683610115,0.5207635991012699,0.006419819073785248,
h3k27ac,fold_c,20260806,strict,coordinate_plus_frozen_sequence_fm,tissue,gastroesophageal_sphincter,26117.0,20315.0,602.0,0.023050120611096223,26117.0,0.052490843713916074,0.6193954048266833,0.03013534647369571,
h3k27ac,fold_c,20260806,strict,coordinate_plus_frozen_sequence_fm,tissue,heart_left_ventricle,6834.0,6302.0,135.0,0.019754170324846356,6834.0,0.05915509270755189,0.5497155462672705,0.040194940075146984,
h3k27ac,fold_c,20260806,strict,coordinate_plus_frozen_sequence_fm,tissue,ovary,648.0,648.0,26.0,0.040123456790123455,648.0,0.07334284385644341,0.5929693297056642,0.034607978808642005,
h3k27ac,fold_c,20260806,strict,coordinate_plus_frozen_sequence_fm,tissue,prostate_gland,10622.0,9633.0,214.0,0.020146864997175672,10622.0,0.09042624103275977,0.6250673457512912,0.07172439779496294,
h3k27ac,fold_c,20260806,strict,coordinate_plus_frozen_sequence_fm,tissue,right_atrium_auricular_region,8709.0,7880.0,138.0,0.01584567688598002,8709.0,0.043303400931308286,0.6064729564980664,0.027899815507031137,
h3k27ac,fold_c,20260806,strict,coordinate_plus_frozen_sequence_fm,tissue,right_lobe_of_liver,9610.0,9610.0,162.0,0.016857440166493237,9610.0,0.021441622526412737,0.5604158173132207,0.0046627849787072816,
h3k27ac,fold_c,20260806,strict,coordinate_plus_frozen_sequence_fm,tissue,sigmoid_colon,28828.0,22112.0,550.0,0.019078673511863466,28828.0,0.04151432674025414,0.5774459104089913,0.022872021050570984,
h3k27ac,fold_c,20260806,strict,coordinate_plus_frozen_sequence_fm,tissue,spleen,49596.0,36292.0,1110.0,0.022380837164287442,49596.0,0.03587428987717564,0.5570256557758104,0.013802361109359467,
h3k27ac,fold_c,20260806,strict,coordinate_plus_frozen_sequence_fm,tissue,stomach,16610.0,12799.0,282.0,0.016977724262492475,16610.0,0.02944599958015572,0.5703152961800814,0.012683614222586138,
h3k27ac,fold_c,20260806,strict,coordinate_plus_frozen_sequence_fm,tissue,suprapubic_skin,3413.0,3413.0,78.0,0.022853794315851158,3413.0,0.1080747355311688,0.7025352708261254,0.0872141146530372,
h3k27ac,fold_c,20260806,strict,coordinate_plus_frozen_sequence_fm,tissue,testis,5017.0,4643.0,96.0,0.01913494119992027,5017.0,0.039405765168345486,0.5547102553681501,0.02066627186539104,
h3k27ac,fold_c,20260806,strict,coordinate_plus_frozen_sequence_fm,tissue,thoracic_aorta,8799.0,7765.0,207.0,0.0235254006137061,8799.0,0.07091683395323914,0.7055301977347763,0.048533196223760615,
h3k27ac,fold_c,20260806,strict,coordinate_plus_frozen_sequence_fm,tissue,thyroid_gland,17190.0,14402.0,257.0,0.014950552646887725,17190.0,0.041536893161699076,0.5963739903271787,0.026989853744144993,
h3k27ac,fold_c,20260806,strict,coordinate_plus_frozen_sequence_fm,tissue,tibial_artery,14810.0,13712.0,295.0,0.019918973666441592,14810.0,0.04629191689095113,0.6578004051915902,0.026908941726144418,
h3k27ac,fold_c,20260806,strict,coordinate_plus_frozen_sequence_fm,tissue,tibial_nerve,13759.0,11688.0,310.0,0.022530707173486444,13759.0,0.05888839371124662,0.5604041792290588,0.037195732699311645,
h3k27ac,fold_c,20260806,strict,coordinate_plus_frozen_sequence_fm,tissue,transverse_colon,36226.0,26945.0,615.0,0.016976757025340915,36226.0,0.05148130921046834,0.6138665475840684,0.03510044389257325,
h3k27ac,fold_c,20260806,strict,coordinate_plus_frozen_sequence_fm,tissue,upper_lobe_of_left_lung,11035.0,8553.0,274.0,0.024830086089714546,11035.0,0.04813465298660714,0.5696260896166678,0.02389795518141528,
h3k27ac,fold_c,20260806,strict,coordinate_plus_frozen_sequence_fm,tissue,uterus,12882.0,11564.0,188.0,0.014594007141748177,12882.0,0.03191308773941605,0.578876684913965,0.017575578719013513,
h3k27ac,fold_c,20260806,strict,coordinate_plus_frozen_sequence_fm,tissue,vagina,6354.0,5869.0,132.0,0.02077431539187913,6354.0,0.02877889043053767,0.5764528116263893,0.008174392445457465,
h3k27ac,fold_c,20260806,strict,coordinate_plus_frozen_sequence_fm_plus_frozen_pangenomefm,measurement_weight,all,448790.0,110468.0,9389.0,0.0209206978765124,448790.0,0.039478122326125284,0.5770722057322477,0.018953954403248437,
h3k27ac,fold_c,20260806,strict,coordinate_plus_frozen_sequence_fm_plus_frozen_pangenomefm,equal_locus_weight,all,448790.0,110468.0,9389.0,0.018824688608943204,110468.0,0.034529248854809354,0.596735517828568,0.01600586568327028,
h3k27ac,fold_c,20260806,strict,coordinate_plus_frozen_sequence_fm_plus_frozen_pangenomefm,donor,ENC-001,126744.0,44755.0,3119.0,0.024608659976014642,126744.0,0.046989203386189164,0.6089250651037657,0.022945193884563477,
h3k27ac,fold_c,20260806,strict,coordinate_plus_frozen_sequence_fm_plus_frozen_pangenomefm,donor,ENC-002,102950.0,38949.0,1966.0,0.019096648858669258,102950.0,0.03068088473970806,0.5550876148787487,0.011809762773834913,
h3k27ac,fold_c,20260806,strict,coordinate_plus_frozen_sequence_fm_plus_frozen_pangenomefm,donor,ENC-003,104271.0,32477.0,1889.0,0.01811625475923315,104271.0,0.028661205924876403,0.5314442535707856,0.010739510880748449,
h3k27ac,fold_c,20260806,strict,coordinate_plus_frozen_sequence_fm_plus_frozen_pangenomefm,donor,ENC-004,114825.0,34502.0,2415.0,0.021032005225342914,114825.0,0.0573898390614646,0.5882549775730407,0.037138940220911604,
h3k27ac,fold_c,20260806,strict,coordinate_plus_frozen_sequence_fm_plus_frozen_pangenomefm,tissue,Peyers_patch,12193.0,9765.0,323.0,0.026490609366029687,12193.0,0.05053589209825238,0.5751343893208416,0.024699589920302547,
h3k27ac,fold_c,20260806,strict,coordinate_plus_frozen_sequence_fm_plus_frozen_pangenomefm,tissue,adrenal_gland,7442.0,6380.0,145.0,0.019484009674818597,7442.0,0.07735856137218146,0.6035286111911838,0.05902458732791207,
h3k27ac,fold_c,20260806,strict,coordinate_plus_frozen_sequence_fm_plus_frozen_pangenomefm,tissue,ascending_aorta,8457.0,7770.0,161.0,0.019037483741279414,8457.0,0.041662335977947454,0.5703774025647322,0.023063931456786597,
h3k27ac,fold_c,20260806,strict,coordinate_plus_frozen_sequence_fm_plus_frozen_pangenomefm,tissue,body_of_pancreas,16164.0,13502.0,405.0,0.02505567928730512,16164.0,0.04943874714709333,0.6009671134425243,0.02500970295612771,
h3k27ac,fold_c,20260806,strict,coordinate_plus_frozen_sequence_fm_plus_frozen_pangenomefm,tissue,breast_epithelium,13969.0,13047.0,275.0,0.01968644856467893,13969.0,0.03550720190652043,0.6084310315068311,0.016138462350824005,
h3k27ac,fold_c,20260806,strict,coordinate_plus_frozen_sequence_fm_plus_frozen_pangenomefm,tissue,coronary_artery,7582.0,7031.0,137.0,0.018069111052492745,7582.0,0.07202250989954012,0.5697053330261332,0.054946228349001106,
h3k27ac,fold_c,20260806,strict,coordinate_plus_frozen_sequence_fm_plus_frozen_pangenomefm,tissue,esophagus_muscularis_mucosa,25057.0,18721.0,583.0,0.023266951350919902,25057.0,0.04400962304739653,0.6035895410973469,0.02123678698613283,
h3k27ac,fold_c,20260806,strict,coordinate_plus_frozen_sequence_fm_plus_frozen_pangenomefm,tissue,esophagus_squamous_epithelium,22785.0,18039.0,640.0,0.028088654816765417,22785.0,0.046076956704521915,0.6102216922555882,0.01850817152912765,
h3k27ac,fold_c,20260806,strict,coordinate_plus_frozen_sequence_fm_plus_frozen_pangenomefm,tissue,gastrocnemius_medialis,48082.0,36516.0,1049.0,0.021816896135768062,48082.0,0.03076174437690003,0.5418789886021451,0.009144349565839033,
h3k27ac,fold_c,20260806,strict,coordinate_plus_frozen_sequence_fm_plus_frozen_pangenomefm,tissue,gastroesophageal_sphincter,26117.0,20315.0,602.0,0.023050120611096223,26117.0,0.04532672556084875,0.5871302985736355,0.0228021983724353,
h3k27ac,fold_c,20260806,strict,coordinate_plus_frozen_sequence_fm_plus_frozen_pangenomefm,tissue,heart_left_ventricle,6834.0,6302.0,135.0,0.019754170324846356,6834.0,0.05710788074916474,0.5053374467167571,0.03810647216596385,
h3k27ac,fold_c,20260806,strict,coordinate_plus_frozen_sequence_fm_plus_frozen_pangenomefm,tissue,ovary,648.0,648.0,26.0,0.040123456790123455,648.0,0.07001344330346893,0.5614951768488746,0.031139407171459587,
h3k27ac,fold_c,20260806,strict,coordinate_plus_frozen_sequence_fm_plus_frozen_pangenomefm,tissue,prostate_gland,10622.0,9633.0,214.0,0.020146864997175672,10622.0,0.08980842935191623,0.5967336412680396,0.07109388322214202,
h3k27ac,fold_c,20260806,strict,coordinate_plus_frozen_sequence_fm_plus_frozen_pangenomefm,tissue,right_atrium_auricular_region,8709.0,7880.0,138.0,0.01584567688598002,8709.0,0.041909292454331615,0.5701531453384263,0.0264832607612617,
h3k27ac,fold_c,20260806,strict,coordinate_plus_frozen_sequence_fm_plus_frozen_pangenomefm,tissue,right_lobe_of_liver,9610.0,9610.0,162.0,0.016857440166493237,9610.0,0.02103233799878617,0.5407415247593063,0.004246482659645966,
h3k27ac,fold_c,20260806,strict,coordinate_plus_frozen_sequence_fm_plus_frozen_pangenomefm,tissue,sigmoid_colon,28828.0,22112.0,550.0,0.019078673511863466,28828.0,0.039752373475201136,0.5593217663586856,0.02107579823690142,
h3k27ac,fold_c,20260806,strict,coordinate_plus_frozen_sequence_fm_plus_frozen_pangenomefm,tissue,spleen,49596.0,36292.0,1110.0,0.022380837164287442,49596.0,0.035966434449491776,0.5568985177480413,0.013896615166377801,
h3k27ac,fold_c,20260806,strict,coordinate_plus_frozen_sequence_fm_plus_frozen_pangenomefm,tissue,stomach,16610.0,12799.0,282.0,0.016977724262492475,16610.0,0.02827519067636335,0.533470872816482,0.011492584341890936,
h3k27ac,fold_c,20260806,strict,coordinate_plus_frozen_sequence_fm_plus_frozen_pangenomefm,tissue,suprapubic_skin,3413.0,3413.0,78.0,0.022853794315851158,3413.0,0.11177450005081614,0.6854438165532618,0.09100041039683222,
h3k27ac,fold_c,20260806,strict,coordinate_plus_frozen_sequence_fm_plus_frozen_pangenomefm,tissue,testis,5017.0,4643.0,96.0,0.01913494119992027,5017.0,0.04195012264468659,0.5355131917631918,0.023260265252670723,
h3k27ac,fold_c,20260806,strict,coordinate_plus_frozen_sequence_fm_plus_frozen_pangenomefm,tissue,thoracic_aorta,8799.0,7765.0,207.0,0.0235254006137061,8799.0,0.0533796039797675,0.6526762902688941,0.03057345617062084,
h3k27ac,fold_c,20260806,strict,coordinate_plus_frozen_sequence_fm_plus_frozen_pangenomefm,tissue,thyroid_gland,17190.0,14402.0,257.0,0.014950552646887725,17190.0,0.03985646036674498,0.5736902891023239,0.025283916240733846,
h3k27ac,fold_c,20260806,strict,coordinate_plus_frozen_sequence_fm_plus_frozen_pangenomefm,tissue,tibial_artery,14810.0,13712.0,295.0,0.019918973666441592,14810.0,0.041591170573300584,0.6160486229908277,0.02211265836655747,
h3k27ac,fold_c,20260806,strict,coordinate_plus_frozen_sequence_fm_plus_frozen_pangenomefm,tissue,tibial_nerve,13759.0,11688.0,310.0,0.022530707173486444,13759.0,0.062273460717990864,0.5987099412595731,0.04065882563899445,
h3k27ac,fold_c,20260806,strict,coordinate_plus_frozen_sequence_fm_plus_frozen_pangenomefm,tissue,transverse_colon,36226.0,26945.0,615.0,0.016976757025340915,36226.0,0.05008775717171482,0.5969622065713229,0.033682825287201734,
h3k27ac,fold_c,20260806,strict,coordinate_plus_frozen_sequence_fm_plus_frozen_pangenomefm,tissue,upper_lobe_of_left_lung,11035.0,8553.0,274.0,0.024830086089714546,11035.0,0.04998700364348356,0.5376845760271106,0.025797470979076396,
h3k27ac,fold_c,20260806,strict,coordinate_plus_frozen_sequence_fm_plus_frozen_pangenomefm,tissue,uterus,12882.0,11564.0,188.0,0.014594007141748177,12882.0,0.029048636630040432,0.5487162640081258,0.014668704668991716,
h3k27ac,fold_c,20260806,strict,coordinate_plus_frozen_sequence_fm_plus_frozen_pangenomefm,tissue,vagina,6354.0,5869.0,132.0,0.02077431539187913,6354.0,0.027012641389350403,0.54217317826286,0.006370672354216082,
h3k27ac,fold_c,314159,1hop,coordinate_plus_frozen_sequence_fm,measurement_weight,all,448790.0,110468.0,9389.0,0.0209206978765124,448790.0,0.04055396922936969,0.5938609881315957,0.02005278970791788,
h3k27ac,fold_c,314159,1hop,coordinate_plus_frozen_sequence_fm,equal_locus_weight,all,448790.0,110468.0,9389.0,0.018824688608943204,110468.0,0.03307036113594287,0.5848334142902613,0.014518987954153602,
h3k27ac,fold_c,314159,1hop,coordinate_plus_frozen_sequence_fm,donor,ENC-001,126744.0,44755.0,3119.0,0.024608659976014642,126744.0,0.047218530800375705,0.6082045533896264,0.02318030712042725,
h3k27ac,fold_c,314159,1hop,coordinate_plus_frozen_sequence_fm,donor,ENC-002,102950.0,38949.0,1966.0,0.019096648858669258,102950.0,0.03192894491400083,0.5833232251008167,0.013082120721068536,
h3k27ac,fold_c,314159,1hop,coordinate_plus_frozen_sequence_fm,donor,ENC-003,104271.0,32477.0,1889.0,0.01811625475923315,104271.0,0.03013620014586908,0.5578825918759148,0.012241719495711307,
h3k27ac,fold_c,314159,1hop,coordinate_plus_frozen_sequence_fm,donor,ENC-004,114825.0,34502.0,2415.0,0.021032005225342914,114825.0,0.059101540153313384,0.612400597266403,0.0388874152486808,
h3k27ac,fold_c,314159,1hop,coordinate_plus_frozen_sequence_fm,tissue,Peyers_patch,12193.0,9765.0,323.0,0.026490609366029687,12193.0,0.05180494275447013,0.6028536701782208,0.02600317329446119,
h3k27ac,fold_c,314159,1hop,coordinate_plus_frozen_sequence_fm,tissue,adrenal_gland,7442.0,6380.0,145.0,0.019484009674818597,7442.0,0.07520320209876111,0.6243307358243586,0.05682639852254079,
h3k27ac,fold_c,314159,1hop,coordinate_plus_frozen_sequence_fm,tissue,ascending_aorta,8457.0,7770.0,161.0,0.019037483741279414,8457.0,0.04854617108797177,0.6193039225668886,0.030081360763136118,
h3k27ac,fold_c,314159,1hop,coordinate_plus_frozen_sequence_fm,tissue,body_of_pancreas,16164.0,13502.0,405.0,0.02505567928730512,16164.0,0.04851503283619323,0.6211274137686558,0.02406224955671219,
h3k27ac,fold_c,314159,1hop,coordinate_plus_frozen_sequence_fm,tissue,breast_epithelium,13969.0,13047.0,275.0,0.01968644856467893,13969.0,0.035606261966512016,0.6173488057145133,0.016239511713904364,
h3k27ac,fold_c,314159,1hop,coordinate_plus_frozen_sequence_fm,tissue,coronary_artery,7582.0,7031.0,137.0,0.018069111052492745,7582.0,0.07480475889018028,0.598799468609217,0.05777967520555364,
h3k27ac,fold_c,314159,1hop,coordinate_plus_frozen_sequence_fm,tissue,esophagus_muscularis_mucosa,25057.0,18721.0,583.0,0.023266951350919902,25057.0,0.05257412025398232,0.6393110706205387,0.030005300776498944,
h3k27ac,fold_c,314159,1hop,coordinate_plus_frozen_sequence_fm,tissue,esophagus_squamous_epithelium,22785.0,18039.0,640.0,0.028088654816765417,22785.0,0.04807534135068289,0.6300338676902235,0.020564310348851193,
h3k27ac,fold_c,314159,1hop,coordinate_plus_frozen_sequence_fm,tissue,gastrocnemius_medialis,48082.0,36516.0,1049.0,0.021816896135768062,48082.0,0.028096654683610115,0.5207635991012699,0.006419819073785248,
h3k27ac,fold_c,314159,1hop,coordinate_plus_frozen_sequence_fm,tissue,gastroesophageal_sphincter,26117.0,20315.0,602.0,0.023050120611096223,26117.0,0.052490843713916074,0.6193954048266833,0.03013534647369571,
h3k27ac,fold_c,314159,1hop,coordinate_plus_frozen_sequence_fm,tissue,heart_left_ventricle,6834.0,6302.0,135.0,0.019754170324846356,6834.0,0.05915509270755189,0.5497155462672705,0.040194940075146984,
h3k27ac,fold_c,314159,1hop,coordinate_plus_frozen_sequence_fm,tissue,ovary,648.0,648.0,26.0,0.040123456790123455,648.0,0.07334284385644341,0.5929693297056642,0.034607978808642005,
h3k27ac,fold_c,314159,1hop,coordinate_plus_frozen_sequence_fm,tissue,prostate_gland,10622.0,9633.0,214.0,0.020146864997175672,10622.0,0.09042624103275977,0.6250673457512912,0.07172439779496294,
h3k27ac,fold_c,314159,1hop,coordinate_plus_frozen_sequence_fm,tissue,right_atrium_auricular_region,8709.0,7880.0,138.0,0.01584567688598002,8709.0,0.043303400931308286,0.6064729564980664,0.027899815507031137,
h3k27ac,fold_c,314159,1hop,coordinate_plus_frozen_sequence_fm,tissue,right_lobe_of_liver,9610.0,9610.0,162.0,0.016857440166493237,9610.0,0.021441622526412737,0.5604158173132207,0.0046627849787072816,
h3k27ac,fold_c,314159,1hop,coordinate_plus_frozen_sequence_fm,tissue,sigmoid_colon,28828.0,22112.0,550.0,0.019078673511863466,28828.0,0.04151432674025414,0.5774459104089913,0.022872021050570984,
h3k27ac,fold_c,314159,1hop,coordinate_plus_frozen_sequence_fm,tissue,spleen,49596.0,36292.0,1110.0,0.022380837164287442,49596.0,0.03587428987717564,0.5570256557758104,0.013802361109359467,
h3k27ac,fold_c,314159,1hop,coordinate_plus_frozen_sequence_fm,tissue,stomach,16610.0,12799.0,282.0,0.016977724262492475,16610.0,0.02944599958015572,0.5703152961800814,0.012683614222586138,
h3k27ac,fold_c,314159,1hop,coordinate_plus_frozen_sequence_fm,tissue,suprapubic_skin,3413.0,3413.0,78.0,0.022853794315851158,3413.0,0.1080747355311688,0.7025352708261254,0.0872141146530372,
h3k27ac,fold_c,314159,1hop,coordinate_plus_frozen_sequence_fm,tissue,testis,5017.0,4643.0,96.0,0.01913494119992027,5017.0,0.039405765168345486,0.5547102553681501,0.02066627186539104,
h3k27ac,fold_c,314159,1hop,coordinate_plus_frozen_sequence_fm,tissue,thoracic_aorta,8799.0,7765.0,207.0,0.0235254006137061,8799.0,0.07091683395323914,0.7055301977347763,0.048533196223760615,
h3k27ac,fold_c,314159,1hop,coordinate_plus_frozen_sequence_fm,tissue,thyroid_gland,17190.0,14402.0,257.0,0.014950552646887725,17190.0,0.041536893161699076,0.5963739903271787,0.026989853744144993,
h3k27ac,fold_c,314159,1hop,coordinate_plus_frozen_sequence_fm,tissue,tibial_artery,14810.0,13712.0,295.0,0.019918973666441592,14810.0,0.04629191689095113,0.6578004051915902,0.026908941726144418,
h3k27ac,fold_c,314159,1hop,coordinate_plus_frozen_sequence_fm,tissue,tibial_nerve,13759.0,11688.0,310.0,0.022530707173486444,13759.0,0.05888839371124662,0.5604041792290588,0.037195732699311645,
h3k27ac,fold_c,314159,1hop,coordinate_plus_frozen_sequence_fm,tissue,transverse_colon,36226.0,26945.0,615.0,0.016976757025340915,36226.0,0.05148130921046834,0.6138665475840684,0.03510044389257325,
h3k27ac,fold_c,314159,1hop,coordinate_plus_frozen_sequence_fm,tissue,upper_lobe_of_left_lung,11035.0,8553.0,274.0,0.024830086089714546,11035.0,0.04813465298660714,0.5696260896166678,0.02389795518141528,
h3k27ac,fold_c,314159,1hop,coordinate_plus_frozen_sequence_fm,tissue,uterus,12882.0,11564.0,188.0,0.014594007141748177,12882.0,0.03191308773941605,0.578876684913965,0.017575578719013513,
h3k27ac,fold_c,314159,1hop,coordinate_plus_frozen_sequence_fm,tissue,vagina,6354.0,5869.0,132.0,0.02077431539187913,6354.0,0.02877889043053767,0.5764528116263893,0.008174392445457465,
h3k27ac,fold_c,314159,1hop,coordinate_plus_frozen_sequence_fm_plus_frozen_pangenomefm,measurement_weight,all,448790.0,110468.0,9389.0,0.0209206978765124,448790.0,0.04163428055021726,0.5984876827116197,0.021156184824640833,
h3k27ac,fold_c,314159,1hop,coordinate_plus_frozen_sequence_fm_plus_frozen_pangenomefm,equal_locus_weight,all,448790.0,110468.0,9389.0,0.018824688608943204,110468.0,0.032535832619721095,0.582020588969931,0.013974204050588043,
h3k27ac,fold_c,314159,1hop,coordinate_plus_frozen_sequence_fm_plus_frozen_pangenomefm,donor,ENC-001,126744.0,44755.0,3119.0,0.024608659976014642,126744.0,0.046800078939593245,0.6173434681139861,0.022751297918057082,
h3k27ac,fold_c,314159,1hop,coordinate_plus_frozen_sequence_fm_plus_frozen_pangenomefm,donor,ENC-002,102950.0,38949.0,1966.0,0.019096648858669258,102950.0,0.030085841378631357,0.5780439372807585,0.01120313485235382,
h3k27ac,fold_c,314159,1hop,coordinate_plus_frozen_sequence_fm_plus_frozen_pangenomefm,donor,ENC-003,104271.0,32477.0,1889.0,0.01811625475923315,104271.0,0.030644346387298613,0.56423031965144,0.01275924129387992,
h3k27ac,fold_c,314159,1hop,coordinate_plus_frozen_sequence_fm_plus_frozen_pangenomefm,donor,ENC-004,114825.0,34502.0,2415.0,0.021032005225342914,114825.0,0.06648633688796945,0.6163592498107067,0.04643086587635523,
h3k27ac,fold_c,314159,1hop,coordinate_plus_frozen_sequence_fm_plus_frozen_pangenomefm,tissue,Peyers_patch,12193.0,9765.0,323.0,0.026490609366029687,12193.0,0.05398533844156529,0.5928226582611938,0.028242900726032485,
h3k27ac,fold_c,314159,1hop,coordinate_plus_frozen_sequence_fm_plus_frozen_pangenomefm,tissue,adrenal_gland,7442.0,6380.0,145.0,0.019484009674818597,7442.0,0.08269170912769157,0.6414497218979931,0.06446371102210231,
h3k27ac,fold_c,314159,1hop,coordinate_plus_frozen_sequence_fm_plus_frozen_pangenomefm,tissue,ascending_aorta,8457.0,7770.0,161.0,0.019037483741279414,8457.0,0.05332478609651081,0.6325281359871104,0.03495271408126711,
h3k27ac,fold_c,314159,1hop,coordinate_plus_frozen_sequence_fm_plus_frozen_pangenomefm,tissue,body_of_pancreas,16164.0,13502.0,405.0,0.02505567928730512,16164.0,0.048817805824053845,0.6214334117521714,0.024372803689320793,
h3k27ac,fold_c,314159,1hop,coordinate_plus_frozen_sequence_fm_plus_frozen_pangenomefm,tissue,breast_epithelium,13969.0,13047.0,275.0,0.01968644856467893,13969.0,0.03837177796660275,0.631994370460852,0.019060564219035625,
h3k27ac,fold_c,314159,1hop,coordinate_plus_frozen_sequence_fm_plus_frozen_pangenomefm,tissue,coronary_artery,7582.0,7031.0,137.0,0.018069111052492745,7582.0,0.08725217179945476,0.6231444216223105,0.07045614057534802,
h3k27ac,fold_c,314159,1hop,coordinate_plus_frozen_sequence_fm_plus_frozen_pangenomefm,tissue,esophagus_muscularis_mucosa,25057.0,18721.0,583.0,0.023266951350919902,25057.0,0.04930082991375766,0.6373603884740077,0.026654036738948502,
h3k27ac,fold_c,314159,1hop,coordinate_plus_frozen_sequence_fm_plus_frozen_pangenomefm,tissue,esophagus_squamous_epithelium,22785.0,18039.0,640.0,0.028088654816765417,22785.0,0.04426085907332028,0.6216006011515015,0.016639587897295215,
h3k27ac,fold_c,314159,1hop,coordinate_plus_frozen_sequence_fm_plus_frozen_pangenomefm,tissue,gastrocnemius_medialis,48082.0,36516.0,1049.0,0.021816896135768062,48082.0,0.029750333317607534,0.54615102306218,0.008110380511071068,
h3k27ac,fold_c,314159,1hop,coordinate_plus_frozen_sequence_fm_plus_frozen_pangenomefm,tissue,gastroesophageal_sphincter,26117.0,20315.0,602.0,0.023050120611096223,26117.0,0.04928360889246285,0.6138022516883105,0.0268524402682521,
h3k27ac,fold_c,314159,1hop,coordinate_plus_frozen_sequence_fm_plus_frozen_pangenomefm,tissue,heart_left_ventricle,6834.0,6302.0,135.0,0.019754170324846356,6834.0,0.06390239208835442,0.5573087193776849,0.04503790827464011,
h3k27ac,fold_c,314159,1hop,coordinate_plus_frozen_sequence_fm_plus_frozen_pangenomefm,tissue,ovary,648.0,648.0,26.0,0.040123456790123455,648.0,0.10141425055483375,0.615972050457581,0.06385278835937663,
h3k27ac,fold_c,314159,1hop,coordinate_plus_frozen_sequence_fm_plus_frozen_pangenomefm,tissue,prostate_gland,10622.0,9633.0,214.0,0.020146864997175672,10622.0,0.09390897540842111,0.6473314021565008,0.07527874104422069,
h3k27ac,fold_c,314159,1hop,coordinate_plus_frozen_sequence_fm_plus_frozen_pangenomefm,tissue,right_atrium_auricular_region,8709.0,7880.0,138.0,0.01584567688598002,8709.0,0.049363316699420914,0.6221045351784498,0.03405730079748649,
h3k27ac,fold_c,314159,1hop,coordinate_plus_frozen_sequence_fm_plus_frozen_pangenomefm,tissue,right_lobe_of_liver,9610.0,9610.0,162.0,0.016857440166493237,9610.0,0.02137437245351116,0.5507606286783537,0.004594381803370261,
h3k27ac,fold_c,314159,1hop,coordinate_plus_frozen_sequence_fm_plus_frozen_pangenomefm,tissue,sigmoid_colon,28828.0,22112.0,550.0,0.019078673511863466,28828.0,0.04249517670328228,0.5766402728751552,0.023871948299109613,
h3k27ac,fold_c,314159,1hop,coordinate_plus_frozen_sequence_fm_plus_frozen_pangenomefm,tissue,spleen,49596.0,36292.0,1110.0,0.022380837164287442,49596.0,0.036648197293248856,0.5554735220308789,0.014593985747555382,
h3k27ac,fold_c,314159,1hop,coordinate_plus_frozen_sequence_fm_plus_frozen_pangenomefm,tissue,stomach,16610.0,12799.0,282.0,0.016977724262492475,16610.0,0.03200489155075564,0.5715990414586091,0.015286700677244684,
h3k27ac,fold_c,314159,1hop,coordinate_plus_frozen_sequence_fm_plus_frozen_pangenomefm,tissue,suprapubic_skin,3413.0,3413.0,78.0,0.022853794315851158,3413.0,0.10266661825949046,0.7088936301080229,0.081679510680552,
h3k27ac,fold_c,314159,1hop,coordinate_plus_frozen_sequence_fm_plus_frozen_pangenomefm,tissue,testis,5017.0,4643.0,96.0,0.01913494119992027,5017.0,0.04410160259750038,0.5753911806543386,0.02545371677131872,
h3k27ac,fold_c,314159,1hop,coordinate_plus_frozen_sequence_fm_plus_frozen_pangenomefm,tissue,thoracic_aorta,8799.0,7765.0,207.0,0.0235254006137061,8799.0,0.054225091904284255,0.680844837125199,0.03143931374136373,
h3k27ac,fold_c,314159,1hop,coordinate_plus_frozen_sequence_fm_plus_frozen_pangenomefm,tissue,thyroid_gland,17190.0,14402.0,257.0,0.014950552646887725,17190.0,0.04470172722710222,0.6032502554701167,0.03020272196503202,
h3k27ac,fold_c,314159,1hop,coordinate_plus_frozen_sequence_fm_plus_frozen_pangenomefm,tissue,tibial_artery,14810.0,13712.0,295.0,0.019918973666441592,14810.0,0.04320885329558345,0.6459129947395155,0.02376321855374378,
h3k27ac,fold_c,314159,1hop,coordinate_plus_frozen_sequence_fm_plus_frozen_pangenomefm,tissue,tibial_nerve,13759.0,11688.0,310.0,0.022530707173486444,13759.0,0.06228962025472994,0.5880781398784896,0.04067535765371621,
h3k27ac,fold_c,314159,1hop,coordinate_plus_frozen_sequence_fm_plus_frozen_pangenomefm,tissue,transverse_colon,36226.0,26945.0,615.0,0.016976757025340915,36226.0,0.04959634982895269,0.6162298896865018,0.03318293136681476,
h3k27ac,fold_c,314159,1hop,coordinate_plus_frozen_sequence_fm_plus_frozen_pangenomefm,tissue,upper_lobe_of_left_lung,11035.0,8553.0,274.0,0.024830086089714546,11035.0,0.053040889121073034,0.5746492979175273,0.028929115458697235,
h3k27ac,fold_c,314159,1hop,coordinate_plus_frozen_sequence_fm_plus_frozen_pangenomefm,tissue,uterus,12882.0,11564.0,188.0,0.014594007141748177,12882.0,0.034507845396197875,0.5866245235644918,0.020208765116891528,
h3k27ac,fold_c,314159,1hop,coordinate_plus_frozen_sequence_fm_plus_frozen_pangenomefm,tissue,vagina,6354.0,5869.0,132.0,0.02077431539187913,6354.0,0.030393194672680646,0.595062242482686,0.00982294422214928,
h3k27ac,fold_c,314159,strict,coordinate_plus_frozen_sequence_fm,measurement_weight,all,448790.0,110468.0,9389.0,0.0209206978765124,448790.0,0.04055396922936969,0.5938609881315957,0.02005278970791788,
h3k27ac,fold_c,314159,strict,coordinate_plus_frozen_sequence_fm,equal_locus_weight,all,448790.0,110468.0,9389.0,0.018824688608943204,110468.0,0.03307036113594287,0.5848334142902613,0.014518987954153602,
h3k27ac,fold_c,314159,strict,coordinate_plus_frozen_sequence_fm,donor,ENC-001,126744.0,44755.0,3119.0,0.024608659976014642,126744.0,0.047218530800375705,0.6082045533896264,0.02318030712042725,
h3k27ac,fold_c,314159,strict,coordinate_plus_frozen_sequence_fm,donor,ENC-002,102950.0,38949.0,1966.0,0.019096648858669258,102950.0,0.03192894491400083,0.5833232251008167,0.013082120721068536,
h3k27ac,fold_c,314159,strict,coordinate_plus_frozen_sequence_fm,donor,ENC-003,104271.0,32477.0,1889.0,0.01811625475923315,104271.0,0.03013620014586908,0.5578825918759148,0.012241719495711307,
h3k27ac,fold_c,314159,strict,coordinate_plus_frozen_sequence_fm,donor,ENC-004,114825.0,34502.0,2415.0,0.021032005225342914,114825.0,0.059101540153313384,0.612400597266403,0.0388874152486808,
h3k27ac,fold_c,314159,strict,coordinate_plus_frozen_sequence_fm,tissue,Peyers_patch,12193.0,9765.0,323.0,0.026490609366029687,12193.0,0.05180494275447013,0.6028536701782208,0.02600317329446119,
h3k27ac,fold_c,314159,strict,coordinate_plus_frozen_sequence_fm,tissue,adrenal_gland,7442.0,6380.0,145.0,0.019484009674818597,7442.0,0.07520320209876111,0.6243307358243586,0.05682639852254079,
h3k27ac,fold_c,314159,strict,coordinate_plus_frozen_sequence_fm,tissue,ascending_aorta,8457.0,7770.0,161.0,0.019037483741279414,8457.0,0.04854617108797177,0.6193039225668886,0.030081360763136118,
h3k27ac,fold_c,314159,strict,coordinate_plus_frozen_sequence_fm,tissue,body_of_pancreas,16164.0,13502.0,405.0,0.02505567928730512,16164.0,0.04851503283619323,0.6211274137686558,0.02406224955671219,
h3k27ac,fold_c,314159,strict,coordinate_plus_frozen_sequence_fm,tissue,breast_epithelium,13969.0,13047.0,275.0,0.01968644856467893,13969.0,0.035606261966512016,0.6173488057145133,0.016239511713904364,
h3k27ac,fold_c,314159,strict,coordinate_plus_frozen_sequence_fm,tissue,coronary_artery,7582.0,7031.0,137.0,0.018069111052492745,7582.0,0.07480475889018028,0.598799468609217,0.05777967520555364,
h3k27ac,fold_c,314159,strict,coordinate_plus_frozen_sequence_fm,tissue,esophagus_muscularis_mucosa,25057.0,18721.0,583.0,0.023266951350919902,25057.0,0.05257412025398232,0.6393110706205387,0.030005300776498944,
h3k27ac,fold_c,314159,strict,coordinate_plus_frozen_sequence_fm,tissue,esophagus_squamous_epithelium,22785.0,18039.0,640.0,0.028088654816765417,22785.0,0.04807534135068289,0.6300338676902235,0.020564310348851193,
h3k27ac,fold_c,314159,strict,coordinate_plus_frozen_sequence_fm,tissue,gastrocnemius_medialis,48082.0,36516.0,1049.0,0.021816896135768062,48082.0,0.028096654683610115,0.5207635991012699,0.006419819073785248,
h3k27ac,fold_c,314159,strict,coordinate_plus_frozen_sequence_fm,tissue,gastroesophageal_sphincter,26117.0,20315.0,602.0,0.023050120611096223,26117.0,0.052490843713916074,0.6193954048266833,0.03013534647369571,
h3k27ac,fold_c,314159,strict,coordinate_plus_frozen_sequence_fm,tissue,heart_left_ventricle,6834.0,6302.0,135.0,0.019754170324846356,6834.0,0.05915509270755189,0.5497155462672705,0.040194940075146984,
h3k27ac,fold_c,314159,strict,coordinate_plus_frozen_sequence_fm,tissue,ovary,648.0,648.0,26.0,0.040123456790123455,648.0,0.07334284385644341,0.5929693297056642,0.034607978808642005,
h3k27ac,fold_c,314159,strict,coordinate_plus_frozen_sequence_fm,tissue,prostate_gland,10622.0,9633.0,214.0,0.020146864997175672,10622.0,0.09042624103275977,0.6250673457512912,0.07172439779496294,
h3k27ac,fold_c,314159,strict,coordinate_plus_frozen_sequence_fm,tissue,right_atrium_auricular_region,8709.0,7880.0,138.0,0.01584567688598002,8709.0,0.043303400931308286,0.6064729564980664,0.027899815507031137,
h3k27ac,fold_c,314159,strict,coordinate_plus_frozen_sequence_fm,tissue,right_lobe_of_liver,9610.0,9610.0,162.0,0.016857440166493237,9610.0,0.021441622526412737,0.5604158173132207,0.0046627849787072816,
h3k27ac,fold_c,314159,strict,coordinate_plus_frozen_sequence_fm,tissue,sigmoid_colon,28828.0,22112.0,550.0,0.019078673511863466,28828.0,0.04151432674025414,0.5774459104089913,0.022872021050570984,
h3k27ac,fold_c,314159,strict,coordinate_plus_frozen_sequence_fm,tissue,spleen,49596.0,36292.0,1110.0,0.022380837164287442,49596.0,0.03587428987717564,0.5570256557758104,0.013802361109359467,
h3k27ac,fold_c,314159,strict,coordinate_plus_frozen_sequence_fm,tissue,stomach,16610.0,12799.0,282.0,0.016977724262492475,16610.0,0.02944599958015572,0.5703152961800814,0.012683614222586138,
h3k27ac,fold_c,314159,strict,coordinate_plus_frozen_sequence_fm,tissue,suprapubic_skin,3413.0,3413.0,78.0,0.022853794315851158,3413.0,0.1080747355311688,0.7025352708261254,0.0872141146530372,
h3k27ac,fold_c,314159,strict,coordinate_plus_frozen_sequence_fm,tissue,testis,5017.0,4643.0,96.0,0.01913494119992027,5017.0,0.039405765168345486,0.5547102553681501,0.02066627186539104,
h3k27ac,fold_c,314159,strict,coordinate_plus_frozen_sequence_fm,tissue,thoracic_aorta,8799.0,7765.0,207.0,0.0235254006137061,8799.0,0.07091683395323914,0.7055301977347763,0.048533196223760615,
h3k27ac,fold_c,314159,strict,coordinate_plus_frozen_sequence_fm,tissue,thyroid_gland,17190.0,14402.0,257.0,0.014950552646887725,17190.0,0.041536893161699076,0.5963739903271787,0.026989853744144993,
h3k27ac,fold_c,314159,strict,coordinate_plus_frozen_sequence_fm,tissue,tibial_artery,14810.0,13712.0,295.0,0.019918973666441592,14810.0,0.04629191689095113,0.6578004051915902,0.026908941726144418,
h3k27ac,fold_c,314159,strict,coordinate_plus_frozen_sequence_fm,tissue,tibial_nerve,13759.0,11688.0,310.0,0.022530707173486444,13759.0,0.05888839371124662,0.5604041792290588,0.037195732699311645,
h3k27ac,fold_c,314159,strict,coordinate_plus_frozen_sequence_fm,tissue,transverse_colon,36226.0,26945.0,615.0,0.016976757025340915,36226.0,0.05148130921046834,0.6138665475840684,0.03510044389257325,
h3k27ac,fold_c,314159,strict,coordinate_plus_frozen_sequence_fm,tissue,upper_lobe_of_left_lung,11035.0,8553.0,274.0,0.024830086089714546,11035.0,0.04813465298660714,0.5696260896166678,0.02389795518141528,
h3k27ac,fold_c,314159,strict,coordinate_plus_frozen_sequence_fm,tissue,uterus,12882.0,11564.0,188.0,0.014594007141748177,12882.0,0.03191308773941605,0.578876684913965,0.017575578719013513,
h3k27ac,fold_c,314159,strict,coordinate_plus_frozen_sequence_fm,tissue,vagina,6354.0,5869.0,132.0,0.02077431539187913,6354.0,0.02877889043053767,0.5764528116263893,0.008174392445457465,
h3k27ac,fold_c,314159,strict,coordinate_plus_frozen_sequence_fm_plus_frozen_pangenomefm,measurement_weight,all,448790.0,110468.0,9389.0,0.0209206978765124,448790.0,0.0383373317199735,0.5726948596011872,0.017788787696447907,
h3k27ac,fold_c,314159,strict,coordinate_plus_frozen_sequence_fm_plus_frozen_pangenomefm,equal_locus_weight,all,448790.0,110468.0,9389.0,0.018824688608943204,110468.0,0.03290805418159079,0.5764601418184863,0.014353567001885685,
h3k27ac,fold_c,314159,strict,coordinate_plus_frozen_sequence_fm_plus_frozen_pangenomefm,donor,ENC-001,126744.0,44755.0,3119.0,0.024608659976014642,126744.0,0.04461028970705782,0.5870768177428469,0.020506261343832852,
h3k27ac,fold_c,314159,strict,coordinate_plus_frozen_sequence_fm_plus_frozen_pangenomefm,donor,ENC-002,102950.0,38949.0,1966.0,0.019096648858669258,102950.0,0.029504425963943415,0.5574453808904913,0.010610400191990558,
h3k27ac,fold_c,314159,strict,coordinate_plus_frozen_sequence_fm_plus_frozen_pangenomefm,donor,ENC-003,104271.0,32477.0,1889.0,0.01811625475923315,104271.0,0.030251935599952935,0.5341691765046999,0.012359590327818295,
h3k27ac,fold_c,314159,strict,coordinate_plus_frozen_sequence_fm_plus_frozen_pangenomefm,donor,ENC-004,114825.0,34502.0,2415.0,0.021032005225342914,114825.0,0.05356840506319195,0.5949678592655583,0.03323540709350605,
h3k27ac,fold_c,314159,strict,coordinate_plus_frozen_sequence_fm_plus_frozen_pangenomefm,tissue,Peyers_patch,12193.0,9765.0,323.0,0.026490609366029687,12193.0,0.05022302976196413,0.5687598623895087,0.024378214143860884,
h3k27ac,fold_c,314159,strict,coordinate_plus_frozen_sequence_fm_plus_frozen_pangenomefm,tissue,adrenal_gland,7442.0,6380.0,145.0,0.019484009674818597,7442.0,0.08522130053352119,0.6132472957710537,0.06704356839392417,
h3k27ac,fold_c,314159,strict,coordinate_plus_frozen_sequence_fm_plus_frozen_pangenomefm,tissue,ascending_aorta,8457.0,7770.0,161.0,0.019037483741279414,8457.0,0.04468894712820977,0.5926428661272064,0.026149279877443348,
h3k27ac,fold_c,314159,strict,coordinate_plus_frozen_sequence_fm_plus_frozen_pangenomefm,tissue,body_of_pancreas,16164.0,13502.0,405.0,0.02505567928730512,16164.0,0.046556403016212174,0.5831181711567522,0.022053283733362117,
h3k27ac,fold_c,314159,strict,coordinate_plus_frozen_sequence_fm_plus_frozen_pangenomefm,tissue,breast_epithelium,13969.0,13047.0,275.0,0.01968644856467893,13969.0,0.03509059016053827,0.6090067315479905,0.015713484296228937,
h3k27ac,fold_c,314159,strict,coordinate_plus_frozen_sequence_fm_plus_frozen_pangenomefm,tissue,coronary_artery,7582.0,7031.0,137.0,0.018069111052492745,7582.0,0.06044847416728676,0.5751427745069684,0.04315921170401185,
h3k27ac,fold_c,314159,strict,coordinate_plus_frozen_sequence_fm_plus_frozen_pangenomefm,tissue,esophagus_muscularis_mucosa,25057.0,18721.0,583.0,0.023266951350919902,25057.0,0.04178430207755602,0.6010940163895707,0.01895845620484274,
h3k27ac,fold_c,314159,strict,coordinate_plus_frozen_sequence_fm_plus_frozen_pangenomefm,tissue,esophagus_squamous_epithelium,22785.0,18039.0,640.0,0.028088654816765417,22785.0,0.044734848540879696,0.6118287141566945,0.017127275863804192,
h3k27ac,fold_c,314159,strict,coordinate_plus_frozen_sequence_fm_plus_frozen_pangenomefm,tissue,gastrocnemius_medialis,48082.0,36516.0,1049.0,0.021816896135768062,48082.0,0.02882119900880669,0.5185062140313749,0.0071605232653975575,
h3k27ac,fold_c,314159,strict,coordinate_plus_frozen_sequence_fm_plus_frozen_pangenomefm,tissue,gastroesophageal_sphincter,26117.0,20315.0,602.0,0.023050120611096223,26117.0,0.04344125449195465,0.5838070628768303,0.020872241566387596,
h3k27ac,fold_c,314159,strict,coordinate_plus_frozen_sequence_fm_plus_frozen_pangenomefm,tissue,heart_left_ventricle,6834.0,6302.0,135.0,0.019754170324846356,6834.0,0.050763868019449696,0.5151255300680588,0.03163461323255997,
h3k27ac,fold_c,314159,strict,coordinate_plus_frozen_sequence_fm_plus_frozen_pangenomefm,tissue,ovary,648.0,648.0,26.0,0.040123456790123455,648.0,0.07096955281796885,0.5516633687855552,0.03213548267852703,
h3k27ac,fold_c,314159,strict,coordinate_plus_frozen_sequence_fm_plus_frozen_pangenomefm,tissue,prostate_gland,10622.0,9633.0,214.0,0.020146864997175672,10622.0,0.09284941924344887,0.6102036894696388,0.07419739923173654,
h3k27ac,fold_c,314159,strict,coordinate_plus_frozen_sequence_fm_plus_frozen_pangenomefm,tissue,right_atrium_auricular_region,8709.0,7880.0,138.0,0.01584567688598002,8709.0,0.04348726396860435,0.5860789416282408,0.02808663888724481,
h3k27ac,fold_c,314159,strict,coordinate_plus_frozen_sequence_fm_plus_frozen_pangenomefm,tissue,right_lobe_of_liver,9610.0,9610.0,162.0,0.016857440166493237,9610.0,0.020892249460475243,0.5337265186439615,0.004103992095170097,
h3k27ac,fold_c,314159,strict,coordinate_plus_frozen_sequence_fm_plus_frozen_pangenomefm,tissue,sigmoid_colon,28828.0,22112.0,550.0,0.019078673511863466,28828.0,0.038253719778486274,0.551448057918459,0.019547996102065292,
h3k27ac,fold_c,314159,strict,coordinate_plus_frozen_sequence_fm_plus_frozen_pangenomefm,tissue,spleen,49596.0,36292.0,1110.0,0.022380837164287442,49596.0,0.03565957081319857,0.5488713190359026,0.013582726437557159,
h3k27ac,fold_c,314159,strict,coordinate_plus_frozen_sequence_fm_plus_frozen_pangenomefm,tissue,stomach,16610.0,12799.0,282.0,0.016977724262492475,16610.0,0.02851030901753029,0.5477069585900389,0.011731763399141237,
h3k27ac,fold_c,314159,strict,coordinate_plus_frozen_sequence_fm_plus_frozen_pangenomefm,tissue,suprapubic_skin,3413.0,3413.0,78.0,0.022853794315851158,3413.0,0.10859192180712232,0.679254603467497,0.08774339703979264,
h3k27ac,fold_c,314159,strict,coordinate_plus_frozen_sequence_fm_plus_frozen_pangenomefm,tissue,testis,5017.0,4643.0,96.0,0.01913494119992027,5017.0,0.04248294565781347,0.5307631409605094,0.023803482699705385,
h3k27ac,fold_c,314159,strict,coordinate_plus_frozen_sequence_fm_plus_frozen_pangenomefm,tissue,thoracic_aorta,8799.0,7765.0,207.0,0.0235254006137061,8799.0,0.04852524408385875,0.6264171704495363,0.025602144168281323,
h3k27ac,fold_c,314159,strict,coordinate_plus_frozen_sequence_fm_plus_frozen_pangenomefm,tissue,thyroid_gland,17190.0,14402.0,257.0,0.014950552646887725,17190.0,0.04126947019039169,0.5796160238762015,0.02671837197028484,
h3k27ac,fold_c,314159,strict,coordinate_plus_frozen_sequence_fm_plus_frozen_pangenomefm,tissue,tibial_artery,14810.0,13712.0,295.0,0.019918973666441592,14810.0,0.03841720621940943,0.6079499290622792,0.018874186986527982,
h3k27ac,fold_c,314159,strict,coordinate_plus_frozen_sequence_fm_plus_frozen_pangenomefm,tissue,tibial_nerve,13759.0,11688.0,310.0,0.022530707173486444,13759.0,0.057053840781842696,0.5605298631148976,0.035318893249860484,
h3k27ac,fold_c,314159,strict,coordinate_plus_frozen_sequence_fm_plus_frozen_pangenomefm,tissue,transverse_colon,36226.0,26945.0,615.0,0.016976757025340915,36226.0,0.04851906098100379,0.6053420051765315,0.03208703780005738,
h3k27ac,fold_c,314159,strict,coordinate_plus_frozen_sequence_fm_plus_frozen_pangenomefm,tissue,upper_lobe_of_left_lung,11035.0,8553.0,274.0,0.024830086089714546,11035.0,0.047677741046281766,0.5490187599584062,0.023429409204137094,
h3k27ac,fold_c,314159,strict,coordinate_plus_frozen_sequence_fm_plus_frozen_pangenomefm,tissue,uterus,12882.0,11564.0,188.0,0.014594007141748177,12882.0,0.031914958482174974,0.5671954248782303,0.01757747716774681,
h3k27ac,fold_c,314159,strict,coordinate_plus_frozen_sequence_fm_plus_frozen_pangenomefm,tissue,vagina,6354.0,5869.0,132.0,0.02077431539187913,6354.0,0.02725650220723992,0.5603820266308213,0.006619706689939322,
h3k27ac,fold_c,42,1hop,coordinate_plus_frozen_sequence_fm,measurement_weight,all,448790.0,110468.0,9389.0,0.0209206978765124,448790.0,0.04055396922936969,0.5938609881315957,0.02005278970791788,
h3k27ac,fold_c,42,1hop,coordinate_plus_frozen_sequence_fm,equal_locus_weight,all,448790.0,110468.0,9389.0,0.018824688608943204,110468.0,0.03307036113594287,0.5848334142902613,0.014518987954153602,
h3k27ac,fold_c,42,1hop,coordinate_plus_frozen_sequence_fm,donor,ENC-001,126744.0,44755.0,3119.0,0.024608659976014642,126744.0,0.047218530800375705,0.6082045533896264,0.02318030712042725,
h3k27ac,fold_c,42,1hop,coordinate_plus_frozen_sequence_fm,donor,ENC-002,102950.0,38949.0,1966.0,0.019096648858669258,102950.0,0.03192894491400083,0.5833232251008167,0.013082120721068536,
h3k27ac,fold_c,42,1hop,coordinate_plus_frozen_sequence_fm,donor,ENC-003,104271.0,32477.0,1889.0,0.01811625475923315,104271.0,0.03013620014586908,0.5578825918759148,0.012241719495711307,
h3k27ac,fold_c,42,1hop,coordinate_plus_frozen_sequence_fm,donor,ENC-004,114825.0,34502.0,2415.0,0.021032005225342914,114825.0,0.059101540153313384,0.612400597266403,0.0388874152486808,
h3k27ac,fold_c,42,1hop,coordinate_plus_frozen_sequence_fm,tissue,Peyers_patch,12193.0,9765.0,323.0,0.026490609366029687,12193.0,0.05180494275447013,0.6028536701782208,0.02600317329446119,
h3k27ac,fold_c,42,1hop,coordinate_plus_frozen_sequence_fm,tissue,adrenal_gland,7442.0,6380.0,145.0,0.019484009674818597,7442.0,0.07520320209876111,0.6243307358243586,0.05682639852254079,
h3k27ac,fold_c,42,1hop,coordinate_plus_frozen_sequence_fm,tissue,ascending_aorta,8457.0,7770.0,161.0,0.019037483741279414,8457.0,0.04854617108797177,0.6193039225668886,0.030081360763136118,
h3k27ac,fold_c,42,1hop,coordinate_plus_frozen_sequence_fm,tissue,body_of_pancreas,16164.0,13502.0,405.0,0.02505567928730512,16164.0,0.04851503283619323,0.6211274137686558,0.02406224955671219,
h3k27ac,fold_c,42,1hop,coordinate_plus_frozen_sequence_fm,tissue,breast_epithelium,13969.0,13047.0,275.0,0.01968644856467893,13969.0,0.035606261966512016,0.6173488057145133,0.016239511713904364,
h3k27ac,fold_c,42,1hop,coordinate_plus_frozen_sequence_fm,tissue,coronary_artery,7582.0,7031.0,137.0,0.018069111052492745,7582.0,0.07480475889018028,0.598799468609217,0.05777967520555364,
h3k27ac,fold_c,42,1hop,coordinate_plus_frozen_sequence_fm,tissue,esophagus_muscularis_mucosa,25057.0,18721.0,583.0,0.023266951350919902,25057.0,0.05257412025398232,0.6393110706205387,0.030005300776498944,
h3k27ac,fold_c,42,1hop,coordinate_plus_frozen_sequence_fm,tissue,esophagus_squamous_epithelium,22785.0,18039.0,640.0,0.028088654816765417,22785.0,0.04807534135068289,0.6300338676902235,0.020564310348851193,
h3k27ac,fold_c,42,1hop,coordinate_plus_frozen_sequence_fm,tissue,gastrocnemius_medialis,48082.0,36516.0,1049.0,0.021816896135768062,48082.0,0.028096654683610115,0.5207635991012699,0.006419819073785248,
h3k27ac,fold_c,42,1hop,coordinate_plus_frozen_sequence_fm,tissue,gastroesophageal_sphincter,26117.0,20315.0,602.0,0.023050120611096223,26117.0,0.052490843713916074,0.6193954048266833,0.03013534647369571,
h3k27ac,fold_c,42,1hop,coordinate_plus_frozen_sequence_fm,tissue,heart_left_ventricle,6834.0,6302.0,135.0,0.019754170324846356,6834.0,0.05915509270755189,0.5497155462672705,0.040194940075146984,
h3k27ac,fold_c,42,1hop,coordinate_plus_frozen_sequence_fm,tissue,ovary,648.0,648.0,26.0,0.040123456790123455,648.0,0.07334284385644341,0.5929693297056642,0.034607978808642005,
h3k27ac,fold_c,42,1hop,coordinate_plus_frozen_sequence_fm,tissue,prostate_gland,10622.0,9633.0,214.0,0.020146864997175672,10622.0,0.09042624103275977,0.6250673457512912,0.07172439779496294,
h3k27ac,fold_c,42,1hop,coordinate_plus_frozen_sequence_fm,tissue,right_atrium_auricular_region,8709.0,7880.0,138.0,0.01584567688598002,8709.0,0.043303400931308286,0.6064729564980664,0.027899815507031137,
h3k27ac,fold_c,42,1hop,coordinate_plus_frozen_sequence_fm,tissue,right_lobe_of_liver,9610.0,9610.0,162.0,0.016857440166493237,9610.0,0.021441622526412737,0.5604158173132207,0.0046627849787072816,
h3k27ac,fold_c,42,1hop,coordinate_plus_frozen_sequence_fm,tissue,sigmoid_colon,28828.0,22112.0,550.0,0.019078673511863466,28828.0,0.04151432674025414,0.5774459104089913,0.022872021050570984,
h3k27ac,fold_c,42,1hop,coordinate_plus_frozen_sequence_fm,tissue,spleen,49596.0,36292.0,1110.0,0.022380837164287442,49596.0,0.03587428987717564,0.5570256557758104,0.013802361109359467,
h3k27ac,fold_c,42,1hop,coordinate_plus_frozen_sequence_fm,tissue,stomach,16610.0,12799.0,282.0,0.016977724262492475,16610.0,0.02944599958015572,0.5703152961800814,0.012683614222586138,
h3k27ac,fold_c,42,1hop,coordinate_plus_frozen_sequence_fm,tissue,suprapubic_skin,3413.0,3413.0,78.0,0.022853794315851158,3413.0,0.1080747355311688,0.7025352708261254,0.0872141146530372,
h3k27ac,fold_c,42,1hop,coordinate_plus_frozen_sequence_fm,tissue,testis,5017.0,4643.0,96.0,0.01913494119992027,5017.0,0.039405765168345486,0.5547102553681501,0.02066627186539104,
h3k27ac,fold_c,42,1hop,coordinate_plus_frozen_sequence_fm,tissue,thoracic_aorta,8799.0,7765.0,207.0,0.0235254006137061,8799.0,0.07091683395323914,0.7055301977347763,0.048533196223760615,
h3k27ac,fold_c,42,1hop,coordinate_plus_frozen_sequence_fm,tissue,thyroid_gland,17190.0,14402.0,257.0,0.014950552646887725,17190.0,0.041536893161699076,0.5963739903271787,0.026989853744144993,
h3k27ac,fold_c,42,1hop,coordinate_plus_frozen_sequence_fm,tissue,tibial_artery,14810.0,13712.0,295.0,0.019918973666441592,14810.0,0.04629191689095113,0.6578004051915902,0.026908941726144418,
h3k27ac,fold_c,42,1hop,coordinate_plus_frozen_sequence_fm,tissue,tibial_nerve,13759.0,11688.0,310.0,0.022530707173486444,13759.0,0.05888839371124662,0.5604041792290588,0.037195732699311645,
h3k27ac,fold_c,42,1hop,coordinate_plus_frozen_sequence_fm,tissue,transverse_colon,36226.0,26945.0,615.0,0.016976757025340915,36226.0,0.05148130921046834,0.6138665475840684,0.03510044389257325,
h3k27ac,fold_c,42,1hop,coordinate_plus_frozen_sequence_fm,tissue,upper_lobe_of_left_lung,11035.0,8553.0,274.0,0.024830086089714546,11035.0,0.04813465298660714,0.5696260896166678,0.02389795518141528,
h3k27ac,fold_c,42,1hop,coordinate_plus_frozen_sequence_fm,tissue,uterus,12882.0,11564.0,188.0,0.014594007141748177,12882.0,0.03191308773941605,0.578876684913965,0.017575578719013513,
h3k27ac,fold_c,42,1hop,coordinate_plus_frozen_sequence_fm,tissue,vagina,6354.0,5869.0,132.0,0.02077431539187913,6354.0,0.02877889043053767,0.5764528116263893,0.008174392445457465,
h3k27ac,fold_c,42,1hop,coordinate_plus_frozen_sequence_fm_plus_frozen_pangenomefm,measurement_weight,all,448790.0,110468.0,9389.0,0.0209206978765124,448790.0,0.045947045639163214,0.6171728494888667,0.02556110389462031,
h3k27ac,fold_c,42,1hop,coordinate_plus_frozen_sequence_fm_plus_frozen_pangenomefm,equal_locus_weight,all,448790.0,110468.0,9389.0,0.018824688608943204,110468.0,0.034197906663596324,0.5893157305696342,0.01566816640836367,
h3k27ac,fold_c,42,1hop,coordinate_plus_frozen_sequence_fm_plus_frozen_pangenomefm,donor,ENC-001,126744.0,44755.0,3119.0,0.024608659976014642,126744.0,0.05275253475094796,0.6246667222097773,0.028853931360761566,
h3k27ac,fold_c,42,1hop,coordinate_plus_frozen_sequence_fm_plus_frozen_pangenomefm,donor,ENC-002,102950.0,38949.0,1966.0,0.019096648858669258,102950.0,0.03391000374009398,0.602836179481189,0.015101747653516153,
h3k27ac,fold_c,42,1hop,coordinate_plus_frozen_sequence_fm_plus_frozen_pangenomefm,donor,ENC-003,104271.0,32477.0,1889.0,0.01811625475923315,104271.0,0.036278980461621625,0.6154711552192574,0.018497837234218405,
h3k27ac,fold_c,42,1hop,coordinate_plus_frozen_sequence_fm_plus_frozen_pangenomefm,donor,ENC-004,114825.0,34502.0,2415.0,0.021032005225342914,114825.0,0.06437260596940506,0.6184576315296544,0.04427172387187025,
h3k27ac,fold_c,42,1hop,coordinate_plus_frozen_sequence_fm_plus_frozen_pangenomefm,tissue,Peyers_patch,12193.0,9765.0,323.0,0.026490609366029687,12193.0,0.062097067668463575,0.6299514085774425,0.036575361927681245,
h3k27ac,fold_c,42,1hop,coordinate_plus_frozen_sequence_fm_plus_frozen_pangenomefm,tissue,adrenal_gland,7442.0,6380.0,145.0,0.019484009674818597,7442.0,0.08296378640054064,0.679573088609868,0.06474119479139694,
h3k27ac,fold_c,42,1hop,coordinate_plus_frozen_sequence_fm_plus_frozen_pangenomefm,tissue,ascending_aorta,8457.0,7770.0,161.0,0.019037483741279414,8457.0,0.05287676271247614,0.6561854249896679,0.03449599593290872,
h3k27ac,fold_c,42,1hop,coordinate_plus_frozen_sequence_fm_plus_frozen_pangenomefm,tissue,body_of_pancreas,16164.0,13502.0,405.0,0.02505567928730512,16164.0,0.055815668020066246,0.6358861367872092,0.03155050814622443,
h3k27ac,fold_c,42,1hop,coordinate_plus_frozen_sequence_fm_plus_frozen_pangenomefm,tissue,breast_epithelium,13969.0,13047.0,275.0,0.01968644856467893,13969.0,0.0411788962133338,0.6508846608335435,0.021924054418289755,
h3k27ac,fold_c,42,1hop,coordinate_plus_frozen_sequence_fm_plus_frozen_pangenomefm,tissue,coronary_artery,7582.0,7031.0,137.0,0.018069111052492745,7582.0,0.0883326539199549,0.6423382174878549,0.07155650530840807,
h3k27ac,fold_c,42,1hop,coordinate_plus_frozen_sequence_fm_plus_frozen_pangenomefm,tissue,esophagus_muscularis_mucosa,25057.0,18721.0,583.0,0.023266951350919902,25057.0,0.05272372143548619,0.6513824801788463,0.03015846563736935,
h3k27ac,fold_c,42,1hop,coordinate_plus_frozen_sequence_fm_plus_frozen_pangenomefm,tissue,esophagus_squamous_epithelium,22785.0,18039.0,640.0,0.028088654816765417,22785.0,0.04933635744107509,0.6523648114698577,0.021861770345219956,
h3k27ac,fold_c,42,1hop,coordinate_plus_frozen_sequence_fm_plus_frozen_pangenomefm,tissue,gastrocnemius_medialis,48082.0,36516.0,1049.0,0.021816896135768062,48082.0,0.031284373392342434,0.5501296302981151,0.00967863503179914,
h3k27ac,fold_c,42,1hop,coordinate_plus_frozen_sequence_fm_plus_frozen_pangenomefm,tissue,gastroesophageal_sphincter,26117.0,20315.0,602.0,0.023050120611096223,26117.0,0.053635742136887765,0.6232535353121055,0.031307257589225854,
h3k27ac,fold_c,42,1hop,coordinate_plus_frozen_sequence_fm_plus_frozen_pangenomefm,tissue,heart_left_ventricle,6834.0,6302.0,135.0,0.019754170324846356,6834.0,0.06324859130898525,0.5800937674500892,0.04437093193097554,
h3k27ac,fold_c,42,1hop,coordinate_plus_frozen_sequence_fm_plus_frozen_pangenomefm,tissue,ovary,648.0,648.0,26.0,0.040123456790123455,648.0,0.08493013675862393,0.6280299282710858,0.04667962800576898,
h3k27ac,fold_c,42,1hop,coordinate_plus_frozen_sequence_fm_plus_frozen_pangenomefm,tissue,prostate_gland,10622.0,9633.0,214.0,0.020146864997175672,10622.0,0.1024101698361831,0.658079784062583,0.0839547294388871,
h3k27ac,fold_c,42,1hop,coordinate_plus_frozen_sequence_fm_plus_frozen_pangenomefm,tissue,right_atrium_auricular_region,8709.0,7880.0,138.0,0.01584567688598002,8709.0,0.04731892207532523,0.6458313253826943,0.031979989774122905,
h3k27ac,fold_c,42,1hop,coordinate_plus_frozen_sequence_fm_plus_frozen_pangenomefm,tissue,right_lobe_of_liver,9610.0,9610.0,162.0,0.016857440166493237,9610.0,0.023740964052795285,0.5827244122474153,0.007001552132447363,
h3k27ac,fold_c,42,1hop,coordinate_plus_frozen_sequence_fm_plus_frozen_pangenomefm,tissue,sigmoid_colon,28828.0,22112.0,550.0,0.019078673511863466,28828.0,0.04785648642926166,0.5998106783943831,0.02933753415314927,
h3k27ac,fold_c,42,1hop,coordinate_plus_frozen_sequence_fm_plus_frozen_pangenomefm,tissue,spleen,49596.0,36292.0,1110.0,0.022380837164287442,49596.0,0.03982457355784527,0.5685681814719064,0.017843079449220273,
h3k27ac,fold_c,42,1hop,coordinate_plus_frozen_sequence_fm_plus_frozen_pangenomefm,tissue,stomach,16610.0,12799.0,282.0,0.016977724262492475,16610.0,0.03844053594567542,0.6070876161039124,0.02183349473650592,
h3k27ac,fold_c,42,1hop,coordinate_plus_frozen_sequence_fm_plus_frozen_pangenomefm,tissue,suprapubic_skin,3413.0,3413.0,78.0,0.022853794315851158,3413.0,0.12488262261512229,0.7315592203898051,0.10441510974075333,
h3k27ac,fold_c,42,1hop,coordinate_plus_frozen_sequence_fm_plus_frozen_pangenomefm,tissue,testis,5017.0,4643.0,96.0,0.01913494119992027,5017.0,0.054972096876502154,0.621428994784258,0.03653627515330447,
h3k27ac,fold_c,42,1hop,coordinate_plus_frozen_sequence_fm_plus_frozen_pangenomefm,tissue,thoracic_aorta,8799.0,7765.0,207.0,0.0235254006137061,8799.0,0.05779920326589144,0.6986892087010498,0.03509953323284204,
h3k27ac,fold_c,42,1hop,coordinate_plus_frozen_sequence_fm_plus_frozen_pangenomefm,tissue,thyroid_gland,17190.0,14402.0,257.0,0.014950552646887725,17190.0,0.052690394197381446,0.6297483719883882,0.03831263664164573,
h3k27ac,fold_c,42,1hop,coordinate_plus_frozen_sequence_fm_plus_frozen_pangenomefm,tissue,tibial_artery,14810.0,13712.0,295.0,0.019918973666441592,14810.0,0.04498395801070044,0.6581432416494918,0.02557440014732852,
h3k27ac,fold_c,42,1hop,coordinate_plus_frozen_sequence_fm_plus_frozen_pangenomefm,tissue,tibial_nerve,13759.0,11688.0,310.0,0.022530707173486444,13759.0,0.06782941429604758,0.602314718206654,0.04634284417423739,
h3k27ac,fold_c,42,1hop,coordinate_plus_frozen_sequence_fm_plus_frozen_pangenomefm,tissue,transverse_colon,36226.0,26945.0,615.0,0.016976757025340915,36226.0,0.05564479626297728,0.6319723534771503,0.03933583413615498,
h3k27ac,fold_c,42,1hop,coordinate_plus_frozen_sequence_fm_plus_frozen_pangenomefm,tissue,upper_lobe_of_left_lung,11035.0,8553.0,274.0,0.024830086089714546,11035.0,0.05715184965946789,0.6032498065127043,0.03314475058007882,
h3k27ac,fold_c,42,1hop,coordinate_plus_frozen_sequence_fm_plus_frozen_pangenomefm,tissue,uterus,12882.0,11564.0,188.0,0.014594007141748177,12882.0,0.03717066912697768,0.6066352339352818,0.022911025657296875,
h3k27ac,fold_c,42,1hop,coordinate_plus_frozen_sequence_fm_plus_frozen_pangenomefm,tissue,vagina,6354.0,5869.0,132.0,0.02077431539187913,6354.0,0.0350061781591138,0.6249476442340474,0.014533792353424793,
h3k27ac,fold_c,42,strict,coordinate_plus_frozen_sequence_fm,measurement_weight,all,448790.0,110468.0,9389.0,0.0209206978765124,448790.0,0.04055396922936969,0.5938609881315957,0.02005278970791788,
h3k27ac,fold_c,42,strict,coordinate_plus_frozen_sequence_fm,equal_locus_weight,all,448790.0,110468.0,9389.0,0.018824688608943204,110468.0,0.03307036113594287,0.5848334142902613,0.014518987954153602,
h3k27ac,fold_c,42,strict,coordinate_plus_frozen_sequence_fm,donor,ENC-001,126744.0,44755.0,3119.0,0.024608659976014642,126744.0,0.047218530800375705,0.6082045533896264,0.02318030712042725,
h3k27ac,fold_c,42,strict,coordinate_plus_frozen_sequence_fm,donor,ENC-002,102950.0,38949.0,1966.0,0.019096648858669258,102950.0,0.03192894491400083,0.5833232251008167,0.013082120721068536,
h3k27ac,fold_c,42,strict,coordinate_plus_frozen_sequence_fm,donor,ENC-003,104271.0,32477.0,1889.0,0.01811625475923315,104271.0,0.03013620014586908,0.5578825918759148,0.012241719495711307,
h3k27ac,fold_c,42,strict,coordinate_plus_frozen_sequence_fm,donor,ENC-004,114825.0,34502.0,2415.0,0.021032005225342914,114825.0,0.059101540153313384,0.612400597266403,0.0388874152486808,
h3k27ac,fold_c,42,strict,coordinate_plus_frozen_sequence_fm,tissue,Peyers_patch,12193.0,9765.0,323.0,0.026490609366029687,12193.0,0.05180494275447013,0.6028536701782208,0.02600317329446119,
h3k27ac,fold_c,42,strict,coordinate_plus_frozen_sequence_fm,tissue,adrenal_gland,7442.0,6380.0,145.0,0.019484009674818597,7442.0,0.07520320209876111,0.6243307358243586,0.05682639852254079,
h3k27ac,fold_c,42,strict,coordinate_plus_frozen_sequence_fm,tissue,ascending_aorta,8457.0,7770.0,161.0,0.019037483741279414,8457.0,0.04854617108797177,0.6193039225668886,0.030081360763136118,
h3k27ac,fold_c,42,strict,coordinate_plus_frozen_sequence_fm,tissue,body_of_pancreas,16164.0,13502.0,405.0,0.02505567928730512,16164.0,0.04851503283619323,0.6211274137686558,0.02406224955671219,
h3k27ac,fold_c,42,strict,coordinate_plus_frozen_sequence_fm,tissue,breast_epithelium,13969.0,13047.0,275.0,0.01968644856467893,13969.0,0.035606261966512016,0.6173488057145133,0.016239511713904364,
h3k27ac,fold_c,42,strict,coordinate_plus_frozen_sequence_fm,tissue,coronary_artery,7582.0,7031.0,137.0,0.018069111052492745,7582.0,0.07480475889018028,0.598799468609217,0.05777967520555364,
h3k27ac,fold_c,42,strict,coordinate_plus_frozen_sequence_fm,tissue,esophagus_muscularis_mucosa,25057.0,18721.0,583.0,0.023266951350919902,25057.0,0.05257412025398232,0.6393110706205387,0.030005300776498944,
h3k27ac,fold_c,42,strict,coordinate_plus_frozen_sequence_fm,tissue,esophagus_squamous_epithelium,22785.0,18039.0,640.0,0.028088654816765417,22785.0,0.04807534135068289,0.6300338676902235,0.020564310348851193,
h3k27ac,fold_c,42,strict,coordinate_plus_frozen_sequence_fm,tissue,gastrocnemius_medialis,48082.0,36516.0,1049.0,0.021816896135768062,48082.0,0.028096654683610115,0.5207635991012699,0.006419819073785248,
h3k27ac,fold_c,42,strict,coordinate_plus_frozen_sequence_fm,tissue,gastroesophageal_sphincter,26117.0,20315.0,602.0,0.023050120611096223,26117.0,0.052490843713916074,0.6193954048266833,0.03013534647369571,
h3k27ac,fold_c,42,strict,coordinate_plus_frozen_sequence_fm,tissue,heart_left_ventricle,6834.0,6302.0,135.0,0.019754170324846356,6834.0,0.05915509270755189,0.5497155462672705,0.040194940075146984,
h3k27ac,fold_c,42,strict,coordinate_plus_frozen_sequence_fm,tissue,ovary,648.0,648.0,26.0,0.040123456790123455,648.0,0.07334284385644341,0.5929693297056642,0.034607978808642005,
h3k27ac,fold_c,42,strict,coordinate_plus_frozen_sequence_fm,tissue,prostate_gland,10622.0,9633.0,214.0,0.020146864997175672,10622.0,0.09042624103275977,0.6250673457512912,0.07172439779496294,
h3k27ac,fold_c,42,strict,coordinate_plus_frozen_sequence_fm,tissue,right_atrium_auricular_region,8709.0,7880.0,138.0,0.01584567688598002,8709.0,0.043303400931308286,0.6064729564980664,0.027899815507031137,
h3k27ac,fold_c,42,strict,coordinate_plus_frozen_sequence_fm,tissue,right_lobe_of_liver,9610.0,9610.0,162.0,0.016857440166493237,9610.0,0.021441622526412737,0.5604158173132207,0.0046627849787072816,
h3k27ac,fold_c,42,strict,coordinate_plus_frozen_sequence_fm,tissue,sigmoid_colon,28828.0,22112.0,550.0,0.019078673511863466,28828.0,0.04151432674025414,0.5774459104089913,0.022872021050570984,
h3k27ac,fold_c,42,strict,coordinate_plus_frozen_sequence_fm,tissue,spleen,49596.0,36292.0,1110.0,0.022380837164287442,49596.0,0.03587428987717564,0.5570256557758104,0.013802361109359467,
h3k27ac,fold_c,42,strict,coordinate_plus_frozen_sequence_fm,tissue,stomach,16610.0,12799.0,282.0,0.016977724262492475,16610.0,0.02944599958015572,0.5703152961800814,0.012683614222586138,
h3k27ac,fold_c,42,strict,coordinate_plus_frozen_sequence_fm,tissue,suprapubic_skin,3413.0,3413.0,78.0,0.022853794315851158,3413.0,0.1080747355311688,0.7025352708261254,0.0872141146530372,
h3k27ac,fold_c,42,strict,coordinate_plus_frozen_sequence_fm,tissue,testis,5017.0,4643.0,96.0,0.01913494119992027,5017.0,0.039405765168345486,0.5547102553681501,0.02066627186539104,
h3k27ac,fold_c,42,strict,coordinate_plus_frozen_sequence_fm,tissue,thoracic_aorta,8799.0,7765.0,207.0,0.0235254006137061,8799.0,0.07091683395323914,0.7055301977347763,0.048533196223760615,
h3k27ac,fold_c,42,strict,coordinate_plus_frozen_sequence_fm,tissue,thyroid_gland,17190.0,14402.0,257.0,0.014950552646887725,17190.0,0.041536893161699076,0.5963739903271787,0.026989853744144993,
h3k27ac,fold_c,42,strict,coordinate_plus_frozen_sequence_fm,tissue,tibial_artery,14810.0,13712.0,295.0,0.019918973666441592,14810.0,0.04629191689095113,0.6578004051915902,0.026908941726144418,
h3k27ac,fold_c,42,strict,coordinate_plus_frozen_sequence_fm,tissue,tibial_nerve,13759.0,11688.0,310.0,0.022530707173486444,13759.0,0.05888839371124662,0.5604041792290588,0.037195732699311645,
h3k27ac,fold_c,42,strict,coordinate_plus_frozen_sequence_fm,tissue,transverse_colon,36226.0,26945.0,615.0,0.016976757025340915,36226.0,0.05148130921046834,0.6138665475840684,0.03510044389257325,
h3k27ac,fold_c,42,strict,coordinate_plus_frozen_sequence_fm,tissue,upper_lobe_of_left_lung,11035.0,8553.0,274.0,0.024830086089714546,11035.0,0.04813465298660714,0.5696260896166678,0.02389795518141528,
h3k27ac,fold_c,42,strict,coordinate_plus_frozen_sequence_fm,tissue,uterus,12882.0,11564.0,188.0,0.014594007141748177,12882.0,0.03191308773941605,0.578876684913965,0.017575578719013513,
h3k27ac,fold_c,42,strict,coordinate_plus_frozen_sequence_fm,tissue,vagina,6354.0,5869.0,132.0,0.02077431539187913,6354.0,0.02877889043053767,0.5764528116263893,0.008174392445457465,
h3k27ac,fold_c,42,strict,coordinate_plus_frozen_sequence_fm_plus_frozen_pangenomefm,measurement_weight,all,448790.0,110468.0,9389.0,0.0209206978765124,448790.0,0.039582525186157805,0.5814094889477402,0.01906058811494685,
h3k27ac,fold_c,42,strict,coordinate_plus_frozen_sequence_fm_plus_frozen_pangenomefm,equal_locus_weight,all,448790.0,110468.0,9389.0,0.018824688608943204,110468.0,0.03300520262327621,0.5819665201524459,0.014452579319620924,
h3k27ac,fold_c,42,strict,coordinate_plus_frozen_sequence_fm_plus_frozen_pangenomefm,donor,ENC-001,126744.0,44755.0,3119.0,0.024608659976014642,126744.0,0.04610246862564296,0.5977079480570339,0.022036087227409438,
h3k27ac,fold_c,42,strict,coordinate_plus_frozen_sequence_fm_plus_frozen_pangenomefm,donor,ENC-002,102950.0,38949.0,1966.0,0.019096648858669258,102950.0,0.02985501664099778,0.563656415882971,0.010967816319325056,
h3k27ac,fold_c,42,strict,coordinate_plus_frozen_sequence_fm_plus_frozen_pangenomefm,donor,ENC-003,104271.0,32477.0,1889.0,0.01811625475923315,104271.0,0.03051039428584191,0.5449484129744675,0.012622817707985992,
h3k27ac,fold_c,42,strict,coordinate_plus_frozen_sequence_fm_plus_frozen_pangenomefm,donor,ENC-004,114825.0,34502.0,2415.0,0.021032005225342914,114825.0,0.05905191892410054,0.6042544640727535,0.03883672796423667,
h3k27ac,fold_c,42,strict,coordinate_plus_frozen_sequence_fm_plus_frozen_pangenomefm,tissue,Peyers_patch,12193.0,9765.0,323.0,0.026490609366029687,12193.0,0.04985901964974025,0.5720759726761275,0.024004298785954753,
h3k27ac,fold_c,42,strict,coordinate_plus_frozen_sequence_fm_plus_frozen_pangenomefm,tissue,adrenal_gland,7442.0,6380.0,145.0,0.019484009674818597,7442.0,0.07442978563306296,0.6259771375104554,0.056037613359086545,
h3k27ac,fold_c,42,strict,coordinate_plus_frozen_sequence_fm_plus_frozen_pangenomefm,tissue,ascending_aorta,8457.0,7770.0,161.0,0.019037483741279414,8457.0,0.045811968032427854,0.589226567319729,0.027294095184455445,
h3k27ac,fold_c,42,strict,coordinate_plus_frozen_sequence_fm_plus_frozen_pangenomefm,tissue,body_of_pancreas,16164.0,13502.0,405.0,0.02505567928730512,16164.0,0.04753416968415873,0.5965667276939143,0.023056178613791594,
h3k27ac,fold_c,42,strict,coordinate_plus_frozen_sequence_fm_plus_frozen_pangenomefm,tissue,breast_epithelium,13969.0,13047.0,275.0,0.01968644856467893,13969.0,0.03643862113330972,0.6224777938579604,0.017088586140733424,
h3k27ac,fold_c,42,strict,coordinate_plus_frozen_sequence_fm_plus_frozen_pangenomefm,tissue,coronary_artery,7582.0,7031.0,137.0,0.018069111052492745,7582.0,0.07543327518943296,0.5773261827611732,0.05841975721776773,
h3k27ac,fold_c,42,strict,coordinate_plus_frozen_sequence_fm_plus_frozen_pangenomefm,tissue,esophagus_muscularis_mucosa,25057.0,18721.0,583.0,0.023266951350919902,25057.0,0.04391327280835093,0.6083399178404891,0.021138141568964996,
h3k27ac,fold_c,42,strict,coordinate_plus_frozen_sequence_fm_plus_frozen_pangenomefm,tissue,esophagus_squamous_epithelium,22785.0,18039.0,640.0,0.028088654816765417,22785.0,0.04165926598210207,0.60492196319711,0.013962807649681443,
h3k27ac,fold_c,42,strict,coordinate_plus_frozen_sequence_fm_plus_frozen_pangenomefm,tissue,gastrocnemius_medialis,48082.0,36516.0,1049.0,0.021816896135768062,48082.0,0.029783599275670203,0.528427893061799,0.008144388416064779,
h3k27ac,fold_c,42,strict,coordinate_plus_frozen_sequence_fm_plus_frozen_pangenomefm,tissue,gastroesophageal_sphincter,26117.0,20315.0,602.0,0.023050120611096223,26117.0,0.04638526567647096,0.5934307419972488,0.023885713645792356,
h3k27ac,fold_c,42,strict,coordinate_plus_frozen_sequence_fm_plus_frozen_pangenomefm,tissue,heart_left_ventricle,6834.0,6302.0,135.0,0.019754170324846356,6834.0,0.05883577569358804,0.5298795287301035,0.03986918810120625,
h3k27ac,fold_c,42,strict,coordinate_plus_frozen_sequence_fm_plus_frozen_pangenomefm,tissue,ovary,648.0,648.0,26.0,0.040123456790123455,648.0,0.07251189680942605,0.589135542913678,0.03374229764068823,
h3k27ac,fold_c,42,strict,coordinate_plus_frozen_sequence_fm_plus_frozen_pangenomefm,tissue,prostate_gland,10622.0,9633.0,214.0,0.020146864997175672,10622.0,0.0960558541729355,0.621788056635083,0.0774697620123867,
h3k27ac,fold_c,42,strict,coordinate_plus_frozen_sequence_fm_plus_frozen_pangenomefm,tissue,right_atrium_auricular_region,8709.0,7880.0,138.0,0.01584567688598002,8709.0,0.046686793372049555,0.5905530783785566,0.031337683289835445,
h3k27ac,fold_c,42,strict,coordinate_plus_frozen_sequence_fm_plus_frozen_pangenomefm,tissue,right_lobe_of_liver,9610.0,9610.0,162.0,0.016857440166493237,9610.0,0.021468857475283508,0.5406585494611179,0.0046904869112483595,
h3k27ac,fold_c,42,strict,coordinate_plus_frozen_sequence_fm_plus_frozen_pangenomefm,tissue,sigmoid_colon,28828.0,22112.0,550.0,0.019078673511863466,28828.0,0.04144372559628215,0.5589502600801137,0.022800046732075176,
h3k27ac,fold_c,42,strict,coordinate_plus_frozen_sequence_fm_plus_frozen_pangenomefm,tissue,spleen,49596.0,36292.0,1110.0,0.022380837164287442,49596.0,0.03651754973998582,0.5605858735855023,0.014460347252904687,
h3k27ac,fold_c,42,strict,coordinate_plus_frozen_sequence_fm_plus_frozen_pangenomefm,tissue,stomach,16610.0,12799.0,282.0,0.016977724262492475,16610.0,0.02892092769346767,0.5513990021926396,0.012149473847899191,
h3k27ac,fold_c,42,strict,coordinate_plus_frozen_sequence_fm_plus_frozen_pangenomefm,tissue,suprapubic_skin,3413.0,3413.0,78.0,0.022853794315851158,3413.0,0.11371284666738804,0.6914446622842425,0.09298409165691016,
h3k27ac,fold_c,42,strict,coordinate_plus_frozen_sequence_fm_plus_frozen_pangenomefm,tissue,testis,5017.0,4643.0,96.0,0.01913494119992027,5017.0,0.04398175593474167,0.5463024114339904,0.02533153211229404,
h3k27ac,fold_c,42,strict,coordinate_plus_frozen_sequence_fm_plus_frozen_pangenomefm,tissue,thoracic_aorta,8799.0,7765.0,207.0,0.0235254006137061,8799.0,0.05005708849830284,0.6440085260752615,0.027170894052207486,
h3k27ac,fold_c,42,strict,coordinate_plus_frozen_sequence_fm_plus_frozen_pangenomefm,tissue,thyroid_gland,17190.0,14402.0,257.0,0.014950552646887725,17190.0,0.041090244639235794,0.5899136468494164,0.026536426229756296,
h3k27ac,fold_c,42,strict,coordinate_plus_frozen_sequence_fm_plus_frozen_pangenomefm,tissue,tibial_artery,14810.0,13712.0,295.0,0.019918973666441592,14810.0,0.03901871104610597,0.6157004151170327,0.019487916678803268,
h3k27ac,fold_c,42,strict,coordinate_plus_frozen_sequence_fm_plus_frozen_pangenomefm,tissue,tibial_nerve,13759.0,11688.0,310.0,0.022530707173486444,13759.0,0.06001147768970274,0.5822722159460231,0.03834470380939996,
h3k27ac,fold_c,42,strict,coordinate_plus_frozen_sequence_fm_plus_frozen_pangenomefm,tissue,transverse_colon,36226.0,26945.0,615.0,0.016976757025340915,36226.0,0.049609925743846324,0.6062710594812556,0.03319674173700758,
h3k27ac,fold_c,42,strict,coordinate_plus_frozen_sequence_fm_plus_frozen_pangenomefm,tissue,upper_lobe_of_left_lung,11035.0,8553.0,274.0,0.024830086089714546,11035.0,0.0502802275380035,0.5660805748251492,0.02609816103353486,
h3k27ac,fold_c,42,strict,coordinate_plus_frozen_sequence_fm_plus_frozen_pangenomefm,tissue,uterus,12882.0,11564.0,188.0,0.014594007141748177,12882.0,0.03466072430505255,0.5752868669735074,0.02036390818478706,
h3k27ac,fold_c,42,strict,coordinate_plus_frozen_sequence_fm_plus_frozen_pangenomefm,tissue,vagina,6354.0,5869.0,132.0,0.02077431539187913,6354.0,0.029926956042783465,0.5794602242287874,0.009346814319486682,
h3k27ac,fold_d,20260806,1hop,coordinate_plus_frozen_sequence_fm,measurement_weight,all,543321.0,116361.0,14881.0,0.027388965270990814,543321.0,0.043635835038162804,0.5909785496134751,0.01670438560436313,
h3k27ac,fold_d,20260806,1hop,coordinate_plus_frozen_sequence_fm,equal_locus_weight,all,543321.0,116361.0,14881.0,0.024799139951199665,116361.0,0.03941430687760067,0.58173559989058,0.014986827355412341,
h3k27ac,fold_d,20260806,1hop,coordinate_plus_frozen_sequence_fm,donor,ENC-001,148835.0,45104.0,4094.0,0.027506970806597912,148835.0,0.052775512478033575,0.5652813145912463,0.025983262514892993,
h3k27ac,fold_d,20260806,1hop,coordinate_plus_frozen_sequence_fm,donor,ENC-002,127051.0,41821.0,3840.0,0.030224083242162598,127051.0,0.051635201670344695,0.6304466366385713,0.022078418383252824,
h3k27ac,fold_d,20260806,1hop,coordinate_plus_frozen_sequence_fm,donor,ENC-003,128687.0,35235.0,2462.0,0.01913169162386255,128687.0,0.03325740552152104,0.5761287715079468,0.014401233862927135,
h3k27ac,fold_d,20260806,1hop,coordinate_plus_frozen_sequence_fm,donor,ENC-004,138748.0,36285.0,4485.0,0.0323247902672471,138748.0,0.04606507961426764,0.5926197422916872,0.014199278031329598,
h3k27ac,fold_d,20260806,1hop,coordinate_plus_frozen_sequence_fm,tissue,Peyers_patch,17358.0,13741.0,408.0,0.023505012098167993,17358.0,0.04028068346931538,0.5403766122968361,0.017179475142205098,
h3k27ac,fold_d,20260806,1hop,coordinate_plus_frozen_sequence_fm,tissue,adrenal_gland,9843.0,8268.0,232.0,0.023570049781570658,9843.0,0.057518453425298224,0.5813101636415171,0.03476788441007288,
h3k27ac,fold_d,20260806,1hop,coordinate_plus_frozen_sequence_fm,tissue,ascending_aorta,9455.0,8652.0,249.0,0.026335272342675832,9455.0,0.04231194913596786,0.6116423111520599,0.016408807199714985,
h3k27ac,fold_d,20260806,1hop,coordinate_plus_frozen_sequence_fm,tissue,body_of_pancreas,19716.0,16194.0,709.0,0.03596064110367214,19716.0,0.058820311865453695,0.5983682947185296,0.023712383266127485,
h3k27ac,fold_d,20260806,1hop,coordinate_plus_frozen_sequence_fm,tissue,breast_epithelium,15860.0,14660.0,357.0,0.022509457755359393,15860.0,0.03696943446934109,0.6023443370768936,0.014792958181239095,
h3k27ac,fold_d,20260806,1hop,coordinate_plus_frozen_sequence_fm,tissue,coronary_artery,8512.0,7811.0,226.0,0.02655075187969925,8512.0,0.04606248274781538,0.5853054197398747,0.020043911796935134,
h3k27ac,fold_d,20260806,1hop,coordinate_plus_frozen_sequence_fm,tissue,esophagus_muscularis_mucosa,31166.0,23248.0,843.0,0.027048706924212282,31166.0,0.04111938864955531,0.5921992353658156,0.014461856236257654,
h3k27ac,fold_d,20260806,1hop,coordinate_plus_frozen_sequence_fm,tissue,esophagus_squamous_epithelium,28198.0,22084.0,703.0,0.024930846159302078,28198.0,0.04234807274065566,0.5568448886478001,0.017862555196981572,
h3k27ac,fold_d,20260806,1hop,coordinate_plus_frozen_sequence_fm,tissue,gastrocnemius_medialis,47518.0,35906.0,1178.0,0.0247906056652216,47518.0,0.03477776908472942,0.5542424304597376,0.01024104513094891,
h3k27ac,fold_d,20260806,1hop,coordinate_plus_frozen_sequence_fm,tissue,gastroesophageal_sphincter,32589.0,25117.0,860.0,0.026389272453895486,32589.0,0.04526340229375166,0.6045886786865805,0.019385704477010712,
h3k27ac,fold_d,20260806,1hop,coordinate_plus_frozen_sequence_fm,tissue,heart_left_ventricle,8222.0,7498.0,213.0,0.025906105570420824,8222.0,0.0358938267110772,0.5814330357221364,0.01025334538874725,
h3k27ac,fold_d,20260806,1hop,coordinate_plus_frozen_sequence_fm,tissue,ovary,990.0,990.0,63.0,0.06363636363636363,990.0,0.09447635493648382,0.5706152291912809,0.03293591303896331,
h3k27ac,fold_d,20260806,1hop,coordinate_plus_frozen_sequence_fm,tissue,prostate_gland,14396.0,12852.0,638.0,0.04431786607390942,14396.0,0.10126832656468307,0.6879956079130478,0.05959142529620421,
h3k27ac,fold_d,20260806,1hop,coordinate_plus_frozen_sequence_fm,tissue,right_atrium_auricular_region,10049.0,9035.0,227.0,0.022589312369389988,10049.0,0.037553213098354646,0.6076063624139642,0.015309737164056796,
h3k27ac,fold_d,20260806,1hop,coordinate_plus_frozen_sequence_fm,tissue,right_lobe_of_liver,10839.0,10839.0,211.0,0.019466740474213488,10839.0,0.031133561895447186,0.558950737299488,0.01189844536928416,
h3k27ac,fold_d,20260806,1hop,coordinate_plus_frozen_sequence_fm,tissue,sigmoid_colon,36432.0,27619.0,1204.0,0.033047870004391744,36432.0,0.05891278980407534,0.6270472709906458,0.02674891444708961,
h3k27ac,fold_d,20260806,1hop,coordinate_plus_frozen_sequence_fm,tissue,spleen,60639.0,44914.0,2121.0,0.03497748973432939,60639.0,0.046609686568173034,0.5361250202007501,0.012053808807673616,
h3k27ac,fold_d,20260806,1hop,coordinate_plus_frozen_sequence_fm,tissue,stomach,22760.0,17376.0,598.0,0.026274165202108964,22760.0,0.0461504050903144,0.5835783116057225,0.020412562939064877,
h3k27ac,fold_d,20260806,1hop,coordinate_plus_frozen_sequence_fm,tissue,suprapubic_skin,4139.0,4139.0,81.0,0.019569944431021984,4139.0,0.10134630446870399,0.5686572476863261,0.08340866293641346,
h3k27ac,fold_d,20260806,1hop,coordinate_plus_frozen_sequence_fm,tissue,testis,6644.0,6159.0,135.0,0.020319084888621313,6644.0,0.06272652805547486,0.6086063171790626,0.04328699529890536,
h3k27ac,fold_d,20260806,1hop,coordinate_plus_frozen_sequence_fm,tissue,thoracic_aorta,9732.0,8637.0,156.0,0.016029593094944512,9732.0,0.07504543088199733,0.6439010855129276,0.0599772486783206,
h3k27ac,fold_d,20260806,1hop,coordinate_plus_frozen_sequence_fm,tissue,thyroid_gland,19362.0,15863.0,690.0,0.03563681437867989,19362.0,0.06947767992720874,0.6579073680811693,0.03509141167259081,
h3k27ac,fold_d,20260806,1hop,coordinate_plus_frozen_sequence_fm,tissue,tibial_artery,16382.0,15113.0,437.0,0.026675619582468564,16382.0,0.05556034335287114,0.6650516327220357,0.029676359034602383,
h3k27ac,fold_d,20260806,1hop,coordinate_plus_frozen_sequence_fm,tissue,tibial_nerve,17006.0,14230.0,373.0,0.021933435258144184,17006.0,0.050088935329476156,0.5860143656405779,0.028786895581859647,
h3k27ac,fold_d,20260806,1hop,coordinate_plus_frozen_sequence_fm,tissue,transverse_colon,46392.0,34358.0,1005.0,0.021663217796171752,46392.0,0.03715663830119226,0.6035640972435288,0.015836489833408494,
h3k27ac,fold_d,20260806,1hop,coordinate_plus_frozen_sequence_fm,tissue,upper_lobe_of_left_lung,14907.0,11566.0,350.0,0.023478902529013215,14907.0,0.0359030508513441,0.5271528670546325,0.01272286728316181,
h3k27ac,fold_d,20260806,1hop,coordinate_plus_frozen_sequence_fm,tissue,uterus,15630.0,14043.0,388.0,0.024824056301983366,15630.0,0.045605666981909085,0.6168110666809157,0.021310626881461684,
h3k27ac,fold_d,20260806,1hop,coordinate_plus_frozen_sequence_fm,tissue,vagina,8585.0,7833.0,226.0,0.026324985439720443,8585.0,0.040457654333389326,0.6054636674793847,0.014514770002649523,
h3k27ac,fold_d,20260806,1hop,coordinate_plus_frozen_sequence_fm_plus_frozen_pangenomefm,measurement_weight,all,543321.0,116361.0,14881.0,0.027388965270990814,543321.0,0.04752384778517102,0.6103521460117294,0.020701885743862884,
h3k27ac,fold_d,20260806,1hop,coordinate_plus_frozen_sequence_fm_plus_frozen_pangenomefm,equal_locus_weight,all,543321.0,116361.0,14881.0,0.024799139951199665,116361.0,0.041988744767636574,0.5945923725272263,0.017626732625704123,
h3k27ac,fold_d,20260806,1hop,coordinate_plus_frozen_sequence_fm_plus_frozen_pangenomefm,donor,ENC-001,148835.0,45104.0,4094.0,0.027506970806597912,148835.0,0.05589638586365112,0.5926789958434153,0.029192409821795585,
h3k27ac,fold_d,20260806,1hop,coordinate_plus_frozen_sequence_fm_plus_frozen_pangenomefm,donor,ENC-002,127051.0,41821.0,3840.0,0.030224083242162598,127051.0,0.059470282548915156,0.6621998247247946,0.030157687772376,
h3k27ac,fold_d,20260806,1hop,coordinate_plus_frozen_sequence_fm_plus_frozen_pangenomefm,donor,ENC-003,128687.0,35235.0,2462.0,0.01913169162386255,128687.0,0.03622066624183343,0.5997027570105412,0.01742229254634833,
h3k27ac,fold_d,20260806,1hop,coordinate_plus_frozen_sequence_fm_plus_frozen_pangenomefm,donor,ENC-004,138748.0,36285.0,4485.0,0.0323247902672471,138748.0,0.04806599948277132,0.5918679731325839,0.01626703780070127,
h3k27ac,fold_d,20260806,1hop,coordinate_plus_frozen_sequence_fm_plus_frozen_pangenomefm,tissue,Peyers_patch,17358.0,13741.0,408.0,0.023505012098167993,17358.0,0.04075199963779525,0.5388160824801898,0.017662136266244834,
h3k27ac,fold_d,20260806,1hop,coordinate_plus_frozen_sequence_fm_plus_frozen_pangenomefm,tissue,adrenal_gland,9843.0,8268.0,232.0,0.023570049781570658,9843.0,0.05952744689064115,0.5774666868781819,0.03682537298351689,
h3k27ac,fold_d,20260806,1hop,coordinate_plus_frozen_sequence_fm_plus_frozen_pangenomefm,tissue,ascending_aorta,9455.0,8652.0,249.0,0.026335272342675832,9455.0,0.04647574390180874,0.618324700060289,0.020685222527873304,
h3k27ac,fold_d,20260806,1hop,coordinate_plus_frozen_sequence_fm_plus_frozen_pangenomefm,tissue,body_of_pancreas,19716.0,16194.0,709.0,0.03596064110367214,19716.0,0.06526275781680457,0.6258406171046922,0.03039514563666644,
h3k27ac,fold_d,20260806,1hop,coordinate_plus_frozen_sequence_fm_plus_frozen_pangenomefm,tissue,breast_epithelium,15860.0,14660.0,357.0,0.022509457755359393,15860.0,0.03781300404039224,0.6125949960710595,0.01565595330456176,
h3k27ac,fold_d,20260806,1hop,coordinate_plus_frozen_sequence_fm_plus_frozen_pangenomefm,tissue,coronary_artery,8512.0,7811.0,226.0,0.02655075187969925,8512.0,0.04793142208151749,0.5785860145805164,0.021963826304353954,
h3k27ac,fold_d,20260806,1hop,coordinate_plus_frozen_sequence_fm_plus_frozen_pangenomefm,tissue,esophagus_muscularis_mucosa,31166.0,23248.0,843.0,0.027048706924212282,31166.0,0.04577701137928193,0.6180385293351467,0.01924896404203742,
h3k27ac,fold_d,20260806,1hop,coordinate_plus_frozen_sequence_fm_plus_frozen_pangenomefm,tissue,esophagus_squamous_epithelium,28198.0,22084.0,703.0,0.024930846159302078,28198.0,0.045287999101810424,0.5844698001472918,0.020877650433637037,
h3k27ac,fold_d,20260806,1hop,coordinate_plus_frozen_sequence_fm_plus_frozen_pangenomefm,tissue,gastrocnemius_medialis,47518.0,35906.0,1178.0,0.0247906056652216,47518.0,0.03792166550894098,0.5717611505129649,0.013464861926065117,
h3k27ac,fold_d,20260806,1hop,coordinate_plus_frozen_sequence_fm_plus_frozen_pangenomefm,tissue,gastroesophageal_sphincter,32589.0,25117.0,860.0,0.026389272453895486,32589.0,0.04860733935642749,0.6264745698858135,0.022820277420864683,
h3k27ac,fold_d,20260806,1hop,coordinate_plus_frozen_sequence_fm_plus_frozen_pangenomefm,tissue,heart_left_ventricle,8222.0,7498.0,213.0,0.025906105570420824,8222.0,0.0378413654683748,0.5833328936870903,0.012252679096139042,
h3k27ac,fold_d,20260806,1hop,coordinate_plus_frozen_sequence_fm_plus_frozen_pangenomefm,tissue,ovary,990.0,990.0,63.0,0.06363636363636363,990.0,0.08237267015284902,0.5260440745877639,0.020009647736052356,
h3k27ac,fold_d,20260806,1hop,coordinate_plus_frozen_sequence_fm_plus_frozen_pangenomefm,tissue,prostate_gland,14396.0,12852.0,638.0,0.04431786607390942,14396.0,0.11371574561866303,0.7225561782007937,0.07261606875463535,
h3k27ac,fold_d,20260806,1hop,coordinate_plus_frozen_sequence_fm_plus_frozen_pangenomefm,tissue,right_atrium_auricular_region,10049.0,9035.0,227.0,0.022589312369389988,10049.0,0.03921779136882549,0.6058737599760315,0.017012786139821563,
h3k27ac,fold_d,20260806,1hop,coordinate_plus_frozen_sequence_fm_plus_frozen_pangenomefm,tissue,right_lobe_of_liver,10839.0,10839.0,211.0,0.019466740474213488,10839.0,0.030487752226354206,0.5651313172572852,0.0112398143000991,
h3k27ac,fold_d,20260806,1hop,coordinate_plus_frozen_sequence_fm_plus_frozen_pangenomefm,tissue,sigmoid_colon,36432.0,27619.0,1204.0,0.033047870004391744,36432.0,0.06767443143370577,0.6549515411140413,0.035810005847415935,
h3k27ac,fold_d,20260806,1hop,coordinate_plus_frozen_sequence_fm_plus_frozen_pangenomefm,tissue,spleen,60639.0,44914.0,2121.0,0.03497748973432939,60639.0,0.0509420261261567,0.5605668804638809,0.016543175130114086,
h3k27ac,fold_d,20260806,1hop,coordinate_plus_frozen_sequence_fm_plus_frozen_pangenomefm,tissue,stomach,22760.0,17376.0,598.0,0.026274165202108964,22760.0,0.05030452444490096,0.607692813242952,0.024678773412415207,
h3k27ac,fold_d,20260806,1hop,coordinate_plus_frozen_sequence_fm_plus_frozen_pangenomefm,tissue,suprapubic_skin,4139.0,4139.0,81.0,0.019569944431021984,4139.0,0.10479581355883714,0.5739508606684556,0.08692702620010521,
h3k27ac,fold_d,20260806,1hop,coordinate_plus_frozen_sequence_fm_plus_frozen_pangenomefm,tissue,testis,6644.0,6159.0,135.0,0.020319084888621313,6644.0,0.05742799390936693,0.6338932418360902,0.03787856683574035,
h3k27ac,fold_d,20260806,1hop,coordinate_plus_frozen_sequence_fm_plus_frozen_pangenomefm,tissue,thoracic_aorta,9732.0,8637.0,156.0,0.016029593094944512,9732.0,0.07623937928674636,0.6619068370713108,0.06119064737036504,
h3k27ac,fold_d,20260806,1hop,coordinate_plus_frozen_sequence_fm_plus_frozen_pangenomefm,tissue,thyroid_gland,19362.0,15863.0,690.0,0.03563681437867989,19362.0,0.07565010288597585,0.6660675366044484,0.04149192866743061,
h3k27ac,fold_d,20260806,1hop,coordinate_plus_frozen_sequence_fm_plus_frozen_pangenomefm,tissue,tibial_artery,16382.0,15113.0,437.0,0.026675619582468564,16382.0,0.06452461023551803,0.7024315564156823,0.03888630698515248,
h3k27ac,fold_d,20260806,1hop,coordinate_plus_frozen_sequence_fm_plus_frozen_pangenomefm,tissue,tibial_nerve,17006.0,14230.0,373.0,0.021933435258144184,17006.0,0.052558762404001945,0.5960262787130272,0.0313121092672673,
h3k27ac,fold_d,20260806,1hop,coordinate_plus_frozen_sequence_fm_plus_frozen_pangenomefm,tissue,transverse_colon,46392.0,34358.0,1005.0,0.021663217796171752,46392.0,0.04082818930208621,0.6249203560271658,0.01958933963695295,
h3k27ac,fold_d,20260806,1hop,coordinate_plus_frozen_sequence_fm_plus_frozen_pangenomefm,tissue,upper_lobe_of_left_lung,14907.0,11566.0,350.0,0.023478902529013215,14907.0,0.03686016979015161,0.5346852275292201,0.013702998630335236,
h3k27ac,fold_d,20260806,1hop,coordinate_plus_frozen_sequence_fm_plus_frozen_pangenomefm,tissue,uterus,15630.0,14043.0,388.0,0.024824056301983366,15630.0,0.04863271113909912,0.6288755331510734,0.024414727404810346,
h3k27ac,fold_d,20260806,1hop,coordinate_plus_frozen_sequence_fm_plus_frozen_pangenomefm,tissue,vagina,8585.0,7833.0,226.0,0.026324985439720443,8585.0,0.04424578528739927,0.6113287887465897,0.01840531961865327,
h3k27ac,fold_d,20260806,strict,coordinate_plus_frozen_sequence_fm,measurement_weight,all,543321.0,116361.0,14881.0,0.027388965270990814,543321.0,0.043635835038162804,0.5909785496134751,0.01670438560436313,
h3k27ac,fold_d,20260806,strict,coordinate_plus_frozen_sequence_fm,equal_locus_weight,all,543321.0,116361.0,14881.0,0.024799139951199665,116361.0,0.03941430687760067,0.58173559989058,0.014986827355412341,
h3k27ac,fold_d,20260806,strict,coordinate_plus_frozen_sequence_fm,donor,ENC-001,148835.0,45104.0,4094.0,0.027506970806597912,148835.0,0.052775512478033575,0.5652813145912463,0.025983262514892993,
h3k27ac,fold_d,20260806,strict,coordinate_plus_frozen_sequence_fm,donor,ENC-002,127051.0,41821.0,3840.0,0.030224083242162598,127051.0,0.051635201670344695,0.6304466366385713,0.022078418383252824,
h3k27ac,fold_d,20260806,strict,coordinate_plus_frozen_sequence_fm,donor,ENC-003,128687.0,35235.0,2462.0,0.01913169162386255,128687.0,0.03325740552152104,0.5761287715079468,0.014401233862927135,
h3k27ac,fold_d,20260806,strict,coordinate_plus_frozen_sequence_fm,donor,ENC-004,138748.0,36285.0,4485.0,0.0323247902672471,138748.0,0.04606507961426764,0.5926197422916872,0.014199278031329598,
h3k27ac,fold_d,20260806,strict,coordinate_plus_frozen_sequence_fm,tissue,Peyers_patch,17358.0,13741.0,408.0,0.023505012098167993,17358.0,0.04028068346931538,0.5403766122968361,0.017179475142205098,
h3k27ac,fold_d,20260806,strict,coordinate_plus_frozen_sequence_fm,tissue,adrenal_gland,9843.0,8268.0,232.0,0.023570049781570658,9843.0,0.057518453425298224,0.5813101636415171,0.03476788441007288,
h3k27ac,fold_d,20260806,strict,coordinate_plus_frozen_sequence_fm,tissue,ascending_aorta,9455.0,8652.0,249.0,0.026335272342675832,9455.0,0.04231194913596786,0.6116423111520599,0.016408807199714985,
h3k27ac,fold_d,20260806,strict,coordinate_plus_frozen_sequence_fm,tissue,body_of_pancreas,19716.0,16194.0,709.0,0.03596064110367214,19716.0,0.058820311865453695,0.5983682947185296,0.023712383266127485,
h3k27ac,fold_d,20260806,strict,coordinate_plus_frozen_sequence_fm,tissue,breast_epithelium,15860.0,14660.0,357.0,0.022509457755359393,15860.0,0.03696943446934109,0.6023443370768936,0.014792958181239095,
h3k27ac,fold_d,20260806,strict,coordinate_plus_frozen_sequence_fm,tissue,coronary_artery,8512.0,7811.0,226.0,0.02655075187969925,8512.0,0.04606248274781538,0.5853054197398747,0.020043911796935134,
h3k27ac,fold_d,20260806,strict,coordinate_plus_frozen_sequence_fm,tissue,esophagus_muscularis_mucosa,31166.0,23248.0,843.0,0.027048706924212282,31166.0,0.04111938864955531,0.5921992353658156,0.014461856236257654,
h3k27ac,fold_d,20260806,strict,coordinate_plus_frozen_sequence_fm,tissue,esophagus_squamous_epithelium,28198.0,22084.0,703.0,0.024930846159302078,28198.0,0.04234807274065566,0.5568448886478001,0.017862555196981572,
h3k27ac,fold_d,20260806,strict,coordinate_plus_frozen_sequence_fm,tissue,gastrocnemius_medialis,47518.0,35906.0,1178.0,0.0247906056652216,47518.0,0.03477776908472942,0.5542424304597376,0.01024104513094891,
h3k27ac,fold_d,20260806,strict,coordinate_plus_frozen_sequence_fm,tissue,gastroesophageal_sphincter,32589.0,25117.0,860.0,0.026389272453895486,32589.0,0.04526340229375166,0.6045886786865805,0.019385704477010712,
h3k27ac,fold_d,20260806,strict,coordinate_plus_frozen_sequence_fm,tissue,heart_left_ventricle,8222.0,7498.0,213.0,0.025906105570420824,8222.0,0.0358938267110772,0.5814330357221364,0.01025334538874725,
h3k27ac,fold_d,20260806,strict,coordinate_plus_frozen_sequence_fm,tissue,ovary,990.0,990.0,63.0,0.06363636363636363,990.0,0.09447635493648382,0.5706152291912809,0.03293591303896331,
h3k27ac,fold_d,20260806,strict,coordinate_plus_frozen_sequence_fm,tissue,prostate_gland,14396.0,12852.0,638.0,0.04431786607390942,14396.0,0.10126832656468307,0.6879956079130478,0.05959142529620421,
h3k27ac,fold_d,20260806,strict,coordinate_plus_frozen_sequence_fm,tissue,right_atrium_auricular_region,10049.0,9035.0,227.0,0.022589312369389988,10049.0,0.037553213098354646,0.6076063624139642,0.015309737164056796,
h3k27ac,fold_d,20260806,strict,coordinate_plus_frozen_sequence_fm,tissue,right_lobe_of_liver,10839.0,10839.0,211.0,0.019466740474213488,10839.0,0.031133561895447186,0.558950737299488,0.01189844536928416,
h3k27ac,fold_d,20260806,strict,coordinate_plus_frozen_sequence_fm,tissue,sigmoid_colon,36432.0,27619.0,1204.0,0.033047870004391744,36432.0,0.05891278980407534,0.6270472709906458,0.02674891444708961,
h3k27ac,fold_d,20260806,strict,coordinate_plus_frozen_sequence_fm,tissue,spleen,60639.0,44914.0,2121.0,0.03497748973432939,60639.0,0.046609686568173034,0.5361250202007501,0.012053808807673616,
h3k27ac,fold_d,20260806,strict,coordinate_plus_frozen_sequence_fm,tissue,stomach,22760.0,17376.0,598.0,0.026274165202108964,22760.0,0.0461504050903144,0.5835783116057225,0.020412562939064877,
h3k27ac,fold_d,20260806,strict,coordinate_plus_frozen_sequence_fm,tissue,suprapubic_skin,4139.0,4139.0,81.0,0.019569944431021984,4139.0,0.10134630446870399,0.5686572476863261,0.08340866293641346,
h3k27ac,fold_d,20260806,strict,coordinate_plus_frozen_sequence_fm,tissue,testis,6644.0,6159.0,135.0,0.020319084888621313,6644.0,0.06272652805547486,0.6086063171790626,0.04328699529890536,
h3k27ac,fold_d,20260806,strict,coordinate_plus_frozen_sequence_fm,tissue,thoracic_aorta,9732.0,8637.0,156.0,0.016029593094944512,9732.0,0.07504543088199733,0.6439010855129276,0.0599772486783206,
h3k27ac,fold_d,20260806,strict,coordinate_plus_frozen_sequence_fm,tissue,thyroid_gland,19362.0,15863.0,690.0,0.03563681437867989,19362.0,0.06947767992720874,0.6579073680811693,0.03509141167259081,
h3k27ac,fold_d,20260806,strict,coordinate_plus_frozen_sequence_fm,tissue,tibial_artery,16382.0,15113.0,437.0,0.026675619582468564,16382.0,0.05556034335287114,0.6650516327220357,0.029676359034602383,
h3k27ac,fold_d,20260806,strict,coordinate_plus_frozen_sequence_fm,tissue,tibial_nerve,17006.0,14230.0,373.0,0.021933435258144184,17006.0,0.050088935329476156,0.5860143656405779,0.028786895581859647,
h3k27ac,fold_d,20260806,strict,coordinate_plus_frozen_sequence_fm,tissue,transverse_colon,46392.0,34358.0,1005.0,0.021663217796171752,46392.0,0.03715663830119226,0.6035640972435288,0.015836489833408494,
h3k27ac,fold_d,20260806,strict,coordinate_plus_frozen_sequence_fm,tissue,upper_lobe_of_left_lung,14907.0,11566.0,350.0,0.023478902529013215,14907.0,0.0359030508513441,0.5271528670546325,0.01272286728316181,
h3k27ac,fold_d,20260806,strict,coordinate_plus_frozen_sequence_fm,tissue,uterus,15630.0,14043.0,388.0,0.024824056301983366,15630.0,0.045605666981909085,0.6168110666809157,0.021310626881461684,
h3k27ac,fold_d,20260806,strict,coordinate_plus_frozen_sequence_fm,tissue,vagina,8585.0,7833.0,226.0,0.026324985439720443,8585.0,0.040457654333389326,0.6054636674793847,0.014514770002649523,
h3k27ac,fold_d,20260806,strict,coordinate_plus_frozen_sequence_fm_plus_frozen_pangenomefm,measurement_weight,all,543321.0,116361.0,14881.0,0.027388965270990814,543321.0,0.04704424382750011,0.6172154570050044,0.02020877602112101,
h3k27ac,fold_d,20260806,strict,coordinate_plus_frozen_sequence_fm_plus_frozen_pangenomefm,equal_locus_weight,all,543321.0,116361.0,14881.0,0.024799139951199665,116361.0,0.04237387304665427,0.5999183621519102,0.018021654630795896,
h3k27ac,fold_d,20260806,strict,coordinate_plus_frozen_sequence_fm_plus_frozen_pangenomefm,donor,ENC-001,148835.0,45104.0,4094.0,0.027506970806597912,148835.0,0.05775806969086631,0.6158511670933456,0.031106751386546224,
h3k27ac,fold_d,20260806,strict,coordinate_plus_frozen_sequence_fm_plus_frozen_pangenomefm,donor,ENC-002,127051.0,41821.0,3840.0,0.030224083242162598,127051.0,0.058788462726859184,0.6645234650399856,0.029454618320687163,
h3k27ac,fold_d,20260806,strict,coordinate_plus_frozen_sequence_fm_plus_frozen_pangenomefm,donor,ENC-003,128687.0,35235.0,2462.0,0.01913169162386255,128687.0,0.03354236851083666,0.5893799948160344,0.014691755013301938,
h3k27ac,fold_d,20260806,strict,coordinate_plus_frozen_sequence_fm_plus_frozen_pangenomefm,donor,ENC-004,138748.0,36285.0,4485.0,0.0323247902672471,138748.0,0.04686339584376531,0.5941706817110672,0.015024261684386232,
h3k27ac,fold_d,20260806,strict,coordinate_plus_frozen_sequence_fm_plus_frozen_pangenomefm,tissue,Peyers_patch,17358.0,13741.0,408.0,0.023505012098167993,17358.0,0.03972276650424057,0.5545406761524669,0.016608128671422293,
h3k27ac,fold_d,20260806,strict,coordinate_plus_frozen_sequence_fm_plus_frozen_pangenomefm,tissue,adrenal_gland,9843.0,8268.0,232.0,0.023570049781570658,9843.0,0.05857062685730179,0.586349737549288,0.03584545626432437,
h3k27ac,fold_d,20260806,strict,coordinate_plus_frozen_sequence_fm_plus_frozen_pangenomefm,tissue,ascending_aorta,9455.0,8652.0,249.0,0.026335272342675832,9455.0,0.043467424004706615,0.6137149074246149,0.017595534864707912,
h3k27ac,fold_d,20260806,strict,coordinate_plus_frozen_sequence_fm_plus_frozen_pangenomefm,tissue,body_of_pancreas,19716.0,16194.0,709.0,0.03596064110367214,19716.0,0.07390025359117532,0.6528325285547311,0.03935483768104449,
h3k27ac,fold_d,20260806,strict,coordinate_plus_frozen_sequence_fm_plus_frozen_pangenomefm,tissue,breast_epithelium,15860.0,14660.0,357.0,0.022509457755359393,15860.0,0.03669361805278977,0.5937552341455191,0.014510790319115383,
h3k27ac,fold_d,20260806,strict,coordinate_plus_frozen_sequence_fm_plus_frozen_pangenomefm,tissue,coronary_artery,8512.0,7811.0,226.0,0.02655075187969925,8512.0,0.045276984961184256,0.5864546019621539,0.019236989619792467,
h3k27ac,fold_d,20260806,strict,coordinate_plus_frozen_sequence_fm_plus_frozen_pangenomefm,tissue,esophagus_muscularis_mucosa,31166.0,23248.0,843.0,0.027048706924212282,31166.0,0.04585174153734881,0.6229368973960039,0.019325771749266665,
h3k27ac,fold_d,20260806,strict,coordinate_plus_frozen_sequence_fm_plus_frozen_pangenomefm,tissue,esophagus_squamous_epithelium,28198.0,22084.0,703.0,0.024930846159302078,28198.0,0.04279788680873939,0.5851096423324867,0.018323870239419286,
h3k27ac,fold_d,20260806,strict,coordinate_plus_frozen_sequence_fm_plus_frozen_pangenomefm,tissue,gastrocnemius_medialis,47518.0,35906.0,1178.0,0.0247906056652216,47518.0,0.03952247023529435,0.5790182990855953,0.015106360393627902,
h3k27ac,fold_d,20260806,strict,coordinate_plus_frozen_sequence_fm_plus_frozen_pangenomefm,tissue,gastroesophageal_sphincter,32589.0,25117.0,860.0,0.026389272453895486,32589.0,0.04902332920537721,0.6257094786003854,0.02324754248397485,
h3k27ac,fold_d,20260806,strict,coordinate_plus_frozen_sequence_fm_plus_frozen_pangenomefm,tissue,heart_left_ventricle,8222.0,7498.0,213.0,0.025906105570420824,8222.0,0.03605384521381039,0.5814453458169418,0.01041761959644762,
h3k27ac,fold_d,20260806,strict,coordinate_plus_frozen_sequence_fm_plus_frozen_pangenomefm,tissue,ovary,990.0,990.0,63.0,0.06363636363636363,990.0,0.08450996585139356,0.5600674645982089,0.022292196540323224,
h3k27ac,fold_d,20260806,strict,coordinate_plus_frozen_sequence_fm_plus_frozen_pangenomefm,tissue,prostate_gland,14396.0,12852.0,638.0,0.04431786607390942,14396.0,0.10846826647433,0.7140904283218974,0.06712524815848632,
h3k27ac,fold_d,20260806,strict,coordinate_plus_frozen_sequence_fm_plus_frozen_pangenomefm,tissue,right_atrium_auricular_region,10049.0,9035.0,227.0,0.022589312369389988,10049.0,0.03743764355984226,0.6086612629922757,0.015191496653721739,
h3k27ac,fold_d,20260806,strict,coordinate_plus_frozen_sequence_fm_plus_frozen_pangenomefm,tissue,right_lobe_of_liver,10839.0,10839.0,211.0,0.019466740474213488,10839.0,0.02998993825474671,0.5704570507663741,0.010732117119232179,
h3k27ac,fold_d,20260806,strict,coordinate_plus_frozen_sequence_fm_plus_frozen_pangenomefm,tissue,sigmoid_colon,36432.0,27619.0,1204.0,0.033047870004391744,36432.0,0.06429391967542097,0.6482970026862503,0.0323139571254382,
h3k27ac,fold_d,20260806,strict,coordinate_plus_frozen_sequence_fm_plus_frozen_pangenomefm,tissue,spleen,60639.0,44914.0,2121.0,0.03497748973432939,60639.0,0.05208380900634815,0.5748599797361641,0.017726342225228918,
h3k27ac,fold_d,20260806,strict,coordinate_plus_frozen_sequence_fm_plus_frozen_pangenomefm,tissue,stomach,22760.0,17376.0,598.0,0.026274165202108964,22760.0,0.04985270084363565,0.6168520704487086,0.024214758198770298,
h3k27ac,fold_d,20260806,strict,coordinate_plus_frozen_sequence_fm_plus_frozen_pangenomefm,tissue,suprapubic_skin,4139.0,4139.0,81.0,0.019569944431021984,4139.0,0.0977838842432194,0.581480568789588,0.07977513476655622,
h3k27ac,fold_d,20260806,strict,coordinate_plus_frozen_sequence_fm_plus_frozen_pangenomefm,tissue,testis,6644.0,6159.0,135.0,0.020319084888621313,6644.0,0.06083208299655757,0.6374131544357386,0.0413532584773588,
h3k27ac,fold_d,20260806,strict,coordinate_plus_frozen_sequence_fm_plus_frozen_pangenomefm,tissue,thoracic_aorta,9732.0,8637.0,156.0,0.016029593094944512,9732.0,0.07438953549861706,0.6586735937064885,0.05931066828242912,
h3k27ac,fold_d,20260806,strict,coordinate_plus_frozen_sequence_fm_plus_frozen_pangenomefm,tissue,thyroid_gland,19362.0,15863.0,690.0,0.03563681437867989,19362.0,0.07603515198178573,0.6869977366715101,0.04189120676260365,
h3k27ac,fold_d,20260806,strict,coordinate_plus_frozen_sequence_fm_plus_frozen_pangenomefm,tissue,tibial_artery,16382.0,15113.0,437.0,0.026675619582468564,16382.0,0.06138408378059061,0.6948088143381892,0.035659709030645054,
h3k27ac,fold_d,20260806,strict,coordinate_plus_frozen_sequence_fm_plus_frozen_pangenomefm,tissue,tibial_nerve,17006.0,14230.0,373.0,0.021933435258144184,17006.0,0.04972782240622907,0.6210696813998594,0.028417684593298357,
h3k27ac,fold_d,20260806,strict,coordinate_plus_frozen_sequence_fm_plus_frozen_pangenomefm,tissue,transverse_colon,46392.0,34358.0,1005.0,0.021663217796171752,46392.0,0.041168021898016056,0.6323649012083697,0.01993669711355148,
h3k27ac,fold_d,20260806,strict,coordinate_plus_frozen_sequence_fm_plus_frozen_pangenomefm,tissue,upper_lobe_of_left_lung,14907.0,11566.0,350.0,0.023478902529013215,14907.0,0.03653623195807181,0.5550767917251396,0.01337127222634997,
h3k27ac,fold_d,20260806,strict,coordinate_plus_frozen_sequence_fm_plus_frozen_pangenomefm,tissue,uterus,15630.0,14043.0,388.0,0.024824056301983366,15630.0,0.04659650357874496,0.6278464315233139,0.022326686191824152,
h3k27ac,fold_d,20260806,strict,coordinate_plus_frozen_sequence_fm_plus_frozen_pangenomefm,tissue,vagina,8585.0,7833.0,226.0,0.026324985439720443,8585.0,0.04018652546003731,0.608796940820503,0.014236310691999076,
h3k27ac,fold_d,314159,1hop,coordinate_plus_frozen_sequence_fm,measurement_weight,all,543321.0,116361.0,14881.0,0.027388965270990814,543321.0,0.043635835038162804,0.5909785496134751,0.01670438560436313,
h3k27ac,fold_d,314159,1hop,coordinate_plus_frozen_sequence_fm,equal_locus_weight,all,543321.0,116361.0,14881.0,0.024799139951199665,116361.0,0.03941430687760067,0.58173559989058,0.014986827355412341,
h3k27ac,fold_d,314159,1hop,coordinate_plus_frozen_sequence_fm,donor,ENC-001,148835.0,45104.0,4094.0,0.027506970806597912,148835.0,0.052775512478033575,0.5652813145912463,0.025983262514892993,
h3k27ac,fold_d,314159,1hop,coordinate_plus_frozen_sequence_fm,donor,ENC-002,127051.0,41821.0,3840.0,0.030224083242162598,127051.0,0.051635201670344695,0.6304466366385713,0.022078418383252824,
h3k27ac,fold_d,314159,1hop,coordinate_plus_frozen_sequence_fm,donor,ENC-003,128687.0,35235.0,2462.0,0.01913169162386255,128687.0,0.03325740552152104,0.5761287715079468,0.014401233862927135,
h3k27ac,fold_d,314159,1hop,coordinate_plus_frozen_sequence_fm,donor,ENC-004,138748.0,36285.0,4485.0,0.0323247902672471,138748.0,0.04606507961426764,0.5926197422916872,0.014199278031329598,
h3k27ac,fold_d,314159,1hop,coordinate_plus_frozen_sequence_fm,tissue,Peyers_patch,17358.0,13741.0,408.0,0.023505012098167993,17358.0,0.04028068346931538,0.5403766122968361,0.017179475142205098,
h3k27ac,fold_d,314159,1hop,coordinate_plus_frozen_sequence_fm,tissue,adrenal_gland,9843.0,8268.0,232.0,0.023570049781570658,9843.0,0.057518453425298224,0.5813101636415171,0.03476788441007288,
h3k27ac,fold_d,314159,1hop,coordinate_plus_frozen_sequence_fm,tissue,ascending_aorta,9455.0,8652.0,249.0,0.026335272342675832,9455.0,0.04231194913596786,0.6116423111520599,0.016408807199714985,
h3k27ac,fold_d,314159,1hop,coordinate_plus_frozen_sequence_fm,tissue,body_of_pancreas,19716.0,16194.0,709.0,0.03596064110367214,19716.0,0.058820311865453695,0.5983682947185296,0.023712383266127485,
h3k27ac,fold_d,314159,1hop,coordinate_plus_frozen_sequence_fm,tissue,breast_epithelium,15860.0,14660.0,357.0,0.022509457755359393,15860.0,0.03696943446934109,0.6023443370768936,0.014792958181239095,
h3k27ac,fold_d,314159,1hop,coordinate_plus_frozen_sequence_fm,tissue,coronary_artery,8512.0,7811.0,226.0,0.02655075187969925,8512.0,0.04606248274781538,0.5853054197398747,0.020043911796935134,
h3k27ac,fold_d,314159,1hop,coordinate_plus_frozen_sequence_fm,tissue,esophagus_muscularis_mucosa,31166.0,23248.0,843.0,0.027048706924212282,31166.0,0.04111938864955531,0.5921992353658156,0.014461856236257654,
h3k27ac,fold_d,314159,1hop,coordinate_plus_frozen_sequence_fm,tissue,esophagus_squamous_epithelium,28198.0,22084.0,703.0,0.024930846159302078,28198.0,0.04234807274065566,0.5568448886478001,0.017862555196981572,
h3k27ac,fold_d,314159,1hop,coordinate_plus_frozen_sequence_fm,tissue,gastrocnemius_medialis,47518.0,35906.0,1178.0,0.0247906056652216,47518.0,0.03477776908472942,0.5542424304597376,0.01024104513094891,
h3k27ac,fold_d,314159,1hop,coordinate_plus_frozen_sequence_fm,tissue,gastroesophageal_sphincter,32589.0,25117.0,860.0,0.026389272453895486,32589.0,0.04526340229375166,0.6045886786865805,0.019385704477010712,
h3k27ac,fold_d,314159,1hop,coordinate_plus_frozen_sequence_fm,tissue,heart_left_ventricle,8222.0,7498.0,213.0,0.025906105570420824,8222.0,0.0358938267110772,0.5814330357221364,0.01025334538874725,
h3k27ac,fold_d,314159,1hop,coordinate_plus_frozen_sequence_fm,tissue,ovary,990.0,990.0,63.0,0.06363636363636363,990.0,0.09447635493648382,0.5706152291912809,0.03293591303896331,
h3k27ac,fold_d,314159,1hop,coordinate_plus_frozen_sequence_fm,tissue,prostate_gland,14396.0,12852.0,638.0,0.04431786607390942,14396.0,0.10126832656468307,0.6879956079130478,0.05959142529620421,
h3k27ac,fold_d,314159,1hop,coordinate_plus_frozen_sequence_fm,tissue,right_atrium_auricular_region,10049.0,9035.0,227.0,0.022589312369389988,10049.0,0.037553213098354646,0.6076063624139642,0.015309737164056796,
h3k27ac,fold_d,314159,1hop,coordinate_plus_frozen_sequence_fm,tissue,right_lobe_of_liver,10839.0,10839.0,211.0,0.019466740474213488,10839.0,0.031133561895447186,0.558950737299488,0.01189844536928416,
h3k27ac,fold_d,314159,1hop,coordinate_plus_frozen_sequence_fm,tissue,sigmoid_colon,36432.0,27619.0,1204.0,0.033047870004391744,36432.0,0.05891278980407534,0.6270472709906458,0.02674891444708961,
h3k27ac,fold_d,314159,1hop,coordinate_plus_frozen_sequence_fm,tissue,spleen,60639.0,44914.0,2121.0,0.03497748973432939,60639.0,0.046609686568173034,0.5361250202007501,0.012053808807673616,
h3k27ac,fold_d,314159,1hop,coordinate_plus_frozen_sequence_fm,tissue,stomach,22760.0,17376.0,598.0,0.026274165202108964,22760.0,0.0461504050903144,0.5835783116057225,0.020412562939064877,
h3k27ac,fold_d,314159,1hop,coordinate_plus_frozen_sequence_fm,tissue,suprapubic_skin,4139.0,4139.0,81.0,0.019569944431021984,4139.0,0.10134630446870399,0.5686572476863261,0.08340866293641346,
h3k27ac,fold_d,314159,1hop,coordinate_plus_frozen_sequence_fm,tissue,testis,6644.0,6159.0,135.0,0.020319084888621313,6644.0,0.06272652805547486,0.6086063171790626,0.04328699529890536,
h3k27ac,fold_d,314159,1hop,coordinate_plus_frozen_sequence_fm,tissue,thoracic_aorta,9732.0,8637.0,156.0,0.016029593094944512,9732.0,0.07504543088199733,0.6439010855129276,0.0599772486783206,
h3k27ac,fold_d,314159,1hop,coordinate_plus_frozen_sequence_fm,tissue,thyroid_gland,19362.0,15863.0,690.0,0.03563681437867989,19362.0,0.06947767992720874,0.6579073680811693,0.03509141167259081,
h3k27ac,fold_d,314159,1hop,coordinate_plus_frozen_sequence_fm,tissue,tibial_artery,16382.0,15113.0,437.0,0.026675619582468564,16382.0,0.05556034335287114,0.6650516327220357,0.029676359034602383,
h3k27ac,fold_d,314159,1hop,coordinate_plus_frozen_sequence_fm,tissue,tibial_nerve,17006.0,14230.0,373.0,0.021933435258144184,17006.0,0.050088935329476156,0.5860143656405779,0.028786895581859647,
h3k27ac,fold_d,314159,1hop,coordinate_plus_frozen_sequence_fm,tissue,transverse_colon,46392.0,34358.0,1005.0,0.021663217796171752,46392.0,0.03715663830119226,0.6035640972435288,0.015836489833408494,
h3k27ac,fold_d,314159,1hop,coordinate_plus_frozen_sequence_fm,tissue,upper_lobe_of_left_lung,14907.0,11566.0,350.0,0.023478902529013215,14907.0,0.0359030508513441,0.5271528670546325,0.01272286728316181,
h3k27ac,fold_d,314159,1hop,coordinate_plus_frozen_sequence_fm,tissue,uterus,15630.0,14043.0,388.0,0.024824056301983366,15630.0,0.045605666981909085,0.6168110666809157,0.021310626881461684,
h3k27ac,fold_d,314159,1hop,coordinate_plus_frozen_sequence_fm,tissue,vagina,8585.0,7833.0,226.0,0.026324985439720443,8585.0,0.040457654333389326,0.6054636674793847,0.014514770002649523,
h3k27ac,fold_d,314159,1hop,coordinate_plus_frozen_sequence_fm_plus_frozen_pangenomefm,measurement_weight,all,543321.0,116361.0,14881.0,0.027388965270990814,543321.0,0.05973774359351901,0.6383438668568133,0.03325972785363398,
h3k27ac,fold_d,314159,1hop,coordinate_plus_frozen_sequence_fm_plus_frozen_pangenomefm,equal_locus_weight,all,543321.0,116361.0,14881.0,0.024799139951199665,116361.0,0.04724211914831459,0.6053720602943856,0.02301369914295589,
h3k27ac,fold_d,314159,1hop,coordinate_plus_frozen_sequence_fm_plus_frozen_pangenomefm,donor,ENC-001,148835.0,45104.0,4094.0,0.027506970806597912,148835.0,0.06422271398619471,0.6240653879315932,0.03775424818216876,
h3k27ac,fold_d,314159,1hop,coordinate_plus_frozen_sequence_fm_plus_frozen_pangenomefm,donor,ENC-002,127051.0,41821.0,3840.0,0.030224083242162598,127051.0,0.08170476997580609,0.6999961427111486,0.05308513631247323,
h3k27ac,fold_d,314159,1hop,coordinate_plus_frozen_sequence_fm_plus_frozen_pangenomefm,donor,ENC-003,128687.0,35235.0,2462.0,0.01913169162386255,128687.0,0.043361255640965365,0.613040251031363,0.024702158088088014,
h3k27ac,fold_d,314159,1hop,coordinate_plus_frozen_sequence_fm_plus_frozen_pangenomefm,donor,ENC-004,138748.0,36285.0,4485.0,0.0323247902672471,138748.0,0.06044881897742581,0.6144830520367307,0.029063500260532504,
h3k27ac,fold_d,314159,1hop,coordinate_plus_frozen_sequence_fm_plus_frozen_pangenomefm,tissue,Peyers_patch,17358.0,13741.0,408.0,0.023505012098167993,17358.0,0.045590858495786854,0.5601046185435826,0.02261747031090668,
h3k27ac,fold_d,314159,1hop,coordinate_plus_frozen_sequence_fm_plus_frozen_pangenomefm,tissue,adrenal_gland,9843.0,8268.0,232.0,0.023570049781570658,9843.0,0.0687805980886423,0.6033148529522565,0.04630188606664303,
h3k27ac,fold_d,314159,1hop,coordinate_plus_frozen_sequence_fm_plus_frozen_pangenomefm,tissue,ascending_aorta,9455.0,8652.0,249.0,0.026335272342675832,9455.0,0.07006151220449058,0.6510220765748198,0.04490892873055165,
h3k27ac,fold_d,314159,1hop,coordinate_plus_frozen_sequence_fm_plus_frozen_pangenomefm,tissue,body_of_pancreas,19716.0,16194.0,709.0,0.03596064110367214,19716.0,0.07811073639048656,0.6609169971748958,0.04372238010600479,
h3k27ac,fold_d,314159,1hop,coordinate_plus_frozen_sequence_fm_plus_frozen_pangenomefm,tissue,breast_epithelium,15860.0,14660.0,357.0,0.022509457755359393,15860.0,0.04732050211145066,0.6329860977481362,0.025382388149881155,
h3k27ac,fold_d,314159,1hop,coordinate_plus_frozen_sequence_fm_plus_frozen_pangenomefm,tissue,coronary_artery,8512.0,7811.0,226.0,0.02655075187969925,8512.0,0.05761484927312524,0.6079910884977112,0.031911368212990836,
h3k27ac,fold_d,314159,1hop,coordinate_plus_frozen_sequence_fm_plus_frozen_pangenomefm,tissue,esophagus_muscularis_mucosa,31166.0,23248.0,843.0,0.027048706924212282,31166.0,0.06143692529596326,0.6542030527860787,0.03534423420420113,
h3k27ac,fold_d,314159,1hop,coordinate_plus_frozen_sequence_fm_plus_frozen_pangenomefm,tissue,esophagus_squamous_epithelium,28198.0,22084.0,703.0,0.024930846159302078,28198.0,0.04813342282275175,0.5992458993578815,0.023795826759627346,
h3k27ac,fold_d,314159,1hop,coordinate_plus_frozen_sequence_fm_plus_frozen_pangenomefm,tissue,gastrocnemius_medialis,47518.0,35906.0,1178.0,0.0247906056652216,47518.0,0.03769487070827492,0.5704377037516313,0.013232301819503836,
h3k27ac,fold_d,314159,1hop,coordinate_plus_frozen_sequence_fm_plus_frozen_pangenomefm,tissue,gastroesophageal_sphincter,32589.0,25117.0,860.0,0.026389272453895486,32589.0,0.06314115185891331,0.6553007042929695,0.03774802224873541,
h3k27ac,fold_d,314159,1hop,coordinate_plus_frozen_sequence_fm_plus_frozen_pangenomefm,tissue,heart_left_ventricle,8222.0,7498.0,213.0,0.025906105570420824,8222.0,0.053172481402524466,0.6085615536980991,0.027991527293239622,
h3k27ac,fold_d,314159,1hop,coordinate_plus_frozen_sequence_fm_plus_frozen_pangenomefm,tissue,ovary,990.0,990.0,63.0,0.06363636363636363,990.0,0.1043827627323712,0.5487491652540196,0.04351557185010516,
h3k27ac,fold_d,314159,1hop,coordinate_plus_frozen_sequence_fm_plus_frozen_pangenomefm,tissue,prostate_gland,14396.0,12852.0,638.0,0.04431786607390942,14396.0,0.15946798070809315,0.7818520862868727,0.12048997312645073,
h3k27ac,fold_d,314159,1hop,coordinate_plus_frozen_sequence_fm_plus_frozen_pangenomefm,tissue,right_atrium_auricular_region,10049.0,9035.0,227.0,0.022589312369389988,10049.0,0.05853715693023384,0.6395816906575816,0.036778648950511084,
h3k27ac,fold_d,314159,1hop,coordinate_plus_frozen_sequence_fm_plus_frozen_pangenomefm,tissue,right_lobe_of_liver,10839.0,10839.0,211.0,0.019466740474213488,10839.0,0.03696279892241125,0.5755397528124762,0.017843411509222386,
h3k27ac,fold_d,314159,1hop,coordinate_plus_frozen_sequence_fm_plus_frozen_pangenomefm,tissue,sigmoid_colon,36432.0,27619.0,1204.0,0.033047870004391744,36432.0,0.09796286119237568,0.6928937435375893,0.06713361414104209,
h3k27ac,fold_d,314159,1hop,coordinate_plus_frozen_sequence_fm_plus_frozen_pangenomefm,tissue,spleen,60639.0,44914.0,2121.0,0.03497748973432939,60639.0,0.05631326360544118,0.5798394314098545,0.022109094496912878,
h3k27ac,fold_d,314159,1hop,coordinate_plus_frozen_sequence_fm_plus_frozen_pangenomefm,tissue,stomach,22760.0,17376.0,598.0,0.026274165202108964,22760.0,0.06497580472528197,0.6474828935243943,0.03974593067175425,
h3k27ac,fold_d,314159,1hop,coordinate_plus_frozen_sequence_fm_plus_frozen_pangenomefm,tissue,suprapubic_skin,4139.0,4139.0,81.0,0.019569944431021984,4139.0,0.0904660000643124,0.5924572099617278,0.07231118143572918,
h3k27ac,fold_d,314159,1hop,coordinate_plus_frozen_sequence_fm_plus_frozen_pangenomefm,tissue,testis,6644.0,6159.0,135.0,0.020319084888621313,6644.0,0.06761843594616324,0.6365835339103123,0.048280363869458984,
h3k27ac,fold_d,314159,1hop,coordinate_plus_frozen_sequence_fm_plus_frozen_pangenomefm,tissue,thoracic_aorta,9732.0,8637.0,156.0,0.016029593094944512,9732.0,0.09439246245908793,0.7034898276674593,0.07963945746155428,
h3k27ac,fold_d,314159,1hop,coordinate_plus_frozen_sequence_fm_plus_frozen_pangenomefm,tissue,thyroid_gland,19362.0,15863.0,690.0,0.03563681437867989,19362.0,0.10486032315181243,0.7082639432211915,0.07178157545337363,
h3k27ac,fold_d,314159,1hop,coordinate_plus_frozen_sequence_fm_plus_frozen_pangenomefm,tissue,tibial_artery,16382.0,15113.0,437.0,0.026675619582468564,16382.0,0.09756311501206776,0.7468133809512534,0.07283028849969858,
h3k27ac,fold_d,314159,1hop,coordinate_plus_frozen_sequence_fm_plus_frozen_pangenomefm,tissue,tibial_nerve,17006.0,14230.0,373.0,0.021933435258144184,17006.0,0.06289604625062592,0.6318144958446088,0.041881209796076735,
h3k27ac,fold_d,314159,1hop,coordinate_plus_frozen_sequence_fm_plus_frozen_pangenomefm,tissue,transverse_colon,46392.0,34358.0,1005.0,0.021663217796171752,46392.0,0.04789000586207494,0.6509373615760184,0.026807525325608227,
h3k27ac,fold_d,314159,1hop,coordinate_plus_frozen_sequence_fm_plus_frozen_pangenomefm,tissue,upper_lobe_of_left_lung,14907.0,11566.0,350.0,0.023478902529013215,14907.0,0.03960028912202562,0.5429940431211298,0.016508999789931714,
h3k27ac,fold_d,314159,1hop,coordinate_plus_frozen_sequence_fm_plus_frozen_pangenomefm,tissue,uterus,15630.0,14043.0,388.0,0.024824056301983366,15630.0,0.07315874680772769,0.6586354410020061,0.049565097271013235,
h3k27ac,fold_d,314159,1hop,coordinate_plus_frozen_sequence_fm_plus_frozen_pangenomefm,tissue,vagina,8585.0,7833.0,226.0,0.026324985439720443,8585.0,0.05580956562486688,0.6430634354153808,0.030281746726819252,
h3k27ac,fold_d,314159,strict,coordinate_plus_frozen_sequence_fm,measurement_weight,all,543321.0,116361.0,14881.0,0.027388965270990814,543321.0,0.043635835038162804,0.5909785496134751,0.01670438560436313,
h3k27ac,fold_d,314159,strict,coordinate_plus_frozen_sequence_fm,equal_locus_weight,all,543321.0,116361.0,14881.0,0.024799139951199665,116361.0,0.03941430687760067,0.58173559989058,0.014986827355412341,
h3k27ac,fold_d,314159,strict,coordinate_plus_frozen_sequence_fm,donor,ENC-001,148835.0,45104.0,4094.0,0.027506970806597912,148835.0,0.052775512478033575,0.5652813145912463,0.025983262514892993,
h3k27ac,fold_d,314159,strict,coordinate_plus_frozen_sequence_fm,donor,ENC-002,127051.0,41821.0,3840.0,0.030224083242162598,127051.0,0.051635201670344695,0.6304466366385713,0.022078418383252824,
h3k27ac,fold_d,314159,strict,coordinate_plus_frozen_sequence_fm,donor,ENC-003,128687.0,35235.0,2462.0,0.01913169162386255,128687.0,0.03325740552152104,0.5761287715079468,0.014401233862927135,
h3k27ac,fold_d,314159,strict,coordinate_plus_frozen_sequence_fm,donor,ENC-004,138748.0,36285.0,4485.0,0.0323247902672471,138748.0,0.04606507961426764,0.5926197422916872,0.014199278031329598,
h3k27ac,fold_d,314159,strict,coordinate_plus_frozen_sequence_fm,tissue,Peyers_patch,17358.0,13741.0,408.0,0.023505012098167993,17358.0,0.04028068346931538,0.5403766122968361,0.017179475142205098,
h3k27ac,fold_d,314159,strict,coordinate_plus_frozen_sequence_fm,tissue,adrenal_gland,9843.0,8268.0,232.0,0.023570049781570658,9843.0,0.057518453425298224,0.5813101636415171,0.03476788441007288,
h3k27ac,fold_d,314159,strict,coordinate_plus_frozen_sequence_fm,tissue,ascending_aorta,9455.0,8652.0,249.0,0.026335272342675832,9455.0,0.04231194913596786,0.6116423111520599,0.016408807199714985,
h3k27ac,fold_d,314159,strict,coordinate_plus_frozen_sequence_fm,tissue,body_of_pancreas,19716.0,16194.0,709.0,0.03596064110367214,19716.0,0.058820311865453695,0.5983682947185296,0.023712383266127485,
h3k27ac,fold_d,314159,strict,coordinate_plus_frozen_sequence_fm,tissue,breast_epithelium,15860.0,14660.0,357.0,0.022509457755359393,15860.0,0.03696943446934109,0.6023443370768936,0.014792958181239095,
h3k27ac,fold_d,314159,strict,coordinate_plus_frozen_sequence_fm,tissue,coronary_artery,8512.0,7811.0,226.0,0.02655075187969925,8512.0,0.04606248274781538,0.5853054197398747,0.020043911796935134,
h3k27ac,fold_d,314159,strict,coordinate_plus_frozen_sequence_fm,tissue,esophagus_muscularis_mucosa,31166.0,23248.0,843.0,0.027048706924212282,31166.0,0.04111938864955531,0.5921992353658156,0.014461856236257654,
h3k27ac,fold_d,314159,strict,coordinate_plus_frozen_sequence_fm,tissue,esophagus_squamous_epithelium,28198.0,22084.0,703.0,0.024930846159302078,28198.0,0.04234807274065566,0.5568448886478001,0.017862555196981572,
h3k27ac,fold_d,314159,strict,coordinate_plus_frozen_sequence_fm,tissue,gastrocnemius_medialis,47518.0,35906.0,1178.0,0.0247906056652216,47518.0,0.03477776908472942,0.5542424304597376,0.01024104513094891,
h3k27ac,fold_d,314159,strict,coordinate_plus_frozen_sequence_fm,tissue,gastroesophageal_sphincter,32589.0,25117.0,860.0,0.026389272453895486,32589.0,0.04526340229375166,0.6045886786865805,0.019385704477010712,
h3k27ac,fold_d,314159,strict,coordinate_plus_frozen_sequence_fm,tissue,heart_left_ventricle,8222.0,7498.0,213.0,0.025906105570420824,8222.0,0.0358938267110772,0.5814330357221364,0.01025334538874725,
h3k27ac,fold_d,314159,strict,coordinate_plus_frozen_sequence_fm,tissue,ovary,990.0,990.0,63.0,0.06363636363636363,990.0,0.09447635493648382,0.5706152291912809,0.03293591303896331,
h3k27ac,fold_d,314159,strict,coordinate_plus_frozen_sequence_fm,tissue,prostate_gland,14396.0,12852.0,638.0,0.04431786607390942,14396.0,0.10126832656468307,0.6879956079130478,0.05959142529620421,
h3k27ac,fold_d,314159,strict,coordinate_plus_frozen_sequence_fm,tissue,right_atrium_auricular_region,10049.0,9035.0,227.0,0.022589312369389988,10049.0,0.037553213098354646,0.6076063624139642,0.015309737164056796,
h3k27ac,fold_d,314159,strict,coordinate_plus_frozen_sequence_fm,tissue,right_lobe_of_liver,10839.0,10839.0,211.0,0.019466740474213488,10839.0,0.031133561895447186,0.558950737299488,0.01189844536928416,
h3k27ac,fold_d,314159,strict,coordinate_plus_frozen_sequence_fm,tissue,sigmoid_colon,36432.0,27619.0,1204.0,0.033047870004391744,36432.0,0.05891278980407534,0.6270472709906458,0.02674891444708961,
h3k27ac,fold_d,314159,strict,coordinate_plus_frozen_sequence_fm,tissue,spleen,60639.0,44914.0,2121.0,0.03497748973432939,60639.0,0.046609686568173034,0.5361250202007501,0.012053808807673616,
h3k27ac,fold_d,314159,strict,coordinate_plus_frozen_sequence_fm,tissue,stomach,22760.0,17376.0,598.0,0.026274165202108964,22760.0,0.0461504050903144,0.5835783116057225,0.020412562939064877,
h3k27ac,fold_d,314159,strict,coordinate_plus_frozen_sequence_fm,tissue,suprapubic_skin,4139.0,4139.0,81.0,0.019569944431021984,4139.0,0.10134630446870399,0.5686572476863261,0.08340866293641346,
h3k27ac,fold_d,314159,strict,coordinate_plus_frozen_sequence_fm,tissue,testis,6644.0,6159.0,135.0,0.020319084888621313,6644.0,0.06272652805547486,0.6086063171790626,0.04328699529890536,
h3k27ac,fold_d,314159,strict,coordinate_plus_frozen_sequence_fm,tissue,thoracic_aorta,9732.0,8637.0,156.0,0.016029593094944512,9732.0,0.07504543088199733,0.6439010855129276,0.0599772486783206,
h3k27ac,fold_d,314159,strict,coordinate_plus_frozen_sequence_fm,tissue,thyroid_gland,19362.0,15863.0,690.0,0.03563681437867989,19362.0,0.06947767992720874,0.6579073680811693,0.03509141167259081,
h3k27ac,fold_d,314159,strict,coordinate_plus_frozen_sequence_fm,tissue,tibial_artery,16382.0,15113.0,437.0,0.026675619582468564,16382.0,0.05556034335287114,0.6650516327220357,0.029676359034602383,
h3k27ac,fold_d,314159,strict,coordinate_plus_frozen_sequence_fm,tissue,tibial_nerve,17006.0,14230.0,373.0,0.021933435258144184,17006.0,0.050088935329476156,0.5860143656405779,0.028786895581859647,
h3k27ac,fold_d,314159,strict,coordinate_plus_frozen_sequence_fm,tissue,transverse_colon,46392.0,34358.0,1005.0,0.021663217796171752,46392.0,0.03715663830119226,0.6035640972435288,0.015836489833408494,
h3k27ac,fold_d,314159,strict,coordinate_plus_frozen_sequence_fm,tissue,upper_lobe_of_left_lung,14907.0,11566.0,350.0,0.023478902529013215,14907.0,0.0359030508513441,0.5271528670546325,0.01272286728316181,
h3k27ac,fold_d,314159,strict,coordinate_plus_frozen_sequence_fm,tissue,uterus,15630.0,14043.0,388.0,0.024824056301983366,15630.0,0.045605666981909085,0.6168110666809157,0.021310626881461684,
h3k27ac,fold_d,314159,strict,coordinate_plus_frozen_sequence_fm,tissue,vagina,8585.0,7833.0,226.0,0.026324985439720443,8585.0,0.040457654333389326,0.6054636674793847,0.014514770002649523,
h3k27ac,fold_d,314159,strict,coordinate_plus_frozen_sequence_fm_plus_frozen_pangenomefm,measurement_weight,all,543321.0,116361.0,14881.0,0.027388965270990814,543321.0,0.04723624805537238,0.6163163270868223,0.020406187135139236,
h3k27ac,fold_d,314159,strict,coordinate_plus_frozen_sequence_fm_plus_frozen_pangenomefm,equal_locus_weight,all,543321.0,116361.0,14881.0,0.024799139951199665,116361.0,0.04202420721024561,0.5983789182604532,0.01766309687030421,
h3k27ac,fold_d,314159,strict,coordinate_plus_frozen_sequence_fm_plus_frozen_pangenomefm,donor,ENC-001,148835.0,45104.0,4094.0,0.027506970806597912,148835.0,0.056864281228303164,0.6038843367770568,0.03018768211228678,
h3k27ac,fold_d,314159,strict,coordinate_plus_frozen_sequence_fm_plus_frozen_pangenomefm,donor,ENC-002,127051.0,41821.0,3840.0,0.030224083242162598,127051.0,0.057175287888357074,0.6595477663824658,0.027791167196952012,
h3k27ac,fold_d,314159,strict,coordinate_plus_frozen_sequence_fm_plus_frozen_pangenomefm,donor,ENC-003,128687.0,35235.0,2462.0,0.01913169162386255,128687.0,0.03587749889434647,0.6027233871664511,0.01707243177038435,
h3k27ac,fold_d,314159,strict,coordinate_plus_frozen_sequence_fm_plus_frozen_pangenomefm,donor,ENC-004,138748.0,36285.0,4485.0,0.0323247902672471,138748.0,0.047980525519176566,0.6001100205074301,0.01617870861469437,
h3k27ac,fold_d,314159,strict,coordinate_plus_frozen_sequence_fm_plus_frozen_pangenomefm,tissue,Peyers_patch,17358.0,13741.0,408.0,0.023505012098167993,17358.0,0.04206176650466592,0.5714723957429579,0.019003430264778232,
h3k27ac,fold_d,314159,strict,coordinate_plus_frozen_sequence_fm_plus_frozen_pangenomefm,tissue,adrenal_gland,9843.0,8268.0,232.0,0.023570049781570658,9843.0,0.0594666696976723,0.5952099157215691,0.036763128689437985,
h3k27ac,fold_d,314159,strict,coordinate_plus_frozen_sequence_fm_plus_frozen_pangenomefm,tissue,ascending_aorta,9455.0,8652.0,249.0,0.026335272342675832,9455.0,0.043766576809259744,0.617949093789889,0.017902779027976417,
h3k27ac,fold_d,314159,strict,coordinate_plus_frozen_sequence_fm_plus_frozen_pangenomefm,tissue,body_of_pancreas,19716.0,16194.0,709.0,0.03596064110367214,19716.0,0.06845968307048816,0.6429429199234222,0.03371132274518571,
h3k27ac,fold_d,314159,strict,coordinate_plus_frozen_sequence_fm_plus_frozen_pangenomefm,tissue,breast_epithelium,15860.0,14660.0,357.0,0.022509457755359393,15860.0,0.037785839333925306,0.5969451832852085,0.01562816305463816,
h3k27ac,fold_d,314159,strict,coordinate_plus_frozen_sequence_fm_plus_frozen_pangenomefm,tissue,coronary_artery,8512.0,7811.0,226.0,0.02655075187969925,8512.0,0.04787538166917477,0.597981134614522,0.021906257394160713,
h3k27ac,fold_d,314159,strict,coordinate_plus_frozen_sequence_fm_plus_frozen_pangenomefm,tissue,esophagus_muscularis_mucosa,31166.0,23248.0,843.0,0.027048706924212282,31166.0,0.045999914343887234,0.616803819877007,0.019478063860488393,
h3k27ac,fold_d,314159,strict,coordinate_plus_frozen_sequence_fm_plus_frozen_pangenomefm,tissue,esophagus_squamous_epithelium,28198.0,22084.0,703.0,0.024930846159302078,28198.0,0.045193863175592104,0.5908330158050202,0.02078110761321499,
h3k27ac,fold_d,314159,strict,coordinate_plus_frozen_sequence_fm_plus_frozen_pangenomefm,tissue,gastrocnemius_medialis,47518.0,35906.0,1178.0,0.0247906056652216,47518.0,0.03809125329748839,0.5730631458775581,0.013638760772336063,
h3k27ac,fold_d,314159,strict,coordinate_plus_frozen_sequence_fm_plus_frozen_pangenomefm,tissue,gastroesophageal_sphincter,32589.0,25117.0,860.0,0.026389272453895486,32589.0,0.04841569448974087,0.6191206855733915,0.0226234381079191,
h3k27ac,fold_d,314159,strict,coordinate_plus_frozen_sequence_fm_plus_frozen_pangenomefm,tissue,heart_left_ventricle,8222.0,7498.0,213.0,0.025906105570420824,8222.0,0.038151830350828544,0.5993354307390102,0.012571400817144748,
h3k27ac,fold_d,314159,strict,coordinate_plus_frozen_sequence_fm_plus_frozen_pangenomefm,tissue,ovary,990.0,990.0,63.0,0.06363636363636363,990.0,0.09156709838183696,0.5885943733840173,0.02982894001943754,
h3k27ac,fold_d,314159,strict,coordinate_plus_frozen_sequence_fm_plus_frozen_pangenomefm,tissue,prostate_gland,14396.0,12852.0,638.0,0.04431786607390942,14396.0,0.10749371836297733,0.7111139896491114,0.06610550730872378,
h3k27ac,fold_d,314159,strict,coordinate_plus_frozen_sequence_fm_plus_frozen_pangenomefm,tissue,right_atrium_auricular_region,10049.0,9035.0,227.0,0.022589312369389988,10049.0,0.03898073527105018,0.6250579701954705,0.01677025134787042,
h3k27ac,fold_d,314159,strict,coordinate_plus_frozen_sequence_fm_plus_frozen_pangenomefm,tissue,right_lobe_of_liver,10839.0,10839.0,211.0,0.019466740474213488,10839.0,0.03164379061157477,0.5902545275200801,0.012418803767299483,
h3k27ac,fold_d,314159,strict,coordinate_plus_frozen_sequence_fm_plus_frozen_pangenomefm,tissue,sigmoid_colon,36432.0,27619.0,1204.0,0.033047870004391744,36432.0,0.06360415968074475,0.6467551247554139,0.031600622955855924,
h3k27ac,fold_d,314159,strict,coordinate_plus_frozen_sequence_fm_plus_frozen_pangenomefm,tissue,spleen,60639.0,44914.0,2121.0,0.03497748973432939,60639.0,0.05188316174489986,0.5750244620630275,0.017518422452048647,
h3k27ac,fold_d,314159,strict,coordinate_plus_frozen_sequence_fm_plus_frozen_pangenomefm,tissue,stomach,22760.0,17376.0,598.0,0.026274165202108964,22760.0,0.04975352970867061,0.6157064700522362,0.024112911116746825,
h3k27ac,fold_d,314159,strict,coordinate_plus_frozen_sequence_fm_plus_frozen_pangenomefm,tissue,suprapubic_skin,4139.0,4139.0,81.0,0.019569944431021984,4139.0,0.10509149773654308,0.5823232876378925,0.08722861240304382,
h3k27ac,fold_d,314159,strict,coordinate_plus_frozen_sequence_fm_plus_frozen_pangenomefm,tissue,testis,6644.0,6159.0,135.0,0.020319084888621313,6644.0,0.06436077160522541,0.6245853319904633,0.04495513389846637,
h3k27ac,fold_d,314159,strict,coordinate_plus_frozen_sequence_fm_plus_frozen_pangenomefm,tissue,thoracic_aorta,9732.0,8637.0,156.0,0.016029593094944512,9732.0,0.07528626422833146,0.6602473732407943,0.06022200537490829,
h3k27ac,fold_d,314159,strict,coordinate_plus_frozen_sequence_fm_plus_frozen_pangenomefm,tissue,thyroid_gland,19362.0,15863.0,690.0,0.03563681437867989,19362.0,0.07529385433571828,0.6808132459048968,0.04112251540532227,
h3k27ac,fold_d,314159,strict,coordinate_plus_frozen_sequence_fm_plus_frozen_pangenomefm,tissue,tibial_artery,16382.0,15113.0,437.0,0.026675619582468564,16382.0,0.060976834417194634,0.692973701790982,0.03524129830181765,
h3k27ac,fold_d,314159,strict,coordinate_plus_frozen_sequence_fm_plus_frozen_pangenomefm,tissue,tibial_nerve,17006.0,14230.0,373.0,0.021933435258144184,17006.0,0.05361653347879645,0.6158852141379205,0.03239360117479784,
h3k27ac,fold_d,314159,strict,coordinate_plus_frozen_sequence_fm_plus_frozen_pangenomefm,tissue,transverse_colon,46392.0,34358.0,1005.0,0.021663217796171752,46392.0,0.04121226648613729,0.6235938096548785,0.019981921405355742,
h3k27ac,fold_d,314159,strict,coordinate_plus_frozen_sequence_fm_plus_frozen_pangenomefm,tissue,upper_lobe_of_left_lung,14907.0,11566.0,350.0,0.023478902529013215,14907.0,0.03684853672715871,0.5529772617984475,0.013691085868774808,
h3k27ac,fold_d,314159,strict,coordinate_plus_frozen_sequence_fm_plus_frozen_pangenomefm,tissue,uterus,15630.0,14043.0,388.0,0.024824056301983366,15630.0,0.04848679405770841,0.6342405243514596,0.02426509586156557,
h3k27ac,fold_d,314159,strict,coordinate_plus_frozen_sequence_fm_plus_frozen_pangenomefm,tissue,vagina,8585.0,7833.0,226.0,0.026324985439720443,8585.0,0.042997506314721656,0.624134127065629,0.017123291268319824,
h3k27ac,fold_d,42,1hop,coordinate_plus_frozen_sequence_fm,measurement_weight,all,543321.0,116361.0,14881.0,0.027388965270990814,543321.0,0.043635835038162804,0.5909785496134751,0.01670438560436313,
h3k27ac,fold_d,42,1hop,coordinate_plus_frozen_sequence_fm,equal_locus_weight,all,543321.0,116361.0,14881.0,0.024799139951199665,116361.0,0.03941430687760067,0.58173559989058,0.014986827355412341,
h3k27ac,fold_d,42,1hop,coordinate_plus_frozen_sequence_fm,donor,ENC-001,148835.0,45104.0,4094.0,0.027506970806597912,148835.0,0.052775512478033575,0.5652813145912463,0.025983262514892993,
h3k27ac,fold_d,42,1hop,coordinate_plus_frozen_sequence_fm,donor,ENC-002,127051.0,41821.0,3840.0,0.030224083242162598,127051.0,0.051635201670344695,0.6304466366385713,0.022078418383252824,
h3k27ac,fold_d,42,1hop,coordinate_plus_frozen_sequence_fm,donor,ENC-003,128687.0,35235.0,2462.0,0.01913169162386255,128687.0,0.03325740552152104,0.5761287715079468,0.014401233862927135,
h3k27ac,fold_d,42,1hop,coordinate_plus_frozen_sequence_fm,donor,ENC-004,138748.0,36285.0,4485.0,0.0323247902672471,138748.0,0.04606507961426764,0.5926197422916872,0.014199278031329598,
h3k27ac,fold_d,42,1hop,coordinate_plus_frozen_sequence_fm,tissue,Peyers_patch,17358.0,13741.0,408.0,0.023505012098167993,17358.0,0.04028068346931538,0.5403766122968361,0.017179475142205098,
h3k27ac,fold_d,42,1hop,coordinate_plus_frozen_sequence_fm,tissue,adrenal_gland,9843.0,8268.0,232.0,0.023570049781570658,9843.0,0.057518453425298224,0.5813101636415171,0.03476788441007288,
h3k27ac,fold_d,42,1hop,coordinate_plus_frozen_sequence_fm,tissue,ascending_aorta,9455.0,8652.0,249.0,0.026335272342675832,9455.0,0.04231194913596786,0.6116423111520599,0.016408807199714985,
h3k27ac,fold_d,42,1hop,coordinate_plus_frozen_sequence_fm,tissue,body_of_pancreas,19716.0,16194.0,709.0,0.03596064110367214,19716.0,0.058820311865453695,0.5983682947185296,0.023712383266127485,
h3k27ac,fold_d,42,1hop,coordinate_plus_frozen_sequence_fm,tissue,breast_epithelium,15860.0,14660.0,357.0,0.022509457755359393,15860.0,0.03696943446934109,0.6023443370768936,0.014792958181239095,
h3k27ac,fold_d,42,1hop,coordinate_plus_frozen_sequence_fm,tissue,coronary_artery,8512.0,7811.0,226.0,0.02655075187969925,8512.0,0.04606248274781538,0.5853054197398747,0.020043911796935134,
h3k27ac,fold_d,42,1hop,coordinate_plus_frozen_sequence_fm,tissue,esophagus_muscularis_mucosa,31166.0,23248.0,843.0,0.027048706924212282,31166.0,0.04111938864955531,0.5921992353658156,0.014461856236257654,
h3k27ac,fold_d,42,1hop,coordinate_plus_frozen_sequence_fm,tissue,esophagus_squamous_epithelium,28198.0,22084.0,703.0,0.024930846159302078,28198.0,0.04234807274065566,0.5568448886478001,0.017862555196981572,
h3k27ac,fold_d,42,1hop,coordinate_plus_frozen_sequence_fm,tissue,gastrocnemius_medialis,47518.0,35906.0,1178.0,0.0247906056652216,47518.0,0.03477776908472942,0.5542424304597376,0.01024104513094891,
h3k27ac,fold_d,42,1hop,coordinate_plus_frozen_sequence_fm,tissue,gastroesophageal_sphincter,32589.0,25117.0,860.0,0.026389272453895486,32589.0,0.04526340229375166,0.6045886786865805,0.019385704477010712,
h3k27ac,fold_d,42,1hop,coordinate_plus_frozen_sequence_fm,tissue,heart_left_ventricle,8222.0,7498.0,213.0,0.025906105570420824,8222.0,0.0358938267110772,0.5814330357221364,0.01025334538874725,
h3k27ac,fold_d,42,1hop,coordinate_plus_frozen_sequence_fm,tissue,ovary,990.0,990.0,63.0,0.06363636363636363,990.0,0.09447635493648382,0.5706152291912809,0.03293591303896331,
h3k27ac,fold_d,42,1hop,coordinate_plus_frozen_sequence_fm,tissue,prostate_gland,14396.0,12852.0,638.0,0.04431786607390942,14396.0,0.10126832656468307,0.6879956079130478,0.05959142529620421,
h3k27ac,fold_d,42,1hop,coordinate_plus_frozen_sequence_fm,tissue,right_atrium_auricular_region,10049.0,9035.0,227.0,0.022589312369389988,10049.0,0.037553213098354646,0.6076063624139642,0.015309737164056796,
h3k27ac,fold_d,42,1hop,coordinate_plus_frozen_sequence_fm,tissue,right_lobe_of_liver,10839.0,10839.0,211.0,0.019466740474213488,10839.0,0.031133561895447186,0.558950737299488,0.01189844536928416,
h3k27ac,fold_d,42,1hop,coordinate_plus_frozen_sequence_fm,tissue,sigmoid_colon,36432.0,27619.0,1204.0,0.033047870004391744,36432.0,0.05891278980407534,0.6270472709906458,0.02674891444708961,
h3k27ac,fold_d,42,1hop,coordinate_plus_frozen_sequence_fm,tissue,spleen,60639.0,44914.0,2121.0,0.03497748973432939,60639.0,0.046609686568173034,0.5361250202007501,0.012053808807673616,
h3k27ac,fold_d,42,1hop,coordinate_plus_frozen_sequence_fm,tissue,stomach,22760.0,17376.0,598.0,0.026274165202108964,22760.0,0.0461504050903144,0.5835783116057225,0.020412562939064877,
h3k27ac,fold_d,42,1hop,coordinate_plus_frozen_sequence_fm,tissue,suprapubic_skin,4139.0,4139.0,81.0,0.019569944431021984,4139.0,0.10134630446870399,0.5686572476863261,0.08340866293641346,
h3k27ac,fold_d,42,1hop,coordinate_plus_frozen_sequence_fm,tissue,testis,6644.0,6159.0,135.0,0.020319084888621313,6644.0,0.06272652805547486,0.6086063171790626,0.04328699529890536,
h3k27ac,fold_d,42,1hop,coordinate_plus_frozen_sequence_fm,tissue,thoracic_aorta,9732.0,8637.0,156.0,0.016029593094944512,9732.0,0.07504543088199733,0.6439010855129276,0.0599772486783206,
h3k27ac,fold_d,42,1hop,coordinate_plus_frozen_sequence_fm,tissue,thyroid_gland,19362.0,15863.0,690.0,0.03563681437867989,19362.0,0.06947767992720874,0.6579073680811693,0.03509141167259081,
h3k27ac,fold_d,42,1hop,coordinate_plus_frozen_sequence_fm,tissue,tibial_artery,16382.0,15113.0,437.0,0.026675619582468564,16382.0,0.05556034335287114,0.6650516327220357,0.029676359034602383,
h3k27ac,fold_d,42,1hop,coordinate_plus_frozen_sequence_fm,tissue,tibial_nerve,17006.0,14230.0,373.0,0.021933435258144184,17006.0,0.050088935329476156,0.5860143656405779,0.028786895581859647,
h3k27ac,fold_d,42,1hop,coordinate_plus_frozen_sequence_fm,tissue,transverse_colon,46392.0,34358.0,1005.0,0.021663217796171752,46392.0,0.03715663830119226,0.6035640972435288,0.015836489833408494,
h3k27ac,fold_d,42,1hop,coordinate_plus_frozen_sequence_fm,tissue,upper_lobe_of_left_lung,14907.0,11566.0,350.0,0.023478902529013215,14907.0,0.0359030508513441,0.5271528670546325,0.01272286728316181,
h3k27ac,fold_d,42,1hop,coordinate_plus_frozen_sequence_fm,tissue,uterus,15630.0,14043.0,388.0,0.024824056301983366,15630.0,0.045605666981909085,0.6168110666809157,0.021310626881461684,
h3k27ac,fold_d,42,1hop,coordinate_plus_frozen_sequence_fm,tissue,vagina,8585.0,7833.0,226.0,0.026324985439720443,8585.0,0.040457654333389326,0.6054636674793847,0.014514770002649523,
h3k27ac,fold_d,42,1hop,coordinate_plus_frozen_sequence_fm_plus_frozen_pangenomefm,measurement_weight,all,543321.0,116361.0,14881.0,0.027388965270990814,543321.0,0.058181109995163016,0.647006669610449,0.03165925907138363,
h3k27ac,fold_d,42,1hop,coordinate_plus_frozen_sequence_fm_plus_frozen_pangenomefm,equal_locus_weight,all,543321.0,116361.0,14881.0,0.024799139951199665,116361.0,0.045784951015514413,0.6087055905263177,0.021519475550159574,
h3k27ac,fold_d,42,1hop,coordinate_plus_frozen_sequence_fm_plus_frozen_pangenomefm,donor,ENC-001,148835.0,45104.0,4094.0,0.027506970806597912,148835.0,0.06423710747333267,0.6251519277090758,0.037769048789171464,
h3k27ac,fold_d,42,1hop,coordinate_plus_frozen_sequence_fm_plus_frozen_pangenomefm,donor,ENC-002,127051.0,41821.0,3840.0,0.030224083242162598,127051.0,0.07764024612077335,0.6987197848524753,0.04889393730990232,
h3k27ac,fold_d,42,1hop,coordinate_plus_frozen_sequence_fm_plus_frozen_pangenomefm,donor,ENC-003,128687.0,35235.0,2462.0,0.01913169162386255,128687.0,0.04323756261342159,0.6166003804470856,0.0245760524462934,
h3k27ac,fold_d,42,1hop,coordinate_plus_frozen_sequence_fm_plus_frozen_pangenomefm,donor,ENC-004,138748.0,36285.0,4485.0,0.0323247902672471,138748.0,0.06018326146978896,0.6409619861967282,0.028789071914155636,
h3k27ac,fold_d,42,1hop,coordinate_plus_frozen_sequence_fm_plus_frozen_pangenomefm,tissue,Peyers_patch,17358.0,13741.0,408.0,0.023505012098167993,17358.0,0.04379274981526121,0.5749180114523685,0.020776079722318826,
h3k27ac,fold_d,42,1hop,coordinate_plus_frozen_sequence_fm_plus_frozen_pangenomefm,tissue,adrenal_gland,9843.0,8268.0,232.0,0.023570049781570658,9843.0,0.06879309918457478,0.6399231842823776,0.04631468892662258,
h3k27ac,fold_d,42,1hop,coordinate_plus_frozen_sequence_fm_plus_frozen_pangenomefm,tissue,ascending_aorta,9455.0,8652.0,249.0,0.026335272342675832,9455.0,0.06679494337981907,0.6713100501070106,0.04155400713189109,
h3k27ac,fold_d,42,1hop,coordinate_plus_frozen_sequence_fm_plus_frozen_pangenomefm,tissue,body_of_pancreas,19716.0,16194.0,709.0,0.03596064110367214,19716.0,0.07715589262706228,0.6565881043158104,0.04273191871600779,
h3k27ac,fold_d,42,1hop,coordinate_plus_frozen_sequence_fm_plus_frozen_pangenomefm,tissue,breast_epithelium,15860.0,14660.0,357.0,0.022509457755359393,15860.0,0.04328955738621634,0.6306899848244787,0.021258619631386907,
h3k27ac,fold_d,42,1hop,coordinate_plus_frozen_sequence_fm_plus_frozen_pangenomefm,tissue,coronary_artery,8512.0,7811.0,226.0,0.02655075187969925,8512.0,0.05586077891385474,0.6357487520265551,0.030109455722270282,
h3k27ac,fold_d,42,1hop,coordinate_plus_frozen_sequence_fm_plus_frozen_pangenomefm,tissue,esophagus_muscularis_mucosa,31166.0,23248.0,843.0,0.027048706924212282,31166.0,0.05703670137193631,0.6571009935769054,0.03082168106578396,
h3k27ac,fold_d,42,1hop,coordinate_plus_frozen_sequence_fm_plus_frozen_pangenomefm,tissue,esophagus_squamous_epithelium,28198.0,22084.0,703.0,0.024930846159302078,28198.0,0.04862659070041543,0.6102385355464863,0.024301604094210377,
h3k27ac,fold_d,42,1hop,coordinate_plus_frozen_sequence_fm_plus_frozen_pangenomefm,tissue,gastrocnemius_medialis,47518.0,35906.0,1178.0,0.0247906056652216,47518.0,0.040239405085877235,0.5929702985169776,0.015841520303640794,
h3k27ac,fold_d,42,1hop,coordinate_plus_frozen_sequence_fm_plus_frozen_pangenomefm,tissue,gastroesophageal_sphincter,32589.0,25117.0,860.0,0.026389272453895486,32589.0,0.05985503931659508,0.6608625408345531,0.0343728411323558,
h3k27ac,fold_d,42,1hop,coordinate_plus_frozen_sequence_fm_plus_frozen_pangenomefm,tissue,heart_left_ventricle,8222.0,7498.0,213.0,0.025906105570420824,8222.0,0.05385198441104597,0.6409587922507367,0.02868910173899612,
h3k27ac,fold_d,42,1hop,coordinate_plus_frozen_sequence_fm_plus_frozen_pangenomefm,tissue,ovary,990.0,990.0,63.0,0.06363636363636363,990.0,0.1127715486186314,0.6376859985274224,0.052474469398538386,
h3k27ac,fold_d,42,1hop,coordinate_plus_frozen_sequence_fm_plus_frozen_pangenomefm,tissue,prostate_gland,14396.0,12852.0,638.0,0.04431786607390942,14396.0,0.1565523843585286,0.7817747303250409,0.11743917177099708,
h3k27ac,fold_d,42,1hop,coordinate_plus_frozen_sequence_fm_plus_frozen_pangenomefm,tissue,right_atrium_auricular_region,10049.0,9035.0,227.0,0.022589312369389988,10049.0,0.05665943059863178,0.6595678406023698,0.03485752576722162,
h3k27ac,fold_d,42,1hop,coordinate_plus_frozen_sequence_fm_plus_frozen_pangenomefm,tissue,right_lobe_of_liver,10839.0,10839.0,211.0,0.019466740474213488,10839.0,0.03632077413079259,0.5817890058809154,0.01718864045950893,
h3k27ac,fold_d,42,1hop,coordinate_plus_frozen_sequence_fm_plus_frozen_pangenomefm,tissue,sigmoid_colon,36432.0,27619.0,1204.0,0.033047870004391744,36432.0,0.08956008476533828,0.6895201340522319,0.05844365300814136,
h3k27ac,fold_d,42,1hop,coordinate_plus_frozen_sequence_fm_plus_frozen_pangenomefm,tissue,spleen,60639.0,44914.0,2121.0,0.03497748973432939,60639.0,0.05567762572509287,0.5859160643986943,0.0214504177576798,
h3k27ac,fold_d,42,1hop,coordinate_plus_frozen_sequence_fm_plus_frozen_pangenomefm,tissue,stomach,22760.0,17376.0,598.0,0.026274165202108964,22760.0,0.061796244185522264,0.6481513899322683,0.03648057565483651,
h3k27ac,fold_d,42,1hop,coordinate_plus_frozen_sequence_fm_plus_frozen_pangenomefm,tissue,suprapubic_skin,4139.0,4139.0,81.0,0.019569944431021984,4139.0,0.09656493011785505,0.5960349621841325,0.07853184961996108,
h3k27ac,fold_d,42,1hop,coordinate_plus_frozen_sequence_fm_plus_frozen_pangenomefm,tissue,testis,6644.0,6159.0,135.0,0.020319084888621313,6644.0,0.06784609533714911,0.6454806165821683,0.04851274503303406,
h3k27ac,fold_d,42,1hop,coordinate_plus_frozen_sequence_fm_plus_frozen_pangenomefm,tissue,thoracic_aorta,9732.0,8637.0,156.0,0.016029593094944512,9732.0,0.09142848131822821,0.6912443368035474,0.07662719091363794,
h3k27ac,fold_d,42,1hop,coordinate_plus_frozen_sequence_fm_plus_frozen_pangenomefm,tissue,thyroid_gland,19362.0,15863.0,690.0,0.03563681437867989,19362.0,0.1012390777889969,0.7169011881698396,0.06802651157618671,
h3k27ac,fold_d,42,1hop,coordinate_plus_frozen_sequence_fm_plus_frozen_pangenomefm,tissue,tibial_artery,16382.0,15113.0,437.0,0.026675619582468564,16382.0,0.08906718225862569,0.7419771052236915,0.06410151017628134,
h3k27ac,fold_d,42,1hop,coordinate_plus_frozen_sequence_fm_plus_frozen_pangenomefm,tissue,tibial_nerve,17006.0,14230.0,373.0,0.021933435258144184,17006.0,0.062392192626710585,0.6519476044021792,0.04136605710394037,
h3k27ac,fold_d,42,1hop,coordinate_plus_frozen_sequence_fm_plus_frozen_pangenomefm,tissue,transverse_colon,46392.0,34358.0,1005.0,0.021663217796171752,46392.0,0.04913621969503944,0.6589851653886033,0.028081333952283027,
h3k27ac,fold_d,42,1hop,coordinate_plus_frozen_sequence_fm_plus_frozen_pangenomefm,tissue,upper_lobe_of_left_lung,14907.0,11566.0,350.0,0.023478902529013215,14907.0,0.04208218877816036,0.5640030814826447,0.019050572790824793,
h3k27ac,fold_d,42,1hop,coordinate_plus_frozen_sequence_fm_plus_frozen_pangenomefm,tissue,uterus,15630.0,14043.0,388.0,0.024824056301983366,15630.0,0.06717002708772989,0.6733150194051434,0.043423928840127156,
h3k27ac,fold_d,42,1hop,coordinate_plus_frozen_sequence_fm_plus_frozen_pangenomefm,tissue,vagina,8585.0,7833.0,226.0,0.026324985439720443,8585.0,0.057089913383400255,0.6720968443741947,0.03159671089801306,
h3k27ac,fold_d,42,strict,coordinate_plus_frozen_sequence_fm,measurement_weight,all,543321.0,116361.0,14881.0,0.027388965270990814,543321.0,0.043635835038162804,0.5909785496134751,0.01670438560436313,
h3k27ac,fold_d,42,strict,coordinate_plus_frozen_sequence_fm,equal_locus_weight,all,543321.0,116361.0,14881.0,0.024799139951199665,116361.0,0.03941430687760067,0.58173559989058,0.014986827355412341,
h3k27ac,fold_d,42,strict,coordinate_plus_frozen_sequence_fm,donor,ENC-001,148835.0,45104.0,4094.0,0.027506970806597912,148835.0,0.052775512478033575,0.5652813145912463,0.025983262514892993,
h3k27ac,fold_d,42,strict,coordinate_plus_frozen_sequence_fm,donor,ENC-002,127051.0,41821.0,3840.0,0.030224083242162598,127051.0,0.051635201670344695,0.6304466366385713,0.022078418383252824,
h3k27ac,fold_d,42,strict,coordinate_plus_frozen_sequence_fm,donor,ENC-003,128687.0,35235.0,2462.0,0.01913169162386255,128687.0,0.03325740552152104,0.5761287715079468,0.014401233862927135,
h3k27ac,fold_d,42,strict,coordinate_plus_frozen_sequence_fm,donor,ENC-004,138748.0,36285.0,4485.0,0.0323247902672471,138748.0,0.04606507961426764,0.5926197422916872,0.014199278031329598,
h3k27ac,fold_d,42,strict,coordinate_plus_frozen_sequence_fm,tissue,Peyers_patch,17358.0,13741.0,408.0,0.023505012098167993,17358.0,0.04028068346931538,0.5403766122968361,0.017179475142205098,
h3k27ac,fold_d,42,strict,coordinate_plus_frozen_sequence_fm,tissue,adrenal_gland,9843.0,8268.0,232.0,0.023570049781570658,9843.0,0.057518453425298224,0.5813101636415171,0.03476788441007288,
h3k27ac,fold_d,42,strict,coordinate_plus_frozen_sequence_fm,tissue,ascending_aorta,9455.0,8652.0,249.0,0.026335272342675832,9455.0,0.04231194913596786,0.6116423111520599,0.016408807199714985,
h3k27ac,fold_d,42,strict,coordinate_plus_frozen_sequence_fm,tissue,body_of_pancreas,19716.0,16194.0,709.0,0.03596064110367214,19716.0,0.058820311865453695,0.5983682947185296,0.023712383266127485,
h3k27ac,fold_d,42,strict,coordinate_plus_frozen_sequence_fm,tissue,breast_epithelium,15860.0,14660.0,357.0,0.022509457755359393,15860.0,0.03696943446934109,0.6023443370768936,0.014792958181239095,
h3k27ac,fold_d,42,strict,coordinate_plus_frozen_sequence_fm,tissue,coronary_artery,8512.0,7811.0,226.0,0.02655075187969925,8512.0,0.04606248274781538,0.5853054197398747,0.020043911796935134,
h3k27ac,fold_d,42,strict,coordinate_plus_frozen_sequence_fm,tissue,esophagus_muscularis_mucosa,31166.0,23248.0,843.0,0.027048706924212282,31166.0,0.04111938864955531,0.5921992353658156,0.014461856236257654,
h3k27ac,fold_d,42,strict,coordinate_plus_frozen_sequence_fm,tissue,esophagus_squamous_epithelium,28198.0,22084.0,703.0,0.024930846159302078,28198.0,0.04234807274065566,0.5568448886478001,0.017862555196981572,
h3k27ac,fold_d,42,strict,coordinate_plus_frozen_sequence_fm,tissue,gastrocnemius_medialis,47518.0,35906.0,1178.0,0.0247906056652216,47518.0,0.03477776908472942,0.5542424304597376,0.01024104513094891,
h3k27ac,fold_d,42,strict,coordinate_plus_frozen_sequence_fm,tissue,gastroesophageal_sphincter,32589.0,25117.0,860.0,0.026389272453895486,32589.0,0.04526340229375166,0.6045886786865805,0.019385704477010712,
h3k27ac,fold_d,42,strict,coordinate_plus_frozen_sequence_fm,tissue,heart_left_ventricle,8222.0,7498.0,213.0,0.025906105570420824,8222.0,0.0358938267110772,0.5814330357221364,0.01025334538874725,
h3k27ac,fold_d,42,strict,coordinate_plus_frozen_sequence_fm,tissue,ovary,990.0,990.0,63.0,0.06363636363636363,990.0,0.09447635493648382,0.5706152291912809,0.03293591303896331,
h3k27ac,fold_d,42,strict,coordinate_plus_frozen_sequence_fm,tissue,prostate_gland,14396.0,12852.0,638.0,0.04431786607390942,14396.0,0.10126832656468307,0.6879956079130478,0.05959142529620421,
h3k27ac,fold_d,42,strict,coordinate_plus_frozen_sequence_fm,tissue,right_atrium_auricular_region,10049.0,9035.0,227.0,0.022589312369389988,10049.0,0.037553213098354646,0.6076063624139642,0.015309737164056796,
h3k27ac,fold_d,42,strict,coordinate_plus_frozen_sequence_fm,tissue,right_lobe_of_liver,10839.0,10839.0,211.0,0.019466740474213488,10839.0,0.031133561895447186,0.558950737299488,0.01189844536928416,
h3k27ac,fold_d,42,strict,coordinate_plus_frozen_sequence_fm,tissue,sigmoid_colon,36432.0,27619.0,1204.0,0.033047870004391744,36432.0,0.05891278980407534,0.6270472709906458,0.02674891444708961,
h3k27ac,fold_d,42,strict,coordinate_plus_frozen_sequence_fm,tissue,spleen,60639.0,44914.0,2121.0,0.03497748973432939,60639.0,0.046609686568173034,0.5361250202007501,0.012053808807673616,
h3k27ac,fold_d,42,strict,coordinate_plus_frozen_sequence_fm,tissue,stomach,22760.0,17376.0,598.0,0.026274165202108964,22760.0,0.0461504050903144,0.5835783116057225,0.020412562939064877,
h3k27ac,fold_d,42,strict,coordinate_plus_frozen_sequence_fm,tissue,suprapubic_skin,4139.0,4139.0,81.0,0.019569944431021984,4139.0,0.10134630446870399,0.5686572476863261,0.08340866293641346,
h3k27ac,fold_d,42,strict,coordinate_plus_frozen_sequence_fm,tissue,testis,6644.0,6159.0,135.0,0.020319084888621313,6644.0,0.06272652805547486,0.6086063171790626,0.04328699529890536,
h3k27ac,fold_d,42,strict,coordinate_plus_frozen_sequence_fm,tissue,thoracic_aorta,9732.0,8637.0,156.0,0.016029593094944512,9732.0,0.07504543088199733,0.6439010855129276,0.0599772486783206,
h3k27ac,fold_d,42,strict,coordinate_plus_frozen_sequence_fm,tissue,thyroid_gland,19362.0,15863.0,690.0,0.03563681437867989,19362.0,0.06947767992720874,0.6579073680811693,0.03509141167259081,
h3k27ac,fold_d,42,strict,coordinate_plus_frozen_sequence_fm,tissue,tibial_artery,16382.0,15113.0,437.0,0.026675619582468564,16382.0,0.05556034335287114,0.6650516327220357,0.029676359034602383,
h3k27ac,fold_d,42,strict,coordinate_plus_frozen_sequence_fm,tissue,tibial_nerve,17006.0,14230.0,373.0,0.021933435258144184,17006.0,0.050088935329476156,0.5860143656405779,0.028786895581859647,
h3k27ac,fold_d,42,strict,coordinate_plus_frozen_sequence_fm,tissue,transverse_colon,46392.0,34358.0,1005.0,0.021663217796171752,46392.0,0.03715663830119226,0.6035640972435288,0.015836489833408494,
h3k27ac,fold_d,42,strict,coordinate_plus_frozen_sequence_fm,tissue,upper_lobe_of_left_lung,14907.0,11566.0,350.0,0.023478902529013215,14907.0,0.0359030508513441,0.5271528670546325,0.01272286728316181,
h3k27ac,fold_d,42,strict,coordinate_plus_frozen_sequence_fm,tissue,uterus,15630.0,14043.0,388.0,0.024824056301983366,15630.0,0.045605666981909085,0.6168110666809157,0.021310626881461684,
h3k27ac,fold_d,42,strict,coordinate_plus_frozen_sequence_fm,tissue,vagina,8585.0,7833.0,226.0,0.026324985439720443,8585.0,0.040457654333389326,0.6054636674793847,0.014514770002649523,
h3k27ac,fold_d,42,strict,coordinate_plus_frozen_sequence_fm_plus_frozen_pangenomefm,measurement_weight,all,543321.0,116361.0,14881.0,0.027388965270990814,543321.0,0.04404162290365507,0.6033861267648788,0.0171216005556672,
h3k27ac,fold_d,42,strict,coordinate_plus_frozen_sequence_fm_plus_frozen_pangenomefm,equal_locus_weight,all,543321.0,116361.0,14881.0,0.024799139951199665,116361.0,0.04083721803217226,0.5911501364719414,0.016445922822678833,
h3k27ac,fold_d,42,strict,coordinate_plus_frozen_sequence_fm_plus_frozen_pangenomefm,donor,ENC-001,148835.0,45104.0,4094.0,0.027506970806597912,148835.0,0.05389461856295185,0.5847184219798066,0.027134022521724588,
h3k27ac,fold_d,42,strict,coordinate_plus_frozen_sequence_fm_plus_frozen_pangenomefm,donor,ENC-002,127051.0,41821.0,3840.0,0.030224083242162598,127051.0,0.05344634428898791,0.6440364021120274,0.02394600716056361,
h3k27ac,fold_d,42,strict,coordinate_plus_frozen_sequence_fm_plus_frozen_pangenomefm,donor,ENC-003,128687.0,35235.0,2462.0,0.01913169162386255,128687.0,0.03260079362312656,0.5857273697456237,0.013731814846340167,
h3k27ac,fold_d,42,strict,coordinate_plus_frozen_sequence_fm_plus_frozen_pangenomefm,donor,ENC-004,138748.0,36285.0,4485.0,0.0323247902672471,138748.0,0.04502075241022106,0.5968726623849324,0.013120065508839752,
h3k27ac,fold_d,42,strict,coordinate_plus_frozen_sequence_fm_plus_frozen_pangenomefm,tissue,Peyers_patch,17358.0,13741.0,408.0,0.023505012098167993,17358.0,0.03764590837959192,0.5569252848632078,0.014481278917578555,
h3k27ac,fold_d,42,strict,coordinate_plus_frozen_sequence_fm_plus_frozen_pangenomefm,tissue,adrenal_gland,9843.0,8268.0,232.0,0.023570049781570658,9843.0,0.05763509002326561,0.5879126916356616,0.03488733649974024,
h3k27ac,fold_d,42,strict,coordinate_plus_frozen_sequence_fm_plus_frozen_pangenomefm,tissue,ascending_aorta,9455.0,8652.0,249.0,0.026335272342675832,9455.0,0.04179872457097207,0.6112780472312889,0.01588170115343699,
h3k27ac,fold_d,42,strict,coordinate_plus_frozen_sequence_fm_plus_frozen_pangenomefm,tissue,body_of_pancreas,19716.0,16194.0,709.0,0.03596064110367214,19716.0,0.062240229504032456,0.6293873024139351,0.027259870831877937,
h3k27ac,fold_d,42,strict,coordinate_plus_frozen_sequence_fm_plus_frozen_pangenomefm,tissue,breast_epithelium,15860.0,14660.0,357.0,0.022509457755359393,15860.0,0.03742053487808658,0.6032566029056272,0.015254446440460118,
h3k27ac,fold_d,42,strict,coordinate_plus_frozen_sequence_fm_plus_frozen_pangenomefm,tissue,coronary_artery,8512.0,7811.0,226.0,0.02655075187969925,8512.0,0.04353473717961441,0.5829082640726762,0.017447222166651927,
h3k27ac,fold_d,42,strict,coordinate_plus_frozen_sequence_fm_plus_frozen_pangenomefm,tissue,esophagus_muscularis_mucosa,31166.0,23248.0,843.0,0.027048706924212282,31166.0,0.04369021715620283,0.6138639423097048,0.01710415552188825,
h3k27ac,fold_d,42,strict,coordinate_plus_frozen_sequence_fm_plus_frozen_pangenomefm,tissue,esophagus_squamous_epithelium,28198.0,22084.0,703.0,0.024930846159302078,28198.0,0.0429124649668775,0.577957533724611,0.018441377964575803,
h3k27ac,fold_d,42,strict,coordinate_plus_frozen_sequence_fm_plus_frozen_pangenomefm,tissue,gastrocnemius_medialis,47518.0,35906.0,1178.0,0.0247906056652216,47518.0,0.038453077021799335,0.5732070680795156,0.014009782346177403,
h3k27ac,fold_d,42,strict,coordinate_plus_frozen_sequence_fm_plus_frozen_pangenomefm,tissue,gastroesophageal_sphincter,32589.0,25117.0,860.0,0.026389272453895486,32589.0,0.04632508830812873,0.615967675378771,0.020476167004116336,
h3k27ac,fold_d,42,strict,coordinate_plus_frozen_sequence_fm_plus_frozen_pangenomefm,tissue,heart_left_ventricle,8222.0,7498.0,213.0,0.025906105570420824,8222.0,0.03401667889228692,0.5812137987956038,0.00832627467254127,
h3k27ac,fold_d,42,strict,coordinate_plus_frozen_sequence_fm_plus_frozen_pangenomefm,tissue,ovary,990.0,990.0,63.0,0.06363636363636363,990.0,0.08305419469910014,0.5702556463074262,0.02073748948447588,
h3k27ac,fold_d,42,strict,coordinate_plus_frozen_sequence_fm_plus_frozen_pangenomefm,tissue,prostate_gland,14396.0,12852.0,638.0,0.04431786607390942,14396.0,0.10162813682555165,0.6903699460581726,0.05996792104525669,
h3k27ac,fold_d,42,strict,coordinate_plus_frozen_sequence_fm_plus_frozen_pangenomefm,tissue,right_atrium_auricular_region,10049.0,9035.0,227.0,0.022589312369389988,10049.0,0.033294518112426466,0.599977619243683,0.010952617848887555,
h3k27ac,fold_d,42,strict,coordinate_plus_frozen_sequence_fm_plus_frozen_pangenomefm,tissue,right_lobe_of_liver,10839.0,10839.0,211.0,0.019466740474213488,10839.0,0.027717178952277887,0.5618671148553317,0.008414236231063231,
h3k27ac,fold_d,42,strict,coordinate_plus_frozen_sequence_fm_plus_frozen_pangenomefm,tissue,sigmoid_colon,36432.0,27619.0,1204.0,0.033047870004391744,36432.0,0.05961652301151949,0.635838825635905,0.027476699396947826,
h3k27ac,fold_d,42,strict,coordinate_plus_frozen_sequence_fm_plus_frozen_pangenomefm,tissue,spleen,60639.0,44914.0,2121.0,0.03497748973432939,60639.0,0.04864870488646042,0.5581257540586125,0.014166731870707706,
h3k27ac,fold_d,42,strict,coordinate_plus_frozen_sequence_fm_plus_frozen_pangenomefm,tissue,stomach,22760.0,17376.0,598.0,0.026274165202108964,22760.0,0.04567427705573344,0.5934086307002344,0.019923587482559926,
h3k27ac,fold_d,42,strict,coordinate_plus_frozen_sequence_fm_plus_frozen_pangenomefm,tissue,suprapubic_skin,4139.0,4139.0,81.0,0.019569944431021984,4139.0,0.10451596602335232,0.569010155218468,0.08664159274782042,
h3k27ac,fold_d,42,strict,coordinate_plus_frozen_sequence_fm_plus_frozen_pangenomefm,tissue,testis,6644.0,6159.0,135.0,0.020319084888621313,6644.0,0.05613974467555703,0.6004466749742521,0.0365635986517746,
h3k27ac,fold_d,42,strict,coordinate_plus_frozen_sequence_fm_plus_frozen_pangenomefm,tissue,thoracic_aorta,9732.0,8637.0,156.0,0.016029593094944512,9732.0,0.07107705743438165,0.6449420158301737,0.055944227542961814,
h3k27ac,fold_d,42,strict,coordinate_plus_frozen_sequence_fm_plus_frozen_pangenomefm,tissue,thyroid_gland,19362.0,15863.0,690.0,0.03563681437867989,19362.0,0.06700626473357978,0.6593043680066564,0.03252866847534124,
h3k27ac,fold_d,42,strict,coordinate_plus_frozen_sequence_fm_plus_frozen_pangenomefm,tissue,tibial_artery,16382.0,15113.0,437.0,0.026675619582468564,16382.0,0.05681636443765653,0.6741554384960314,0.03096680352572526,
h3k27ac,fold_d,42,strict,coordinate_plus_frozen_sequence_fm_plus_frozen_pangenomefm,tissue,tibial_nerve,17006.0,14230.0,373.0,0.021933435258144184,17006.0,0.045855120100312924,0.5937597163428302,0.024458135779830553,
h3k27ac,fold_d,42,strict,coordinate_plus_frozen_sequence_fm_plus_frozen_pangenomefm,tissue,transverse_colon,46392.0,34358.0,1005.0,0.021663217796171752,46392.0,0.03873898113369115,0.612165196885557,0.017453870331905607,
h3k27ac,fold_d,42,strict,coordinate_plus_frozen_sequence_fm_plus_frozen_pangenomefm,tissue,upper_lobe_of_left_lung,14907.0,11566.0,350.0,0.023478902529013215,14907.0,0.03204282459504682,0.533181974307893,0.008769828002910145,
h3k27ac,fold_d,42,strict,coordinate_plus_frozen_sequence_fm_plus_frozen_pangenomefm,tissue,uterus,15630.0,14043.0,388.0,0.024824056301983366,15630.0,0.042565464994748226,0.6200757504021038,0.018193033582726333,
h3k27ac,fold_d,42,strict,coordinate_plus_frozen_sequence_fm_plus_frozen_pangenomefm,tissue,vagina,8585.0,7833.0,226.0,0.026324985439720443,8585.0,0.039161447864725925,0.6134165178330389,0.013183518353711217,
h3k27ac,fold_e,20260806,1hop,coordinate_plus_frozen_sequence_fm,measurement_weight,all,520229.0,120179.0,9524.0,0.01830732235227179,520229.0,0.03599161714780407,0.5690421203618106,0.01801408444637308,
h3k27ac,fold_e,20260806,1hop,coordinate_plus_frozen_sequence_fm,equal_locus_weight,all,520229.0,120179.0,9524.0,0.0186171868340835,120179.0,0.035222052226356784,0.5596928011865063,0.016919865693089123,
h3k27ac,fold_e,20260806,1hop,coordinate_plus_frozen_sequence_fm,donor,ENC-001,149824.0,49242.0,2604.0,0.017380392994446818,149824.0,0.04584864564983282,0.5374197531579121,0.028971793817691566,
h3k27ac,fold_e,20260806,1hop,coordinate_plus_frozen_sequence_fm,donor,ENC-002,119713.0,42297.0,2032.0,0.016973929314276645,119713.0,0.039680580950905014,0.6138862792661088,0.023098727809720276,
h3k27ac,fold_e,20260806,1hop,coordinate_plus_frozen_sequence_fm,donor,ENC-003,116948.0,35314.0,1842.0,0.01575059000581455,116948.0,0.022856749338735577,0.5392400453319589,0.007219876649926576,
h3k27ac,fold_e,20260806,1hop,coordinate_plus_frozen_sequence_fm,donor,ENC-004,133744.0,37117.0,3046.0,0.02277485345136978,133744.0,0.04242106077188724,0.5829096598537996,0.02010407467501635,
h3k27ac,fold_e,20260806,1hop,coordinate_plus_frozen_sequence_fm,tissue,Peyers_patch,14709.0,11805.0,344.0,0.023387041947107213,14709.0,0.04841691127601898,0.5328254640235068,0.02562926195328668,
h3k27ac,fold_e,20260806,1hop,coordinate_plus_frozen_sequence_fm,tissue,adrenal_gland,8473.0,7276.0,161.0,0.01900153428537708,8473.0,0.04066419581805761,0.6150645030159194,0.02208225832127071,
h3k27ac,fold_e,20260806,1hop,coordinate_plus_frozen_sequence_fm,tissue,ascending_aorta,9968.0,9117.0,156.0,0.01565008025682183,9968.0,0.024461142970273735,0.5945427890495155,0.008951148912320482,
h3k27ac,fold_e,20260806,1hop,coordinate_plus_frozen_sequence_fm,tissue,body_of_pancreas,17480.0,14785.0,364.0,0.020823798627002288,17480.0,0.04243278806492754,0.5504563720341356,0.022068540276637853,
h3k27ac,fold_e,20260806,1hop,coordinate_plus_frozen_sequence_fm,tissue,breast_epithelium,15651.0,14523.0,271.0,0.017315187527953486,15651.0,0.03503570336026761,0.55064947528539,0.0180327563908679,
h3k27ac,fold_e,20260806,1hop,coordinate_plus_frozen_sequence_fm,tissue,coronary_artery,8986.0,8252.0,169.0,0.01880703316269753,8986.0,0.025857042369259706,0.5330420053245714,0.00718514037996685,
h3k27ac,fold_e,20260806,1hop,coordinate_plus_frozen_sequence_fm,tissue,esophagus_muscularis_mucosa,30147.0,22690.0,542.0,0.017978571665505687,30147.0,0.043787022531329454,0.580933116289447,0.026280944713797976,
h3k27ac,fold_e,20260806,1hop,coordinate_plus_frozen_sequence_fm,tissue,esophagus_squamous_epithelium,26989.0,21326.0,453.0,0.01678461595464819,26989.0,0.02779627102232051,0.5630143581030493,0.011199636667975892,
h3k27ac,fold_e,20260806,1hop,coordinate_plus_frozen_sequence_fm,tissue,gastrocnemius_medialis,53697.0,40205.0,1009.0,0.018790621449987895,53697.0,0.02404351842378935,0.515256086505989,0.005353492423364272,
h3k27ac,fold_e,20260806,1hop,coordinate_plus_frozen_sequence_fm,tissue,gastroesophageal_sphincter,31580.0,24744.0,630.0,0.019949335022165927,31580.0,0.031857970970449075,0.5820842628920173,0.012151041138829782,
h3k27ac,fold_e,20260806,1hop,coordinate_plus_frozen_sequence_fm,tissue,heart_left_ventricle,7686.0,7106.0,148.0,0.019255789747593028,7686.0,0.03452164590933365,0.5628549583013632,0.015565583770116529,
h3k27ac,fold_e,20260806,1hop,coordinate_plus_frozen_sequence_fm,tissue,ovary,815.0,815.0,29.0,0.03558282208588957,815.0,0.08256501776186448,0.6431078353952794,0.0487156354655465,
h3k27ac,fold_e,20260806,1hop,coordinate_plus_frozen_sequence_fm,tissue,prostate_gland,12412.0,11217.0,230.0,0.01853045439896874,12412.0,0.08738417508650713,0.6512891436402961,0.0701537006381322,
h3k27ac,fold_e,20260806,1hop,coordinate_plus_frozen_sequence_fm,tissue,right_atrium_auricular_region,9883.0,8981.0,195.0,0.01973085095618739,9883.0,0.03384966038585063,0.5920575811471765,0.014402992732593087,
h3k27ac,fold_e,20260806,1hop,coordinate_plus_frozen_sequence_fm,tissue,right_lobe_of_liver,9968.0,9968.0,206.0,0.0206661316211878,9968.0,0.03078850108152386,0.5698925693644665,0.01033597406070783,
h3k27ac,fold_e,20260806,1hop,coordinate_plus_frozen_sequence_fm,tissue,sigmoid_colon,34638.0,26515.0,680.0,0.019631618453721345,34638.0,0.03650381092650311,0.5824269945919354,0.0172100536801995,
h3k27ac,fold_e,20260806,1hop,coordinate_plus_frozen_sequence_fm,tissue,spleen,56495.0,41659.0,1326.0,0.023471103637490043,56495.0,0.043244201222673,0.5583672186549122,0.020248348675432057,
h3k27ac,fold_e,20260806,1hop,coordinate_plus_frozen_sequence_fm,tissue,stomach,19999.0,15446.0,345.0,0.017250862543127157,19999.0,0.030618603429319623,0.5672617441152223,0.013602393913857898,
h3k27ac,fold_e,20260806,1hop,coordinate_plus_frozen_sequence_fm,tissue,suprapubic_skin,4046.0,4046.0,55.0,0.013593672763222936,4046.0,0.24742987764291685,0.6460763991708617,0.23705870331827653,
h3k27ac,fold_e,20260806,1hop,coordinate_plus_frozen_sequence_fm,tissue,testis,5759.0,5353.0,77.0,0.013370376801528043,5759.0,0.02901490078615679,0.6510031678986272,0.015856531789418683,
h3k27ac,fold_e,20260806,1hop,coordinate_plus_frozen_sequence_fm,tissue,thoracic_aorta,10651.0,9531.0,83.0,0.007792695521547273,10651.0,0.021649548627213473,0.5723530001915307,0.01396568342434242,
h3k27ac,fold_e,20260806,1hop,coordinate_plus_frozen_sequence_fm,tissue,thyroid_gland,18161.0,15176.0,310.0,0.017069544628599748,18161.0,0.04771949095750957,0.6469968249723066,0.03118221249674143,
h3k27ac,fold_e,20260806,1hop,coordinate_plus_frozen_sequence_fm,tissue,tibial_artery,17174.0,15914.0,237.0,0.013799930126936066,17174.0,0.023784803661725654,0.5794919070897885,0.010124592199709298,
h3k27ac,fold_e,20260806,1hop,coordinate_plus_frozen_sequence_fm,tissue,tibial_nerve,16393.0,13890.0,238.0,0.014518391996583908,16393.0,0.0667279320502841,0.6034644684243242,0.052978705670090206,
h3k27ac,fold_e,20260806,1hop,coordinate_plus_frozen_sequence_fm,tissue,transverse_colon,43007.0,31927.0,646.0,0.015020810565721859,43007.0,0.0382156538667317,0.5396035754307861,0.023548561786703108,
h3k27ac,fold_e,20260806,1hop,coordinate_plus_frozen_sequence_fm,tissue,upper_lobe_of_left_lung,13460.0,10618.0,281.0,0.02087667161961367,13460.0,0.09805112394747015,0.6230357041113883,0.07881995055261767,
h3k27ac,fold_e,20260806,1hop,coordinate_plus_frozen_sequence_fm,tissue,uterus,14395.0,12969.0,215.0,0.014935741576936437,14395.0,0.03611118452053901,0.5749509627054153,0.02149650925057539,
h3k27ac,fold_e,20260806,1hop,coordinate_plus_frozen_sequence_fm,tissue,vagina,7607.0,7059.0,124.0,0.016300775601419744,7607.0,0.021899116431168403,0.5301452108650575,0.0056911103423624276,
h3k27ac,fold_e,20260806,1hop,coordinate_plus_frozen_sequence_fm_plus_frozen_pangenomefm,measurement_weight,all,520229.0,120179.0,9524.0,0.01830732235227179,520229.0,0.0380960557896409,0.5639123372994108,0.020157768197666157,
h3k27ac,fold_e,20260806,1hop,coordinate_plus_frozen_sequence_fm_plus_frozen_pangenomefm,equal_locus_weight,all,520229.0,120179.0,9524.0,0.0186171868340835,120179.0,0.0376690301541109,0.5724492210611335,0.0194132636769607,
h3k27ac,fold_e,20260806,1hop,coordinate_plus_frozen_sequence_fm_plus_frozen_pangenomefm,donor,ENC-001,149824.0,49242.0,2604.0,0.017380392994446818,149824.0,0.04441373375329401,0.5460141446878983,0.02751150146619699,
h3k27ac,fold_e,20260806,1hop,coordinate_plus_frozen_sequence_fm_plus_frozen_pangenomefm,donor,ENC-002,119713.0,42297.0,2032.0,0.016973929314276645,119713.0,0.047373582340366996,0.6035463999935231,0.0309245643962267,
h3k27ac,fold_e,20260806,1hop,coordinate_plus_frozen_sequence_fm_plus_frozen_pangenomefm,donor,ENC-003,116948.0,35314.0,1842.0,0.01575059000581455,116948.0,0.02439372584516987,0.5433647568545279,0.008781448839686255,
h3k27ac,fold_e,20260806,1hop,coordinate_plus_frozen_sequence_fm_plus_frozen_pangenomefm,donor,ENC-004,133744.0,37117.0,3046.0,0.02277485345136978,133744.0,0.04541132539389925,0.564468749622902,0.02316402931553399,
h3k27ac,fold_e,20260806,1hop,coordinate_plus_frozen_sequence_fm_plus_frozen_pangenomefm,tissue,Peyers_patch,14709.0,11805.0,344.0,0.023387041947107213,14709.0,0.05293242257671024,0.5907375403718664,0.030252906625884507,
h3k27ac,fold_e,20260806,1hop,coordinate_plus_frozen_sequence_fm_plus_frozen_pangenomefm,tissue,adrenal_gland,8473.0,7276.0,161.0,0.01900153428537708,8473.0,0.05263129826994398,0.6080291010826224,0.03428115859495131,
h3k27ac,fold_e,20260806,1hop,coordinate_plus_frozen_sequence_fm_plus_frozen_pangenomefm,tissue,ascending_aorta,9968.0,9117.0,156.0,0.01565008025682183,9968.0,0.02589438426722047,0.5649387981226546,0.010407177168329966,
h3k27ac,fold_e,20260806,1hop,coordinate_plus_frozen_sequence_fm_plus_frozen_pangenomefm,tissue,body_of_pancreas,17480.0,14785.0,364.0,0.020823798627002288,17480.0,0.043705414027863376,0.5688098052333271,0.023368230731891322,
h3k27ac,fold_e,20260806,1hop,coordinate_plus_frozen_sequence_fm_plus_frozen_pangenomefm,tissue,breast_epithelium,15651.0,14523.0,271.0,0.017315187527953486,15651.0,0.03654726388585071,0.5282232640271787,0.01957095104534782,
h3k27ac,fold_e,20260806,1hop,coordinate_plus_frozen_sequence_fm_plus_frozen_pangenomefm,tissue,coronary_artery,8986.0,8252.0,169.0,0.01880703316269753,8986.0,0.02744873014837102,0.5038253159408969,0.008807336862114323,
h3k27ac,fold_e,20260806,1hop,coordinate_plus_frozen_sequence_fm_plus_frozen_pangenomefm,tissue,esophagus_muscularis_mucosa,30147.0,22690.0,542.0,0.017978571665505687,30147.0,0.04316714229124189,0.5671563657031604,0.02564971588090084,
h3k27ac,fold_e,20260806,1hop,coordinate_plus_frozen_sequence_fm_plus_frozen_pangenomefm,tissue,esophagus_squamous_epithelium,26989.0,21326.0,453.0,0.01678461595464819,26989.0,0.030406896164884928,0.5387298840477279,0.013854828180361748,
h3k27ac,fold_e,20260806,1hop,coordinate_plus_frozen_sequence_fm_plus_frozen_pangenomefm,tissue,gastrocnemius_medialis,53697.0,40205.0,1009.0,0.018790621449987895,53697.0,0.024266068587192248,0.5139428035623512,0.005580304527149677,
h3k27ac,fold_e,20260806,1hop,coordinate_plus_frozen_sequence_fm_plus_frozen_pangenomefm,tissue,gastroesophageal_sphincter,31580.0,24744.0,630.0,0.019949335022165927,31580.0,0.03600983392615577,0.5881351386004051,0.016387416975379616,
h3k27ac,fold_e,20260806,1hop,coordinate_plus_frozen_sequence_fm_plus_frozen_pangenomefm,tissue,heart_left_ventricle,7686.0,7106.0,148.0,0.019255789747593028,7686.0,0.036754710031027996,0.53752294679928,0.01784249154928113,
h3k27ac,fold_e,20260806,1hop,coordinate_plus_frozen_sequence_fm_plus_frozen_pangenomefm,tissue,ovary,815.0,815.0,29.0,0.03558282208588957,815.0,0.12490083835191676,0.665569886812319,0.09261346470332335,
h3k27ac,fold_e,20260806,1hop,coordinate_plus_frozen_sequence_fm_plus_frozen_pangenomefm,tissue,prostate_gland,12412.0,11217.0,230.0,0.01853045439896874,12412.0,0.09439780060647907,0.6462910352408757,0.07729974561875047,
h3k27ac,fold_e,20260806,1hop,coordinate_plus_frozen_sequence_fm_plus_frozen_pangenomefm,tissue,right_atrium_auricular_region,9883.0,8981.0,195.0,0.01973085095618739,9883.0,0.03362113852525064,0.563517912723115,0.014169871185492582,
h3k27ac,fold_e,20260806,1hop,coordinate_plus_frozen_sequence_fm_plus_frozen_pangenomefm,tissue,right_lobe_of_liver,9968.0,9968.0,206.0,0.0206661316211878,9968.0,0.03290194689047518,0.5785828942421873,0.012494018295867304,
h3k27ac,fold_e,20260806,1hop,coordinate_plus_frozen_sequence_fm_plus_frozen_pangenomefm,tissue,sigmoid_colon,34638.0,26515.0,680.0,0.019631618453721345,34638.0,0.038607532298758164,0.5816861789476966,0.01935590151847533,
h3k27ac,fold_e,20260806,1hop,coordinate_plus_frozen_sequence_fm_plus_frozen_pangenomefm,tissue,spleen,56495.0,41659.0,1326.0,0.023471103637490043,56495.0,0.04387102545122101,0.5501234216638649,0.02089023877298358,
h3k27ac,fold_e,20260806,1hop,coordinate_plus_frozen_sequence_fm_plus_frozen_pangenomefm,tissue,stomach,19999.0,15446.0,345.0,0.017250862543127157,19999.0,0.03235480290963355,0.5599270274296047,0.015369070081905026,
h3k27ac,fold_e,20260806,1hop,coordinate_plus_frozen_sequence_fm_plus_frozen_pangenomefm,tissue,suprapubic_skin,4046.0,4046.0,55.0,0.013593672763222936,4046.0,0.2210798338015501,0.6404204915605567,0.2103455293312633,
h3k27ac,fold_e,20260806,1hop,coordinate_plus_frozen_sequence_fm_plus_frozen_pangenomefm,tissue,testis,5759.0,5353.0,77.0,0.013370376801528043,5759.0,0.03816063681136401,0.6406195001759943,0.02512620686318996,
h3k27ac,fold_e,20260806,1hop,coordinate_plus_frozen_sequence_fm_plus_frozen_pangenomefm,tissue,thoracic_aorta,10651.0,9531.0,83.0,0.007792695521547273,10651.0,0.021709891933569737,0.5527781071295021,0.014026500660905683,
h3k27ac,fold_e,20260806,1hop,coordinate_plus_frozen_sequence_fm_plus_frozen_pangenomefm,tissue,thyroid_gland,18161.0,15176.0,310.0,0.017069544628599748,18161.0,0.05549713911657006,0.6418571472457493,0.03909492709069681,
h3k27ac,fold_e,20260806,1hop,coordinate_plus_frozen_sequence_fm_plus_frozen_pangenomefm,tissue,tibial_artery,17174.0,15914.0,237.0,0.013799930126936066,17174.0,0.028536100819381127,0.5911222502652546,0.014942374415306811,
h3k27ac,fold_e,20260806,1hop,coordinate_plus_frozen_sequence_fm_plus_frozen_pangenomefm,tissue,tibial_nerve,16393.0,13890.0,238.0,0.014518391996583908,16393.0,0.0656414623794284,0.5857670830634947,0.05187622982271556,
h3k27ac,fold_e,20260806,1hop,coordinate_plus_frozen_sequence_fm_plus_frozen_pangenomefm,tissue,transverse_colon,43007.0,31927.0,646.0,0.015020810565721859,43007.0,0.04193658571686241,0.5362611193206439,0.027326237386395544,
h3k27ac,fold_e,20260806,1hop,coordinate_plus_frozen_sequence_fm_plus_frozen_pangenomefm,tissue,upper_lobe_of_left_lung,13460.0,10618.0,281.0,0.02087667161961367,13460.0,0.10976186094735996,0.6079956006792863,0.09078038154271684,
h3k27ac,fold_e,20260806,1hop,coordinate_plus_frozen_sequence_fm_plus_frozen_pangenomefm,tissue,uterus,14395.0,12969.0,215.0,0.014935741576936437,14395.0,0.03609161779074643,0.5546501787647193,0.021476645846106833,
h3k27ac,fold_e,20260806,1hop,coordinate_plus_frozen_sequence_fm_plus_frozen_pangenomefm,tissue,vagina,7607.0,7059.0,124.0,0.016300775601419744,7607.0,0.022324952556643338,0.5075294323046217,0.006124002953145247,
h3k27ac,fold_e,20260806,strict,coordinate_plus_frozen_sequence_fm,measurement_weight,all,520229.0,120179.0,9524.0,0.01830732235227179,520229.0,0.03599161714780407,0.5690421203618106,0.01801408444637308,
h3k27ac,fold_e,20260806,strict,coordinate_plus_frozen_sequence_fm,equal_locus_weight,all,520229.0,120179.0,9524.0,0.0186171868340835,120179.0,0.035222052226356784,0.5596928011865063,0.016919865693089123,
h3k27ac,fold_e,20260806,strict,coordinate_plus_frozen_sequence_fm,donor,ENC-001,149824.0,49242.0,2604.0,0.017380392994446818,149824.0,0.04584864564983282,0.5374197531579121,0.028971793817691566,
h3k27ac,fold_e,20260806,strict,coordinate_plus_frozen_sequence_fm,donor,ENC-002,119713.0,42297.0,2032.0,0.016973929314276645,119713.0,0.039680580950905014,0.6138862792661088,0.023098727809720276,
h3k27ac,fold_e,20260806,strict,coordinate_plus_frozen_sequence_fm,donor,ENC-003,116948.0,35314.0,1842.0,0.01575059000581455,116948.0,0.022856749338735577,0.5392400453319589,0.007219876649926576,
h3k27ac,fold_e,20260806,strict,coordinate_plus_frozen_sequence_fm,donor,ENC-004,133744.0,37117.0,3046.0,0.02277485345136978,133744.0,0.04242106077188724,0.5829096598537996,0.02010407467501635,
h3k27ac,fold_e,20260806,strict,coordinate_plus_frozen_sequence_fm,tissue,Peyers_patch,14709.0,11805.0,344.0,0.023387041947107213,14709.0,0.04841691127601898,0.5328254640235068,0.02562926195328668,
h3k27ac,fold_e,20260806,strict,coordinate_plus_frozen_sequence_fm,tissue,adrenal_gland,8473.0,7276.0,161.0,0.01900153428537708,8473.0,0.04066419581805761,0.6150645030159194,0.02208225832127071,
h3k27ac,fold_e,20260806,strict,coordinate_plus_frozen_sequence_fm,tissue,ascending_aorta,9968.0,9117.0,156.0,0.01565008025682183,9968.0,0.024461142970273735,0.5945427890495155,0.008951148912320482,
h3k27ac,fold_e,20260806,strict,coordinate_plus_frozen_sequence_fm,tissue,body_of_pancreas,17480.0,14785.0,364.0,0.020823798627002288,17480.0,0.04243278806492754,0.5504563720341356,0.022068540276637853,
h3k27ac,fold_e,20260806,strict,coordinate_plus_frozen_sequence_fm,tissue,breast_epithelium,15651.0,14523.0,271.0,0.017315187527953486,15651.0,0.03503570336026761,0.55064947528539,0.0180327563908679,
h3k27ac,fold_e,20260806,strict,coordinate_plus_frozen_sequence_fm,tissue,coronary_artery,8986.0,8252.0,169.0,0.01880703316269753,8986.0,0.025857042369259706,0.5330420053245714,0.00718514037996685,
h3k27ac,fold_e,20260806,strict,coordinate_plus_frozen_sequence_fm,tissue,esophagus_muscularis_mucosa,30147.0,22690.0,542.0,0.017978571665505687,30147.0,0.043787022531329454,0.580933116289447,0.026280944713797976,
h3k27ac,fold_e,20260806,strict,coordinate_plus_frozen_sequence_fm,tissue,esophagus_squamous_epithelium,26989.0,21326.0,453.0,0.01678461595464819,26989.0,0.02779627102232051,0.5630143581030493,0.011199636667975892,
h3k27ac,fold_e,20260806,strict,coordinate_plus_frozen_sequence_fm,tissue,gastrocnemius_medialis,53697.0,40205.0,1009.0,0.018790621449987895,53697.0,0.02404351842378935,0.515256086505989,0.005353492423364272,
h3k27ac,fold_e,20260806,strict,coordinate_plus_frozen_sequence_fm,tissue,gastroesophageal_sphincter,31580.0,24744.0,630.0,0.019949335022165927,31580.0,0.031857970970449075,0.5820842628920173,0.012151041138829782,
h3k27ac,fold_e,20260806,strict,coordinate_plus_frozen_sequence_fm,tissue,heart_left_ventricle,7686.0,7106.0,148.0,0.019255789747593028,7686.0,0.03452164590933365,0.5628549583013632,0.015565583770116529,
h3k27ac,fold_e,20260806,strict,coordinate_plus_frozen_sequence_fm,tissue,ovary,815.0,815.0,29.0,0.03558282208588957,815.0,0.08256501776186448,0.6431078353952794,0.0487156354655465,
h3k27ac,fold_e,20260806,strict,coordinate_plus_frozen_sequence_fm,tissue,prostate_gland,12412.0,11217.0,230.0,0.01853045439896874,12412.0,0.08738417508650713,0.6512891436402961,0.0701537006381322,
h3k27ac,fold_e,20260806,strict,coordinate_plus_frozen_sequence_fm,tissue,right_atrium_auricular_region,9883.0,8981.0,195.0,0.01973085095618739,9883.0,0.03384966038585063,0.5920575811471765,0.014402992732593087,
h3k27ac,fold_e,20260806,strict,coordinate_plus_frozen_sequence_fm,tissue,right_lobe_of_liver,9968.0,9968.0,206.0,0.0206661316211878,9968.0,0.03078850108152386,0.5698925693644665,0.01033597406070783,
h3k27ac,fold_e,20260806,strict,coordinate_plus_frozen_sequence_fm,tissue,sigmoid_colon,34638.0,26515.0,680.0,0.019631618453721345,34638.0,0.03650381092650311,0.5824269945919354,0.0172100536801995,
h3k27ac,fold_e,20260806,strict,coordinate_plus_frozen_sequence_fm,tissue,spleen,56495.0,41659.0,1326.0,0.023471103637490043,56495.0,0.043244201222673,0.5583672186549122,0.020248348675432057,
h3k27ac,fold_e,20260806,strict,coordinate_plus_frozen_sequence_fm,tissue,stomach,19999.0,15446.0,345.0,0.017250862543127157,19999.0,0.030618603429319623,0.5672617441152223,0.013602393913857898,
h3k27ac,fold_e,20260806,strict,coordinate_plus_frozen_sequence_fm,tissue,suprapubic_skin,4046.0,4046.0,55.0,0.013593672763222936,4046.0,0.24742987764291685,0.6460763991708617,0.23705870331827653,
h3k27ac,fold_e,20260806,strict,coordinate_plus_frozen_sequence_fm,tissue,testis,5759.0,5353.0,77.0,0.013370376801528043,5759.0,0.02901490078615679,0.6510031678986272,0.015856531789418683,
h3k27ac,fold_e,20260806,strict,coordinate_plus_frozen_sequence_fm,tissue,thoracic_aorta,10651.0,9531.0,83.0,0.007792695521547273,10651.0,0.021649548627213473,0.5723530001915307,0.01396568342434242,
h3k27ac,fold_e,20260806,strict,coordinate_plus_frozen_sequence_fm,tissue,thyroid_gland,18161.0,15176.0,310.0,0.017069544628599748,18161.0,0.04771949095750957,0.6469968249723066,0.03118221249674143,
h3k27ac,fold_e,20260806,strict,coordinate_plus_frozen_sequence_fm,tissue,tibial_artery,17174.0,15914.0,237.0,0.013799930126936066,17174.0,0.023784803661725654,0.5794919070897885,0.010124592199709298,
h3k27ac,fold_e,20260806,strict,coordinate_plus_frozen_sequence_fm,tissue,tibial_nerve,16393.0,13890.0,238.0,0.014518391996583908,16393.0,0.0667279320502841,0.6034644684243242,0.052978705670090206,
h3k27ac,fold_e,20260806,strict,coordinate_plus_frozen_sequence_fm,tissue,transverse_colon,43007.0,31927.0,646.0,0.015020810565721859,43007.0,0.0382156538667317,0.5396035754307861,0.023548561786703108,
h3k27ac,fold_e,20260806,strict,coordinate_plus_frozen_sequence_fm,tissue,upper_lobe_of_left_lung,13460.0,10618.0,281.0,0.02087667161961367,13460.0,0.09805112394747015,0.6230357041113883,0.07881995055261767,
h3k27ac,fold_e,20260806,strict,coordinate_plus_frozen_sequence_fm,tissue,uterus,14395.0,12969.0,215.0,0.014935741576936437,14395.0,0.03611118452053901,0.5749509627054153,0.02149650925057539,
h3k27ac,fold_e,20260806,strict,coordinate_plus_frozen_sequence_fm,tissue,vagina,7607.0,7059.0,124.0,0.016300775601419744,7607.0,0.021899116431168403,0.5301452108650575,0.0056911103423624276,
h3k27ac,fold_e,20260806,strict,coordinate_plus_frozen_sequence_fm_plus_frozen_pangenomefm,measurement_weight,all,520229.0,120179.0,9524.0,0.01830732235227179,520229.0,0.03771052492748462,0.5693656187674555,0.019765047674294153,
h3k27ac,fold_e,20260806,strict,coordinate_plus_frozen_sequence_fm_plus_frozen_pangenomefm,equal_locus_weight,all,520229.0,120179.0,9524.0,0.0186171868340835,120179.0,0.03821264617522319,0.5589636224187862,0.019967192290565216,
h3k27ac,fold_e,20260806,strict,coordinate_plus_frozen_sequence_fm_plus_frozen_pangenomefm,donor,ENC-001,149824.0,49242.0,2604.0,0.017380392994446818,149824.0,0.04523762850831516,0.542642441764011,0.028349969118528807,
h3k27ac,fold_e,20260806,strict,coordinate_plus_frozen_sequence_fm_plus_frozen_pangenomefm,donor,ENC-002,119713.0,42297.0,2032.0,0.016973929314276645,119713.0,0.038385267679570054,0.6074920685087076,0.021781048340210992,
h3k27ac,fold_e,20260806,strict,coordinate_plus_frozen_sequence_fm_plus_frozen_pangenomefm,donor,ENC-003,116948.0,35314.0,1842.0,0.01575059000581455,116948.0,0.024697024531139644,0.5508282687950773,0.009089601105656693,
h3k27ac,fold_e,20260806,strict,coordinate_plus_frozen_sequence_fm_plus_frozen_pangenomefm,donor,ENC-004,133744.0,37117.0,3046.0,0.02277485345136978,133744.0,0.049412679125502276,0.578039395466899,0.02725863714028659,
h3k27ac,fold_e,20260806,strict,coordinate_plus_frozen_sequence_fm_plus_frozen_pangenomefm,tissue,Peyers_patch,14709.0,11805.0,344.0,0.023387041947107213,14709.0,0.04878058470569369,0.5160560632674702,0.026001644304632685,
h3k27ac,fold_e,20260806,strict,coordinate_plus_frozen_sequence_fm_plus_frozen_pangenomefm,tissue,adrenal_gland,8473.0,7276.0,161.0,0.01900153428537708,8473.0,0.03912495402895775,0.6162862642650901,0.02051320205574579,
h3k27ac,fold_e,20260806,strict,coordinate_plus_frozen_sequence_fm_plus_frozen_pangenomefm,tissue,ascending_aorta,9968.0,9117.0,156.0,0.01565008025682183,9968.0,0.02837963520540126,0.5997045742000899,0.012931940860929447,
h3k27ac,fold_e,20260806,strict,coordinate_plus_frozen_sequence_fm_plus_frozen_pangenomefm,tissue,body_of_pancreas,17480.0,14785.0,364.0,0.020823798627002288,17480.0,0.043261269772731537,0.5441147059880993,0.02291464101585343,
h3k27ac,fold_e,20260806,strict,coordinate_plus_frozen_sequence_fm_plus_frozen_pangenomefm,tissue,breast_epithelium,15651.0,14523.0,271.0,0.017315187527953486,15651.0,0.037797674293954905,0.5484903958272352,0.020843394042567503,
h3k27ac,fold_e,20260806,strict,coordinate_plus_frozen_sequence_fm_plus_frozen_pangenomefm,tissue,coronary_artery,8986.0,8252.0,169.0,0.01880703316269753,8986.0,0.026706405082753664,0.5416469528674098,0.008050783267962392,
h3k27ac,fold_e,20260806,strict,coordinate_plus_frozen_sequence_fm_plus_frozen_pangenomefm,tissue,esophagus_muscularis_mucosa,30147.0,22690.0,542.0,0.017978571665505687,30147.0,0.04463991221750676,0.582735257769737,0.027149448864082968,
h3k27ac,fold_e,20260806,strict,coordinate_plus_frozen_sequence_fm_plus_frozen_pangenomefm,tissue,esophagus_squamous_epithelium,26989.0,21326.0,453.0,0.01678461595464819,26989.0,0.02803966267468184,0.558000052908257,0.011447183295409566,
h3k27ac,fold_e,20260806,strict,coordinate_plus_frozen_sequence_fm_plus_frozen_pangenomefm,tissue,gastrocnemius_medialis,53697.0,40205.0,1009.0,0.018790621449987895,53697.0,0.02430591504976175,0.5121456993345948,0.005620914068232933,
h3k27ac,fold_e,20260806,strict,coordinate_plus_frozen_sequence_fm_plus_frozen_pangenomefm,tissue,gastroesophageal_sphincter,31580.0,24744.0,630.0,0.019949335022165927,31580.0,0.03480153276842922,0.5851368053952868,0.015154520349822124,
h3k27ac,fold_e,20260806,strict,coordinate_plus_frozen_sequence_fm_plus_frozen_pangenomefm,tissue,heart_left_ventricle,7686.0,7106.0,148.0,0.019255789747593028,7686.0,0.04259723126078631,0.562929356127154,0.023799723994481766,
h3k27ac,fold_e,20260806,strict,coordinate_plus_frozen_sequence_fm_plus_frozen_pangenomefm,tissue,ovary,815.0,815.0,29.0,0.03558282208588957,815.0,0.07491671212024409,0.6184522242695446,0.04078514043002408,
h3k27ac,fold_e,20260806,strict,coordinate_plus_frozen_sequence_fm_plus_frozen_pangenomefm,tissue,prostate_gland,12412.0,11217.0,230.0,0.01853045439896874,12412.0,0.08546379412305674,0.6434568465233809,0.06819706227675097,
h3k27ac,fold_e,20260806,strict,coordinate_plus_frozen_sequence_fm_plus_frozen_pangenomefm,tissue,right_atrium_auricular_region,9883.0,8981.0,195.0,0.01973085095618739,9883.0,0.04013531682828653,0.5955077918228208,0.02081516682637859,
h3k27ac,fold_e,20260806,strict,coordinate_plus_frozen_sequence_fm_plus_frozen_pangenomefm,tissue,right_lobe_of_liver,9968.0,9968.0,206.0,0.0206661316211878,9968.0,0.030501499210196986,0.5678512679440588,0.010042915808978033,
h3k27ac,fold_e,20260806,strict,coordinate_plus_frozen_sequence_fm_plus_frozen_pangenomefm,tissue,sigmoid_colon,34638.0,26515.0,680.0,0.019631618453721345,34638.0,0.03997639927975133,0.578590421385587,0.020752179699983112,
h3k27ac,fold_e,20260806,strict,coordinate_plus_frozen_sequence_fm_plus_frozen_pangenomefm,tissue,spleen,56495.0,41659.0,1326.0,0.023471103637490043,56495.0,0.0470009970981173,0.5625114296405612,0.024095440030780638,
h3k27ac,fold_e,20260806,strict,coordinate_plus_frozen_sequence_fm_plus_frozen_pangenomefm,tissue,stomach,19999.0,15446.0,345.0,0.017250862543127157,19999.0,0.03384670530833376,0.5625610747083973,0.01688716085587498,
h3k27ac,fold_e,20260806,strict,coordinate_plus_frozen_sequence_fm_plus_frozen_pangenomefm,tissue,suprapubic_skin,4046.0,4046.0,55.0,0.013593672763222936,4046.0,0.24893576287069943,0.6615612400628688,0.2385853411613255,
h3k27ac,fold_e,20260806,strict,coordinate_plus_frozen_sequence_fm_plus_frozen_pangenomefm,tissue,testis,5759.0,5353.0,77.0,0.013370376801528043,5759.0,0.0252333618836602,0.6316255022696416,0.012023747111580269,
h3k27ac,fold_e,20260806,strict,coordinate_plus_frozen_sequence_fm_plus_frozen_pangenomefm,tissue,thoracic_aorta,10651.0,9531.0,83.0,0.007792695521547273,10651.0,0.018970941948964294,0.5756420838539624,0.01126603924095559,
h3k27ac,fold_e,20260806,strict,coordinate_plus_frozen_sequence_fm_plus_frozen_pangenomefm,tissue,thyroid_gland,18161.0,15176.0,310.0,0.017069544628599748,18161.0,0.047567914969599334,0.6447914727827664,0.031028004244182034,
h3k27ac,fold_e,20260806,strict,coordinate_plus_frozen_sequence_fm_plus_frozen_pangenomefm,tissue,tibial_artery,17174.0,15914.0,237.0,0.013799930126936066,17174.0,0.024948194267693385,0.5890682247863701,0.011304262168823652,
h3k27ac,fold_e,20260806,strict,coordinate_plus_frozen_sequence_fm_plus_frozen_pangenomefm,tissue,tibial_nerve,16393.0,13890.0,238.0,0.014518391996583908,16393.0,0.06368114079155368,0.6115927893905937,0.0498870282263039,
h3k27ac,fold_e,20260806,strict,coordinate_plus_frozen_sequence_fm_plus_frozen_pangenomefm,tissue,transverse_colon,43007.0,31927.0,646.0,0.015020810565721859,43007.0,0.03899002921020096,0.5539538054272275,0.02433474625818826,
h3k27ac,fold_e,20260806,strict,coordinate_plus_frozen_sequence_fm_plus_frozen_pangenomefm,tissue,upper_lobe_of_left_lung,13460.0,10618.0,281.0,0.02087667161961367,13460.0,0.12069109952242299,0.6221219242626642,0.1019426511550052,
h3k27ac,fold_e,20260806,strict,coordinate_plus_frozen_sequence_fm_plus_frozen_pangenomefm,tissue,uterus,14395.0,12969.0,215.0,0.014935741576936437,14395.0,0.03606449998688577,0.5688762423327975,0.021449116876672822,
h3k27ac,fold_e,20260806,strict,coordinate_plus_frozen_sequence_fm_plus_frozen_pangenomefm,tissue,vagina,7607.0,7059.0,124.0,0.016300775601419744,7607.0,0.022651764583397942,0.543140257702405,0.006456230547361774,
h3k27ac,fold_e,314159,1hop,coordinate_plus_frozen_sequence_fm,measurement_weight,all,520229.0,120179.0,9524.0,0.01830732235227179,520229.0,0.03599161714780407,0.5690421203618106,0.01801408444637308,
h3k27ac,fold_e,314159,1hop,coordinate_plus_frozen_sequence_fm,equal_locus_weight,all,520229.0,120179.0,9524.0,0.0186171868340835,120179.0,0.035222052226356784,0.5596928011865063,0.016919865693089123,
h3k27ac,fold_e,314159,1hop,coordinate_plus_frozen_sequence_fm,donor,ENC-001,149824.0,49242.0,2604.0,0.017380392994446818,149824.0,0.04584864564983282,0.5374197531579121,0.028971793817691566,
h3k27ac,fold_e,314159,1hop,coordinate_plus_frozen_sequence_fm,donor,ENC-002,119713.0,42297.0,2032.0,0.016973929314276645,119713.0,0.039680580950905014,0.6138862792661088,0.023098727809720276,
h3k27ac,fold_e,314159,1hop,coordinate_plus_frozen_sequence_fm,donor,ENC-003,116948.0,35314.0,1842.0,0.01575059000581455,116948.0,0.022856749338735577,0.5392400453319589,0.007219876649926576,
h3k27ac,fold_e,314159,1hop,coordinate_plus_frozen_sequence_fm,donor,ENC-004,133744.0,37117.0,3046.0,0.02277485345136978,133744.0,0.04242106077188724,0.5829096598537996,0.02010407467501635,
h3k27ac,fold_e,314159,1hop,coordinate_plus_frozen_sequence_fm,tissue,Peyers_patch,14709.0,11805.0,344.0,0.023387041947107213,14709.0,0.04841691127601898,0.5328254640235068,0.02562926195328668,
h3k27ac,fold_e,314159,1hop,coordinate_plus_frozen_sequence_fm,tissue,adrenal_gland,8473.0,7276.0,161.0,0.01900153428537708,8473.0,0.04066419581805761,0.6150645030159194,0.02208225832127071,
h3k27ac,fold_e,314159,1hop,coordinate_plus_frozen_sequence_fm,tissue,ascending_aorta,9968.0,9117.0,156.0,0.01565008025682183,9968.0,0.024461142970273735,0.5945427890495155,0.008951148912320482,
h3k27ac,fold_e,314159,1hop,coordinate_plus_frozen_sequence_fm,tissue,body_of_pancreas,17480.0,14785.0,364.0,0.020823798627002288,17480.0,0.04243278806492754,0.5504563720341356,0.022068540276637853,
h3k27ac,fold_e,314159,1hop,coordinate_plus_frozen_sequence_fm,tissue,breast_epithelium,15651.0,14523.0,271.0,0.017315187527953486,15651.0,0.03503570336026761,0.55064947528539,0.0180327563908679,
h3k27ac,fold_e,314159,1hop,coordinate_plus_frozen_sequence_fm,tissue,coronary_artery,8986.0,8252.0,169.0,0.01880703316269753,8986.0,0.025857042369259706,0.5330420053245714,0.00718514037996685,
h3k27ac,fold_e,314159,1hop,coordinate_plus_frozen_sequence_fm,tissue,esophagus_muscularis_mucosa,30147.0,22690.0,542.0,0.017978571665505687,30147.0,0.043787022531329454,0.580933116289447,0.026280944713797976,
h3k27ac,fold_e,314159,1hop,coordinate_plus_frozen_sequence_fm,tissue,esophagus_squamous_epithelium,26989.0,21326.0,453.0,0.01678461595464819,26989.0,0.02779627102232051,0.5630143581030493,0.011199636667975892,
h3k27ac,fold_e,314159,1hop,coordinate_plus_frozen_sequence_fm,tissue,gastrocnemius_medialis,53697.0,40205.0,1009.0,0.018790621449987895,53697.0,0.02404351842378935,0.515256086505989,0.005353492423364272,
h3k27ac,fold_e,314159,1hop,coordinate_plus_frozen_sequence_fm,tissue,gastroesophageal_sphincter,31580.0,24744.0,630.0,0.019949335022165927,31580.0,0.031857970970449075,0.5820842628920173,0.012151041138829782,
h3k27ac,fold_e,314159,1hop,coordinate_plus_frozen_sequence_fm,tissue,heart_left_ventricle,7686.0,7106.0,148.0,0.019255789747593028,7686.0,0.03452164590933365,0.5628549583013632,0.015565583770116529,
h3k27ac,fold_e,314159,1hop,coordinate_plus_frozen_sequence_fm,tissue,ovary,815.0,815.0,29.0,0.03558282208588957,815.0,0.08256501776186448,0.6431078353952794,0.0487156354655465,
h3k27ac,fold_e,314159,1hop,coordinate_plus_frozen_sequence_fm,tissue,prostate_gland,12412.0,11217.0,230.0,0.01853045439896874,12412.0,0.08738417508650713,0.6512891436402961,0.0701537006381322,
h3k27ac,fold_e,314159,1hop,coordinate_plus_frozen_sequence_fm,tissue,right_atrium_auricular_region,9883.0,8981.0,195.0,0.01973085095618739,9883.0,0.03384966038585063,0.5920575811471765,0.014402992732593087,
h3k27ac,fold_e,314159,1hop,coordinate_plus_frozen_sequence_fm,tissue,right_lobe_of_liver,9968.0,9968.0,206.0,0.0206661316211878,9968.0,0.03078850108152386,0.5698925693644665,0.01033597406070783,
h3k27ac,fold_e,314159,1hop,coordinate_plus_frozen_sequence_fm,tissue,sigmoid_colon,34638.0,26515.0,680.0,0.019631618453721345,34638.0,0.03650381092650311,0.5824269945919354,0.0172100536801995,
h3k27ac,fold_e,314159,1hop,coordinate_plus_frozen_sequence_fm,tissue,spleen,56495.0,41659.0,1326.0,0.023471103637490043,56495.0,0.043244201222673,0.5583672186549122,0.020248348675432057,
h3k27ac,fold_e,314159,1hop,coordinate_plus_frozen_sequence_fm,tissue,stomach,19999.0,15446.0,345.0,0.017250862543127157,19999.0,0.030618603429319623,0.5672617441152223,0.013602393913857898,
h3k27ac,fold_e,314159,1hop,coordinate_plus_frozen_sequence_fm,tissue,suprapubic_skin,4046.0,4046.0,55.0,0.013593672763222936,4046.0,0.24742987764291685,0.6460763991708617,0.23705870331827653,
h3k27ac,fold_e,314159,1hop,coordinate_plus_frozen_sequence_fm,tissue,testis,5759.0,5353.0,77.0,0.013370376801528043,5759.0,0.02901490078615679,0.6510031678986272,0.015856531789418683,
h3k27ac,fold_e,314159,1hop,coordinate_plus_frozen_sequence_fm,tissue,thoracic_aorta,10651.0,9531.0,83.0,0.007792695521547273,10651.0,0.021649548627213473,0.5723530001915307,0.01396568342434242,
h3k27ac,fold_e,314159,1hop,coordinate_plus_frozen_sequence_fm,tissue,thyroid_gland,18161.0,15176.0,310.0,0.017069544628599748,18161.0,0.04771949095750957,0.6469968249723066,0.03118221249674143,
h3k27ac,fold_e,314159,1hop,coordinate_plus_frozen_sequence_fm,tissue,tibial_artery,17174.0,15914.0,237.0,0.013799930126936066,17174.0,0.023784803661725654,0.5794919070897885,0.010124592199709298,
h3k27ac,fold_e,314159,1hop,coordinate_plus_frozen_sequence_fm,tissue,tibial_nerve,16393.0,13890.0,238.0,0.014518391996583908,16393.0,0.0667279320502841,0.6034644684243242,0.052978705670090206,
h3k27ac,fold_e,314159,1hop,coordinate_plus_frozen_sequence_fm,tissue,transverse_colon,43007.0,31927.0,646.0,0.015020810565721859,43007.0,0.0382156538667317,0.5396035754307861,0.023548561786703108,
h3k27ac,fold_e,314159,1hop,coordinate_plus_frozen_sequence_fm,tissue,upper_lobe_of_left_lung,13460.0,10618.0,281.0,0.02087667161961367,13460.0,0.09805112394747015,0.6230357041113883,0.07881995055261767,
h3k27ac,fold_e,314159,1hop,coordinate_plus_frozen_sequence_fm,tissue,uterus,14395.0,12969.0,215.0,0.014935741576936437,14395.0,0.03611118452053901,0.5749509627054153,0.02149650925057539,
h3k27ac,fold_e,314159,1hop,coordinate_plus_frozen_sequence_fm,tissue,vagina,7607.0,7059.0,124.0,0.016300775601419744,7607.0,0.021899116431168403,0.5301452108650575,0.0056911103423624276,
h3k27ac,fold_e,314159,1hop,coordinate_plus_frozen_sequence_fm_plus_frozen_pangenomefm,measurement_weight,all,520229.0,120179.0,9524.0,0.01830732235227179,520229.0,0.042283836709412784,0.5724883887789392,0.02442364591594189,
h3k27ac,fold_e,314159,1hop,coordinate_plus_frozen_sequence_fm_plus_frozen_pangenomefm,equal_locus_weight,all,520229.0,120179.0,9524.0,0.0186171868340835,120179.0,0.03976912790815646,0.5757506813381398,0.0215532010447965,
h3k27ac,fold_e,314159,1hop,coordinate_plus_frozen_sequence_fm_plus_frozen_pangenomefm,donor,ENC-001,149824.0,49242.0,2604.0,0.017380392994446818,149824.0,0.04563514478586591,0.5489843095101409,0.02875451659012073,
h3k27ac,fold_e,314159,1hop,coordinate_plus_frozen_sequence_fm_plus_frozen_pangenomefm,donor,ENC-002,119713.0,42297.0,2032.0,0.016973929314276645,119713.0,0.057637753604326776,0.60893455663238,0.04136596729493097,
h3k27ac,fold_e,314159,1hop,coordinate_plus_frozen_sequence_fm_plus_frozen_pangenomefm,donor,ENC-003,116948.0,35314.0,1842.0,0.01575059000581455,116948.0,0.025543405285278133,0.5642137074314149,0.009949526187190132,
h3k27ac,fold_e,314159,1hop,coordinate_plus_frozen_sequence_fm_plus_frozen_pangenomefm,donor,ENC-004,133744.0,37117.0,3046.0,0.02277485345136978,133744.0,0.05270124464506615,0.5723776034101944,0.030623844770461116,
h3k27ac,fold_e,314159,1hop,coordinate_plus_frozen_sequence_fm_plus_frozen_pangenomefm,tissue,Peyers_patch,14709.0,11805.0,344.0,0.023387041947107213,14709.0,0.07082544529682763,0.6476932385724345,0.04857441523641056,
h3k27ac,fold_e,314159,1hop,coordinate_plus_frozen_sequence_fm_plus_frozen_pangenomefm,tissue,adrenal_gland,8473.0,7276.0,161.0,0.01900153428537708,8473.0,0.05656876939316692,0.6091847303008746,0.03829489690427133,
h3k27ac,fold_e,314159,1hop,coordinate_plus_frozen_sequence_fm_plus_frozen_pangenomefm,tissue,ascending_aorta,9968.0,9117.0,156.0,0.01565008025682183,9968.0,0.03274329453656725,0.584540646199839,0.01736497757241157,
h3k27ac,fold_e,314159,1hop,coordinate_plus_frozen_sequence_fm_plus_frozen_pangenomefm,tissue,body_of_pancreas,17480.0,14785.0,364.0,0.020823798627002288,17480.0,0.047944703226549534,0.5865552346111471,0.027697675414821564,
h3k27ac,fold_e,314159,1hop,coordinate_plus_frozen_sequence_fm_plus_frozen_pangenomefm,tissue,breast_epithelium,15651.0,14523.0,271.0,0.017315187527953486,15651.0,0.03647159514902221,0.5358504599350284,0.019493949003728646,
h3k27ac,fold_e,314159,1hop,coordinate_plus_frozen_sequence_fm_plus_frozen_pangenomefm,tissue,coronary_artery,8986.0,8252.0,169.0,0.01880703316269753,8986.0,0.030828681633163352,0.5306864160346506,0.0122520736254515,
h3k27ac,fold_e,314159,1hop,coordinate_plus_frozen_sequence_fm_plus_frozen_pangenomefm,tissue,esophagus_muscularis_mucosa,30147.0,22690.0,542.0,0.017978571665505687,30147.0,0.04760917674670119,0.5771556739380939,0.030173073851808844,
h3k27ac,fold_e,314159,1hop,coordinate_plus_frozen_sequence_fm_plus_frozen_pangenomefm,tissue,esophagus_squamous_epithelium,26989.0,21326.0,453.0,0.01678461595464819,26989.0,0.03620251105399943,0.5585916104807597,0.01974938087264059,
h3k27ac,fold_e,314159,1hop,coordinate_plus_frozen_sequence_fm_plus_frozen_pangenomefm,tissue,gastrocnemius_medialis,53697.0,40205.0,1009.0,0.018790621449987895,53697.0,0.02485609938317568,0.516421388343054,0.006181634690600984,
h3k27ac,fold_e,314159,1hop,coordinate_plus_frozen_sequence_fm_plus_frozen_pangenomefm,tissue,gastroesophageal_sphincter,31580.0,24744.0,630.0,0.019949335022165927,31580.0,0.040044815892672045,0.5856481780649794,0.020504532662054382,
h3k27ac,fold_e,314159,1hop,coordinate_plus_frozen_sequence_fm_plus_frozen_pangenomefm,tissue,heart_left_ventricle,7686.0,7106.0,148.0,0.019255789747593028,7686.0,0.040942160859445346,0.5463753917090346,0.022112158180644326,
h3k27ac,fold_e,314159,1hop,coordinate_plus_frozen_sequence_fm_plus_frozen_pangenomefm,tissue,ovary,815.0,815.0,29.0,0.03558282208588957,815.0,0.1448256221325643,0.6828990085110117,0.11327338681684467,
h3k27ac,fold_e,314159,1hop,coordinate_plus_frozen_sequence_fm_plus_frozen_pangenomefm,tissue,prostate_gland,12412.0,11217.0,230.0,0.01853045439896874,12412.0,0.0949091203325343,0.6497603377756205,0.07782071922241142,
h3k27ac,fold_e,314159,1hop,coordinate_plus_frozen_sequence_fm_plus_frozen_pangenomefm,tissue,right_atrium_auricular_region,9883.0,8981.0,195.0,0.01973085095618739,9883.0,0.041136660251958064,0.5878292468610388,0.0218366652838668,
h3k27ac,fold_e,314159,1hop,coordinate_plus_frozen_sequence_fm_plus_frozen_pangenomefm,tissue,right_lobe_of_liver,9968.0,9968.0,206.0,0.0206661316211878,9968.0,0.033657715632075036,0.5873696898813111,0.013265735445659083,
h3k27ac,fold_e,314159,1hop,coordinate_plus_frozen_sequence_fm_plus_frozen_pangenomefm,tissue,sigmoid_colon,34638.0,26515.0,680.0,0.019631618453721345,34638.0,0.040453187908235946,0.5851464871831293,0.02123851589509031,
h3k27ac,fold_e,314159,1hop,coordinate_plus_frozen_sequence_fm_plus_frozen_pangenomefm,tissue,spleen,56495.0,41659.0,1326.0,0.023471103637490043,56495.0,0.04797888985738959,0.5540776432826849,0.02509683667445893,
h3k27ac,fold_e,314159,1hop,coordinate_plus_frozen_sequence_fm_plus_frozen_pangenomefm,tissue,stomach,19999.0,15446.0,345.0,0.017250862543127157,19999.0,0.03876305427438724,0.5752883581614098,0.02188980983176302,
h3k27ac,fold_e,314159,1hop,coordinate_plus_frozen_sequence_fm_plus_frozen_pangenomefm,tissue,suprapubic_skin,4046.0,4046.0,55.0,0.013593672763222936,4046.0,0.23237861713198846,0.6238992278080226,0.2218000212768793,
h3k27ac,fold_e,314159,1hop,coordinate_plus_frozen_sequence_fm_plus_frozen_pangenomefm,tissue,testis,5759.0,5353.0,77.0,0.013370376801528043,5759.0,0.055324551770787406,0.6371476112764392,0.042522719755009625,
h3k27ac,fold_e,314159,1hop,coordinate_plus_frozen_sequence_fm_plus_frozen_pangenomefm,tissue,thoracic_aorta,10651.0,9531.0,83.0,0.007792695521547273,10651.0,0.021532619490213616,0.5594451994199356,0.01384783593776166,
h3k27ac,fold_e,314159,1hop,coordinate_plus_frozen_sequence_fm_plus_frozen_pangenomefm,tissue,thyroid_gland,18161.0,15176.0,310.0,0.017069544628599748,18161.0,0.05607395660624205,0.63439248908076,0.03968176157783664,
h3k27ac,fold_e,314159,1hop,coordinate_plus_frozen_sequence_fm_plus_frozen_pangenomefm,tissue,tibial_artery,17174.0,15914.0,237.0,0.013799930126936066,17174.0,0.029672568689077493,0.5795500774899485,0.016094744917412578,
h3k27ac,fold_e,314159,1hop,coordinate_plus_frozen_sequence_fm_plus_frozen_pangenomefm,tissue,tibial_nerve,16393.0,13890.0,238.0,0.014518391996583908,16393.0,0.07396306918841233,0.5951124739589428,0.06032043288181018,
h3k27ac,fold_e,314159,1hop,coordinate_plus_frozen_sequence_fm_plus_frozen_pangenomefm,tissue,transverse_colon,43007.0,31927.0,646.0,0.015020810565721859,43007.0,0.044027095163028405,0.5386783494339491,0.029448626842528802,
h3k27ac,fold_e,314159,1hop,coordinate_plus_frozen_sequence_fm_plus_frozen_pangenomefm,tissue,upper_lobe_of_left_lung,13460.0,10618.0,281.0,0.02087667161961367,13460.0,0.12700997975151976,0.62233470751349,0.1083962612835159,
h3k27ac,fold_e,314159,1hop,coordinate_plus_frozen_sequence_fm_plus_frozen_pangenomefm,tissue,uterus,14395.0,12969.0,215.0,0.014935741576936437,14395.0,0.038218160764757855,0.5675806081280546,0.02363543189059868,
h3k27ac,fold_e,314159,1hop,coordinate_plus_frozen_sequence_fm_plus_frozen_pangenomefm,tissue,vagina,7607.0,7059.0,124.0,0.016300775601419744,7607.0,0.028266768833627637,0.5347750600285378,0.012164280437980146,
h3k27ac,fold_e,314159,strict,coordinate_plus_frozen_sequence_fm,measurement_weight,all,520229.0,120179.0,9524.0,0.01830732235227179,520229.0,0.03599161714780407,0.5690421203618106,0.01801408444637308,
h3k27ac,fold_e,314159,strict,coordinate_plus_frozen_sequence_fm,equal_locus_weight,all,520229.0,120179.0,9524.0,0.0186171868340835,120179.0,0.035222052226356784,0.5596928011865063,0.016919865693089123,
h3k27ac,fold_e,314159,strict,coordinate_plus_frozen_sequence_fm,donor,ENC-001,149824.0,49242.0,2604.0,0.017380392994446818,149824.0,0.04584864564983282,0.5374197531579121,0.028971793817691566,
h3k27ac,fold_e,314159,strict,coordinate_plus_frozen_sequence_fm,donor,ENC-002,119713.0,42297.0,2032.0,0.016973929314276645,119713.0,0.039680580950905014,0.6138862792661088,0.023098727809720276,
h3k27ac,fold_e,314159,strict,coordinate_plus_frozen_sequence_fm,donor,ENC-003,116948.0,35314.0,1842.0,0.01575059000581455,116948.0,0.022856749338735577,0.5392400453319589,0.007219876649926576,
h3k27ac,fold_e,314159,strict,coordinate_plus_frozen_sequence_fm,donor,ENC-004,133744.0,37117.0,3046.0,0.02277485345136978,133744.0,0.04242106077188724,0.5829096598537996,0.02010407467501635,
h3k27ac,fold_e,314159,strict,coordinate_plus_frozen_sequence_fm,tissue,Peyers_patch,14709.0,11805.0,344.0,0.023387041947107213,14709.0,0.04841691127601898,0.5328254640235068,0.02562926195328668,
h3k27ac,fold_e,314159,strict,coordinate_plus_frozen_sequence_fm,tissue,adrenal_gland,8473.0,7276.0,161.0,0.01900153428537708,8473.0,0.04066419581805761,0.6150645030159194,0.02208225832127071,
h3k27ac,fold_e,314159,strict,coordinate_plus_frozen_sequence_fm,tissue,ascending_aorta,9968.0,9117.0,156.0,0.01565008025682183,9968.0,0.024461142970273735,0.5945427890495155,0.008951148912320482,
h3k27ac,fold_e,314159,strict,coordinate_plus_frozen_sequence_fm,tissue,body_of_pancreas,17480.0,14785.0,364.0,0.020823798627002288,17480.0,0.04243278806492754,0.5504563720341356,0.022068540276637853,
h3k27ac,fold_e,314159,strict,coordinate_plus_frozen_sequence_fm,tissue,breast_epithelium,15651.0,14523.0,271.0,0.017315187527953486,15651.0,0.03503570336026761,0.55064947528539,0.0180327563908679,
h3k27ac,fold_e,314159,strict,coordinate_plus_frozen_sequence_fm,tissue,coronary_artery,8986.0,8252.0,169.0,0.01880703316269753,8986.0,0.025857042369259706,0.5330420053245714,0.00718514037996685,
h3k27ac,fold_e,314159,strict,coordinate_plus_frozen_sequence_fm,tissue,esophagus_muscularis_mucosa,30147.0,22690.0,542.0,0.017978571665505687,30147.0,0.043787022531329454,0.580933116289447,0.026280944713797976,
h3k27ac,fold_e,314159,strict,coordinate_plus_frozen_sequence_fm,tissue,esophagus_squamous_epithelium,26989.0,21326.0,453.0,0.01678461595464819,26989.0,0.02779627102232051,0.5630143581030493,0.011199636667975892,
h3k27ac,fold_e,314159,strict,coordinate_plus_frozen_sequence_fm,tissue,gastrocnemius_medialis,53697.0,40205.0,1009.0,0.018790621449987895,53697.0,0.02404351842378935,0.515256086505989,0.005353492423364272,
h3k27ac,fold_e,314159,strict,coordinate_plus_frozen_sequence_fm,tissue,gastroesophageal_sphincter,31580.0,24744.0,630.0,0.019949335022165927,31580.0,0.031857970970449075,0.5820842628920173,0.012151041138829782,
h3k27ac,fold_e,314159,strict,coordinate_plus_frozen_sequence_fm,tissue,heart_left_ventricle,7686.0,7106.0,148.0,0.019255789747593028,7686.0,0.03452164590933365,0.5628549583013632,0.015565583770116529,
h3k27ac,fold_e,314159,strict,coordinate_plus_frozen_sequence_fm,tissue,ovary,815.0,815.0,29.0,0.03558282208588957,815.0,0.08256501776186448,0.6431078353952794,0.0487156354655465,
h3k27ac,fold_e,314159,strict,coordinate_plus_frozen_sequence_fm,tissue,prostate_gland,12412.0,11217.0,230.0,0.01853045439896874,12412.0,0.08738417508650713,0.6512891436402961,0.0701537006381322,
h3k27ac,fold_e,314159,strict,coordinate_plus_frozen_sequence_fm,tissue,right_atrium_auricular_region,9883.0,8981.0,195.0,0.01973085095618739,9883.0,0.03384966038585063,0.5920575811471765,0.014402992732593087,
h3k27ac,fold_e,314159,strict,coordinate_plus_frozen_sequence_fm,tissue,right_lobe_of_liver,9968.0,9968.0,206.0,0.0206661316211878,9968.0,0.03078850108152386,0.5698925693644665,0.01033597406070783,
h3k27ac,fold_e,314159,strict,coordinate_plus_frozen_sequence_fm,tissue,sigmoid_colon,34638.0,26515.0,680.0,0.019631618453721345,34638.0,0.03650381092650311,0.5824269945919354,0.0172100536801995,
h3k27ac,fold_e,314159,strict,coordinate_plus_frozen_sequence_fm,tissue,spleen,56495.0,41659.0,1326.0,0.023471103637490043,56495.0,0.043244201222673,0.5583672186549122,0.020248348675432057,
h3k27ac,fold_e,314159,strict,coordinate_plus_frozen_sequence_fm,tissue,stomach,19999.0,15446.0,345.0,0.017250862543127157,19999.0,0.030618603429319623,0.5672617441152223,0.013602393913857898,
h3k27ac,fold_e,314159,strict,coordinate_plus_frozen_sequence_fm,tissue,suprapubic_skin,4046.0,4046.0,55.0,0.013593672763222936,4046.0,0.24742987764291685,0.6460763991708617,0.23705870331827653,
h3k27ac,fold_e,314159,strict,coordinate_plus_frozen_sequence_fm,tissue,testis,5759.0,5353.0,77.0,0.013370376801528043,5759.0,0.02901490078615679,0.6510031678986272,0.015856531789418683,
h3k27ac,fold_e,314159,strict,coordinate_plus_frozen_sequence_fm,tissue,thoracic_aorta,10651.0,9531.0,83.0,0.007792695521547273,10651.0,0.021649548627213473,0.5723530001915307,0.01396568342434242,
h3k27ac,fold_e,314159,strict,coordinate_plus_frozen_sequence_fm,tissue,thyroid_gland,18161.0,15176.0,310.0,0.017069544628599748,18161.0,0.04771949095750957,0.6469968249723066,0.03118221249674143,
h3k27ac,fold_e,314159,strict,coordinate_plus_frozen_sequence_fm,tissue,tibial_artery,17174.0,15914.0,237.0,0.013799930126936066,17174.0,0.023784803661725654,0.5794919070897885,0.010124592199709298,
h3k27ac,fold_e,314159,strict,coordinate_plus_frozen_sequence_fm,tissue,tibial_nerve,16393.0,13890.0,238.0,0.014518391996583908,16393.0,0.0667279320502841,0.6034644684243242,0.052978705670090206,
h3k27ac,fold_e,314159,strict,coordinate_plus_frozen_sequence_fm,tissue,transverse_colon,43007.0,31927.0,646.0,0.015020810565721859,43007.0,0.0382156538667317,0.5396035754307861,0.023548561786703108,
h3k27ac,fold_e,314159,strict,coordinate_plus_frozen_sequence_fm,tissue,upper_lobe_of_left_lung,13460.0,10618.0,281.0,0.02087667161961367,13460.0,0.09805112394747015,0.6230357041113883,0.07881995055261767,
h3k27ac,fold_e,314159,strict,coordinate_plus_frozen_sequence_fm,tissue,uterus,14395.0,12969.0,215.0,0.014935741576936437,14395.0,0.03611118452053901,0.5749509627054153,0.02149650925057539,
h3k27ac,fold_e,314159,strict,coordinate_plus_frozen_sequence_fm,tissue,vagina,7607.0,7059.0,124.0,0.016300775601419744,7607.0,0.021899116431168403,0.5301452108650575,0.0056911103423624276,
h3k27ac,fold_e,314159,strict,coordinate_plus_frozen_sequence_fm_plus_frozen_pangenomefm,measurement_weight,all,520229.0,120179.0,9524.0,0.01830732235227179,520229.0,0.037099685856700725,0.5674412581152436,0.019142817230192698,
h3k27ac,fold_e,314159,strict,coordinate_plus_frozen_sequence_fm_plus_frozen_pangenomefm,equal_locus_weight,all,520229.0,120179.0,9524.0,0.0186171868340835,120179.0,0.03801471340752505,0.5643435225151145,0.01976550466669129,
h3k27ac,fold_e,314159,strict,coordinate_plus_frozen_sequence_fm_plus_frozen_pangenomefm,donor,ENC-001,149824.0,49242.0,2604.0,0.017380392994446818,149824.0,0.0456694790760883,0.5437619560973461,0.028789458178887745,
h3k27ac,fold_e,314159,strict,coordinate_plus_frozen_sequence_fm_plus_frozen_pangenomefm,donor,ENC-002,119713.0,42297.0,2032.0,0.016973929314276645,119713.0,0.03927389143988639,0.6066113490480437,0.0226850159834053,
h3k27ac,fold_e,314159,strict,coordinate_plus_frozen_sequence_fm_plus_frozen_pangenomefm,donor,ENC-003,116948.0,35314.0,1842.0,0.01575059000581455,116948.0,0.02419915986674438,0.5465862693562558,0.008583769291748665,
h3k27ac,fold_e,314159,strict,coordinate_plus_frozen_sequence_fm_plus_frozen_pangenomefm,donor,ENC-004,133744.0,37117.0,3046.0,0.02277485345136978,133744.0,0.045620980855778856,0.5737664994579786,0.02337857093127123,
h3k27ac,fold_e,314159,strict,coordinate_plus_frozen_sequence_fm_plus_frozen_pangenomefm,tissue,Peyers_patch,14709.0,11805.0,344.0,0.023387041947107213,14709.0,0.05245595926332314,0.5532325824233644,0.029765033400920293,
h3k27ac,fold_e,314159,strict,coordinate_plus_frozen_sequence_fm_plus_frozen_pangenomefm,tissue,adrenal_gland,8473.0,7276.0,161.0,0.01900153428537708,8473.0,0.038175792913988475,0.6060003048798714,0.019545656082798887,
h3k27ac,fold_e,314159,strict,coordinate_plus_frozen_sequence_fm_plus_frozen_pangenomefm,tissue,ascending_aorta,9968.0,9117.0,156.0,0.01565008025682183,9968.0,0.024671760172848486,0.5875824474479183,0.009165114696591285,
h3k27ac,fold_e,314159,strict,coordinate_plus_frozen_sequence_fm_plus_frozen_pangenomefm,tissue,body_of_pancreas,17480.0,14785.0,364.0,0.020823798627002288,17480.0,0.04007699737958227,0.5572647949736639,0.01966264981275404,
h3k27ac,fold_e,314159,strict,coordinate_plus_frozen_sequence_fm_plus_frozen_pangenomefm,tissue,breast_epithelium,15651.0,14523.0,271.0,0.017315187527953486,15651.0,0.036842387884328455,0.53994836827432,0.019871275213109534,
h3k27ac,fold_e,314159,strict,coordinate_plus_frozen_sequence_fm_plus_frozen_pangenomefm,tissue,coronary_artery,8986.0,8252.0,169.0,0.01880703316269753,8986.0,0.026427333481863536,0.5350076808317445,0.007766362557335344,
h3k27ac,fold_e,314159,strict,coordinate_plus_frozen_sequence_fm_plus_frozen_pangenomefm,tissue,esophagus_muscularis_mucosa,30147.0,22690.0,542.0,0.017978571665505687,30147.0,0.04221514051515332,0.5653647876624012,0.02468028512448327,
h3k27ac,fold_e,314159,strict,coordinate_plus_frozen_sequence_fm_plus_frozen_pangenomefm,tissue,esophagus_squamous_epithelium,26989.0,21326.0,453.0,0.01678461595464819,26989.0,0.026988745147846098,0.5463970891141428,0.010378325399277147,
h3k27ac,fold_e,314159,strict,coordinate_plus_frozen_sequence_fm_plus_frozen_pangenomefm,tissue,gastrocnemius_medialis,53697.0,40205.0,1009.0,0.018790621449987895,53697.0,0.02378363309829788,0.520597401250874,0.005088630171562808,
h3k27ac,fold_e,314159,strict,coordinate_plus_frozen_sequence_fm_plus_frozen_pangenomefm,tissue,gastroesophageal_sphincter,31580.0,24744.0,630.0,0.019949335022165927,31580.0,0.0321985725022293,0.5774973972356848,0.012498575755101821,
h3k27ac,fold_e,314159,strict,coordinate_plus_frozen_sequence_fm_plus_frozen_pangenomefm,tissue,heart_left_ventricle,7686.0,7106.0,148.0,0.019255789747593028,7686.0,0.03874029134767764,0.5613015675532258,0.019867057481858626,
h3k27ac,fold_e,314159,strict,coordinate_plus_frozen_sequence_fm_plus_frozen_pangenomefm,tissue,ovary,815.0,815.0,29.0,0.03558282208588957,815.0,0.08147719765042823,0.6416162147933667,0.04758767949758143,
h3k27ac,fold_e,314159,strict,coordinate_plus_frozen_sequence_fm_plus_frozen_pangenomefm,tissue,prostate_gland,12412.0,11217.0,230.0,0.01853045439896874,12412.0,0.09124741488477013,0.6584865053928461,0.07408987962155368,
h3k27ac,fold_e,314159,strict,coordinate_plus_frozen_sequence_fm_plus_frozen_pangenomefm,tissue,right_atrium_auricular_region,9883.0,8981.0,195.0,0.01973085095618739,9883.0,0.037123225428984725,0.5895342374388617,0.01774244807128985,
h3k27ac,fold_e,314159,strict,coordinate_plus_frozen_sequence_fm_plus_frozen_pangenomefm,tissue,right_lobe_of_liver,9968.0,9968.0,206.0,0.0206661316211878,9968.0,0.03023304376904461,0.5770831219927477,0.009768795358516357,
h3k27ac,fold_e,314159,strict,coordinate_plus_frozen_sequence_fm_plus_frozen_pangenomefm,tissue,sigmoid_colon,34638.0,26515.0,680.0,0.019631618453721345,34638.0,0.037400797962170815,0.5733000194011286,0.01812500264484577,
h3k27ac,fold_e,314159,strict,coordinate_plus_frozen_sequence_fm_plus_frozen_pangenomefm,tissue,spleen,56495.0,41659.0,1326.0,0.023471103637490043,56495.0,0.04726134104127981,0.5572148702983049,0.024362041402365513,
h3k27ac,fold_e,314159,strict,coordinate_plus_frozen_sequence_fm_plus_frozen_pangenomefm,tissue,stomach,19999.0,15446.0,345.0,0.017250862543127157,19999.0,0.03178172432772501,0.559335047038402,0.014785931862733921,
h3k27ac,fold_e,314159,strict,coordinate_plus_frozen_sequence_fm_plus_frozen_pangenomefm,tissue,suprapubic_skin,4046.0,4046.0,55.0,0.013593672763222936,4046.0,0.23779873128069248,0.6584041365800324,0.22729483005805107,
h3k27ac,fold_e,314159,strict,coordinate_plus_frozen_sequence_fm_plus_frozen_pangenomefm,tissue,testis,5759.0,5353.0,77.0,0.013370376801528043,5759.0,0.02854493869906079,0.6502946191436159,0.015380200979917475,
h3k27ac,fold_e,314159,strict,coordinate_plus_frozen_sequence_fm_plus_frozen_pangenomefm,tissue,thoracic_aorta,10651.0,9531.0,83.0,0.007792695521547273,10651.0,0.01895330828789565,0.5848674790000274,0.011248267086901643,
h3k27ac,fold_e,314159,strict,coordinate_plus_frozen_sequence_fm_plus_frozen_pangenomefm,tissue,thyroid_gland,18161.0,15176.0,310.0,0.017069544628599748,18161.0,0.05000492490221342,0.6497162895003623,0.0335073352276678,
h3k27ac,fold_e,314159,strict,coordinate_plus_frozen_sequence_fm_plus_frozen_pangenomefm,tissue,tibial_artery,17174.0,15914.0,237.0,0.013799930126936066,17174.0,0.024131086621573667,0.5849880756907766,0.010475720708443418,
h3k27ac,fold_e,314159,strict,coordinate_plus_frozen_sequence_fm_plus_frozen_pangenomefm,tissue,tibial_nerve,16393.0,13890.0,238.0,0.014518391996583908,16393.0,0.06488989929684816,0.6092565717094638,0.051113594501592814,
h3k27ac,fold_e,314159,strict,coordinate_plus_frozen_sequence_fm_plus_frozen_pangenomefm,tissue,transverse_colon,43007.0,31927.0,646.0,0.015020810565721859,43007.0,0.03733723478169276,0.5402513322940087,0.022656746919483974,
h3k27ac,fold_e,314159,strict,coordinate_plus_frozen_sequence_fm_plus_frozen_pangenomefm,tissue,upper_lobe_of_left_lung,13460.0,10618.0,281.0,0.02087667161961367,13460.0,0.12375473913121575,0.6203756434465593,0.1050716130742973,
h3k27ac,fold_e,314159,strict,coordinate_plus_frozen_sequence_fm_plus_frozen_pangenomefm,tissue,uterus,14395.0,12969.0,215.0,0.014935741576936437,14395.0,0.03582987978237772,0.5677383802932398,0.021210939313633798,
h3k27ac,fold_e,314159,strict,coordinate_plus_frozen_sequence_fm_plus_frozen_pangenomefm,tissue,vagina,7607.0,7059.0,124.0,0.016300775601419744,7607.0,0.022590247889290784,0.5261652218146078,0.006393694466635708,
h3k27ac,fold_e,42,1hop,coordinate_plus_frozen_sequence_fm,measurement_weight,all,520229.0,120179.0,9524.0,0.01830732235227179,520229.0,0.03599161714780407,0.5690421203618106,0.01801408444637308,
h3k27ac,fold_e,42,1hop,coordinate_plus_frozen_sequence_fm,equal_locus_weight,all,520229.0,120179.0,9524.0,0.0186171868340835,120179.0,0.035222052226356784,0.5596928011865063,0.016919865693089123,
h3k27ac,fold_e,42,1hop,coordinate_plus_frozen_sequence_fm,donor,ENC-001,149824.0,49242.0,2604.0,0.017380392994446818,149824.0,0.04584864564983282,0.5374197531579121,0.028971793817691566,
h3k27ac,fold_e,42,1hop,coordinate_plus_frozen_sequence_fm,donor,ENC-002,119713.0,42297.0,2032.0,0.016973929314276645,119713.0,0.039680580950905014,0.6138862792661088,0.023098727809720276,
h3k27ac,fold_e,42,1hop,coordinate_plus_frozen_sequence_fm,donor,ENC-003,116948.0,35314.0,1842.0,0.01575059000581455,116948.0,0.022856749338735577,0.5392400453319589,0.007219876649926576,
h3k27ac,fold_e,42,1hop,coordinate_plus_frozen_sequence_fm,donor,ENC-004,133744.0,37117.0,3046.0,0.02277485345136978,133744.0,0.04242106077188724,0.5829096598537996,0.02010407467501635,
h3k27ac,fold_e,42,1hop,coordinate_plus_frozen_sequence_fm,tissue,Peyers_patch,14709.0,11805.0,344.0,0.023387041947107213,14709.0,0.04841691127601898,0.5328254640235068,0.02562926195328668,
h3k27ac,fold_e,42,1hop,coordinate_plus_frozen_sequence_fm,tissue,adrenal_gland,8473.0,7276.0,161.0,0.01900153428537708,8473.0,0.04066419581805761,0.6150645030159194,0.02208225832127071,
h3k27ac,fold_e,42,1hop,coordinate_plus_frozen_sequence_fm,tissue,ascending_aorta,9968.0,9117.0,156.0,0.01565008025682183,9968.0,0.024461142970273735,0.5945427890495155,0.008951148912320482,
h3k27ac,fold_e,42,1hop,coordinate_plus_frozen_sequence_fm,tissue,body_of_pancreas,17480.0,14785.0,364.0,0.020823798627002288,17480.0,0.04243278806492754,0.5504563720341356,0.022068540276637853,
h3k27ac,fold_e,42,1hop,coordinate_plus_frozen_sequence_fm,tissue,breast_epithelium,15651.0,14523.0,271.0,0.017315187527953486,15651.0,0.03503570336026761,0.55064947528539,0.0180327563908679,
h3k27ac,fold_e,42,1hop,coordinate_plus_frozen_sequence_fm,tissue,coronary_artery,8986.0,8252.0,169.0,0.01880703316269753,8986.0,0.025857042369259706,0.5330420053245714,0.00718514037996685,
h3k27ac,fold_e,42,1hop,coordinate_plus_frozen_sequence_fm,tissue,esophagus_muscularis_mucosa,30147.0,22690.0,542.0,0.017978571665505687,30147.0,0.043787022531329454,0.580933116289447,0.026280944713797976,
h3k27ac,fold_e,42,1hop,coordinate_plus_frozen_sequence_fm,tissue,esophagus_squamous_epithelium,26989.0,21326.0,453.0,0.01678461595464819,26989.0,0.02779627102232051,0.5630143581030493,0.011199636667975892,
h3k27ac,fold_e,42,1hop,coordinate_plus_frozen_sequence_fm,tissue,gastrocnemius_medialis,53697.0,40205.0,1009.0,0.018790621449987895,53697.0,0.02404351842378935,0.515256086505989,0.005353492423364272,
h3k27ac,fold_e,42,1hop,coordinate_plus_frozen_sequence_fm,tissue,gastroesophageal_sphincter,31580.0,24744.0,630.0,0.019949335022165927,31580.0,0.031857970970449075,0.5820842628920173,0.012151041138829782,
h3k27ac,fold_e,42,1hop,coordinate_plus_frozen_sequence_fm,tissue,heart_left_ventricle,7686.0,7106.0,148.0,0.019255789747593028,7686.0,0.03452164590933365,0.5628549583013632,0.015565583770116529,
h3k27ac,fold_e,42,1hop,coordinate_plus_frozen_sequence_fm,tissue,ovary,815.0,815.0,29.0,0.03558282208588957,815.0,0.08256501776186448,0.6431078353952794,0.0487156354655465,
h3k27ac,fold_e,42,1hop,coordinate_plus_frozen_sequence_fm,tissue,prostate_gland,12412.0,11217.0,230.0,0.01853045439896874,12412.0,0.08738417508650713,0.6512891436402961,0.0701537006381322,
h3k27ac,fold_e,42,1hop,coordinate_plus_frozen_sequence_fm,tissue,right_atrium_auricular_region,9883.0,8981.0,195.0,0.01973085095618739,9883.0,0.03384966038585063,0.5920575811471765,0.014402992732593087,
h3k27ac,fold_e,42,1hop,coordinate_plus_frozen_sequence_fm,tissue,right_lobe_of_liver,9968.0,9968.0,206.0,0.0206661316211878,9968.0,0.03078850108152386,0.5698925693644665,0.01033597406070783,
h3k27ac,fold_e,42,1hop,coordinate_plus_frozen_sequence_fm,tissue,sigmoid_colon,34638.0,26515.0,680.0,0.019631618453721345,34638.0,0.03650381092650311,0.5824269945919354,0.0172100536801995,
h3k27ac,fold_e,42,1hop,coordinate_plus_frozen_sequence_fm,tissue,spleen,56495.0,41659.0,1326.0,0.023471103637490043,56495.0,0.043244201222673,0.5583672186549122,0.020248348675432057,
h3k27ac,fold_e,42,1hop,coordinate_plus_frozen_sequence_fm,tissue,stomach,19999.0,15446.0,345.0,0.017250862543127157,19999.0,0.030618603429319623,0.5672617441152223,0.013602393913857898,
h3k27ac,fold_e,42,1hop,coordinate_plus_frozen_sequence_fm,tissue,suprapubic_skin,4046.0,4046.0,55.0,0.013593672763222936,4046.0,0.24742987764291685,0.6460763991708617,0.23705870331827653,
h3k27ac,fold_e,42,1hop,coordinate_plus_frozen_sequence_fm,tissue,testis,5759.0,5353.0,77.0,0.013370376801528043,5759.0,0.02901490078615679,0.6510031678986272,0.015856531789418683,
h3k27ac,fold_e,42,1hop,coordinate_plus_frozen_sequence_fm,tissue,thoracic_aorta,10651.0,9531.0,83.0,0.007792695521547273,10651.0,0.021649548627213473,0.5723530001915307,0.01396568342434242,
h3k27ac,fold_e,42,1hop,coordinate_plus_frozen_sequence_fm,tissue,thyroid_gland,18161.0,15176.0,310.0,0.017069544628599748,18161.0,0.04771949095750957,0.6469968249723066,0.03118221249674143,
h3k27ac,fold_e,42,1hop,coordinate_plus_frozen_sequence_fm,tissue,tibial_artery,17174.0,15914.0,237.0,0.013799930126936066,17174.0,0.023784803661725654,0.5794919070897885,0.010124592199709298,
h3k27ac,fold_e,42,1hop,coordinate_plus_frozen_sequence_fm,tissue,tibial_nerve,16393.0,13890.0,238.0,0.014518391996583908,16393.0,0.0667279320502841,0.6034644684243242,0.052978705670090206,
h3k27ac,fold_e,42,1hop,coordinate_plus_frozen_sequence_fm,tissue,transverse_colon,43007.0,31927.0,646.0,0.015020810565721859,43007.0,0.0382156538667317,0.5396035754307861,0.023548561786703108,
h3k27ac,fold_e,42,1hop,coordinate_plus_frozen_sequence_fm,tissue,upper_lobe_of_left_lung,13460.0,10618.0,281.0,0.02087667161961367,13460.0,0.09805112394747015,0.6230357041113883,0.07881995055261767,
h3k27ac,fold_e,42,1hop,coordinate_plus_frozen_sequence_fm,tissue,uterus,14395.0,12969.0,215.0,0.014935741576936437,14395.0,0.03611118452053901,0.5749509627054153,0.02149650925057539,
h3k27ac,fold_e,42,1hop,coordinate_plus_frozen_sequence_fm,tissue,vagina,7607.0,7059.0,124.0,0.016300775601419744,7607.0,0.021899116431168403,0.5301452108650575,0.0056911103423624276,
h3k27ac,fold_e,42,1hop,coordinate_plus_frozen_sequence_fm_plus_frozen_pangenomefm,measurement_weight,all,520229.0,120179.0,9524.0,0.01830732235227179,520229.0,0.03634013633477906,0.5769399089064654,0.018369103073801463,
h3k27ac,fold_e,42,1hop,coordinate_plus_frozen_sequence_fm_plus_frozen_pangenomefm,equal_locus_weight,all,520229.0,120179.0,9524.0,0.0186171868340835,120179.0,0.0369814264825183,0.5771830933123077,0.018712615915080295,
h3k27ac,fold_e,42,1hop,coordinate_plus_frozen_sequence_fm_plus_frozen_pangenomefm,donor,ENC-001,149824.0,49242.0,2604.0,0.017380392994446818,149824.0,0.044032168692430484,0.5544688193015417,0.027123187353448614,
h3k27ac,fold_e,42,1hop,coordinate_plus_frozen_sequence_fm_plus_frozen_pangenomefm,donor,ENC-002,119713.0,42297.0,2032.0,0.016973929314276645,119713.0,0.04361442042126568,0.6113440841706932,0.02710049295885469,
h3k27ac,fold_e,42,1hop,coordinate_plus_frozen_sequence_fm_plus_frozen_pangenomefm,donor,ENC-003,116948.0,35314.0,1842.0,0.01575059000581455,116948.0,0.02437249061800895,0.5680333515179598,0.008759873792807593,
h3k27ac,fold_e,42,1hop,coordinate_plus_frozen_sequence_fm_plus_frozen_pangenomefm,donor,ENC-004,133744.0,37117.0,3046.0,0.02277485345136978,133744.0,0.043802028444669634,0.5773985110522343,0.021517226677561216,
h3k27ac,fold_e,42,1hop,coordinate_plus_frozen_sequence_fm_plus_frozen_pangenomefm,tissue,Peyers_patch,14709.0,11805.0,344.0,0.023387041947107213,14709.0,0.05290316255127017,0.6233764236394984,0.030222945907875595,
h3k27ac,fold_e,42,1hop,coordinate_plus_frozen_sequence_fm_plus_frozen_pangenomefm,tissue,adrenal_gland,8473.0,7276.0,161.0,0.01900153428537708,8473.0,0.0390858008337093,0.6048472910526725,0.0204732904793093,
h3k27ac,fold_e,42,1hop,coordinate_plus_frozen_sequence_fm_plus_frozen_pangenomefm,tissue,ascending_aorta,9968.0,9117.0,156.0,0.01565008025682183,9968.0,0.026588371316865825,0.5972814554653121,0.011112197848197974,
h3k27ac,fold_e,42,1hop,coordinate_plus_frozen_sequence_fm_plus_frozen_pangenomefm,tissue,body_of_pancreas,17480.0,14785.0,364.0,0.020823798627002288,17480.0,0.044077664285035595,0.5859350321914589,0.023748397505399758,
h3k27ac,fold_e,42,1hop,coordinate_plus_frozen_sequence_fm_plus_frozen_pangenomefm,tissue,breast_epithelium,15651.0,14523.0,271.0,0.017315187527953486,15651.0,0.03474031420635055,0.5458015633472331,0.017732162395552174,
h3k27ac,fold_e,42,1hop,coordinate_plus_frozen_sequence_fm_plus_frozen_pangenomefm,tissue,coronary_artery,8986.0,8252.0,169.0,0.01880703316269753,8986.0,0.02707887974637647,0.5420133778680641,0.008430397346142562,
h3k27ac,fold_e,42,1hop,coordinate_plus_frozen_sequence_fm_plus_frozen_pangenomefm,tissue,esophagus_muscularis_mucosa,30147.0,22690.0,542.0,0.017978571665505687,30147.0,0.04283949821089759,0.5792249239837441,0.025316073385033933,
h3k27ac,fold_e,42,1hop,coordinate_plus_frozen_sequence_fm_plus_frozen_pangenomefm,tissue,esophagus_squamous_epithelium,26989.0,21326.0,453.0,0.01678461595464819,26989.0,0.031355901940576025,0.5673141522599812,0.014820034574698762,
h3k27ac,fold_e,42,1hop,coordinate_plus_frozen_sequence_fm_plus_frozen_pangenomefm,tissue,gastrocnemius_medialis,53697.0,40205.0,1009.0,0.018790621449987895,53697.0,0.02392009760630858,0.5221413368357724,0.005227708039135133,
h3k27ac,fold_e,42,1hop,coordinate_plus_frozen_sequence_fm_plus_frozen_pangenomefm,tissue,gastroesophageal_sphincter,31580.0,24744.0,630.0,0.019949335022165927,31580.0,0.034093545207864576,0.5882749955124753,0.014432121410803337,
h3k27ac,fold_e,42,1hop,coordinate_plus_frozen_sequence_fm_plus_frozen_pangenomefm,tissue,heart_left_ventricle,7686.0,7106.0,148.0,0.019255789747593028,7686.0,0.03477920076515806,0.5600430790302109,0.015828195420669253,
h3k27ac,fold_e,42,1hop,coordinate_plus_frozen_sequence_fm_plus_frozen_pangenomefm,tissue,ovary,815.0,815.0,29.0,0.03558282208588957,815.0,0.08413320488677081,0.6296393787838905,0.05034168191185523,
h3k27ac,fold_e,42,1hop,coordinate_plus_frozen_sequence_fm_plus_frozen_pangenomefm,tissue,prostate_gland,12412.0,11217.0,230.0,0.01853045439896874,12412.0,0.07809415534803393,0.6337172449729822,0.06068828239860427,
h3k27ac,fold_e,42,1hop,coordinate_plus_frozen_sequence_fm_plus_frozen_pangenomefm,tissue,right_atrium_auricular_region,9883.0,8981.0,195.0,0.01973085095618739,9883.0,0.03530362532695648,0.5979877299964005,0.01588622307042846,
h3k27ac,fold_e,42,1hop,coordinate_plus_frozen_sequence_fm_plus_frozen_pangenomefm,tissue,right_lobe_of_liver,9968.0,9968.0,206.0,0.0206661316211878,9968.0,0.031288764072255934,0.5880613951860096,0.010846793717706122,
h3k27ac,fold_e,42,1hop,coordinate_plus_frozen_sequence_fm_plus_frozen_pangenomefm,tissue,sigmoid_colon,34638.0,26515.0,680.0,0.019631618453721345,34638.0,0.03816419976883324,0.5864259223331243,0.01890369137148377,
h3k27ac,fold_e,42,1hop,coordinate_plus_frozen_sequence_fm_plus_frozen_pangenomefm,tissue,spleen,56495.0,41659.0,1326.0,0.023471103637490043,56495.0,0.04493524076689108,0.5635535107577164,0.021980032756176684,
h3k27ac,fold_e,42,1hop,coordinate_plus_frozen_sequence_fm_plus_frozen_pangenomefm,tissue,stomach,19999.0,15446.0,345.0,0.017250862543127157,19999.0,0.03508953703406591,0.589654796088269,0.018151808850324823,
h3k27ac,fold_e,42,1hop,coordinate_plus_frozen_sequence_fm_plus_frozen_pangenomefm,tissue,suprapubic_skin,4046.0,4046.0,55.0,0.013593672763222936,4046.0,0.23133237169314647,0.6613516776383226,0.22073935752204227,
h3k27ac,fold_e,42,1hop,coordinate_plus_frozen_sequence_fm_plus_frozen_pangenomefm,tissue,testis,5759.0,5353.0,77.0,0.013370376801528043,5759.0,0.03048541390306544,0.6542487783248079,0.017346972662399485,
h3k27ac,fold_e,42,1hop,coordinate_plus_frozen_sequence_fm_plus_frozen_pangenomefm,tissue,thoracic_aorta,10651.0,9531.0,83.0,0.007792695521547273,10651.0,0.020650138170773075,0.5837878387129137,0.012958423699555641,
h3k27ac,fold_e,42,1hop,coordinate_plus_frozen_sequence_fm_plus_frozen_pangenomefm,tissue,thyroid_gland,18161.0,15176.0,310.0,0.017069544628599748,18161.0,0.04565911169803183,0.6328497906505645,0.02908605274482976,
h3k27ac,fold_e,42,1hop,coordinate_plus_frozen_sequence_fm_plus_frozen_pangenomefm,tissue,tibial_artery,17174.0,15914.0,237.0,0.013799930126936066,17174.0,0.022002228885503274,0.5867316929529612,0.008317073795809956,
h3k27ac,fold_e,42,1hop,coordinate_plus_frozen_sequence_fm_plus_frozen_pangenomefm,tissue,tibial_nerve,16393.0,13890.0,238.0,0.014518391996583908,16393.0,0.06126590608960043,0.6104761124505512,0.047436211607973996,
h3k27ac,fold_e,42,1hop,coordinate_plus_frozen_sequence_fm_plus_frozen_pangenomefm,tissue,transverse_colon,43007.0,31927.0,646.0,0.015020810565721859,43007.0,0.0381019038389274,0.5437205917616699,0.02343307708507237,
h3k27ac,fold_e,42,1hop,coordinate_plus_frozen_sequence_fm_plus_frozen_pangenomefm,tissue,upper_lobe_of_left_lung,13460.0,10618.0,281.0,0.02087667161961367,13460.0,0.10689936195445422,0.62223020609462,0.087856848919262,
h3k27ac,fold_e,42,1hop,coordinate_plus_frozen_sequence_fm_plus_frozen_pangenomefm,tissue,uterus,14395.0,12969.0,215.0,0.014935741576936437,14395.0,0.03271105547869717,0.5712789057631121,0.0180448267712162,
h3k27ac,fold_e,42,1hop,coordinate_plus_frozen_sequence_fm_plus_frozen_pangenomefm,tissue,vagina,7607.0,7059.0,124.0,0.016300775601419744,7607.0,0.023451469081201104,0.54075635957633,0.007269186863650515,
h3k27ac,fold_e,42,strict,coordinate_plus_frozen_sequence_fm,measurement_weight,all,520229.0,120179.0,9524.0,0.01830732235227179,520229.0,0.03599161714780407,0.5690421203618106,0.01801408444637308,
h3k27ac,fold_e,42,strict,coordinate_plus_frozen_sequence_fm,equal_locus_weight,all,520229.0,120179.0,9524.0,0.0186171868340835,120179.0,0.035222052226356784,0.5596928011865063,0.016919865693089123,
h3k27ac,fold_e,42,strict,coordinate_plus_frozen_sequence_fm,donor,ENC-001,149824.0,49242.0,2604.0,0.017380392994446818,149824.0,0.04584864564983282,0.5374197531579121,0.028971793817691566,
h3k27ac,fold_e,42,strict,coordinate_plus_frozen_sequence_fm,donor,ENC-002,119713.0,42297.0,2032.0,0.016973929314276645,119713.0,0.039680580950905014,0.6138862792661088,0.023098727809720276,
h3k27ac,fold_e,42,strict,coordinate_plus_frozen_sequence_fm,donor,ENC-003,116948.0,35314.0,1842.0,0.01575059000581455,116948.0,0.022856749338735577,0.5392400453319589,0.007219876649926576,
h3k27ac,fold_e,42,strict,coordinate_plus_frozen_sequence_fm,donor,ENC-004,133744.0,37117.0,3046.0,0.02277485345136978,133744.0,0.04242106077188724,0.5829096598537996,0.02010407467501635,
h3k27ac,fold_e,42,strict,coordinate_plus_frozen_sequence_fm,tissue,Peyers_patch,14709.0,11805.0,344.0,0.023387041947107213,14709.0,0.04841691127601898,0.5328254640235068,0.02562926195328668,
h3k27ac,fold_e,42,strict,coordinate_plus_frozen_sequence_fm,tissue,adrenal_gland,8473.0,7276.0,161.0,0.01900153428537708,8473.0,0.04066419581805761,0.6150645030159194,0.02208225832127071,
h3k27ac,fold_e,42,strict,coordinate_plus_frozen_sequence_fm,tissue,ascending_aorta,9968.0,9117.0,156.0,0.01565008025682183,9968.0,0.024461142970273735,0.5945427890495155,0.008951148912320482,
h3k27ac,fold_e,42,strict,coordinate_plus_frozen_sequence_fm,tissue,body_of_pancreas,17480.0,14785.0,364.0,0.020823798627002288,17480.0,0.04243278806492754,0.5504563720341356,0.022068540276637853,
h3k27ac,fold_e,42,strict,coordinate_plus_frozen_sequence_fm,tissue,breast_epithelium,15651.0,14523.0,271.0,0.017315187527953486,15651.0,0.03503570336026761,0.55064947528539,0.0180327563908679,
h3k27ac,fold_e,42,strict,coordinate_plus_frozen_sequence_fm,tissue,coronary_artery,8986.0,8252.0,169.0,0.01880703316269753,8986.0,0.025857042369259706,0.5330420053245714,0.00718514037996685,
h3k27ac,fold_e,42,strict,coordinate_plus_frozen_sequence_fm,tissue,esophagus_muscularis_mucosa,30147.0,22690.0,542.0,0.017978571665505687,30147.0,0.043787022531329454,0.580933116289447,0.026280944713797976,
h3k27ac,fold_e,42,strict,coordinate_plus_frozen_sequence_fm,tissue,esophagus_squamous_epithelium,26989.0,21326.0,453.0,0.01678461595464819,26989.0,0.02779627102232051,0.5630143581030493,0.011199636667975892,
h3k27ac,fold_e,42,strict,coordinate_plus_frozen_sequence_fm,tissue,gastrocnemius_medialis,53697.0,40205.0,1009.0,0.018790621449987895,53697.0,0.02404351842378935,0.515256086505989,0.005353492423364272,
h3k27ac,fold_e,42,strict,coordinate_plus_frozen_sequence_fm,tissue,gastroesophageal_sphincter,31580.0,24744.0,630.0,0.019949335022165927,31580.0,0.031857970970449075,0.5820842628920173,0.012151041138829782,
h3k27ac,fold_e,42,strict,coordinate_plus_frozen_sequence_fm,tissue,heart_left_ventricle,7686.0,7106.0,148.0,0.019255789747593028,7686.0,0.03452164590933365,0.5628549583013632,0.015565583770116529,
h3k27ac,fold_e,42,strict,coordinate_plus_frozen_sequence_fm,tissue,ovary,815.0,815.0,29.0,0.03558282208588957,815.0,0.08256501776186448,0.6431078353952794,0.0487156354655465,
h3k27ac,fold_e,42,strict,coordinate_plus_frozen_sequence_fm,tissue,prostate_gland,12412.0,11217.0,230.0,0.01853045439896874,12412.0,0.08738417508650713,0.6512891436402961,0.0701537006381322,
h3k27ac,fold_e,42,strict,coordinate_plus_frozen_sequence_fm,tissue,right_atrium_auricular_region,9883.0,8981.0,195.0,0.01973085095618739,9883.0,0.03384966038585063,0.5920575811471765,0.014402992732593087,
h3k27ac,fold_e,42,strict,coordinate_plus_frozen_sequence_fm,tissue,right_lobe_of_liver,9968.0,9968.0,206.0,0.0206661316211878,9968.0,0.03078850108152386,0.5698925693644665,0.01033597406070783,
h3k27ac,fold_e,42,strict,coordinate_plus_frozen_sequence_fm,tissue,sigmoid_colon,34638.0,26515.0,680.0,0.019631618453721345,34638.0,0.03650381092650311,0.5824269945919354,0.0172100536801995,
h3k27ac,fold_e,42,strict,coordinate_plus_frozen_sequence_fm,tissue,spleen,56495.0,41659.0,1326.0,0.023471103637490043,56495.0,0.043244201222673,0.5583672186549122,0.020248348675432057,
h3k27ac,fold_e,42,strict,coordinate_plus_frozen_sequence_fm,tissue,stomach,19999.0,15446.0,345.0,0.017250862543127157,19999.0,0.030618603429319623,0.5672617441152223,0.013602393913857898,
h3k27ac,fold_e,42,strict,coordinate_plus_frozen_sequence_fm,tissue,suprapubic_skin,4046.0,4046.0,55.0,0.013593672763222936,4046.0,0.24742987764291685,0.6460763991708617,0.23705870331827653,
h3k27ac,fold_e,42,strict,coordinate_plus_frozen_sequence_fm,tissue,testis,5759.0,5353.0,77.0,0.013370376801528043,5759.0,0.02901490078615679,0.6510031678986272,0.015856531789418683,
h3k27ac,fold_e,42,strict,coordinate_plus_frozen_sequence_fm,tissue,thoracic_aorta,10651.0,9531.0,83.0,0.007792695521547273,10651.0,0.021649548627213473,0.5723530001915307,0.01396568342434242,
h3k27ac,fold_e,42,strict,coordinate_plus_frozen_sequence_fm,tissue,thyroid_gland,18161.0,15176.0,310.0,0.017069544628599748,18161.0,0.04771949095750957,0.6469968249723066,0.03118221249674143,
h3k27ac,fold_e,42,strict,coordinate_plus_frozen_sequence_fm,tissue,tibial_artery,17174.0,15914.0,237.0,0.013799930126936066,17174.0,0.023784803661725654,0.5794919070897885,0.010124592199709298,
h3k27ac,fold_e,42,strict,coordinate_plus_frozen_sequence_fm,tissue,tibial_nerve,16393.0,13890.0,238.0,0.014518391996583908,16393.0,0.0667279320502841,0.6034644684243242,0.052978705670090206,
h3k27ac,fold_e,42,strict,coordinate_plus_frozen_sequence_fm,tissue,transverse_colon,43007.0,31927.0,646.0,0.015020810565721859,43007.0,0.0382156538667317,0.5396035754307861,0.023548561786703108,
h3k27ac,fold_e,42,strict,coordinate_plus_frozen_sequence_fm,tissue,upper_lobe_of_left_lung,13460.0,10618.0,281.0,0.02087667161961367,13460.0,0.09805112394747015,0.6230357041113883,0.07881995055261767,
h3k27ac,fold_e,42,strict,coordinate_plus_frozen_sequence_fm,tissue,uterus,14395.0,12969.0,215.0,0.014935741576936437,14395.0,0.03611118452053901,0.5749509627054153,0.02149650925057539,
h3k27ac,fold_e,42,strict,coordinate_plus_frozen_sequence_fm,tissue,vagina,7607.0,7059.0,124.0,0.016300775601419744,7607.0,0.021899116431168403,0.5301452108650575,0.0056911103423624276,
h3k27ac,fold_e,42,strict,coordinate_plus_frozen_sequence_fm_plus_frozen_pangenomefm,measurement_weight,all,520229.0,120179.0,9524.0,0.01830732235227179,520229.0,0.03587731887367366,0.5647795696243387,0.017897654654511652,
h3k27ac,fold_e,42,strict,coordinate_plus_frozen_sequence_fm_plus_frozen_pangenomefm,equal_locus_weight,all,520229.0,120179.0,9524.0,0.0186171868340835,120179.0,0.03776354953682305,0.5765608320832827,0.019509576126541143,
h3k27ac,fold_e,42,strict,coordinate_plus_frozen_sequence_fm_plus_frozen_pangenomefm,donor,ENC-001,149824.0,49242.0,2604.0,0.017380392994446818,149824.0,0.04167623226109732,0.5531244006952405,0.024725579556355418,
h3k27ac,fold_e,42,strict,coordinate_plus_frozen_sequence_fm_plus_frozen_pangenomefm,donor,ENC-002,119713.0,42297.0,2032.0,0.016973929314276645,119713.0,0.03550903905266069,0.5924004099030028,0.018855155820490722,
h3k27ac,fold_e,42,strict,coordinate_plus_frozen_sequence_fm_plus_frozen_pangenomefm,donor,ENC-003,116948.0,35314.0,1842.0,0.01575059000581455,116948.0,0.025899825851855993,0.5612055846064977,0.010311650424155603,
h3k27ac,fold_e,42,strict,coordinate_plus_frozen_sequence_fm_plus_frozen_pangenomefm,donor,ENC-004,133744.0,37117.0,3046.0,0.02277485345136978,133744.0,0.04516192556492798,0.5579046101950287,0.02290881706495683,
h3k27ac,fold_e,42,strict,coordinate_plus_frozen_sequence_fm_plus_frozen_pangenomefm,tissue,Peyers_patch,14709.0,11805.0,344.0,0.023387041947107213,14709.0,0.05407681901921385,0.6225158654352068,0.03142470803714699,
h3k27ac,fold_e,42,strict,coordinate_plus_frozen_sequence_fm_plus_frozen_pangenomefm,tissue,adrenal_gland,8473.0,7276.0,161.0,0.01900153428537708,8473.0,0.038306945623584984,0.5837963820921933,0.01967934916610149,
h3k27ac,fold_e,42,strict,coordinate_plus_frozen_sequence_fm_plus_frozen_pangenomefm,tissue,ascending_aorta,9968.0,9117.0,156.0,0.01565008025682183,9968.0,0.026726172414182015,0.5728836746213428,0.011252189831284783,
h3k27ac,fold_e,42,strict,coordinate_plus_frozen_sequence_fm_plus_frozen_pangenomefm,tissue,body_of_pancreas,17480.0,14785.0,364.0,0.020823798627002288,17480.0,0.04062760057838267,0.5707182438384238,0.020224962497670546,
h3k27ac,fold_e,42,strict,coordinate_plus_frozen_sequence_fm_plus_frozen_pangenomefm,tissue,breast_epithelium,15651.0,14523.0,271.0,0.017315187527953486,15651.0,0.04171251334380836,0.5353598145864423,0.02482721367645934,
h3k27ac,fold_e,42,strict,coordinate_plus_frozen_sequence_fm_plus_frozen_pangenomefm,tissue,coronary_artery,8986.0,8252.0,169.0,0.01880703316269753,8986.0,0.02585124624795187,0.5306729938734545,0.007179233161403594,
h3k27ac,fold_e,42,strict,coordinate_plus_frozen_sequence_fm_plus_frozen_pangenomefm,tissue,esophagus_muscularis_mucosa,30147.0,22690.0,542.0,0.017978571665505687,30147.0,0.04114899280696563,0.5707545723489662,0.023594618684397665,
h3k27ac,fold_e,42,strict,coordinate_plus_frozen_sequence_fm_plus_frozen_pangenomefm,tissue,esophagus_squamous_epithelium,26989.0,21326.0,453.0,0.01678461595464819,26989.0,0.027964248775290204,0.545161731224723,0.011370481994132776,
h3k27ac,fold_e,42,strict,coordinate_plus_frozen_sequence_fm_plus_frozen_pangenomefm,tissue,gastrocnemius_medialis,53697.0,40205.0,1009.0,0.018790621449987895,53697.0,0.023937921643479444,0.513532305063719,0.005245873415007511,
h3k27ac,fold_e,42,strict,coordinate_plus_frozen_sequence_fm_plus_frozen_pangenomefm,tissue,gastroesophageal_sphincter,31580.0,24744.0,630.0,0.019949335022165927,31580.0,0.03316374916151013,0.576232197348514,0.013483398982891436,
h3k27ac,fold_e,42,strict,coordinate_plus_frozen_sequence_fm_plus_frozen_pangenomefm,tissue,heart_left_ventricle,7686.0,7106.0,148.0,0.019255789747593028,7686.0,0.03551717479299818,0.5330590772518339,0.016580658723664633,
h3k27ac,fold_e,42,strict,coordinate_plus_frozen_sequence_fm_plus_frozen_pangenomefm,tissue,ovary,815.0,815.0,29.0,0.03558282208588957,815.0,0.06765223456738753,0.5665964727559885,0.033252635079415824,
h3k27ac,fold_e,42,strict,coordinate_plus_frozen_sequence_fm_plus_frozen_pangenomefm,tissue,prostate_gland,12412.0,11217.0,230.0,0.01853045439896874,12412.0,0.07634912462793975,0.6308391568458096,0.05891030494844756,
h3k27ac,fold_e,42,strict,coordinate_plus_frozen_sequence_fm_plus_frozen_pangenomefm,tissue,right_atrium_auricular_region,9883.0,8981.0,195.0,0.01973085095618739,9883.0,0.03665089734014526,0.5856584407884986,0.017260612965798477,
h3k27ac,fold_e,42,strict,coordinate_plus_frozen_sequence_fm_plus_frozen_pangenomefm,tissue,right_lobe_of_liver,9968.0,9968.0,206.0,0.0206661316211878,9968.0,0.033778672571940345,0.5782561865605289,0.013389244847070412,
h3k27ac,fold_e,42,strict,coordinate_plus_frozen_sequence_fm_plus_frozen_pangenomefm,tissue,sigmoid_colon,34638.0,26515.0,680.0,0.019631618453721345,34638.0,0.037305892633293675,0.5750166944980478,0.018028196861771196,
h3k27ac,fold_e,42,strict,coordinate_plus_frozen_sequence_fm_plus_frozen_pangenomefm,tissue,spleen,56495.0,41659.0,1326.0,0.023471103637490043,56495.0,0.04447865707834332,0.5536933175606003,0.021512474970382025,
h3k27ac,fold_e,42,strict,coordinate_plus_frozen_sequence_fm_plus_frozen_pangenomefm,tissue,stomach,19999.0,15446.0,345.0,0.017250862543127157,19999.0,0.032190499395422456,0.5604519049114904,0.015201882436605968,
h3k27ac,fold_e,42,strict,coordinate_plus_frozen_sequence_fm_plus_frozen_pangenomefm,tissue,suprapubic_skin,4046.0,4046.0,55.0,0.013593672763222936,4046.0,0.21716804691331648,0.6449283615407393,0.2063798340794985,
h3k27ac,fold_e,42,strict,coordinate_plus_frozen_sequence_fm_plus_frozen_pangenomefm,tissue,testis,5759.0,5353.0,77.0,0.013370376801528043,5759.0,0.024135027841632465,0.605516623468049,0.010910528922907668,
h3k27ac,fold_e,42,strict,coordinate_plus_frozen_sequence_fm_plus_frozen_pangenomefm,tissue,thoracic_aorta,10651.0,9531.0,83.0,0.007792695521547273,10651.0,0.01875045641043965,0.5711468128380288,0.011043822031377054,
h3k27ac,fold_e,42,strict,coordinate_plus_frozen_sequence_fm_plus_frozen_pangenomefm,tissue,thyroid_gland,18161.0,15176.0,310.0,0.017069544628599748,18161.0,0.04626878682542748,0.6307687651003558,0.02970631547457221,
h3k27ac,fold_e,42,strict,coordinate_plus_frozen_sequence_fm_plus_frozen_pangenomefm,tissue,tibial_artery,17174.0,15914.0,237.0,0.013799930126936066,17174.0,0.021570262414632023,0.5775674259710035,0.007879062803854895,
h3k27ac,fold_e,42,strict,coordinate_plus_frozen_sequence_fm_plus_frozen_pangenomefm,tissue,tibial_nerve,16393.0,13890.0,238.0,0.014518391996583908,16393.0,0.05894009258146248,0.5987686253702966,0.04507613356161649,
h3k27ac,fold_e,42,strict,coordinate_plus_frozen_sequence_fm_plus_frozen_pangenomefm,tissue,transverse_colon,43007.0,31927.0,646.0,0.015020810565721859,43007.0,0.0358447796140433,0.5344826930957509,0.02114153199549492,
h3k27ac,fold_e,42,strict,coordinate_plus_frozen_sequence_fm_plus_frozen_pangenomefm,tissue,upper_lobe_of_left_lung,13460.0,10618.0,281.0,0.02087667161961367,13460.0,0.10911945005129514,0.6053004361786611,0.09012427329011555,
h3k27ac,fold_e,42,strict,coordinate_plus_frozen_sequence_fm_plus_frozen_pangenomefm,tissue,uterus,14395.0,12969.0,215.0,0.014935741576936437,14395.0,0.038170364058711506,0.5580460524157838,0.023586910481322432,
h3k27ac,fold_e,42,strict,coordinate_plus_frozen_sequence_fm_plus_frozen_pangenomefm,tissue,vagina,7607.0,7059.0,124.0,0.016300775601419744,7607.0,0.022914919776166564,0.5202291861552852,0.0067237464569422775,
h3k27ac,fold_a,42,1hop,coordinate_plus_frozen_sequence_fm,donor_macro,eligible_equal_weight,,,,0.02382713149266664,,0.03349756639381778,0.5333450575656997,0.009906303954569033,4.0
h3k27ac,fold_a,42,1hop,coordinate_plus_frozen_sequence_fm_plus_frozen_pangenomefm,donor_macro,eligible_equal_weight,,,,0.02382713149266664,,0.035154711008951914,0.5431769245811335,0.011612784838373132,4.0
h3k27ac,fold_a,42,strict,coordinate_plus_frozen_sequence_fm,donor_macro,eligible_equal_weight,,,,0.02382713149266664,,0.03349756639381778,0.5333450575656997,0.009906303954569033,4.0
h3k27ac,fold_a,42,strict,coordinate_plus_frozen_sequence_fm_plus_frozen_pangenomefm,donor_macro,eligible_equal_weight,,,,0.02382713149266664,,0.032881369849844855,0.5382872232193487,0.00927509131176017,4.0
h3k27ac,fold_a,314159,1hop,coordinate_plus_frozen_sequence_fm,donor_macro,eligible_equal_weight,,,,0.02382713149266664,,0.03349756639381778,0.5333450575656997,0.009906303954569033,4.0
h3k27ac,fold_a,314159,1hop,coordinate_plus_frozen_sequence_fm_plus_frozen_pangenomefm,donor_macro,eligible_equal_weight,,,,0.02382713149266664,,0.03386024692544254,0.5365859894166124,0.010280863531759814,4.0
h3k27ac,fold_a,314159,strict,coordinate_plus_frozen_sequence_fm,donor_macro,eligible_equal_weight,,,,0.02382713149266664,,0.03349756639381778,0.5333450575656997,0.009906303954569033,4.0
h3k27ac,fold_a,314159,strict,coordinate_plus_frozen_sequence_fm_plus_frozen_pangenomefm,donor_macro,eligible_equal_weight,,,,0.02382713149266664,,0.03275733283797442,0.5343870070393913,0.00914796764951413,4.0
h3k27ac,fold_a,20260806,1hop,coordinate_plus_frozen_sequence_fm,donor_macro,eligible_equal_weight,,,,0.02382713149266664,,0.03349756639381778,0.5333450575656997,0.009906303954569033,4.0
h3k27ac,fold_a,20260806,1hop,coordinate_plus_frozen_sequence_fm_plus_frozen_pangenomefm,donor_macro,eligible_equal_weight,,,,0.02382713149266664,,0.03311361254015909,0.5176704998391954,0.009515680922433363,4.0
h3k27ac,fold_a,20260806,strict,coordinate_plus_frozen_sequence_fm,donor_macro,eligible_equal_weight,,,,0.02382713149266664,,0.03349756639381778,0.5333450575656997,0.009906303954569033,4.0
h3k27ac,fold_a,20260806,strict,coordinate_plus_frozen_sequence_fm_plus_frozen_pangenomefm,donor_macro,eligible_equal_weight,,,,0.02382713149266664,,0.034275840323336554,0.544294625327604,0.010705365892332602,4.0
h3k27ac,fold_b,42,1hop,coordinate_plus_frozen_sequence_fm,donor_macro,eligible_equal_weight,,,,0.025403979056871213,,0.0964225342901226,0.6172718569853651,0.07290937571596928,4.0
h3k27ac,fold_b,42,1hop,coordinate_plus_frozen_sequence_fm_plus_frozen_pangenomefm,donor_macro,eligible_equal_weight,,,,0.025403979056871213,,0.09264924804375903,0.6240503503144993,0.06903699918208062,4.0
h3k27ac,fold_b,42,strict,coordinate_plus_frozen_sequence_fm,donor_macro,eligible_equal_weight,,,,0.025403979056871213,,0.0964225342901226,0.6172718569853651,0.07290937571596928,4.0
h3k27ac,fold_b,42,strict,coordinate_plus_frozen_sequence_fm_plus_frozen_pangenomefm,donor_macro,eligible_equal_weight,,,,0.025403979056871213,,0.0991337496037273,0.6309608338109537,0.07569380334906177,4.0
h3k27ac,fold_b,314159,1hop,coordinate_plus_frozen_sequence_fm,donor_macro,eligible_equal_weight,,,,0.025403979056871213,,0.0964225342901226,0.6172718569853651,0.07290937571596928,4.0
h3k27ac,fold_b,314159,1hop,coordinate_plus_frozen_sequence_fm_plus_frozen_pangenomefm,donor_macro,eligible_equal_weight,,,,0.025403979056871213,,0.09996201264960097,0.6393987035937004,0.07654273041901116,4.0
h3k27ac,fold_b,314159,strict,coordinate_plus_frozen_sequence_fm,donor_macro,eligible_equal_weight,,,,0.025403979056871213,,0.0964225342901226,0.6172718569853651,0.07290937571596928,4.0
h3k27ac,fold_b,314159,strict,coordinate_plus_frozen_sequence_fm_plus_frozen_pangenomefm,donor_macro,eligible_equal_weight,,,,0.025403979056871213,,0.098719223068291,0.6311398135149743,0.07526228142737938,4.0
h3k27ac,fold_b,20260806,1hop,coordinate_plus_frozen_sequence_fm,donor_macro,eligible_equal_weight,,,,0.025403979056871213,,0.0964225342901226,0.6172718569853651,0.07290937571596928,4.0
h3k27ac,fold_b,20260806,1hop,coordinate_plus_frozen_sequence_fm_plus_frozen_pangenomefm,donor_macro,eligible_equal_weight,,,,0.025403979056871213,,0.09718150337241906,0.6397559476919411,0.07368114983325674,4.0
h3k27ac,fold_b,20260806,strict,coordinate_plus_frozen_sequence_fm,donor_macro,eligible_equal_weight,,,,0.025403979056871213,,0.0964225342901226,0.6172718569853651,0.07290937571596928,4.0
h3k27ac,fold_b,20260806,strict,coordinate_plus_frozen_sequence_fm_plus_frozen_pangenomefm,donor_macro,eligible_equal_weight,,,,0.025403979056871213,,0.09874840244639,0.6291755566527238,0.07529468493145838,4.0
h3k27ac,fold_c,42,1hop,coordinate_plus_frozen_sequence_fm,donor_macro,eligible_equal_weight,,,,0.020713392204814992,,0.04209630400338975,0.5904527419081902,0.021847890646471975,4.0
h3k27ac,fold_c,42,1hop,coordinate_plus_frozen_sequence_fm_plus_frozen_pangenomefm,donor_macro,eligible_equal_weight,,,,0.020713392204814992,,0.046828531230517154,0.6153579221099695,0.026681310030091592,4.0
h3k27ac,fold_c,42,strict,coordinate_plus_frozen_sequence_fm,donor_macro,eligible_equal_weight,,,,0.020713392204814992,,0.04209630400338975,0.5904527419081902,0.021847890646471975,4.0
h3k27ac,fold_c,42,strict,coordinate_plus_frozen_sequence_fm_plus_frozen_pangenomefm,donor_macro,eligible_equal_weight,,,,0.020713392204814992,,0.041379949619145796,0.5776418102468065,0.02111586230473929,4.0
h3k27ac,fold_c,314159,1hop,coordinate_plus_frozen_sequence_fm,donor_macro,eligible_equal_weight,,,,0.020713392204814992,,0.04209630400338975,0.5904527419081902,0.021847890646471975,4.0
h3k27ac,fold_c,314159,1hop,coordinate_plus_frozen_sequence_fm_plus_frozen_pangenomefm,donor_macro,eligible_equal_weight,,,,0.020713392204814992,,0.043504150898373166,0.5939942437142228,0.023286134985161515,4.0
h3k27ac,fold_c,314159,strict,coordinate_plus_frozen_sequence_fm,donor_macro,eligible_equal_weight,,,,0.020713392204814992,,0.04209630400338975,0.5904527419081902,0.021847890646471975,4.0
h3k27ac,fold_c,314159,strict,coordinate_plus_frozen_sequence_fm_plus_frozen_pangenomefm,donor_macro,eligible_equal_weight,,,,0.020713392204814992,,0.03948376408353653,0.5684148086008991,0.01917791473928694,4.0
h3k27ac,fold_c,20260806,1hop,coordinate_plus_frozen_sequence_fm,donor_macro,eligible_equal_weight,,,,0.020713392204814992,,0.04209630400338975,0.5904527419081902,0.021847890646471975,4.0
h3k27ac,fold_c,20260806,1hop,coordinate_plus_frozen_sequence_fm_plus_frozen_pangenomefm,donor_macro,eligible_equal_weight,,,,0.020713392204814992,,0.04174206124239699,0.5918833117731424,0.021486632529744764,4.0
h3k27ac,fold_c,20260806,strict,coordinate_plus_frozen_sequence_fm,donor_macro,eligible_equal_weight,,,,0.020713392204814992,,0.04209630400338975,0.5904527419081902,0.021847890646471975,4.0
h3k27ac,fold_c,20260806,strict,coordinate_plus_frozen_sequence_fm_plus_frozen_pangenomefm,donor_macro,eligible_equal_weight,,,,0.020713392204814992,,0.04093028327805956,0.5709279777815852,0.02065835194001461,4.0
h3k27ac,fold_d,42,1hop,coordinate_plus_frozen_sequence_fm,donor_macro,eligible_equal_weight,,,,0.02729688398496754,,0.04593329982104174,0.5911191162573629,0.019165548198100638,4.0
h3k27ac,fold_d,42,1hop,coordinate_plus_frozen_sequence_fm_plus_frozen_pangenomefm,donor_macro,eligible_equal_weight,,,,0.02729688398496754,,0.06132454441932914,0.6453585198013412,0.035007027614880705,4.0
h3k27ac,fold_d,42,strict,coordinate_plus_frozen_sequence_fm,donor_macro,eligible_equal_weight,,,,0.02729688398496754,,0.04593329982104174,0.5911191162573629,0.019165548198100638,4.0
h3k27ac,fold_d,42,strict,coordinate_plus_frozen_sequence_fm_plus_frozen_pangenomefm,donor_macro,eligible_equal_weight,,,,0.02729688398496754,,0.04624062722132184,0.6028387140555975,0.01948297750936703,4.0
h3k27ac,fold_d,314159,1hop,coordinate_plus_frozen_sequence_fm,donor_macro,eligible_equal_weight,,,,0.02729688398496754,,0.04593329982104174,0.5911191162573629,0.019165548198100638,4.0
h3k27ac,fold_d,314159,1hop,coordinate_plus_frozen_sequence_fm_plus_frozen_pangenomefm,donor_macro,eligible_equal_weight,,,,0.02729688398496754,,0.062434389645097996,0.6378962084277089,0.036151260710815626,4.0
h3k27ac,fold_d,314159,strict,coordinate_plus_frozen_sequence_fm,donor_macro,eligible_equal_weight,,,,0.02729688398496754,,0.04593329982104174,0.5911191162573629,0.019165548198100638,4.0
h3k27ac,fold_d,314159,strict,coordinate_plus_frozen_sequence_fm_plus_frozen_pangenomefm,donor_macro,eligible_equal_weight,,,,0.02729688398496754,,0.04947439838254582,0.616566377708351,0.022807497423579376,4.0
h3k27ac,fold_d,20260806,1hop,coordinate_plus_frozen_sequence_fm,donor_macro,eligible_equal_weight,,,,0.02729688398496754,,0.04593329982104174,0.5911191162573629,0.019165548198100638,4.0
h3k27ac,fold_d,20260806,1hop,coordinate_plus_frozen_sequence_fm_plus_frozen_pangenomefm,donor_macro,eligible_equal_weight,,,,0.02729688398496754,,0.04991333353429275,0.6116123876778338,0.023259856985305298,4.0
h3k27ac,fold_d,20260806,strict,coordinate_plus_frozen_sequence_fm,donor_macro,eligible_equal_weight,,,,0.02729688398496754,,0.04593329982104174,0.5911191162573629,0.019165548198100638,4.0
h3k27ac,fold_d,20260806,strict,coordinate_plus_frozen_sequence_fm_plus_frozen_pangenomefm,donor_macro,eligible_equal_weight,,,,0.02729688398496754,,0.04923807419308186,0.6159813271651082,0.02256934660123039,4.0
h3k27ac,fold_e,42,1hop,coordinate_plus_frozen_sequence_fm,donor_macro,eligible_equal_weight,,,,0.01821994144147695,,0.03770175917784016,0.5683639344024449,0.019848618238088693,4.0
h3k27ac,fold_e,42,1hop,coordinate_plus_frozen_sequence_fm_plus_frozen_pangenomefm,donor_macro,eligible_equal_weight,,,,0.01821994144147695,,0.038955277044093684,0.5778111915106072,0.02112519519566803,4.0
h3k27ac,fold_e,42,strict,coordinate_plus_frozen_sequence_fm,donor_macro,eligible_equal_weight,,,,0.01821994144147695,,0.03770175917784016,0.5683639344024449,0.019848618238088693,4.0
h3k27ac,fold_e,42,strict,coordinate_plus_frozen_sequence_fm_plus_frozen_pangenomefm,donor_macro,eligible_equal_weight,,,,0.01821994144147695,,0.03706175568263549,0.5661587513499424,0.019200300716489642,4.0
h3k27ac,fold_e,314159,1hop,coordinate_plus_frozen_sequence_fm,donor_macro,eligible_equal_weight,,,,0.01821994144147695,,0.03770175917784016,0.5683639344024449,0.019848618238088693,4.0
h3k27ac,fold_e,314159,1hop,coordinate_plus_frozen_sequence_fm_plus_frozen_pangenomefm,donor_macro,eligible_equal_weight,,,,0.01821994144147695,,0.04537938708013424,0.5736275442460326,0.027673463710675736,4.0
h3k27ac,fold_e,314159,strict,coordinate_plus_frozen_sequence_fm,donor_macro,eligible_equal_weight,,,,0.01821994144147695,,0.03770175917784016,0.5683639344024449,0.019848618238088693,4.0
h3k27ac,fold_e,314159,strict,coordinate_plus_frozen_sequence_fm_plus_frozen_pangenomefm,donor_macro,eligible_equal_weight,,,,0.01821994144147695,,0.03869087780962448,0.567681518489906,0.020859203596328237,4.0
h3k27ac,fold_e,20260806,1hop,coordinate_plus_frozen_sequence_fm,donor_macro,eligible_equal_weight,,,,0.01821994144147695,,0.03770175917784016,0.5683639344024449,0.019848618238088693,4.0
h3k27ac,fold_e,20260806,1hop,coordinate_plus_frozen_sequence_fm_plus_frozen_pangenomefm,donor_macro,eligible_equal_weight,,,,0.01821994144147695,,0.040398091833182534,0.5643485127897129,0.022595386004410984,4.0
h3k27ac,fold_e,20260806,strict,coordinate_plus_frozen_sequence_fm,donor_macro,eligible_equal_weight,,,,0.01821994144147695,,0.03770175917784016,0.5683639344024449,0.019848618238088693,4.0
h3k27ac,fold_e,20260806,strict,coordinate_plus_frozen_sequence_fm_plus_frozen_pangenomefm,donor_macro,eligible_equal_weight,,,,0.01821994144147695,,0.039433149961131786,0.5697505436336737,0.02161981392617077,4.0
h3k27ac,fold_a,42,1hop,coordinate_plus_frozen_sequence_fm,tissue_macro,eligible_equal_weight,,,,0.024154558845233386,,0.03399720176367347,0.5192233514529383,0.010043587653322732,28.0
h3k27ac,fold_a,42,1hop,coordinate_plus_frozen_sequence_fm_plus_frozen_pangenomefm,tissue_macro,eligible_equal_weight,,,,0.024154558845233386,,0.0351737284583338,0.5262997115994257,0.011260575761161401,28.0
h3k27ac,fold_a,42,strict,coordinate_plus_frozen_sequence_fm,tissue_macro,eligible_equal_weight,,,,0.024154558845233386,,0.03399720176367347,0.5192233514529383,0.010043587653322732,28.0
h3k27ac,fold_a,42,strict,coordinate_plus_frozen_sequence_fm_plus_frozen_pangenomefm,tissue_macro,eligible_equal_weight,,,,0.024154558845233386,,0.03262678407398697,0.5206350950412634,0.008650456300801706,28.0
h3k27ac,fold_a,314159,1hop,coordinate_plus_frozen_sequence_fm,tissue_macro,eligible_equal_weight,,,,0.024154558845233386,,0.03399720176367347,0.5192233514529383,0.010043587653322732,28.0
h3k27ac,fold_a,314159,1hop,coordinate_plus_frozen_sequence_fm_plus_frozen_pangenomefm,tissue_macro,eligible_equal_weight,,,,0.024154558845233386,,0.03457841437247765,0.5220569307223224,0.010645329623812825,28.0
h3k27ac,fold_a,314159,strict,coordinate_plus_frozen_sequence_fm,tissue_macro,eligible_equal_weight,,,,0.024154558845233386,,0.03399720176367347,0.5192233514529383,0.010043587653322732,28.0
h3k27ac,fold_a,314159,strict,coordinate_plus_frozen_sequence_fm_plus_frozen_pangenomefm,tissue_macro,eligible_equal_weight,,,,0.024154558845233386,,0.03270246947651877,0.5175899231638488,0.008729053542916466,28.0
h3k27ac,fold_a,20260806,1hop,coordinate_plus_frozen_sequence_fm,tissue_macro,eligible_equal_weight,,,,0.024154558845233386,,0.03399720176367347,0.5192233514529383,0.010043587653322732,28.0
h3k27ac,fold_a,20260806,1hop,coordinate_plus_frozen_sequence_fm_plus_frozen_pangenomefm,tissue_macro,eligible_equal_weight,,,,0.024154558845233386,,0.03371337448876677,0.49933267744835913,0.009755076194742224,28.0
h3k27ac,fold_a,20260806,strict,coordinate_plus_frozen_sequence_fm,tissue_macro,eligible_equal_weight,,,,0.024154558845233386,,0.03399720176367347,0.5192233514529383,0.010043587653322732,28.0
h3k27ac,fold_a,20260806,strict,coordinate_plus_frozen_sequence_fm_plus_frozen_pangenomefm,tissue_macro,eligible_equal_weight,,,,0.024154558845233386,,0.033653801714660134,0.5241749965410561,0.009704088438990883,28.0
h3k27ac,fold_b,42,1hop,coordinate_plus_frozen_sequence_fm,tissue_macro,eligible_equal_weight,,,,0.025564423883671267,,0.11911254035985934,0.6433970946379665,0.09601485080380993,28.0
h3k27ac,fold_b,42,1hop,coordinate_plus_frozen_sequence_fm_plus_frozen_pangenomefm,tissue_macro,eligible_equal_weight,,,,0.025564423883671267,,0.11273481048922429,0.6391786145554885,0.08949894515524859,28.0
h3k27ac,fold_b,42,strict,coordinate_plus_frozen_sequence_fm,tissue_macro,eligible_equal_weight,,,,0.025564423883671267,,0.11911254035985934,0.6433970946379665,0.09601485080380993,28.0
h3k27ac,fold_b,42,strict,coordinate_plus_frozen_sequence_fm_plus_frozen_pangenomefm,tissue_macro,eligible_equal_weight,,,,0.025564423883671267,,0.12130482072492633,0.653886312197076,0.09827133131943736,28.0
h3k27ac,fold_b,314159,1hop,coordinate_plus_frozen_sequence_fm,tissue_macro,eligible_equal_weight,,,,0.025564423883671267,,0.11911254035985934,0.6433970946379665,0.09601485080380993,28.0
h3k27ac,fold_b,314159,1hop,coordinate_plus_frozen_sequence_fm_plus_frozen_pangenomefm,tissue_macro,eligible_equal_weight,,,,0.025564423883671267,,0.12222217293817592,0.6634250983525813,0.09922692321119032,28.0
h3k27ac,fold_b,314159,strict,coordinate_plus_frozen_sequence_fm,tissue_macro,eligible_equal_weight,,,,0.025564423883671267,,0.11911254035985934,0.6433970946379665,0.09601485080380993,28.0
h3k27ac,fold_b,314159,strict,coordinate_plus_frozen_sequence_fm_plus_frozen_pangenomefm,tissue_macro,eligible_equal_weight,,,,0.025564423883671267,,0.12172106128283144,0.6550590460778122,0.09869620670003017,28.0
h3k27ac,fold_b,20260806,1hop,coordinate_plus_frozen_sequence_fm,tissue_macro,eligible_equal_weight,,,,0.025564423883671267,,0.11911254035985934,0.6433970946379665,0.09601485080380993,28.0
h3k27ac,fold_b,20260806,1hop,coordinate_plus_frozen_sequence_fm_plus_frozen_pangenomefm,tissue_macro,eligible_equal_weight,,,,0.025564423883671267,,0.11846081376546283,0.6633579203300994,0.09536055965020564,28.0
h3k27ac,fold_b,20260806,strict,coordinate_plus_frozen_sequence_fm,tissue_macro,eligible_equal_weight,,,,0.025564423883671267,,0.11911254035985934,0.6433970946379665,0.09601485080380993,28.0
h3k27ac,fold_b,20260806,strict,coordinate_plus_frozen_sequence_fm_plus_frozen_pangenomefm,tissue_macro,eligible_equal_weight,,,,0.025564423883671267,,0.12070558373433594,0.6545453699242793,0.09766815325483998,28.0
h3k27ac,fold_c,42,1hop,coordinate_plus_frozen_sequence_fm,tissue_macro,eligible_equal_weight,,,,0.021260726570335436,,0.0512729866311436,0.6017454374721048,0.030672197872371278,28.0
h3k27ac,fold_c,42,1hop,coordinate_plus_frozen_sequence_fm_plus_frozen_pangenomefm,tissue_macro,eligible_equal_weight,,,,0.021260726570335436,,0.05736237827769657,0.6303879957788361,0.03689488894880956,28.0
h3k27ac,fold_c,42,strict,coordinate_plus_frozen_sequence_fm,tissue_macro,eligible_equal_weight,,,,0.021260726570335436,,0.0512729866311436,0.6017454374721048,0.030672197872371278,28.0
h3k27ac,fold_c,42,strict,coordinate_plus_frozen_sequence_fm_plus_frozen_pangenomefm,tissue_macro,eligible_equal_weight,,,,0.021260726570335436,,0.05021569934724671,0.587802192610981,0.02958614486374016,28.0
h3k27ac,fold_c,314159,1hop,coordinate_plus_frozen_sequence_fm,tissue_macro,eligible_equal_weight,,,,0.021260726570335436,,0.0512729866311436,0.6017454374721048,0.030672197872371278,28.0
h3k27ac,fold_c,314159,1hop,coordinate_plus_frozen_sequence_fm_plus_frozen_pangenomefm,tissue_macro,eligible_equal_weight,,,,0.021260726570335436,,0.05346009234865894,0.6083719338642047,0.03291916536649844,28.0
h3k27ac,fold_c,314159,strict,coordinate_plus_frozen_sequence_fm,tissue_macro,eligible_equal_weight,,,,0.021260726570335436,,0.0512729866311436,0.6017454374721048,0.030672197872371278,28.0
h3k27ac,fold_c,314159,strict,coordinate_plus_frozen_sequence_fm_plus_frozen_pangenomefm,tissue_macro,eligible_equal_weight,,,,0.021260726570335436,,0.04836089976654394,0.5774445371667399,0.02769322350319996,28.0
h3k27ac,fold_c,20260806,1hop,coordinate_plus_frozen_sequence_fm,tissue_macro,eligible_equal_weight,,,,0.021260726570335436,,0.0512729866311436,0.6017454374721048,0.030672197872371278,28.0
h3k27ac,fold_c,20260806,1hop,coordinate_plus_frozen_sequence_fm_plus_frozen_pangenomefm,tissue_macro,eligible_equal_weight,,,,0.021260726570335436,,0.05097004529933695,0.604566821639064,0.030364783495211174,28.0
h3k27ac,fold_c,20260806,strict,coordinate_plus_frozen_sequence_fm,tissue_macro,eligible_equal_weight,,,,0.021260726570335436,,0.0512729866311436,0.6017454374721048,0.030672197872371278,28.0
h3k27ac,fold_c,20260806,strict,coordinate_plus_frozen_sequence_fm_plus_frozen_pangenomefm,tissue_macro,eligible_equal_weight,,,,0.021260726570335436,,0.04941167991849365,0.5779548167943952,0.028768489924858125,28.0
h3k27ac,fold_d,42,1hop,coordinate_plus_frozen_sequence_fm,tissue_macro,eligible_equal_weight,,,,0.027437935104631193,,0.05252994089407355,0.5951322736572587,0.025809752167569682,28.0
h3k27ac,fold_d,42,1hop,coordinate_plus_frozen_sequence_fm_plus_frozen_pangenomefm,tissue_macro,eligible_equal_weight,,,,0.027437935104631193,,0.06816611224882471,0.6488464405524768,0.04194372796095349,28.0
h3k27ac,fold_d,42,strict,coordinate_plus_frozen_sequence_fm,tissue_macro,eligible_equal_weight,,,,0.027437935104631193,,0.05252994089407355,0.5951322736572587,0.025809752167569682,28.0
h3k27ac,fold_d,42,strict,coordinate_plus_frozen_sequence_fm_plus_frozen_pangenomefm,tissue_macro,eligible_equal_weight,,,,0.027437935104631193,,0.05140091144346358,0.602292127020249,0.024639720495487533,28.0
h3k27ac,fold_d,314159,1hop,coordinate_plus_frozen_sequence_fm,tissue_macro,eligible_equal_weight,,,,0.027437935104631193,,0.05252994089407355,0.5951322736572587,0.025809752167569682,28.0
h3k27ac,fold_d,314159,1hop,coordinate_plus_frozen_sequence_fm_plus_frozen_pangenomefm,tissue_macro,eligible_equal_weight,,,,0.027437935104631193,,0.06942555456319224,0.6351812886261406,0.043230715152769564,28.0
h3k27ac,fold_d,314159,strict,coordinate_plus_frozen_sequence_fm,tissue_macro,eligible_equal_weight,,,,0.027437935104631193,,0.05252994089407355,0.5951322736572587,0.025809752167569682,28.0
h3k27ac,fold_d,314159,strict,coordinate_plus_frozen_sequence_fm_plus_frozen_pangenomefm,tissue_macro,eligible_equal_weight,,,,0.027437935104631193,,0.055513054496143334,0.6166406262907956,0.02887813829562983,28.0
h3k27ac,fold_d,20260806,1hop,coordinate_plus_frozen_sequence_fm,tissue_macro,eligible_equal_weight,,,,0.027437935104631193,,0.05252994089407355,0.5951322736572587,0.025809752167569682,28.0
h3k27ac,fold_d,20260806,1hop,coordinate_plus_frozen_sequence_fm_plus_frozen_pangenomefm,tissue_macro,eligible_equal_weight,,,,0.027437935104631193,,0.05534557908408688,0.6075931722267517,0.028698618995690244,28.0
h3k27ac,fold_d,20260806,strict,coordinate_plus_frozen_sequence_fm,tissue_macro,eligible_equal_weight,,,,0.027437935104631193,,0.05252994089407355,0.5951322736572587,0.025809752167569682,28.0
h3k27ac,fold_d,20260806,strict,coordinate_plus_frozen_sequence_fm_plus_frozen_pangenomefm,tissue_macro,eligible_equal_weight,,,,0.027437935104631193,,0.05436275122998412,0.613560043685313,0.02769455878717714,28.0
h3k27ac,fold_e,42,1hop,coordinate_plus_frozen_sequence_fm,tissue_macro,eligible_equal_weight,,,,0.01821021659091221,,0.048372564825070886,0.5825802749497957,0.0307104094623479,28.0
h3k27ac,fold_e,42,1hop,coordinate_plus_frozen_sequence_fm_plus_frozen_pangenomefm,tissue_macro,eligible_equal_weight,,,,0.01821021659091221,,0.04825107588098645,0.5897401986868095,0.030593931073614623,28.0
h3k27ac,fold_e,42,strict,coordinate_plus_frozen_sequence_fm,tissue_macro,eligible_equal_weight,,,,0.01821021659091221,,0.048372564825070886,0.5825802749497957,0.0307104094623479,28.0
h3k27ac,fold_e,42,strict,coordinate_plus_frozen_sequence_fm_plus_frozen_pangenomefm,tissue_macro,eligible_equal_weight,,,,0.01821021659091221,,0.0467971981824631,0.5732840719192763,0.029106792834905505,28.0
h3k27ac,fold_e,314159,1hop,coordinate_plus_frozen_sequence_fm,tissue_macro,eligible_equal_weight,,,,0.01821021659091221,,0.048372564825070886,0.5825802749497957,0.0307104094623479,28.0
h3k27ac,fold_e,314159,1hop,coordinate_plus_frozen_sequence_fm_plus_frozen_pangenomefm,tissue_macro,eligible_equal_weight,,,,0.01821021659091221,,0.05761531753393179,0.5854996265708637,0.040169019785224004,28.0
h3k27ac,fold_e,314159,strict,coordinate_plus_frozen_sequence_fm,tissue_macro,eligible_equal_weight,,,,0.01821021659091221,,0.048372564825070886,0.5825802749497957,0.0307104094623479,28.0
h3k27ac,fold_e,314159,strict,coordinate_plus_frozen_sequence_fm_plus_frozen_pangenomefm,tissue_macro,eligible_equal_weight,,,,0.01821021659091221,,0.049390583908728684,0.5821007924098415,0.03175370308897516,28.0
h3k27ac,fold_e,20260806,1hop,coordinate_plus_frozen_sequence_fm,tissue_macro,eligible_equal_weight,,,,0.01821021659091221,,0.048372564825070886,0.5825802749497957,0.0307104094623479,28.0
h3k27ac,fold_e,20260806,1hop,coordinate_plus_frozen_sequence_fm_plus_frozen_pangenomefm,tissue_macro,eligible_equal_weight,,,,0.01821021659091221,,0.05182711896727402,0.5755267939664627,0.034261209436815446,28.0
h3k27ac,fold_e,20260806,strict,coordinate_plus_frozen_sequence_fm,tissue_macro,eligible_equal_weight,,,,0.01821021659091221,,0.048372564825070886,0.5825802749497957,0.0307104094623479,28.0
h3k27ac,fold_e,20260806,strict,coordinate_plus_frozen_sequence_fm_plus_frozen_pangenomefm,tissue_macro,eligible_equal_weight,,,,0.01821021659091221,,0.04992896110941869,0.5820910973970026,0.03229570103710321,28.0
