assay,fold,seed,closure,feature_set,analysis,group,n,n_loci,n_positive,positive_prevalence,weight_sum,auprc,auroc,normalized_ap,n_groups
ctcf,fold_a,20260806,1hop,coordinate_plus_frozen_sequence_fm,measurement_weight,all,643500.0,151197.0,21942.0,0.034097902097902096,643500.0,0.06196421346109518,0.5597260184895213,0.0288500371038821,
ctcf,fold_a,20260806,1hop,coordinate_plus_frozen_sequence_fm,equal_locus_weight,all,643500.0,151197.0,21942.0,0.02090197661245274,151197.0,0.03462690593738487,0.5454659154149453,0.014017931807732309,
ctcf,fold_a,20260806,1hop,coordinate_plus_frozen_sequence_fm,donor,ENC-001,148005.0,45644.0,5143.0,0.03474882605317388,148005.0,0.047790797978143285,0.5386476139414604,0.013511479992965918,
ctcf,fold_a,20260806,1hop,coordinate_plus_frozen_sequence_fm,donor,ENC-002,179688.0,65276.0,4555.0,0.02534949467966698,179688.0,0.029949539332373026,0.5064153676951793,0.004719686315859627,
ctcf,fold_a,20260806,1hop,coordinate_plus_frozen_sequence_fm,donor,ENC-003,155876.0,34948.0,6550.0,0.04202058046139239,155876.0,0.12977882044591413,0.6334676254719297,0.09160764646362528,
ctcf,fold_a,20260806,1hop,coordinate_plus_frozen_sequence_fm,donor,ENC-004,159931.0,35259.0,5694.0,0.035602853730671354,159931.0,0.05255807748471427,0.5340863106911594,0.017581163340883433,
ctcf,fold_a,20260806,1hop,coordinate_plus_frozen_sequence_fm,tissue,Peyers_patch,29453.0,20899.0,1235.0,0.0419312124401589,29453.0,0.07085706172530683,0.5615426797091356,0.030191829293198028,
ctcf,fold_a,20260806,1hop,coordinate_plus_frozen_sequence_fm,tissue,adrenal_gland,38695.0,30532.0,1266.0,0.03271740534952836,38695.0,0.05880083392491431,0.5552364609695779,0.026965675511623585,
ctcf,fold_a,20260806,1hop,coordinate_plus_frozen_sequence_fm,tissue,ascending_aorta,9717.0,7149.0,403.0,0.04147370587629927,9717.0,0.08965473583436512,0.5513044745469746,0.050265736321937496,
ctcf,fold_a,20260806,1hop,coordinate_plus_frozen_sequence_fm,tissue,body_of_pancreas,58052.0,45082.0,2225.0,0.03832770619444636,58052.0,0.053146140089266165,0.5314253201553838,0.015409026536659313,
ctcf,fold_a,20260806,1hop,coordinate_plus_frozen_sequence_fm,tissue,breast_epithelium,12514.0,10804.0,417.0,0.033322678599968035,12514.0,0.04579141189453234,0.5016733244800374,0.012898547445497044,
ctcf,fold_a,20260806,1hop,coordinate_plus_frozen_sequence_fm,tissue,coronary_artery,5401.0,5198.0,287.0,0.05313830772079245,5401.0,0.17657453757369712,0.6349738164960844,0.13036352706991358,
ctcf,fold_a,20260806,1hop,coordinate_plus_frozen_sequence_fm,tissue,esophagus_muscularis_mucosa,17470.0,12234.0,697.0,0.03989696622781912,17470.0,0.0640340500924355,0.5415967076964319,0.025140097484936993,
ctcf,fold_a,20260806,1hop,coordinate_plus_frozen_sequence_fm,tissue,esophagus_squamous_epithelium,36380.0,26396.0,1377.0,0.03785046728971963,36380.0,0.0663021387944492,0.56715519414655,0.029570945614434813,
ctcf,fold_a,20260806,1hop,coordinate_plus_frozen_sequence_fm,tissue,gastrocnemius_medialis,20369.0,14339.0,749.0,0.03677156463252983,20369.0,0.10481488305093162,0.6082098931773116,0.07064089464140806,
ctcf,fold_a,20260806,1hop,coordinate_plus_frozen_sequence_fm,tissue,gastroesophageal_sphincter,29981.0,18822.0,829.0,0.02765084553550582,29981.0,0.045308422924443405,0.534442161810018,0.01815970868886312,
ctcf,fold_a,20260806,1hop,coordinate_plus_frozen_sequence_fm,tissue,heart_left_ventricle,14730.0,11108.0,704.0,0.047793618465716226,14730.0,0.09483565538839986,0.5470648361646553,0.04940319434415585,
ctcf,fold_a,20260806,1hop,coordinate_plus_frozen_sequence_fm,tissue,lower_leg_skin,2095.0,2014.0,62.0,0.029594272076372316,2095.0,0.04549956356806955,0.5081676530790347,0.016390352029073147,
ctcf,fold_a,20260806,1hop,coordinate_plus_frozen_sequence_fm,tissue,omental_fat_pad,2554.0,2386.0,56.0,0.02192638997650744,2554.0,0.027489538292171083,0.5196764554500743,0.005687862609369475,
ctcf,fold_a,20260806,1hop,coordinate_plus_frozen_sequence_fm,tissue,ovary,10837.0,9859.0,367.0,0.03386546092091907,10837.0,0.08821288053782186,0.5700329734104708,0.056252434230026314,
ctcf,fold_a,20260806,1hop,coordinate_plus_frozen_sequence_fm,tissue,prostate_gland,15837.0,11618.0,584.0,0.0368756708972659,15837.0,0.07800795817959813,0.5433391050850989,0.04270714178786439,
ctcf,fold_a,20260806,1hop,coordinate_plus_frozen_sequence_fm,tissue,right_atrium_auricular_region,9084.0,7545.0,337.0,0.03709819462791722,9084.0,0.10626510170361358,0.5769544047149358,0.07183173475198648,
ctcf,fold_a,20260806,1hop,coordinate_plus_frozen_sequence_fm,tissue,right_lobe_of_liver,5635.0,5635.0,332.0,0.05891748003549246,5635.0,0.17003219874897166,0.5963619706054086,0.1180711747973704,
ctcf,fold_a,20260806,1hop,coordinate_plus_frozen_sequence_fm,tissue,sigmoid_colon,27113.0,22780.0,497.0,0.01833069007487183,27113.0,0.04832602007282315,0.5657680301829009,0.030555432154886313,
ctcf,fold_a,20260806,1hop,coordinate_plus_frozen_sequence_fm,tissue,spleen,74357.0,53075.0,2047.0,0.02752935164140565,74357.0,0.04742616268893295,0.572952596420841,0.020460063325418165,
ctcf,fold_a,20260806,1hop,coordinate_plus_frozen_sequence_fm,tissue,stomach,24020.0,18394.0,649.0,0.027019150707743547,24020.0,0.06558984674518857,0.5905306571252127,0.03964178335627185,
ctcf,fold_a,20260806,1hop,coordinate_plus_frozen_sequence_fm,tissue,suprapubic_skin,5333.0,4460.0,130.0,0.024376523532720795,5333.0,0.04944545344396539,0.5614586259406555,0.02569529179639966,
ctcf,fold_a,20260806,1hop,coordinate_plus_frozen_sequence_fm,tissue,testis,9329.0,6904.0,181.0,0.019401865151677564,9329.0,0.025223992723524755,0.5110645203371446,0.005937322706357941,
ctcf,fold_a,20260806,1hop,coordinate_plus_frozen_sequence_fm,tissue,thoracic_aorta,14201.0,12198.0,379.0,0.026688261390042954,14201.0,0.03888521525310034,0.5640550855983101,0.012531395008629572,
ctcf,fold_a,20260806,1hop,coordinate_plus_frozen_sequence_fm,tissue,thyroid_gland,27322.0,17495.0,1035.0,0.03788156064709758,27322.0,0.07432280181780976,0.5662111964015203,0.037876044861193676,
ctcf,fold_a,20260806,1hop,coordinate_plus_frozen_sequence_fm,tissue,tibial_artery,8061.0,5792.0,326.0,0.04044163255179258,8061.0,0.05632495392723336,0.5320009834986378,0.0165527412550004,
ctcf,fold_a,20260806,1hop,coordinate_plus_frozen_sequence_fm,tissue,tibial_nerve,28573.0,19384.0,1120.0,0.03919784411857348,28573.0,0.0811251994701884,0.561974247545155,0.04363786560527786,
ctcf,fold_a,20260806,1hop,coordinate_plus_frozen_sequence_fm,tissue,transverse_colon,38664.0,23000.0,1440.0,0.037243947858473,38664.0,0.06562428362564832,0.5659562528356854,0.029478221096659853,
ctcf,fold_a,20260806,1hop,coordinate_plus_frozen_sequence_fm,tissue,upper_lobe_of_left_lung,42956.0,29163.0,1379.0,0.03210261663097123,42956.0,0.05011086657604188,0.5487434717307149,0.01860553634558662,
ctcf,fold_a,20260806,1hop,coordinate_plus_frozen_sequence_fm,tissue,uterus,18861.0,13149.0,633.0,0.033561317003340224,18861.0,0.07713581979918153,0.5840413217725555,0.04508770557561789,
ctcf,fold_a,20260806,1hop,coordinate_plus_frozen_sequence_fm,tissue,vagina,5906.0,4886.0,199.0,0.03369454791737216,5906.0,0.11218381932600978,0.623983330002034,0.0812261498053993,
ctcf,fold_a,20260806,1hop,coordinate_plus_frozen_sequence_fm_plus_frozen_pangenomefm,measurement_weight,all,643500.0,151197.0,21942.0,0.034097902097902096,643500.0,0.0590853199870649,0.559507807478835,0.025869514046438568,
ctcf,fold_a,20260806,1hop,coordinate_plus_frozen_sequence_fm_plus_frozen_pangenomefm,equal_locus_weight,all,643500.0,151197.0,21942.0,0.02090197661245274,151197.0,0.034493370162943446,0.5477078689964566,0.013881545285390644,
ctcf,fold_a,20260806,1hop,coordinate_plus_frozen_sequence_fm_plus_frozen_pangenomefm,donor,ENC-001,148005.0,45644.0,5143.0,0.03474882605317388,148005.0,0.04584434929569248,0.5375778296841427,0.011494959593936562,
ctcf,fold_a,20260806,1hop,coordinate_plus_frozen_sequence_fm_plus_frozen_pangenomefm,donor,ENC-002,179688.0,65276.0,4555.0,0.02534949467966698,179688.0,0.030069161594251194,0.5046955394345648,0.00484241980978918,
ctcf,fold_a,20260806,1hop,coordinate_plus_frozen_sequence_fm_plus_frozen_pangenomefm,donor,ENC-003,155876.0,34948.0,6550.0,0.04202058046139239,155876.0,0.1234279227261671,0.6344343703969377,0.08497817448310421,
ctcf,fold_a,20260806,1hop,coordinate_plus_frozen_sequence_fm_plus_frozen_pangenomefm,donor,ENC-004,159931.0,35259.0,5694.0,0.035602853730671354,159931.0,0.05166929383990153,0.5341019034977257,0.016659568281989997,
ctcf,fold_a,20260806,1hop,coordinate_plus_frozen_sequence_fm_plus_frozen_pangenomefm,tissue,Peyers_patch,29453.0,20899.0,1235.0,0.0419312124401589,29453.0,0.06817946115975619,0.5592312369598984,0.02739703981636895,
ctcf,fold_a,20260806,1hop,coordinate_plus_frozen_sequence_fm_plus_frozen_pangenomefm,tissue,adrenal_gland,38695.0,30532.0,1266.0,0.03271740534952836,38695.0,0.056546772098925537,0.5533358851895978,0.024635372207858174,
ctcf,fold_a,20260806,1hop,coordinate_plus_frozen_sequence_fm_plus_frozen_pangenomefm,tissue,ascending_aorta,9717.0,7149.0,403.0,0.04147370587629927,9717.0,0.08609622132108574,0.5577952771009356,0.04655325129664915,
ctcf,fold_a,20260806,1hop,coordinate_plus_frozen_sequence_fm_plus_frozen_pangenomefm,tissue,body_of_pancreas,58052.0,45082.0,2225.0,0.03832770619444636,58052.0,0.05222763579113005,0.5334037434667249,0.01445391500432912,
ctcf,fold_a,20260806,1hop,coordinate_plus_frozen_sequence_fm_plus_frozen_pangenomefm,tissue,breast_epithelium,12514.0,10804.0,417.0,0.033322678599968035,12514.0,0.04474610104106365,0.49914024306718136,0.011817203308908864,
ctcf,fold_a,20260806,1hop,coordinate_plus_frozen_sequence_fm_plus_frozen_pangenomefm,tissue,coronary_artery,5401.0,5198.0,287.0,0.05313830772079245,5401.0,0.16948042116917328,0.638687745193559,0.12287128563447494,
ctcf,fold_a,20260806,1hop,coordinate_plus_frozen_sequence_fm_plus_frozen_pangenomefm,tissue,esophagus_muscularis_mucosa,17470.0,12234.0,697.0,0.03989696622781912,17470.0,0.060300894583979865,0.5369223407743247,0.0212518111478047,
ctcf,fold_a,20260806,1hop,coordinate_plus_frozen_sequence_fm_plus_frozen_pangenomefm,tissue,esophagus_squamous_epithelium,36380.0,26396.0,1377.0,0.03785046728971963,36380.0,0.06357190033455952,0.5709806676805024,0.02673330097909537,
ctcf,fold_a,20260806,1hop,coordinate_plus_frozen_sequence_fm_plus_frozen_pangenomefm,tissue,gastrocnemius_medialis,20369.0,14339.0,749.0,0.03677156463252983,20369.0,0.10004982606816373,0.6003113563582568,0.06569393002968538,
ctcf,fold_a,20260806,1hop,coordinate_plus_frozen_sequence_fm_plus_frozen_pangenomefm,tissue,gastroesophageal_sphincter,29981.0,18822.0,829.0,0.02765084553550582,29981.0,0.044296585467284544,0.5342923501328753,0.01711909745110654,
ctcf,fold_a,20260806,1hop,coordinate_plus_frozen_sequence_fm_plus_frozen_pangenomefm,tissue,heart_left_ventricle,14730.0,11108.0,704.0,0.047793618465716226,14730.0,0.08848479665472728,0.5462206247650467,0.04273357013575736,
ctcf,fold_a,20260806,1hop,coordinate_plus_frozen_sequence_fm_plus_frozen_pangenomefm,tissue,lower_leg_skin,2095.0,2014.0,62.0,0.029594272076372316,2095.0,0.04198824021119153,0.5055495612712819,0.012771944536372976,
ctcf,fold_a,20260806,1hop,coordinate_plus_frozen_sequence_fm_plus_frozen_pangenomefm,tissue,omental_fat_pad,2554.0,2386.0,56.0,0.02192638997650744,2554.0,0.027363183506627354,0.5120274791261581,0.005558675210538937,
ctcf,fold_a,20260806,1hop,coordinate_plus_frozen_sequence_fm_plus_frozen_pangenomefm,tissue,ovary,10837.0,9859.0,367.0,0.03386546092091907,10837.0,0.08819278715844255,0.5925647171495567,0.056231636526842585,
ctcf,fold_a,20260806,1hop,coordinate_plus_frozen_sequence_fm_plus_frozen_pangenomefm,tissue,prostate_gland,15837.0,11618.0,584.0,0.0368756708972659,15837.0,0.06912472175996583,0.5398585411897412,0.03348378800974095,
ctcf,fold_a,20260806,1hop,coordinate_plus_frozen_sequence_fm_plus_frozen_pangenomefm,tissue,right_atrium_auricular_region,9084.0,7545.0,337.0,0.03709819462791722,9084.0,0.09170428593108376,0.5714366163354354,0.056709927220528734,
ctcf,fold_a,20260806,1hop,coordinate_plus_frozen_sequence_fm_plus_frozen_pangenomefm,tissue,right_lobe_of_liver,5635.0,5635.0,332.0,0.05891748003549246,5635.0,0.1574926374956186,0.5943745754278664,0.10474656086890642,
ctcf,fold_a,20260806,1hop,coordinate_plus_frozen_sequence_fm_plus_frozen_pangenomefm,tissue,sigmoid_colon,27113.0,22780.0,497.0,0.01833069007487183,27113.0,0.04716079095413958,0.5667423537316475,0.029368444737736192,
ctcf,fold_a,20260806,1hop,coordinate_plus_frozen_sequence_fm_plus_frozen_pangenomefm,tissue,spleen,74357.0,53075.0,2047.0,0.02752935164140565,74357.0,0.04532292060360068,0.5690416310602109,0.018297281251859157,
ctcf,fold_a,20260806,1hop,coordinate_plus_frozen_sequence_fm_plus_frozen_pangenomefm,tissue,stomach,24020.0,18394.0,649.0,0.027019150707743547,24020.0,0.06320982595795344,0.5970020726172236,0.03719567068204362,
ctcf,fold_a,20260806,1hop,coordinate_plus_frozen_sequence_fm_plus_frozen_pangenomefm,tissue,suprapubic_skin,5333.0,4460.0,130.0,0.024376523532720795,5333.0,0.04832587357283403,0.5523263206138471,0.024547738566965956,
ctcf,fold_a,20260806,1hop,coordinate_plus_frozen_sequence_fm_plus_frozen_pangenomefm,tissue,testis,9329.0,6904.0,181.0,0.019401865151677564,9329.0,0.024083734755363344,0.5005251276129553,0.00477450388421345,
ctcf,fold_a,20260806,1hop,coordinate_plus_frozen_sequence_fm_plus_frozen_pangenomefm,tissue,thoracic_aorta,14201.0,12198.0,379.0,0.026688261390042954,14201.0,0.0409873679800757,0.5629471428860494,0.014691188878965056,
ctcf,fold_a,20260806,1hop,coordinate_plus_frozen_sequence_fm_plus_frozen_pangenomefm,tissue,thyroid_gland,27322.0,17495.0,1035.0,0.03788156064709758,27322.0,0.07317736120438684,0.5662017870738995,0.036685504729571924,
ctcf,fold_a,20260806,1hop,coordinate_plus_frozen_sequence_fm_plus_frozen_pangenomefm,tissue,tibial_artery,8061.0,5792.0,326.0,0.04044163255179258,8061.0,0.053318561872824244,0.5223841117381356,0.013419641532881218,
ctcf,fold_a,20260806,1hop,coordinate_plus_frozen_sequence_fm_plus_frozen_pangenomefm,tissue,tibial_nerve,28573.0,19384.0,1120.0,0.03919784411857348,28573.0,0.07527838897785089,0.5644738442584989,0.03755252279401644,
ctcf,fold_a,20260806,1hop,coordinate_plus_frozen_sequence_fm_plus_frozen_pangenomefm,tissue,transverse_colon,38664.0,23000.0,1440.0,0.037243947858473,38664.0,0.061987374717490724,0.5654249908959572,0.02570061938741299,
ctcf,fold_a,20260806,1hop,coordinate_plus_frozen_sequence_fm_plus_frozen_pangenomefm,tissue,upper_lobe_of_left_lung,42956.0,29163.0,1379.0,0.03210261663097123,42956.0,0.04774176175856796,0.550348224651386,0.01615785453738955,
ctcf,fold_a,20260806,1hop,coordinate_plus_frozen_sequence_fm_plus_frozen_pangenomefm,tissue,uterus,18861.0,13149.0,633.0,0.033561317003340224,18861.0,0.07432466079289449,0.5893647118940325,0.04217892402977742,
ctcf,fold_a,20260806,1hop,coordinate_plus_frozen_sequence_fm_plus_frozen_pangenomefm,tissue,vagina,5906.0,4886.0,199.0,0.03369454791737216,5906.0,0.1015854840293746,0.62243977906001,0.07025825629533668,
ctcf,fold_a,20260806,strict,coordinate_plus_frozen_sequence_fm,measurement_weight,all,643500.0,151197.0,21942.0,0.034097902097902096,643500.0,0.06196421346109518,0.5597260184895213,0.0288500371038821,
ctcf,fold_a,20260806,strict,coordinate_plus_frozen_sequence_fm,equal_locus_weight,all,643500.0,151197.0,21942.0,0.02090197661245274,151197.0,0.03462690593738487,0.5454659154149453,0.014017931807732309,
ctcf,fold_a,20260806,strict,coordinate_plus_frozen_sequence_fm,donor,ENC-001,148005.0,45644.0,5143.0,0.03474882605317388,148005.0,0.047790797978143285,0.5386476139414604,0.013511479992965918,
ctcf,fold_a,20260806,strict,coordinate_plus_frozen_sequence_fm,donor,ENC-002,179688.0,65276.0,4555.0,0.02534949467966698,179688.0,0.029949539332373026,0.5064153676951793,0.004719686315859627,
ctcf,fold_a,20260806,strict,coordinate_plus_frozen_sequence_fm,donor,ENC-003,155876.0,34948.0,6550.0,0.04202058046139239,155876.0,0.12977882044591413,0.6334676254719297,0.09160764646362528,
ctcf,fold_a,20260806,strict,coordinate_plus_frozen_sequence_fm,donor,ENC-004,159931.0,35259.0,5694.0,0.035602853730671354,159931.0,0.05255807748471427,0.5340863106911594,0.017581163340883433,
ctcf,fold_a,20260806,strict,coordinate_plus_frozen_sequence_fm,tissue,Peyers_patch,29453.0,20899.0,1235.0,0.0419312124401589,29453.0,0.07085706172530683,0.5615426797091356,0.030191829293198028,
ctcf,fold_a,20260806,strict,coordinate_plus_frozen_sequence_fm,tissue,adrenal_gland,38695.0,30532.0,1266.0,0.03271740534952836,38695.0,0.05880083392491431,0.5552364609695779,0.026965675511623585,
ctcf,fold_a,20260806,strict,coordinate_plus_frozen_sequence_fm,tissue,ascending_aorta,9717.0,7149.0,403.0,0.04147370587629927,9717.0,0.08965473583436512,0.5513044745469746,0.050265736321937496,
ctcf,fold_a,20260806,strict,coordinate_plus_frozen_sequence_fm,tissue,body_of_pancreas,58052.0,45082.0,2225.0,0.03832770619444636,58052.0,0.053146140089266165,0.5314253201553838,0.015409026536659313,
ctcf,fold_a,20260806,strict,coordinate_plus_frozen_sequence_fm,tissue,breast_epithelium,12514.0,10804.0,417.0,0.033322678599968035,12514.0,0.04579141189453234,0.5016733244800374,0.012898547445497044,
ctcf,fold_a,20260806,strict,coordinate_plus_frozen_sequence_fm,tissue,coronary_artery,5401.0,5198.0,287.0,0.05313830772079245,5401.0,0.17657453757369712,0.6349738164960844,0.13036352706991358,
ctcf,fold_a,20260806,strict,coordinate_plus_frozen_sequence_fm,tissue,esophagus_muscularis_mucosa,17470.0,12234.0,697.0,0.03989696622781912,17470.0,0.0640340500924355,0.5415967076964319,0.025140097484936993,
ctcf,fold_a,20260806,strict,coordinate_plus_frozen_sequence_fm,tissue,esophagus_squamous_epithelium,36380.0,26396.0,1377.0,0.03785046728971963,36380.0,0.0663021387944492,0.56715519414655,0.029570945614434813,
ctcf,fold_a,20260806,strict,coordinate_plus_frozen_sequence_fm,tissue,gastrocnemius_medialis,20369.0,14339.0,749.0,0.03677156463252983,20369.0,0.10481488305093162,0.6082098931773116,0.07064089464140806,
ctcf,fold_a,20260806,strict,coordinate_plus_frozen_sequence_fm,tissue,gastroesophageal_sphincter,29981.0,18822.0,829.0,0.02765084553550582,29981.0,0.045308422924443405,0.534442161810018,0.01815970868886312,
ctcf,fold_a,20260806,strict,coordinate_plus_frozen_sequence_fm,tissue,heart_left_ventricle,14730.0,11108.0,704.0,0.047793618465716226,14730.0,0.09483565538839986,0.5470648361646553,0.04940319434415585,
ctcf,fold_a,20260806,strict,coordinate_plus_frozen_sequence_fm,tissue,lower_leg_skin,2095.0,2014.0,62.0,0.029594272076372316,2095.0,0.04549956356806955,0.5081676530790347,0.016390352029073147,
ctcf,fold_a,20260806,strict,coordinate_plus_frozen_sequence_fm,tissue,omental_fat_pad,2554.0,2386.0,56.0,0.02192638997650744,2554.0,0.027489538292171083,0.5196764554500743,0.005687862609369475,
ctcf,fold_a,20260806,strict,coordinate_plus_frozen_sequence_fm,tissue,ovary,10837.0,9859.0,367.0,0.03386546092091907,10837.0,0.08821288053782186,0.5700329734104708,0.056252434230026314,
ctcf,fold_a,20260806,strict,coordinate_plus_frozen_sequence_fm,tissue,prostate_gland,15837.0,11618.0,584.0,0.0368756708972659,15837.0,0.07800795817959813,0.5433391050850989,0.04270714178786439,
ctcf,fold_a,20260806,strict,coordinate_plus_frozen_sequence_fm,tissue,right_atrium_auricular_region,9084.0,7545.0,337.0,0.03709819462791722,9084.0,0.10626510170361358,0.5769544047149358,0.07183173475198648,
ctcf,fold_a,20260806,strict,coordinate_plus_frozen_sequence_fm,tissue,right_lobe_of_liver,5635.0,5635.0,332.0,0.05891748003549246,5635.0,0.17003219874897166,0.5963619706054086,0.1180711747973704,
ctcf,fold_a,20260806,strict,coordinate_plus_frozen_sequence_fm,tissue,sigmoid_colon,27113.0,22780.0,497.0,0.01833069007487183,27113.0,0.04832602007282315,0.5657680301829009,0.030555432154886313,
ctcf,fold_a,20260806,strict,coordinate_plus_frozen_sequence_fm,tissue,spleen,74357.0,53075.0,2047.0,0.02752935164140565,74357.0,0.04742616268893295,0.572952596420841,0.020460063325418165,
ctcf,fold_a,20260806,strict,coordinate_plus_frozen_sequence_fm,tissue,stomach,24020.0,18394.0,649.0,0.027019150707743547,24020.0,0.06558984674518857,0.5905306571252127,0.03964178335627185,
ctcf,fold_a,20260806,strict,coordinate_plus_frozen_sequence_fm,tissue,suprapubic_skin,5333.0,4460.0,130.0,0.024376523532720795,5333.0,0.04944545344396539,0.5614586259406555,0.02569529179639966,
ctcf,fold_a,20260806,strict,coordinate_plus_frozen_sequence_fm,tissue,testis,9329.0,6904.0,181.0,0.019401865151677564,9329.0,0.025223992723524755,0.5110645203371446,0.005937322706357941,
ctcf,fold_a,20260806,strict,coordinate_plus_frozen_sequence_fm,tissue,thoracic_aorta,14201.0,12198.0,379.0,0.026688261390042954,14201.0,0.03888521525310034,0.5640550855983101,0.012531395008629572,
ctcf,fold_a,20260806,strict,coordinate_plus_frozen_sequence_fm,tissue,thyroid_gland,27322.0,17495.0,1035.0,0.03788156064709758,27322.0,0.07432280181780976,0.5662111964015203,0.037876044861193676,
ctcf,fold_a,20260806,strict,coordinate_plus_frozen_sequence_fm,tissue,tibial_artery,8061.0,5792.0,326.0,0.04044163255179258,8061.0,0.05632495392723336,0.5320009834986378,0.0165527412550004,
ctcf,fold_a,20260806,strict,coordinate_plus_frozen_sequence_fm,tissue,tibial_nerve,28573.0,19384.0,1120.0,0.03919784411857348,28573.0,0.0811251994701884,0.561974247545155,0.04363786560527786,
ctcf,fold_a,20260806,strict,coordinate_plus_frozen_sequence_fm,tissue,transverse_colon,38664.0,23000.0,1440.0,0.037243947858473,38664.0,0.06562428362564832,0.5659562528356854,0.029478221096659853,
ctcf,fold_a,20260806,strict,coordinate_plus_frozen_sequence_fm,tissue,upper_lobe_of_left_lung,42956.0,29163.0,1379.0,0.03210261663097123,42956.0,0.05011086657604188,0.5487434717307149,0.01860553634558662,
ctcf,fold_a,20260806,strict,coordinate_plus_frozen_sequence_fm,tissue,uterus,18861.0,13149.0,633.0,0.033561317003340224,18861.0,0.07713581979918153,0.5840413217725555,0.04508770557561789,
ctcf,fold_a,20260806,strict,coordinate_plus_frozen_sequence_fm,tissue,vagina,5906.0,4886.0,199.0,0.03369454791737216,5906.0,0.11218381932600978,0.623983330002034,0.0812261498053993,
ctcf,fold_a,20260806,strict,coordinate_plus_frozen_sequence_fm_plus_frozen_pangenomefm,measurement_weight,all,643500.0,151197.0,21942.0,0.034097902097902096,643500.0,0.06429597216033625,0.5635280932523208,0.03126411064643425,
ctcf,fold_a,20260806,strict,coordinate_plus_frozen_sequence_fm_plus_frozen_pangenomefm,equal_locus_weight,all,643500.0,151197.0,21942.0,0.02090197661245274,151197.0,0.035148881752099334,0.5469758581001128,0.014551050864503047,
ctcf,fold_a,20260806,strict,coordinate_plus_frozen_sequence_fm_plus_frozen_pangenomefm,donor,ENC-001,148005.0,45644.0,5143.0,0.03474882605317388,148005.0,0.049508020855570656,0.5388758942413729,0.015290522509335828,
ctcf,fold_a,20260806,strict,coordinate_plus_frozen_sequence_fm_plus_frozen_pangenomefm,donor,ENC-002,179688.0,65276.0,4555.0,0.02534949467966698,179688.0,0.030342511620711755,0.5066063143116767,0.0051228793437128,
ctcf,fold_a,20260806,strict,coordinate_plus_frozen_sequence_fm_plus_frozen_pangenomefm,donor,ENC-003,155876.0,34948.0,6550.0,0.04202058046139239,155876.0,0.1348250477638427,0.6381053201597039,0.09687522029142105,
ctcf,fold_a,20260806,strict,coordinate_plus_frozen_sequence_fm_plus_frozen_pangenomefm,donor,ENC-004,159931.0,35259.0,5694.0,0.035602853730671354,159931.0,0.0511853276112282,0.5423689746336419,0.016157735369537383,
ctcf,fold_a,20260806,strict,coordinate_plus_frozen_sequence_fm_plus_frozen_pangenomefm,tissue,Peyers_patch,29453.0,20899.0,1235.0,0.0419312124401589,29453.0,0.07875601721418249,0.5669283367236522,0.03843649355054635,
ctcf,fold_a,20260806,strict,coordinate_plus_frozen_sequence_fm_plus_frozen_pangenomefm,tissue,adrenal_gland,38695.0,30532.0,1266.0,0.03271740534952836,38695.0,0.05850701024109095,0.55626182517995,0.026661913523711944,
ctcf,fold_a,20260806,strict,coordinate_plus_frozen_sequence_fm_plus_frozen_pangenomefm,tissue,ascending_aorta,9717.0,7149.0,403.0,0.04147370587629927,9717.0,0.09329864931072737,0.5568174007377564,0.05406731536958749,
ctcf,fold_a,20260806,strict,coordinate_plus_frozen_sequence_fm_plus_frozen_pangenomefm,tissue,body_of_pancreas,58052.0,45082.0,2225.0,0.03832770619444636,58052.0,0.05361161633244889,0.5327790246071179,0.015893054459872873,
ctcf,fold_a,20260806,strict,coordinate_plus_frozen_sequence_fm_plus_frozen_pangenomefm,tissue,breast_epithelium,12514.0,10804.0,417.0,0.033322678599968035,12514.0,0.046382539996517355,0.5171566805413237,0.01351005253504325,
ctcf,fold_a,20260806,strict,coordinate_plus_frozen_sequence_fm_plus_frozen_pangenomefm,tissue,coronary_artery,5401.0,5198.0,287.0,0.05313830772079245,5401.0,0.18048539665339233,0.6363371574103474,0.13449386533534843,
ctcf,fold_a,20260806,strict,coordinate_plus_frozen_sequence_fm_plus_frozen_pangenomefm,tissue,esophagus_muscularis_mucosa,17470.0,12234.0,697.0,0.03989696622781912,17470.0,0.06291736082801899,0.534295826771539,0.0239770043322895,
ctcf,fold_a,20260806,strict,coordinate_plus_frozen_sequence_fm_plus_frozen_pangenomefm,tissue,esophagus_squamous_epithelium,36380.0,26396.0,1377.0,0.03785046728971963,36380.0,0.06953917132209313,0.5737949092899621,0.032935321335249776,
ctcf,fold_a,20260806,strict,coordinate_plus_frozen_sequence_fm_plus_frozen_pangenomefm,tissue,gastrocnemius_medialis,20369.0,14339.0,749.0,0.03677156463252983,20369.0,0.11895739274350231,0.6057533388044406,0.0853232993268297,
ctcf,fold_a,20260806,strict,coordinate_plus_frozen_sequence_fm_plus_frozen_pangenomefm,tissue,gastroesophageal_sphincter,29981.0,18822.0,829.0,0.02765084553550582,29981.0,0.04612003825222997,0.538211432710247,0.0189944040491255,
ctcf,fold_a,20260806,strict,coordinate_plus_frozen_sequence_fm_plus_frozen_pangenomefm,tissue,heart_left_ventricle,14730.0,11108.0,704.0,0.047793618465716226,14730.0,0.10280112503668348,0.549818245417601,0.057768470824921404,
ctcf,fold_a,20260806,strict,coordinate_plus_frozen_sequence_fm_plus_frozen_pangenomefm,tissue,lower_leg_skin,2095.0,2014.0,62.0,0.029594272076372316,2095.0,0.05043909336027376,0.5684789679958111,0.02148052168705043,
ctcf,fold_a,20260806,strict,coordinate_plus_frozen_sequence_fm_plus_frozen_pangenomefm,tissue,omental_fat_pad,2554.0,2386.0,56.0,0.02192638997650744,2554.0,0.032975076005413516,0.5339450131533798,0.011296374746927991,
ctcf,fold_a,20260806,strict,coordinate_plus_frozen_sequence_fm_plus_frozen_pangenomefm,tissue,ovary,10837.0,9859.0,367.0,0.03386546092091907,10837.0,0.10212462850639274,0.5855106974904294,0.07065182417610107,
ctcf,fold_a,20260806,strict,coordinate_plus_frozen_sequence_fm_plus_frozen_pangenomefm,tissue,prostate_gland,15837.0,11618.0,584.0,0.0368756708972659,15837.0,0.07827862451300077,0.5387452412235993,0.04298817127203784,
ctcf,fold_a,20260806,strict,coordinate_plus_frozen_sequence_fm_plus_frozen_pangenomefm,tissue,right_atrium_auricular_region,9084.0,7545.0,337.0,0.03709819462791722,9084.0,0.10741929412700982,0.5811097929633526,0.07303039531836711,
ctcf,fold_a,20260806,strict,coordinate_plus_frozen_sequence_fm_plus_frozen_pangenomefm,tissue,right_lobe_of_liver,5635.0,5635.0,332.0,0.05891748003549246,5635.0,0.17027169513556936,0.5944285344281142,0.11832566511199949,
ctcf,fold_a,20260806,strict,coordinate_plus_frozen_sequence_fm_plus_frozen_pangenomefm,tissue,sigmoid_colon,27113.0,22780.0,497.0,0.01833069007487183,27113.0,0.049383192346541635,0.5708932358805675,0.03163234498391131,
ctcf,fold_a,20260806,strict,coordinate_plus_frozen_sequence_fm_plus_frozen_pangenomefm,tissue,spleen,74357.0,53075.0,2047.0,0.02752935164140565,74357.0,0.049571542591374224,0.5793057080608197,0.02266617608168736,
ctcf,fold_a,20260806,strict,coordinate_plus_frozen_sequence_fm_plus_frozen_pangenomefm,tissue,stomach,24020.0,18394.0,649.0,0.027019150707743547,24020.0,0.06486207633246378,0.5997318064826762,0.038893803153728125,
ctcf,fold_a,20260806,strict,coordinate_plus_frozen_sequence_fm_plus_frozen_pangenomefm,tissue,suprapubic_skin,5333.0,4460.0,130.0,0.024376523532720795,5333.0,0.049734630970503874,0.5764573692692085,0.025991694592676754,
ctcf,fold_a,20260806,strict,coordinate_plus_frozen_sequence_fm_plus_frozen_pangenomefm,tissue,testis,9329.0,6904.0,181.0,0.019401865151677564,9329.0,0.027568137452578922,0.5173068653716538,0.008327848086478877,
ctcf,fold_a,20260806,strict,coordinate_plus_frozen_sequence_fm_plus_frozen_pangenomefm,tissue,thoracic_aorta,14201.0,12198.0,379.0,0.026688261390042954,14201.0,0.039633476567284234,0.5562414551540906,0.013300173689191392,
ctcf,fold_a,20260806,strict,coordinate_plus_frozen_sequence_fm_plus_frozen_pangenomefm,tissue,thyroid_gland,27322.0,17495.0,1035.0,0.03788156064709758,27322.0,0.08015413455460056,0.5725086094428851,0.0439369750941833,
ctcf,fold_a,20260806,strict,coordinate_plus_frozen_sequence_fm_plus_frozen_pangenomefm,tissue,tibial_artery,8061.0,5792.0,326.0,0.04044163255179258,8061.0,0.0573577773263684,0.5266718485412097,0.01762909412124831,
ctcf,fold_a,20260806,strict,coordinate_plus_frozen_sequence_fm_plus_frozen_pangenomefm,tissue,tibial_nerve,28573.0,19384.0,1120.0,0.03919784411857348,28573.0,0.08362403689039669,0.5718306384678229,0.04623864809198647,
ctcf,fold_a,20260806,strict,coordinate_plus_frozen_sequence_fm_plus_frozen_pangenomefm,tissue,transverse_colon,38664.0,23000.0,1440.0,0.037243947858473,38664.0,0.06713565351554579,0.5670305485409652,0.03104805790686284,
ctcf,fold_a,20260806,strict,coordinate_plus_frozen_sequence_fm_plus_frozen_pangenomefm,tissue,upper_lobe_of_left_lung,42956.0,29163.0,1379.0,0.03210261663097123,42956.0,0.05313347368814589,0.5566877992505862,0.02172839540486314,
ctcf,fold_a,20260806,strict,coordinate_plus_frozen_sequence_fm_plus_frozen_pangenomefm,tissue,uterus,18861.0,13149.0,633.0,0.033561317003340224,18861.0,0.07835023982623791,0.5885132884117312,0.04634429851671457,
ctcf,fold_a,20260806,strict,coordinate_plus_frozen_sequence_fm_plus_frozen_pangenomefm,tissue,vagina,5906.0,4886.0,199.0,0.03369454791737216,5906.0,0.12004704482340561,0.6149791360869531,0.08936356171842186,
ctcf,fold_a,314159,1hop,coordinate_plus_frozen_sequence_fm,measurement_weight,all,643500.0,151197.0,21942.0,0.034097902097902096,643500.0,0.06196421346109518,0.5597260184895213,0.0288500371038821,
ctcf,fold_a,314159,1hop,coordinate_plus_frozen_sequence_fm,equal_locus_weight,all,643500.0,151197.0,21942.0,0.02090197661245274,151197.0,0.03462690593738487,0.5454659154149453,0.014017931807732309,
ctcf,fold_a,314159,1hop,coordinate_plus_frozen_sequence_fm,donor,ENC-001,148005.0,45644.0,5143.0,0.03474882605317388,148005.0,0.047790797978143285,0.5386476139414604,0.013511479992965918,
ctcf,fold_a,314159,1hop,coordinate_plus_frozen_sequence_fm,donor,ENC-002,179688.0,65276.0,4555.0,0.02534949467966698,179688.0,0.029949539332373026,0.5064153676951793,0.004719686315859627,
ctcf,fold_a,314159,1hop,coordinate_plus_frozen_sequence_fm,donor,ENC-003,155876.0,34948.0,6550.0,0.04202058046139239,155876.0,0.12977882044591413,0.6334676254719297,0.09160764646362528,
ctcf,fold_a,314159,1hop,coordinate_plus_frozen_sequence_fm,donor,ENC-004,159931.0,35259.0,5694.0,0.035602853730671354,159931.0,0.05255807748471427,0.5340863106911594,0.017581163340883433,
ctcf,fold_a,314159,1hop,coordinate_plus_frozen_sequence_fm,tissue,Peyers_patch,29453.0,20899.0,1235.0,0.0419312124401589,29453.0,0.07085706172530683,0.5615426797091356,0.030191829293198028,
ctcf,fold_a,314159,1hop,coordinate_plus_frozen_sequence_fm,tissue,adrenal_gland,38695.0,30532.0,1266.0,0.03271740534952836,38695.0,0.05880083392491431,0.5552364609695779,0.026965675511623585,
ctcf,fold_a,314159,1hop,coordinate_plus_frozen_sequence_fm,tissue,ascending_aorta,9717.0,7149.0,403.0,0.04147370587629927,9717.0,0.08965473583436512,0.5513044745469746,0.050265736321937496,
ctcf,fold_a,314159,1hop,coordinate_plus_frozen_sequence_fm,tissue,body_of_pancreas,58052.0,45082.0,2225.0,0.03832770619444636,58052.0,0.053146140089266165,0.5314253201553838,0.015409026536659313,
ctcf,fold_a,314159,1hop,coordinate_plus_frozen_sequence_fm,tissue,breast_epithelium,12514.0,10804.0,417.0,0.033322678599968035,12514.0,0.04579141189453234,0.5016733244800374,0.012898547445497044,
ctcf,fold_a,314159,1hop,coordinate_plus_frozen_sequence_fm,tissue,coronary_artery,5401.0,5198.0,287.0,0.05313830772079245,5401.0,0.17657453757369712,0.6349738164960844,0.13036352706991358,
ctcf,fold_a,314159,1hop,coordinate_plus_frozen_sequence_fm,tissue,esophagus_muscularis_mucosa,17470.0,12234.0,697.0,0.03989696622781912,17470.0,0.0640340500924355,0.5415967076964319,0.025140097484936993,
ctcf,fold_a,314159,1hop,coordinate_plus_frozen_sequence_fm,tissue,esophagus_squamous_epithelium,36380.0,26396.0,1377.0,0.03785046728971963,36380.0,0.0663021387944492,0.56715519414655,0.029570945614434813,
ctcf,fold_a,314159,1hop,coordinate_plus_frozen_sequence_fm,tissue,gastrocnemius_medialis,20369.0,14339.0,749.0,0.03677156463252983,20369.0,0.10481488305093162,0.6082098931773116,0.07064089464140806,
ctcf,fold_a,314159,1hop,coordinate_plus_frozen_sequence_fm,tissue,gastroesophageal_sphincter,29981.0,18822.0,829.0,0.02765084553550582,29981.0,0.045308422924443405,0.534442161810018,0.01815970868886312,
ctcf,fold_a,314159,1hop,coordinate_plus_frozen_sequence_fm,tissue,heart_left_ventricle,14730.0,11108.0,704.0,0.047793618465716226,14730.0,0.09483565538839986,0.5470648361646553,0.04940319434415585,
ctcf,fold_a,314159,1hop,coordinate_plus_frozen_sequence_fm,tissue,lower_leg_skin,2095.0,2014.0,62.0,0.029594272076372316,2095.0,0.04549956356806955,0.5081676530790347,0.016390352029073147,
ctcf,fold_a,314159,1hop,coordinate_plus_frozen_sequence_fm,tissue,omental_fat_pad,2554.0,2386.0,56.0,0.02192638997650744,2554.0,0.027489538292171083,0.5196764554500743,0.005687862609369475,
ctcf,fold_a,314159,1hop,coordinate_plus_frozen_sequence_fm,tissue,ovary,10837.0,9859.0,367.0,0.03386546092091907,10837.0,0.08821288053782186,0.5700329734104708,0.056252434230026314,
ctcf,fold_a,314159,1hop,coordinate_plus_frozen_sequence_fm,tissue,prostate_gland,15837.0,11618.0,584.0,0.0368756708972659,15837.0,0.07800795817959813,0.5433391050850989,0.04270714178786439,
ctcf,fold_a,314159,1hop,coordinate_plus_frozen_sequence_fm,tissue,right_atrium_auricular_region,9084.0,7545.0,337.0,0.03709819462791722,9084.0,0.10626510170361358,0.5769544047149358,0.07183173475198648,
ctcf,fold_a,314159,1hop,coordinate_plus_frozen_sequence_fm,tissue,right_lobe_of_liver,5635.0,5635.0,332.0,0.05891748003549246,5635.0,0.17003219874897166,0.5963619706054086,0.1180711747973704,
ctcf,fold_a,314159,1hop,coordinate_plus_frozen_sequence_fm,tissue,sigmoid_colon,27113.0,22780.0,497.0,0.01833069007487183,27113.0,0.04832602007282315,0.5657680301829009,0.030555432154886313,
ctcf,fold_a,314159,1hop,coordinate_plus_frozen_sequence_fm,tissue,spleen,74357.0,53075.0,2047.0,0.02752935164140565,74357.0,0.04742616268893295,0.572952596420841,0.020460063325418165,
ctcf,fold_a,314159,1hop,coordinate_plus_frozen_sequence_fm,tissue,stomach,24020.0,18394.0,649.0,0.027019150707743547,24020.0,0.06558984674518857,0.5905306571252127,0.03964178335627185,
ctcf,fold_a,314159,1hop,coordinate_plus_frozen_sequence_fm,tissue,suprapubic_skin,5333.0,4460.0,130.0,0.024376523532720795,5333.0,0.04944545344396539,0.5614586259406555,0.02569529179639966,
ctcf,fold_a,314159,1hop,coordinate_plus_frozen_sequence_fm,tissue,testis,9329.0,6904.0,181.0,0.019401865151677564,9329.0,0.025223992723524755,0.5110645203371446,0.005937322706357941,
ctcf,fold_a,314159,1hop,coordinate_plus_frozen_sequence_fm,tissue,thoracic_aorta,14201.0,12198.0,379.0,0.026688261390042954,14201.0,0.03888521525310034,0.5640550855983101,0.012531395008629572,
ctcf,fold_a,314159,1hop,coordinate_plus_frozen_sequence_fm,tissue,thyroid_gland,27322.0,17495.0,1035.0,0.03788156064709758,27322.0,0.07432280181780976,0.5662111964015203,0.037876044861193676,
ctcf,fold_a,314159,1hop,coordinate_plus_frozen_sequence_fm,tissue,tibial_artery,8061.0,5792.0,326.0,0.04044163255179258,8061.0,0.05632495392723336,0.5320009834986378,0.0165527412550004,
ctcf,fold_a,314159,1hop,coordinate_plus_frozen_sequence_fm,tissue,tibial_nerve,28573.0,19384.0,1120.0,0.03919784411857348,28573.0,0.0811251994701884,0.561974247545155,0.04363786560527786,
ctcf,fold_a,314159,1hop,coordinate_plus_frozen_sequence_fm,tissue,transverse_colon,38664.0,23000.0,1440.0,0.037243947858473,38664.0,0.06562428362564832,0.5659562528356854,0.029478221096659853,
ctcf,fold_a,314159,1hop,coordinate_plus_frozen_sequence_fm,tissue,upper_lobe_of_left_lung,42956.0,29163.0,1379.0,0.03210261663097123,42956.0,0.05011086657604188,0.5487434717307149,0.01860553634558662,
ctcf,fold_a,314159,1hop,coordinate_plus_frozen_sequence_fm,tissue,uterus,18861.0,13149.0,633.0,0.033561317003340224,18861.0,0.07713581979918153,0.5840413217725555,0.04508770557561789,
ctcf,fold_a,314159,1hop,coordinate_plus_frozen_sequence_fm,tissue,vagina,5906.0,4886.0,199.0,0.03369454791737216,5906.0,0.11218381932600978,0.623983330002034,0.0812261498053993,
ctcf,fold_a,314159,1hop,coordinate_plus_frozen_sequence_fm_plus_frozen_pangenomefm,measurement_weight,all,643500.0,151197.0,21942.0,0.034097902097902096,643500.0,0.06637297986585683,0.5660227594140385,0.033414440074263176,
ctcf,fold_a,314159,1hop,coordinate_plus_frozen_sequence_fm_plus_frozen_pangenomefm,equal_locus_weight,all,643500.0,151197.0,21942.0,0.02090197661245274,151197.0,0.035519470561531125,0.5493895854454491,0.0149295510765141,
ctcf,fold_a,314159,1hop,coordinate_plus_frozen_sequence_fm_plus_frozen_pangenomefm,donor,ENC-001,148005.0,45644.0,5143.0,0.03474882605317388,148005.0,0.04538145519897157,0.5407082183899505,0.011015401413418455,
ctcf,fold_a,314159,1hop,coordinate_plus_frozen_sequence_fm_plus_frozen_pangenomefm,donor,ENC-002,179688.0,65276.0,4555.0,0.02534949467966698,179688.0,0.03064737958303184,0.5081241107628518,0.0054356765573354265,
ctcf,fold_a,314159,1hop,coordinate_plus_frozen_sequence_fm_plus_frozen_pangenomefm,donor,ENC-003,155876.0,34948.0,6550.0,0.04202058046139239,155876.0,0.14389154587740827,0.6454969126925842,0.1063394091128597,
ctcf,fold_a,314159,1hop,coordinate_plus_frozen_sequence_fm_plus_frozen_pangenomefm,donor,ENC-004,159931.0,35259.0,5694.0,0.035602853730671354,159931.0,0.05172370863047124,0.5403723882854603,0.01671599191490949,
ctcf,fold_a,314159,1hop,coordinate_plus_frozen_sequence_fm_plus_frozen_pangenomefm,tissue,Peyers_patch,29453.0,20899.0,1235.0,0.0419312124401589,29453.0,0.07616393665951957,0.5656322966102838,0.03573096698677545,
ctcf,fold_a,314159,1hop,coordinate_plus_frozen_sequence_fm_plus_frozen_pangenomefm,tissue,adrenal_gland,38695.0,30532.0,1266.0,0.03271740534952836,38695.0,0.05899352909470593,0.5555862543667194,0.027164888410581258,
ctcf,fold_a,314159,1hop,coordinate_plus_frozen_sequence_fm_plus_frozen_pangenomefm,tissue,ascending_aorta,9717.0,7149.0,403.0,0.04147370587629927,9717.0,0.10300857761961088,0.5631801908703833,0.0641973747830963,
ctcf,fold_a,314159,1hop,coordinate_plus_frozen_sequence_fm_plus_frozen_pangenomefm,tissue,body_of_pancreas,58052.0,45082.0,2225.0,0.03832770619444636,58052.0,0.0544313751806999,0.5334466569375738,0.016745485016031497,
ctcf,fold_a,314159,1hop,coordinate_plus_frozen_sequence_fm_plus_frozen_pangenomefm,tissue,breast_epithelium,12514.0,10804.0,417.0,0.033322678599968035,12514.0,0.04818852901877854,0.5189174278498999,0.015378296448788516,
ctcf,fold_a,314159,1hop,coordinate_plus_frozen_sequence_fm_plus_frozen_pangenomefm,tissue,coronary_artery,5401.0,5198.0,287.0,0.05313830772079245,5401.0,0.18942072774713636,0.6420507890480324,0.14393065126364557,
ctcf,fold_a,314159,1hop,coordinate_plus_frozen_sequence_fm_plus_frozen_pangenomefm,tissue,esophagus_muscularis_mucosa,17470.0,12234.0,697.0,0.03989696622781912,17470.0,0.06709228688424836,0.5451216219001964,0.028325418939236797,
ctcf,fold_a,314159,1hop,coordinate_plus_frozen_sequence_fm_plus_frozen_pangenomefm,tissue,esophagus_squamous_epithelium,36380.0,26396.0,1377.0,0.03785046728971963,36380.0,0.07462845408164283,0.5763678394948656,0.03822481385853115,
ctcf,fold_a,314159,1hop,coordinate_plus_frozen_sequence_fm_plus_frozen_pangenomefm,tissue,gastrocnemius_medialis,20369.0,14339.0,749.0,0.03677156463252983,20369.0,0.11270163756193259,0.6107230639833744,0.07882872861870566,
ctcf,fold_a,314159,1hop,coordinate_plus_frozen_sequence_fm_plus_frozen_pangenomefm,tissue,gastroesophageal_sphincter,29981.0,18822.0,829.0,0.02765084553550582,29981.0,0.04597856605263823,0.5470904797151555,0.018848908782387035,
ctcf,fold_a,314159,1hop,coordinate_plus_frozen_sequence_fm_plus_frozen_pangenomefm,tissue,heart_left_ventricle,14730.0,11108.0,704.0,0.047793618465716226,14730.0,0.1084337526837702,0.5648663946339914,0.0636838141331766,
ctcf,fold_a,314159,1hop,coordinate_plus_frozen_sequence_fm_plus_frozen_pangenomefm,tissue,lower_leg_skin,2095.0,2014.0,62.0,0.029594272076372316,2095.0,0.05358647649617354,0.5406875267759389,0.024723889945638743,
ctcf,fold_a,314159,1hop,coordinate_plus_frozen_sequence_fm_plus_frozen_pangenomefm,tissue,omental_fat_pad,2554.0,2386.0,56.0,0.02192638997650744,2554.0,0.03693467351956752,0.5680794635708568,0.015344738258196738,
ctcf,fold_a,314159,1hop,coordinate_plus_frozen_sequence_fm_plus_frozen_pangenomefm,tissue,ovary,10837.0,9859.0,367.0,0.03386546092091907,10837.0,0.09631737386027305,0.5885943750016265,0.06464101055623486,
ctcf,fold_a,314159,1hop,coordinate_plus_frozen_sequence_fm_plus_frozen_pangenomefm,tissue,prostate_gland,15837.0,11618.0,584.0,0.0368756708972659,15837.0,0.0710594056322741,0.5530728740539701,0.0354925461875254,
ctcf,fold_a,314159,1hop,coordinate_plus_frozen_sequence_fm_plus_frozen_pangenomefm,tissue,right_atrium_auricular_region,9084.0,7545.0,337.0,0.03709819462791722,9084.0,0.10961131448010994,0.5864097872979935,0.0753068687249707,
ctcf,fold_a,314159,1hop,coordinate_plus_frozen_sequence_fm_plus_frozen_pangenomefm,tissue,right_lobe_of_liver,5635.0,5635.0,332.0,0.05891748003549246,5635.0,0.17549811071763063,0.6024922810230173,0.12387928604447455,
ctcf,fold_a,314159,1hop,coordinate_plus_frozen_sequence_fm_plus_frozen_pangenomefm,tissue,sigmoid_colon,27113.0,22780.0,497.0,0.01833069007487183,27113.0,0.05243226618487817,0.5788858867058679,0.034738354112962194,
ctcf,fold_a,314159,1hop,coordinate_plus_frozen_sequence_fm_plus_frozen_pangenomefm,tissue,spleen,74357.0,53075.0,2047.0,0.02752935164140565,74357.0,0.052262258258781544,0.5754377102818924,0.02543306233367749,
ctcf,fold_a,314159,1hop,coordinate_plus_frozen_sequence_fm_plus_frozen_pangenomefm,tissue,stomach,24020.0,18394.0,649.0,0.027019150707743547,24020.0,0.07661704161334976,0.5999717229529782,0.050975197447805445,
ctcf,fold_a,314159,1hop,coordinate_plus_frozen_sequence_fm_plus_frozen_pangenomefm,tissue,suprapubic_skin,5333.0,4460.0,130.0,0.024376523532720795,5333.0,0.043700936660758014,0.565202028415559,0.019807244899446953,
ctcf,fold_a,314159,1hop,coordinate_plus_frozen_sequence_fm_plus_frozen_pangenomefm,tissue,testis,9329.0,6904.0,181.0,0.019401865151677564,9329.0,0.027197284010753855,0.5211672629587846,0.00794965703282933,
ctcf,fold_a,314159,1hop,coordinate_plus_frozen_sequence_fm_plus_frozen_pangenomefm,tissue,thoracic_aorta,14201.0,12198.0,379.0,0.026688261390042954,14201.0,0.03760442634357952,0.5604951228758864,0.011215486796785763,
ctcf,fold_a,314159,1hop,coordinate_plus_frozen_sequence_fm_plus_frozen_pangenomefm,tissue,thyroid_gland,27322.0,17495.0,1035.0,0.03788156064709758,27322.0,0.07640541612626528,0.5711943175012208,0.040040658097227524,
ctcf,fold_a,314159,1hop,coordinate_plus_frozen_sequence_fm_plus_frozen_pangenomefm,tissue,tibial_artery,8061.0,5792.0,326.0,0.04044163255179258,8061.0,0.05115966496488639,0.5249923659883963,0.011169755563277203,
ctcf,fold_a,314159,1hop,coordinate_plus_frozen_sequence_fm_plus_frozen_pangenomefm,tissue,tibial_nerve,28573.0,19384.0,1120.0,0.03919784411857348,28573.0,0.0895924554561782,0.5743264299764272,0.05245056022108256,
ctcf,fold_a,314159,1hop,coordinate_plus_frozen_sequence_fm_plus_frozen_pangenomefm,tissue,transverse_colon,38664.0,23000.0,1440.0,0.037243947858473,38664.0,0.06759715274759205,0.5656998844831291,0.03152741010726679,
ctcf,fold_a,314159,1hop,coordinate_plus_frozen_sequence_fm_plus_frozen_pangenomefm,tissue,upper_lobe_of_left_lung,42956.0,29163.0,1379.0,0.03210261663097123,42956.0,0.052360869764444685,0.5556689918386747,0.020930166236175912,
ctcf,fold_a,314159,1hop,coordinate_plus_frozen_sequence_fm_plus_frozen_pangenomefm,tissue,uterus,18861.0,13149.0,633.0,0.033561317003340224,18861.0,0.09064482344510245,0.6009825170449365,0.05906583360753113,
ctcf,fold_a,314159,1hop,coordinate_plus_frozen_sequence_fm_plus_frozen_pangenomefm,tissue,vagina,5906.0,4886.0,199.0,0.03369454791737216,5906.0,0.14659257172046897,0.6285981334744513,0.1168347167655668,
ctcf,fold_a,314159,strict,coordinate_plus_frozen_sequence_fm,measurement_weight,all,643500.0,151197.0,21942.0,0.034097902097902096,643500.0,0.06196421346109518,0.5597260184895213,0.0288500371038821,
ctcf,fold_a,314159,strict,coordinate_plus_frozen_sequence_fm,equal_locus_weight,all,643500.0,151197.0,21942.0,0.02090197661245274,151197.0,0.03462690593738487,0.5454659154149453,0.014017931807732309,
ctcf,fold_a,314159,strict,coordinate_plus_frozen_sequence_fm,donor,ENC-001,148005.0,45644.0,5143.0,0.03474882605317388,148005.0,0.047790797978143285,0.5386476139414604,0.013511479992965918,
ctcf,fold_a,314159,strict,coordinate_plus_frozen_sequence_fm,donor,ENC-002,179688.0,65276.0,4555.0,0.02534949467966698,179688.0,0.029949539332373026,0.5064153676951793,0.004719686315859627,
ctcf,fold_a,314159,strict,coordinate_plus_frozen_sequence_fm,donor,ENC-003,155876.0,34948.0,6550.0,0.04202058046139239,155876.0,0.12977882044591413,0.6334676254719297,0.09160764646362528,
ctcf,fold_a,314159,strict,coordinate_plus_frozen_sequence_fm,donor,ENC-004,159931.0,35259.0,5694.0,0.035602853730671354,159931.0,0.05255807748471427,0.5340863106911594,0.017581163340883433,
ctcf,fold_a,314159,strict,coordinate_plus_frozen_sequence_fm,tissue,Peyers_patch,29453.0,20899.0,1235.0,0.0419312124401589,29453.0,0.07085706172530683,0.5615426797091356,0.030191829293198028,
ctcf,fold_a,314159,strict,coordinate_plus_frozen_sequence_fm,tissue,adrenal_gland,38695.0,30532.0,1266.0,0.03271740534952836,38695.0,0.05880083392491431,0.5552364609695779,0.026965675511623585,
ctcf,fold_a,314159,strict,coordinate_plus_frozen_sequence_fm,tissue,ascending_aorta,9717.0,7149.0,403.0,0.04147370587629927,9717.0,0.08965473583436512,0.5513044745469746,0.050265736321937496,
ctcf,fold_a,314159,strict,coordinate_plus_frozen_sequence_fm,tissue,body_of_pancreas,58052.0,45082.0,2225.0,0.03832770619444636,58052.0,0.053146140089266165,0.5314253201553838,0.015409026536659313,
ctcf,fold_a,314159,strict,coordinate_plus_frozen_sequence_fm,tissue,breast_epithelium,12514.0,10804.0,417.0,0.033322678599968035,12514.0,0.04579141189453234,0.5016733244800374,0.012898547445497044,
ctcf,fold_a,314159,strict,coordinate_plus_frozen_sequence_fm,tissue,coronary_artery,5401.0,5198.0,287.0,0.05313830772079245,5401.0,0.17657453757369712,0.6349738164960844,0.13036352706991358,
ctcf,fold_a,314159,strict,coordinate_plus_frozen_sequence_fm,tissue,esophagus_muscularis_mucosa,17470.0,12234.0,697.0,0.03989696622781912,17470.0,0.0640340500924355,0.5415967076964319,0.025140097484936993,
ctcf,fold_a,314159,strict,coordinate_plus_frozen_sequence_fm,tissue,esophagus_squamous_epithelium,36380.0,26396.0,1377.0,0.03785046728971963,36380.0,0.0663021387944492,0.56715519414655,0.029570945614434813,
ctcf,fold_a,314159,strict,coordinate_plus_frozen_sequence_fm,tissue,gastrocnemius_medialis,20369.0,14339.0,749.0,0.03677156463252983,20369.0,0.10481488305093162,0.6082098931773116,0.07064089464140806,
ctcf,fold_a,314159,strict,coordinate_plus_frozen_sequence_fm,tissue,gastroesophageal_sphincter,29981.0,18822.0,829.0,0.02765084553550582,29981.0,0.045308422924443405,0.534442161810018,0.01815970868886312,
ctcf,fold_a,314159,strict,coordinate_plus_frozen_sequence_fm,tissue,heart_left_ventricle,14730.0,11108.0,704.0,0.047793618465716226,14730.0,0.09483565538839986,0.5470648361646553,0.04940319434415585,
ctcf,fold_a,314159,strict,coordinate_plus_frozen_sequence_fm,tissue,lower_leg_skin,2095.0,2014.0,62.0,0.029594272076372316,2095.0,0.04549956356806955,0.5081676530790347,0.016390352029073147,
ctcf,fold_a,314159,strict,coordinate_plus_frozen_sequence_fm,tissue,omental_fat_pad,2554.0,2386.0,56.0,0.02192638997650744,2554.0,0.027489538292171083,0.5196764554500743,0.005687862609369475,
ctcf,fold_a,314159,strict,coordinate_plus_frozen_sequence_fm,tissue,ovary,10837.0,9859.0,367.0,0.03386546092091907,10837.0,0.08821288053782186,0.5700329734104708,0.056252434230026314,
ctcf,fold_a,314159,strict,coordinate_plus_frozen_sequence_fm,tissue,prostate_gland,15837.0,11618.0,584.0,0.0368756708972659,15837.0,0.07800795817959813,0.5433391050850989,0.04270714178786439,
ctcf,fold_a,314159,strict,coordinate_plus_frozen_sequence_fm,tissue,right_atrium_auricular_region,9084.0,7545.0,337.0,0.03709819462791722,9084.0,0.10626510170361358,0.5769544047149358,0.07183173475198648,
ctcf,fold_a,314159,strict,coordinate_plus_frozen_sequence_fm,tissue,right_lobe_of_liver,5635.0,5635.0,332.0,0.05891748003549246,5635.0,0.17003219874897166,0.5963619706054086,0.1180711747973704,
ctcf,fold_a,314159,strict,coordinate_plus_frozen_sequence_fm,tissue,sigmoid_colon,27113.0,22780.0,497.0,0.01833069007487183,27113.0,0.04832602007282315,0.5657680301829009,0.030555432154886313,
ctcf,fold_a,314159,strict,coordinate_plus_frozen_sequence_fm,tissue,spleen,74357.0,53075.0,2047.0,0.02752935164140565,74357.0,0.04742616268893295,0.572952596420841,0.020460063325418165,
ctcf,fold_a,314159,strict,coordinate_plus_frozen_sequence_fm,tissue,stomach,24020.0,18394.0,649.0,0.027019150707743547,24020.0,0.06558984674518857,0.5905306571252127,0.03964178335627185,
ctcf,fold_a,314159,strict,coordinate_plus_frozen_sequence_fm,tissue,suprapubic_skin,5333.0,4460.0,130.0,0.024376523532720795,5333.0,0.04944545344396539,0.5614586259406555,0.02569529179639966,
ctcf,fold_a,314159,strict,coordinate_plus_frozen_sequence_fm,tissue,testis,9329.0,6904.0,181.0,0.019401865151677564,9329.0,0.025223992723524755,0.5110645203371446,0.005937322706357941,
ctcf,fold_a,314159,strict,coordinate_plus_frozen_sequence_fm,tissue,thoracic_aorta,14201.0,12198.0,379.0,0.026688261390042954,14201.0,0.03888521525310034,0.5640550855983101,0.012531395008629572,
ctcf,fold_a,314159,strict,coordinate_plus_frozen_sequence_fm,tissue,thyroid_gland,27322.0,17495.0,1035.0,0.03788156064709758,27322.0,0.07432280181780976,0.5662111964015203,0.037876044861193676,
ctcf,fold_a,314159,strict,coordinate_plus_frozen_sequence_fm,tissue,tibial_artery,8061.0,5792.0,326.0,0.04044163255179258,8061.0,0.05632495392723336,0.5320009834986378,0.0165527412550004,
ctcf,fold_a,314159,strict,coordinate_plus_frozen_sequence_fm,tissue,tibial_nerve,28573.0,19384.0,1120.0,0.03919784411857348,28573.0,0.0811251994701884,0.561974247545155,0.04363786560527786,
ctcf,fold_a,314159,strict,coordinate_plus_frozen_sequence_fm,tissue,transverse_colon,38664.0,23000.0,1440.0,0.037243947858473,38664.0,0.06562428362564832,0.5659562528356854,0.029478221096659853,
ctcf,fold_a,314159,strict,coordinate_plus_frozen_sequence_fm,tissue,upper_lobe_of_left_lung,42956.0,29163.0,1379.0,0.03210261663097123,42956.0,0.05011086657604188,0.5487434717307149,0.01860553634558662,
ctcf,fold_a,314159,strict,coordinate_plus_frozen_sequence_fm,tissue,uterus,18861.0,13149.0,633.0,0.033561317003340224,18861.0,0.07713581979918153,0.5840413217725555,0.04508770557561789,
ctcf,fold_a,314159,strict,coordinate_plus_frozen_sequence_fm,tissue,vagina,5906.0,4886.0,199.0,0.03369454791737216,5906.0,0.11218381932600978,0.623983330002034,0.0812261498053993,
ctcf,fold_a,314159,strict,coordinate_plus_frozen_sequence_fm_plus_frozen_pangenomefm,measurement_weight,all,643500.0,151197.0,21942.0,0.034097902097902096,643500.0,0.0648690865566579,0.5615158974775596,0.031857456905404424,
ctcf,fold_a,314159,strict,coordinate_plus_frozen_sequence_fm_plus_frozen_pangenomefm,equal_locus_weight,all,643500.0,151197.0,21942.0,0.02090197661245274,151197.0,0.03506229472710715,0.5458527779394635,0.014462615362720905,
ctcf,fold_a,314159,strict,coordinate_plus_frozen_sequence_fm_plus_frozen_pangenomefm,donor,ENC-001,148005.0,45644.0,5143.0,0.03474882605317388,148005.0,0.0485148376047712,0.5389559090203844,0.014261584883973073,
ctcf,fold_a,314159,strict,coordinate_plus_frozen_sequence_fm_plus_frozen_pangenomefm,donor,ENC-002,179688.0,65276.0,4555.0,0.02534949467966698,179688.0,0.03046150963320228,0.5054511226321375,0.005244972352274278,
ctcf,fold_a,314159,strict,coordinate_plus_frozen_sequence_fm_plus_frozen_pangenomefm,donor,ENC-003,155876.0,34948.0,6550.0,0.04202058046139239,155876.0,0.13132749946087777,0.6305942278245057,0.09322425636502539,
ctcf,fold_a,314159,strict,coordinate_plus_frozen_sequence_fm_plus_frozen_pangenomefm,donor,ENC-004,159931.0,35259.0,5694.0,0.035602853730671354,159931.0,0.052088576071927184,0.5440232383009959,0.017094329244989118,
ctcf,fold_a,314159,strict,coordinate_plus_frozen_sequence_fm_plus_frozen_pangenomefm,tissue,Peyers_patch,29453.0,20899.0,1235.0,0.0419312124401589,29453.0,0.07612709935172814,0.5605282240095405,0.035692517442995564,
ctcf,fold_a,314159,strict,coordinate_plus_frozen_sequence_fm_plus_frozen_pangenomefm,tissue,adrenal_gland,38695.0,30532.0,1266.0,0.03271740534952836,38695.0,0.05796419536259152,0.5546812022020249,0.02610073845295036,
ctcf,fold_a,314159,strict,coordinate_plus_frozen_sequence_fm_plus_frozen_pangenomefm,tissue,ascending_aorta,9717.0,7149.0,403.0,0.04147370587629927,9717.0,0.09211962785191198,0.5610611257313758,0.052837279776361254,
ctcf,fold_a,314159,strict,coordinate_plus_frozen_sequence_fm_plus_frozen_pangenomefm,tissue,body_of_pancreas,58052.0,45082.0,2225.0,0.03832770619444636,58052.0,0.054267827816434445,0.5319254808645408,0.016575419427869175,
ctcf,fold_a,314159,strict,coordinate_plus_frozen_sequence_fm_plus_frozen_pangenomefm,tissue,breast_epithelium,12514.0,10804.0,417.0,0.033322678599968035,12514.0,0.04770777651830713,0.514380262343816,0.014880971757468414,
ctcf,fold_a,314159,strict,coordinate_plus_frozen_sequence_fm_plus_frozen_pangenomefm,tissue,coronary_artery,5401.0,5198.0,287.0,0.05313830772079245,5401.0,0.174269165353441,0.6365436003373945,0.1279287763148093,
ctcf,fold_a,314159,strict,coordinate_plus_frozen_sequence_fm_plus_frozen_pangenomefm,tissue,esophagus_muscularis_mucosa,17470.0,12234.0,697.0,0.03989696622781912,17470.0,0.06502380673088366,0.534229620758442,0.026170983341592895,
ctcf,fold_a,314159,strict,coordinate_plus_frozen_sequence_fm_plus_frozen_pangenomefm,tissue,esophagus_squamous_epithelium,36380.0,26396.0,1377.0,0.03785046728971963,36380.0,0.07104954695633042,0.5692672550465692,0.03450511436937693,
ctcf,fold_a,314159,strict,coordinate_plus_frozen_sequence_fm_plus_frozen_pangenomefm,tissue,gastrocnemius_medialis,20369.0,14339.0,749.0,0.03677156463252983,20369.0,0.11469644761091297,0.6046431939834152,0.08089969120217565,
ctcf,fold_a,314159,strict,coordinate_plus_frozen_sequence_fm_plus_frozen_pangenomefm,tissue,gastroesophageal_sphincter,29981.0,18822.0,829.0,0.02765084553550582,29981.0,0.04663409365726627,0.5360223532842792,0.019523077728406286,
ctcf,fold_a,314159,strict,coordinate_plus_frozen_sequence_fm_plus_frozen_pangenomefm,tissue,heart_left_ventricle,14730.0,11108.0,704.0,0.047793618465716226,14730.0,0.09995894251061394,0.552615151407127,0.0547836320534253,
ctcf,fold_a,314159,strict,coordinate_plus_frozen_sequence_fm_plus_frozen_pangenomefm,tissue,lower_leg_skin,2095.0,2014.0,62.0,0.029594272076372316,2095.0,0.04715261315700001,0.544995477841423,0.018093814345260712,
ctcf,fold_a,314159,strict,coordinate_plus_frozen_sequence_fm_plus_frozen_pangenomefm,tissue,omental_fat_pad,2554.0,2386.0,56.0,0.02192638997650744,2554.0,0.029156375070071825,0.5466408841358801,0.007392066424725157,
ctcf,fold_a,314159,strict,coordinate_plus_frozen_sequence_fm_plus_frozen_pangenomefm,tissue,ovary,10837.0,9859.0,367.0,0.03386546092091907,10837.0,0.09187329404106549,0.5842410780509514,0.06004115449121555,
ctcf,fold_a,314159,strict,coordinate_plus_frozen_sequence_fm_plus_frozen_pangenomefm,tissue,prostate_gland,15837.0,11618.0,584.0,0.0368756708972659,15837.0,0.07960164978639153,0.5450362223824822,0.044361851941721805,
ctcf,fold_a,314159,strict,coordinate_plus_frozen_sequence_fm_plus_frozen_pangenomefm,tissue,right_atrium_auricular_region,9084.0,7545.0,337.0,0.03709819462791722,9084.0,0.10447956893105312,0.5907063006595903,0.06997740987420675,
ctcf,fold_a,314159,strict,coordinate_plus_frozen_sequence_fm_plus_frozen_pangenomefm,tissue,right_lobe_of_liver,5635.0,5635.0,332.0,0.05891748003549246,5635.0,0.15542746137522145,0.5888480378235552,0.10255209218355137,
ctcf,fold_a,314159,strict,coordinate_plus_frozen_sequence_fm_plus_frozen_pangenomefm,tissue,sigmoid_colon,27113.0,22780.0,497.0,0.01833069007487183,27113.0,0.05146674662132759,0.5659584951851173,0.03375480542320615,
ctcf,fold_a,314159,strict,coordinate_plus_frozen_sequence_fm_plus_frozen_pangenomefm,tissue,spleen,74357.0,53075.0,2047.0,0.02752935164140565,74357.0,0.04993676994875455,0.5748501927832433,0.02304174254016792,
ctcf,fold_a,314159,strict,coordinate_plus_frozen_sequence_fm_plus_frozen_pangenomefm,tissue,stomach,24020.0,18394.0,649.0,0.027019150707743547,24020.0,0.06838968691875186,0.6023277699391585,0.04251937357359204,
ctcf,fold_a,314159,strict,coordinate_plus_frozen_sequence_fm_plus_frozen_pangenomefm,tissue,suprapubic_skin,5333.0,4460.0,130.0,0.024376523532720795,5333.0,0.04704757282587735,0.561474888747616,0.02323749872773475,
ctcf,fold_a,314159,strict,coordinate_plus_frozen_sequence_fm_plus_frozen_pangenomefm,tissue,testis,9329.0,6904.0,181.0,0.019401865151677564,9329.0,0.027382511525619387,0.5246979081863137,0.00813854941216695,
ctcf,fold_a,314159,strict,coordinate_plus_frozen_sequence_fm_plus_frozen_pangenomefm,tissue,thoracic_aorta,14201.0,12198.0,379.0,0.026688261390042954,14201.0,0.03765906301929116,0.5544060193893792,0.0112716216131496,
ctcf,fold_a,314159,strict,coordinate_plus_frozen_sequence_fm_plus_frozen_pangenomefm,tissue,thyroid_gland,27322.0,17495.0,1035.0,0.03788156064709758,27322.0,0.0773727562720232,0.5690145511943691,0.04104608539826598,
ctcf,fold_a,314159,strict,coordinate_plus_frozen_sequence_fm_plus_frozen_pangenomefm,tissue,tibial_artery,8061.0,5792.0,326.0,0.04044163255179258,8061.0,0.05303596361481129,0.5173516126601655,0.013125132863476899,
ctcf,fold_a,314159,strict,coordinate_plus_frozen_sequence_fm_plus_frozen_pangenomefm,tissue,tibial_nerve,28573.0,19384.0,1120.0,0.03919784411857348,28573.0,0.08432700412205768,0.5674069416040922,0.04697029427674768,
ctcf,fold_a,314159,strict,coordinate_plus_frozen_sequence_fm_plus_frozen_pangenomefm,tissue,transverse_colon,38664.0,23000.0,1440.0,0.037243947858473,38664.0,0.06906480758383218,0.565757157867087,0.033051840759222205,
ctcf,fold_a,314159,strict,coordinate_plus_frozen_sequence_fm_plus_frozen_pangenomefm,tissue,upper_lobe_of_left_lung,42956.0,29163.0,1379.0,0.03210261663097123,42956.0,0.0519775504882501,0.5506544005833258,0.020534133265345533,
ctcf,fold_a,314159,strict,coordinate_plus_frozen_sequence_fm_plus_frozen_pangenomefm,tissue,uterus,18861.0,13149.0,633.0,0.033561317003340224,18861.0,0.08320891509577447,0.5873604346697145,0.051371700001174136,
ctcf,fold_a,314159,strict,coordinate_plus_frozen_sequence_fm_plus_frozen_pangenomefm,tissue,vagina,5906.0,4886.0,199.0,0.03369454791737216,5906.0,0.1237884476821336,0.6292884608780718,0.09323542526908725,
ctcf,fold_a,42,1hop,coordinate_plus_frozen_sequence_fm,measurement_weight,all,643500.0,151197.0,21942.0,0.034097902097902096,643500.0,0.06196421346109518,0.5597260184895213,0.0288500371038821,
ctcf,fold_a,42,1hop,coordinate_plus_frozen_sequence_fm,equal_locus_weight,all,643500.0,151197.0,21942.0,0.02090197661245274,151197.0,0.03462690593738487,0.5454659154149453,0.014017931807732309,
ctcf,fold_a,42,1hop,coordinate_plus_frozen_sequence_fm,donor,ENC-001,148005.0,45644.0,5143.0,0.03474882605317388,148005.0,0.047790797978143285,0.5386476139414604,0.013511479992965918,
ctcf,fold_a,42,1hop,coordinate_plus_frozen_sequence_fm,donor,ENC-002,179688.0,65276.0,4555.0,0.02534949467966698,179688.0,0.029949539332373026,0.5064153676951793,0.004719686315859627,
ctcf,fold_a,42,1hop,coordinate_plus_frozen_sequence_fm,donor,ENC-003,155876.0,34948.0,6550.0,0.04202058046139239,155876.0,0.12977882044591413,0.6334676254719297,0.09160764646362528,
ctcf,fold_a,42,1hop,coordinate_plus_frozen_sequence_fm,donor,ENC-004,159931.0,35259.0,5694.0,0.035602853730671354,159931.0,0.05255807748471427,0.5340863106911594,0.017581163340883433,
ctcf,fold_a,42,1hop,coordinate_plus_frozen_sequence_fm,tissue,Peyers_patch,29453.0,20899.0,1235.0,0.0419312124401589,29453.0,0.07085706172530683,0.5615426797091356,0.030191829293198028,
ctcf,fold_a,42,1hop,coordinate_plus_frozen_sequence_fm,tissue,adrenal_gland,38695.0,30532.0,1266.0,0.03271740534952836,38695.0,0.05880083392491431,0.5552364609695779,0.026965675511623585,
ctcf,fold_a,42,1hop,coordinate_plus_frozen_sequence_fm,tissue,ascending_aorta,9717.0,7149.0,403.0,0.04147370587629927,9717.0,0.08965473583436512,0.5513044745469746,0.050265736321937496,
ctcf,fold_a,42,1hop,coordinate_plus_frozen_sequence_fm,tissue,body_of_pancreas,58052.0,45082.0,2225.0,0.03832770619444636,58052.0,0.053146140089266165,0.5314253201553838,0.015409026536659313,
ctcf,fold_a,42,1hop,coordinate_plus_frozen_sequence_fm,tissue,breast_epithelium,12514.0,10804.0,417.0,0.033322678599968035,12514.0,0.04579141189453234,0.5016733244800374,0.012898547445497044,
ctcf,fold_a,42,1hop,coordinate_plus_frozen_sequence_fm,tissue,coronary_artery,5401.0,5198.0,287.0,0.05313830772079245,5401.0,0.17657453757369712,0.6349738164960844,0.13036352706991358,
ctcf,fold_a,42,1hop,coordinate_plus_frozen_sequence_fm,tissue,esophagus_muscularis_mucosa,17470.0,12234.0,697.0,0.03989696622781912,17470.0,0.0640340500924355,0.5415967076964319,0.025140097484936993,
ctcf,fold_a,42,1hop,coordinate_plus_frozen_sequence_fm,tissue,esophagus_squamous_epithelium,36380.0,26396.0,1377.0,0.03785046728971963,36380.0,0.0663021387944492,0.56715519414655,0.029570945614434813,
ctcf,fold_a,42,1hop,coordinate_plus_frozen_sequence_fm,tissue,gastrocnemius_medialis,20369.0,14339.0,749.0,0.03677156463252983,20369.0,0.10481488305093162,0.6082098931773116,0.07064089464140806,
ctcf,fold_a,42,1hop,coordinate_plus_frozen_sequence_fm,tissue,gastroesophageal_sphincter,29981.0,18822.0,829.0,0.02765084553550582,29981.0,0.045308422924443405,0.534442161810018,0.01815970868886312,
ctcf,fold_a,42,1hop,coordinate_plus_frozen_sequence_fm,tissue,heart_left_ventricle,14730.0,11108.0,704.0,0.047793618465716226,14730.0,0.09483565538839986,0.5470648361646553,0.04940319434415585,
ctcf,fold_a,42,1hop,coordinate_plus_frozen_sequence_fm,tissue,lower_leg_skin,2095.0,2014.0,62.0,0.029594272076372316,2095.0,0.04549956356806955,0.5081676530790347,0.016390352029073147,
ctcf,fold_a,42,1hop,coordinate_plus_frozen_sequence_fm,tissue,omental_fat_pad,2554.0,2386.0,56.0,0.02192638997650744,2554.0,0.027489538292171083,0.5196764554500743,0.005687862609369475,
ctcf,fold_a,42,1hop,coordinate_plus_frozen_sequence_fm,tissue,ovary,10837.0,9859.0,367.0,0.03386546092091907,10837.0,0.08821288053782186,0.5700329734104708,0.056252434230026314,
ctcf,fold_a,42,1hop,coordinate_plus_frozen_sequence_fm,tissue,prostate_gland,15837.0,11618.0,584.0,0.0368756708972659,15837.0,0.07800795817959813,0.5433391050850989,0.04270714178786439,
ctcf,fold_a,42,1hop,coordinate_plus_frozen_sequence_fm,tissue,right_atrium_auricular_region,9084.0,7545.0,337.0,0.03709819462791722,9084.0,0.10626510170361358,0.5769544047149358,0.07183173475198648,
ctcf,fold_a,42,1hop,coordinate_plus_frozen_sequence_fm,tissue,right_lobe_of_liver,5635.0,5635.0,332.0,0.05891748003549246,5635.0,0.17003219874897166,0.5963619706054086,0.1180711747973704,
ctcf,fold_a,42,1hop,coordinate_plus_frozen_sequence_fm,tissue,sigmoid_colon,27113.0,22780.0,497.0,0.01833069007487183,27113.0,0.04832602007282315,0.5657680301829009,0.030555432154886313,
ctcf,fold_a,42,1hop,coordinate_plus_frozen_sequence_fm,tissue,spleen,74357.0,53075.0,2047.0,0.02752935164140565,74357.0,0.04742616268893295,0.572952596420841,0.020460063325418165,
ctcf,fold_a,42,1hop,coordinate_plus_frozen_sequence_fm,tissue,stomach,24020.0,18394.0,649.0,0.027019150707743547,24020.0,0.06558984674518857,0.5905306571252127,0.03964178335627185,
ctcf,fold_a,42,1hop,coordinate_plus_frozen_sequence_fm,tissue,suprapubic_skin,5333.0,4460.0,130.0,0.024376523532720795,5333.0,0.04944545344396539,0.5614586259406555,0.02569529179639966,
ctcf,fold_a,42,1hop,coordinate_plus_frozen_sequence_fm,tissue,testis,9329.0,6904.0,181.0,0.019401865151677564,9329.0,0.025223992723524755,0.5110645203371446,0.005937322706357941,
ctcf,fold_a,42,1hop,coordinate_plus_frozen_sequence_fm,tissue,thoracic_aorta,14201.0,12198.0,379.0,0.026688261390042954,14201.0,0.03888521525310034,0.5640550855983101,0.012531395008629572,
ctcf,fold_a,42,1hop,coordinate_plus_frozen_sequence_fm,tissue,thyroid_gland,27322.0,17495.0,1035.0,0.03788156064709758,27322.0,0.07432280181780976,0.5662111964015203,0.037876044861193676,
ctcf,fold_a,42,1hop,coordinate_plus_frozen_sequence_fm,tissue,tibial_artery,8061.0,5792.0,326.0,0.04044163255179258,8061.0,0.05632495392723336,0.5320009834986378,0.0165527412550004,
ctcf,fold_a,42,1hop,coordinate_plus_frozen_sequence_fm,tissue,tibial_nerve,28573.0,19384.0,1120.0,0.03919784411857348,28573.0,0.0811251994701884,0.561974247545155,0.04363786560527786,
ctcf,fold_a,42,1hop,coordinate_plus_frozen_sequence_fm,tissue,transverse_colon,38664.0,23000.0,1440.0,0.037243947858473,38664.0,0.06562428362564832,0.5659562528356854,0.029478221096659853,
ctcf,fold_a,42,1hop,coordinate_plus_frozen_sequence_fm,tissue,upper_lobe_of_left_lung,42956.0,29163.0,1379.0,0.03210261663097123,42956.0,0.05011086657604188,0.5487434717307149,0.01860553634558662,
ctcf,fold_a,42,1hop,coordinate_plus_frozen_sequence_fm,tissue,uterus,18861.0,13149.0,633.0,0.033561317003340224,18861.0,0.07713581979918153,0.5840413217725555,0.04508770557561789,
ctcf,fold_a,42,1hop,coordinate_plus_frozen_sequence_fm,tissue,vagina,5906.0,4886.0,199.0,0.03369454791737216,5906.0,0.11218381932600978,0.623983330002034,0.0812261498053993,
ctcf,fold_a,42,1hop,coordinate_plus_frozen_sequence_fm_plus_frozen_pangenomefm,measurement_weight,all,643500.0,151197.0,21942.0,0.034097902097902096,643500.0,0.0658414828728507,0.5645032498346327,0.03286418038007624,
ctcf,fold_a,42,1hop,coordinate_plus_frozen_sequence_fm_plus_frozen_pangenomefm,equal_locus_weight,all,643500.0,151197.0,21942.0,0.02090197661245274,151197.0,0.035219840934853044,0.5482501874127779,0.014623524897805863,
ctcf,fold_a,42,1hop,coordinate_plus_frozen_sequence_fm_plus_frozen_pangenomefm,donor,ENC-001,148005.0,45644.0,5143.0,0.03474882605317388,148005.0,0.04733266911187971,0.5425987121532171,0.01303685859013423,
ctcf,fold_a,42,1hop,coordinate_plus_frozen_sequence_fm_plus_frozen_pangenomefm,donor,ENC-002,179688.0,65276.0,4555.0,0.02534949467966698,179688.0,0.030044496362830696,0.5134973531140326,0.004817113065180874,
ctcf,fold_a,42,1hop,coordinate_plus_frozen_sequence_fm_plus_frozen_pangenomefm,donor,ENC-003,155876.0,34948.0,6550.0,0.04202058046139239,155876.0,0.13843385111095702,0.6377648007796457,0.10064231932665131,
ctcf,fold_a,42,1hop,coordinate_plus_frozen_sequence_fm_plus_frozen_pangenomefm,donor,ENC-004,159931.0,35259.0,5694.0,0.035602853730671354,159931.0,0.05277311381054163,0.537256784071573,0.01780413820830108,
ctcf,fold_a,42,1hop,coordinate_plus_frozen_sequence_fm_plus_frozen_pangenomefm,tissue,Peyers_patch,29453.0,20899.0,1235.0,0.0419312124401589,29453.0,0.07647341137447117,0.567229778104136,0.03605398629287332,
ctcf,fold_a,42,1hop,coordinate_plus_frozen_sequence_fm_plus_frozen_pangenomefm,tissue,adrenal_gland,38695.0,30532.0,1266.0,0.03271740534952836,38695.0,0.058667921732866966,0.5566449412783938,0.026828267692251658,
ctcf,fold_a,42,1hop,coordinate_plus_frozen_sequence_fm_plus_frozen_pangenomefm,tissue,ascending_aorta,9717.0,7149.0,403.0,0.04147370587629927,9717.0,0.09893547510798836,0.5514872352567255,0.05994803646385258,
ctcf,fold_a,42,1hop,coordinate_plus_frozen_sequence_fm_plus_frozen_pangenomefm,tissue,body_of_pancreas,58052.0,45082.0,2225.0,0.03832770619444636,58052.0,0.05391123374817607,0.536765026306187,0.01620461320775104,
ctcf,fold_a,42,1hop,coordinate_plus_frozen_sequence_fm_plus_frozen_pangenomefm,tissue,breast_epithelium,12514.0,10804.0,417.0,0.033322678599968035,12514.0,0.047762921771082434,0.5161102828078944,0.014938017941913333,
ctcf,fold_a,42,1hop,coordinate_plus_frozen_sequence_fm_plus_frozen_pangenomefm,tissue,coronary_artery,5401.0,5198.0,287.0,0.05313830772079245,5401.0,0.1866191284752229,0.6455603188078364,0.14097182496962826,
ctcf,fold_a,42,1hop,coordinate_plus_frozen_sequence_fm_plus_frozen_pangenomefm,tissue,esophagus_muscularis_mucosa,17470.0,12234.0,697.0,0.03989696622781912,17470.0,0.06717569003137207,0.5461316485186062,0.02841228789411972,
ctcf,fold_a,42,1hop,coordinate_plus_frozen_sequence_fm_plus_frozen_pangenomefm,tissue,esophagus_squamous_epithelium,36380.0,26396.0,1377.0,0.03785046728971963,36380.0,0.07380390645119836,0.5702520860801412,0.037367828948792856,
ctcf,fold_a,42,1hop,coordinate_plus_frozen_sequence_fm_plus_frozen_pangenomefm,tissue,gastrocnemius_medialis,20369.0,14339.0,749.0,0.03677156463252983,20369.0,0.11478088565701328,0.6101739118008518,0.0809873526986597,
ctcf,fold_a,42,1hop,coordinate_plus_frozen_sequence_fm_plus_frozen_pangenomefm,tissue,gastroesophageal_sphincter,29981.0,18822.0,829.0,0.02765084553550582,29981.0,0.04679160741555145,0.5440795567246057,0.019685070730160816,
ctcf,fold_a,42,1hop,coordinate_plus_frozen_sequence_fm_plus_frozen_pangenomefm,tissue,heart_left_ventricle,14730.0,11108.0,704.0,0.047793618465716226,14730.0,0.10136697032066642,0.5434693422442736,0.05626233229883191,
ctcf,fold_a,42,1hop,coordinate_plus_frozen_sequence_fm_plus_frozen_pangenomefm,tissue,lower_leg_skin,2095.0,2014.0,62.0,0.029594272076372316,2095.0,0.06755320660652481,0.5473438268568618,0.03911656066929143,
ctcf,fold_a,42,1hop,coordinate_plus_frozen_sequence_fm_plus_frozen_pangenomefm,tissue,omental_fat_pad,2554.0,2386.0,56.0,0.02192638997650744,2554.0,0.028851469699238273,0.5322222063364977,0.007080325705306065,
ctcf,fold_a,42,1hop,coordinate_plus_frozen_sequence_fm_plus_frozen_pangenomefm,tissue,ovary,10837.0,9859.0,367.0,0.03386546092091907,10837.0,0.09259745407728742,0.5830674900910607,0.06079069816958584,
ctcf,fold_a,42,1hop,coordinate_plus_frozen_sequence_fm_plus_frozen_pangenomefm,tissue,prostate_gland,15837.0,11618.0,584.0,0.0368756708972659,15837.0,0.0765609468019893,0.5480464655953601,0.04120472788979902,
ctcf,fold_a,42,1hop,coordinate_plus_frozen_sequence_fm_plus_frozen_pangenomefm,tissue,right_atrium_auricular_region,9084.0,7545.0,337.0,0.03709819462791722,9084.0,0.10642665178779191,0.5773896535615941,0.07199950895624806,
ctcf,fold_a,42,1hop,coordinate_plus_frozen_sequence_fm_plus_frozen_pangenomefm,tissue,right_lobe_of_liver,5635.0,5635.0,332.0,0.05891748003549246,5635.0,0.1696432703095176,0.5955588334859332,0.11765789707601954,
ctcf,fold_a,42,1hop,coordinate_plus_frozen_sequence_fm_plus_frozen_pangenomefm,tissue,sigmoid_colon,27113.0,22780.0,497.0,0.01833069007487183,27113.0,0.05005896232039317,0.5732044430695988,0.03232073359606328,
ctcf,fold_a,42,1hop,coordinate_plus_frozen_sequence_fm_plus_frozen_pangenomefm,tissue,spleen,74357.0,53075.0,2047.0,0.02752935164140565,74357.0,0.051439822070307596,0.5801023310791342,0.024587344069725653,
ctcf,fold_a,42,1hop,coordinate_plus_frozen_sequence_fm_plus_frozen_pangenomefm,tissue,stomach,24020.0,18394.0,649.0,0.027019150707743547,24020.0,0.07110730616210383,0.6012304438243727,0.04531245963004295,
ctcf,fold_a,42,1hop,coordinate_plus_frozen_sequence_fm_plus_frozen_pangenomefm,tissue,suprapubic_skin,5333.0,4460.0,130.0,0.024376523532720795,5333.0,0.04637411073140257,0.5766259110867991,0.02254720978869304,
ctcf,fold_a,42,1hop,coordinate_plus_frozen_sequence_fm_plus_frozen_pangenomefm,tissue,testis,9329.0,6904.0,181.0,0.019401865151677564,9329.0,0.02543354041883063,0.5281886932385065,0.006151016459037053,
ctcf,fold_a,42,1hop,coordinate_plus_frozen_sequence_fm_plus_frozen_pangenomefm,tissue,thoracic_aorta,14201.0,12198.0,379.0,0.026688261390042954,14201.0,0.04099081166880625,0.5743612053592051,0.014694726993829949,
ctcf,fold_a,42,1hop,coordinate_plus_frozen_sequence_fm_plus_frozen_pangenomefm,tissue,thyroid_gland,27322.0,17495.0,1035.0,0.03788156064709758,27322.0,0.07637680533359134,0.5666417834057319,0.04001092080969234,
ctcf,fold_a,42,1hop,coordinate_plus_frozen_sequence_fm_plus_frozen_pangenomefm,tissue,tibial_artery,8061.0,5792.0,326.0,0.04044163255179258,8061.0,0.052301121238022955,0.5223432648189054,0.012359319754324891,
ctcf,fold_a,42,1hop,coordinate_plus_frozen_sequence_fm_plus_frozen_pangenomefm,tissue,tibial_nerve,28573.0,19384.0,1120.0,0.03919784411857348,28573.0,0.08811078277734212,0.5689311375025368,0.050908439744180835,
ctcf,fold_a,42,1hop,coordinate_plus_frozen_sequence_fm_plus_frozen_pangenomefm,tissue,transverse_colon,38664.0,23000.0,1440.0,0.037243947858473,38664.0,0.06916098519771041,0.5700065817751988,0.033151738977118934,
ctcf,fold_a,42,1hop,coordinate_plus_frozen_sequence_fm_plus_frozen_pangenomefm,tissue,upper_lobe_of_left_lung,42956.0,29163.0,1379.0,0.03210261663097123,42956.0,0.05138746986129802,0.5524858225866531,0.019924481212254794,
ctcf,fold_a,42,1hop,coordinate_plus_frozen_sequence_fm_plus_frozen_pangenomefm,tissue,uterus,18861.0,13149.0,633.0,0.033561317003340224,18861.0,0.08577059830967919,0.5834502480602901,0.05402234226019636,
ctcf,fold_a,42,1hop,coordinate_plus_frozen_sequence_fm_plus_frozen_pangenomefm,tissue,vagina,5906.0,4886.0,199.0,0.03369454791737216,5906.0,0.13101063814932914,0.6350981295121129,0.10070944960748868,
ctcf,fold_a,42,strict,coordinate_plus_frozen_sequence_fm,measurement_weight,all,643500.0,151197.0,21942.0,0.034097902097902096,643500.0,0.06196421346109518,0.5597260184895213,0.0288500371038821,
ctcf,fold_a,42,strict,coordinate_plus_frozen_sequence_fm,equal_locus_weight,all,643500.0,151197.0,21942.0,0.02090197661245274,151197.0,0.03462690593738487,0.5454659154149453,0.014017931807732309,
ctcf,fold_a,42,strict,coordinate_plus_frozen_sequence_fm,donor,ENC-001,148005.0,45644.0,5143.0,0.03474882605317388,148005.0,0.047790797978143285,0.5386476139414604,0.013511479992965918,
ctcf,fold_a,42,strict,coordinate_plus_frozen_sequence_fm,donor,ENC-002,179688.0,65276.0,4555.0,0.02534949467966698,179688.0,0.029949539332373026,0.5064153676951793,0.004719686315859627,
ctcf,fold_a,42,strict,coordinate_plus_frozen_sequence_fm,donor,ENC-003,155876.0,34948.0,6550.0,0.04202058046139239,155876.0,0.12977882044591413,0.6334676254719297,0.09160764646362528,
ctcf,fold_a,42,strict,coordinate_plus_frozen_sequence_fm,donor,ENC-004,159931.0,35259.0,5694.0,0.035602853730671354,159931.0,0.05255807748471427,0.5340863106911594,0.017581163340883433,
ctcf,fold_a,42,strict,coordinate_plus_frozen_sequence_fm,tissue,Peyers_patch,29453.0,20899.0,1235.0,0.0419312124401589,29453.0,0.07085706172530683,0.5615426797091356,0.030191829293198028,
ctcf,fold_a,42,strict,coordinate_plus_frozen_sequence_fm,tissue,adrenal_gland,38695.0,30532.0,1266.0,0.03271740534952836,38695.0,0.05880083392491431,0.5552364609695779,0.026965675511623585,
ctcf,fold_a,42,strict,coordinate_plus_frozen_sequence_fm,tissue,ascending_aorta,9717.0,7149.0,403.0,0.04147370587629927,9717.0,0.08965473583436512,0.5513044745469746,0.050265736321937496,
ctcf,fold_a,42,strict,coordinate_plus_frozen_sequence_fm,tissue,body_of_pancreas,58052.0,45082.0,2225.0,0.03832770619444636,58052.0,0.053146140089266165,0.5314253201553838,0.015409026536659313,
ctcf,fold_a,42,strict,coordinate_plus_frozen_sequence_fm,tissue,breast_epithelium,12514.0,10804.0,417.0,0.033322678599968035,12514.0,0.04579141189453234,0.5016733244800374,0.012898547445497044,
ctcf,fold_a,42,strict,coordinate_plus_frozen_sequence_fm,tissue,coronary_artery,5401.0,5198.0,287.0,0.05313830772079245,5401.0,0.17657453757369712,0.6349738164960844,0.13036352706991358,
ctcf,fold_a,42,strict,coordinate_plus_frozen_sequence_fm,tissue,esophagus_muscularis_mucosa,17470.0,12234.0,697.0,0.03989696622781912,17470.0,0.0640340500924355,0.5415967076964319,0.025140097484936993,
ctcf,fold_a,42,strict,coordinate_plus_frozen_sequence_fm,tissue,esophagus_squamous_epithelium,36380.0,26396.0,1377.0,0.03785046728971963,36380.0,0.0663021387944492,0.56715519414655,0.029570945614434813,
ctcf,fold_a,42,strict,coordinate_plus_frozen_sequence_fm,tissue,gastrocnemius_medialis,20369.0,14339.0,749.0,0.03677156463252983,20369.0,0.10481488305093162,0.6082098931773116,0.07064089464140806,
ctcf,fold_a,42,strict,coordinate_plus_frozen_sequence_fm,tissue,gastroesophageal_sphincter,29981.0,18822.0,829.0,0.02765084553550582,29981.0,0.045308422924443405,0.534442161810018,0.01815970868886312,
ctcf,fold_a,42,strict,coordinate_plus_frozen_sequence_fm,tissue,heart_left_ventricle,14730.0,11108.0,704.0,0.047793618465716226,14730.0,0.09483565538839986,0.5470648361646553,0.04940319434415585,
ctcf,fold_a,42,strict,coordinate_plus_frozen_sequence_fm,tissue,lower_leg_skin,2095.0,2014.0,62.0,0.029594272076372316,2095.0,0.04549956356806955,0.5081676530790347,0.016390352029073147,
ctcf,fold_a,42,strict,coordinate_plus_frozen_sequence_fm,tissue,omental_fat_pad,2554.0,2386.0,56.0,0.02192638997650744,2554.0,0.027489538292171083,0.5196764554500743,0.005687862609369475,
ctcf,fold_a,42,strict,coordinate_plus_frozen_sequence_fm,tissue,ovary,10837.0,9859.0,367.0,0.03386546092091907,10837.0,0.08821288053782186,0.5700329734104708,0.056252434230026314,
ctcf,fold_a,42,strict,coordinate_plus_frozen_sequence_fm,tissue,prostate_gland,15837.0,11618.0,584.0,0.0368756708972659,15837.0,0.07800795817959813,0.5433391050850989,0.04270714178786439,
ctcf,fold_a,42,strict,coordinate_plus_frozen_sequence_fm,tissue,right_atrium_auricular_region,9084.0,7545.0,337.0,0.03709819462791722,9084.0,0.10626510170361358,0.5769544047149358,0.07183173475198648,
ctcf,fold_a,42,strict,coordinate_plus_frozen_sequence_fm,tissue,right_lobe_of_liver,5635.0,5635.0,332.0,0.05891748003549246,5635.0,0.17003219874897166,0.5963619706054086,0.1180711747973704,
ctcf,fold_a,42,strict,coordinate_plus_frozen_sequence_fm,tissue,sigmoid_colon,27113.0,22780.0,497.0,0.01833069007487183,27113.0,0.04832602007282315,0.5657680301829009,0.030555432154886313,
ctcf,fold_a,42,strict,coordinate_plus_frozen_sequence_fm,tissue,spleen,74357.0,53075.0,2047.0,0.02752935164140565,74357.0,0.04742616268893295,0.572952596420841,0.020460063325418165,
ctcf,fold_a,42,strict,coordinate_plus_frozen_sequence_fm,tissue,stomach,24020.0,18394.0,649.0,0.027019150707743547,24020.0,0.06558984674518857,0.5905306571252127,0.03964178335627185,
ctcf,fold_a,42,strict,coordinate_plus_frozen_sequence_fm,tissue,suprapubic_skin,5333.0,4460.0,130.0,0.024376523532720795,5333.0,0.04944545344396539,0.5614586259406555,0.02569529179639966,
ctcf,fold_a,42,strict,coordinate_plus_frozen_sequence_fm,tissue,testis,9329.0,6904.0,181.0,0.019401865151677564,9329.0,0.025223992723524755,0.5110645203371446,0.005937322706357941,
ctcf,fold_a,42,strict,coordinate_plus_frozen_sequence_fm,tissue,thoracic_aorta,14201.0,12198.0,379.0,0.026688261390042954,14201.0,0.03888521525310034,0.5640550855983101,0.012531395008629572,
ctcf,fold_a,42,strict,coordinate_plus_frozen_sequence_fm,tissue,thyroid_gland,27322.0,17495.0,1035.0,0.03788156064709758,27322.0,0.07432280181780976,0.5662111964015203,0.037876044861193676,
ctcf,fold_a,42,strict,coordinate_plus_frozen_sequence_fm,tissue,tibial_artery,8061.0,5792.0,326.0,0.04044163255179258,8061.0,0.05632495392723336,0.5320009834986378,0.0165527412550004,
ctcf,fold_a,42,strict,coordinate_plus_frozen_sequence_fm,tissue,tibial_nerve,28573.0,19384.0,1120.0,0.03919784411857348,28573.0,0.0811251994701884,0.561974247545155,0.04363786560527786,
ctcf,fold_a,42,strict,coordinate_plus_frozen_sequence_fm,tissue,transverse_colon,38664.0,23000.0,1440.0,0.037243947858473,38664.0,0.06562428362564832,0.5659562528356854,0.029478221096659853,
ctcf,fold_a,42,strict,coordinate_plus_frozen_sequence_fm,tissue,upper_lobe_of_left_lung,42956.0,29163.0,1379.0,0.03210261663097123,42956.0,0.05011086657604188,0.5487434717307149,0.01860553634558662,
ctcf,fold_a,42,strict,coordinate_plus_frozen_sequence_fm,tissue,uterus,18861.0,13149.0,633.0,0.033561317003340224,18861.0,0.07713581979918153,0.5840413217725555,0.04508770557561789,
ctcf,fold_a,42,strict,coordinate_plus_frozen_sequence_fm,tissue,vagina,5906.0,4886.0,199.0,0.03369454791737216,5906.0,0.11218381932600978,0.623983330002034,0.0812261498053993,
ctcf,fold_a,42,strict,coordinate_plus_frozen_sequence_fm_plus_frozen_pangenomefm,measurement_weight,all,643500.0,151197.0,21942.0,0.034097902097902096,643500.0,0.07143003182064508,0.5610724540882643,0.038650014120299496,
ctcf,fold_a,42,strict,coordinate_plus_frozen_sequence_fm_plus_frozen_pangenomefm,equal_locus_weight,all,643500.0,151197.0,21942.0,0.02090197661245274,151197.0,0.03702840678898442,0.5469866323616782,0.016470700370465875,
ctcf,fold_a,42,strict,coordinate_plus_frozen_sequence_fm_plus_frozen_pangenomefm,donor,ENC-001,148005.0,45644.0,5143.0,0.03474882605317388,148005.0,0.048184126912975085,0.5396002593660212,0.013918968681348978,
ctcf,fold_a,42,strict,coordinate_plus_frozen_sequence_fm_plus_frozen_pangenomefm,donor,ENC-002,179688.0,65276.0,4555.0,0.02534949467966698,179688.0,0.03162320409818461,0.5112171215298985,0.006436881101760352,
ctcf,fold_a,42,strict,coordinate_plus_frozen_sequence_fm_plus_frozen_pangenomefm,donor,ENC-003,155876.0,34948.0,6550.0,0.04202058046139239,155876.0,0.15034657019622374,0.6271460970735374,0.11307757507672186,
ctcf,fold_a,42,strict,coordinate_plus_frozen_sequence_fm_plus_frozen_pangenomefm,donor,ENC-004,159931.0,35259.0,5694.0,0.035602853730671354,159931.0,0.05509093018112697,0.5422891488921253,0.020207521896806975,
ctcf,fold_a,42,strict,coordinate_plus_frozen_sequence_fm_plus_frozen_pangenomefm,tissue,Peyers_patch,29453.0,20899.0,1235.0,0.0419312124401589,29453.0,0.0844843699138398,0.5650226992102838,0.044415555569931375,
ctcf,fold_a,42,strict,coordinate_plus_frozen_sequence_fm_plus_frozen_pangenomefm,tissue,adrenal_gland,38695.0,30532.0,1266.0,0.03271740534952836,38695.0,0.06317663926430034,0.5572153208283934,0.031489488266640886,
ctcf,fold_a,42,strict,coordinate_plus_frozen_sequence_fm_plus_frozen_pangenomefm,tissue,ascending_aorta,9717.0,7149.0,403.0,0.04147370587629927,9717.0,0.1124894663352414,0.5559627413253934,0.07408848447278728,
ctcf,fold_a,42,strict,coordinate_plus_frozen_sequence_fm_plus_frozen_pangenomefm,tissue,body_of_pancreas,58052.0,45082.0,2225.0,0.03832770619444636,58052.0,0.05496067111481659,0.5280481817524967,0.017295876181011565,
ctcf,fold_a,42,strict,coordinate_plus_frozen_sequence_fm_plus_frozen_pangenomefm,tissue,breast_epithelium,12514.0,10804.0,417.0,0.033322678599968035,12514.0,0.05050515438310902,0.5120744604613903,0.01777477903201011,
ctcf,fold_a,42,strict,coordinate_plus_frozen_sequence_fm_plus_frozen_pangenomefm,tissue,coronary_artery,5401.0,5198.0,287.0,0.05313830772079245,5401.0,0.1991994740715738,0.6378790067301757,0.15425818526800353,
ctcf,fold_a,42,strict,coordinate_plus_frozen_sequence_fm_plus_frozen_pangenomefm,tissue,esophagus_muscularis_mucosa,17470.0,12234.0,697.0,0.03989696622781912,17470.0,0.07090331030594585,0.5412765408914939,0.032294808981391164,
ctcf,fold_a,42,strict,coordinate_plus_frozen_sequence_fm_plus_frozen_pangenomefm,tissue,esophagus_squamous_epithelium,36380.0,26396.0,1377.0,0.03785046728971963,36380.0,0.07777226289438355,0.5692635931548227,0.0414922984914914,
ctcf,fold_a,42,strict,coordinate_plus_frozen_sequence_fm_plus_frozen_pangenomefm,tissue,gastrocnemius_medialis,20369.0,14339.0,749.0,0.03677156463252983,20369.0,0.12786488304787752,0.6039825101494483,0.09457083602457785,
ctcf,fold_a,42,strict,coordinate_plus_frozen_sequence_fm_plus_frozen_pangenomefm,tissue,gastroesophageal_sphincter,29981.0,18822.0,829.0,0.02765084553550582,29981.0,0.050429287628382696,0.5391793224879142,0.02342619622621232,
ctcf,fold_a,42,strict,coordinate_plus_frozen_sequence_fm_plus_frozen_pangenomefm,tissue,heart_left_ventricle,14730.0,11108.0,704.0,0.047793618465716226,14730.0,0.1127949671220759,0.5450546691695941,0.06826392882562227,
ctcf,fold_a,42,strict,coordinate_plus_frozen_sequence_fm_plus_frozen_pangenomefm,tissue,lower_leg_skin,2095.0,2014.0,62.0,0.029594272076372316,2095.0,0.04261712482671241,0.518227472510036,0.013420008121968767,
ctcf,fold_a,42,strict,coordinate_plus_frozen_sequence_fm_plus_frozen_pangenomefm,tissue,omental_fat_pad,2554.0,2386.0,56.0,0.02192638997650744,2554.0,0.029651186539548183,0.5565631076289603,0.007897970545238615,
ctcf,fold_a,42,strict,coordinate_plus_frozen_sequence_fm_plus_frozen_pangenomefm,tissue,ovary,10837.0,9859.0,367.0,0.03386546092091907,10837.0,0.10260294248067636,0.5740720210072114,0.07114690426581563,
ctcf,fold_a,42,strict,coordinate_plus_frozen_sequence_fm_plus_frozen_pangenomefm,tissue,prostate_gland,15837.0,11618.0,584.0,0.0368756708972659,15837.0,0.07774803778937059,0.5507739214113729,0.04243726968270255,
ctcf,fold_a,42,strict,coordinate_plus_frozen_sequence_fm_plus_frozen_pangenomefm,tissue,right_atrium_auricular_region,9084.0,7545.0,337.0,0.03709819462791722,9084.0,0.1210230124563387,0.575301273280979,0.08715823083953135,
ctcf,fold_a,42,strict,coordinate_plus_frozen_sequence_fm_plus_frozen_pangenomefm,tissue,right_lobe_of_liver,5635.0,5635.0,332.0,0.05891748003549246,5635.0,0.17883091358909248,0.5856218575982224,0.1274207426125846,
ctcf,fold_a,42,strict,coordinate_plus_frozen_sequence_fm_plus_frozen_pangenomefm,tissue,sigmoid_colon,27113.0,22780.0,497.0,0.01833069007487183,27113.0,0.053207224381715726,0.5686010033752258,0.03552778308767127,
ctcf,fold_a,42,strict,coordinate_plus_frozen_sequence_fm_plus_frozen_pangenomefm,tissue,spleen,74357.0,53075.0,2047.0,0.02752935164140565,74357.0,0.05605056848154512,0.5738290641505319,0.02932861458418269,
ctcf,fold_a,42,strict,coordinate_plus_frozen_sequence_fm_plus_frozen_pangenomefm,tissue,stomach,24020.0,18394.0,649.0,0.027019150707743547,24020.0,0.08300913351063402,0.5925860008904402,0.0575447942717654,
ctcf,fold_a,42,strict,coordinate_plus_frozen_sequence_fm_plus_frozen_pangenomefm,tissue,suprapubic_skin,5333.0,4460.0,130.0,0.024376523532720795,5333.0,0.050973497546179886,0.5667928266236935,0.02726151497477942,
ctcf,fold_a,42,strict,coordinate_plus_frozen_sequence_fm_plus_frozen_pangenomefm,tissue,testis,9329.0,6904.0,181.0,0.019401865151677564,9329.0,0.026890419073167922,0.5233245439633576,0.007636720543679881,
ctcf,fold_a,42,strict,coordinate_plus_frozen_sequence_fm_plus_frozen_pangenomefm,tissue,thoracic_aorta,14201.0,12198.0,379.0,0.026688261390042954,14201.0,0.04020033108780745,0.5638536935305232,0.013882571391835739,
ctcf,fold_a,42,strict,coordinate_plus_frozen_sequence_fm_plus_frozen_pangenomefm,tissue,thyroid_gland,27322.0,17495.0,1035.0,0.03788156064709758,27322.0,0.08576362442871283,0.5702345109511158,0.04976732782901403,
ctcf,fold_a,42,strict,coordinate_plus_frozen_sequence_fm_plus_frozen_pangenomefm,tissue,tibial_artery,8061.0,5792.0,326.0,0.04044163255179258,8061.0,0.05613964300846658,0.5295791181031166,0.01635962020572063,
ctcf,fold_a,42,strict,coordinate_plus_frozen_sequence_fm_plus_frozen_pangenomefm,tissue,tibial_nerve,28573.0,19384.0,1120.0,0.03919784411857348,28573.0,0.09640555094483197,0.5673116326084582,0.05954160955621185,
ctcf,fold_a,42,strict,coordinate_plus_frozen_sequence_fm_plus_frozen_pangenomefm,tissue,transverse_colon,38664.0,23000.0,1440.0,0.037243947858473,38664.0,0.07366545967777875,0.5636410462485373,0.03783046778910481,
ctcf,fold_a,42,strict,coordinate_plus_frozen_sequence_fm_plus_frozen_pangenomefm,tissue,upper_lobe_of_left_lung,42956.0,29163.0,1379.0,0.03210261663097123,42956.0,0.0569694815027313,0.5533927256561268,0.02569163353371638,
ctcf,fold_a,42,strict,coordinate_plus_frozen_sequence_fm_plus_frozen_pangenomefm,tissue,uterus,18861.0,13149.0,633.0,0.033561317003340224,18861.0,0.09497435671986261,0.58566850783528,0.0635457176921949,
ctcf,fold_a,42,strict,coordinate_plus_frozen_sequence_fm_plus_frozen_pangenomefm,tissue,vagina,5906.0,4886.0,199.0,0.03369454791737216,5906.0,0.14683405590850654,0.6231670882888246,0.11708462137649195,
ctcf,fold_b,20260806,1hop,coordinate_plus_frozen_sequence_fm,measurement_weight,all,606910.0,151399.0,24453.0,0.040290982188462866,606910.0,0.08642346141069845,0.5296072451783427,0.04806923595178185,
ctcf,fold_b,20260806,1hop,coordinate_plus_frozen_sequence_fm,equal_locus_weight,all,606910.0,151399.0,24453.0,0.0256283642636111,151399.0,0.05492616862299695,0.55071890418006,0.030068408484862974,
ctcf,fold_b,20260806,1hop,coordinate_plus_frozen_sequence_fm,donor,ENC-001,141082.0,45821.0,6622.0,0.04693724217121958,141082.0,0.12706933317479235,0.5541784389816051,0.08407850411249482,
ctcf,fold_b,20260806,1hop,coordinate_plus_frozen_sequence_fm,donor,ENC-002,182826.0,68449.0,6289.0,0.034398827300274576,182826.0,0.08281133366381369,0.5134144630859504,0.0501371660808805,
ctcf,fold_b,20260806,1hop,coordinate_plus_frozen_sequence_fm,donor,ENC-003,135453.0,32909.0,5160.0,0.0380943943655733,135453.0,0.05439383076614932,0.5082993134079381,0.016944943771094564,
ctcf,fold_b,20260806,1hop,coordinate_plus_frozen_sequence_fm,donor,ENC-004,147549.0,34487.0,6382.0,0.04325342767487411,147549.0,0.09478863235668959,0.5361302239943992,0.0538650528494421,
ctcf,fold_b,20260806,1hop,coordinate_plus_frozen_sequence_fm,tissue,Peyers_patch,27326.0,19147.0,1482.0,0.05423406279733587,27326.0,0.0918008829617569,0.4907104440198755,0.039721054318718814,
ctcf,fold_b,20260806,1hop,coordinate_plus_frozen_sequence_fm,tissue,adrenal_gland,37706.0,29968.0,1323.0,0.03508725401792818,37706.0,0.07336705263217301,0.5098843019908981,0.03967177216141373,
ctcf,fold_b,20260806,1hop,coordinate_plus_frozen_sequence_fm,tissue,ascending_aorta,8453.0,6239.0,320.0,0.03785638234946173,8453.0,0.0840644881277697,0.5428578015492438,0.048026204124435916,
ctcf,fold_b,20260806,1hop,coordinate_plus_frozen_sequence_fm,tissue,body_of_pancreas,57524.0,44835.0,2954.0,0.051352478965301436,57524.0,0.08057548174848134,0.5244260600107519,0.030804911345054805,
ctcf,fold_b,20260806,1hop,coordinate_plus_frozen_sequence_fm,tissue,breast_epithelium,11516.0,9913.0,433.0,0.03759986106286905,11516.0,0.07932275835588871,0.502749670291704,0.04335296266592208,
ctcf,fold_b,20260806,1hop,coordinate_plus_frozen_sequence_fm,tissue,coronary_artery,4478.0,4317.0,232.0,0.05180884323358642,4478.0,0.08974057815294664,0.5040981775951403,0.04000431205108221,
ctcf,fold_b,20260806,1hop,coordinate_plus_frozen_sequence_fm,tissue,esophagus_muscularis_mucosa,16143.0,11337.0,745.0,0.04615003407049495,16143.0,0.11266685653019273,0.5224960794176181,0.06973509968612167,
ctcf,fold_b,20260806,1hop,coordinate_plus_frozen_sequence_fm,tissue,esophagus_squamous_epithelium,33806.0,24751.0,1346.0,0.039815417381529904,33806.0,0.0710540160512886,0.5242888378335572,0.032533951528954476,
ctcf,fold_b,20260806,1hop,coordinate_plus_frozen_sequence_fm,tissue,gastrocnemius_medialis,19074.0,13434.0,868.0,0.04550697284261298,19074.0,0.10724903241199155,0.547037336655612,0.064685710437566,
ctcf,fold_b,20260806,1hop,coordinate_plus_frozen_sequence_fm,tissue,gastroesophageal_sphincter,27580.0,17459.0,979.0,0.0354967367657723,27580.0,0.09671040223195149,0.5381873138394921,0.0634665198134364,
ctcf,fold_b,20260806,1hop,coordinate_plus_frozen_sequence_fm,tissue,heart_left_ventricle,13212.0,9984.0,639.0,0.048365122615803814,13212.0,0.08249405210962144,0.5360155844795969,0.03586347064919418,
ctcf,fold_b,20260806,1hop,coordinate_plus_frozen_sequence_fm,tissue,lower_leg_skin,1958.0,1901.0,131.0,0.0669050051072523,1958.0,0.2823843938154068,0.7204611071418126,0.2309297444392811,
ctcf,fold_b,20260806,1hop,coordinate_plus_frozen_sequence_fm,tissue,omental_fat_pad,2517.0,2375.0,114.0,0.04529201430274136,2517.0,0.2892418778039635,0.7772557694694497,0.2555230155774349,
ctcf,fold_b,20260806,1hop,coordinate_plus_frozen_sequence_fm,tissue,ovary,9446.0,8665.0,324.0,0.03430023290281601,9446.0,0.10827122064936189,0.6209420110382984,0.07659832824532693,
ctcf,fold_b,20260806,1hop,coordinate_plus_frozen_sequence_fm,tissue,prostate_gland,15203.0,11228.0,756.0,0.04972702756034993,15203.0,0.13913134780836056,0.5491455174780433,0.09408277709770232,
ctcf,fold_b,20260806,1hop,coordinate_plus_frozen_sequence_fm,tissue,right_atrium_auricular_region,8197.0,6966.0,392.0,0.04782237403928266,8197.0,0.08126013125803322,0.49302824589156613,0.03511714233466987,
ctcf,fold_b,20260806,1hop,coordinate_plus_frozen_sequence_fm,tissue,right_lobe_of_liver,4877.0,4877.0,268.0,0.05495181464014763,4877.0,0.07457200927540078,0.49037128849136835,0.020761052123265265,
ctcf,fold_b,20260806,1hop,coordinate_plus_frozen_sequence_fm,tissue,sigmoid_colon,26647.0,22683.0,574.0,0.021540886403722745,26647.0,0.09269068467789165,0.5822169956745674,0.07271616901053883,
ctcf,fold_b,20260806,1hop,coordinate_plus_frozen_sequence_fm,tissue,spleen,73499.0,53530.0,2349.0,0.03195961849821086,73499.0,0.06452450700791575,0.5081652006041955,0.0336400104086409,
ctcf,fold_b,20260806,1hop,coordinate_plus_frozen_sequence_fm,tissue,stomach,22532.0,17421.0,729.0,0.032353985442925615,22532.0,0.10905584829966827,0.5800104464550913,0.07926644837353233,
ctcf,fold_b,20260806,1hop,coordinate_plus_frozen_sequence_fm,tissue,suprapubic_skin,4899.0,4171.0,191.0,0.038987548479281486,4899.0,0.1717675331073242,0.6797024781256812,0.13816676820152532,
ctcf,fold_b,20260806,1hop,coordinate_plus_frozen_sequence_fm,tissue,testis,9106.0,6809.0,273.0,0.02998023281352954,9106.0,0.13491854485785065,0.601182752490349,0.10818162226600114,
ctcf,fold_b,20260806,1hop,coordinate_plus_frozen_sequence_fm,tissue,thoracic_aorta,13299.0,11467.0,466.0,0.035040228588615684,13299.0,0.10631084851403891,0.545347646842619,0.0738586436833323,
ctcf,fold_b,20260806,1hop,coordinate_plus_frozen_sequence_fm,tissue,thyroid_gland,25179.0,16087.0,1219.0,0.04841336033996584,25179.0,0.08346432507475063,0.500583485464563,0.03683423376699274,
ctcf,fold_b,20260806,1hop,coordinate_plus_frozen_sequence_fm,tissue,tibial_artery,7362.0,5337.0,351.0,0.04767726161369193,7362.0,0.13161407772374328,0.5514273256392783,0.08813904438770476,
ctcf,fold_b,20260806,1hop,coordinate_plus_frozen_sequence_fm,tissue,tibial_nerve,26130.0,17873.0,1043.0,0.03991580558744738,26130.0,0.082737537037639,0.5342883849534397,0.04460205854799326,
ctcf,fold_b,20260806,1hop,coordinate_plus_frozen_sequence_fm,tissue,transverse_colon,36439.0,21908.0,1570.0,0.043085704876643156,36439.0,0.09227408266118178,0.5221337807951983,0.05140311732744854,
ctcf,fold_b,20260806,1hop,coordinate_plus_frozen_sequence_fm,tissue,upper_lobe_of_left_lung,40806.0,27719.0,1623.0,0.03977356271136598,40806.0,0.06841426842301465,0.5080358827511566,0.02982703308244738,
ctcf,fold_b,20260806,1hop,coordinate_plus_frozen_sequence_fm,tissue,uterus,16936.0,12185.0,579.0,0.03418752952290978,16936.0,0.08189622161787284,0.5501530878964318,0.04939746954333279,
ctcf,fold_b,20260806,1hop,coordinate_plus_frozen_sequence_fm,tissue,vagina,5060.0,4234.0,180.0,0.03557312252964427,5060.0,0.12090811334921009,0.6201018897996358,0.08848259293995964,
ctcf,fold_b,20260806,1hop,coordinate_plus_frozen_sequence_fm_plus_frozen_pangenomefm,measurement_weight,all,606910.0,151399.0,24453.0,0.040290982188462866,606910.0,0.08729649338929416,0.5320751392105835,0.04897891999391632,
ctcf,fold_b,20260806,1hop,coordinate_plus_frozen_sequence_fm_plus_frozen_pangenomefm,equal_locus_weight,all,606910.0,151399.0,24453.0,0.0256283642636111,151399.0,0.055833187431677436,0.5591126404718281,0.030999284113231405,
ctcf,fold_b,20260806,1hop,coordinate_plus_frozen_sequence_fm_plus_frozen_pangenomefm,donor,ENC-001,141082.0,45821.0,6622.0,0.04693724217121958,141082.0,0.12424479108260292,0.5591620539902038,0.0811148565782819,
ctcf,fold_b,20260806,1hop,coordinate_plus_frozen_sequence_fm_plus_frozen_pangenomefm,donor,ENC-002,182826.0,68449.0,6289.0,0.034398827300274576,182826.0,0.08399016705021707,0.5141100795023374,0.05135799453442047,
ctcf,fold_b,20260806,1hop,coordinate_plus_frozen_sequence_fm_plus_frozen_pangenomefm,donor,ENC-003,135453.0,32909.0,5160.0,0.0380943943655733,135453.0,0.05443359607858962,0.5022225629866901,0.0169862839111326,
ctcf,fold_b,20260806,1hop,coordinate_plus_frozen_sequence_fm_plus_frozen_pangenomefm,donor,ENC-004,147549.0,34487.0,6382.0,0.04325342767487411,147549.0,0.09906355431982025,0.5439315190002896,0.05833323918716951,
ctcf,fold_b,20260806,1hop,coordinate_plus_frozen_sequence_fm_plus_frozen_pangenomefm,tissue,Peyers_patch,27326.0,19147.0,1482.0,0.05423406279733587,27326.0,0.09355096227584217,0.48880692020909844,0.04157149029367215,
ctcf,fold_b,20260806,1hop,coordinate_plus_frozen_sequence_fm_plus_frozen_pangenomefm,tissue,adrenal_gland,37706.0,29968.0,1323.0,0.03508725401792818,37706.0,0.07473824023306269,0.5123935619928646,0.04109282044437958,
ctcf,fold_b,20260806,1hop,coordinate_plus_frozen_sequence_fm_plus_frozen_pangenomefm,tissue,ascending_aorta,8453.0,6239.0,320.0,0.03785638234946173,8453.0,0.08855090219660981,0.5481506670355343,0.05268914007966836,
ctcf,fold_b,20260806,1hop,coordinate_plus_frozen_sequence_fm_plus_frozen_pangenomefm,tissue,body_of_pancreas,57524.0,44835.0,2954.0,0.051352478965301436,57524.0,0.0832490950201252,0.5373953581078088,0.03362325347146202,
ctcf,fold_b,20260806,1hop,coordinate_plus_frozen_sequence_fm_plus_frozen_pangenomefm,tissue,breast_epithelium,11516.0,9913.0,433.0,0.03759986106286905,11516.0,0.08042442882908603,0.50287949065408,0.044497674131169784,
ctcf,fold_b,20260806,1hop,coordinate_plus_frozen_sequence_fm_plus_frozen_pangenomefm,tissue,coronary_artery,4478.0,4317.0,232.0,0.05180884323358642,4478.0,0.09190223274091361,0.5049275585947017,0.042284078712626266,
ctcf,fold_b,20260806,1hop,coordinate_plus_frozen_sequence_fm_plus_frozen_pangenomefm,tissue,esophagus_muscularis_mucosa,16143.0,11337.0,745.0,0.04615003407049495,16143.0,0.11477913235596801,0.5235635936332705,0.07194957355646134,
ctcf,fold_b,20260806,1hop,coordinate_plus_frozen_sequence_fm_plus_frozen_pangenomefm,tissue,esophagus_squamous_epithelium,33806.0,24751.0,1346.0,0.039815417381529904,33806.0,0.07244205264228709,0.5261473831319654,0.033979545028501465,
ctcf,fold_b,20260806,1hop,coordinate_plus_frozen_sequence_fm_plus_frozen_pangenomefm,tissue,gastrocnemius_medialis,19074.0,13434.0,868.0,0.04550697284261298,19074.0,0.10711690880749014,0.5442976336863676,0.06454728763012561,
ctcf,fold_b,20260806,1hop,coordinate_plus_frozen_sequence_fm_plus_frozen_pangenomefm,tissue,gastroesophageal_sphincter,27580.0,17459.0,979.0,0.0354967367657723,27580.0,0.09822634559036819,0.541108552333103,0.06503825462886186,
ctcf,fold_b,20260806,1hop,coordinate_plus_frozen_sequence_fm_plus_frozen_pangenomefm,tissue,heart_left_ventricle,13212.0,9984.0,639.0,0.048365122615803814,13212.0,0.086442626475459,0.5398370231463278,0.04001272417034633,
ctcf,fold_b,20260806,1hop,coordinate_plus_frozen_sequence_fm_plus_frozen_pangenomefm,tissue,lower_leg_skin,1958.0,1901.0,131.0,0.0669050051072523,1958.0,0.277051346076406,0.7220906086397005,0.225214305209416,
ctcf,fold_b,20260806,1hop,coordinate_plus_frozen_sequence_fm_plus_frozen_pangenomefm,tissue,omental_fat_pad,2517.0,2375.0,114.0,0.04529201430274136,2517.0,0.2899565204450361,0.7954421008826686,0.2562715613650253,
ctcf,fold_b,20260806,1hop,coordinate_plus_frozen_sequence_fm_plus_frozen_pangenomefm,tissue,ovary,9446.0,8665.0,324.0,0.03430023290281601,9446.0,0.11328909667473193,0.6221891655230469,0.08179443183397475,
ctcf,fold_b,20260806,1hop,coordinate_plus_frozen_sequence_fm_plus_frozen_pangenomefm,tissue,prostate_gland,15203.0,11228.0,756.0,0.04972702756034993,15203.0,0.1358707863276382,0.5501897466492192,0.09065159303240003,
ctcf,fold_b,20260806,1hop,coordinate_plus_frozen_sequence_fm_plus_frozen_pangenomefm,tissue,right_atrium_auricular_region,8197.0,6966.0,392.0,0.04782237403928266,8197.0,0.0848937445040789,0.5030541973355646,0.038933250954507975,
ctcf,fold_b,20260806,1hop,coordinate_plus_frozen_sequence_fm_plus_frozen_pangenomefm,tissue,right_lobe_of_liver,4877.0,4877.0,268.0,0.05495181464014763,4877.0,0.0757643045867497,0.488350582733976,0.0220226759534776,
ctcf,fold_b,20260806,1hop,coordinate_plus_frozen_sequence_fm_plus_frozen_pangenomefm,tissue,sigmoid_colon,26647.0,22683.0,574.0,0.021540886403722745,26647.0,0.09249278651650178,0.5766767348870786,0.07251391409907655,
ctcf,fold_b,20260806,1hop,coordinate_plus_frozen_sequence_fm_plus_frozen_pangenomefm,tissue,spleen,73499.0,53530.0,2349.0,0.03195961849821086,73499.0,0.06337289188452286,0.5071281300605781,0.032450374991153136,
ctcf,fold_b,20260806,1hop,coordinate_plus_frozen_sequence_fm_plus_frozen_pangenomefm,tissue,stomach,22532.0,17421.0,729.0,0.032353985442925615,22532.0,0.11104795402991216,0.5787286732102346,0.08132516168426275,
ctcf,fold_b,20260806,1hop,coordinate_plus_frozen_sequence_fm_plus_frozen_pangenomefm,tissue,suprapubic_skin,4899.0,4171.0,191.0,0.038987548479281486,4899.0,0.16396756096040266,0.6851360277927289,0.130050357082628,
ctcf,fold_b,20260806,1hop,coordinate_plus_frozen_sequence_fm_plus_frozen_pangenomefm,tissue,testis,9106.0,6809.0,273.0,0.02998023281352954,9106.0,0.133392789681173,0.6089027203597563,0.10660871083853292,
ctcf,fold_b,20260806,1hop,coordinate_plus_frozen_sequence_fm_plus_frozen_pangenomefm,tissue,thoracic_aorta,13299.0,11467.0,466.0,0.035040228588615684,13299.0,0.10149981104999517,0.5488408539010043,0.06887290478873885,
ctcf,fold_b,20260806,1hop,coordinate_plus_frozen_sequence_fm_plus_frozen_pangenomefm,tissue,thyroid_gland,25179.0,16087.0,1219.0,0.04841336033996584,25179.0,0.0835186023803528,0.5018142077101431,0.03689127250980397,
ctcf,fold_b,20260806,1hop,coordinate_plus_frozen_sequence_fm_plus_frozen_pangenomefm,tissue,tibial_artery,7362.0,5337.0,351.0,0.04767726161369193,7362.0,0.12908360225378132,0.5510124302022748,0.08548188272605022,
ctcf,fold_b,20260806,1hop,coordinate_plus_frozen_sequence_fm_plus_frozen_pangenomefm,tissue,tibial_nerve,26130.0,17873.0,1043.0,0.03991580558744738,26130.0,0.08498477921208655,0.5357455193032752,0.04694273053022767,
ctcf,fold_b,20260806,1hop,coordinate_plus_frozen_sequence_fm_plus_frozen_pangenomefm,tissue,transverse_colon,36439.0,21908.0,1570.0,0.043085704876643156,36439.0,0.09246261862266839,0.5192207302564484,0.051600142246448516,
ctcf,fold_b,20260806,1hop,coordinate_plus_frozen_sequence_fm_plus_frozen_pangenomefm,tissue,upper_lobe_of_left_lung,40806.0,27719.0,1623.0,0.03977356271136598,40806.0,0.06944507900185838,0.5126253638137517,0.03090054089145377,
ctcf,fold_b,20260806,1hop,coordinate_plus_frozen_sequence_fm_plus_frozen_pangenomefm,tissue,uterus,16936.0,12185.0,579.0,0.03418752952290978,16936.0,0.08432778332698995,0.5504929781875749,0.05191510291776621,
ctcf,fold_b,20260806,1hop,coordinate_plus_frozen_sequence_fm_plus_frozen_pangenomefm,tissue,vagina,5060.0,4234.0,180.0,0.03557312252964427,5060.0,0.12239840436570505,0.6332200591985429,0.09002785370706302,
ctcf,fold_b,20260806,strict,coordinate_plus_frozen_sequence_fm,measurement_weight,all,606910.0,151399.0,24453.0,0.040290982188462866,606910.0,0.08642346141069845,0.5296072451783427,0.04806923595178185,
ctcf,fold_b,20260806,strict,coordinate_plus_frozen_sequence_fm,equal_locus_weight,all,606910.0,151399.0,24453.0,0.0256283642636111,151399.0,0.05492616862299695,0.55071890418006,0.030068408484862974,
ctcf,fold_b,20260806,strict,coordinate_plus_frozen_sequence_fm,donor,ENC-001,141082.0,45821.0,6622.0,0.04693724217121958,141082.0,0.12706933317479235,0.5541784389816051,0.08407850411249482,
ctcf,fold_b,20260806,strict,coordinate_plus_frozen_sequence_fm,donor,ENC-002,182826.0,68449.0,6289.0,0.034398827300274576,182826.0,0.08281133366381369,0.5134144630859504,0.0501371660808805,
ctcf,fold_b,20260806,strict,coordinate_plus_frozen_sequence_fm,donor,ENC-003,135453.0,32909.0,5160.0,0.0380943943655733,135453.0,0.05439383076614932,0.5082993134079381,0.016944943771094564,
ctcf,fold_b,20260806,strict,coordinate_plus_frozen_sequence_fm,donor,ENC-004,147549.0,34487.0,6382.0,0.04325342767487411,147549.0,0.09478863235668959,0.5361302239943992,0.0538650528494421,
ctcf,fold_b,20260806,strict,coordinate_plus_frozen_sequence_fm,tissue,Peyers_patch,27326.0,19147.0,1482.0,0.05423406279733587,27326.0,0.0918008829617569,0.4907104440198755,0.039721054318718814,
ctcf,fold_b,20260806,strict,coordinate_plus_frozen_sequence_fm,tissue,adrenal_gland,37706.0,29968.0,1323.0,0.03508725401792818,37706.0,0.07336705263217301,0.5098843019908981,0.03967177216141373,
ctcf,fold_b,20260806,strict,coordinate_plus_frozen_sequence_fm,tissue,ascending_aorta,8453.0,6239.0,320.0,0.03785638234946173,8453.0,0.0840644881277697,0.5428578015492438,0.048026204124435916,
ctcf,fold_b,20260806,strict,coordinate_plus_frozen_sequence_fm,tissue,body_of_pancreas,57524.0,44835.0,2954.0,0.051352478965301436,57524.0,0.08057548174848134,0.5244260600107519,0.030804911345054805,
ctcf,fold_b,20260806,strict,coordinate_plus_frozen_sequence_fm,tissue,breast_epithelium,11516.0,9913.0,433.0,0.03759986106286905,11516.0,0.07932275835588871,0.502749670291704,0.04335296266592208,
ctcf,fold_b,20260806,strict,coordinate_plus_frozen_sequence_fm,tissue,coronary_artery,4478.0,4317.0,232.0,0.05180884323358642,4478.0,0.08974057815294664,0.5040981775951403,0.04000431205108221,
ctcf,fold_b,20260806,strict,coordinate_plus_frozen_sequence_fm,tissue,esophagus_muscularis_mucosa,16143.0,11337.0,745.0,0.04615003407049495,16143.0,0.11266685653019273,0.5224960794176181,0.06973509968612167,
ctcf,fold_b,20260806,strict,coordinate_plus_frozen_sequence_fm,tissue,esophagus_squamous_epithelium,33806.0,24751.0,1346.0,0.039815417381529904,33806.0,0.0710540160512886,0.5242888378335572,0.032533951528954476,
ctcf,fold_b,20260806,strict,coordinate_plus_frozen_sequence_fm,tissue,gastrocnemius_medialis,19074.0,13434.0,868.0,0.04550697284261298,19074.0,0.10724903241199155,0.547037336655612,0.064685710437566,
ctcf,fold_b,20260806,strict,coordinate_plus_frozen_sequence_fm,tissue,gastroesophageal_sphincter,27580.0,17459.0,979.0,0.0354967367657723,27580.0,0.09671040223195149,0.5381873138394921,0.0634665198134364,
ctcf,fold_b,20260806,strict,coordinate_plus_frozen_sequence_fm,tissue,heart_left_ventricle,13212.0,9984.0,639.0,0.048365122615803814,13212.0,0.08249405210962144,0.5360155844795969,0.03586347064919418,
ctcf,fold_b,20260806,strict,coordinate_plus_frozen_sequence_fm,tissue,lower_leg_skin,1958.0,1901.0,131.0,0.0669050051072523,1958.0,0.2823843938154068,0.7204611071418126,0.2309297444392811,
ctcf,fold_b,20260806,strict,coordinate_plus_frozen_sequence_fm,tissue,omental_fat_pad,2517.0,2375.0,114.0,0.04529201430274136,2517.0,0.2892418778039635,0.7772557694694497,0.2555230155774349,
ctcf,fold_b,20260806,strict,coordinate_plus_frozen_sequence_fm,tissue,ovary,9446.0,8665.0,324.0,0.03430023290281601,9446.0,0.10827122064936189,0.6209420110382984,0.07659832824532693,
ctcf,fold_b,20260806,strict,coordinate_plus_frozen_sequence_fm,tissue,prostate_gland,15203.0,11228.0,756.0,0.04972702756034993,15203.0,0.13913134780836056,0.5491455174780433,0.09408277709770232,
ctcf,fold_b,20260806,strict,coordinate_plus_frozen_sequence_fm,tissue,right_atrium_auricular_region,8197.0,6966.0,392.0,0.04782237403928266,8197.0,0.08126013125803322,0.49302824589156613,0.03511714233466987,
ctcf,fold_b,20260806,strict,coordinate_plus_frozen_sequence_fm,tissue,right_lobe_of_liver,4877.0,4877.0,268.0,0.05495181464014763,4877.0,0.07457200927540078,0.49037128849136835,0.020761052123265265,
ctcf,fold_b,20260806,strict,coordinate_plus_frozen_sequence_fm,tissue,sigmoid_colon,26647.0,22683.0,574.0,0.021540886403722745,26647.0,0.09269068467789165,0.5822169956745674,0.07271616901053883,
ctcf,fold_b,20260806,strict,coordinate_plus_frozen_sequence_fm,tissue,spleen,73499.0,53530.0,2349.0,0.03195961849821086,73499.0,0.06452450700791575,0.5081652006041955,0.0336400104086409,
ctcf,fold_b,20260806,strict,coordinate_plus_frozen_sequence_fm,tissue,stomach,22532.0,17421.0,729.0,0.032353985442925615,22532.0,0.10905584829966827,0.5800104464550913,0.07926644837353233,
ctcf,fold_b,20260806,strict,coordinate_plus_frozen_sequence_fm,tissue,suprapubic_skin,4899.0,4171.0,191.0,0.038987548479281486,4899.0,0.1717675331073242,0.6797024781256812,0.13816676820152532,
ctcf,fold_b,20260806,strict,coordinate_plus_frozen_sequence_fm,tissue,testis,9106.0,6809.0,273.0,0.02998023281352954,9106.0,0.13491854485785065,0.601182752490349,0.10818162226600114,
ctcf,fold_b,20260806,strict,coordinate_plus_frozen_sequence_fm,tissue,thoracic_aorta,13299.0,11467.0,466.0,0.035040228588615684,13299.0,0.10631084851403891,0.545347646842619,0.0738586436833323,
ctcf,fold_b,20260806,strict,coordinate_plus_frozen_sequence_fm,tissue,thyroid_gland,25179.0,16087.0,1219.0,0.04841336033996584,25179.0,0.08346432507475063,0.500583485464563,0.03683423376699274,
ctcf,fold_b,20260806,strict,coordinate_plus_frozen_sequence_fm,tissue,tibial_artery,7362.0,5337.0,351.0,0.04767726161369193,7362.0,0.13161407772374328,0.5514273256392783,0.08813904438770476,
ctcf,fold_b,20260806,strict,coordinate_plus_frozen_sequence_fm,tissue,tibial_nerve,26130.0,17873.0,1043.0,0.03991580558744738,26130.0,0.082737537037639,0.5342883849534397,0.04460205854799326,
ctcf,fold_b,20260806,strict,coordinate_plus_frozen_sequence_fm,tissue,transverse_colon,36439.0,21908.0,1570.0,0.043085704876643156,36439.0,0.09227408266118178,0.5221337807951983,0.05140311732744854,
ctcf,fold_b,20260806,strict,coordinate_plus_frozen_sequence_fm,tissue,upper_lobe_of_left_lung,40806.0,27719.0,1623.0,0.03977356271136598,40806.0,0.06841426842301465,0.5080358827511566,0.02982703308244738,
ctcf,fold_b,20260806,strict,coordinate_plus_frozen_sequence_fm,tissue,uterus,16936.0,12185.0,579.0,0.03418752952290978,16936.0,0.08189622161787284,0.5501530878964318,0.04939746954333279,
ctcf,fold_b,20260806,strict,coordinate_plus_frozen_sequence_fm,tissue,vagina,5060.0,4234.0,180.0,0.03557312252964427,5060.0,0.12090811334921009,0.6201018897996358,0.08848259293995964,
ctcf,fold_b,20260806,strict,coordinate_plus_frozen_sequence_fm_plus_frozen_pangenomefm,measurement_weight,all,606910.0,151399.0,24453.0,0.040290982188462866,606910.0,0.08661328411211353,0.5218540155802749,0.048267027884432365,
ctcf,fold_b,20260806,strict,coordinate_plus_frozen_sequence_fm_plus_frozen_pangenomefm,equal_locus_weight,all,606910.0,151399.0,24453.0,0.0256283642636111,151399.0,0.054468981295419897,0.5469868484598526,0.029599196009038462,
ctcf,fold_b,20260806,strict,coordinate_plus_frozen_sequence_fm_plus_frozen_pangenomefm,donor,ENC-001,141082.0,45821.0,6622.0,0.04693724217121958,141082.0,0.12494118734738063,0.54626756239136,0.08184554955632271,
ctcf,fold_b,20260806,strict,coordinate_plus_frozen_sequence_fm_plus_frozen_pangenomefm,donor,ENC-002,182826.0,68449.0,6289.0,0.034398827300274576,182826.0,0.08137489206207135,0.49699351949734405,0.04864955230994215,
ctcf,fold_b,20260806,strict,coordinate_plus_frozen_sequence_fm_plus_frozen_pangenomefm,donor,ENC-003,135453.0,32909.0,5160.0,0.0380943943655733,135453.0,0.05463050377432081,0.5009833114952543,0.017190989751890564,
ctcf,fold_b,20260806,strict,coordinate_plus_frozen_sequence_fm_plus_frozen_pangenomefm,donor,ENC-004,147549.0,34487.0,6382.0,0.04325342767487411,147549.0,0.0975606390147097,0.5361960833234101,0.056762378785278435,
ctcf,fold_b,20260806,strict,coordinate_plus_frozen_sequence_fm_plus_frozen_pangenomefm,tissue,Peyers_patch,27326.0,19147.0,1482.0,0.05423406279733587,27326.0,0.09173702381865231,0.4838945434258202,0.03965353323280039,
ctcf,fold_b,20260806,strict,coordinate_plus_frozen_sequence_fm_plus_frozen_pangenomefm,tissue,adrenal_gland,37706.0,29968.0,1323.0,0.03508725401792818,37706.0,0.07420439590254743,0.5014378917300611,0.04053956385953477,
ctcf,fold_b,20260806,strict,coordinate_plus_frozen_sequence_fm_plus_frozen_pangenomefm,tissue,ascending_aorta,8453.0,6239.0,320.0,0.03785638234946173,8453.0,0.08828781163414717,0.5467170785687938,0.05241569798886586,
ctcf,fold_b,20260806,strict,coordinate_plus_frozen_sequence_fm_plus_frozen_pangenomefm,tissue,body_of_pancreas,57524.0,44835.0,2954.0,0.051352478965301436,57524.0,0.07923078776445902,0.5140779596597465,0.029387425973295602,
ctcf,fold_b,20260806,strict,coordinate_plus_frozen_sequence_fm_plus_frozen_pangenomefm,tissue,breast_epithelium,11516.0,9913.0,433.0,0.03759986106286905,11516.0,0.08108297831831089,0.49288686520082875,0.04518195238777121,
ctcf,fold_b,20260806,strict,coordinate_plus_frozen_sequence_fm_plus_frozen_pangenomefm,tissue,coronary_artery,4478.0,4317.0,232.0,0.05180884323358642,4478.0,0.08943433020125377,0.49139656796660547,0.039681330815170605,
ctcf,fold_b,20260806,strict,coordinate_plus_frozen_sequence_fm_plus_frozen_pangenomefm,tissue,esophagus_muscularis_mucosa,16143.0,11337.0,745.0,0.04615003407049495,16143.0,0.11378856560909897,0.5194986536210142,0.070911080310929,
ctcf,fold_b,20260806,strict,coordinate_plus_frozen_sequence_fm_plus_frozen_pangenomefm,tissue,esophagus_squamous_epithelium,33806.0,24751.0,1346.0,0.039815417381529904,33806.0,0.07133597471103281,0.5203556852232809,0.03282760200496535,
ctcf,fold_b,20260806,strict,coordinate_plus_frozen_sequence_fm_plus_frozen_pangenomefm,tissue,gastrocnemius_medialis,19074.0,13434.0,868.0,0.04550697284261298,19074.0,0.10820829511284558,0.5386402214087521,0.06569070751304056,
ctcf,fold_b,20260806,strict,coordinate_plus_frozen_sequence_fm_plus_frozen_pangenomefm,tissue,gastroesophageal_sphincter,27580.0,17459.0,979.0,0.0354967367657723,27580.0,0.09755210685592405,0.5355752252895175,0.06433920180017237,
ctcf,fold_b,20260806,strict,coordinate_plus_frozen_sequence_fm_plus_frozen_pangenomefm,tissue,heart_left_ventricle,13212.0,9984.0,639.0,0.048365122615803814,13212.0,0.08725825151307348,0.5318903176653352,0.04086980187630055,
ctcf,fold_b,20260806,strict,coordinate_plus_frozen_sequence_fm_plus_frozen_pangenomefm,tissue,lower_leg_skin,1958.0,1901.0,131.0,0.0669050051072523,1958.0,0.2785248489929022,0.721472233712297,0.22679346159173647,
ctcf,fold_b,20260806,strict,coordinate_plus_frozen_sequence_fm_plus_frozen_pangenomefm,tissue,omental_fat_pad,2517.0,2375.0,114.0,0.04529201430274136,2517.0,0.28763173762315025,0.7841294872637273,0.25383648922075286,
ctcf,fold_b,20260806,strict,coordinate_plus_frozen_sequence_fm_plus_frozen_pangenomefm,tissue,ovary,9446.0,8665.0,324.0,0.03430023290281601,9446.0,0.11643243896713279,0.630845825179122,0.08504942101332344,
ctcf,fold_b,20260806,strict,coordinate_plus_frozen_sequence_fm_plus_frozen_pangenomefm,tissue,prostate_gland,15203.0,11228.0,756.0,0.04972702756034993,15203.0,0.13528575950483723,0.5352262768162264,0.09003595222205582,
ctcf,fold_b,20260806,strict,coordinate_plus_frozen_sequence_fm_plus_frozen_pangenomefm,tissue,right_atrium_auricular_region,8197.0,6966.0,392.0,0.04782237403928266,8197.0,0.0840092697480998,0.48706497012642336,0.03800435414800437,
ctcf,fold_b,20260806,strict,coordinate_plus_frozen_sequence_fm_plus_frozen_pangenomefm,tissue,right_lobe_of_liver,4877.0,4877.0,268.0,0.05495181464014763,4877.0,0.07528719330303289,0.47785198006496055,0.021517822030568762,
ctcf,fold_b,20260806,strict,coordinate_plus_frozen_sequence_fm_plus_frozen_pangenomefm,tissue,sigmoid_colon,26647.0,22683.0,574.0,0.021540886403722745,26647.0,0.089569060098996,0.5711317299819282,0.06952582151873381,
ctcf,fold_b,20260806,strict,coordinate_plus_frozen_sequence_fm_plus_frozen_pangenomefm,tissue,spleen,73499.0,53530.0,2349.0,0.03195961849821086,73499.0,0.06369413205282334,0.4983810338395519,0.03278222082572682,
ctcf,fold_b,20260806,strict,coordinate_plus_frozen_sequence_fm_plus_frozen_pangenomefm,tissue,stomach,22532.0,17421.0,729.0,0.032353985442925615,22532.0,0.10739835269415188,0.567731960974651,0.07755353313326745,
ctcf,fold_b,20260806,strict,coordinate_plus_frozen_sequence_fm_plus_frozen_pangenomefm,tissue,suprapubic_skin,4899.0,4171.0,191.0,0.038987548479281486,4899.0,0.1712156292539067,0.6772748401962572,0.13759247402610214,
ctcf,fold_b,20260806,strict,coordinate_plus_frozen_sequence_fm_plus_frozen_pangenomefm,tissue,testis,9106.0,6809.0,273.0,0.02998023281352954,9106.0,0.13171481174563052,0.6015190703858201,0.104878871929776,
ctcf,fold_b,20260806,strict,coordinate_plus_frozen_sequence_fm_plus_frozen_pangenomefm,tissue,thoracic_aorta,13299.0,11467.0,466.0,0.035040228588615684,13299.0,0.1048450509884647,0.5349091615667627,0.0723396191923628,
ctcf,fold_b,20260806,strict,coordinate_plus_frozen_sequence_fm_plus_frozen_pangenomefm,tissue,thyroid_gland,25179.0,16087.0,1219.0,0.04841336033996584,25179.0,0.08397501047146062,0.4821038893096369,0.037370901029253216,
ctcf,fold_b,20260806,strict,coordinate_plus_frozen_sequence_fm_plus_frozen_pangenomefm,tissue,tibial_artery,7362.0,5337.0,351.0,0.04767726161369193,7362.0,0.1299136066277361,0.5515167252437256,0.08635344059241094,
ctcf,fold_b,20260806,strict,coordinate_plus_frozen_sequence_fm_plus_frozen_pangenomefm,tissue,tibial_nerve,26130.0,17873.0,1043.0,0.03991580558744738,26130.0,0.0848229833884881,0.5295647274044332,0.046774207993829225,
ctcf,fold_b,20260806,strict,coordinate_plus_frozen_sequence_fm_plus_frozen_pangenomefm,tissue,transverse_colon,36439.0,21908.0,1570.0,0.043085704876643156,36439.0,0.09272244421725634,0.5155355814930971,0.05187166666186595,
ctcf,fold_b,20260806,strict,coordinate_plus_frozen_sequence_fm_plus_frozen_pangenomefm,tissue,upper_lobe_of_left_lung,40806.0,27719.0,1623.0,0.03977356271136598,40806.0,0.06938260330480278,0.496895517312016,0.03083547738702453,
ctcf,fold_b,20260806,strict,coordinate_plus_frozen_sequence_fm_plus_frozen_pangenomefm,tissue,uterus,16936.0,12185.0,579.0,0.03418752952290978,16936.0,0.08347198126499991,0.5542388458385824,0.05102900744048655,
ctcf,fold_b,20260806,strict,coordinate_plus_frozen_sequence_fm_plus_frozen_pangenomefm,tissue,vagina,5060.0,4234.0,180.0,0.03557312252964427,5060.0,0.12180675043604629,0.6143539389799635,0.08941437647672013,
ctcf,fold_b,314159,1hop,coordinate_plus_frozen_sequence_fm,measurement_weight,all,606910.0,151399.0,24453.0,0.040290982188462866,606910.0,0.08642346141069845,0.5296072451783427,0.04806923595178185,
ctcf,fold_b,314159,1hop,coordinate_plus_frozen_sequence_fm,equal_locus_weight,all,606910.0,151399.0,24453.0,0.0256283642636111,151399.0,0.05492616862299695,0.55071890418006,0.030068408484862974,
ctcf,fold_b,314159,1hop,coordinate_plus_frozen_sequence_fm,donor,ENC-001,141082.0,45821.0,6622.0,0.04693724217121958,141082.0,0.12706933317479235,0.5541784389816051,0.08407850411249482,
ctcf,fold_b,314159,1hop,coordinate_plus_frozen_sequence_fm,donor,ENC-002,182826.0,68449.0,6289.0,0.034398827300274576,182826.0,0.08281133366381369,0.5134144630859504,0.0501371660808805,
ctcf,fold_b,314159,1hop,coordinate_plus_frozen_sequence_fm,donor,ENC-003,135453.0,32909.0,5160.0,0.0380943943655733,135453.0,0.05439383076614932,0.5082993134079381,0.016944943771094564,
ctcf,fold_b,314159,1hop,coordinate_plus_frozen_sequence_fm,donor,ENC-004,147549.0,34487.0,6382.0,0.04325342767487411,147549.0,0.09478863235668959,0.5361302239943992,0.0538650528494421,
ctcf,fold_b,314159,1hop,coordinate_plus_frozen_sequence_fm,tissue,Peyers_patch,27326.0,19147.0,1482.0,0.05423406279733587,27326.0,0.0918008829617569,0.4907104440198755,0.039721054318718814,
ctcf,fold_b,314159,1hop,coordinate_plus_frozen_sequence_fm,tissue,adrenal_gland,37706.0,29968.0,1323.0,0.03508725401792818,37706.0,0.07336705263217301,0.5098843019908981,0.03967177216141373,
ctcf,fold_b,314159,1hop,coordinate_plus_frozen_sequence_fm,tissue,ascending_aorta,8453.0,6239.0,320.0,0.03785638234946173,8453.0,0.0840644881277697,0.5428578015492438,0.048026204124435916,
ctcf,fold_b,314159,1hop,coordinate_plus_frozen_sequence_fm,tissue,body_of_pancreas,57524.0,44835.0,2954.0,0.051352478965301436,57524.0,0.08057548174848134,0.5244260600107519,0.030804911345054805,
ctcf,fold_b,314159,1hop,coordinate_plus_frozen_sequence_fm,tissue,breast_epithelium,11516.0,9913.0,433.0,0.03759986106286905,11516.0,0.07932275835588871,0.502749670291704,0.04335296266592208,
ctcf,fold_b,314159,1hop,coordinate_plus_frozen_sequence_fm,tissue,coronary_artery,4478.0,4317.0,232.0,0.05180884323358642,4478.0,0.08974057815294664,0.5040981775951403,0.04000431205108221,
ctcf,fold_b,314159,1hop,coordinate_plus_frozen_sequence_fm,tissue,esophagus_muscularis_mucosa,16143.0,11337.0,745.0,0.04615003407049495,16143.0,0.11266685653019273,0.5224960794176181,0.06973509968612167,
ctcf,fold_b,314159,1hop,coordinate_plus_frozen_sequence_fm,tissue,esophagus_squamous_epithelium,33806.0,24751.0,1346.0,0.039815417381529904,33806.0,0.0710540160512886,0.5242888378335572,0.032533951528954476,
ctcf,fold_b,314159,1hop,coordinate_plus_frozen_sequence_fm,tissue,gastrocnemius_medialis,19074.0,13434.0,868.0,0.04550697284261298,19074.0,0.10724903241199155,0.547037336655612,0.064685710437566,
ctcf,fold_b,314159,1hop,coordinate_plus_frozen_sequence_fm,tissue,gastroesophageal_sphincter,27580.0,17459.0,979.0,0.0354967367657723,27580.0,0.09671040223195149,0.5381873138394921,0.0634665198134364,
ctcf,fold_b,314159,1hop,coordinate_plus_frozen_sequence_fm,tissue,heart_left_ventricle,13212.0,9984.0,639.0,0.048365122615803814,13212.0,0.08249405210962144,0.5360155844795969,0.03586347064919418,
ctcf,fold_b,314159,1hop,coordinate_plus_frozen_sequence_fm,tissue,lower_leg_skin,1958.0,1901.0,131.0,0.0669050051072523,1958.0,0.2823843938154068,0.7204611071418126,0.2309297444392811,
ctcf,fold_b,314159,1hop,coordinate_plus_frozen_sequence_fm,tissue,omental_fat_pad,2517.0,2375.0,114.0,0.04529201430274136,2517.0,0.2892418778039635,0.7772557694694497,0.2555230155774349,
ctcf,fold_b,314159,1hop,coordinate_plus_frozen_sequence_fm,tissue,ovary,9446.0,8665.0,324.0,0.03430023290281601,9446.0,0.10827122064936189,0.6209420110382984,0.07659832824532693,
ctcf,fold_b,314159,1hop,coordinate_plus_frozen_sequence_fm,tissue,prostate_gland,15203.0,11228.0,756.0,0.04972702756034993,15203.0,0.13913134780836056,0.5491455174780433,0.09408277709770232,
ctcf,fold_b,314159,1hop,coordinate_plus_frozen_sequence_fm,tissue,right_atrium_auricular_region,8197.0,6966.0,392.0,0.04782237403928266,8197.0,0.08126013125803322,0.49302824589156613,0.03511714233466987,
ctcf,fold_b,314159,1hop,coordinate_plus_frozen_sequence_fm,tissue,right_lobe_of_liver,4877.0,4877.0,268.0,0.05495181464014763,4877.0,0.07457200927540078,0.49037128849136835,0.020761052123265265,
ctcf,fold_b,314159,1hop,coordinate_plus_frozen_sequence_fm,tissue,sigmoid_colon,26647.0,22683.0,574.0,0.021540886403722745,26647.0,0.09269068467789165,0.5822169956745674,0.07271616901053883,
ctcf,fold_b,314159,1hop,coordinate_plus_frozen_sequence_fm,tissue,spleen,73499.0,53530.0,2349.0,0.03195961849821086,73499.0,0.06452450700791575,0.5081652006041955,0.0336400104086409,
ctcf,fold_b,314159,1hop,coordinate_plus_frozen_sequence_fm,tissue,stomach,22532.0,17421.0,729.0,0.032353985442925615,22532.0,0.10905584829966827,0.5800104464550913,0.07926644837353233,
ctcf,fold_b,314159,1hop,coordinate_plus_frozen_sequence_fm,tissue,suprapubic_skin,4899.0,4171.0,191.0,0.038987548479281486,4899.0,0.1717675331073242,0.6797024781256812,0.13816676820152532,
ctcf,fold_b,314159,1hop,coordinate_plus_frozen_sequence_fm,tissue,testis,9106.0,6809.0,273.0,0.02998023281352954,9106.0,0.13491854485785065,0.601182752490349,0.10818162226600114,
ctcf,fold_b,314159,1hop,coordinate_plus_frozen_sequence_fm,tissue,thoracic_aorta,13299.0,11467.0,466.0,0.035040228588615684,13299.0,0.10631084851403891,0.545347646842619,0.0738586436833323,
ctcf,fold_b,314159,1hop,coordinate_plus_frozen_sequence_fm,tissue,thyroid_gland,25179.0,16087.0,1219.0,0.04841336033996584,25179.0,0.08346432507475063,0.500583485464563,0.03683423376699274,
ctcf,fold_b,314159,1hop,coordinate_plus_frozen_sequence_fm,tissue,tibial_artery,7362.0,5337.0,351.0,0.04767726161369193,7362.0,0.13161407772374328,0.5514273256392783,0.08813904438770476,
ctcf,fold_b,314159,1hop,coordinate_plus_frozen_sequence_fm,tissue,tibial_nerve,26130.0,17873.0,1043.0,0.03991580558744738,26130.0,0.082737537037639,0.5342883849534397,0.04460205854799326,
ctcf,fold_b,314159,1hop,coordinate_plus_frozen_sequence_fm,tissue,transverse_colon,36439.0,21908.0,1570.0,0.043085704876643156,36439.0,0.09227408266118178,0.5221337807951983,0.05140311732744854,
ctcf,fold_b,314159,1hop,coordinate_plus_frozen_sequence_fm,tissue,upper_lobe_of_left_lung,40806.0,27719.0,1623.0,0.03977356271136598,40806.0,0.06841426842301465,0.5080358827511566,0.02982703308244738,
ctcf,fold_b,314159,1hop,coordinate_plus_frozen_sequence_fm,tissue,uterus,16936.0,12185.0,579.0,0.03418752952290978,16936.0,0.08189622161787284,0.5501530878964318,0.04939746954333279,
ctcf,fold_b,314159,1hop,coordinate_plus_frozen_sequence_fm,tissue,vagina,5060.0,4234.0,180.0,0.03557312252964427,5060.0,0.12090811334921009,0.6201018897996358,0.08848259293995964,
ctcf,fold_b,314159,1hop,coordinate_plus_frozen_sequence_fm_plus_frozen_pangenomefm,measurement_weight,all,606910.0,151399.0,24453.0,0.040290982188462866,606910.0,0.09171005854290737,0.543493417180953,0.053577777638994656,
ctcf,fold_b,314159,1hop,coordinate_plus_frozen_sequence_fm_plus_frozen_pangenomefm,equal_locus_weight,all,606910.0,151399.0,24453.0,0.0256283642636111,151399.0,0.05752620286344363,0.5540149435548789,0.032736830004011244,
ctcf,fold_b,314159,1hop,coordinate_plus_frozen_sequence_fm_plus_frozen_pangenomefm,donor,ENC-001,141082.0,45821.0,6622.0,0.04693724217121958,141082.0,0.13626116061018664,0.565218435517072,0.09372301845311877,
ctcf,fold_b,314159,1hop,coordinate_plus_frozen_sequence_fm_plus_frozen_pangenomefm,donor,ENC-002,182826.0,68449.0,6289.0,0.034398827300274576,182826.0,0.08392769323690627,0.5145632148238982,0.051293295137736714,
ctcf,fold_b,314159,1hop,coordinate_plus_frozen_sequence_fm_plus_frozen_pangenomefm,donor,ENC-003,135453.0,32909.0,5160.0,0.0380943943655733,135453.0,0.05667372004831904,0.5216689737804425,0.019315123619111994,
ctcf,fold_b,314159,1hop,coordinate_plus_frozen_sequence_fm_plus_frozen_pangenomefm,donor,ENC-004,147549.0,34487.0,6382.0,0.04325342767487411,147549.0,0.10319970026737847,0.5649968847558942,0.0626563756030193,
ctcf,fold_b,314159,1hop,coordinate_plus_frozen_sequence_fm_plus_frozen_pangenomefm,tissue,Peyers_patch,27326.0,19147.0,1482.0,0.05423406279733587,27326.0,0.09307670498437717,0.4956357578670403,0.04107003716154971,
ctcf,fold_b,314159,1hop,coordinate_plus_frozen_sequence_fm_plus_frozen_pangenomefm,tissue,adrenal_gland,37706.0,29968.0,1323.0,0.03508725401792818,37706.0,0.07878924712944411,0.5262257012917644,0.045291134658022154,
ctcf,fold_b,314159,1hop,coordinate_plus_frozen_sequence_fm_plus_frozen_pangenomefm,tissue,ascending_aorta,8453.0,6239.0,320.0,0.03785638234946173,8453.0,0.09060649994146777,0.5690308772900529,0.05482561711609825,
ctcf,fold_b,314159,1hop,coordinate_plus_frozen_sequence_fm_plus_frozen_pangenomefm,tissue,body_of_pancreas,57524.0,44835.0,2954.0,0.051352478965301436,57524.0,0.08397812662462505,0.5348190549639708,0.034391749238683,
ctcf,fold_b,314159,1hop,coordinate_plus_frozen_sequence_fm_plus_frozen_pangenomefm,tissue,breast_epithelium,11516.0,9913.0,433.0,0.03759986106286905,11516.0,0.08283654666425988,0.5164635349605402,0.04700403062217963,
ctcf,fold_b,314159,1hop,coordinate_plus_frozen_sequence_fm_plus_frozen_pangenomefm,tissue,coronary_artery,4478.0,4317.0,232.0,0.05180884323358642,4478.0,0.09340806696907265,0.5277451800477528,0.0438721912123192,
ctcf,fold_b,314159,1hop,coordinate_plus_frozen_sequence_fm_plus_frozen_pangenomefm,tissue,esophagus_muscularis_mucosa,16143.0,11337.0,745.0,0.04615003407049495,16143.0,0.12011670885626698,0.5361708266827994,0.07754539752349122,
ctcf,fold_b,314159,1hop,coordinate_plus_frozen_sequence_fm_plus_frozen_pangenomefm,tissue,esophagus_squamous_epithelium,33806.0,24751.0,1346.0,0.039815417381529904,33806.0,0.07709638503514364,0.5397834596289044,0.03882687592415484,
ctcf,fold_b,314159,1hop,coordinate_plus_frozen_sequence_fm_plus_frozen_pangenomefm,tissue,gastrocnemius_medialis,19074.0,13434.0,868.0,0.04550697284261298,19074.0,0.11231935505922283,0.5519360862955495,0.06999776877950215,
ctcf,fold_b,314159,1hop,coordinate_plus_frozen_sequence_fm_plus_frozen_pangenomefm,tissue,gastroesophageal_sphincter,27580.0,17459.0,979.0,0.0354967367657723,27580.0,0.10449457726649089,0.557368510764704,0.07153717683582642,
ctcf,fold_b,314159,1hop,coordinate_plus_frozen_sequence_fm_plus_frozen_pangenomefm,tissue,heart_left_ventricle,13212.0,9984.0,639.0,0.048365122615803814,13212.0,0.0884624080809352,0.5502029026852508,0.04213515752527765,
ctcf,fold_b,314159,1hop,coordinate_plus_frozen_sequence_fm_plus_frozen_pangenomefm,tissue,lower_leg_skin,1958.0,1901.0,131.0,0.0669050051072523,1958.0,0.33613731897562515,0.740721242432219,0.2885368749612885,
ctcf,fold_b,314159,1hop,coordinate_plus_frozen_sequence_fm_plus_frozen_pangenomefm,tissue,omental_fat_pad,2517.0,2375.0,114.0,0.04529201430274136,2517.0,0.31907737793183605,0.777357980886465,0.28677393269015033,
ctcf,fold_b,314159,1hop,coordinate_plus_frozen_sequence_fm_plus_frozen_pangenomefm,tissue,ovary,9446.0,8665.0,324.0,0.03430023290281601,9446.0,0.11698218616150696,0.6464183387875194,0.08561869441806565,
ctcf,fold_b,314159,1hop,coordinate_plus_frozen_sequence_fm_plus_frozen_pangenomefm,tissue,prostate_gland,15203.0,11228.0,756.0,0.04972702756034993,15203.0,0.14373471284865186,0.5574545785489233,0.0989270325630272,
ctcf,fold_b,314159,1hop,coordinate_plus_frozen_sequence_fm_plus_frozen_pangenomefm,tissue,right_atrium_auricular_region,8197.0,6966.0,392.0,0.04782237403928266,8197.0,0.09221802730057632,0.5308078612610964,0.046625390106703926,
ctcf,fold_b,314159,1hop,coordinate_plus_frozen_sequence_fm_plus_frozen_pangenomefm,tissue,right_lobe_of_liver,4877.0,4877.0,268.0,0.05495181464014763,4877.0,0.07542670764124992,0.4943244560447923,0.021665448723448878,
ctcf,fold_b,314159,1hop,coordinate_plus_frozen_sequence_fm_plus_frozen_pangenomefm,tissue,sigmoid_colon,26647.0,22683.0,574.0,0.021540886403722745,26647.0,0.10778169573667304,0.5865759043457588,0.08813941035918868,
ctcf,fold_b,314159,1hop,coordinate_plus_frozen_sequence_fm_plus_frozen_pangenomefm,tissue,spleen,73499.0,53530.0,2349.0,0.03195961849821086,73499.0,0.06804886067847786,0.523513862001354,0.037280719761172795,
ctcf,fold_b,314159,1hop,coordinate_plus_frozen_sequence_fm_plus_frozen_pangenomefm,tissue,stomach,22532.0,17421.0,729.0,0.032353985442925615,22532.0,0.11622960166064414,0.6024977559688209,0.0866800616712211,
ctcf,fold_b,314159,1hop,coordinate_plus_frozen_sequence_fm_plus_frozen_pangenomefm,tissue,suprapubic_skin,4899.0,4171.0,191.0,0.038987548479281486,4899.0,0.17524039321782214,0.6807355865253306,0.1417805196206692,
ctcf,fold_b,314159,1hop,coordinate_plus_frozen_sequence_fm_plus_frozen_pangenomefm,tissue,testis,9106.0,6809.0,273.0,0.02998023281352954,9106.0,0.14705095473780694,0.6209342753551969,0.12068900643523944,
ctcf,fold_b,314159,1hop,coordinate_plus_frozen_sequence_fm_plus_frozen_pangenomefm,tissue,thoracic_aorta,13299.0,11467.0,466.0,0.035040228588615684,13299.0,0.11586887008940269,0.5597371850804441,0.0837637421740019,
ctcf,fold_b,314159,1hop,coordinate_plus_frozen_sequence_fm_plus_frozen_pangenomefm,tissue,thyroid_gland,25179.0,16087.0,1219.0,0.04841336033996584,25179.0,0.0891396707464592,0.508916522067816,0.04279832094011253,
ctcf,fold_b,314159,1hop,coordinate_plus_frozen_sequence_fm_plus_frozen_pangenomefm,tissue,tibial_artery,7362.0,5337.0,351.0,0.04767726161369193,7362.0,0.14738214346303907,0.5616969020192526,0.10469652548493705,
ctcf,fold_b,314159,1hop,coordinate_plus_frozen_sequence_fm_plus_frozen_pangenomefm,tissue,tibial_nerve,26130.0,17873.0,1043.0,0.03991580558744738,26130.0,0.08807402848727433,0.5470399825481724,0.05016041632608435,
ctcf,fold_b,314159,1hop,coordinate_plus_frozen_sequence_fm_plus_frozen_pangenomefm,tissue,transverse_colon,36439.0,21908.0,1570.0,0.043085704876643156,36439.0,0.09741266341539662,0.5380896797896695,0.05677306611011607,
ctcf,fold_b,314159,1hop,coordinate_plus_frozen_sequence_fm_plus_frozen_pangenomefm,tissue,upper_lobe_of_left_lung,40806.0,27719.0,1623.0,0.03977356271136598,40806.0,0.07210146474241953,0.5218399267767503,0.03366695685065389,
ctcf,fold_b,314159,1hop,coordinate_plus_frozen_sequence_fm_plus_frozen_pangenomefm,tissue,uterus,16936.0,12185.0,579.0,0.03418752952290978,16936.0,0.09041151478448539,0.5787567195381378,0.05821418440973557,
ctcf,fold_b,314159,1hop,coordinate_plus_frozen_sequence_fm_plus_frozen_pangenomefm,tissue,vagina,5060.0,4234.0,180.0,0.03557312252964427,5060.0,0.12646738041705308,0.6435558970856102,0.0942469149406329,
ctcf,fold_b,314159,strict,coordinate_plus_frozen_sequence_fm,measurement_weight,all,606910.0,151399.0,24453.0,0.040290982188462866,606910.0,0.08642346141069845,0.5296072451783427,0.04806923595178185,
ctcf,fold_b,314159,strict,coordinate_plus_frozen_sequence_fm,equal_locus_weight,all,606910.0,151399.0,24453.0,0.0256283642636111,151399.0,0.05492616862299695,0.55071890418006,0.030068408484862974,
ctcf,fold_b,314159,strict,coordinate_plus_frozen_sequence_fm,donor,ENC-001,141082.0,45821.0,6622.0,0.04693724217121958,141082.0,0.12706933317479235,0.5541784389816051,0.08407850411249482,
ctcf,fold_b,314159,strict,coordinate_plus_frozen_sequence_fm,donor,ENC-002,182826.0,68449.0,6289.0,0.034398827300274576,182826.0,0.08281133366381369,0.5134144630859504,0.0501371660808805,
ctcf,fold_b,314159,strict,coordinate_plus_frozen_sequence_fm,donor,ENC-003,135453.0,32909.0,5160.0,0.0380943943655733,135453.0,0.05439383076614932,0.5082993134079381,0.016944943771094564,
ctcf,fold_b,314159,strict,coordinate_plus_frozen_sequence_fm,donor,ENC-004,147549.0,34487.0,6382.0,0.04325342767487411,147549.0,0.09478863235668959,0.5361302239943992,0.0538650528494421,
ctcf,fold_b,314159,strict,coordinate_plus_frozen_sequence_fm,tissue,Peyers_patch,27326.0,19147.0,1482.0,0.05423406279733587,27326.0,0.0918008829617569,0.4907104440198755,0.039721054318718814,
ctcf,fold_b,314159,strict,coordinate_plus_frozen_sequence_fm,tissue,adrenal_gland,37706.0,29968.0,1323.0,0.03508725401792818,37706.0,0.07336705263217301,0.5098843019908981,0.03967177216141373,
ctcf,fold_b,314159,strict,coordinate_plus_frozen_sequence_fm,tissue,ascending_aorta,8453.0,6239.0,320.0,0.03785638234946173,8453.0,0.0840644881277697,0.5428578015492438,0.048026204124435916,
ctcf,fold_b,314159,strict,coordinate_plus_frozen_sequence_fm,tissue,body_of_pancreas,57524.0,44835.0,2954.0,0.051352478965301436,57524.0,0.08057548174848134,0.5244260600107519,0.030804911345054805,
ctcf,fold_b,314159,strict,coordinate_plus_frozen_sequence_fm,tissue,breast_epithelium,11516.0,9913.0,433.0,0.03759986106286905,11516.0,0.07932275835588871,0.502749670291704,0.04335296266592208,
ctcf,fold_b,314159,strict,coordinate_plus_frozen_sequence_fm,tissue,coronary_artery,4478.0,4317.0,232.0,0.05180884323358642,4478.0,0.08974057815294664,0.5040981775951403,0.04000431205108221,
ctcf,fold_b,314159,strict,coordinate_plus_frozen_sequence_fm,tissue,esophagus_muscularis_mucosa,16143.0,11337.0,745.0,0.04615003407049495,16143.0,0.11266685653019273,0.5224960794176181,0.06973509968612167,
ctcf,fold_b,314159,strict,coordinate_plus_frozen_sequence_fm,tissue,esophagus_squamous_epithelium,33806.0,24751.0,1346.0,0.039815417381529904,33806.0,0.0710540160512886,0.5242888378335572,0.032533951528954476,
ctcf,fold_b,314159,strict,coordinate_plus_frozen_sequence_fm,tissue,gastrocnemius_medialis,19074.0,13434.0,868.0,0.04550697284261298,19074.0,0.10724903241199155,0.547037336655612,0.064685710437566,
ctcf,fold_b,314159,strict,coordinate_plus_frozen_sequence_fm,tissue,gastroesophageal_sphincter,27580.0,17459.0,979.0,0.0354967367657723,27580.0,0.09671040223195149,0.5381873138394921,0.0634665198134364,
ctcf,fold_b,314159,strict,coordinate_plus_frozen_sequence_fm,tissue,heart_left_ventricle,13212.0,9984.0,639.0,0.048365122615803814,13212.0,0.08249405210962144,0.5360155844795969,0.03586347064919418,
ctcf,fold_b,314159,strict,coordinate_plus_frozen_sequence_fm,tissue,lower_leg_skin,1958.0,1901.0,131.0,0.0669050051072523,1958.0,0.2823843938154068,0.7204611071418126,0.2309297444392811,
ctcf,fold_b,314159,strict,coordinate_plus_frozen_sequence_fm,tissue,omental_fat_pad,2517.0,2375.0,114.0,0.04529201430274136,2517.0,0.2892418778039635,0.7772557694694497,0.2555230155774349,
ctcf,fold_b,314159,strict,coordinate_plus_frozen_sequence_fm,tissue,ovary,9446.0,8665.0,324.0,0.03430023290281601,9446.0,0.10827122064936189,0.6209420110382984,0.07659832824532693,
ctcf,fold_b,314159,strict,coordinate_plus_frozen_sequence_fm,tissue,prostate_gland,15203.0,11228.0,756.0,0.04972702756034993,15203.0,0.13913134780836056,0.5491455174780433,0.09408277709770232,
ctcf,fold_b,314159,strict,coordinate_plus_frozen_sequence_fm,tissue,right_atrium_auricular_region,8197.0,6966.0,392.0,0.04782237403928266,8197.0,0.08126013125803322,0.49302824589156613,0.03511714233466987,
ctcf,fold_b,314159,strict,coordinate_plus_frozen_sequence_fm,tissue,right_lobe_of_liver,4877.0,4877.0,268.0,0.05495181464014763,4877.0,0.07457200927540078,0.49037128849136835,0.020761052123265265,
ctcf,fold_b,314159,strict,coordinate_plus_frozen_sequence_fm,tissue,sigmoid_colon,26647.0,22683.0,574.0,0.021540886403722745,26647.0,0.09269068467789165,0.5822169956745674,0.07271616901053883,
ctcf,fold_b,314159,strict,coordinate_plus_frozen_sequence_fm,tissue,spleen,73499.0,53530.0,2349.0,0.03195961849821086,73499.0,0.06452450700791575,0.5081652006041955,0.0336400104086409,
ctcf,fold_b,314159,strict,coordinate_plus_frozen_sequence_fm,tissue,stomach,22532.0,17421.0,729.0,0.032353985442925615,22532.0,0.10905584829966827,0.5800104464550913,0.07926644837353233,
ctcf,fold_b,314159,strict,coordinate_plus_frozen_sequence_fm,tissue,suprapubic_skin,4899.0,4171.0,191.0,0.038987548479281486,4899.0,0.1717675331073242,0.6797024781256812,0.13816676820152532,
ctcf,fold_b,314159,strict,coordinate_plus_frozen_sequence_fm,tissue,testis,9106.0,6809.0,273.0,0.02998023281352954,9106.0,0.13491854485785065,0.601182752490349,0.10818162226600114,
ctcf,fold_b,314159,strict,coordinate_plus_frozen_sequence_fm,tissue,thoracic_aorta,13299.0,11467.0,466.0,0.035040228588615684,13299.0,0.10631084851403891,0.545347646842619,0.0738586436833323,
ctcf,fold_b,314159,strict,coordinate_plus_frozen_sequence_fm,tissue,thyroid_gland,25179.0,16087.0,1219.0,0.04841336033996584,25179.0,0.08346432507475063,0.500583485464563,0.03683423376699274,
ctcf,fold_b,314159,strict,coordinate_plus_frozen_sequence_fm,tissue,tibial_artery,7362.0,5337.0,351.0,0.04767726161369193,7362.0,0.13161407772374328,0.5514273256392783,0.08813904438770476,
ctcf,fold_b,314159,strict,coordinate_plus_frozen_sequence_fm,tissue,tibial_nerve,26130.0,17873.0,1043.0,0.03991580558744738,26130.0,0.082737537037639,0.5342883849534397,0.04460205854799326,
ctcf,fold_b,314159,strict,coordinate_plus_frozen_sequence_fm,tissue,transverse_colon,36439.0,21908.0,1570.0,0.043085704876643156,36439.0,0.09227408266118178,0.5221337807951983,0.05140311732744854,
ctcf,fold_b,314159,strict,coordinate_plus_frozen_sequence_fm,tissue,upper_lobe_of_left_lung,40806.0,27719.0,1623.0,0.03977356271136598,40806.0,0.06841426842301465,0.5080358827511566,0.02982703308244738,
ctcf,fold_b,314159,strict,coordinate_plus_frozen_sequence_fm,tissue,uterus,16936.0,12185.0,579.0,0.03418752952290978,16936.0,0.08189622161787284,0.5501530878964318,0.04939746954333279,
ctcf,fold_b,314159,strict,coordinate_plus_frozen_sequence_fm,tissue,vagina,5060.0,4234.0,180.0,0.03557312252964427,5060.0,0.12090811334921009,0.6201018897996358,0.08848259293995964,
ctcf,fold_b,314159,strict,coordinate_plus_frozen_sequence_fm_plus_frozen_pangenomefm,measurement_weight,all,606910.0,151399.0,24453.0,0.040290982188462866,606910.0,0.08645286283932498,0.5304078975900515,0.048099871725835075,
ctcf,fold_b,314159,strict,coordinate_plus_frozen_sequence_fm_plus_frozen_pangenomefm,equal_locus_weight,all,606910.0,151399.0,24453.0,0.0256283642636111,151399.0,0.05372787724439533,0.5484527526440475,0.028838599103459952,
ctcf,fold_b,314159,strict,coordinate_plus_frozen_sequence_fm_plus_frozen_pangenomefm,donor,ENC-001,141082.0,45821.0,6622.0,0.04693724217121958,141082.0,0.12367284436042467,0.5476405442794254,0.0805147421393532,
ctcf,fold_b,314159,strict,coordinate_plus_frozen_sequence_fm_plus_frozen_pangenomefm,donor,ENC-002,182826.0,68449.0,6289.0,0.034398827300274576,182826.0,0.0814736618703946,0.5163154903765131,0.048751840719604186,
ctcf,fold_b,314159,strict,coordinate_plus_frozen_sequence_fm_plus_frozen_pangenomefm,donor,ENC-003,135453.0,32909.0,5160.0,0.0380943943655733,135453.0,0.05496268566452299,0.5041551087867138,0.0175363270576058,
ctcf,fold_b,314159,strict,coordinate_plus_frozen_sequence_fm_plus_frozen_pangenomefm,donor,ENC-004,147549.0,34487.0,6382.0,0.04325342767487411,147549.0,0.0974661584202544,0.5461286362533955,0.056663626830279853,
ctcf,fold_b,314159,strict,coordinate_plus_frozen_sequence_fm_plus_frozen_pangenomefm,tissue,Peyers_patch,27326.0,19147.0,1482.0,0.05423406279733587,27326.0,0.09204789223440704,0.48642561274425333,0.039982228107003824,
ctcf,fold_b,314159,strict,coordinate_plus_frozen_sequence_fm_plus_frozen_pangenomefm,tissue,adrenal_gland,37706.0,29968.0,1323.0,0.03508725401792818,37706.0,0.07652049127751906,0.5266164795968746,0.04293987972707401,
ctcf,fold_b,314159,strict,coordinate_plus_frozen_sequence_fm_plus_frozen_pangenomefm,tissue,ascending_aorta,8453.0,6239.0,320.0,0.03785638234946173,8453.0,0.08576105874204658,0.5548859584409197,0.04978952779374397,
ctcf,fold_b,314159,strict,coordinate_plus_frozen_sequence_fm_plus_frozen_pangenomefm,tissue,body_of_pancreas,57524.0,44835.0,2954.0,0.051352478965301436,57524.0,0.07927931439738078,0.5181187188965146,0.029438579464814596,
ctcf,fold_b,314159,strict,coordinate_plus_frozen_sequence_fm_plus_frozen_pangenomefm,tissue,breast_epithelium,11516.0,9913.0,433.0,0.03759986106286905,11516.0,0.0817791490588589,0.5129733884927481,0.04590532171450141,
ctcf,fold_b,314159,strict,coordinate_plus_frozen_sequence_fm_plus_frozen_pangenomefm,tissue,coronary_artery,4478.0,4317.0,232.0,0.05180884323358642,4478.0,0.09015598522272575,0.5056178634658177,0.04044241682227176,
ctcf,fold_b,314159,strict,coordinate_plus_frozen_sequence_fm_plus_frozen_pangenomefm,tissue,esophagus_muscularis_mucosa,16143.0,11337.0,745.0,0.04615003407049495,16143.0,0.11329073610130637,0.5271897073706948,0.07038916436442322,
ctcf,fold_b,314159,strict,coordinate_plus_frozen_sequence_fm_plus_frozen_pangenomefm,tissue,esophagus_squamous_epithelium,33806.0,24751.0,1346.0,0.039815417381529904,33806.0,0.07123413561882477,0.5247885727913839,0.03272154001016606,
ctcf,fold_b,314159,strict,coordinate_plus_frozen_sequence_fm_plus_frozen_pangenomefm,tissue,gastrocnemius_medialis,19074.0,13434.0,868.0,0.04550697284261298,19074.0,0.10714624838091913,0.547845547449542,0.06457802601437172,
ctcf,fold_b,314159,strict,coordinate_plus_frozen_sequence_fm_plus_frozen_pangenomefm,tissue,gastroesophageal_sphincter,27580.0,17459.0,979.0,0.0354967367657723,27580.0,0.0970038121591919,0.5421534261520424,0.06377072814369808,
ctcf,fold_b,314159,strict,coordinate_plus_frozen_sequence_fm_plus_frozen_pangenomefm,tissue,heart_left_ventricle,13212.0,9984.0,639.0,0.048365122615803814,13212.0,0.08762788196044113,0.5494982852566676,0.04125821812306914,
ctcf,fold_b,314159,strict,coordinate_plus_frozen_sequence_fm_plus_frozen_pangenomefm,tissue,lower_leg_skin,1958.0,1901.0,131.0,0.0669050051072523,1958.0,0.2848544968131711,0.7173149157881982,0.23357695936518283,
ctcf,fold_b,314159,strict,coordinate_plus_frozen_sequence_fm_plus_frozen_pangenomefm,tissue,omental_fat_pad,2517.0,2375.0,114.0,0.04529201430274136,2517.0,0.29598239746075183,0.7904921479729285,0.26258331019921444,
ctcf,fold_b,314159,strict,coordinate_plus_frozen_sequence_fm_plus_frozen_pangenomefm,tissue,ovary,9446.0,8665.0,324.0,0.03430023290281601,9446.0,0.11061545856790767,0.6172056228193405,0.07902583004083051,
ctcf,fold_b,314159,strict,coordinate_plus_frozen_sequence_fm_plus_frozen_pangenomefm,tissue,prostate_gland,15203.0,11228.0,756.0,0.04972702756034993,15203.0,0.13288699601916226,0.5439908433782594,0.08751166335428281,
ctcf,fold_b,314159,strict,coordinate_plus_frozen_sequence_fm_plus_frozen_pangenomefm,tissue,right_atrium_auricular_region,8197.0,6966.0,392.0,0.04782237403928266,8197.0,0.085792911279191,0.5111651675404306,0.03987757767527594,
ctcf,fold_b,314159,strict,coordinate_plus_frozen_sequence_fm_plus_frozen_pangenomefm,tissue,right_lobe_of_liver,4877.0,4877.0,268.0,0.05495181464014763,4877.0,0.0805836425557913,0.5024194227387687,0.02712224446617361,
ctcf,fold_b,314159,strict,coordinate_plus_frozen_sequence_fm_plus_frozen_pangenomefm,tissue,sigmoid_colon,26647.0,22683.0,574.0,0.021540886403722745,26647.0,0.09214976521395332,0.5762146177357035,0.07216334114433376,
ctcf,fold_b,314159,strict,coordinate_plus_frozen_sequence_fm_plus_frozen_pangenomefm,tissue,spleen,73499.0,53530.0,2349.0,0.03195961849821086,73499.0,0.06341390755977487,0.5163612511955417,0.032492744788979525,
ctcf,fold_b,314159,strict,coordinate_plus_frozen_sequence_fm_plus_frozen_pangenomefm,tissue,stomach,22532.0,17421.0,729.0,0.032353985442925615,22532.0,0.11008337379933911,0.5761090062800157,0.08032832997508181,
ctcf,fold_b,314159,strict,coordinate_plus_frozen_sequence_fm_plus_frozen_pangenomefm,tissue,suprapubic_skin,4899.0,4171.0,191.0,0.038987548479281486,4899.0,0.16335242223352886,0.6775094859145845,0.12941026264274805,
ctcf,fold_b,314159,strict,coordinate_plus_frozen_sequence_fm_plus_frozen_pangenomefm,tissue,testis,9106.0,6809.0,273.0,0.02998023281352954,9106.0,0.13121265383742386,0.6063220714528311,0.10436119391413809,
ctcf,fold_b,314159,strict,coordinate_plus_frozen_sequence_fm_plus_frozen_pangenomefm,tissue,thoracic_aorta,13299.0,11467.0,466.0,0.035040228588615684,13299.0,0.10501092108937621,0.5344613488093498,0.07251151247312508,
ctcf,fold_b,314159,strict,coordinate_plus_frozen_sequence_fm_plus_frozen_pangenomefm,tissue,thyroid_gland,25179.0,16087.0,1219.0,0.04841336033996584,25179.0,0.08205769310649161,0.49455953386899965,0.035356037342585654,
ctcf,fold_b,314159,strict,coordinate_plus_frozen_sequence_fm_plus_frozen_pangenomefm,tissue,tibial_artery,7362.0,5337.0,351.0,0.04767726161369193,7362.0,0.13037818041338345,0.5410106462738042,0.08684127288594051,
ctcf,fold_b,314159,strict,coordinate_plus_frozen_sequence_fm_plus_frozen_pangenomefm,tissue,tibial_nerve,26130.0,17873.0,1043.0,0.03991580558744738,26130.0,0.08461526339298563,0.5280626870074117,0.046557851973480856,
ctcf,fold_b,314159,strict,coordinate_plus_frozen_sequence_fm_plus_frozen_pangenomefm,tissue,transverse_colon,36439.0,21908.0,1570.0,0.043085704876643156,36439.0,0.09089256828656431,0.5185576296211863,0.04995939934595534,
ctcf,fold_b,314159,strict,coordinate_plus_frozen_sequence_fm_plus_frozen_pangenomefm,tissue,upper_lobe_of_left_lung,40806.0,27719.0,1623.0,0.03977356271136598,40806.0,0.06900689690575997,0.5142524824940664,0.030444208844050764,
ctcf,fold_b,314159,strict,coordinate_plus_frozen_sequence_fm_plus_frozen_pangenomefm,tissue,uterus,16936.0,12185.0,579.0,0.03418752952290978,16936.0,0.08299772444065276,0.5486054731100743,0.05053796302053525,
ctcf,fold_b,314159,strict,coordinate_plus_frozen_sequence_fm_plus_frozen_pangenomefm,tissue,vagina,5060.0,4234.0,180.0,0.03557312252964427,5060.0,0.12381212891820056,0.6229058515482695,0.09149372383731452,
ctcf,fold_b,42,1hop,coordinate_plus_frozen_sequence_fm,measurement_weight,all,606910.0,151399.0,24453.0,0.040290982188462866,606910.0,0.08642346141069845,0.5296072451783427,0.04806923595178185,
ctcf,fold_b,42,1hop,coordinate_plus_frozen_sequence_fm,equal_locus_weight,all,606910.0,151399.0,24453.0,0.0256283642636111,151399.0,0.05492616862299695,0.55071890418006,0.030068408484862974,
ctcf,fold_b,42,1hop,coordinate_plus_frozen_sequence_fm,donor,ENC-001,141082.0,45821.0,6622.0,0.04693724217121958,141082.0,0.12706933317479235,0.5541784389816051,0.08407850411249482,
ctcf,fold_b,42,1hop,coordinate_plus_frozen_sequence_fm,donor,ENC-002,182826.0,68449.0,6289.0,0.034398827300274576,182826.0,0.08281133366381369,0.5134144630859504,0.0501371660808805,
ctcf,fold_b,42,1hop,coordinate_plus_frozen_sequence_fm,donor,ENC-003,135453.0,32909.0,5160.0,0.0380943943655733,135453.0,0.05439383076614932,0.5082993134079381,0.016944943771094564,
ctcf,fold_b,42,1hop,coordinate_plus_frozen_sequence_fm,donor,ENC-004,147549.0,34487.0,6382.0,0.04325342767487411,147549.0,0.09478863235668959,0.5361302239943992,0.0538650528494421,
ctcf,fold_b,42,1hop,coordinate_plus_frozen_sequence_fm,tissue,Peyers_patch,27326.0,19147.0,1482.0,0.05423406279733587,27326.0,0.0918008829617569,0.4907104440198755,0.039721054318718814,
ctcf,fold_b,42,1hop,coordinate_plus_frozen_sequence_fm,tissue,adrenal_gland,37706.0,29968.0,1323.0,0.03508725401792818,37706.0,0.07336705263217301,0.5098843019908981,0.03967177216141373,
ctcf,fold_b,42,1hop,coordinate_plus_frozen_sequence_fm,tissue,ascending_aorta,8453.0,6239.0,320.0,0.03785638234946173,8453.0,0.0840644881277697,0.5428578015492438,0.048026204124435916,
ctcf,fold_b,42,1hop,coordinate_plus_frozen_sequence_fm,tissue,body_of_pancreas,57524.0,44835.0,2954.0,0.051352478965301436,57524.0,0.08057548174848134,0.5244260600107519,0.030804911345054805,
ctcf,fold_b,42,1hop,coordinate_plus_frozen_sequence_fm,tissue,breast_epithelium,11516.0,9913.0,433.0,0.03759986106286905,11516.0,0.07932275835588871,0.502749670291704,0.04335296266592208,
ctcf,fold_b,42,1hop,coordinate_plus_frozen_sequence_fm,tissue,coronary_artery,4478.0,4317.0,232.0,0.05180884323358642,4478.0,0.08974057815294664,0.5040981775951403,0.04000431205108221,
ctcf,fold_b,42,1hop,coordinate_plus_frozen_sequence_fm,tissue,esophagus_muscularis_mucosa,16143.0,11337.0,745.0,0.04615003407049495,16143.0,0.11266685653019273,0.5224960794176181,0.06973509968612167,
ctcf,fold_b,42,1hop,coordinate_plus_frozen_sequence_fm,tissue,esophagus_squamous_epithelium,33806.0,24751.0,1346.0,0.039815417381529904,33806.0,0.0710540160512886,0.5242888378335572,0.032533951528954476,
ctcf,fold_b,42,1hop,coordinate_plus_frozen_sequence_fm,tissue,gastrocnemius_medialis,19074.0,13434.0,868.0,0.04550697284261298,19074.0,0.10724903241199155,0.547037336655612,0.064685710437566,
ctcf,fold_b,42,1hop,coordinate_plus_frozen_sequence_fm,tissue,gastroesophageal_sphincter,27580.0,17459.0,979.0,0.0354967367657723,27580.0,0.09671040223195149,0.5381873138394921,0.0634665198134364,
ctcf,fold_b,42,1hop,coordinate_plus_frozen_sequence_fm,tissue,heart_left_ventricle,13212.0,9984.0,639.0,0.048365122615803814,13212.0,0.08249405210962144,0.5360155844795969,0.03586347064919418,
ctcf,fold_b,42,1hop,coordinate_plus_frozen_sequence_fm,tissue,lower_leg_skin,1958.0,1901.0,131.0,0.0669050051072523,1958.0,0.2823843938154068,0.7204611071418126,0.2309297444392811,
ctcf,fold_b,42,1hop,coordinate_plus_frozen_sequence_fm,tissue,omental_fat_pad,2517.0,2375.0,114.0,0.04529201430274136,2517.0,0.2892418778039635,0.7772557694694497,0.2555230155774349,
ctcf,fold_b,42,1hop,coordinate_plus_frozen_sequence_fm,tissue,ovary,9446.0,8665.0,324.0,0.03430023290281601,9446.0,0.10827122064936189,0.6209420110382984,0.07659832824532693,
ctcf,fold_b,42,1hop,coordinate_plus_frozen_sequence_fm,tissue,prostate_gland,15203.0,11228.0,756.0,0.04972702756034993,15203.0,0.13913134780836056,0.5491455174780433,0.09408277709770232,
ctcf,fold_b,42,1hop,coordinate_plus_frozen_sequence_fm,tissue,right_atrium_auricular_region,8197.0,6966.0,392.0,0.04782237403928266,8197.0,0.08126013125803322,0.49302824589156613,0.03511714233466987,
ctcf,fold_b,42,1hop,coordinate_plus_frozen_sequence_fm,tissue,right_lobe_of_liver,4877.0,4877.0,268.0,0.05495181464014763,4877.0,0.07457200927540078,0.49037128849136835,0.020761052123265265,
ctcf,fold_b,42,1hop,coordinate_plus_frozen_sequence_fm,tissue,sigmoid_colon,26647.0,22683.0,574.0,0.021540886403722745,26647.0,0.09269068467789165,0.5822169956745674,0.07271616901053883,
ctcf,fold_b,42,1hop,coordinate_plus_frozen_sequence_fm,tissue,spleen,73499.0,53530.0,2349.0,0.03195961849821086,73499.0,0.06452450700791575,0.5081652006041955,0.0336400104086409,
ctcf,fold_b,42,1hop,coordinate_plus_frozen_sequence_fm,tissue,stomach,22532.0,17421.0,729.0,0.032353985442925615,22532.0,0.10905584829966827,0.5800104464550913,0.07926644837353233,
ctcf,fold_b,42,1hop,coordinate_plus_frozen_sequence_fm,tissue,suprapubic_skin,4899.0,4171.0,191.0,0.038987548479281486,4899.0,0.1717675331073242,0.6797024781256812,0.13816676820152532,
ctcf,fold_b,42,1hop,coordinate_plus_frozen_sequence_fm,tissue,testis,9106.0,6809.0,273.0,0.02998023281352954,9106.0,0.13491854485785065,0.601182752490349,0.10818162226600114,
ctcf,fold_b,42,1hop,coordinate_plus_frozen_sequence_fm,tissue,thoracic_aorta,13299.0,11467.0,466.0,0.035040228588615684,13299.0,0.10631084851403891,0.545347646842619,0.0738586436833323,
ctcf,fold_b,42,1hop,coordinate_plus_frozen_sequence_fm,tissue,thyroid_gland,25179.0,16087.0,1219.0,0.04841336033996584,25179.0,0.08346432507475063,0.500583485464563,0.03683423376699274,
ctcf,fold_b,42,1hop,coordinate_plus_frozen_sequence_fm,tissue,tibial_artery,7362.0,5337.0,351.0,0.04767726161369193,7362.0,0.13161407772374328,0.5514273256392783,0.08813904438770476,
ctcf,fold_b,42,1hop,coordinate_plus_frozen_sequence_fm,tissue,tibial_nerve,26130.0,17873.0,1043.0,0.03991580558744738,26130.0,0.082737537037639,0.5342883849534397,0.04460205854799326,
ctcf,fold_b,42,1hop,coordinate_plus_frozen_sequence_fm,tissue,transverse_colon,36439.0,21908.0,1570.0,0.043085704876643156,36439.0,0.09227408266118178,0.5221337807951983,0.05140311732744854,
ctcf,fold_b,42,1hop,coordinate_plus_frozen_sequence_fm,tissue,upper_lobe_of_left_lung,40806.0,27719.0,1623.0,0.03977356271136598,40806.0,0.06841426842301465,0.5080358827511566,0.02982703308244738,
ctcf,fold_b,42,1hop,coordinate_plus_frozen_sequence_fm,tissue,uterus,16936.0,12185.0,579.0,0.03418752952290978,16936.0,0.08189622161787284,0.5501530878964318,0.04939746954333279,
ctcf,fold_b,42,1hop,coordinate_plus_frozen_sequence_fm,tissue,vagina,5060.0,4234.0,180.0,0.03557312252964427,5060.0,0.12090811334921009,0.6201018897996358,0.08848259293995964,
ctcf,fold_b,42,1hop,coordinate_plus_frozen_sequence_fm_plus_frozen_pangenomefm,measurement_weight,all,606910.0,151399.0,24453.0,0.040290982188462866,606910.0,0.08831382499678184,0.5380909706862208,0.050038961723864364,
ctcf,fold_b,42,1hop,coordinate_plus_frozen_sequence_fm_plus_frozen_pangenomefm,equal_locus_weight,all,606910.0,151399.0,24453.0,0.0256283642636111,151399.0,0.056248293239736166,0.5577127673509972,0.031425308222343545,
ctcf,fold_b,42,1hop,coordinate_plus_frozen_sequence_fm_plus_frozen_pangenomefm,donor,ENC-001,141082.0,45821.0,6622.0,0.04693724217121958,141082.0,0.12999961531511586,0.5562530214148314,0.08715309927031961,
ctcf,fold_b,42,1hop,coordinate_plus_frozen_sequence_fm_plus_frozen_pangenomefm,donor,ENC-002,182826.0,68449.0,6289.0,0.034398827300274576,182826.0,0.08306422801790933,0.5252139104336042,0.050399069609216716,
ctcf,fold_b,42,1hop,coordinate_plus_frozen_sequence_fm_plus_frozen_pangenomefm,donor,ENC-003,135453.0,32909.0,5160.0,0.0380943943655733,135453.0,0.054771395747510776,0.500642230953884,0.017337461476729963,
ctcf,fold_b,42,1hop,coordinate_plus_frozen_sequence_fm_plus_frozen_pangenomefm,donor,ENC-004,147549.0,34487.0,6382.0,0.04325342767487411,147549.0,0.09896901970087682,0.559479183411673,0.05823443076529695,
ctcf,fold_b,42,1hop,coordinate_plus_frozen_sequence_fm_plus_frozen_pangenomefm,tissue,Peyers_patch,27326.0,19147.0,1482.0,0.05423406279733587,27326.0,0.09231641213273716,0.49464288064105594,0.04026614602767279,
ctcf,fold_b,42,1hop,coordinate_plus_frozen_sequence_fm_plus_frozen_pangenomefm,tissue,adrenal_gland,37706.0,29968.0,1323.0,0.03508725401792818,37706.0,0.07433280740900428,0.51818082041381,0.04067264481114574,
ctcf,fold_b,42,1hop,coordinate_plus_frozen_sequence_fm_plus_frozen_pangenomefm,tissue,ascending_aorta,8453.0,6239.0,320.0,0.03785638234946173,8453.0,0.08367670206498501,0.5564832318947498,0.04762316027976371,
ctcf,fold_b,42,1hop,coordinate_plus_frozen_sequence_fm_plus_frozen_pangenomefm,tissue,body_of_pancreas,57524.0,44835.0,2954.0,0.051352478965301436,57524.0,0.0825575688735011,0.5397566237373277,0.032894293419081504,
ctcf,fold_b,42,1hop,coordinate_plus_frozen_sequence_fm_plus_frozen_pangenomefm,tissue,breast_epithelium,11516.0,9913.0,433.0,0.03759986106286905,11516.0,0.08117928494050047,0.5182949814531921,0.04528202159837621,
ctcf,fold_b,42,1hop,coordinate_plus_frozen_sequence_fm_plus_frozen_pangenomefm,tissue,coronary_artery,4478.0,4317.0,232.0,0.05180884323358642,4478.0,0.09143354666083398,0.510738301362743,0.04178978378408256,
ctcf,fold_b,42,1hop,coordinate_plus_frozen_sequence_fm_plus_frozen_pangenomefm,tissue,esophagus_muscularis_mucosa,16143.0,11337.0,745.0,0.04615003407049495,16143.0,0.11444635579557891,0.5287536688718398,0.07160069629874206,
ctcf,fold_b,42,1hop,coordinate_plus_frozen_sequence_fm_plus_frozen_pangenomefm,tissue,esophagus_squamous_epithelium,33806.0,24751.0,1346.0,0.039815417381529904,33806.0,0.07372398901823632,0.5244322993484265,0.035314638716897634,
ctcf,fold_b,42,1hop,coordinate_plus_frozen_sequence_fm_plus_frozen_pangenomefm,tissue,gastrocnemius_medialis,19074.0,13434.0,868.0,0.04550697284261298,19074.0,0.1076056071096175,0.5515546983801867,0.06505928540090324,
ctcf,fold_b,42,1hop,coordinate_plus_frozen_sequence_fm_plus_frozen_pangenomefm,tissue,gastroesophageal_sphincter,27580.0,17459.0,979.0,0.0354967367657723,27580.0,0.1003811637348816,0.5489825641505333,0.0672723768207223,
ctcf,fold_b,42,1hop,coordinate_plus_frozen_sequence_fm_plus_frozen_pangenomefm,tissue,heart_left_ventricle,13212.0,9984.0,639.0,0.048365122615803814,13212.0,0.08570702272741135,0.54619712584298,0.039239734691367115,
ctcf,fold_b,42,1hop,coordinate_plus_frozen_sequence_fm_plus_frozen_pangenomefm,tissue,lower_leg_skin,1958.0,1901.0,131.0,0.0669050051072523,1958.0,0.3267731539688107,0.7263231343252401,0.27850127830921256,
ctcf,fold_b,42,1hop,coordinate_plus_frozen_sequence_fm_plus_frozen_pangenomefm,tissue,omental_fat_pad,2517.0,2375.0,114.0,0.04529201430274136,2517.0,0.3145905222621637,0.7906564163217031,0.2820742174506309,
ctcf,fold_b,42,1hop,coordinate_plus_frozen_sequence_fm_plus_frozen_pangenomefm,tissue,ovary,9446.0,8665.0,324.0,0.03430023290281601,9446.0,0.10954990917840066,0.618972481397571,0.07792243390694724,
ctcf,fold_b,42,1hop,coordinate_plus_frozen_sequence_fm_plus_frozen_pangenomefm,tissue,prostate_gland,15203.0,11228.0,756.0,0.04972702756034993,15203.0,0.14126797685339232,0.5511567001149613,0.09633121423839713,
ctcf,fold_b,42,1hop,coordinate_plus_frozen_sequence_fm_plus_frozen_pangenomefm,tissue,right_atrium_auricular_region,8197.0,6966.0,392.0,0.04782237403928266,8197.0,0.08693251065362262,0.5193222228032789,0.04107441253398394,
ctcf,fold_b,42,1hop,coordinate_plus_frozen_sequence_fm_plus_frozen_pangenomefm,tissue,right_lobe_of_liver,4877.0,4877.0,268.0,0.05495181464014763,4877.0,0.07621722830306582,0.4882663866607514,0.02250193587200087,
ctcf,fold_b,42,1hop,coordinate_plus_frozen_sequence_fm_plus_frozen_pangenomefm,tissue,sigmoid_colon,26647.0,22683.0,574.0,0.021540886403722745,26647.0,0.10412617913494998,0.5867299211233643,0.08440341715218856,
ctcf,fold_b,42,1hop,coordinate_plus_frozen_sequence_fm_plus_frozen_pangenomefm,tissue,spleen,73499.0,53530.0,2349.0,0.03195961849821086,73499.0,0.0661085465985808,0.5179781291780386,0.03527634668234843,
ctcf,fold_b,42,1hop,coordinate_plus_frozen_sequence_fm_plus_frozen_pangenomefm,tissue,stomach,22532.0,17421.0,729.0,0.032353985442925615,22532.0,0.11142637274659613,0.588928343068531,0.08171623312050194,
ctcf,fold_b,42,1hop,coordinate_plus_frozen_sequence_fm_plus_frozen_pangenomefm,tissue,suprapubic_skin,4899.0,4171.0,191.0,0.038987548479281486,4899.0,0.1703577272462929,0.6844776853033936,0.13669976758275038,
ctcf,fold_b,42,1hop,coordinate_plus_frozen_sequence_fm_plus_frozen_pangenomefm,tissue,testis,9106.0,6809.0,273.0,0.02998023281352954,9106.0,0.13803063624521655,0.6152546084052933,0.11138989852246597,
ctcf,fold_b,42,1hop,coordinate_plus_frozen_sequence_fm_plus_frozen_pangenomefm,tissue,thoracic_aorta,13299.0,11467.0,466.0,0.035040228588615684,13299.0,0.10422598397705302,0.540177232182721,0.07169807222869383,
ctcf,fold_b,42,1hop,coordinate_plus_frozen_sequence_fm_plus_frozen_pangenomefm,tissue,thyroid_gland,25179.0,16087.0,1219.0,0.04841336033996584,25179.0,0.08462230731444595,0.5139236367421228,0.0380511300446759,
ctcf,fold_b,42,1hop,coordinate_plus_frozen_sequence_fm_plus_frozen_pangenomefm,tissue,tibial_artery,7362.0,5337.0,351.0,0.04767726161369193,7362.0,0.1366138457466842,0.545346120727664,0.09338912172116517,
ctcf,fold_b,42,1hop,coordinate_plus_frozen_sequence_fm_plus_frozen_pangenomefm,tissue,tibial_nerve,26130.0,17873.0,1043.0,0.03991580558744738,26130.0,0.0843693548658083,0.5401774213082672,0.04630171972111335,
ctcf,fold_b,42,1hop,coordinate_plus_frozen_sequence_fm_plus_frozen_pangenomefm,tissue,transverse_colon,36439.0,21908.0,1570.0,0.043085704876643156,36439.0,0.09277973470691872,0.5307843022281943,0.051931536694066686,
ctcf,fold_b,42,1hop,coordinate_plus_frozen_sequence_fm_plus_frozen_pangenomefm,tissue,upper_lobe_of_left_lung,40806.0,27719.0,1623.0,0.03977356271136598,40806.0,0.06907516896095275,0.5208722491453558,0.03051530879770916,
ctcf,fold_b,42,1hop,coordinate_plus_frozen_sequence_fm_plus_frozen_pangenomefm,tissue,uterus,16936.0,12185.0,579.0,0.03418752952290978,16936.0,0.08368359869791377,0.5611141538278627,0.051248115641490954,
ctcf,fold_b,42,1hop,coordinate_plus_frozen_sequence_fm_plus_frozen_pangenomefm,tissue,vagina,5060.0,4234.0,180.0,0.03557312252964427,5060.0,0.12466306029199893,0.6214452413479052,0.09237604202408085,
ctcf,fold_b,42,strict,coordinate_plus_frozen_sequence_fm,measurement_weight,all,606910.0,151399.0,24453.0,0.040290982188462866,606910.0,0.08642346141069845,0.5296072451783427,0.04806923595178185,
ctcf,fold_b,42,strict,coordinate_plus_frozen_sequence_fm,equal_locus_weight,all,606910.0,151399.0,24453.0,0.0256283642636111,151399.0,0.05492616862299695,0.55071890418006,0.030068408484862974,
ctcf,fold_b,42,strict,coordinate_plus_frozen_sequence_fm,donor,ENC-001,141082.0,45821.0,6622.0,0.04693724217121958,141082.0,0.12706933317479235,0.5541784389816051,0.08407850411249482,
ctcf,fold_b,42,strict,coordinate_plus_frozen_sequence_fm,donor,ENC-002,182826.0,68449.0,6289.0,0.034398827300274576,182826.0,0.08281133366381369,0.5134144630859504,0.0501371660808805,
ctcf,fold_b,42,strict,coordinate_plus_frozen_sequence_fm,donor,ENC-003,135453.0,32909.0,5160.0,0.0380943943655733,135453.0,0.05439383076614932,0.5082993134079381,0.016944943771094564,
ctcf,fold_b,42,strict,coordinate_plus_frozen_sequence_fm,donor,ENC-004,147549.0,34487.0,6382.0,0.04325342767487411,147549.0,0.09478863235668959,0.5361302239943992,0.0538650528494421,
ctcf,fold_b,42,strict,coordinate_plus_frozen_sequence_fm,tissue,Peyers_patch,27326.0,19147.0,1482.0,0.05423406279733587,27326.0,0.0918008829617569,0.4907104440198755,0.039721054318718814,
ctcf,fold_b,42,strict,coordinate_plus_frozen_sequence_fm,tissue,adrenal_gland,37706.0,29968.0,1323.0,0.03508725401792818,37706.0,0.07336705263217301,0.5098843019908981,0.03967177216141373,
ctcf,fold_b,42,strict,coordinate_plus_frozen_sequence_fm,tissue,ascending_aorta,8453.0,6239.0,320.0,0.03785638234946173,8453.0,0.0840644881277697,0.5428578015492438,0.048026204124435916,
ctcf,fold_b,42,strict,coordinate_plus_frozen_sequence_fm,tissue,body_of_pancreas,57524.0,44835.0,2954.0,0.051352478965301436,57524.0,0.08057548174848134,0.5244260600107519,0.030804911345054805,
ctcf,fold_b,42,strict,coordinate_plus_frozen_sequence_fm,tissue,breast_epithelium,11516.0,9913.0,433.0,0.03759986106286905,11516.0,0.07932275835588871,0.502749670291704,0.04335296266592208,
ctcf,fold_b,42,strict,coordinate_plus_frozen_sequence_fm,tissue,coronary_artery,4478.0,4317.0,232.0,0.05180884323358642,4478.0,0.08974057815294664,0.5040981775951403,0.04000431205108221,
ctcf,fold_b,42,strict,coordinate_plus_frozen_sequence_fm,tissue,esophagus_muscularis_mucosa,16143.0,11337.0,745.0,0.04615003407049495,16143.0,0.11266685653019273,0.5224960794176181,0.06973509968612167,
ctcf,fold_b,42,strict,coordinate_plus_frozen_sequence_fm,tissue,esophagus_squamous_epithelium,33806.0,24751.0,1346.0,0.039815417381529904,33806.0,0.0710540160512886,0.5242888378335572,0.032533951528954476,
ctcf,fold_b,42,strict,coordinate_plus_frozen_sequence_fm,tissue,gastrocnemius_medialis,19074.0,13434.0,868.0,0.04550697284261298,19074.0,0.10724903241199155,0.547037336655612,0.064685710437566,
ctcf,fold_b,42,strict,coordinate_plus_frozen_sequence_fm,tissue,gastroesophageal_sphincter,27580.0,17459.0,979.0,0.0354967367657723,27580.0,0.09671040223195149,0.5381873138394921,0.0634665198134364,
ctcf,fold_b,42,strict,coordinate_plus_frozen_sequence_fm,tissue,heart_left_ventricle,13212.0,9984.0,639.0,0.048365122615803814,13212.0,0.08249405210962144,0.5360155844795969,0.03586347064919418,
ctcf,fold_b,42,strict,coordinate_plus_frozen_sequence_fm,tissue,lower_leg_skin,1958.0,1901.0,131.0,0.0669050051072523,1958.0,0.2823843938154068,0.7204611071418126,0.2309297444392811,
ctcf,fold_b,42,strict,coordinate_plus_frozen_sequence_fm,tissue,omental_fat_pad,2517.0,2375.0,114.0,0.04529201430274136,2517.0,0.2892418778039635,0.7772557694694497,0.2555230155774349,
ctcf,fold_b,42,strict,coordinate_plus_frozen_sequence_fm,tissue,ovary,9446.0,8665.0,324.0,0.03430023290281601,9446.0,0.10827122064936189,0.6209420110382984,0.07659832824532693,
ctcf,fold_b,42,strict,coordinate_plus_frozen_sequence_fm,tissue,prostate_gland,15203.0,11228.0,756.0,0.04972702756034993,15203.0,0.13913134780836056,0.5491455174780433,0.09408277709770232,
ctcf,fold_b,42,strict,coordinate_plus_frozen_sequence_fm,tissue,right_atrium_auricular_region,8197.0,6966.0,392.0,0.04782237403928266,8197.0,0.08126013125803322,0.49302824589156613,0.03511714233466987,
ctcf,fold_b,42,strict,coordinate_plus_frozen_sequence_fm,tissue,right_lobe_of_liver,4877.0,4877.0,268.0,0.05495181464014763,4877.0,0.07457200927540078,0.49037128849136835,0.020761052123265265,
ctcf,fold_b,42,strict,coordinate_plus_frozen_sequence_fm,tissue,sigmoid_colon,26647.0,22683.0,574.0,0.021540886403722745,26647.0,0.09269068467789165,0.5822169956745674,0.07271616901053883,
ctcf,fold_b,42,strict,coordinate_plus_frozen_sequence_fm,tissue,spleen,73499.0,53530.0,2349.0,0.03195961849821086,73499.0,0.06452450700791575,0.5081652006041955,0.0336400104086409,
ctcf,fold_b,42,strict,coordinate_plus_frozen_sequence_fm,tissue,stomach,22532.0,17421.0,729.0,0.032353985442925615,22532.0,0.10905584829966827,0.5800104464550913,0.07926644837353233,
ctcf,fold_b,42,strict,coordinate_plus_frozen_sequence_fm,tissue,suprapubic_skin,4899.0,4171.0,191.0,0.038987548479281486,4899.0,0.1717675331073242,0.6797024781256812,0.13816676820152532,
ctcf,fold_b,42,strict,coordinate_plus_frozen_sequence_fm,tissue,testis,9106.0,6809.0,273.0,0.02998023281352954,9106.0,0.13491854485785065,0.601182752490349,0.10818162226600114,
ctcf,fold_b,42,strict,coordinate_plus_frozen_sequence_fm,tissue,thoracic_aorta,13299.0,11467.0,466.0,0.035040228588615684,13299.0,0.10631084851403891,0.545347646842619,0.0738586436833323,
ctcf,fold_b,42,strict,coordinate_plus_frozen_sequence_fm,tissue,thyroid_gland,25179.0,16087.0,1219.0,0.04841336033996584,25179.0,0.08346432507475063,0.500583485464563,0.03683423376699274,
ctcf,fold_b,42,strict,coordinate_plus_frozen_sequence_fm,tissue,tibial_artery,7362.0,5337.0,351.0,0.04767726161369193,7362.0,0.13161407772374328,0.5514273256392783,0.08813904438770476,
ctcf,fold_b,42,strict,coordinate_plus_frozen_sequence_fm,tissue,tibial_nerve,26130.0,17873.0,1043.0,0.03991580558744738,26130.0,0.082737537037639,0.5342883849534397,0.04460205854799326,
ctcf,fold_b,42,strict,coordinate_plus_frozen_sequence_fm,tissue,transverse_colon,36439.0,21908.0,1570.0,0.043085704876643156,36439.0,0.09227408266118178,0.5221337807951983,0.05140311732744854,
ctcf,fold_b,42,strict,coordinate_plus_frozen_sequence_fm,tissue,upper_lobe_of_left_lung,40806.0,27719.0,1623.0,0.03977356271136598,40806.0,0.06841426842301465,0.5080358827511566,0.02982703308244738,
ctcf,fold_b,42,strict,coordinate_plus_frozen_sequence_fm,tissue,uterus,16936.0,12185.0,579.0,0.03418752952290978,16936.0,0.08189622161787284,0.5501530878964318,0.04939746954333279,
ctcf,fold_b,42,strict,coordinate_plus_frozen_sequence_fm,tissue,vagina,5060.0,4234.0,180.0,0.03557312252964427,5060.0,0.12090811334921009,0.6201018897996358,0.08848259293995964,
ctcf,fold_b,42,strict,coordinate_plus_frozen_sequence_fm_plus_frozen_pangenomefm,measurement_weight,all,606910.0,151399.0,24453.0,0.040290982188462866,606910.0,0.08696591177699085,0.5296787053545605,0.048634459739643476,
ctcf,fold_b,42,strict,coordinate_plus_frozen_sequence_fm_plus_frozen_pangenomefm,equal_locus_weight,all,606910.0,151399.0,24453.0,0.0256283642636111,151399.0,0.05493409695323644,0.5447379431173722,0.030076545349636857,
ctcf,fold_b,42,strict,coordinate_plus_frozen_sequence_fm_plus_frozen_pangenomefm,donor,ENC-001,141082.0,45821.0,6622.0,0.04693724217121958,141082.0,0.12713156256483643,0.5542095471160569,0.08414379822826307,
ctcf,fold_b,42,strict,coordinate_plus_frozen_sequence_fm_plus_frozen_pangenomefm,donor,ENC-002,182826.0,68449.0,6289.0,0.034398827300274576,182826.0,0.08226509911669647,0.5195630680404776,0.04957147233219749,
ctcf,fold_b,42,strict,coordinate_plus_frozen_sequence_fm_plus_frozen_pangenomefm,donor,ENC-003,135453.0,32909.0,5160.0,0.0380943943655733,135453.0,0.05431478308953581,0.5021539237117154,0.016862765565509228,
ctcf,fold_b,42,strict,coordinate_plus_frozen_sequence_fm_plus_frozen_pangenomefm,donor,ENC-004,147549.0,34487.0,6382.0,0.04325342767487411,147549.0,0.09685179971194195,0.5350548969743517,0.05602149366138916,
ctcf,fold_b,42,strict,coordinate_plus_frozen_sequence_fm_plus_frozen_pangenomefm,tissue,Peyers_patch,27326.0,19147.0,1482.0,0.05423406279733587,27326.0,0.09195728099834273,0.4934581536765491,0.03988642085438452,
ctcf,fold_b,42,strict,coordinate_plus_frozen_sequence_fm_plus_frozen_pangenomefm,tissue,adrenal_gland,37706.0,29968.0,1323.0,0.03508725401792818,37706.0,0.07494925365098186,0.5077905425791605,0.04131150697204525,
ctcf,fold_b,42,strict,coordinate_plus_frozen_sequence_fm_plus_frozen_pangenomefm,tissue,ascending_aorta,8453.0,6239.0,320.0,0.03785638234946173,8453.0,0.08510157065802984,0.5356629626214189,0.04910409157412102,
ctcf,fold_b,42,strict,coordinate_plus_frozen_sequence_fm_plus_frozen_pangenomefm,tissue,body_of_pancreas,57524.0,44835.0,2954.0,0.051352478965301436,57524.0,0.07944133788078107,0.520355275919111,0.029609373653180334,
ctcf,fold_b,42,strict,coordinate_plus_frozen_sequence_fm_plus_frozen_pangenomefm,tissue,breast_epithelium,11516.0,9913.0,433.0,0.03759986106286905,11516.0,0.08034980760562555,0.5053646233052764,0.04442013754275772,
ctcf,fold_b,42,strict,coordinate_plus_frozen_sequence_fm_plus_frozen_pangenomefm,tissue,coronary_artery,4478.0,4317.0,232.0,0.05180884323358642,4478.0,0.09189400981550774,0.5142294167329902,0.042275406489364974,
ctcf,fold_b,42,strict,coordinate_plus_frozen_sequence_fm_plus_frozen_pangenomefm,tissue,esophagus_muscularis_mucosa,16143.0,11337.0,745.0,0.04615003407049495,16143.0,0.11330341428818513,0.5245002619533087,0.07040245595883704,
ctcf,fold_b,42,strict,coordinate_plus_frozen_sequence_fm_plus_frozen_pangenomefm,tissue,esophagus_squamous_epithelium,33806.0,24751.0,1346.0,0.039815417381529904,33806.0,0.07215333306336341,0.5253950227002442,0.03367885328219543,
ctcf,fold_b,42,strict,coordinate_plus_frozen_sequence_fm_plus_frozen_pangenomefm,tissue,gastrocnemius_medialis,19074.0,13434.0,868.0,0.04550697284261298,19074.0,0.10938805469215152,0.55385979504402,0.06692671400626705,
ctcf,fold_b,42,strict,coordinate_plus_frozen_sequence_fm_plus_frozen_pangenomefm,tissue,gastroesophageal_sphincter,27580.0,17459.0,979.0,0.0354967367657723,27580.0,0.09649861152550795,0.537381243088429,0.06324693454657754,
ctcf,fold_b,42,strict,coordinate_plus_frozen_sequence_fm_plus_frozen_pangenomefm,tissue,heart_left_ventricle,13212.0,9984.0,639.0,0.048365122615803814,13212.0,0.08593976143468093,0.5420419865357207,0.03948430192277138,
ctcf,fold_b,42,strict,coordinate_plus_frozen_sequence_fm_plus_frozen_pangenomefm,tissue,lower_leg_skin,1958.0,1901.0,131.0,0.0669050051072523,1958.0,0.28440784775176836,0.7145990799583851,0.2330982845637452,
ctcf,fold_b,42,strict,coordinate_plus_frozen_sequence_fm_plus_frozen_pangenomefm,tissue,omental_fat_pad,2517.0,2375.0,114.0,0.04529201430274136,2517.0,0.29432509966390885,0.7852501624431448,0.2608473890362291,
ctcf,fold_b,42,strict,coordinate_plus_frozen_sequence_fm_plus_frozen_pangenomefm,tissue,ovary,9446.0,8665.0,324.0,0.03430023290281601,9446.0,0.11364588807828892,0.6148771048692484,0.0821638959425035,
ctcf,fold_b,42,strict,coordinate_plus_frozen_sequence_fm_plus_frozen_pangenomefm,tissue,prostate_gland,15203.0,11228.0,756.0,0.04972702756034993,15203.0,0.13851955299725396,0.555163317259254,0.09343896755155062,
ctcf,fold_b,42,strict,coordinate_plus_frozen_sequence_fm_plus_frozen_pangenomefm,tissue,right_atrium_auricular_region,8197.0,6966.0,392.0,0.04782237403928266,8197.0,0.08243298225189351,0.49637284446129515,0.03634889884929803,
ctcf,fold_b,42,strict,coordinate_plus_frozen_sequence_fm_plus_frozen_pangenomefm,tissue,right_lobe_of_liver,4877.0,4877.0,268.0,0.05495181464014763,4877.0,0.07755145387946437,0.49237823142909876,0.023913742801073494,
ctcf,fold_b,42,strict,coordinate_plus_frozen_sequence_fm_plus_frozen_pangenomefm,tissue,sigmoid_colon,26647.0,22683.0,574.0,0.021540886403722745,26647.0,0.09945953540031027,0.5690356317982037,0.07963403673578291,
ctcf,fold_b,42,strict,coordinate_plus_frozen_sequence_fm_plus_frozen_pangenomefm,tissue,spleen,73499.0,53530.0,2349.0,0.03195961849821086,73499.0,0.06377222777812773,0.5095485945634975,0.03286289486246817,
ctcf,fold_b,42,strict,coordinate_plus_frozen_sequence_fm_plus_frozen_pangenomefm,tissue,stomach,22532.0,17421.0,729.0,0.032353985442925615,22532.0,0.10960407999851854,0.5819111803430985,0.07983301061902581,
ctcf,fold_b,42,strict,coordinate_plus_frozen_sequence_fm_plus_frozen_pangenomefm,tissue,suprapubic_skin,4899.0,4171.0,191.0,0.038987548479281486,4899.0,0.17029041897441613,0.6860924037062903,0.1366297286651794,
ctcf,fold_b,42,strict,coordinate_plus_frozen_sequence_fm_plus_frozen_pangenomefm,tissue,testis,9106.0,6809.0,273.0,0.02998023281352954,9106.0,0.13550509374669592,0.6138454737458473,0.10878629951968902,
ctcf,fold_b,42,strict,coordinate_plus_frozen_sequence_fm_plus_frozen_pangenomefm,tissue,thoracic_aorta,13299.0,11467.0,466.0,0.035040228588615684,13299.0,0.10608865807960227,0.5387409873084046,0.07362838492952782,
ctcf,fold_b,42,strict,coordinate_plus_frozen_sequence_fm_plus_frozen_pangenomefm,tissue,thyroid_gland,25179.0,16087.0,1219.0,0.04841336033996584,25179.0,0.08223737337673558,0.49922461006243657,0.03554485910904946,
ctcf,fold_b,42,strict,coordinate_plus_frozen_sequence_fm_plus_frozen_pangenomefm,tissue,tibial_artery,7362.0,5337.0,351.0,0.04767726161369193,7362.0,0.13383090000870781,0.5533396644507755,0.09046685007332862,
ctcf,fold_b,42,strict,coordinate_plus_frozen_sequence_fm_plus_frozen_pangenomefm,tissue,tibial_nerve,26130.0,17873.0,1043.0,0.03991580558744738,26130.0,0.08536226111448411,0.5309452730576214,0.047335906362716534,
ctcf,fold_b,42,strict,coordinate_plus_frozen_sequence_fm_plus_frozen_pangenomefm,tissue,transverse_colon,36439.0,21908.0,1570.0,0.043085704876643156,36439.0,0.09225937697629875,0.5261278382619716,0.05138774950928763,
ctcf,fold_b,42,strict,coordinate_plus_frozen_sequence_fm_plus_frozen_pangenomefm,tissue,upper_lobe_of_left_lung,40806.0,27719.0,1623.0,0.03977356271136598,40806.0,0.06962053843295557,0.5108854357648689,0.03108326803193183,
ctcf,fold_b,42,strict,coordinate_plus_frozen_sequence_fm_plus_frozen_pangenomefm,tissue,uterus,16936.0,12185.0,579.0,0.03418752952290978,16936.0,0.08261358179568609,0.542048726477855,0.050140222613666297,
ctcf,fold_b,42,strict,coordinate_plus_frozen_sequence_fm_plus_frozen_pangenomefm,tissue,vagina,5060.0,4234.0,180.0,0.03557312252964427,5060.0,0.12143519442875454,0.6214293032786885,0.0890291155347332,
ctcf,fold_c,20260806,1hop,coordinate_plus_frozen_sequence_fm,measurement_weight,all,337139.0,92968.0,10905.0,0.032345709039891556,337139.0,0.05391837590091514,0.5227624318245818,0.022293774814576745,
ctcf,fold_c,20260806,1hop,coordinate_plus_frozen_sequence_fm,equal_locus_weight,all,337139.0,92968.0,10905.0,0.020422037977847335,92968.0,0.0377347722209527,0.551473380084814,0.01767366653223447,
ctcf,fold_c,20260806,1hop,coordinate_plus_frozen_sequence_fm,donor,ENC-001,74594.0,25779.0,3154.0,0.04228222109016811,74594.0,0.09002034439697715,0.54978735964072,0.049845710665567096,
ctcf,fold_c,20260806,1hop,coordinate_plus_frozen_sequence_fm,donor,ENC-002,105342.0,43101.0,2539.0,0.02410244726699702,105342.0,0.028018247470823612,0.4735917858503347,0.004012511551914836,
ctcf,fold_c,20260806,1hop,coordinate_plus_frozen_sequence_fm,donor,ENC-003,76073.0,19387.0,2463.0,0.032376795972289776,76073.0,0.038338523536745786,0.417431668906307,0.006161207730075561,
ctcf,fold_c,20260806,1hop,coordinate_plus_frozen_sequence_fm,donor,ENC-004,81130.0,20865.0,2749.0,0.03388389005300135,81130.0,0.0796021179082229,0.6287606174778374,0.047321670122786444,
ctcf,fold_c,20260806,1hop,coordinate_plus_frozen_sequence_fm,tissue,Peyers_patch,14817.0,10449.0,650.0,0.04386852939191469,14817.0,0.07318198176400678,0.5125328634801353,0.030658390894140502,
ctcf,fold_c,20260806,1hop,coordinate_plus_frozen_sequence_fm,tissue,adrenal_gland,20822.0,16492.0,558.0,0.026798578426664107,20822.0,0.03750335693380184,0.5139078146954821,0.010999550832788292,
ctcf,fold_c,20260806,1hop,coordinate_plus_frozen_sequence_fm,tissue,ascending_aorta,4587.0,3369.0,165.0,0.03597122302158273,4587.0,0.05869762835806277,0.6103161876567575,0.023574405535602427,
ctcf,fold_c,20260806,1hop,coordinate_plus_frozen_sequence_fm,tissue,body_of_pancreas,32297.0,25159.0,1275.0,0.03947735083753909,32297.0,0.04955690426764554,0.5156980055899608,0.010493821711435375,
ctcf,fold_c,20260806,1hop,coordinate_plus_frozen_sequence_fm,tissue,breast_epithelium,5918.0,5027.0,165.0,0.027881040892193308,5918.0,0.03854277638436875,0.5618196566745151,0.010967521404952944,
ctcf,fold_c,20260806,1hop,coordinate_plus_frozen_sequence_fm,tissue,coronary_artery,2590.0,2500.0,92.0,0.03552123552123552,2590.0,0.07869761893913872,0.39436114108678244,0.04476654645811421,
ctcf,fold_c,20260806,1hop,coordinate_plus_frozen_sequence_fm,tissue,esophagus_muscularis_mucosa,8926.0,6216.0,380.0,0.0425722608111136,8926.0,0.06955311433096897,0.47897462032098737,0.028180563833165116,
ctcf,fold_c,20260806,1hop,coordinate_plus_frozen_sequence_fm,tissue,esophagus_squamous_epithelium,18462.0,13425.0,703.0,0.03807821471129889,18462.0,0.06374357343113263,0.5326764775450542,0.02668133637510955,
ctcf,fold_c,20260806,1hop,coordinate_plus_frozen_sequence_fm,tissue,gastrocnemius_medialis,9828.0,6787.0,353.0,0.03591778591778592,9828.0,0.06842566616575294,0.5210162422357927,0.03371899177593877,
ctcf,fold_c,20260806,1hop,coordinate_plus_frozen_sequence_fm,tissue,gastroesophageal_sphincter,14991.0,9428.0,386.0,0.025748782602895072,14991.0,0.05277983895587292,0.5118787837936117,0.02774546838668202,
ctcf,fold_c,20260806,1hop,coordinate_plus_frozen_sequence_fm,tissue,heart_left_ventricle,8068.0,6154.0,314.0,0.03891918691125434,8068.0,0.06307650651309246,0.5190959586915486,0.02513557577348852,
ctcf,fold_c,20260806,1hop,coordinate_plus_frozen_sequence_fm,tissue,lower_leg_skin,870.0,852.0,42.0,0.04827586206896552,870.0,0.10386180392947719,0.49673625488842876,0.05840551862155212,
ctcf,fold_c,20260806,1hop,coordinate_plus_frozen_sequence_fm,tissue,omental_fat_pad,1135.0,1087.0,21.0,0.018502202643171806,1135.0,0.08456206579576002,0.7642344190818159,0.06730515680268188,
ctcf,fold_c,20260806,1hop,coordinate_plus_frozen_sequence_fm,tissue,ovary,5023.0,4595.0,140.0,0.02787178976707147,5023.0,0.048026231784903284,0.5128470495304409,0.020732287990081755,
ctcf,fold_c,20260806,1hop,coordinate_plus_frozen_sequence_fm,tissue,prostate_gland,8153.0,5970.0,354.0,0.043419600147185086,8153.0,0.0949258985279877,0.5490188514679921,0.053844191652607225,
ctcf,fold_c,20260806,1hop,coordinate_plus_frozen_sequence_fm,tissue,right_atrium_auricular_region,4836.0,4113.0,181.0,0.037427626137303556,4836.0,0.08148861247560268,0.6470491540611591,0.04577420621525555,
ctcf,fold_c,20260806,1hop,coordinate_plus_frozen_sequence_fm,tissue,right_lobe_of_liver,3020.0,3020.0,138.0,0.0456953642384106,3020.0,0.03691235656849781,0.3956403564352453,-0.0092035680649329,
ctcf,fold_c,20260806,1hop,coordinate_plus_frozen_sequence_fm,tissue,sigmoid_colon,14978.0,12785.0,259.0,0.01729202830818534,14978.0,0.02060867777869336,0.4428704421910482,0.003375010243173389,
ctcf,fold_c,20260806,1hop,coordinate_plus_frozen_sequence_fm,tissue,spleen,43368.0,32811.0,1064.0,0.024534218778823096,43368.0,0.044215080268341075,0.5276300993240477,0.02017586046419761,
ctcf,fold_c,20260806,1hop,coordinate_plus_frozen_sequence_fm,tissue,stomach,13008.0,10212.0,266.0,0.020448954489544896,13008.0,0.04365849573875426,0.550540631125766,0.023694060003901694,
ctcf,fold_c,20260806,1hop,coordinate_plus_frozen_sequence_fm,tissue,suprapubic_skin,2442.0,2072.0,79.0,0.03235053235053235,2442.0,0.14322126961497078,0.610233183520198,0.11457737638584793,
ctcf,fold_c,20260806,1hop,coordinate_plus_frozen_sequence_fm,tissue,testis,4735.0,3502.0,118.0,0.0249208025343189,4735.0,0.0761390829766074,0.5136929475813409,0.05252730298770545,
ctcf,fold_c,20260806,1hop,coordinate_plus_frozen_sequence_fm,tissue,thoracic_aorta,7065.0,6030.0,262.0,0.03708421797593772,7065.0,0.09834785055854174,0.5771064741307439,0.06362304339204725,
ctcf,fold_c,20260806,1hop,coordinate_plus_frozen_sequence_fm,tissue,thyroid_gland,15219.0,9758.0,598.0,0.0392929890268743,15219.0,0.07554831308044142,0.5478611878868508,0.037738169535000206,
ctcf,fold_c,20260806,1hop,coordinate_plus_frozen_sequence_fm,tissue,tibial_artery,3914.0,2754.0,194.0,0.049565661727133364,3914.0,0.09088963778487902,0.4810567010309278,0.04347904362634852,
ctcf,fold_c,20260806,1hop,coordinate_plus_frozen_sequence_fm,tissue,tibial_nerve,13739.0,9234.0,447.0,0.032535119004294344,13739.0,0.05983316382776266,0.5109708384582811,0.028216057615831416,
ctcf,fold_c,20260806,1hop,coordinate_plus_frozen_sequence_fm,tissue,transverse_colon,19892.0,11914.0,689.0,0.03463704001608687,19892.0,0.05635886600206942,0.5134327931797666,0.022501200984906784,
ctcf,fold_c,20260806,1hop,coordinate_plus_frozen_sequence_fm,tissue,upper_lobe_of_left_lung,22248.0,15169.0,680.0,0.030564545127651922,22248.0,0.05559426944865452,0.5474016857763135,0.02581886622281462,
ctcf,fold_c,20260806,1hop,coordinate_plus_frozen_sequence_fm,tissue,uterus,9379.0,6716.0,255.0,0.02718839961616377,9379.0,0.0497238329500411,0.4998203402360506,0.023165259671025368,
ctcf,fold_c,20260806,1hop,coordinate_plus_frozen_sequence_fm,tissue,vagina,2809.0,2338.0,77.0,0.02741189035243859,2809.0,0.027718607820419613,0.41075231503489196,0.0003153621403948371,
ctcf,fold_c,20260806,1hop,coordinate_plus_frozen_sequence_fm_plus_frozen_pangenomefm,measurement_weight,all,337139.0,92968.0,10905.0,0.032345709039891556,337139.0,0.054506417631751264,0.5217837025289231,0.02290147297323697,
ctcf,fold_c,20260806,1hop,coordinate_plus_frozen_sequence_fm_plus_frozen_pangenomefm,equal_locus_weight,all,337139.0,92968.0,10905.0,0.020422037977847335,92968.0,0.037648962432043506,0.553338412146237,0.017586067798661432,
ctcf,fold_c,20260806,1hop,coordinate_plus_frozen_sequence_fm_plus_frozen_pangenomefm,donor,ENC-001,74594.0,25779.0,3154.0,0.04228222109016811,74594.0,0.10037925093444533,0.5522982578335975,0.06066195190655116,
ctcf,fold_c,20260806,1hop,coordinate_plus_frozen_sequence_fm_plus_frozen_pangenomefm,donor,ENC-002,105342.0,43101.0,2539.0,0.02410244726699702,105342.0,0.027420756285411227,0.4707084831242885,0.003400263694812304,
ctcf,fold_c,20260806,1hop,coordinate_plus_frozen_sequence_fm_plus_frozen_pangenomefm,donor,ENC-003,76073.0,19387.0,2463.0,0.032376795972289776,76073.0,0.0349926663735662,0.41836454351187413,0.002703397758949887,
ctcf,fold_c,20260806,1hop,coordinate_plus_frozen_sequence_fm_plus_frozen_pangenomefm,donor,ENC-004,81130.0,20865.0,2749.0,0.03388389005300135,81130.0,0.07973435616861085,0.6228037986225318,0.04745854627983056,
ctcf,fold_c,20260806,1hop,coordinate_plus_frozen_sequence_fm_plus_frozen_pangenomefm,tissue,Peyers_patch,14817.0,10449.0,650.0,0.04386852939191469,14817.0,0.07305882502783975,0.5140098604014747,0.030529583570092583,
ctcf,fold_c,20260806,1hop,coordinate_plus_frozen_sequence_fm_plus_frozen_pangenomefm,tissue,adrenal_gland,20822.0,16492.0,558.0,0.026798578426664107,20822.0,0.03656573170625989,0.5112934002351752,0.010036106671325668,
ctcf,fold_c,20260806,1hop,coordinate_plus_frozen_sequence_fm_plus_frozen_pangenomefm,tissue,ascending_aorta,4587.0,3369.0,165.0,0.03597122302158273,4587.0,0.05922046435130174,0.6183983662952456,0.02411675033455927,
ctcf,fold_c,20260806,1hop,coordinate_plus_frozen_sequence_fm_plus_frozen_pangenomefm,tissue,body_of_pancreas,32297.0,25159.0,1275.0,0.03947735083753909,32297.0,0.05244663162858369,0.5184866653772592,0.013502316475674283,
ctcf,fold_c,20260806,1hop,coordinate_plus_frozen_sequence_fm_plus_frozen_pangenomefm,tissue,breast_epithelium,5918.0,5027.0,165.0,0.027881040892193308,5918.0,0.04010078266925375,0.5655984492939126,0.012570212382521068,
ctcf,fold_c,20260806,1hop,coordinate_plus_frozen_sequence_fm_plus_frozen_pangenomefm,tissue,coronary_artery,2590.0,2500.0,92.0,0.03552123552123552,2590.0,0.07996529763578296,0.3913456852438473,0.04608091308113606,
ctcf,fold_c,20260806,1hop,coordinate_plus_frozen_sequence_fm_plus_frozen_pangenomefm,tissue,esophagus_muscularis_mucosa,8926.0,6216.0,380.0,0.0425722608111136,8926.0,0.0693684266387117,0.47585804993410274,0.027987663957072396,
ctcf,fold_c,20260806,1hop,coordinate_plus_frozen_sequence_fm_plus_frozen_pangenomefm,tissue,esophagus_squamous_epithelium,18462.0,13425.0,703.0,0.03807821471129889,18462.0,0.06459965006071319,0.536106309408801,0.02757130127940126,
ctcf,fold_c,20260806,1hop,coordinate_plus_frozen_sequence_fm_plus_frozen_pangenomefm,tissue,gastrocnemius_medialis,9828.0,6787.0,353.0,0.03591778591778592,9828.0,0.069084647618925,0.5181753085127853,0.03440252420040051,
ctcf,fold_c,20260806,1hop,coordinate_plus_frozen_sequence_fm_plus_frozen_pangenomefm,tissue,gastroesophageal_sphincter,14991.0,9428.0,386.0,0.025748782602895072,14991.0,0.051943875265034196,0.5081934818972138,0.026887410756462005,
ctcf,fold_c,20260806,1hop,coordinate_plus_frozen_sequence_fm_plus_frozen_pangenomefm,tissue,heart_left_ventricle,8068.0,6154.0,314.0,0.03891918691125434,8068.0,0.06210117879417626,0.5048029453464742,0.02412075193595745,
ctcf,fold_c,20260806,1hop,coordinate_plus_frozen_sequence_fm_plus_frozen_pangenomefm,tissue,lower_leg_skin,870.0,852.0,42.0,0.04827586206896552,870.0,0.10803955984028508,0.4934293765815505,0.06279518968725607,
ctcf,fold_c,20260806,1hop,coordinate_plus_frozen_sequence_fm_plus_frozen_pangenomefm,tissue,omental_fat_pad,1135.0,1087.0,21.0,0.018502202643171806,1135.0,0.0880291037355861,0.7767589980336839,0.07083755183114024,
ctcf,fold_c,20260806,1hop,coordinate_plus_frozen_sequence_fm_plus_frozen_pangenomefm,tissue,ovary,5023.0,4595.0,140.0,0.02787178976707147,5023.0,0.04526631357899723,0.49654998390918936,0.01789324044794247,
ctcf,fold_c,20260806,1hop,coordinate_plus_frozen_sequence_fm_plus_frozen_pangenomefm,tissue,prostate_gland,8153.0,5970.0,354.0,0.043419600147185086,8153.0,0.10027453660878026,0.5432747788177972,0.059435606740785414,
ctcf,fold_c,20260806,1hop,coordinate_plus_frozen_sequence_fm_plus_frozen_pangenomefm,tissue,right_atrium_auricular_region,4836.0,4113.0,181.0,0.037427626137303556,4836.0,0.0742438673364358,0.6249983680590585,0.03824776421890516,
ctcf,fold_c,20260806,1hop,coordinate_plus_frozen_sequence_fm_plus_frozen_pangenomefm,tissue,right_lobe_of_liver,3020.0,3020.0,138.0,0.0456953642384106,3020.0,0.03824566400923761,0.414034134910338,-0.007806417311624715,
ctcf,fold_c,20260806,1hop,coordinate_plus_frozen_sequence_fm_plus_frozen_pangenomefm,tissue,sigmoid_colon,14978.0,12785.0,259.0,0.01729202830818534,14978.0,0.021686006764210945,0.4267781170084316,0.004471296237132382,
ctcf,fold_c,20260806,1hop,coordinate_plus_frozen_sequence_fm_plus_frozen_pangenomefm,tissue,spleen,43368.0,32811.0,1064.0,0.024534218778823096,43368.0,0.04463254279696348,0.5282705362830298,0.020603822712242627,
ctcf,fold_c,20260806,1hop,coordinate_plus_frozen_sequence_fm_plus_frozen_pangenomefm,tissue,stomach,13008.0,10212.0,266.0,0.020448954489544896,13008.0,0.043378747159408676,0.5521247003869744,0.023408471436947735,
ctcf,fold_c,20260806,1hop,coordinate_plus_frozen_sequence_fm_plus_frozen_pangenomefm,tissue,suprapubic_skin,2442.0,2072.0,79.0,0.03235053235053235,2442.0,0.1565181771772067,0.6300428012020763,0.1283188271970964,
ctcf,fold_c,20260806,1hop,coordinate_plus_frozen_sequence_fm_plus_frozen_pangenomefm,tissue,testis,4735.0,3502.0,118.0,0.0249208025343189,4735.0,0.09835143035691116,0.5312221231043711,0.07530734735542005,
ctcf,fold_c,20260806,1hop,coordinate_plus_frozen_sequence_fm_plus_frozen_pangenomefm,tissue,thoracic_aorta,7065.0,6030.0,262.0,0.03708421797593772,7065.0,0.10972193656265872,0.583102369520407,0.07543517298473965,
ctcf,fold_c,20260806,1hop,coordinate_plus_frozen_sequence_fm_plus_frozen_pangenomefm,tissue,thyroid_gland,15219.0,9758.0,598.0,0.0392929890268743,15219.0,0.0680601520927451,0.53906113646496,0.029943742199540914,
ctcf,fold_c,20260806,1hop,coordinate_plus_frozen_sequence_fm_plus_frozen_pangenomefm,tissue,tibial_artery,3914.0,2754.0,194.0,0.049565661727133364,3914.0,0.1055532277020344,0.4883868196430551,0.05890734764133405,
ctcf,fold_c,20260806,1hop,coordinate_plus_frozen_sequence_fm_plus_frozen_pangenomefm,tissue,tibial_nerve,13739.0,9234.0,447.0,0.032535119004294344,13739.0,0.06003407013179403,0.509782591133184,0.028423720248323667,
ctcf,fold_c,20260806,1hop,coordinate_plus_frozen_sequence_fm_plus_frozen_pangenomefm,tissue,transverse_colon,19892.0,11914.0,689.0,0.03463704001608687,19892.0,0.05775679987297204,0.5143508736048816,0.02394929245811383,
ctcf,fold_c,20260806,1hop,coordinate_plus_frozen_sequence_fm_plus_frozen_pangenomefm,tissue,upper_lobe_of_left_lung,22248.0,15169.0,680.0,0.030564545127651922,22248.0,0.054075877767670644,0.5421633970260953,0.024252602400553436,
ctcf,fold_c,20260806,1hop,coordinate_plus_frozen_sequence_fm_plus_frozen_pangenomefm,tissue,uterus,9379.0,6716.0,255.0,0.02718839961616377,9379.0,0.04853538491250538,0.5020991825050932,0.02194359656887198,
ctcf,fold_c,20260806,1hop,coordinate_plus_frozen_sequence_fm_plus_frozen_pangenomefm,tissue,vagina,2809.0,2338.0,77.0,0.02741189035243859,2809.0,0.027571423173894757,0.40228128386986367,0.00016402917110921458,
ctcf,fold_c,20260806,strict,coordinate_plus_frozen_sequence_fm,measurement_weight,all,337139.0,92968.0,10905.0,0.032345709039891556,337139.0,0.05391837590091514,0.5227624318245818,0.022293774814576745,
ctcf,fold_c,20260806,strict,coordinate_plus_frozen_sequence_fm,equal_locus_weight,all,337139.0,92968.0,10905.0,0.020422037977847335,92968.0,0.0377347722209527,0.551473380084814,0.01767366653223447,
ctcf,fold_c,20260806,strict,coordinate_plus_frozen_sequence_fm,donor,ENC-001,74594.0,25779.0,3154.0,0.04228222109016811,74594.0,0.09002034439697715,0.54978735964072,0.049845710665567096,
ctcf,fold_c,20260806,strict,coordinate_plus_frozen_sequence_fm,donor,ENC-002,105342.0,43101.0,2539.0,0.02410244726699702,105342.0,0.028018247470823612,0.4735917858503347,0.004012511551914836,
ctcf,fold_c,20260806,strict,coordinate_plus_frozen_sequence_fm,donor,ENC-003,76073.0,19387.0,2463.0,0.032376795972289776,76073.0,0.038338523536745786,0.417431668906307,0.006161207730075561,
ctcf,fold_c,20260806,strict,coordinate_plus_frozen_sequence_fm,donor,ENC-004,81130.0,20865.0,2749.0,0.03388389005300135,81130.0,0.0796021179082229,0.6287606174778374,0.047321670122786444,
ctcf,fold_c,20260806,strict,coordinate_plus_frozen_sequence_fm,tissue,Peyers_patch,14817.0,10449.0,650.0,0.04386852939191469,14817.0,0.07318198176400678,0.5125328634801353,0.030658390894140502,
ctcf,fold_c,20260806,strict,coordinate_plus_frozen_sequence_fm,tissue,adrenal_gland,20822.0,16492.0,558.0,0.026798578426664107,20822.0,0.03750335693380184,0.5139078146954821,0.010999550832788292,
ctcf,fold_c,20260806,strict,coordinate_plus_frozen_sequence_fm,tissue,ascending_aorta,4587.0,3369.0,165.0,0.03597122302158273,4587.0,0.05869762835806277,0.6103161876567575,0.023574405535602427,
ctcf,fold_c,20260806,strict,coordinate_plus_frozen_sequence_fm,tissue,body_of_pancreas,32297.0,25159.0,1275.0,0.03947735083753909,32297.0,0.04955690426764554,0.5156980055899608,0.010493821711435375,
ctcf,fold_c,20260806,strict,coordinate_plus_frozen_sequence_fm,tissue,breast_epithelium,5918.0,5027.0,165.0,0.027881040892193308,5918.0,0.03854277638436875,0.5618196566745151,0.010967521404952944,
ctcf,fold_c,20260806,strict,coordinate_plus_frozen_sequence_fm,tissue,coronary_artery,2590.0,2500.0,92.0,0.03552123552123552,2590.0,0.07869761893913872,0.39436114108678244,0.04476654645811421,
ctcf,fold_c,20260806,strict,coordinate_plus_frozen_sequence_fm,tissue,esophagus_muscularis_mucosa,8926.0,6216.0,380.0,0.0425722608111136,8926.0,0.06955311433096897,0.47897462032098737,0.028180563833165116,
ctcf,fold_c,20260806,strict,coordinate_plus_frozen_sequence_fm,tissue,esophagus_squamous_epithelium,18462.0,13425.0,703.0,0.03807821471129889,18462.0,0.06374357343113263,0.5326764775450542,0.02668133637510955,
ctcf,fold_c,20260806,strict,coordinate_plus_frozen_sequence_fm,tissue,gastrocnemius_medialis,9828.0,6787.0,353.0,0.03591778591778592,9828.0,0.06842566616575294,0.5210162422357927,0.03371899177593877,
ctcf,fold_c,20260806,strict,coordinate_plus_frozen_sequence_fm,tissue,gastroesophageal_sphincter,14991.0,9428.0,386.0,0.025748782602895072,14991.0,0.05277983895587292,0.5118787837936117,0.02774546838668202,
ctcf,fold_c,20260806,strict,coordinate_plus_frozen_sequence_fm,tissue,heart_left_ventricle,8068.0,6154.0,314.0,0.03891918691125434,8068.0,0.06307650651309246,0.5190959586915486,0.02513557577348852,
ctcf,fold_c,20260806,strict,coordinate_plus_frozen_sequence_fm,tissue,lower_leg_skin,870.0,852.0,42.0,0.04827586206896552,870.0,0.10386180392947719,0.49673625488842876,0.05840551862155212,
ctcf,fold_c,20260806,strict,coordinate_plus_frozen_sequence_fm,tissue,omental_fat_pad,1135.0,1087.0,21.0,0.018502202643171806,1135.0,0.08456206579576002,0.7642344190818159,0.06730515680268188,
ctcf,fold_c,20260806,strict,coordinate_plus_frozen_sequence_fm,tissue,ovary,5023.0,4595.0,140.0,0.02787178976707147,5023.0,0.048026231784903284,0.5128470495304409,0.020732287990081755,
ctcf,fold_c,20260806,strict,coordinate_plus_frozen_sequence_fm,tissue,prostate_gland,8153.0,5970.0,354.0,0.043419600147185086,8153.0,0.0949258985279877,0.5490188514679921,0.053844191652607225,
ctcf,fold_c,20260806,strict,coordinate_plus_frozen_sequence_fm,tissue,right_atrium_auricular_region,4836.0,4113.0,181.0,0.037427626137303556,4836.0,0.08148861247560268,0.6470491540611591,0.04577420621525555,
ctcf,fold_c,20260806,strict,coordinate_plus_frozen_sequence_fm,tissue,right_lobe_of_liver,3020.0,3020.0,138.0,0.0456953642384106,3020.0,0.03691235656849781,0.3956403564352453,-0.0092035680649329,
ctcf,fold_c,20260806,strict,coordinate_plus_frozen_sequence_fm,tissue,sigmoid_colon,14978.0,12785.0,259.0,0.01729202830818534,14978.0,0.02060867777869336,0.4428704421910482,0.003375010243173389,
ctcf,fold_c,20260806,strict,coordinate_plus_frozen_sequence_fm,tissue,spleen,43368.0,32811.0,1064.0,0.024534218778823096,43368.0,0.044215080268341075,0.5276300993240477,0.02017586046419761,
ctcf,fold_c,20260806,strict,coordinate_plus_frozen_sequence_fm,tissue,stomach,13008.0,10212.0,266.0,0.020448954489544896,13008.0,0.04365849573875426,0.550540631125766,0.023694060003901694,
ctcf,fold_c,20260806,strict,coordinate_plus_frozen_sequence_fm,tissue,suprapubic_skin,2442.0,2072.0,79.0,0.03235053235053235,2442.0,0.14322126961497078,0.610233183520198,0.11457737638584793,
ctcf,fold_c,20260806,strict,coordinate_plus_frozen_sequence_fm,tissue,testis,4735.0,3502.0,118.0,0.0249208025343189,4735.0,0.0761390829766074,0.5136929475813409,0.05252730298770545,
ctcf,fold_c,20260806,strict,coordinate_plus_frozen_sequence_fm,tissue,thoracic_aorta,7065.0,6030.0,262.0,0.03708421797593772,7065.0,0.09834785055854174,0.5771064741307439,0.06362304339204725,
ctcf,fold_c,20260806,strict,coordinate_plus_frozen_sequence_fm,tissue,thyroid_gland,15219.0,9758.0,598.0,0.0392929890268743,15219.0,0.07554831308044142,0.5478611878868508,0.037738169535000206,
ctcf,fold_c,20260806,strict,coordinate_plus_frozen_sequence_fm,tissue,tibial_artery,3914.0,2754.0,194.0,0.049565661727133364,3914.0,0.09088963778487902,0.4810567010309278,0.04347904362634852,
ctcf,fold_c,20260806,strict,coordinate_plus_frozen_sequence_fm,tissue,tibial_nerve,13739.0,9234.0,447.0,0.032535119004294344,13739.0,0.05983316382776266,0.5109708384582811,0.028216057615831416,
ctcf,fold_c,20260806,strict,coordinate_plus_frozen_sequence_fm,tissue,transverse_colon,19892.0,11914.0,689.0,0.03463704001608687,19892.0,0.05635886600206942,0.5134327931797666,0.022501200984906784,
ctcf,fold_c,20260806,strict,coordinate_plus_frozen_sequence_fm,tissue,upper_lobe_of_left_lung,22248.0,15169.0,680.0,0.030564545127651922,22248.0,0.05559426944865452,0.5474016857763135,0.02581886622281462,
ctcf,fold_c,20260806,strict,coordinate_plus_frozen_sequence_fm,tissue,uterus,9379.0,6716.0,255.0,0.02718839961616377,9379.0,0.0497238329500411,0.4998203402360506,0.023165259671025368,
ctcf,fold_c,20260806,strict,coordinate_plus_frozen_sequence_fm,tissue,vagina,2809.0,2338.0,77.0,0.02741189035243859,2809.0,0.027718607820419613,0.41075231503489196,0.0003153621403948371,
ctcf,fold_c,20260806,strict,coordinate_plus_frozen_sequence_fm_plus_frozen_pangenomefm,measurement_weight,all,337139.0,92968.0,10905.0,0.032345709039891556,337139.0,0.056113437165137815,0.5238176472047753,0.024562210230746638,
ctcf,fold_c,20260806,strict,coordinate_plus_frozen_sequence_fm_plus_frozen_pangenomefm,equal_locus_weight,all,337139.0,92968.0,10905.0,0.020422037977847335,92968.0,0.039381603369236094,0.5553084440910012,0.01935483047439158,
ctcf,fold_c,20260806,strict,coordinate_plus_frozen_sequence_fm_plus_frozen_pangenomefm,donor,ENC-001,74594.0,25779.0,3154.0,0.04228222109016811,74594.0,0.09424418265548144,0.5522436004405433,0.0542560268897394,
ctcf,fold_c,20260806,strict,coordinate_plus_frozen_sequence_fm_plus_frozen_pangenomefm,donor,ENC-002,105342.0,43101.0,2539.0,0.02410244726699702,105342.0,0.02846544901967503,0.4793220679723483,0.004470757960668529,
ctcf,fold_c,20260806,strict,coordinate_plus_frozen_sequence_fm_plus_frozen_pangenomefm,donor,ENC-003,76073.0,19387.0,2463.0,0.032376795972289776,76073.0,0.03604944712348863,0.41776855538315394,0.0037955385277156665,
ctcf,fold_c,20260806,strict,coordinate_plus_frozen_sequence_fm_plus_frozen_pangenomefm,donor,ENC-004,81130.0,20865.0,2749.0,0.03388389005300135,81130.0,0.08459291001449637,0.625848653689611,0.05248750066312105,
ctcf,fold_c,20260806,strict,coordinate_plus_frozen_sequence_fm_plus_frozen_pangenomefm,tissue,Peyers_patch,14817.0,10449.0,650.0,0.04386852939191469,14817.0,0.07635312630622969,0.5072039028945926,0.033975031586038346,
ctcf,fold_c,20260806,strict,coordinate_plus_frozen_sequence_fm_plus_frozen_pangenomefm,tissue,adrenal_gland,20822.0,16492.0,558.0,0.026798578426664107,20822.0,0.038643477976218366,0.5181521479198593,0.012171066838769186,
ctcf,fold_c,20260806,strict,coordinate_plus_frozen_sequence_fm_plus_frozen_pangenomefm,tissue,ascending_aorta,4587.0,3369.0,165.0,0.03597122302158273,4587.0,0.05830061441218397,0.6036511656593068,0.02316257763651919,
ctcf,fold_c,20260806,strict,coordinate_plus_frozen_sequence_fm_plus_frozen_pangenomefm,tissue,body_of_pancreas,32297.0,25159.0,1275.0,0.03947735083753909,32297.0,0.05153051504841811,0.5116859003287989,0.012548547628094892,
ctcf,fold_c,20260806,strict,coordinate_plus_frozen_sequence_fm_plus_frozen_pangenomefm,tissue,breast_epithelium,5918.0,5027.0,165.0,0.027881040892193308,5918.0,0.04071885414139015,0.571063845477195,0.013206010569919503,
ctcf,fold_c,20260806,strict,coordinate_plus_frozen_sequence_fm_plus_frozen_pangenomefm,tissue,coronary_artery,2590.0,2500.0,92.0,0.03552123552123552,2590.0,0.08198251493942171,0.40584859191701184,0.04817242341597368,
ctcf,fold_c,20260806,strict,coordinate_plus_frozen_sequence_fm_plus_frozen_pangenomefm,tissue,esophagus_muscularis_mucosa,8926.0,6216.0,380.0,0.0425722608111136,8926.0,0.0728607934442625,0.48562316011184053,0.03163531971489434,
ctcf,fold_c,20260806,strict,coordinate_plus_frozen_sequence_fm_plus_frozen_pangenomefm,tissue,esophagus_squamous_epithelium,18462.0,13425.0,703.0,0.03807821471129889,18462.0,0.0662089222150367,0.5350851294361034,0.029244277376767134,
ctcf,fold_c,20260806,strict,coordinate_plus_frozen_sequence_fm_plus_frozen_pangenomefm,tissue,gastrocnemius_medialis,9828.0,6787.0,353.0,0.03591778591778592,9828.0,0.06905962987196157,0.5223715308662278,0.03437657439384045,
ctcf,fold_c,20260806,strict,coordinate_plus_frozen_sequence_fm_plus_frozen_pangenomefm,tissue,gastroesophageal_sphincter,14991.0,9428.0,386.0,0.025748782602895072,14991.0,0.05585911785405097,0.522391721197049,0.03090613048614023,
ctcf,fold_c,20260806,strict,coordinate_plus_frozen_sequence_fm_plus_frozen_pangenomefm,tissue,heart_left_ventricle,8068.0,6154.0,314.0,0.03891918691125434,8068.0,0.06709285091617163,0.5287186888542426,0.02931456295997843,
ctcf,fold_c,20260806,strict,coordinate_plus_frozen_sequence_fm_plus_frozen_pangenomefm,tissue,lower_leg_skin,870.0,852.0,42.0,0.04827586206896552,870.0,0.11949536514750611,0.5071744881527491,0.07483208656803178,
ctcf,fold_c,20260806,strict,coordinate_plus_frozen_sequence_fm_plus_frozen_pangenomefm,tissue,omental_fat_pad,1135.0,1087.0,21.0,0.018502202643171806,1135.0,0.12381346764589865,0.7772292040694195,0.10729648633581236,
ctcf,fold_c,20260806,strict,coordinate_plus_frozen_sequence_fm_plus_frozen_pangenomefm,tissue,ovary,5023.0,4595.0,140.0,0.02787178976707147,5023.0,0.05150663611531961,0.5164499283227524,0.024312478641665042,
ctcf,fold_c,20260806,strict,coordinate_plus_frozen_sequence_fm_plus_frozen_pangenomefm,tissue,prostate_gland,8153.0,5970.0,354.0,0.043419600147185086,8153.0,0.09698701007884947,0.5489954890638593,0.05599885795266825,
ctcf,fold_c,20260806,strict,coordinate_plus_frozen_sequence_fm_plus_frozen_pangenomefm,tissue,right_atrium_auricular_region,4836.0,4113.0,181.0,0.037427626137303556,4836.0,0.07588250221305946,0.6277008622582503,0.03995011400695071,
ctcf,fold_c,20260806,strict,coordinate_plus_frozen_sequence_fm_plus_frozen_pangenomefm,tissue,right_lobe_of_liver,3020.0,3020.0,138.0,0.0456953642384106,3020.0,0.037121552014890466,0.39676678836154444,-0.008984355626311868,
ctcf,fold_c,20260806,strict,coordinate_plus_frozen_sequence_fm_plus_frozen_pangenomefm,tissue,sigmoid_colon,14978.0,12785.0,259.0,0.01729202830818534,14978.0,0.02065589906344199,0.44546879627387814,0.003423062448008296,
ctcf,fold_c,20260806,strict,coordinate_plus_frozen_sequence_fm_plus_frozen_pangenomefm,tissue,spleen,43368.0,32811.0,1064.0,0.024534218778823096,43368.0,0.044893938946455485,0.5312688729731382,0.020871793311031613,
ctcf,fold_c,20260806,strict,coordinate_plus_frozen_sequence_fm_plus_frozen_pangenomefm,tissue,stomach,13008.0,10212.0,266.0,0.020448954489544896,13008.0,0.049441211210316194,0.5532372958766403,0.029597494539616468,
ctcf,fold_c,20260806,strict,coordinate_plus_frozen_sequence_fm_plus_frozen_pangenomefm,tissue,suprapubic_skin,2442.0,2072.0,79.0,0.03235053235053235,2442.0,0.16020867753300946,0.6135062166201514,0.13213270864816298,
ctcf,fold_c,20260806,strict,coordinate_plus_frozen_sequence_fm_plus_frozen_pangenomefm,tissue,testis,4735.0,3502.0,118.0,0.0249208025343189,4735.0,0.08704285748792691,0.5274996971398993,0.0637097531308932,
ctcf,fold_c,20260806,strict,coordinate_plus_frozen_sequence_fm_plus_frozen_pangenomefm,tissue,thoracic_aorta,7065.0,6030.0,262.0,0.03708421797593772,7065.0,0.09975504040724623,0.5747915995749517,0.06508442752861893,
ctcf,fold_c,20260806,strict,coordinate_plus_frozen_sequence_fm_plus_frozen_pangenomefm,tissue,thyroid_gland,15219.0,9758.0,598.0,0.0392929890268743,15219.0,0.0724425306237314,0.541145804621062,0.03450536034214953,
ctcf,fold_c,20260806,strict,coordinate_plus_frozen_sequence_fm_plus_frozen_pangenomefm,tissue,tibial_artery,3914.0,2754.0,194.0,0.049565661727133364,3914.0,0.089041963393295,0.4907562908768429,0.041535012021870064,
ctcf,fold_c,20260806,strict,coordinate_plus_frozen_sequence_fm_plus_frozen_pangenomefm,tissue,tibial_nerve,13739.0,9234.0,447.0,0.032535119004294344,13739.0,0.0625111191759273,0.5122243888941624,0.03098407059570157,
ctcf,fold_c,20260806,strict,coordinate_plus_frozen_sequence_fm_plus_frozen_pangenomefm,tissue,transverse_colon,19892.0,11914.0,689.0,0.03463704001608687,19892.0,0.05715555033466262,0.5114922551938584,0.023326470200338952,
ctcf,fold_c,20260806,strict,coordinate_plus_frozen_sequence_fm_plus_frozen_pangenomefm,tissue,upper_lobe_of_left_lung,22248.0,15169.0,680.0,0.030564545127651922,22248.0,0.056442404519249804,0.5491607596766451,0.026693741456985796,
ctcf,fold_c,20260806,strict,coordinate_plus_frozen_sequence_fm_plus_frozen_pangenomefm,tissue,uterus,9379.0,6716.0,255.0,0.02718839961616377,9379.0,0.053256663348701445,0.5090766863518752,0.026796826561537798,
ctcf,fold_c,20260806,strict,coordinate_plus_frozen_sequence_fm_plus_frozen_pangenomefm,tissue,vagina,2809.0,2338.0,77.0,0.02741189035243859,2809.0,0.030808804055165603,0.4112657108630755,0.003492653949839012,
ctcf,fold_c,314159,1hop,coordinate_plus_frozen_sequence_fm,measurement_weight,all,337139.0,92968.0,10905.0,0.032345709039891556,337139.0,0.05391837590091514,0.5227624318245818,0.022293774814576745,
ctcf,fold_c,314159,1hop,coordinate_plus_frozen_sequence_fm,equal_locus_weight,all,337139.0,92968.0,10905.0,0.020422037977847335,92968.0,0.0377347722209527,0.551473380084814,0.01767366653223447,
ctcf,fold_c,314159,1hop,coordinate_plus_frozen_sequence_fm,donor,ENC-001,74594.0,25779.0,3154.0,0.04228222109016811,74594.0,0.09002034439697715,0.54978735964072,0.049845710665567096,
ctcf,fold_c,314159,1hop,coordinate_plus_frozen_sequence_fm,donor,ENC-002,105342.0,43101.0,2539.0,0.02410244726699702,105342.0,0.028018247470823612,0.4735917858503347,0.004012511551914836,
ctcf,fold_c,314159,1hop,coordinate_plus_frozen_sequence_fm,donor,ENC-003,76073.0,19387.0,2463.0,0.032376795972289776,76073.0,0.038338523536745786,0.417431668906307,0.006161207730075561,
ctcf,fold_c,314159,1hop,coordinate_plus_frozen_sequence_fm,donor,ENC-004,81130.0,20865.0,2749.0,0.03388389005300135,81130.0,0.0796021179082229,0.6287606174778374,0.047321670122786444,
ctcf,fold_c,314159,1hop,coordinate_plus_frozen_sequence_fm,tissue,Peyers_patch,14817.0,10449.0,650.0,0.04386852939191469,14817.0,0.07318198176400678,0.5125328634801353,0.030658390894140502,
ctcf,fold_c,314159,1hop,coordinate_plus_frozen_sequence_fm,tissue,adrenal_gland,20822.0,16492.0,558.0,0.026798578426664107,20822.0,0.03750335693380184,0.5139078146954821,0.010999550832788292,
ctcf,fold_c,314159,1hop,coordinate_plus_frozen_sequence_fm,tissue,ascending_aorta,4587.0,3369.0,165.0,0.03597122302158273,4587.0,0.05869762835806277,0.6103161876567575,0.023574405535602427,
ctcf,fold_c,314159,1hop,coordinate_plus_frozen_sequence_fm,tissue,body_of_pancreas,32297.0,25159.0,1275.0,0.03947735083753909,32297.0,0.04955690426764554,0.5156980055899608,0.010493821711435375,
ctcf,fold_c,314159,1hop,coordinate_plus_frozen_sequence_fm,tissue,breast_epithelium,5918.0,5027.0,165.0,0.027881040892193308,5918.0,0.03854277638436875,0.5618196566745151,0.010967521404952944,
ctcf,fold_c,314159,1hop,coordinate_plus_frozen_sequence_fm,tissue,coronary_artery,2590.0,2500.0,92.0,0.03552123552123552,2590.0,0.07869761893913872,0.39436114108678244,0.04476654645811421,
ctcf,fold_c,314159,1hop,coordinate_plus_frozen_sequence_fm,tissue,esophagus_muscularis_mucosa,8926.0,6216.0,380.0,0.0425722608111136,8926.0,0.06955311433096897,0.47897462032098737,0.028180563833165116,
ctcf,fold_c,314159,1hop,coordinate_plus_frozen_sequence_fm,tissue,esophagus_squamous_epithelium,18462.0,13425.0,703.0,0.03807821471129889,18462.0,0.06374357343113263,0.5326764775450542,0.02668133637510955,
ctcf,fold_c,314159,1hop,coordinate_plus_frozen_sequence_fm,tissue,gastrocnemius_medialis,9828.0,6787.0,353.0,0.03591778591778592,9828.0,0.06842566616575294,0.5210162422357927,0.03371899177593877,
ctcf,fold_c,314159,1hop,coordinate_plus_frozen_sequence_fm,tissue,gastroesophageal_sphincter,14991.0,9428.0,386.0,0.025748782602895072,14991.0,0.05277983895587292,0.5118787837936117,0.02774546838668202,
ctcf,fold_c,314159,1hop,coordinate_plus_frozen_sequence_fm,tissue,heart_left_ventricle,8068.0,6154.0,314.0,0.03891918691125434,8068.0,0.06307650651309246,0.5190959586915486,0.02513557577348852,
ctcf,fold_c,314159,1hop,coordinate_plus_frozen_sequence_fm,tissue,lower_leg_skin,870.0,852.0,42.0,0.04827586206896552,870.0,0.10386180392947719,0.49673625488842876,0.05840551862155212,
ctcf,fold_c,314159,1hop,coordinate_plus_frozen_sequence_fm,tissue,omental_fat_pad,1135.0,1087.0,21.0,0.018502202643171806,1135.0,0.08456206579576002,0.7642344190818159,0.06730515680268188,
ctcf,fold_c,314159,1hop,coordinate_plus_frozen_sequence_fm,tissue,ovary,5023.0,4595.0,140.0,0.02787178976707147,5023.0,0.048026231784903284,0.5128470495304409,0.020732287990081755,
ctcf,fold_c,314159,1hop,coordinate_plus_frozen_sequence_fm,tissue,prostate_gland,8153.0,5970.0,354.0,0.043419600147185086,8153.0,0.0949258985279877,0.5490188514679921,0.053844191652607225,
ctcf,fold_c,314159,1hop,coordinate_plus_frozen_sequence_fm,tissue,right_atrium_auricular_region,4836.0,4113.0,181.0,0.037427626137303556,4836.0,0.08148861247560268,0.6470491540611591,0.04577420621525555,
ctcf,fold_c,314159,1hop,coordinate_plus_frozen_sequence_fm,tissue,right_lobe_of_liver,3020.0,3020.0,138.0,0.0456953642384106,3020.0,0.03691235656849781,0.3956403564352453,-0.0092035680649329,
ctcf,fold_c,314159,1hop,coordinate_plus_frozen_sequence_fm,tissue,sigmoid_colon,14978.0,12785.0,259.0,0.01729202830818534,14978.0,0.02060867777869336,0.4428704421910482,0.003375010243173389,
ctcf,fold_c,314159,1hop,coordinate_plus_frozen_sequence_fm,tissue,spleen,43368.0,32811.0,1064.0,0.024534218778823096,43368.0,0.044215080268341075,0.5276300993240477,0.02017586046419761,
ctcf,fold_c,314159,1hop,coordinate_plus_frozen_sequence_fm,tissue,stomach,13008.0,10212.0,266.0,0.020448954489544896,13008.0,0.04365849573875426,0.550540631125766,0.023694060003901694,
ctcf,fold_c,314159,1hop,coordinate_plus_frozen_sequence_fm,tissue,suprapubic_skin,2442.0,2072.0,79.0,0.03235053235053235,2442.0,0.14322126961497078,0.610233183520198,0.11457737638584793,
ctcf,fold_c,314159,1hop,coordinate_plus_frozen_sequence_fm,tissue,testis,4735.0,3502.0,118.0,0.0249208025343189,4735.0,0.0761390829766074,0.5136929475813409,0.05252730298770545,
ctcf,fold_c,314159,1hop,coordinate_plus_frozen_sequence_fm,tissue,thoracic_aorta,7065.0,6030.0,262.0,0.03708421797593772,7065.0,0.09834785055854174,0.5771064741307439,0.06362304339204725,
ctcf,fold_c,314159,1hop,coordinate_plus_frozen_sequence_fm,tissue,thyroid_gland,15219.0,9758.0,598.0,0.0392929890268743,15219.0,0.07554831308044142,0.5478611878868508,0.037738169535000206,
ctcf,fold_c,314159,1hop,coordinate_plus_frozen_sequence_fm,tissue,tibial_artery,3914.0,2754.0,194.0,0.049565661727133364,3914.0,0.09088963778487902,0.4810567010309278,0.04347904362634852,
ctcf,fold_c,314159,1hop,coordinate_plus_frozen_sequence_fm,tissue,tibial_nerve,13739.0,9234.0,447.0,0.032535119004294344,13739.0,0.05983316382776266,0.5109708384582811,0.028216057615831416,
ctcf,fold_c,314159,1hop,coordinate_plus_frozen_sequence_fm,tissue,transverse_colon,19892.0,11914.0,689.0,0.03463704001608687,19892.0,0.05635886600206942,0.5134327931797666,0.022501200984906784,
ctcf,fold_c,314159,1hop,coordinate_plus_frozen_sequence_fm,tissue,upper_lobe_of_left_lung,22248.0,15169.0,680.0,0.030564545127651922,22248.0,0.05559426944865452,0.5474016857763135,0.02581886622281462,
ctcf,fold_c,314159,1hop,coordinate_plus_frozen_sequence_fm,tissue,uterus,9379.0,6716.0,255.0,0.02718839961616377,9379.0,0.0497238329500411,0.4998203402360506,0.023165259671025368,
ctcf,fold_c,314159,1hop,coordinate_plus_frozen_sequence_fm,tissue,vagina,2809.0,2338.0,77.0,0.02741189035243859,2809.0,0.027718607820419613,0.41075231503489196,0.0003153621403948371,
ctcf,fold_c,314159,1hop,coordinate_plus_frozen_sequence_fm_plus_frozen_pangenomefm,measurement_weight,all,337139.0,92968.0,10905.0,0.032345709039891556,337139.0,0.05509803888210606,0.5346264776086931,0.023512870303752383,
ctcf,fold_c,314159,1hop,coordinate_plus_frozen_sequence_fm_plus_frozen_pangenomefm,equal_locus_weight,all,337139.0,92968.0,10905.0,0.020422037977847335,92968.0,0.03701990191411237,0.5475258360388482,0.016943892757654427,
ctcf,fold_c,314159,1hop,coordinate_plus_frozen_sequence_fm_plus_frozen_pangenomefm,donor,ENC-001,74594.0,25779.0,3154.0,0.04228222109016811,74594.0,0.09508512765905204,0.5645896051051615,0.05513409872059529,
ctcf,fold_c,314159,1hop,coordinate_plus_frozen_sequence_fm_plus_frozen_pangenomefm,donor,ENC-002,105342.0,43101.0,2539.0,0.02410244726699702,105342.0,0.028683038367704694,0.49677992778526603,0.004693721270106395,
ctcf,fold_c,314159,1hop,coordinate_plus_frozen_sequence_fm_plus_frozen_pangenomefm,donor,ENC-003,76073.0,19387.0,2463.0,0.032376795972289776,76073.0,0.035838267905475354,0.4422468427303635,0.0035772932261000745,
ctcf,fold_c,314159,1hop,coordinate_plus_frozen_sequence_fm_plus_frozen_pangenomefm,donor,ENC-004,81130.0,20865.0,2749.0,0.03388389005300135,81130.0,0.07969459687014571,0.6141179352504624,0.04741739253230913,
ctcf,fold_c,314159,1hop,coordinate_plus_frozen_sequence_fm_plus_frozen_pangenomefm,tissue,Peyers_patch,14817.0,10449.0,650.0,0.04386852939191469,14817.0,0.07579637378695177,0.5235671196876815,0.03339273455221743,
ctcf,fold_c,314159,1hop,coordinate_plus_frozen_sequence_fm_plus_frozen_pangenomefm,tissue,adrenal_gland,20822.0,16492.0,558.0,0.026798578426664107,20822.0,0.036532612773582634,0.5185853189511354,0.010002075758563836,
ctcf,fold_c,314159,1hop,coordinate_plus_frozen_sequence_fm_plus_frozen_pangenomefm,tissue,ascending_aorta,4587.0,3369.0,165.0,0.03597122302158273,4587.0,0.057677300244488215,0.6115181667420474,0.022516005477491507,
ctcf,fold_c,314159,1hop,coordinate_plus_frozen_sequence_fm_plus_frozen_pangenomefm,tissue,body_of_pancreas,32297.0,25159.0,1275.0,0.03947735083753909,32297.0,0.051322177409237155,0.5240736555082351,0.012331647340149974,
ctcf,fold_c,314159,1hop,coordinate_plus_frozen_sequence_fm_plus_frozen_pangenomefm,tissue,breast_epithelium,5918.0,5027.0,165.0,0.027881040892193308,5918.0,0.035998003224446115,0.5642257794352354,0.008349762399143423,
ctcf,fold_c,314159,1hop,coordinate_plus_frozen_sequence_fm_plus_frozen_pangenomefm,tissue,coronary_artery,2590.0,2500.0,92.0,0.03552123552123552,2590.0,0.07863829248473145,0.4326004281686219,0.044705035042215555,
ctcf,fold_c,314159,1hop,coordinate_plus_frozen_sequence_fm_plus_frozen_pangenomefm,tissue,esophagus_muscularis_mucosa,8926.0,6216.0,380.0,0.0425722608111136,8926.0,0.07363958830279149,0.5056078867306342,0.03244874387909161,
ctcf,fold_c,314159,1hop,coordinate_plus_frozen_sequence_fm_plus_frozen_pangenomefm,tissue,esophagus_squamous_epithelium,18462.0,13425.0,703.0,0.03807821471129889,18462.0,0.06678216360633252,0.5561568085166202,0.02984021085084244,
ctcf,fold_c,314159,1hop,coordinate_plus_frozen_sequence_fm_plus_frozen_pangenomefm,tissue,gastrocnemius_medialis,9828.0,6787.0,353.0,0.03591778591778592,9828.0,0.07065869176355434,0.5342046686150373,0.03603521083400655,
ctcf,fold_c,314159,1hop,coordinate_plus_frozen_sequence_fm_plus_frozen_pangenomefm,tissue,gastroesophageal_sphincter,14991.0,9428.0,386.0,0.025748782602895072,14991.0,0.05614456393853596,0.5330887817891878,0.031199120712262413,
ctcf,fold_c,314159,1hop,coordinate_plus_frozen_sequence_fm_plus_frozen_pangenomefm,tissue,heart_left_ventricle,8068.0,6154.0,314.0,0.03891918691125434,8068.0,0.06518607739678162,0.5114565894898708,0.027330574211662895,
ctcf,fold_c,314159,1hop,coordinate_plus_frozen_sequence_fm_plus_frozen_pangenomefm,tissue,lower_leg_skin,870.0,852.0,42.0,0.04827586206896552,870.0,0.10224947496597829,0.5269294916034046,0.056711404855556896,
ctcf,fold_c,314159,1hop,coordinate_plus_frozen_sequence_fm_plus_frozen_pangenomefm,tissue,omental_fat_pad,1135.0,1087.0,21.0,0.018502202643171806,1135.0,0.08157242618796186,0.7675686073352141,0.06425915953620889,
ctcf,fold_c,314159,1hop,coordinate_plus_frozen_sequence_fm_plus_frozen_pangenomefm,tissue,ovary,5023.0,4595.0,140.0,0.02787178976707147,5023.0,0.04946478495750449,0.5243812351891401,0.02221208577545465,
ctcf,fold_c,314159,1hop,coordinate_plus_frozen_sequence_fm_plus_frozen_pangenomefm,tissue,prostate_gland,8153.0,5970.0,354.0,0.043419600147185086,8153.0,0.09719607823864937,0.5775588352265936,0.05621741580711736,
ctcf,fold_c,314159,1hop,coordinate_plus_frozen_sequence_fm_plus_frozen_pangenomefm,tissue,right_atrium_auricular_region,4836.0,4113.0,181.0,0.037427626137303556,4836.0,0.07125008931882768,0.6197310561328341,0.03513757936538145,
ctcf,fold_c,314159,1hop,coordinate_plus_frozen_sequence_fm_plus_frozen_pangenomefm,tissue,right_lobe_of_liver,3020.0,3020.0,138.0,0.0456953642384106,3020.0,0.037300260472860475,0.4091675969787486,-0.008797089997210747,
ctcf,fold_c,314159,1hop,coordinate_plus_frozen_sequence_fm_plus_frozen_pangenomefm,tissue,sigmoid_colon,14978.0,12785.0,259.0,0.01729202830818534,14978.0,0.022284438415138268,0.46629917310670077,0.005080258073370539,
ctcf,fold_c,314159,1hop,coordinate_plus_frozen_sequence_fm_plus_frozen_pangenomefm,tissue,spleen,43368.0,32811.0,1064.0,0.024534218778823096,43368.0,0.04417784869421046,0.5340849782775301,0.020137692468100397,
ctcf,fold_c,314159,1hop,coordinate_plus_frozen_sequence_fm_plus_frozen_pangenomefm,tissue,stomach,13008.0,10212.0,266.0,0.020448954489544896,13008.0,0.044212074751457414,0.5583016558819746,0.024259195445531158,
ctcf,fold_c,314159,1hop,coordinate_plus_frozen_sequence_fm_plus_frozen_pangenomefm,tissue,suprapubic_skin,2442.0,2072.0,79.0,0.03235053235053235,2442.0,0.1643334153347839,0.6290303572480809,0.13639534500530778,
ctcf,fold_c,314159,1hop,coordinate_plus_frozen_sequence_fm_plus_frozen_pangenomefm,tissue,testis,4735.0,3502.0,118.0,0.0249208025343189,4735.0,0.0874573485873808,0.5587750502013561,0.06413483767841631,
ctcf,fold_c,314159,1hop,coordinate_plus_frozen_sequence_fm_plus_frozen_pangenomefm,tissue,thoracic_aorta,7065.0,6030.0,262.0,0.03708421797593772,7065.0,0.09944490612463289,0.5933251832094731,0.06476234922394992,
ctcf,fold_c,314159,1hop,coordinate_plus_frozen_sequence_fm_plus_frozen_pangenomefm,tissue,thyroid_gland,15219.0,9758.0,598.0,0.0392929890268743,15219.0,0.07321015285692849,0.547329927471802,0.03530437838243586,
ctcf,fold_c,314159,1hop,coordinate_plus_frozen_sequence_fm_plus_frozen_pangenomefm,tissue,tibial_artery,3914.0,2754.0,194.0,0.049565661727133364,3914.0,0.10665115220703408,0.5001496508147656,0.06006252949955146,
ctcf,fold_c,314159,1hop,coordinate_plus_frozen_sequence_fm_plus_frozen_pangenomefm,tissue,tibial_nerve,13739.0,9234.0,447.0,0.032535119004294344,13739.0,0.06328728791241359,0.5229497516125492,0.03178634130519488,
ctcf,fold_c,314159,1hop,coordinate_plus_frozen_sequence_fm_plus_frozen_pangenomefm,tissue,transverse_colon,19892.0,11914.0,689.0,0.03463704001608687,19892.0,0.05825904638343025,0.5321311898910328,0.024469559478164586,
ctcf,fold_c,314159,1hop,coordinate_plus_frozen_sequence_fm_plus_frozen_pangenomefm,tissue,upper_lobe_of_left_lung,22248.0,15169.0,680.0,0.030564545127651922,22248.0,0.053244198361846906,0.5502294044008553,0.023394701648477838,
ctcf,fold_c,314159,1hop,coordinate_plus_frozen_sequence_fm_plus_frozen_pangenomefm,tissue,uterus,9379.0,6716.0,255.0,0.02718839961616377,9379.0,0.045541125726432506,0.51845208929692,0.018865653023696895,
ctcf,fold_c,314159,1hop,coordinate_plus_frozen_sequence_fm_plus_frozen_pangenomefm,tissue,vagina,2809.0,2338.0,77.0,0.02741189035243859,2809.0,0.028173301104140992,0.4503123157954783,0.0007828707179839122,
ctcf,fold_c,314159,strict,coordinate_plus_frozen_sequence_fm,measurement_weight,all,337139.0,92968.0,10905.0,0.032345709039891556,337139.0,0.05391837590091514,0.5227624318245818,0.022293774814576745,
ctcf,fold_c,314159,strict,coordinate_plus_frozen_sequence_fm,equal_locus_weight,all,337139.0,92968.0,10905.0,0.020422037977847335,92968.0,0.0377347722209527,0.551473380084814,0.01767366653223447,
ctcf,fold_c,314159,strict,coordinate_plus_frozen_sequence_fm,donor,ENC-001,74594.0,25779.0,3154.0,0.04228222109016811,74594.0,0.09002034439697715,0.54978735964072,0.049845710665567096,
ctcf,fold_c,314159,strict,coordinate_plus_frozen_sequence_fm,donor,ENC-002,105342.0,43101.0,2539.0,0.02410244726699702,105342.0,0.028018247470823612,0.4735917858503347,0.004012511551914836,
ctcf,fold_c,314159,strict,coordinate_plus_frozen_sequence_fm,donor,ENC-003,76073.0,19387.0,2463.0,0.032376795972289776,76073.0,0.038338523536745786,0.417431668906307,0.006161207730075561,
ctcf,fold_c,314159,strict,coordinate_plus_frozen_sequence_fm,donor,ENC-004,81130.0,20865.0,2749.0,0.03388389005300135,81130.0,0.0796021179082229,0.6287606174778374,0.047321670122786444,
ctcf,fold_c,314159,strict,coordinate_plus_frozen_sequence_fm,tissue,Peyers_patch,14817.0,10449.0,650.0,0.04386852939191469,14817.0,0.07318198176400678,0.5125328634801353,0.030658390894140502,
ctcf,fold_c,314159,strict,coordinate_plus_frozen_sequence_fm,tissue,adrenal_gland,20822.0,16492.0,558.0,0.026798578426664107,20822.0,0.03750335693380184,0.5139078146954821,0.010999550832788292,
ctcf,fold_c,314159,strict,coordinate_plus_frozen_sequence_fm,tissue,ascending_aorta,4587.0,3369.0,165.0,0.03597122302158273,4587.0,0.05869762835806277,0.6103161876567575,0.023574405535602427,
ctcf,fold_c,314159,strict,coordinate_plus_frozen_sequence_fm,tissue,body_of_pancreas,32297.0,25159.0,1275.0,0.03947735083753909,32297.0,0.04955690426764554,0.5156980055899608,0.010493821711435375,
ctcf,fold_c,314159,strict,coordinate_plus_frozen_sequence_fm,tissue,breast_epithelium,5918.0,5027.0,165.0,0.027881040892193308,5918.0,0.03854277638436875,0.5618196566745151,0.010967521404952944,
ctcf,fold_c,314159,strict,coordinate_plus_frozen_sequence_fm,tissue,coronary_artery,2590.0,2500.0,92.0,0.03552123552123552,2590.0,0.07869761893913872,0.39436114108678244,0.04476654645811421,
ctcf,fold_c,314159,strict,coordinate_plus_frozen_sequence_fm,tissue,esophagus_muscularis_mucosa,8926.0,6216.0,380.0,0.0425722608111136,8926.0,0.06955311433096897,0.47897462032098737,0.028180563833165116,
ctcf,fold_c,314159,strict,coordinate_plus_frozen_sequence_fm,tissue,esophagus_squamous_epithelium,18462.0,13425.0,703.0,0.03807821471129889,18462.0,0.06374357343113263,0.5326764775450542,0.02668133637510955,
ctcf,fold_c,314159,strict,coordinate_plus_frozen_sequence_fm,tissue,gastrocnemius_medialis,9828.0,6787.0,353.0,0.03591778591778592,9828.0,0.06842566616575294,0.5210162422357927,0.03371899177593877,
ctcf,fold_c,314159,strict,coordinate_plus_frozen_sequence_fm,tissue,gastroesophageal_sphincter,14991.0,9428.0,386.0,0.025748782602895072,14991.0,0.05277983895587292,0.5118787837936117,0.02774546838668202,
ctcf,fold_c,314159,strict,coordinate_plus_frozen_sequence_fm,tissue,heart_left_ventricle,8068.0,6154.0,314.0,0.03891918691125434,8068.0,0.06307650651309246,0.5190959586915486,0.02513557577348852,
ctcf,fold_c,314159,strict,coordinate_plus_frozen_sequence_fm,tissue,lower_leg_skin,870.0,852.0,42.0,0.04827586206896552,870.0,0.10386180392947719,0.49673625488842876,0.05840551862155212,
ctcf,fold_c,314159,strict,coordinate_plus_frozen_sequence_fm,tissue,omental_fat_pad,1135.0,1087.0,21.0,0.018502202643171806,1135.0,0.08456206579576002,0.7642344190818159,0.06730515680268188,
ctcf,fold_c,314159,strict,coordinate_plus_frozen_sequence_fm,tissue,ovary,5023.0,4595.0,140.0,0.02787178976707147,5023.0,0.048026231784903284,0.5128470495304409,0.020732287990081755,
ctcf,fold_c,314159,strict,coordinate_plus_frozen_sequence_fm,tissue,prostate_gland,8153.0,5970.0,354.0,0.043419600147185086,8153.0,0.0949258985279877,0.5490188514679921,0.053844191652607225,
ctcf,fold_c,314159,strict,coordinate_plus_frozen_sequence_fm,tissue,right_atrium_auricular_region,4836.0,4113.0,181.0,0.037427626137303556,4836.0,0.08148861247560268,0.6470491540611591,0.04577420621525555,
ctcf,fold_c,314159,strict,coordinate_plus_frozen_sequence_fm,tissue,right_lobe_of_liver,3020.0,3020.0,138.0,0.0456953642384106,3020.0,0.03691235656849781,0.3956403564352453,-0.0092035680649329,
ctcf,fold_c,314159,strict,coordinate_plus_frozen_sequence_fm,tissue,sigmoid_colon,14978.0,12785.0,259.0,0.01729202830818534,14978.0,0.02060867777869336,0.4428704421910482,0.003375010243173389,
ctcf,fold_c,314159,strict,coordinate_plus_frozen_sequence_fm,tissue,spleen,43368.0,32811.0,1064.0,0.024534218778823096,43368.0,0.044215080268341075,0.5276300993240477,0.02017586046419761,
ctcf,fold_c,314159,strict,coordinate_plus_frozen_sequence_fm,tissue,stomach,13008.0,10212.0,266.0,0.020448954489544896,13008.0,0.04365849573875426,0.550540631125766,0.023694060003901694,
ctcf,fold_c,314159,strict,coordinate_plus_frozen_sequence_fm,tissue,suprapubic_skin,2442.0,2072.0,79.0,0.03235053235053235,2442.0,0.14322126961497078,0.610233183520198,0.11457737638584793,
ctcf,fold_c,314159,strict,coordinate_plus_frozen_sequence_fm,tissue,testis,4735.0,3502.0,118.0,0.0249208025343189,4735.0,0.0761390829766074,0.5136929475813409,0.05252730298770545,
ctcf,fold_c,314159,strict,coordinate_plus_frozen_sequence_fm,tissue,thoracic_aorta,7065.0,6030.0,262.0,0.03708421797593772,7065.0,0.09834785055854174,0.5771064741307439,0.06362304339204725,
ctcf,fold_c,314159,strict,coordinate_plus_frozen_sequence_fm,tissue,thyroid_gland,15219.0,9758.0,598.0,0.0392929890268743,15219.0,0.07554831308044142,0.5478611878868508,0.037738169535000206,
ctcf,fold_c,314159,strict,coordinate_plus_frozen_sequence_fm,tissue,tibial_artery,3914.0,2754.0,194.0,0.049565661727133364,3914.0,0.09088963778487902,0.4810567010309278,0.04347904362634852,
ctcf,fold_c,314159,strict,coordinate_plus_frozen_sequence_fm,tissue,tibial_nerve,13739.0,9234.0,447.0,0.032535119004294344,13739.0,0.05983316382776266,0.5109708384582811,0.028216057615831416,
ctcf,fold_c,314159,strict,coordinate_plus_frozen_sequence_fm,tissue,transverse_colon,19892.0,11914.0,689.0,0.03463704001608687,19892.0,0.05635886600206942,0.5134327931797666,0.022501200984906784,
ctcf,fold_c,314159,strict,coordinate_plus_frozen_sequence_fm,tissue,upper_lobe_of_left_lung,22248.0,15169.0,680.0,0.030564545127651922,22248.0,0.05559426944865452,0.5474016857763135,0.02581886622281462,
ctcf,fold_c,314159,strict,coordinate_plus_frozen_sequence_fm,tissue,uterus,9379.0,6716.0,255.0,0.02718839961616377,9379.0,0.0497238329500411,0.4998203402360506,0.023165259671025368,
ctcf,fold_c,314159,strict,coordinate_plus_frozen_sequence_fm,tissue,vagina,2809.0,2338.0,77.0,0.02741189035243859,2809.0,0.027718607820419613,0.41075231503489196,0.0003153621403948371,
ctcf,fold_c,314159,strict,coordinate_plus_frozen_sequence_fm_plus_frozen_pangenomefm,measurement_weight,all,337139.0,92968.0,10905.0,0.032345709039891556,337139.0,0.05178559782976956,0.5187236167167565,0.020089704527212617,
ctcf,fold_c,314159,strict,coordinate_plus_frozen_sequence_fm_plus_frozen_pangenomefm,equal_locus_weight,all,337139.0,92968.0,10905.0,0.020422037977847335,92968.0,0.03803458503799002,0.5539273255645363,0.01797972978463595,
ctcf,fold_c,314159,strict,coordinate_plus_frozen_sequence_fm_plus_frozen_pangenomefm,donor,ENC-001,74594.0,25779.0,3154.0,0.04228222109016811,74594.0,0.08680009150614373,0.5455043645141064,0.04648328703540433,
ctcf,fold_c,314159,strict,coordinate_plus_frozen_sequence_fm_plus_frozen_pangenomefm,donor,ENC-002,105342.0,43101.0,2539.0,0.02410244726699702,105342.0,0.028887871626348517,0.47831574200830135,0.004903613443798385,
ctcf,fold_c,314159,strict,coordinate_plus_frozen_sequence_fm_plus_frozen_pangenomefm,donor,ENC-003,76073.0,19387.0,2463.0,0.032376795972289776,76073.0,0.03721340506501995,0.4096115430529147,0.004998442650608107,
ctcf,fold_c,314159,strict,coordinate_plus_frozen_sequence_fm_plus_frozen_pangenomefm,donor,ENC-004,81130.0,20865.0,2749.0,0.03388389005300135,81130.0,0.07147912500038776,0.6201297619245361,0.0389137853724941,
ctcf,fold_c,314159,strict,coordinate_plus_frozen_sequence_fm_plus_frozen_pangenomefm,tissue,Peyers_patch,14817.0,10449.0,650.0,0.04386852939191469,14817.0,0.07276992267101437,0.5023827855634166,0.030227426005253046,
ctcf,fold_c,314159,strict,coordinate_plus_frozen_sequence_fm_plus_frozen_pangenomefm,tissue,adrenal_gland,20822.0,16492.0,558.0,0.026798578426664107,20822.0,0.0352449473508459,0.5085517229912822,0.008678952513783719,
ctcf,fold_c,314159,strict,coordinate_plus_frozen_sequence_fm_plus_frozen_pangenomefm,tissue,ascending_aorta,4587.0,3369.0,165.0,0.03597122302158273,4587.0,0.053012972912869404,0.6142387237366884,0.017677636081260054,
ctcf,fold_c,314159,strict,coordinate_plus_frozen_sequence_fm_plus_frozen_pangenomefm,tissue,body_of_pancreas,32297.0,25159.0,1275.0,0.03947735083753909,32297.0,0.04826185859142241,0.5103574060660303,0.009145549833252841,
ctcf,fold_c,314159,strict,coordinate_plus_frozen_sequence_fm_plus_frozen_pangenomefm,tissue,breast_epithelium,5918.0,5027.0,165.0,0.027881040892193308,5918.0,0.039408309618110995,0.566939515088307,0.011857878727617047,
ctcf,fold_c,314159,strict,coordinate_plus_frozen_sequence_fm_plus_frozen_pangenomefm,tissue,coronary_artery,2590.0,2500.0,92.0,0.03552123552123552,2590.0,0.07601136976691732,0.4011622341351342,0.041981364169862236,
ctcf,fold_c,314159,strict,coordinate_plus_frozen_sequence_fm_plus_frozen_pangenomefm,tissue,esophagus_muscularis_mucosa,8926.0,6216.0,380.0,0.0425722608111136,8926.0,0.06760637642589312,0.48237802850210004,0.026147263746492164,
ctcf,fold_c,314159,strict,coordinate_plus_frozen_sequence_fm_plus_frozen_pangenomefm,tissue,esophagus_squamous_epithelium,18462.0,13425.0,703.0,0.03807821471129889,18462.0,0.06253509583445002,0.5309555542009954,0.025425020513295583,
ctcf,fold_c,314159,strict,coordinate_plus_frozen_sequence_fm_plus_frozen_pangenomefm,tissue,gastrocnemius_medialis,9828.0,6787.0,353.0,0.03591778591778592,9828.0,0.06359674788366507,0.5130683848206478,0.02871016762012246,
ctcf,fold_c,314159,strict,coordinate_plus_frozen_sequence_fm_plus_frozen_pangenomefm,tissue,gastroesophageal_sphincter,14991.0,9428.0,386.0,0.025748782602895072,14991.0,0.04801247702676104,0.513743430190172,0.022852108394945208,
ctcf,fold_c,314159,strict,coordinate_plus_frozen_sequence_fm_plus_frozen_pangenomefm,tissue,heart_left_ventricle,8068.0,6154.0,314.0,0.03891918691125434,8068.0,0.055431750215987535,0.5096009620676569,0.01718124332506931,
ctcf,fold_c,314159,strict,coordinate_plus_frozen_sequence_fm_plus_frozen_pangenomefm,tissue,lower_leg_skin,870.0,852.0,42.0,0.04827586206896552,870.0,0.10411086373086957,0.5055066712675409,0.05866721189113107,
ctcf,fold_c,314159,strict,coordinate_plus_frozen_sequence_fm_plus_frozen_pangenomefm,tissue,omental_fat_pad,1135.0,1087.0,21.0,0.018502202643171806,1135.0,0.07973515640891726,0.7476489698213218,0.0623872554076491,
ctcf,fold_c,314159,strict,coordinate_plus_frozen_sequence_fm_plus_frozen_pangenomefm,tissue,ovary,5023.0,4595.0,140.0,0.02787178976707147,5023.0,0.04447100933581785,0.5165596383955999,0.017075134117102823,
ctcf,fold_c,314159,strict,coordinate_plus_frozen_sequence_fm_plus_frozen_pangenomefm,tissue,prostate_gland,8153.0,5970.0,354.0,0.043419600147185086,8153.0,0.09514012592020207,0.536505476944386,0.05406814291927266,
ctcf,fold_c,314159,strict,coordinate_plus_frozen_sequence_fm_plus_frozen_pangenomefm,tissue,right_atrium_auricular_region,4836.0,4113.0,181.0,0.037427626137303556,4836.0,0.07278677816484232,0.6251396051296355,0.036734019163303426,
ctcf,fold_c,314159,strict,coordinate_plus_frozen_sequence_fm_plus_frozen_pangenomefm,tissue,right_lobe_of_liver,3020.0,3020.0,138.0,0.0456953642384106,3020.0,0.036265888823119624,0.3826185016443895,-0.009880990893191792,
ctcf,fold_c,314159,strict,coordinate_plus_frozen_sequence_fm_plus_frozen_pangenomefm,tissue,sigmoid_colon,14978.0,12785.0,259.0,0.01729202830818534,14978.0,0.019998550786217505,0.445165560968265,0.002754147270600297,
ctcf,fold_c,314159,strict,coordinate_plus_frozen_sequence_fm_plus_frozen_pangenomefm,tissue,spleen,43368.0,32811.0,1064.0,0.024534218778823096,43368.0,0.04395116774080958,0.5246936579878687,0.019905310197225554,
ctcf,fold_c,314159,strict,coordinate_plus_frozen_sequence_fm_plus_frozen_pangenomefm,tissue,stomach,13008.0,10212.0,266.0,0.020448954489544896,13008.0,0.046211286834449194,0.5480392827933906,0.026300142767423883,
ctcf,fold_c,314159,strict,coordinate_plus_frozen_sequence_fm_plus_frozen_pangenomefm,tissue,suprapubic_skin,2442.0,2072.0,79.0,0.03235053235053235,2442.0,0.143769657025572,0.6032532127685789,0.11514409752706173,
ctcf,fold_c,314159,strict,coordinate_plus_frozen_sequence_fm_plus_frozen_pangenomefm,tissue,testis,4735.0,3502.0,118.0,0.0249208025343189,4735.0,0.07725719820208761,0.5150402161503361,0.05367399469068331,
ctcf,fold_c,314159,strict,coordinate_plus_frozen_sequence_fm_plus_frozen_pangenomefm,tissue,thoracic_aorta,7065.0,6030.0,262.0,0.03708421797593772,7065.0,0.08887787874247148,0.5727134863043135,0.05378836003462605,
ctcf,fold_c,314159,strict,coordinate_plus_frozen_sequence_fm_plus_frozen_pangenomefm,tissue,thyroid_gland,15219.0,9758.0,598.0,0.0392929890268743,15219.0,0.06702013459918617,0.5418587458045295,0.02886118791225048,
ctcf,fold_c,314159,strict,coordinate_plus_frozen_sequence_fm_plus_frozen_pangenomefm,tissue,tibial_artery,3914.0,2754.0,194.0,0.049565661727133364,3914.0,0.08818600222997841,0.48154999445737723,0.04063441202369234,
ctcf,fold_c,314159,strict,coordinate_plus_frozen_sequence_fm_plus_frozen_pangenomefm,tissue,tibial_nerve,13739.0,9234.0,447.0,0.032535119004294344,13739.0,0.054167480042763144,0.518288826233808,0.022359841130568978,
ctcf,fold_c,314159,strict,coordinate_plus_frozen_sequence_fm_plus_frozen_pangenomefm,tissue,transverse_colon,19892.0,11914.0,689.0,0.03463704001608687,19892.0,0.05531159828492603,0.5091685223651632,0.021416357500585775,
ctcf,fold_c,314159,strict,coordinate_plus_frozen_sequence_fm_plus_frozen_pangenomefm,tissue,upper_lobe_of_left_lung,22248.0,15169.0,680.0,0.030564545127651922,22248.0,0.053508693591954204,0.5405655096330075,0.02366753593443051,
ctcf,fold_c,314159,strict,coordinate_plus_frozen_sequence_fm_plus_frozen_pangenomefm,tissue,uterus,9379.0,6716.0,255.0,0.02718839961616377,9379.0,0.04751103851148766,0.49486336402162795,0.020890621459803024,
ctcf,fold_c,314159,strict,coordinate_plus_frozen_sequence_fm_plus_frozen_pangenomefm,tissue,vagina,2809.0,2338.0,77.0,0.02741189035243859,2809.0,0.02574702708694509,0.38660369644996284,-0.0017117865712925496,
ctcf,fold_c,42,1hop,coordinate_plus_frozen_sequence_fm,measurement_weight,all,337139.0,92968.0,10905.0,0.032345709039891556,337139.0,0.05391837590091514,0.5227624318245818,0.022293774814576745,
ctcf,fold_c,42,1hop,coordinate_plus_frozen_sequence_fm,equal_locus_weight,all,337139.0,92968.0,10905.0,0.020422037977847335,92968.0,0.0377347722209527,0.551473380084814,0.01767366653223447,
ctcf,fold_c,42,1hop,coordinate_plus_frozen_sequence_fm,donor,ENC-001,74594.0,25779.0,3154.0,0.04228222109016811,74594.0,0.09002034439697715,0.54978735964072,0.049845710665567096,
ctcf,fold_c,42,1hop,coordinate_plus_frozen_sequence_fm,donor,ENC-002,105342.0,43101.0,2539.0,0.02410244726699702,105342.0,0.028018247470823612,0.4735917858503347,0.004012511551914836,
ctcf,fold_c,42,1hop,coordinate_plus_frozen_sequence_fm,donor,ENC-003,76073.0,19387.0,2463.0,0.032376795972289776,76073.0,0.038338523536745786,0.417431668906307,0.006161207730075561,
ctcf,fold_c,42,1hop,coordinate_plus_frozen_sequence_fm,donor,ENC-004,81130.0,20865.0,2749.0,0.03388389005300135,81130.0,0.0796021179082229,0.6287606174778374,0.047321670122786444,
ctcf,fold_c,42,1hop,coordinate_plus_frozen_sequence_fm,tissue,Peyers_patch,14817.0,10449.0,650.0,0.04386852939191469,14817.0,0.07318198176400678,0.5125328634801353,0.030658390894140502,
ctcf,fold_c,42,1hop,coordinate_plus_frozen_sequence_fm,tissue,adrenal_gland,20822.0,16492.0,558.0,0.026798578426664107,20822.0,0.03750335693380184,0.5139078146954821,0.010999550832788292,
ctcf,fold_c,42,1hop,coordinate_plus_frozen_sequence_fm,tissue,ascending_aorta,4587.0,3369.0,165.0,0.03597122302158273,4587.0,0.05869762835806277,0.6103161876567575,0.023574405535602427,
ctcf,fold_c,42,1hop,coordinate_plus_frozen_sequence_fm,tissue,body_of_pancreas,32297.0,25159.0,1275.0,0.03947735083753909,32297.0,0.04955690426764554,0.5156980055899608,0.010493821711435375,
ctcf,fold_c,42,1hop,coordinate_plus_frozen_sequence_fm,tissue,breast_epithelium,5918.0,5027.0,165.0,0.027881040892193308,5918.0,0.03854277638436875,0.5618196566745151,0.010967521404952944,
ctcf,fold_c,42,1hop,coordinate_plus_frozen_sequence_fm,tissue,coronary_artery,2590.0,2500.0,92.0,0.03552123552123552,2590.0,0.07869761893913872,0.39436114108678244,0.04476654645811421,
ctcf,fold_c,42,1hop,coordinate_plus_frozen_sequence_fm,tissue,esophagus_muscularis_mucosa,8926.0,6216.0,380.0,0.0425722608111136,8926.0,0.06955311433096897,0.47897462032098737,0.028180563833165116,
ctcf,fold_c,42,1hop,coordinate_plus_frozen_sequence_fm,tissue,esophagus_squamous_epithelium,18462.0,13425.0,703.0,0.03807821471129889,18462.0,0.06374357343113263,0.5326764775450542,0.02668133637510955,
ctcf,fold_c,42,1hop,coordinate_plus_frozen_sequence_fm,tissue,gastrocnemius_medialis,9828.0,6787.0,353.0,0.03591778591778592,9828.0,0.06842566616575294,0.5210162422357927,0.03371899177593877,
ctcf,fold_c,42,1hop,coordinate_plus_frozen_sequence_fm,tissue,gastroesophageal_sphincter,14991.0,9428.0,386.0,0.025748782602895072,14991.0,0.05277983895587292,0.5118787837936117,0.02774546838668202,
ctcf,fold_c,42,1hop,coordinate_plus_frozen_sequence_fm,tissue,heart_left_ventricle,8068.0,6154.0,314.0,0.03891918691125434,8068.0,0.06307650651309246,0.5190959586915486,0.02513557577348852,
ctcf,fold_c,42,1hop,coordinate_plus_frozen_sequence_fm,tissue,lower_leg_skin,870.0,852.0,42.0,0.04827586206896552,870.0,0.10386180392947719,0.49673625488842876,0.05840551862155212,
ctcf,fold_c,42,1hop,coordinate_plus_frozen_sequence_fm,tissue,omental_fat_pad,1135.0,1087.0,21.0,0.018502202643171806,1135.0,0.08456206579576002,0.7642344190818159,0.06730515680268188,
ctcf,fold_c,42,1hop,coordinate_plus_frozen_sequence_fm,tissue,ovary,5023.0,4595.0,140.0,0.02787178976707147,5023.0,0.048026231784903284,0.5128470495304409,0.020732287990081755,
ctcf,fold_c,42,1hop,coordinate_plus_frozen_sequence_fm,tissue,prostate_gland,8153.0,5970.0,354.0,0.043419600147185086,8153.0,0.0949258985279877,0.5490188514679921,0.053844191652607225,
ctcf,fold_c,42,1hop,coordinate_plus_frozen_sequence_fm,tissue,right_atrium_auricular_region,4836.0,4113.0,181.0,0.037427626137303556,4836.0,0.08148861247560268,0.6470491540611591,0.04577420621525555,
ctcf,fold_c,42,1hop,coordinate_plus_frozen_sequence_fm,tissue,right_lobe_of_liver,3020.0,3020.0,138.0,0.0456953642384106,3020.0,0.03691235656849781,0.3956403564352453,-0.0092035680649329,
ctcf,fold_c,42,1hop,coordinate_plus_frozen_sequence_fm,tissue,sigmoid_colon,14978.0,12785.0,259.0,0.01729202830818534,14978.0,0.02060867777869336,0.4428704421910482,0.003375010243173389,
ctcf,fold_c,42,1hop,coordinate_plus_frozen_sequence_fm,tissue,spleen,43368.0,32811.0,1064.0,0.024534218778823096,43368.0,0.044215080268341075,0.5276300993240477,0.02017586046419761,
ctcf,fold_c,42,1hop,coordinate_plus_frozen_sequence_fm,tissue,stomach,13008.0,10212.0,266.0,0.020448954489544896,13008.0,0.04365849573875426,0.550540631125766,0.023694060003901694,
ctcf,fold_c,42,1hop,coordinate_plus_frozen_sequence_fm,tissue,suprapubic_skin,2442.0,2072.0,79.0,0.03235053235053235,2442.0,0.14322126961497078,0.610233183520198,0.11457737638584793,
ctcf,fold_c,42,1hop,coordinate_plus_frozen_sequence_fm,tissue,testis,4735.0,3502.0,118.0,0.0249208025343189,4735.0,0.0761390829766074,0.5136929475813409,0.05252730298770545,
ctcf,fold_c,42,1hop,coordinate_plus_frozen_sequence_fm,tissue,thoracic_aorta,7065.0,6030.0,262.0,0.03708421797593772,7065.0,0.09834785055854174,0.5771064741307439,0.06362304339204725,
ctcf,fold_c,42,1hop,coordinate_plus_frozen_sequence_fm,tissue,thyroid_gland,15219.0,9758.0,598.0,0.0392929890268743,15219.0,0.07554831308044142,0.5478611878868508,0.037738169535000206,
ctcf,fold_c,42,1hop,coordinate_plus_frozen_sequence_fm,tissue,tibial_artery,3914.0,2754.0,194.0,0.049565661727133364,3914.0,0.09088963778487902,0.4810567010309278,0.04347904362634852,
ctcf,fold_c,42,1hop,coordinate_plus_frozen_sequence_fm,tissue,tibial_nerve,13739.0,9234.0,447.0,0.032535119004294344,13739.0,0.05983316382776266,0.5109708384582811,0.028216057615831416,
ctcf,fold_c,42,1hop,coordinate_plus_frozen_sequence_fm,tissue,transverse_colon,19892.0,11914.0,689.0,0.03463704001608687,19892.0,0.05635886600206942,0.5134327931797666,0.022501200984906784,
ctcf,fold_c,42,1hop,coordinate_plus_frozen_sequence_fm,tissue,upper_lobe_of_left_lung,22248.0,15169.0,680.0,0.030564545127651922,22248.0,0.05559426944865452,0.5474016857763135,0.02581886622281462,
ctcf,fold_c,42,1hop,coordinate_plus_frozen_sequence_fm,tissue,uterus,9379.0,6716.0,255.0,0.02718839961616377,9379.0,0.0497238329500411,0.4998203402360506,0.023165259671025368,
ctcf,fold_c,42,1hop,coordinate_plus_frozen_sequence_fm,tissue,vagina,2809.0,2338.0,77.0,0.02741189035243859,2809.0,0.027718607820419613,0.41075231503489196,0.0003153621403948371,
ctcf,fold_c,42,1hop,coordinate_plus_frozen_sequence_fm_plus_frozen_pangenomefm,measurement_weight,all,337139.0,92968.0,10905.0,0.032345709039891556,337139.0,0.060183311354176844,0.5405561212160136,0.028768127805917924,
ctcf,fold_c,42,1hop,coordinate_plus_frozen_sequence_fm_plus_frozen_pangenomefm,equal_locus_weight,all,337139.0,92968.0,10905.0,0.020422037977847335,92968.0,0.04081680613560103,0.5533295023669591,0.02081995405006108,
ctcf,fold_c,42,1hop,coordinate_plus_frozen_sequence_fm_plus_frozen_pangenomefm,donor,ENC-001,74594.0,25779.0,3154.0,0.04228222109016811,74594.0,0.11089192580958436,0.5729060278066352,0.0716387501937309,
ctcf,fold_c,42,1hop,coordinate_plus_frozen_sequence_fm_plus_frozen_pangenomefm,donor,ENC-002,105342.0,43101.0,2539.0,0.02410244726699702,105342.0,0.02941573340953423,0.4900921747888758,0.005444512210997292,
ctcf,fold_c,42,1hop,coordinate_plus_frozen_sequence_fm_plus_frozen_pangenomefm,donor,ENC-003,76073.0,19387.0,2463.0,0.032376795972289776,76073.0,0.035240451198349045,0.4516901273200106,0.0029594734956121006,
ctcf,fold_c,42,1hop,coordinate_plus_frozen_sequence_fm_plus_frozen_pangenomefm,donor,ENC-004,81130.0,20865.0,2749.0,0.03388389005300135,81130.0,0.08671874460780955,0.6241849554959248,0.05468789311225411,
ctcf,fold_c,42,1hop,coordinate_plus_frozen_sequence_fm_plus_frozen_pangenomefm,tissue,Peyers_patch,14817.0,10449.0,650.0,0.04386852939191469,14817.0,0.08018347828662904,0.5314003290420316,0.03798112499279894,
ctcf,fold_c,42,1hop,coordinate_plus_frozen_sequence_fm_plus_frozen_pangenomefm,tissue,adrenal_gland,20822.0,16492.0,558.0,0.026798578426664107,20822.0,0.04106680827285063,0.5248909732038879,0.014661127213644676,
ctcf,fold_c,42,1hop,coordinate_plus_frozen_sequence_fm_plus_frozen_pangenomefm,tissue,ascending_aorta,4587.0,3369.0,165.0,0.03597122302158273,4587.0,0.05892207320056744,0.6202664364129764,0.023807225185663243,
ctcf,fold_c,42,1hop,coordinate_plus_frozen_sequence_fm_plus_frozen_pangenomefm,tissue,body_of_pancreas,32297.0,25159.0,1275.0,0.03947735083753909,32297.0,0.05547756035244049,0.5236517790663425,0.016657815959730853,
ctcf,fold_c,42,1hop,coordinate_plus_frozen_sequence_fm_plus_frozen_pangenomefm,tissue,breast_epithelium,5918.0,5027.0,165.0,0.027881040892193308,5918.0,0.04351454982543228,0.5777639071051204,0.0160818887305594,
ctcf,fold_c,42,1hop,coordinate_plus_frozen_sequence_fm_plus_frozen_pangenomefm,tissue,coronary_artery,2590.0,2500.0,92.0,0.03552123552123552,2590.0,0.07797635891161937,0.42847974031399033,0.04401872281068622,
ctcf,fold_c,42,1hop,coordinate_plus_frozen_sequence_fm_plus_frozen_pangenomefm,tissue,esophagus_muscularis_mucosa,8926.0,6216.0,380.0,0.0425722608111136,8926.0,0.07940632856812055,0.5017187172823235,0.0384719036741217,
ctcf,fold_c,42,1hop,coordinate_plus_frozen_sequence_fm_plus_frozen_pangenomefm,tissue,esophagus_squamous_epithelium,18462.0,13425.0,703.0,0.03807821471129889,18462.0,0.06945552659499112,0.5587256580659481,0.03261940041650577,
ctcf,fold_c,42,1hop,coordinate_plus_frozen_sequence_fm_plus_frozen_pangenomefm,tissue,gastrocnemius_medialis,9828.0,6787.0,353.0,0.03591778591778592,9828.0,0.0745130761607385,0.5459223990372757,0.04003319393221509,
ctcf,fold_c,42,1hop,coordinate_plus_frozen_sequence_fm_plus_frozen_pangenomefm,tissue,gastroesophageal_sphincter,14991.0,9428.0,386.0,0.025748782602895072,14991.0,0.05921277927844413,0.5386561135816572,0.03434842685129448,
ctcf,fold_c,42,1hop,coordinate_plus_frozen_sequence_fm_plus_frozen_pangenomefm,tissue,heart_left_ventricle,8068.0,6154.0,314.0,0.03891918691125434,8068.0,0.06988099087881924,0.5338933346914434,0.03221560928686015,
ctcf,fold_c,42,1hop,coordinate_plus_frozen_sequence_fm_plus_frozen_pangenomefm,tissue,lower_leg_skin,870.0,852.0,42.0,0.04827586206896552,870.0,0.12378366745086396,0.5377127904301817,0.07933791145199473,
ctcf,fold_c,42,1hop,coordinate_plus_frozen_sequence_fm_plus_frozen_pangenomefm,tissue,omental_fat_pad,1135.0,1087.0,21.0,0.018502202643171806,1135.0,0.1724139779650762,0.7810763443618022,0.15681316426423833,
ctcf,fold_c,42,1hop,coordinate_plus_frozen_sequence_fm_plus_frozen_pangenomefm,tissue,ovary,5023.0,4595.0,140.0,0.02787178976707147,5023.0,0.05156850819719706,0.5264218425441034,0.024376124651755246,
ctcf,fold_c,42,1hop,coordinate_plus_frozen_sequence_fm_plus_frozen_pangenomefm,tissue,prostate_gland,8153.0,5970.0,354.0,0.043419600147185086,8153.0,0.11142582226912696,0.5690704950583987,0.071093054104397,
ctcf,fold_c,42,1hop,coordinate_plus_frozen_sequence_fm_plus_frozen_pangenomefm,tissue,right_atrium_auricular_region,4836.0,4113.0,181.0,0.037427626137303556,4836.0,0.07036910125087327,0.6279382354861107,0.03422233590745932,
ctcf,fold_c,42,1hop,coordinate_plus_frozen_sequence_fm_plus_frozen_pangenomefm,tissue,right_lobe_of_liver,3020.0,3020.0,138.0,0.0456953642384106,3020.0,0.04008019672602203,0.434715978235726,-0.005884040904723619,
ctcf,fold_c,42,1hop,coordinate_plus_frozen_sequence_fm_plus_frozen_pangenomefm,tissue,sigmoid_colon,14978.0,12785.0,259.0,0.01729202830818534,14978.0,0.023446689424442387,0.47772243529428127,0.006262960404871123,
ctcf,fold_c,42,1hop,coordinate_plus_frozen_sequence_fm_plus_frozen_pangenomefm,tissue,spleen,43368.0,32811.0,1064.0,0.024534218778823096,43368.0,0.04832106325986792,0.5379574479883521,0.024385114207969745,
ctcf,fold_c,42,1hop,coordinate_plus_frozen_sequence_fm_plus_frozen_pangenomefm,tissue,stomach,13008.0,10212.0,266.0,0.020448954489544896,13008.0,0.048050349275224266,0.5650474483178595,0.028177597188205717,
ctcf,fold_c,42,1hop,coordinate_plus_frozen_sequence_fm_plus_frozen_pangenomefm,tissue,suprapubic_skin,2442.0,2072.0,79.0,0.03235053235053235,2442.0,0.20786339371783058,0.6414475270118976,0.18138062101521044,
ctcf,fold_c,42,1hop,coordinate_plus_frozen_sequence_fm_plus_frozen_pangenomefm,tissue,testis,4735.0,3502.0,118.0,0.0249208025343189,4735.0,0.1090256527198052,0.547288392565427,0.08625437852031138,
ctcf,fold_c,42,1hop,coordinate_plus_frozen_sequence_fm_plus_frozen_pangenomefm,tissue,thoracic_aorta,7065.0,6030.0,262.0,0.03708421797593772,7065.0,0.1131349366619943,0.6015781654478884,0.07897961598074228,
ctcf,fold_c,42,1hop,coordinate_plus_frozen_sequence_fm_plus_frozen_pangenomefm,tissue,thyroid_gland,15219.0,9758.0,598.0,0.0392929890268743,15219.0,0.07295300328420522,0.5518214512090206,0.03503671137284175,
ctcf,fold_c,42,1hop,coordinate_plus_frozen_sequence_fm_plus_frozen_pangenomefm,tissue,tibial_artery,3914.0,2754.0,194.0,0.049565661727133364,3914.0,0.12629137313168406,0.5189529985589181,0.0807269985046805,
ctcf,fold_c,42,1hop,coordinate_plus_frozen_sequence_fm_plus_frozen_pangenomefm,tissue,tibial_nerve,13739.0,9234.0,447.0,0.032535119004294344,13739.0,0.06394369056695337,0.5390744024597056,0.032464818289149294,
ctcf,fold_c,42,1hop,coordinate_plus_frozen_sequence_fm_plus_frozen_pangenomefm,tissue,transverse_colon,19892.0,11914.0,689.0,0.03463704001608687,19892.0,0.06296307701236221,0.5378717811916633,0.029342369834396146,
ctcf,fold_c,42,1hop,coordinate_plus_frozen_sequence_fm_plus_frozen_pangenomefm,tissue,upper_lobe_of_left_lung,22248.0,15169.0,680.0,0.030564545127651922,22248.0,0.056074645260905,0.5546910114657881,0.026314387414902374,
ctcf,fold_c,42,1hop,coordinate_plus_frozen_sequence_fm_plus_frozen_pangenomefm,tissue,uterus,9379.0,6716.0,255.0,0.02718839961616377,9379.0,0.055079932401829054,0.5376198089933035,0.028671052827351457,
ctcf,fold_c,42,1hop,coordinate_plus_frozen_sequence_fm_plus_frozen_pangenomefm,tissue,vagina,2809.0,2338.0,77.0,0.02741189035243859,2809.0,0.03314854785533997,0.45298862923313876,0.00589834221290263,
ctcf,fold_c,42,strict,coordinate_plus_frozen_sequence_fm,measurement_weight,all,337139.0,92968.0,10905.0,0.032345709039891556,337139.0,0.05391837590091514,0.5227624318245818,0.022293774814576745,
ctcf,fold_c,42,strict,coordinate_plus_frozen_sequence_fm,equal_locus_weight,all,337139.0,92968.0,10905.0,0.020422037977847335,92968.0,0.0377347722209527,0.551473380084814,0.01767366653223447,
ctcf,fold_c,42,strict,coordinate_plus_frozen_sequence_fm,donor,ENC-001,74594.0,25779.0,3154.0,0.04228222109016811,74594.0,0.09002034439697715,0.54978735964072,0.049845710665567096,
ctcf,fold_c,42,strict,coordinate_plus_frozen_sequence_fm,donor,ENC-002,105342.0,43101.0,2539.0,0.02410244726699702,105342.0,0.028018247470823612,0.4735917858503347,0.004012511551914836,
ctcf,fold_c,42,strict,coordinate_plus_frozen_sequence_fm,donor,ENC-003,76073.0,19387.0,2463.0,0.032376795972289776,76073.0,0.038338523536745786,0.417431668906307,0.006161207730075561,
ctcf,fold_c,42,strict,coordinate_plus_frozen_sequence_fm,donor,ENC-004,81130.0,20865.0,2749.0,0.03388389005300135,81130.0,0.0796021179082229,0.6287606174778374,0.047321670122786444,
ctcf,fold_c,42,strict,coordinate_plus_frozen_sequence_fm,tissue,Peyers_patch,14817.0,10449.0,650.0,0.04386852939191469,14817.0,0.07318198176400678,0.5125328634801353,0.030658390894140502,
ctcf,fold_c,42,strict,coordinate_plus_frozen_sequence_fm,tissue,adrenal_gland,20822.0,16492.0,558.0,0.026798578426664107,20822.0,0.03750335693380184,0.5139078146954821,0.010999550832788292,
ctcf,fold_c,42,strict,coordinate_plus_frozen_sequence_fm,tissue,ascending_aorta,4587.0,3369.0,165.0,0.03597122302158273,4587.0,0.05869762835806277,0.6103161876567575,0.023574405535602427,
ctcf,fold_c,42,strict,coordinate_plus_frozen_sequence_fm,tissue,body_of_pancreas,32297.0,25159.0,1275.0,0.03947735083753909,32297.0,0.04955690426764554,0.5156980055899608,0.010493821711435375,
ctcf,fold_c,42,strict,coordinate_plus_frozen_sequence_fm,tissue,breast_epithelium,5918.0,5027.0,165.0,0.027881040892193308,5918.0,0.03854277638436875,0.5618196566745151,0.010967521404952944,
ctcf,fold_c,42,strict,coordinate_plus_frozen_sequence_fm,tissue,coronary_artery,2590.0,2500.0,92.0,0.03552123552123552,2590.0,0.07869761893913872,0.39436114108678244,0.04476654645811421,
ctcf,fold_c,42,strict,coordinate_plus_frozen_sequence_fm,tissue,esophagus_muscularis_mucosa,8926.0,6216.0,380.0,0.0425722608111136,8926.0,0.06955311433096897,0.47897462032098737,0.028180563833165116,
ctcf,fold_c,42,strict,coordinate_plus_frozen_sequence_fm,tissue,esophagus_squamous_epithelium,18462.0,13425.0,703.0,0.03807821471129889,18462.0,0.06374357343113263,0.5326764775450542,0.02668133637510955,
ctcf,fold_c,42,strict,coordinate_plus_frozen_sequence_fm,tissue,gastrocnemius_medialis,9828.0,6787.0,353.0,0.03591778591778592,9828.0,0.06842566616575294,0.5210162422357927,0.03371899177593877,
ctcf,fold_c,42,strict,coordinate_plus_frozen_sequence_fm,tissue,gastroesophageal_sphincter,14991.0,9428.0,386.0,0.025748782602895072,14991.0,0.05277983895587292,0.5118787837936117,0.02774546838668202,
ctcf,fold_c,42,strict,coordinate_plus_frozen_sequence_fm,tissue,heart_left_ventricle,8068.0,6154.0,314.0,0.03891918691125434,8068.0,0.06307650651309246,0.5190959586915486,0.02513557577348852,
ctcf,fold_c,42,strict,coordinate_plus_frozen_sequence_fm,tissue,lower_leg_skin,870.0,852.0,42.0,0.04827586206896552,870.0,0.10386180392947719,0.49673625488842876,0.05840551862155212,
ctcf,fold_c,42,strict,coordinate_plus_frozen_sequence_fm,tissue,omental_fat_pad,1135.0,1087.0,21.0,0.018502202643171806,1135.0,0.08456206579576002,0.7642344190818159,0.06730515680268188,
ctcf,fold_c,42,strict,coordinate_plus_frozen_sequence_fm,tissue,ovary,5023.0,4595.0,140.0,0.02787178976707147,5023.0,0.048026231784903284,0.5128470495304409,0.020732287990081755,
ctcf,fold_c,42,strict,coordinate_plus_frozen_sequence_fm,tissue,prostate_gland,8153.0,5970.0,354.0,0.043419600147185086,8153.0,0.0949258985279877,0.5490188514679921,0.053844191652607225,
ctcf,fold_c,42,strict,coordinate_plus_frozen_sequence_fm,tissue,right_atrium_auricular_region,4836.0,4113.0,181.0,0.037427626137303556,4836.0,0.08148861247560268,0.6470491540611591,0.04577420621525555,
ctcf,fold_c,42,strict,coordinate_plus_frozen_sequence_fm,tissue,right_lobe_of_liver,3020.0,3020.0,138.0,0.0456953642384106,3020.0,0.03691235656849781,0.3956403564352453,-0.0092035680649329,
ctcf,fold_c,42,strict,coordinate_plus_frozen_sequence_fm,tissue,sigmoid_colon,14978.0,12785.0,259.0,0.01729202830818534,14978.0,0.02060867777869336,0.4428704421910482,0.003375010243173389,
ctcf,fold_c,42,strict,coordinate_plus_frozen_sequence_fm,tissue,spleen,43368.0,32811.0,1064.0,0.024534218778823096,43368.0,0.044215080268341075,0.5276300993240477,0.02017586046419761,
ctcf,fold_c,42,strict,coordinate_plus_frozen_sequence_fm,tissue,stomach,13008.0,10212.0,266.0,0.020448954489544896,13008.0,0.04365849573875426,0.550540631125766,0.023694060003901694,
ctcf,fold_c,42,strict,coordinate_plus_frozen_sequence_fm,tissue,suprapubic_skin,2442.0,2072.0,79.0,0.03235053235053235,2442.0,0.14322126961497078,0.610233183520198,0.11457737638584793,
ctcf,fold_c,42,strict,coordinate_plus_frozen_sequence_fm,tissue,testis,4735.0,3502.0,118.0,0.0249208025343189,4735.0,0.0761390829766074,0.5136929475813409,0.05252730298770545,
ctcf,fold_c,42,strict,coordinate_plus_frozen_sequence_fm,tissue,thoracic_aorta,7065.0,6030.0,262.0,0.03708421797593772,7065.0,0.09834785055854174,0.5771064741307439,0.06362304339204725,
ctcf,fold_c,42,strict,coordinate_plus_frozen_sequence_fm,tissue,thyroid_gland,15219.0,9758.0,598.0,0.0392929890268743,15219.0,0.07554831308044142,0.5478611878868508,0.037738169535000206,
ctcf,fold_c,42,strict,coordinate_plus_frozen_sequence_fm,tissue,tibial_artery,3914.0,2754.0,194.0,0.049565661727133364,3914.0,0.09088963778487902,0.4810567010309278,0.04347904362634852,
ctcf,fold_c,42,strict,coordinate_plus_frozen_sequence_fm,tissue,tibial_nerve,13739.0,9234.0,447.0,0.032535119004294344,13739.0,0.05983316382776266,0.5109708384582811,0.028216057615831416,
ctcf,fold_c,42,strict,coordinate_plus_frozen_sequence_fm,tissue,transverse_colon,19892.0,11914.0,689.0,0.03463704001608687,19892.0,0.05635886600206942,0.5134327931797666,0.022501200984906784,
ctcf,fold_c,42,strict,coordinate_plus_frozen_sequence_fm,tissue,upper_lobe_of_left_lung,22248.0,15169.0,680.0,0.030564545127651922,22248.0,0.05559426944865452,0.5474016857763135,0.02581886622281462,
ctcf,fold_c,42,strict,coordinate_plus_frozen_sequence_fm,tissue,uterus,9379.0,6716.0,255.0,0.02718839961616377,9379.0,0.0497238329500411,0.4998203402360506,0.023165259671025368,
ctcf,fold_c,42,strict,coordinate_plus_frozen_sequence_fm,tissue,vagina,2809.0,2338.0,77.0,0.02741189035243859,2809.0,0.027718607820419613,0.41075231503489196,0.0003153621403948371,
ctcf,fold_c,42,strict,coordinate_plus_frozen_sequence_fm_plus_frozen_pangenomefm,measurement_weight,all,337139.0,92968.0,10905.0,0.032345709039891556,337139.0,0.056508108190165406,0.5234425076897109,0.024970073895192332,
ctcf,fold_c,42,strict,coordinate_plus_frozen_sequence_fm_plus_frozen_pangenomefm,equal_locus_weight,all,337139.0,92968.0,10905.0,0.020422037977847335,92968.0,0.039178168606562244,0.5499699689273724,0.019147154546021474,
ctcf,fold_c,42,strict,coordinate_plus_frozen_sequence_fm_plus_frozen_pangenomefm,donor,ENC-001,74594.0,25779.0,3154.0,0.04228222109016811,74594.0,0.09725430667277817,0.5532982500225455,0.05739904468014018,
ctcf,fold_c,42,strict,coordinate_plus_frozen_sequence_fm_plus_frozen_pangenomefm,donor,ENC-002,105342.0,43101.0,2539.0,0.02410244726699702,105342.0,0.028486962028688573,0.4737674680172045,0.0044928022920159095,
ctcf,fold_c,42,strict,coordinate_plus_frozen_sequence_fm_plus_frozen_pangenomefm,donor,ENC-003,76073.0,19387.0,2463.0,0.032376795972289776,76073.0,0.03637245641381514,0.4111078550235373,0.004129355750144803,
ctcf,fold_c,42,strict,coordinate_plus_frozen_sequence_fm_plus_frozen_pangenomefm,donor,ENC-004,81130.0,20865.0,2749.0,0.03388389005300135,81130.0,0.08442986825787066,0.6327153837815342,0.05231874066114297,
ctcf,fold_c,42,strict,coordinate_plus_frozen_sequence_fm_plus_frozen_pangenomefm,tissue,Peyers_patch,14817.0,10449.0,650.0,0.04386852939191469,14817.0,0.07621873475441918,0.5082579233429801,0.033834473978699015,
ctcf,fold_c,42,strict,coordinate_plus_frozen_sequence_fm_plus_frozen_pangenomefm,tissue,adrenal_gland,20822.0,16492.0,558.0,0.026798578426664107,20822.0,0.0376306999670625,0.511386172062821,0.011130400449771783,
ctcf,fold_c,42,strict,coordinate_plus_frozen_sequence_fm_plus_frozen_pangenomefm,tissue,ascending_aorta,4587.0,3369.0,165.0,0.03597122302158273,4587.0,0.05992918019049499,0.616454915505119,0.024851910794617942,
ctcf,fold_c,42,strict,coordinate_plus_frozen_sequence_fm_plus_frozen_pangenomefm,tissue,body_of_pancreas,32297.0,25159.0,1275.0,0.03947735083753909,32297.0,0.05187257332020391,0.5129282823954158,0.012904664448540576,
ctcf,fold_c,42,strict,coordinate_plus_frozen_sequence_fm_plus_frozen_pangenomefm,tissue,breast_epithelium,5918.0,5027.0,165.0,0.027881040892193308,5918.0,0.0401989212689456,0.5650685544827732,0.012671165664804461,
ctcf,fold_c,42,strict,coordinate_plus_frozen_sequence_fm_plus_frozen_pangenomefm,tissue,coronary_artery,2590.0,2500.0,92.0,0.03552123552123552,2590.0,0.07853898272581168,0.3930601002541163,0.04460206775814742,
ctcf,fold_c,42,strict,coordinate_plus_frozen_sequence_fm_plus_frozen_pangenomefm,tissue,esophagus_muscularis_mucosa,8926.0,6216.0,380.0,0.0425722608111136,8926.0,0.07319046863063058,0.4861035325852662,0.031979653989820805,
ctcf,fold_c,42,strict,coordinate_plus_frozen_sequence_fm_plus_frozen_pangenomefm,tissue,esophagus_squamous_epithelium,18462.0,13425.0,703.0,0.03807821471129889,18462.0,0.06595424261237498,0.531343392731688,0.02897951613884041,
ctcf,fold_c,42,strict,coordinate_plus_frozen_sequence_fm_plus_frozen_pangenomefm,tissue,gastrocnemius_medialis,9828.0,6787.0,353.0,0.03591778591778592,9828.0,0.06897377794213783,0.5225072690171692,0.034287523969955734,
ctcf,fold_c,42,strict,coordinate_plus_frozen_sequence_fm_plus_frozen_pangenomefm,tissue,gastroesophageal_sphincter,14991.0,9428.0,386.0,0.025748782602895072,14991.0,0.055857959645664354,0.5218439635797947,0.030904941667110872,
ctcf,fold_c,42,strict,coordinate_plus_frozen_sequence_fm_plus_frozen_pangenomefm,tissue,heart_left_ventricle,8068.0,6154.0,314.0,0.03891918691125434,8068.0,0.06194291112994383,0.5241350673332359,0.02395607518653428,
ctcf,fold_c,42,strict,coordinate_plus_frozen_sequence_fm_plus_frozen_pangenomefm,tissue,lower_leg_skin,870.0,852.0,42.0,0.04827586206896552,870.0,0.12002384463814872,0.5015671727628249,0.07538737298935916,
ctcf,fold_c,42,strict,coordinate_plus_frozen_sequence_fm_plus_frozen_pangenomefm,tissue,omental_fat_pad,1135.0,1087.0,21.0,0.018502202643171806,1135.0,0.11968215360585098,0.7665427032572455,0.10308729294671531,
ctcf,fold_c,42,strict,coordinate_plus_frozen_sequence_fm_plus_frozen_pangenomefm,tissue,ovary,5023.0,4595.0,140.0,0.02787178976707147,5023.0,0.049106912040386065,0.5139031918317194,0.021843952320061276,
ctcf,fold_c,42,strict,coordinate_plus_frozen_sequence_fm_plus_frozen_pangenomefm,tissue,prostate_gland,8153.0,5970.0,354.0,0.043419600147185086,8153.0,0.0970785868299868,0.5456975868990882,0.05609459141234547,
ctcf,fold_c,42,strict,coordinate_plus_frozen_sequence_fm_plus_frozen_pangenomefm,tissue,right_atrium_auricular_region,4836.0,4113.0,181.0,0.037427626137303556,4836.0,0.07923255571747508,0.642634012022954,0.04343042737909978,
ctcf,fold_c,42,strict,coordinate_plus_frozen_sequence_fm_plus_frozen_pangenomefm,tissue,right_lobe_of_liver,3020.0,3020.0,138.0,0.0456953642384106,3020.0,0.036733805084375244,0.39016660129338526,-0.009390669203742808,
ctcf,fold_c,42,strict,coordinate_plus_frozen_sequence_fm_plus_frozen_pangenomefm,tissue,sigmoid_colon,14978.0,12785.0,259.0,0.01729202830818534,14978.0,0.022083073668632637,0.45051598530095716,0.004875350051551031,
ctcf,fold_c,42,strict,coordinate_plus_frozen_sequence_fm_plus_frozen_pangenomefm,tissue,spleen,43368.0,32811.0,1064.0,0.024534218778823096,43368.0,0.04580236096036212,0.5276373197081206,0.021803063306755497,
ctcf,fold_c,42,strict,coordinate_plus_frozen_sequence_fm_plus_frozen_pangenomefm,tissue,stomach,13008.0,10212.0,266.0,0.020448954489544896,13008.0,0.04731875391345035,0.5492790404830158,0.027430729156032185,
ctcf,fold_c,42,strict,coordinate_plus_frozen_sequence_fm_plus_frozen_pangenomefm,tissue,suprapubic_skin,2442.0,2072.0,79.0,0.03235053235053235,2442.0,0.17004753984222937,0.6277072162076742,0.14230050456822857,
ctcf,fold_c,42,strict,coordinate_plus_frozen_sequence_fm_plus_frozen_pangenomefm,tissue,testis,4735.0,3502.0,118.0,0.0249208025343189,4735.0,0.08161386908981455,0.5252163155325016,0.058142012159469764,
ctcf,fold_c,42,strict,coordinate_plus_frozen_sequence_fm_plus_frozen_pangenomefm,tissue,thoracic_aorta,7065.0,6030.0,262.0,0.03708421797593772,7065.0,0.1019951516987899,0.5771838984372633,0.06741081092928863,
ctcf,fold_c,42,strict,coordinate_plus_frozen_sequence_fm_plus_frozen_pangenomefm,tissue,thyroid_gland,15219.0,9758.0,598.0,0.0392929890268743,15219.0,0.07508511195124423,0.5499571789237041,0.03725602344477026,
ctcf,fold_c,42,strict,coordinate_plus_frozen_sequence_fm_plus_frozen_pangenomefm,tissue,tibial_artery,3914.0,2754.0,194.0,0.049565661727133364,3914.0,0.09880349147920103,0.4994221815763219,0.05180560904558948,
ctcf,fold_c,42,strict,coordinate_plus_frozen_sequence_fm_plus_frozen_pangenomefm,tissue,tibial_nerve,13739.0,9234.0,447.0,0.032535119004294344,13739.0,0.05948802977182379,0.5085579894989904,0.027859316960208175,
ctcf,fold_c,42,strict,coordinate_plus_frozen_sequence_fm_plus_frozen_pangenomefm,tissue,transverse_colon,19892.0,11914.0,689.0,0.03463704001608687,19892.0,0.058650814665797926,0.5179179867804582,0.02487538433224248,
ctcf,fold_c,42,strict,coordinate_plus_frozen_sequence_fm_plus_frozen_pangenomefm,tissue,upper_lobe_of_left_lung,22248.0,15169.0,680.0,0.030564545127651922,22248.0,0.058255975914409494,0.5423179697045732,0.028564491475509202,
ctcf,fold_c,42,strict,coordinate_plus_frozen_sequence_fm_plus_frozen_pangenomefm,tissue,uterus,9379.0,6716.0,255.0,0.02718839961616377,9379.0,0.05326841341044888,0.504344929554461,0.026808905017163525,
ctcf,fold_c,42,strict,coordinate_plus_frozen_sequence_fm_plus_frozen_pangenomefm,tissue,vagina,2809.0,2338.0,77.0,0.02741189035243859,2809.0,0.030297036504055255,0.410814112680877,0.0029664624962998584,
ctcf,fold_d,20260806,1hop,coordinate_plus_frozen_sequence_fm,measurement_weight,all,412534.0,100926.0,14690.0,0.0356091861519293,412534.0,0.05745956492881965,0.5562389334161231,0.02265718261013283,
ctcf,fold_d,20260806,1hop,coordinate_plus_frozen_sequence_fm,equal_locus_weight,all,412534.0,100926.0,14690.0,0.021865679301300706,100926.0,0.03665804282948458,0.5564077083437287,0.01512303905011473,
ctcf,fold_d,20260806,1hop,coordinate_plus_frozen_sequence_fm,donor,ENC-001,94516.0,29383.0,3700.0,0.039146811121926445,94516.0,0.05812690237529826,0.5353788399591453,0.019753372807695672,
ctcf,fold_d,20260806,1hop,coordinate_plus_frozen_sequence_fm,donor,ENC-002,120355.0,45592.0,4066.0,0.03378339080221013,120355.0,0.054656022084898115,0.5363471944739402,0.021602434779109912,
ctcf,fold_d,20260806,1hop,coordinate_plus_frozen_sequence_fm,donor,ENC-003,95580.0,23149.0,2733.0,0.02859384808537351,95580.0,0.04874065924068518,0.5272954710209031,0.020739843077586667,
ctcf,fold_d,20260806,1hop,coordinate_plus_frozen_sequence_fm,donor,ENC-004,102083.0,23466.0,4191.0,0.04105482793413203,102083.0,0.0763481477051633,0.6147474895834006,0.03680431457306199,
ctcf,fold_d,20260806,1hop,coordinate_plus_frozen_sequence_fm,tissue,Peyers_patch,18229.0,12944.0,772.0,0.042350101486642165,18229.0,0.07211265159441177,0.5314776040372777,0.03107873780801582,
ctcf,fold_d,20260806,1hop,coordinate_plus_frozen_sequence_fm,tissue,adrenal_gland,25115.0,19844.0,838.0,0.03336651403543699,25115.0,0.05658012049882146,0.5699403847577428,0.02401489995995803,
ctcf,fold_d,20260806,1hop,coordinate_plus_frozen_sequence_fm,tissue,ascending_aorta,5768.0,4309.0,262.0,0.045423023578363385,5768.0,0.09329440963637081,0.6148868132751779,0.050149319793422964,
ctcf,fold_d,20260806,1hop,coordinate_plus_frozen_sequence_fm,tissue,body_of_pancreas,37806.0,29388.0,1745.0,0.046156694704544254,37806.0,0.06740892300361256,0.5580816300682487,0.0222806284649504,
ctcf,fold_d,20260806,1hop,coordinate_plus_frozen_sequence_fm,tissue,breast_epithelium,7688.0,6591.0,326.0,0.042403746097814776,7688.0,0.0818940335333396,0.6135515155757554,0.041238974436880585,
ctcf,fold_d,20260806,1hop,coordinate_plus_frozen_sequence_fm,tissue,coronary_artery,3166.0,3041.0,117.0,0.03695514845230575,3166.0,0.05986703759552049,0.5008675956527712,0.023791092498333184,
ctcf,fold_d,20260806,1hop,coordinate_plus_frozen_sequence_fm,tissue,esophagus_muscularis_mucosa,11186.0,7931.0,476.0,0.0425531914893617,11186.0,0.06300755979683963,0.548383471035473,0.02136345134336583,
ctcf,fold_d,20260806,1hop,coordinate_plus_frozen_sequence_fm,tissue,esophagus_squamous_epithelium,22821.0,16625.0,851.0,0.03729021515271022,22821.0,0.05109092781960618,0.5272773416586126,0.01433527827816262,
ctcf,fold_d,20260806,1hop,coordinate_plus_frozen_sequence_fm,tissue,gastrocnemius_medialis,12289.0,8636.0,426.0,0.03466514769305883,12289.0,0.04603335848998144,0.5141712762172518,0.01177644293040394,
ctcf,fold_d,20260806,1hop,coordinate_plus_frozen_sequence_fm,tissue,gastroesophageal_sphincter,19167.0,12116.0,582.0,0.030364689309751135,19167.0,0.05961010355682099,0.5638024697521464,0.03016125127111046,
ctcf,fold_d,20260806,1hop,coordinate_plus_frozen_sequence_fm,tissue,heart_left_ventricle,9484.0,7175.0,417.0,0.043968789540278365,9484.0,0.05281143871892895,0.5312451483612933,0.009249331069849143,
ctcf,fold_d,20260806,1hop,coordinate_plus_frozen_sequence_fm,tissue,lower_leg_skin,1136.0,1109.0,31.0,0.027288732394366196,1136.0,0.14948732634542256,0.6565464895635674,0.12562678979945704,
ctcf,fold_d,20260806,1hop,coordinate_plus_frozen_sequence_fm,tissue,omental_fat_pad,1540.0,1456.0,29.0,0.01883116883116883,1540.0,0.060469051270407234,0.620917866678838,0.0424370211491907,
ctcf,fold_d,20260806,1hop,coordinate_plus_frozen_sequence_fm,tissue,ovary,6762.0,6088.0,181.0,0.026767228630582666,6762.0,0.045517560519312335,0.5736168326531845,0.019266030121803678,
ctcf,fold_d,20260806,1hop,coordinate_plus_frozen_sequence_fm,tissue,prostate_gland,10405.0,7819.0,441.0,0.042383469485824124,10405.0,0.07585855615039316,0.5717351171701117,0.034956671692577365,
ctcf,fold_d,20260806,1hop,coordinate_plus_frozen_sequence_fm,tissue,right_atrium_auricular_region,5720.0,4862.0,248.0,0.043356643356643354,5720.0,0.12969686188149315,0.6202172202178834,0.0902532986041924,
ctcf,fold_d,20260806,1hop,coordinate_plus_frozen_sequence_fm,tissue,right_lobe_of_liver,3386.0,3386.0,133.0,0.03927938570584761,3386.0,0.05910887356285396,0.5035086178403279,0.020640223142890716,
ctcf,fold_d,20260806,1hop,coordinate_plus_frozen_sequence_fm,tissue,sigmoid_colon,18053.0,15317.0,269.0,0.01490057054229214,18053.0,0.017736346927703983,0.4960340902059744,0.0028786702140035985,
ctcf,fold_d,20260806,1hop,coordinate_plus_frozen_sequence_fm,tissue,spleen,50375.0,36713.0,1366.0,0.027116625310173698,50375.0,0.04527837936777787,0.5447210938965494,0.018667966305205376,
ctcf,fold_d,20260806,1hop,coordinate_plus_frozen_sequence_fm,tissue,stomach,15199.0,11877.0,446.0,0.02934403579182841,15199.0,0.06067952448437225,0.6135465645202816,0.0322827962202924,
ctcf,fold_d,20260806,1hop,coordinate_plus_frozen_sequence_fm,tissue,suprapubic_skin,3203.0,2711.0,86.0,0.026849828285981894,3203.0,0.14151732817199364,0.5938402309913378,0.11783124867978685,
ctcf,fold_d,20260806,1hop,coordinate_plus_frozen_sequence_fm,tissue,testis,6338.0,4814.0,152.0,0.023982328810350267,6338.0,0.048081483854105295,0.5262344300372658,0.024691310162838563,
ctcf,fold_d,20260806,1hop,coordinate_plus_frozen_sequence_fm,tissue,thoracic_aorta,8569.0,7344.0,305.0,0.03559341813513829,8569.0,0.051609115374698075,0.5427616126830972,0.016606789647360575,
ctcf,fold_d,20260806,1hop,coordinate_plus_frozen_sequence_fm,tissue,thyroid_gland,17670.0,11352.0,885.0,0.0500848896434635,17670.0,0.09406228539531943,0.620007909941113,0.046296132435823305,
ctcf,fold_d,20260806,1hop,coordinate_plus_frozen_sequence_fm,tissue,tibial_artery,4846.0,3449.0,232.0,0.047874535699546014,4846.0,0.08809114653725394,0.5412883204041672,0.04223877245763603,
ctcf,fold_d,20260806,1hop,coordinate_plus_frozen_sequence_fm,tissue,tibial_nerve,17780.0,12008.0,654.0,0.03678290213723285,17780.0,0.060903154425828804,0.5636477934188803,0.0250413456552164,
ctcf,fold_d,20260806,1hop,coordinate_plus_frozen_sequence_fm,tissue,transverse_colon,25190.0,15336.0,975.0,0.03870583564906709,25190.0,0.05414889981829601,0.5357613896874686,0.016064868322233177,
ctcf,fold_d,20260806,1hop,coordinate_plus_frozen_sequence_fm,tissue,upper_lobe_of_left_lung,27992.0,19112.0,1046.0,0.037367819376964845,27992.0,0.06056319851238967,0.5403506893398724,0.024095786118860377,
ctcf,fold_d,20260806,1hop,coordinate_plus_frozen_sequence_fm,tissue,uterus,12062.0,8617.0,325.0,0.026944122036146576,12062.0,0.05861910865545674,0.584810428559257,0.032552073664660404,
ctcf,fold_d,20260806,1hop,coordinate_plus_frozen_sequence_fm,tissue,vagina,3589.0,2963.0,74.0,0.020618556701030927,3589.0,0.07265166633809163,0.5706950905386183,0.05312854352415672,
ctcf,fold_d,20260806,1hop,coordinate_plus_frozen_sequence_fm_plus_frozen_pangenomefm,measurement_weight,all,412534.0,100926.0,14690.0,0.0356091861519293,412534.0,0.05920012206075824,0.5686087205921468,0.02446200810924091,
ctcf,fold_d,20260806,1hop,coordinate_plus_frozen_sequence_fm_plus_frozen_pangenomefm,equal_locus_weight,all,412534.0,100926.0,14690.0,0.021865679301300706,100926.0,0.036226310131209194,0.5589670894837084,0.014681655193992607,
ctcf,fold_d,20260806,1hop,coordinate_plus_frozen_sequence_fm_plus_frozen_pangenomefm,donor,ENC-001,94516.0,29383.0,3700.0,0.039146811121926445,94516.0,0.059621736726856805,0.5463063316024799,0.02130910928113546,
ctcf,fold_d,20260806,1hop,coordinate_plus_frozen_sequence_fm_plus_frozen_pangenomefm,donor,ENC-002,120355.0,45592.0,4066.0,0.03378339080221013,120355.0,0.0577720939984778,0.5481920452207842,0.024827458944412586,
ctcf,fold_d,20260806,1hop,coordinate_plus_frozen_sequence_fm_plus_frozen_pangenomefm,donor,ENC-003,95580.0,23149.0,2733.0,0.02859384808537351,95580.0,0.04866588188854646,0.5379042787919557,0.020662864614982398,
ctcf,fold_d,20260806,1hop,coordinate_plus_frozen_sequence_fm_plus_frozen_pangenomefm,donor,ENC-004,102083.0,23466.0,4191.0,0.04105482793413203,102083.0,0.07820873310459489,0.6286040416786626,0.038744556261148616,
ctcf,fold_d,20260806,1hop,coordinate_plus_frozen_sequence_fm_plus_frozen_pangenomefm,tissue,Peyers_patch,18229.0,12944.0,772.0,0.042350101486642165,18229.0,0.07363507508627196,0.5404801093790486,0.03266848735450831,
ctcf,fold_d,20260806,1hop,coordinate_plus_frozen_sequence_fm_plus_frozen_pangenomefm,tissue,adrenal_gland,25115.0,19844.0,838.0,0.03336651403543699,25115.0,0.057833856709240725,0.5782153040145347,0.025311912973290805,
ctcf,fold_d,20260806,1hop,coordinate_plus_frozen_sequence_fm_plus_frozen_pangenomefm,tissue,ascending_aorta,5768.0,4309.0,262.0,0.045423023578363385,5768.0,0.0998347103331999,0.6306842916679376,0.05700083712348294,
ctcf,fold_d,20260806,1hop,coordinate_plus_frozen_sequence_fm_plus_frozen_pangenomefm,tissue,body_of_pancreas,37806.0,29388.0,1745.0,0.046156694704544254,37806.0,0.0713531251850227,0.5701085449845451,0.02641569148789462,
ctcf,fold_d,20260806,1hop,coordinate_plus_frozen_sequence_fm_plus_frozen_pangenomefm,tissue,breast_epithelium,7688.0,6591.0,326.0,0.042403746097814776,7688.0,0.08956616672418001,0.6412359604868643,0.04925084077363433,
ctcf,fold_d,20260806,1hop,coordinate_plus_frozen_sequence_fm_plus_frozen_pangenomefm,tissue,coronary_artery,3166.0,3041.0,117.0,0.03695514845230575,3166.0,0.06295160395103268,0.515716235952379,0.02699402365003918,
ctcf,fold_d,20260806,1hop,coordinate_plus_frozen_sequence_fm_plus_frozen_pangenomefm,tissue,esophagus_muscularis_mucosa,11186.0,7931.0,476.0,0.0425531914893617,11186.0,0.06396947146698798,0.5491782987704885,0.02236811464329855,
ctcf,fold_d,20260806,1hop,coordinate_plus_frozen_sequence_fm_plus_frozen_pangenomefm,tissue,esophagus_squamous_epithelium,22821.0,16625.0,851.0,0.03729021515271022,22821.0,0.053244515634483465,0.5437492745956857,0.01657228453775818,
ctcf,fold_d,20260806,1hop,coordinate_plus_frozen_sequence_fm_plus_frozen_pangenomefm,tissue,gastrocnemius_medialis,12289.0,8636.0,426.0,0.03466514769305883,12289.0,0.04694086296977264,0.5322064025955164,0.012716535870819855,
ctcf,fold_d,20260806,1hop,coordinate_plus_frozen_sequence_fm_plus_frozen_pangenomefm,tissue,gastroesophageal_sphincter,19167.0,12116.0,582.0,0.030364689309751135,19167.0,0.06186747561034994,0.5838509698635506,0.032489314233176074,
ctcf,fold_d,20260806,1hop,coordinate_plus_frozen_sequence_fm_plus_frozen_pangenomefm,tissue,heart_left_ventricle,9484.0,7175.0,417.0,0.043968789540278365,9484.0,0.0515186490703418,0.5361210535266504,0.007897084789138815,
ctcf,fold_d,20260806,1hop,coordinate_plus_frozen_sequence_fm_plus_frozen_pangenomefm,tissue,lower_leg_skin,1136.0,1109.0,31.0,0.027288732394366196,1136.0,0.14803566460449996,0.6029192818566632,0.12413440270652668,
ctcf,fold_d,20260806,1hop,coordinate_plus_frozen_sequence_fm_plus_frozen_pangenomefm,tissue,omental_fat_pad,1540.0,1456.0,29.0,0.01883116883116883,1540.0,0.06294817352110017,0.6367101029233894,0.04496372417107496,
ctcf,fold_d,20260806,1hop,coordinate_plus_frozen_sequence_fm_plus_frozen_pangenomefm,tissue,ovary,6762.0,6088.0,181.0,0.026767228630582666,6762.0,0.04550913907313446,0.58882132642019,0.01925737705706355,
ctcf,fold_d,20260806,1hop,coordinate_plus_frozen_sequence_fm_plus_frozen_pangenomefm,tissue,prostate_gland,10405.0,7819.0,441.0,0.042383469485824124,10405.0,0.07979729197669785,0.5789743302646898,0.03906973334178454,
ctcf,fold_d,20260806,1hop,coordinate_plus_frozen_sequence_fm_plus_frozen_pangenomefm,tissue,right_atrium_auricular_region,5720.0,4862.0,248.0,0.043356643356643354,5720.0,0.12899829462837753,0.6256856754621769,0.08952307113931277,
ctcf,fold_d,20260806,1hop,coordinate_plus_frozen_sequence_fm_plus_frozen_pangenomefm,tissue,right_lobe_of_liver,3386.0,3386.0,133.0,0.03927938570584761,3386.0,0.05959315736764484,0.5174182767092955,0.021144307054056385,
ctcf,fold_d,20260806,1hop,coordinate_plus_frozen_sequence_fm_plus_frozen_pangenomefm,tissue,sigmoid_colon,18053.0,15317.0,269.0,0.01490057054229214,18053.0,0.01909491541181572,0.5036987635182705,0.004257788345114102,
ctcf,fold_d,20260806,1hop,coordinate_plus_frozen_sequence_fm_plus_frozen_pangenomefm,tissue,spleen,50375.0,36713.0,1366.0,0.027116625310173698,50375.0,0.04631740684743134,0.5535124842011419,0.019735954007209976,
ctcf,fold_d,20260806,1hop,coordinate_plus_frozen_sequence_fm_plus_frozen_pangenomefm,tissue,stomach,15199.0,11877.0,446.0,0.02934403579182841,15199.0,0.06353208554879357,0.6290502896879833,0.03522159345598274,
ctcf,fold_d,20260806,1hop,coordinate_plus_frozen_sequence_fm_plus_frozen_pangenomefm,tissue,suprapubic_skin,3203.0,2711.0,86.0,0.026849828285981894,3203.0,0.1371907852857484,0.6171706545500668,0.11338533374085728,
ctcf,fold_d,20260806,1hop,coordinate_plus_frozen_sequence_fm_plus_frozen_pangenomefm,tissue,testis,6338.0,4814.0,152.0,0.023982328810350267,6338.0,0.04757189294067461,0.5441632846665646,0.024169197778531472,
ctcf,fold_d,20260806,1hop,coordinate_plus_frozen_sequence_fm_plus_frozen_pangenomefm,tissue,thoracic_aorta,8569.0,7344.0,305.0,0.03559341813513829,8569.0,0.05330758997740205,0.5507325869265073,0.018367949965677415,
ctcf,fold_d,20260806,1hop,coordinate_plus_frozen_sequence_fm_plus_frozen_pangenomefm,tissue,thyroid_gland,17670.0,11352.0,885.0,0.0500848896434635,17670.0,0.09565860186542696,0.6299061746346701,0.047976615726070565,
ctcf,fold_d,20260806,1hop,coordinate_plus_frozen_sequence_fm_plus_frozen_pangenomefm,tissue,tibial_artery,4846.0,3449.0,232.0,0.047874535699546014,4846.0,0.08789996009630154,0.548106026635577,0.04203797282762836,
ctcf,fold_d,20260806,1hop,coordinate_plus_frozen_sequence_fm_plus_frozen_pangenomefm,tissue,tibial_nerve,17780.0,12008.0,654.0,0.03678290213723285,17780.0,0.06290636506600272,0.5855603065746557,0.027121054004059814,
ctcf,fold_d,20260806,1hop,coordinate_plus_frozen_sequence_fm_plus_frozen_pangenomefm,tissue,transverse_colon,25190.0,15336.0,975.0,0.03870583564906709,25190.0,0.058474544633816405,0.5574358974358975,0.020564682193922577,
ctcf,fold_d,20260806,1hop,coordinate_plus_frozen_sequence_fm_plus_frozen_pangenomefm,tissue,upper_lobe_of_left_lung,27992.0,19112.0,1046.0,0.037367819376964845,27992.0,0.06298370238382084,0.5534357079004691,0.026610250023302643,
ctcf,fold_d,20260806,1hop,coordinate_plus_frozen_sequence_fm_plus_frozen_pangenomefm,tissue,uterus,12062.0,8617.0,325.0,0.026944122036146576,12062.0,0.056778712610365226,0.5847472490021695,0.03066071666577706,
ctcf,fold_d,20260806,1hop,coordinate_plus_frozen_sequence_fm_plus_frozen_pangenomefm,tissue,vagina,3589.0,2963.0,74.0,0.020618556701030927,3589.0,0.06194825583664689,0.5693456614509246,0.042199798064786825,
ctcf,fold_d,20260806,strict,coordinate_plus_frozen_sequence_fm,measurement_weight,all,412534.0,100926.0,14690.0,0.0356091861519293,412534.0,0.05745956492881965,0.5562389334161231,0.02265718261013283,
ctcf,fold_d,20260806,strict,coordinate_plus_frozen_sequence_fm,equal_locus_weight,all,412534.0,100926.0,14690.0,0.021865679301300706,100926.0,0.03665804282948458,0.5564077083437287,0.01512303905011473,
ctcf,fold_d,20260806,strict,coordinate_plus_frozen_sequence_fm,donor,ENC-001,94516.0,29383.0,3700.0,0.039146811121926445,94516.0,0.05812690237529826,0.5353788399591453,0.019753372807695672,
ctcf,fold_d,20260806,strict,coordinate_plus_frozen_sequence_fm,donor,ENC-002,120355.0,45592.0,4066.0,0.03378339080221013,120355.0,0.054656022084898115,0.5363471944739402,0.021602434779109912,
ctcf,fold_d,20260806,strict,coordinate_plus_frozen_sequence_fm,donor,ENC-003,95580.0,23149.0,2733.0,0.02859384808537351,95580.0,0.04874065924068518,0.5272954710209031,0.020739843077586667,
ctcf,fold_d,20260806,strict,coordinate_plus_frozen_sequence_fm,donor,ENC-004,102083.0,23466.0,4191.0,0.04105482793413203,102083.0,0.0763481477051633,0.6147474895834006,0.03680431457306199,
ctcf,fold_d,20260806,strict,coordinate_plus_frozen_sequence_fm,tissue,Peyers_patch,18229.0,12944.0,772.0,0.042350101486642165,18229.0,0.07211265159441177,0.5314776040372777,0.03107873780801582,
ctcf,fold_d,20260806,strict,coordinate_plus_frozen_sequence_fm,tissue,adrenal_gland,25115.0,19844.0,838.0,0.03336651403543699,25115.0,0.05658012049882146,0.5699403847577428,0.02401489995995803,
ctcf,fold_d,20260806,strict,coordinate_plus_frozen_sequence_fm,tissue,ascending_aorta,5768.0,4309.0,262.0,0.045423023578363385,5768.0,0.09329440963637081,0.6148868132751779,0.050149319793422964,
ctcf,fold_d,20260806,strict,coordinate_plus_frozen_sequence_fm,tissue,body_of_pancreas,37806.0,29388.0,1745.0,0.046156694704544254,37806.0,0.06740892300361256,0.5580816300682487,0.0222806284649504,
ctcf,fold_d,20260806,strict,coordinate_plus_frozen_sequence_fm,tissue,breast_epithelium,7688.0,6591.0,326.0,0.042403746097814776,7688.0,0.0818940335333396,0.6135515155757554,0.041238974436880585,
ctcf,fold_d,20260806,strict,coordinate_plus_frozen_sequence_fm,tissue,coronary_artery,3166.0,3041.0,117.0,0.03695514845230575,3166.0,0.05986703759552049,0.5008675956527712,0.023791092498333184,
ctcf,fold_d,20260806,strict,coordinate_plus_frozen_sequence_fm,tissue,esophagus_muscularis_mucosa,11186.0,7931.0,476.0,0.0425531914893617,11186.0,0.06300755979683963,0.548383471035473,0.02136345134336583,
ctcf,fold_d,20260806,strict,coordinate_plus_frozen_sequence_fm,tissue,esophagus_squamous_epithelium,22821.0,16625.0,851.0,0.03729021515271022,22821.0,0.05109092781960618,0.5272773416586126,0.01433527827816262,
ctcf,fold_d,20260806,strict,coordinate_plus_frozen_sequence_fm,tissue,gastrocnemius_medialis,12289.0,8636.0,426.0,0.03466514769305883,12289.0,0.04603335848998144,0.5141712762172518,0.01177644293040394,
ctcf,fold_d,20260806,strict,coordinate_plus_frozen_sequence_fm,tissue,gastroesophageal_sphincter,19167.0,12116.0,582.0,0.030364689309751135,19167.0,0.05961010355682099,0.5638024697521464,0.03016125127111046,
ctcf,fold_d,20260806,strict,coordinate_plus_frozen_sequence_fm,tissue,heart_left_ventricle,9484.0,7175.0,417.0,0.043968789540278365,9484.0,0.05281143871892895,0.5312451483612933,0.009249331069849143,
ctcf,fold_d,20260806,strict,coordinate_plus_frozen_sequence_fm,tissue,lower_leg_skin,1136.0,1109.0,31.0,0.027288732394366196,1136.0,0.14948732634542256,0.6565464895635674,0.12562678979945704,
ctcf,fold_d,20260806,strict,coordinate_plus_frozen_sequence_fm,tissue,omental_fat_pad,1540.0,1456.0,29.0,0.01883116883116883,1540.0,0.060469051270407234,0.620917866678838,0.0424370211491907,
ctcf,fold_d,20260806,strict,coordinate_plus_frozen_sequence_fm,tissue,ovary,6762.0,6088.0,181.0,0.026767228630582666,6762.0,0.045517560519312335,0.5736168326531845,0.019266030121803678,
ctcf,fold_d,20260806,strict,coordinate_plus_frozen_sequence_fm,tissue,prostate_gland,10405.0,7819.0,441.0,0.042383469485824124,10405.0,0.07585855615039316,0.5717351171701117,0.034956671692577365,
ctcf,fold_d,20260806,strict,coordinate_plus_frozen_sequence_fm,tissue,right_atrium_auricular_region,5720.0,4862.0,248.0,0.043356643356643354,5720.0,0.12969686188149315,0.6202172202178834,0.0902532986041924,
ctcf,fold_d,20260806,strict,coordinate_plus_frozen_sequence_fm,tissue,right_lobe_of_liver,3386.0,3386.0,133.0,0.03927938570584761,3386.0,0.05910887356285396,0.5035086178403279,0.020640223142890716,
ctcf,fold_d,20260806,strict,coordinate_plus_frozen_sequence_fm,tissue,sigmoid_colon,18053.0,15317.0,269.0,0.01490057054229214,18053.0,0.017736346927703983,0.4960340902059744,0.0028786702140035985,
ctcf,fold_d,20260806,strict,coordinate_plus_frozen_sequence_fm,tissue,spleen,50375.0,36713.0,1366.0,0.027116625310173698,50375.0,0.04527837936777787,0.5447210938965494,0.018667966305205376,
ctcf,fold_d,20260806,strict,coordinate_plus_frozen_sequence_fm,tissue,stomach,15199.0,11877.0,446.0,0.02934403579182841,15199.0,0.06067952448437225,0.6135465645202816,0.0322827962202924,
ctcf,fold_d,20260806,strict,coordinate_plus_frozen_sequence_fm,tissue,suprapubic_skin,3203.0,2711.0,86.0,0.026849828285981894,3203.0,0.14151732817199364,0.5938402309913378,0.11783124867978685,
ctcf,fold_d,20260806,strict,coordinate_plus_frozen_sequence_fm,tissue,testis,6338.0,4814.0,152.0,0.023982328810350267,6338.0,0.048081483854105295,0.5262344300372658,0.024691310162838563,
ctcf,fold_d,20260806,strict,coordinate_plus_frozen_sequence_fm,tissue,thoracic_aorta,8569.0,7344.0,305.0,0.03559341813513829,8569.0,0.051609115374698075,0.5427616126830972,0.016606789647360575,
ctcf,fold_d,20260806,strict,coordinate_plus_frozen_sequence_fm,tissue,thyroid_gland,17670.0,11352.0,885.0,0.0500848896434635,17670.0,0.09406228539531943,0.620007909941113,0.046296132435823305,
ctcf,fold_d,20260806,strict,coordinate_plus_frozen_sequence_fm,tissue,tibial_artery,4846.0,3449.0,232.0,0.047874535699546014,4846.0,0.08809114653725394,0.5412883204041672,0.04223877245763603,
ctcf,fold_d,20260806,strict,coordinate_plus_frozen_sequence_fm,tissue,tibial_nerve,17780.0,12008.0,654.0,0.03678290213723285,17780.0,0.060903154425828804,0.5636477934188803,0.0250413456552164,
ctcf,fold_d,20260806,strict,coordinate_plus_frozen_sequence_fm,tissue,transverse_colon,25190.0,15336.0,975.0,0.03870583564906709,25190.0,0.05414889981829601,0.5357613896874686,0.016064868322233177,
ctcf,fold_d,20260806,strict,coordinate_plus_frozen_sequence_fm,tissue,upper_lobe_of_left_lung,27992.0,19112.0,1046.0,0.037367819376964845,27992.0,0.06056319851238967,0.5403506893398724,0.024095786118860377,
ctcf,fold_d,20260806,strict,coordinate_plus_frozen_sequence_fm,tissue,uterus,12062.0,8617.0,325.0,0.026944122036146576,12062.0,0.05861910865545674,0.584810428559257,0.032552073664660404,
ctcf,fold_d,20260806,strict,coordinate_plus_frozen_sequence_fm,tissue,vagina,3589.0,2963.0,74.0,0.020618556701030927,3589.0,0.07265166633809163,0.5706950905386183,0.05312854352415672,
ctcf,fold_d,20260806,strict,coordinate_plus_frozen_sequence_fm_plus_frozen_pangenomefm,measurement_weight,all,412534.0,100926.0,14690.0,0.0356091861519293,412534.0,0.05848634596145673,0.5656115353860782,0.023721876526637552,
ctcf,fold_d,20260806,strict,coordinate_plus_frozen_sequence_fm_plus_frozen_pangenomefm,equal_locus_weight,all,412534.0,100926.0,14690.0,0.021865679301300706,100926.0,0.03602238050477121,0.5617699587278362,0.014473166827801434,
ctcf,fold_d,20260806,strict,coordinate_plus_frozen_sequence_fm_plus_frozen_pangenomefm,donor,ENC-001,94516.0,29383.0,3700.0,0.039146811121926445,94516.0,0.0589142940491523,0.5440269945884044,0.020572844172278882,
ctcf,fold_d,20260806,strict,coordinate_plus_frozen_sequence_fm_plus_frozen_pangenomefm,donor,ENC-002,120355.0,45592.0,4066.0,0.03378339080221013,120355.0,0.057596552855840255,0.5609871465427418,0.02464578007347775,
ctcf,fold_d,20260806,strict,coordinate_plus_frozen_sequence_fm_plus_frozen_pangenomefm,donor,ENC-003,95580.0,23149.0,2733.0,0.02859384808537351,95580.0,0.04949995647378171,0.5252343666031686,0.021521490621819295,
ctcf,fold_d,20260806,strict,coordinate_plus_frozen_sequence_fm_plus_frozen_pangenomefm,donor,ENC-004,102083.0,23466.0,4191.0,0.04105482793413203,102083.0,0.0775319305326867,0.6174173858865184,0.03803877808777281,
ctcf,fold_d,20260806,strict,coordinate_plus_frozen_sequence_fm_plus_frozen_pangenomefm,tissue,Peyers_patch,18229.0,12944.0,772.0,0.042350101486642165,18229.0,0.07563845227608806,0.54522834197188,0.03476045978924267,
ctcf,fold_d,20260806,strict,coordinate_plus_frozen_sequence_fm_plus_frozen_pangenomefm,tissue,adrenal_gland,25115.0,19844.0,838.0,0.03336651403543699,25115.0,0.05765172731376551,0.5820745015047587,0.025123496786473656,
ctcf,fold_d,20260806,strict,coordinate_plus_frozen_sequence_fm_plus_frozen_pangenomefm,tissue,ascending_aorta,5768.0,4309.0,262.0,0.045423023578363385,5768.0,0.0958648533875958,0.6166759787379763,0.05284207670534918,
ctcf,fold_d,20260806,strict,coordinate_plus_frozen_sequence_fm_plus_frozen_pangenomefm,tissue,body_of_pancreas,37806.0,29388.0,1745.0,0.046156694704544254,37806.0,0.0698022526029376,0.5706298361523521,0.024789771828475603,
ctcf,fold_d,20260806,strict,coordinate_plus_frozen_sequence_fm_plus_frozen_pangenomefm,tissue,breast_epithelium,7688.0,6591.0,326.0,0.042403746097814776,7688.0,0.08712436008416707,0.6330226682199923,0.046700907406557524,
ctcf,fold_d,20260806,strict,coordinate_plus_frozen_sequence_fm_plus_frozen_pangenomefm,tissue,coronary_artery,3166.0,3041.0,117.0,0.03695514845230575,3166.0,0.05839157123558793,0.4954097322086827,0.022259007717898124,
ctcf,fold_d,20260806,strict,coordinate_plus_frozen_sequence_fm_plus_frozen_pangenomefm,tissue,esophagus_muscularis_mucosa,11186.0,7931.0,476.0,0.0425531914893617,11186.0,0.06517639049420876,0.5567228852325243,0.023628674516173592,
ctcf,fold_d,20260806,strict,coordinate_plus_frozen_sequence_fm_plus_frozen_pangenomefm,tissue,esophagus_squamous_epithelium,22821.0,16625.0,851.0,0.03729021515271022,22821.0,0.0506480922858112,0.5375850628487624,0.01387528967020926,
ctcf,fold_d,20260806,strict,coordinate_plus_frozen_sequence_fm_plus_frozen_pangenomefm,tissue,gastrocnemius_medialis,12289.0,8636.0,426.0,0.03466514769305883,12289.0,0.04635849289890407,0.5232012067346334,0.012113252906906527,
ctcf,fold_d,20260806,strict,coordinate_plus_frozen_sequence_fm_plus_frozen_pangenomefm,tissue,gastroesophageal_sphincter,19167.0,12116.0,582.0,0.030364689309751135,19167.0,0.060651939523836705,0.5736087189258603,0.03123571293265419,
ctcf,fold_d,20260806,strict,coordinate_plus_frozen_sequence_fm_plus_frozen_pangenomefm,tissue,heart_left_ventricle,9484.0,7175.0,417.0,0.043968789540278365,9484.0,0.05331983578180473,0.5321031362843992,0.009781109799783394,
ctcf,fold_d,20260806,strict,coordinate_plus_frozen_sequence_fm_plus_frozen_pangenomefm,tissue,lower_leg_skin,1136.0,1109.0,31.0,0.027288732394366196,1136.0,0.15548520250713826,0.6534520507955044,0.13179293217023447,
ctcf,fold_d,20260806,strict,coordinate_plus_frozen_sequence_fm_plus_frozen_pangenomefm,tissue,omental_fat_pad,1540.0,1456.0,29.0,0.01883116883116883,1540.0,0.059677222304230934,0.6395627467536913,0.04162999493614536,
ctcf,fold_d,20260806,strict,coordinate_plus_frozen_sequence_fm_plus_frozen_pangenomefm,tissue,ovary,6762.0,6088.0,181.0,0.026767228630582666,6762.0,0.04535850484857459,0.5741482469624173,0.019102599876319924,
ctcf,fold_d,20260806,strict,coordinate_plus_frozen_sequence_fm_plus_frozen_pangenomefm,tissue,prostate_gland,10405.0,7819.0,441.0,0.042383469485824124,10405.0,0.07606509662076158,0.5766277874725428,0.035172353506525915,
ctcf,fold_d,20260806,strict,coordinate_plus_frozen_sequence_fm_plus_frozen_pangenomefm,tissue,right_atrium_auricular_region,5720.0,4862.0,248.0,0.043356643356643354,5720.0,0.13164781356849165,0.615673561002641,0.09229267061618644,
ctcf,fold_d,20260806,strict,coordinate_plus_frozen_sequence_fm_plus_frozen_pangenomefm,tissue,right_lobe_of_liver,3386.0,3386.0,133.0,0.03927938570584761,3386.0,0.058686653650588144,0.50062868514662,0.020200740627387474,
ctcf,fold_d,20260806,strict,coordinate_plus_frozen_sequence_fm_plus_frozen_pangenomefm,tissue,sigmoid_colon,18053.0,15317.0,269.0,0.01490057054229214,18053.0,0.018348215463723144,0.5031268447307383,0.003499793846524624,
ctcf,fold_d,20260806,strict,coordinate_plus_frozen_sequence_fm_plus_frozen_pangenomefm,tissue,spleen,50375.0,36713.0,1366.0,0.027116625310173698,50375.0,0.04532540600232722,0.5574755564512652,0.018716303686409305,
ctcf,fold_d,20260806,strict,coordinate_plus_frozen_sequence_fm_plus_frozen_pangenomefm,tissue,stomach,15199.0,11877.0,446.0,0.02934403579182841,15199.0,0.06416770099355797,0.6285946553699346,0.03587642427988121,
ctcf,fold_d,20260806,strict,coordinate_plus_frozen_sequence_fm_plus_frozen_pangenomefm,tissue,suprapubic_skin,3203.0,2711.0,86.0,0.026849828285981894,3203.0,0.14201214437765478,0.6099559057233028,0.11833971717729491,
ctcf,fold_d,20260806,strict,coordinate_plus_frozen_sequence_fm_plus_frozen_pangenomefm,tissue,testis,6338.0,4814.0,152.0,0.023982328810350267,6338.0,0.05182960939231136,0.5551292604693111,0.02853153319244575,
ctcf,fold_d,20260806,strict,coordinate_plus_frozen_sequence_fm_plus_frozen_pangenomefm,tissue,thoracic_aorta,8569.0,7344.0,305.0,0.03559341813513829,8569.0,0.05426032280752907,0.5500152746258709,0.019355845370004426,
ctcf,fold_d,20260806,strict,coordinate_plus_frozen_sequence_fm_plus_frozen_pangenomefm,tissue,thyroid_gland,17670.0,11352.0,885.0,0.0500848896434635,17670.0,0.0978690825852282,0.6269308250405174,0.050303645473993575,
ctcf,fold_d,20260806,strict,coordinate_plus_frozen_sequence_fm_plus_frozen_pangenomefm,tissue,tibial_artery,4846.0,3449.0,232.0,0.047874535699546014,4846.0,0.08845520582767269,0.5512346232605414,0.04262113728671475,
ctcf,fold_d,20260806,strict,coordinate_plus_frozen_sequence_fm_plus_frozen_pangenomefm,tissue,tibial_nerve,17780.0,12008.0,654.0,0.03678290213723285,17780.0,0.06281499788515466,0.5712122527008847,0.027026197734324988,
ctcf,fold_d,20260806,strict,coordinate_plus_frozen_sequence_fm_plus_frozen_pangenomefm,tissue,transverse_colon,25190.0,15336.0,975.0,0.03870583564906709,25190.0,0.056456501735338976,0.5468387363204625,0.018465384212809775,
ctcf,fold_d,20260806,strict,coordinate_plus_frozen_sequence_fm_plus_frozen_pangenomefm,tissue,upper_lobe_of_left_lung,27992.0,19112.0,1046.0,0.037367819376964845,27992.0,0.061362708459946895,0.5543555420450702,0.02492633174537347,
ctcf,fold_d,20260806,strict,coordinate_plus_frozen_sequence_fm_plus_frozen_pangenomefm,tissue,uterus,12062.0,8617.0,325.0,0.026944122036146576,12062.0,0.060404109674199805,0.580296629331306,0.03438650173725808,
ctcf,fold_d,20260806,strict,coordinate_plus_frozen_sequence_fm_plus_frozen_pangenomefm,tissue,vagina,3589.0,2963.0,74.0,0.020618556701030927,3589.0,0.07104253048497661,0.5663469301449386,0.05148553112676559,
ctcf,fold_d,314159,1hop,coordinate_plus_frozen_sequence_fm,measurement_weight,all,412534.0,100926.0,14690.0,0.0356091861519293,412534.0,0.05745956492881965,0.5562389334161231,0.02265718261013283,
ctcf,fold_d,314159,1hop,coordinate_plus_frozen_sequence_fm,equal_locus_weight,all,412534.0,100926.0,14690.0,0.021865679301300706,100926.0,0.03665804282948458,0.5564077083437287,0.01512303905011473,
ctcf,fold_d,314159,1hop,coordinate_plus_frozen_sequence_fm,donor,ENC-001,94516.0,29383.0,3700.0,0.039146811121926445,94516.0,0.05812690237529826,0.5353788399591453,0.019753372807695672,
ctcf,fold_d,314159,1hop,coordinate_plus_frozen_sequence_fm,donor,ENC-002,120355.0,45592.0,4066.0,0.03378339080221013,120355.0,0.054656022084898115,0.5363471944739402,0.021602434779109912,
ctcf,fold_d,314159,1hop,coordinate_plus_frozen_sequence_fm,donor,ENC-003,95580.0,23149.0,2733.0,0.02859384808537351,95580.0,0.04874065924068518,0.5272954710209031,0.020739843077586667,
ctcf,fold_d,314159,1hop,coordinate_plus_frozen_sequence_fm,donor,ENC-004,102083.0,23466.0,4191.0,0.04105482793413203,102083.0,0.0763481477051633,0.6147474895834006,0.03680431457306199,
ctcf,fold_d,314159,1hop,coordinate_plus_frozen_sequence_fm,tissue,Peyers_patch,18229.0,12944.0,772.0,0.042350101486642165,18229.0,0.07211265159441177,0.5314776040372777,0.03107873780801582,
ctcf,fold_d,314159,1hop,coordinate_plus_frozen_sequence_fm,tissue,adrenal_gland,25115.0,19844.0,838.0,0.03336651403543699,25115.0,0.05658012049882146,0.5699403847577428,0.02401489995995803,
ctcf,fold_d,314159,1hop,coordinate_plus_frozen_sequence_fm,tissue,ascending_aorta,5768.0,4309.0,262.0,0.045423023578363385,5768.0,0.09329440963637081,0.6148868132751779,0.050149319793422964,
ctcf,fold_d,314159,1hop,coordinate_plus_frozen_sequence_fm,tissue,body_of_pancreas,37806.0,29388.0,1745.0,0.046156694704544254,37806.0,0.06740892300361256,0.5580816300682487,0.0222806284649504,
ctcf,fold_d,314159,1hop,coordinate_plus_frozen_sequence_fm,tissue,breast_epithelium,7688.0,6591.0,326.0,0.042403746097814776,7688.0,0.0818940335333396,0.6135515155757554,0.041238974436880585,
ctcf,fold_d,314159,1hop,coordinate_plus_frozen_sequence_fm,tissue,coronary_artery,3166.0,3041.0,117.0,0.03695514845230575,3166.0,0.05986703759552049,0.5008675956527712,0.023791092498333184,
ctcf,fold_d,314159,1hop,coordinate_plus_frozen_sequence_fm,tissue,esophagus_muscularis_mucosa,11186.0,7931.0,476.0,0.0425531914893617,11186.0,0.06300755979683963,0.548383471035473,0.02136345134336583,
ctcf,fold_d,314159,1hop,coordinate_plus_frozen_sequence_fm,tissue,esophagus_squamous_epithelium,22821.0,16625.0,851.0,0.03729021515271022,22821.0,0.05109092781960618,0.5272773416586126,0.01433527827816262,
ctcf,fold_d,314159,1hop,coordinate_plus_frozen_sequence_fm,tissue,gastrocnemius_medialis,12289.0,8636.0,426.0,0.03466514769305883,12289.0,0.04603335848998144,0.5141712762172518,0.01177644293040394,
ctcf,fold_d,314159,1hop,coordinate_plus_frozen_sequence_fm,tissue,gastroesophageal_sphincter,19167.0,12116.0,582.0,0.030364689309751135,19167.0,0.05961010355682099,0.5638024697521464,0.03016125127111046,
ctcf,fold_d,314159,1hop,coordinate_plus_frozen_sequence_fm,tissue,heart_left_ventricle,9484.0,7175.0,417.0,0.043968789540278365,9484.0,0.05281143871892895,0.5312451483612933,0.009249331069849143,
ctcf,fold_d,314159,1hop,coordinate_plus_frozen_sequence_fm,tissue,lower_leg_skin,1136.0,1109.0,31.0,0.027288732394366196,1136.0,0.14948732634542256,0.6565464895635674,0.12562678979945704,
ctcf,fold_d,314159,1hop,coordinate_plus_frozen_sequence_fm,tissue,omental_fat_pad,1540.0,1456.0,29.0,0.01883116883116883,1540.0,0.060469051270407234,0.620917866678838,0.0424370211491907,
ctcf,fold_d,314159,1hop,coordinate_plus_frozen_sequence_fm,tissue,ovary,6762.0,6088.0,181.0,0.026767228630582666,6762.0,0.045517560519312335,0.5736168326531845,0.019266030121803678,
ctcf,fold_d,314159,1hop,coordinate_plus_frozen_sequence_fm,tissue,prostate_gland,10405.0,7819.0,441.0,0.042383469485824124,10405.0,0.07585855615039316,0.5717351171701117,0.034956671692577365,
ctcf,fold_d,314159,1hop,coordinate_plus_frozen_sequence_fm,tissue,right_atrium_auricular_region,5720.0,4862.0,248.0,0.043356643356643354,5720.0,0.12969686188149315,0.6202172202178834,0.0902532986041924,
ctcf,fold_d,314159,1hop,coordinate_plus_frozen_sequence_fm,tissue,right_lobe_of_liver,3386.0,3386.0,133.0,0.03927938570584761,3386.0,0.05910887356285396,0.5035086178403279,0.020640223142890716,
ctcf,fold_d,314159,1hop,coordinate_plus_frozen_sequence_fm,tissue,sigmoid_colon,18053.0,15317.0,269.0,0.01490057054229214,18053.0,0.017736346927703983,0.4960340902059744,0.0028786702140035985,
ctcf,fold_d,314159,1hop,coordinate_plus_frozen_sequence_fm,tissue,spleen,50375.0,36713.0,1366.0,0.027116625310173698,50375.0,0.04527837936777787,0.5447210938965494,0.018667966305205376,
ctcf,fold_d,314159,1hop,coordinate_plus_frozen_sequence_fm,tissue,stomach,15199.0,11877.0,446.0,0.02934403579182841,15199.0,0.06067952448437225,0.6135465645202816,0.0322827962202924,
ctcf,fold_d,314159,1hop,coordinate_plus_frozen_sequence_fm,tissue,suprapubic_skin,3203.0,2711.0,86.0,0.026849828285981894,3203.0,0.14151732817199364,0.5938402309913378,0.11783124867978685,
ctcf,fold_d,314159,1hop,coordinate_plus_frozen_sequence_fm,tissue,testis,6338.0,4814.0,152.0,0.023982328810350267,6338.0,0.048081483854105295,0.5262344300372658,0.024691310162838563,
ctcf,fold_d,314159,1hop,coordinate_plus_frozen_sequence_fm,tissue,thoracic_aorta,8569.0,7344.0,305.0,0.03559341813513829,8569.0,0.051609115374698075,0.5427616126830972,0.016606789647360575,
ctcf,fold_d,314159,1hop,coordinate_plus_frozen_sequence_fm,tissue,thyroid_gland,17670.0,11352.0,885.0,0.0500848896434635,17670.0,0.09406228539531943,0.620007909941113,0.046296132435823305,
ctcf,fold_d,314159,1hop,coordinate_plus_frozen_sequence_fm,tissue,tibial_artery,4846.0,3449.0,232.0,0.047874535699546014,4846.0,0.08809114653725394,0.5412883204041672,0.04223877245763603,
ctcf,fold_d,314159,1hop,coordinate_plus_frozen_sequence_fm,tissue,tibial_nerve,17780.0,12008.0,654.0,0.03678290213723285,17780.0,0.060903154425828804,0.5636477934188803,0.0250413456552164,
ctcf,fold_d,314159,1hop,coordinate_plus_frozen_sequence_fm,tissue,transverse_colon,25190.0,15336.0,975.0,0.03870583564906709,25190.0,0.05414889981829601,0.5357613896874686,0.016064868322233177,
ctcf,fold_d,314159,1hop,coordinate_plus_frozen_sequence_fm,tissue,upper_lobe_of_left_lung,27992.0,19112.0,1046.0,0.037367819376964845,27992.0,0.06056319851238967,0.5403506893398724,0.024095786118860377,
ctcf,fold_d,314159,1hop,coordinate_plus_frozen_sequence_fm,tissue,uterus,12062.0,8617.0,325.0,0.026944122036146576,12062.0,0.05861910865545674,0.584810428559257,0.032552073664660404,
ctcf,fold_d,314159,1hop,coordinate_plus_frozen_sequence_fm,tissue,vagina,3589.0,2963.0,74.0,0.020618556701030927,3589.0,0.07265166633809163,0.5706950905386183,0.05312854352415672,
ctcf,fold_d,314159,1hop,coordinate_plus_frozen_sequence_fm_plus_frozen_pangenomefm,measurement_weight,all,412534.0,100926.0,14690.0,0.0356091861519293,412534.0,0.05629692499616522,0.553771238052066,0.021451613336805436,
ctcf,fold_d,314159,1hop,coordinate_plus_frozen_sequence_fm_plus_frozen_pangenomefm,equal_locus_weight,all,412534.0,100926.0,14690.0,0.021865679301300706,100926.0,0.03531254488116345,0.5567471287100818,0.01374746320143168,
ctcf,fold_d,314159,1hop,coordinate_plus_frozen_sequence_fm_plus_frozen_pangenomefm,donor,ENC-001,94516.0,29383.0,3700.0,0.039146811121926445,94516.0,0.05678773974490066,0.5334827340223416,0.01835965038901769,
ctcf,fold_d,314159,1hop,coordinate_plus_frozen_sequence_fm_plus_frozen_pangenomefm,donor,ENC-002,120355.0,45592.0,4066.0,0.03378339080221013,120355.0,0.05501812802414165,0.5438983162092261,0.02197720161275416,
ctcf,fold_d,314159,1hop,coordinate_plus_frozen_sequence_fm_plus_frozen_pangenomefm,donor,ENC-003,95580.0,23149.0,2733.0,0.02859384808537351,95580.0,0.048752177934602806,0.5302373054898641,0.020751700830283545,
ctcf,fold_d,314159,1hop,coordinate_plus_frozen_sequence_fm_plus_frozen_pangenomefm,donor,ENC-004,102083.0,23466.0,4191.0,0.04105482793413203,102083.0,0.07189850115474822,0.5975661662715225,0.032164167586525585,
ctcf,fold_d,314159,1hop,coordinate_plus_frozen_sequence_fm_plus_frozen_pangenomefm,tissue,Peyers_patch,18229.0,12944.0,772.0,0.042350101486642165,18229.0,0.07300596841427842,0.5361545289224359,0.03201155973098936,
ctcf,fold_d,314159,1hop,coordinate_plus_frozen_sequence_fm_plus_frozen_pangenomefm,tissue,adrenal_gland,25115.0,19844.0,838.0,0.03336651403543699,25115.0,0.05556352791255764,0.5641196382680682,0.02296321635802963,
ctcf,fold_d,314159,1hop,coordinate_plus_frozen_sequence_fm_plus_frozen_pangenomefm,tissue,ascending_aorta,5768.0,4309.0,262.0,0.045423023578363385,5768.0,0.08993171184994836,0.5996688553500276,0.04662660987114096,
ctcf,fold_d,314159,1hop,coordinate_plus_frozen_sequence_fm_plus_frozen_pangenomefm,tissue,body_of_pancreas,37806.0,29388.0,1745.0,0.046156694704544254,37806.0,0.06694662898426658,0.564291531167858,0.021795963932757886,
ctcf,fold_d,314159,1hop,coordinate_plus_frozen_sequence_fm_plus_frozen_pangenomefm,tissue,breast_epithelium,7688.0,6591.0,326.0,0.042403746097814776,7688.0,0.08453729337773416,0.6123411049611418,0.043999281647381185,
ctcf,fold_d,314159,1hop,coordinate_plus_frozen_sequence_fm_plus_frozen_pangenomefm,tissue,coronary_artery,3166.0,3041.0,117.0,0.03695514845230575,3166.0,0.05810738920592091,0.4981737041428744,0.02196392070381948,
ctcf,fold_d,314159,1hop,coordinate_plus_frozen_sequence_fm_plus_frozen_pangenomefm,tissue,esophagus_muscularis_mucosa,11186.0,7931.0,476.0,0.0425531914893617,11186.0,0.060956019022222446,0.5484676223430549,0.019220730978765668,
ctcf,fold_d,314159,1hop,coordinate_plus_frozen_sequence_fm_plus_frozen_pangenomefm,tissue,esophagus_squamous_epithelium,22821.0,16625.0,851.0,0.03729021515271022,22821.0,0.0512164033428297,0.5256424341065452,0.014465614050373997,
ctcf,fold_d,314159,1hop,coordinate_plus_frozen_sequence_fm_plus_frozen_pangenomefm,tissue,gastrocnemius_medialis,12289.0,8636.0,426.0,0.03466514769305883,12289.0,0.04311583683440316,0.5003192749460884,0.008754153153332249,
ctcf,fold_d,314159,1hop,coordinate_plus_frozen_sequence_fm_plus_frozen_pangenomefm,tissue,gastroesophageal_sphincter,19167.0,12116.0,582.0,0.030364689309751135,19167.0,0.05965895384917771,0.5606981297965048,0.03021163133856277,
ctcf,fold_d,314159,1hop,coordinate_plus_frozen_sequence_fm_plus_frozen_pangenomefm,tissue,heart_left_ventricle,9484.0,7175.0,417.0,0.043968789540278365,9484.0,0.05247008320800492,0.528161787323202,0.008892276292568507,
ctcf,fold_d,314159,1hop,coordinate_plus_frozen_sequence_fm_plus_frozen_pangenomefm,tissue,lower_leg_skin,1136.0,1109.0,31.0,0.027288732394366196,1136.0,0.156135044562865,0.6330754634359947,0.13246100508906306,
ctcf,fold_d,314159,1hop,coordinate_plus_frozen_sequence_fm_plus_frozen_pangenomefm,tissue,omental_fat_pad,1540.0,1456.0,29.0,0.01883116883116883,1540.0,0.05799730507665447,0.6079098108126613,0.039917835749866244,
ctcf,fold_d,314159,1hop,coordinate_plus_frozen_sequence_fm_plus_frozen_pangenomefm,tissue,ovary,6762.0,6088.0,181.0,0.026767228630582666,6762.0,0.0443097136701895,0.5551138762938008,0.018024963354782163,
ctcf,fold_d,314159,1hop,coordinate_plus_frozen_sequence_fm_plus_frozen_pangenomefm,tissue,prostate_gland,10405.0,7819.0,441.0,0.042383469485824124,10405.0,0.0761574938171309,0.5714652112685031,0.03526884014123314,
ctcf,fold_d,314159,1hop,coordinate_plus_frozen_sequence_fm_plus_frozen_pangenomefm,tissue,right_atrium_auricular_region,5720.0,4862.0,248.0,0.043356643356643354,5720.0,0.12888444225857482,0.6139757681333711,0.08940405879368567,
ctcf,fold_d,314159,1hop,coordinate_plus_frozen_sequence_fm_plus_frozen_pangenomefm,tissue,right_lobe_of_liver,3386.0,3386.0,133.0,0.03927938570584761,3386.0,0.06112184748872396,0.5150861321764293,0.02273549818531181,
ctcf,fold_d,314159,1hop,coordinate_plus_frozen_sequence_fm_plus_frozen_pangenomefm,tissue,sigmoid_colon,18053.0,15317.0,269.0,0.01490057054229214,18053.0,0.017702322281373372,0.48759389836233896,0.0028441309123725528,
ctcf,fold_d,314159,1hop,coordinate_plus_frozen_sequence_fm_plus_frozen_pangenomefm,tissue,spleen,50375.0,36713.0,1366.0,0.027116625310173698,50375.0,0.04311565998252555,0.542408643262613,0.016444966671830163,
ctcf,fold_d,314159,1hop,coordinate_plus_frozen_sequence_fm_plus_frozen_pangenomefm,tissue,stomach,15199.0,11877.0,446.0,0.02934403579182841,15199.0,0.06078665729265306,0.5969546666650456,0.0323931677754378,
ctcf,fold_d,314159,1hop,coordinate_plus_frozen_sequence_fm_plus_frozen_pangenomefm,tissue,suprapubic_skin,3203.0,2711.0,86.0,0.026849828285981894,3203.0,0.13939670770407198,0.5969887563324903,0.11565211895288499,
ctcf,fold_d,314159,1hop,coordinate_plus_frozen_sequence_fm_plus_frozen_pangenomefm,tissue,testis,6338.0,4814.0,152.0,0.023982328810350267,6338.0,0.04824425687908028,0.5281753577688157,0.024858082783642228,
ctcf,fold_d,314159,1hop,coordinate_plus_frozen_sequence_fm_plus_frozen_pangenomefm,tissue,thoracic_aorta,8569.0,7344.0,305.0,0.03559341813513829,8569.0,0.049217253963607994,0.5286022328725819,0.014126651647405238,
ctcf,fold_d,314159,1hop,coordinate_plus_frozen_sequence_fm_plus_frozen_pangenomefm,tissue,thyroid_gland,17670.0,11352.0,885.0,0.0500848896434635,17670.0,0.09017846161565951,0.6146186482752121,0.042207531531051744,
ctcf,fold_d,314159,1hop,coordinate_plus_frozen_sequence_fm_plus_frozen_pangenomefm,tissue,tibial_artery,4846.0,3449.0,232.0,0.047874535699546014,4846.0,0.0842017200506006,0.5254398158528018,0.038153778796101115,
ctcf,fold_d,314159,1hop,coordinate_plus_frozen_sequence_fm_plus_frozen_pangenomefm,tissue,tibial_nerve,17780.0,12008.0,654.0,0.03678290213723285,17780.0,0.05804402934005491,0.5575070327820318,0.022073037584151366,
ctcf,fold_d,314159,1hop,coordinate_plus_frozen_sequence_fm_plus_frozen_pangenomefm,tissue,transverse_colon,25190.0,15336.0,975.0,0.03870583564906709,25190.0,0.05434734913517139,0.5409979192808018,0.01627130806173724,
ctcf,fold_d,314159,1hop,coordinate_plus_frozen_sequence_fm_plus_frozen_pangenomefm,tissue,upper_lobe_of_left_lung,27992.0,19112.0,1046.0,0.037367819376964845,27992.0,0.05842930123129625,0.5388931676822947,0.021879054407572356,
ctcf,fold_d,314159,1hop,coordinate_plus_frozen_sequence_fm_plus_frozen_pangenomefm,tissue,uterus,12062.0,8617.0,325.0,0.026944122036146576,12062.0,0.058007189085235895,0.5791772239007478,0.031923209912764365,
ctcf,fold_d,314159,1hop,coordinate_plus_frozen_sequence_fm_plus_frozen_pangenomefm,tissue,vagina,3589.0,2963.0,74.0,0.020618556701030927,3589.0,0.07250409236515216,0.5667967398408367,0.05297786273073432,
ctcf,fold_d,314159,strict,coordinate_plus_frozen_sequence_fm,measurement_weight,all,412534.0,100926.0,14690.0,0.0356091861519293,412534.0,0.05745956492881965,0.5562389334161231,0.02265718261013283,
ctcf,fold_d,314159,strict,coordinate_plus_frozen_sequence_fm,equal_locus_weight,all,412534.0,100926.0,14690.0,0.021865679301300706,100926.0,0.03665804282948458,0.5564077083437287,0.01512303905011473,
ctcf,fold_d,314159,strict,coordinate_plus_frozen_sequence_fm,donor,ENC-001,94516.0,29383.0,3700.0,0.039146811121926445,94516.0,0.05812690237529826,0.5353788399591453,0.019753372807695672,
ctcf,fold_d,314159,strict,coordinate_plus_frozen_sequence_fm,donor,ENC-002,120355.0,45592.0,4066.0,0.03378339080221013,120355.0,0.054656022084898115,0.5363471944739402,0.021602434779109912,
ctcf,fold_d,314159,strict,coordinate_plus_frozen_sequence_fm,donor,ENC-003,95580.0,23149.0,2733.0,0.02859384808537351,95580.0,0.04874065924068518,0.5272954710209031,0.020739843077586667,
ctcf,fold_d,314159,strict,coordinate_plus_frozen_sequence_fm,donor,ENC-004,102083.0,23466.0,4191.0,0.04105482793413203,102083.0,0.0763481477051633,0.6147474895834006,0.03680431457306199,
ctcf,fold_d,314159,strict,coordinate_plus_frozen_sequence_fm,tissue,Peyers_patch,18229.0,12944.0,772.0,0.042350101486642165,18229.0,0.07211265159441177,0.5314776040372777,0.03107873780801582,
ctcf,fold_d,314159,strict,coordinate_plus_frozen_sequence_fm,tissue,adrenal_gland,25115.0,19844.0,838.0,0.03336651403543699,25115.0,0.05658012049882146,0.5699403847577428,0.02401489995995803,
ctcf,fold_d,314159,strict,coordinate_plus_frozen_sequence_fm,tissue,ascending_aorta,5768.0,4309.0,262.0,0.045423023578363385,5768.0,0.09329440963637081,0.6148868132751779,0.050149319793422964,
ctcf,fold_d,314159,strict,coordinate_plus_frozen_sequence_fm,tissue,body_of_pancreas,37806.0,29388.0,1745.0,0.046156694704544254,37806.0,0.06740892300361256,0.5580816300682487,0.0222806284649504,
ctcf,fold_d,314159,strict,coordinate_plus_frozen_sequence_fm,tissue,breast_epithelium,7688.0,6591.0,326.0,0.042403746097814776,7688.0,0.0818940335333396,0.6135515155757554,0.041238974436880585,
ctcf,fold_d,314159,strict,coordinate_plus_frozen_sequence_fm,tissue,coronary_artery,3166.0,3041.0,117.0,0.03695514845230575,3166.0,0.05986703759552049,0.5008675956527712,0.023791092498333184,
ctcf,fold_d,314159,strict,coordinate_plus_frozen_sequence_fm,tissue,esophagus_muscularis_mucosa,11186.0,7931.0,476.0,0.0425531914893617,11186.0,0.06300755979683963,0.548383471035473,0.02136345134336583,
ctcf,fold_d,314159,strict,coordinate_plus_frozen_sequence_fm,tissue,esophagus_squamous_epithelium,22821.0,16625.0,851.0,0.03729021515271022,22821.0,0.05109092781960618,0.5272773416586126,0.01433527827816262,
ctcf,fold_d,314159,strict,coordinate_plus_frozen_sequence_fm,tissue,gastrocnemius_medialis,12289.0,8636.0,426.0,0.03466514769305883,12289.0,0.04603335848998144,0.5141712762172518,0.01177644293040394,
ctcf,fold_d,314159,strict,coordinate_plus_frozen_sequence_fm,tissue,gastroesophageal_sphincter,19167.0,12116.0,582.0,0.030364689309751135,19167.0,0.05961010355682099,0.5638024697521464,0.03016125127111046,
ctcf,fold_d,314159,strict,coordinate_plus_frozen_sequence_fm,tissue,heart_left_ventricle,9484.0,7175.0,417.0,0.043968789540278365,9484.0,0.05281143871892895,0.5312451483612933,0.009249331069849143,
ctcf,fold_d,314159,strict,coordinate_plus_frozen_sequence_fm,tissue,lower_leg_skin,1136.0,1109.0,31.0,0.027288732394366196,1136.0,0.14948732634542256,0.6565464895635674,0.12562678979945704,
ctcf,fold_d,314159,strict,coordinate_plus_frozen_sequence_fm,tissue,omental_fat_pad,1540.0,1456.0,29.0,0.01883116883116883,1540.0,0.060469051270407234,0.620917866678838,0.0424370211491907,
ctcf,fold_d,314159,strict,coordinate_plus_frozen_sequence_fm,tissue,ovary,6762.0,6088.0,181.0,0.026767228630582666,6762.0,0.045517560519312335,0.5736168326531845,0.019266030121803678,
ctcf,fold_d,314159,strict,coordinate_plus_frozen_sequence_fm,tissue,prostate_gland,10405.0,7819.0,441.0,0.042383469485824124,10405.0,0.07585855615039316,0.5717351171701117,0.034956671692577365,
ctcf,fold_d,314159,strict,coordinate_plus_frozen_sequence_fm,tissue,right_atrium_auricular_region,5720.0,4862.0,248.0,0.043356643356643354,5720.0,0.12969686188149315,0.6202172202178834,0.0902532986041924,
ctcf,fold_d,314159,strict,coordinate_plus_frozen_sequence_fm,tissue,right_lobe_of_liver,3386.0,3386.0,133.0,0.03927938570584761,3386.0,0.05910887356285396,0.5035086178403279,0.020640223142890716,
ctcf,fold_d,314159,strict,coordinate_plus_frozen_sequence_fm,tissue,sigmoid_colon,18053.0,15317.0,269.0,0.01490057054229214,18053.0,0.017736346927703983,0.4960340902059744,0.0028786702140035985,
ctcf,fold_d,314159,strict,coordinate_plus_frozen_sequence_fm,tissue,spleen,50375.0,36713.0,1366.0,0.027116625310173698,50375.0,0.04527837936777787,0.5447210938965494,0.018667966305205376,
ctcf,fold_d,314159,strict,coordinate_plus_frozen_sequence_fm,tissue,stomach,15199.0,11877.0,446.0,0.02934403579182841,15199.0,0.06067952448437225,0.6135465645202816,0.0322827962202924,
ctcf,fold_d,314159,strict,coordinate_plus_frozen_sequence_fm,tissue,suprapubic_skin,3203.0,2711.0,86.0,0.026849828285981894,3203.0,0.14151732817199364,0.5938402309913378,0.11783124867978685,
ctcf,fold_d,314159,strict,coordinate_plus_frozen_sequence_fm,tissue,testis,6338.0,4814.0,152.0,0.023982328810350267,6338.0,0.048081483854105295,0.5262344300372658,0.024691310162838563,
ctcf,fold_d,314159,strict,coordinate_plus_frozen_sequence_fm,tissue,thoracic_aorta,8569.0,7344.0,305.0,0.03559341813513829,8569.0,0.051609115374698075,0.5427616126830972,0.016606789647360575,
ctcf,fold_d,314159,strict,coordinate_plus_frozen_sequence_fm,tissue,thyroid_gland,17670.0,11352.0,885.0,0.0500848896434635,17670.0,0.09406228539531943,0.620007909941113,0.046296132435823305,
ctcf,fold_d,314159,strict,coordinate_plus_frozen_sequence_fm,tissue,tibial_artery,4846.0,3449.0,232.0,0.047874535699546014,4846.0,0.08809114653725394,0.5412883204041672,0.04223877245763603,
ctcf,fold_d,314159,strict,coordinate_plus_frozen_sequence_fm,tissue,tibial_nerve,17780.0,12008.0,654.0,0.03678290213723285,17780.0,0.060903154425828804,0.5636477934188803,0.0250413456552164,
ctcf,fold_d,314159,strict,coordinate_plus_frozen_sequence_fm,tissue,transverse_colon,25190.0,15336.0,975.0,0.03870583564906709,25190.0,0.05414889981829601,0.5357613896874686,0.016064868322233177,
ctcf,fold_d,314159,strict,coordinate_plus_frozen_sequence_fm,tissue,upper_lobe_of_left_lung,27992.0,19112.0,1046.0,0.037367819376964845,27992.0,0.06056319851238967,0.5403506893398724,0.024095786118860377,
ctcf,fold_d,314159,strict,coordinate_plus_frozen_sequence_fm,tissue,uterus,12062.0,8617.0,325.0,0.026944122036146576,12062.0,0.05861910865545674,0.584810428559257,0.032552073664660404,
ctcf,fold_d,314159,strict,coordinate_plus_frozen_sequence_fm,tissue,vagina,3589.0,2963.0,74.0,0.020618556701030927,3589.0,0.07265166633809163,0.5706950905386183,0.05312854352415672,
ctcf,fold_d,314159,strict,coordinate_plus_frozen_sequence_fm_plus_frozen_pangenomefm,measurement_weight,all,412534.0,100926.0,14690.0,0.0356091861519293,412534.0,0.05834513882543215,0.5640845333166735,0.023575455455431844,
ctcf,fold_d,314159,strict,coordinate_plus_frozen_sequence_fm_plus_frozen_pangenomefm,equal_locus_weight,all,412534.0,100926.0,14690.0,0.021865679301300706,100926.0,0.036075190421126696,0.5605258980999239,0.0145271572821163,
ctcf,fold_d,314159,strict,coordinate_plus_frozen_sequence_fm_plus_frozen_pangenomefm,donor,ENC-001,94516.0,29383.0,3700.0,0.039146811121926445,94516.0,0.058489064857881946,0.5388193487157876,0.020130290412565737,
ctcf,fold_d,314159,strict,coordinate_plus_frozen_sequence_fm_plus_frozen_pangenomefm,donor,ENC-002,120355.0,45592.0,4066.0,0.03378339080221013,120355.0,0.05554633595721348,0.5478357964265268,0.022523878132329183,
ctcf,fold_d,314159,strict,coordinate_plus_frozen_sequence_fm_plus_frozen_pangenomefm,donor,ENC-003,95580.0,23149.0,2733.0,0.02859384808537351,95580.0,0.0509877455528194,0.5457330919453744,0.023053073550448354,
ctcf,fold_d,314159,strict,coordinate_plus_frozen_sequence_fm_plus_frozen_pangenomefm,donor,ENC-004,102083.0,23466.0,4191.0,0.04105482793413203,102083.0,0.0778687526792166,0.6157940317224725,0.03839002042815008,
ctcf,fold_d,314159,strict,coordinate_plus_frozen_sequence_fm_plus_frozen_pangenomefm,tissue,Peyers_patch,18229.0,12944.0,772.0,0.042350101486642165,18229.0,0.0734806306020075,0.5466759403787427,0.03250721287987597,
ctcf,fold_d,314159,strict,coordinate_plus_frozen_sequence_fm_plus_frozen_pangenomefm,tissue,adrenal_gland,25115.0,19844.0,838.0,0.03336651403543699,25115.0,0.058457044968379925,0.5801009588713715,0.025956612611972726,
ctcf,fold_d,314159,strict,coordinate_plus_frozen_sequence_fm_plus_frozen_pangenomefm,tissue,ascending_aorta,5768.0,4309.0,262.0,0.045423023578363385,5768.0,0.09651299849962305,0.6216025959189558,0.05352106344820664,
ctcf,fold_d,314159,strict,coordinate_plus_frozen_sequence_fm_plus_frozen_pangenomefm,tissue,body_of_pancreas,37806.0,29388.0,1745.0,0.046156694704544254,37806.0,0.07035748035318204,0.5670647849246847,0.025371867175962952,
ctcf,fold_d,314159,strict,coordinate_plus_frozen_sequence_fm_plus_frozen_pangenomefm,tissue,breast_epithelium,7688.0,6591.0,326.0,0.042403746097814776,7688.0,0.09095379278251757,0.6222348054926392,0.050699912919314735,
ctcf,fold_d,314159,strict,coordinate_plus_frozen_sequence_fm_plus_frozen_pangenomefm,tissue,coronary_artery,3166.0,3041.0,117.0,0.03695514845230575,3166.0,0.06536952751169162,0.5288941589367958,0.029504730764846065,
ctcf,fold_d,314159,strict,coordinate_plus_frozen_sequence_fm_plus_frozen_pangenomefm,tissue,esophagus_muscularis_mucosa,11186.0,7931.0,476.0,0.0425531914893617,11186.0,0.0639676603029333,0.5516536026175176,0.022366222983063667,
ctcf,fold_d,314159,strict,coordinate_plus_frozen_sequence_fm_plus_frozen_pangenomefm,tissue,esophagus_squamous_epithelium,22821.0,16625.0,851.0,0.03729021515271022,22821.0,0.05146893254779672,0.5328601067474235,0.01472792488271593,
ctcf,fold_d,314159,strict,coordinate_plus_frozen_sequence_fm_plus_frozen_pangenomefm,tissue,gastrocnemius_medialis,12289.0,8636.0,426.0,0.03466514769305883,12289.0,0.04560178257056086,0.5258432638032245,0.011329369131722368,
ctcf,fold_d,314159,strict,coordinate_plus_frozen_sequence_fm_plus_frozen_pangenomefm,tissue,gastroesophageal_sphincter,19167.0,12116.0,582.0,0.030364689309751135,19167.0,0.0595025854737621,0.5653771979213181,0.03005036619723423,
ctcf,fold_d,314159,strict,coordinate_plus_frozen_sequence_fm_plus_frozen_pangenomefm,tissue,heart_left_ventricle,9484.0,7175.0,417.0,0.043968789540278365,9484.0,0.054038724280225214,0.5348061685205712,0.010533060667658092,
ctcf,fold_d,314159,strict,coordinate_plus_frozen_sequence_fm_plus_frozen_pangenomefm,tissue,lower_leg_skin,1136.0,1109.0,31.0,0.027288732394366196,1136.0,0.15056247488518698,0.6574222741205664,0.1267321008774411,
ctcf,fold_d,314159,strict,coordinate_plus_frozen_sequence_fm_plus_frozen_pangenomefm,tissue,omental_fat_pad,1540.0,1456.0,29.0,0.01883116883116883,1540.0,0.06070039488011749,0.6252767064515392,0.0426728048414169,
ctcf,fold_d,314159,strict,coordinate_plus_frozen_sequence_fm_plus_frozen_pangenomefm,tissue,ovary,6762.0,6088.0,181.0,0.026767228630582666,6762.0,0.044683599166023935,0.5732919395446964,0.018409131980041613,
ctcf,fold_d,314159,strict,coordinate_plus_frozen_sequence_fm_plus_frozen_pangenomefm,tissue,prostate_gland,10405.0,7819.0,441.0,0.042383469485824124,10405.0,0.07697099484319472,0.5761744547946303,0.03611834618059425,
ctcf,fold_d,314159,strict,coordinate_plus_frozen_sequence_fm_plus_frozen_pangenomefm,tissue,right_atrium_auricular_region,5720.0,4862.0,248.0,0.043356643356643354,5720.0,0.12792852283819917,0.6203277536078099,0.08840481553993042,
ctcf,fold_d,314159,strict,coordinate_plus_frozen_sequence_fm_plus_frozen_pangenomefm,tissue,right_lobe_of_liver,3386.0,3386.0,133.0,0.03927938570584761,3386.0,0.05904318806212701,0.5042482474245866,0.020571852068355993,
ctcf,fold_d,314159,strict,coordinate_plus_frozen_sequence_fm_plus_frozen_pangenomefm,tissue,sigmoid_colon,18053.0,15317.0,269.0,0.01490057054229214,18053.0,0.017964844826185516,0.498082002618786,0.0031106243616243322,
ctcf,fold_d,314159,strict,coordinate_plus_frozen_sequence_fm_plus_frozen_pangenomefm,tissue,spleen,50375.0,36713.0,1366.0,0.027116625310173698,50375.0,0.04475984511796484,0.5558050831013887,0.01813497924498518,
ctcf,fold_d,314159,strict,coordinate_plus_frozen_sequence_fm_plus_frozen_pangenomefm,tissue,stomach,15199.0,11877.0,446.0,0.02934403579182841,15199.0,0.06445762123807211,0.6194439741525551,0.03617510914373063,
ctcf,fold_d,314159,strict,coordinate_plus_frozen_sequence_fm_plus_frozen_pangenomefm,tissue,suprapubic_skin,3203.0,2711.0,86.0,0.026849828285981894,3203.0,0.1334376794178308,0.6043825682118316,0.10952867731001349,
ctcf,fold_d,314159,strict,coordinate_plus_frozen_sequence_fm_plus_frozen_pangenomefm,tissue,testis,6338.0,4814.0,152.0,0.023982328810350267,6338.0,0.04892661034111037,0.5331760384229244,0.02555720277108916,
ctcf,fold_d,314159,strict,coordinate_plus_frozen_sequence_fm_plus_frozen_pangenomefm,tissue,thoracic_aorta,8569.0,7344.0,305.0,0.03559341813513829,8569.0,0.05354606361543017,0.5361613873327726,0.01861522496619326,
ctcf,fold_d,314159,strict,coordinate_plus_frozen_sequence_fm_plus_frozen_pangenomefm,tissue,thyroid_gland,17670.0,11352.0,885.0,0.0500848896434635,17670.0,0.09733418655364691,0.6230463371082264,0.049740546702588075,
ctcf,fold_d,314159,strict,coordinate_plus_frozen_sequence_fm_plus_frozen_pangenomefm,tissue,tibial_artery,4846.0,3449.0,232.0,0.047874535699546014,4846.0,0.08591488845835216,0.5350759681927567,0.03995308831148127,
ctcf,fold_d,314159,strict,coordinate_plus_frozen_sequence_fm_plus_frozen_pangenomefm,tissue,tibial_nerve,17780.0,12008.0,654.0,0.03678290213723285,17780.0,0.0636313081099546,0.5777862119973529,0.027873680847541323,
ctcf,fold_d,314159,strict,coordinate_plus_frozen_sequence_fm_plus_frozen_pangenomefm,tissue,transverse_colon,25190.0,15336.0,975.0,0.03870583564906709,25190.0,0.05728514912127919,0.5479166018096433,0.0193273965048533,
ctcf,fold_d,314159,strict,coordinate_plus_frozen_sequence_fm_plus_frozen_pangenomefm,tissue,upper_lobe_of_left_lung,27992.0,19112.0,1046.0,0.037367819376964845,27992.0,0.06138447704395317,0.5532828279602899,0.024948945350491247,
ctcf,fold_d,314159,strict,coordinate_plus_frozen_sequence_fm_plus_frozen_pangenomefm,tissue,uterus,12062.0,8617.0,325.0,0.026944122036146576,12062.0,0.058489637388658026,0.5865380355352239,0.03241901731123738,
ctcf,fold_d,314159,strict,coordinate_plus_frozen_sequence_fm_plus_frozen_pangenomefm,tissue,vagina,3589.0,2963.0,74.0,0.020618556701030927,3589.0,0.0625794403164716,0.5856349236861327,0.04284427063892364,
ctcf,fold_d,42,1hop,coordinate_plus_frozen_sequence_fm,measurement_weight,all,412534.0,100926.0,14690.0,0.0356091861519293,412534.0,0.05745956492881965,0.5562389334161231,0.02265718261013283,
ctcf,fold_d,42,1hop,coordinate_plus_frozen_sequence_fm,equal_locus_weight,all,412534.0,100926.0,14690.0,0.021865679301300706,100926.0,0.03665804282948458,0.5564077083437287,0.01512303905011473,
ctcf,fold_d,42,1hop,coordinate_plus_frozen_sequence_fm,donor,ENC-001,94516.0,29383.0,3700.0,0.039146811121926445,94516.0,0.05812690237529826,0.5353788399591453,0.019753372807695672,
ctcf,fold_d,42,1hop,coordinate_plus_frozen_sequence_fm,donor,ENC-002,120355.0,45592.0,4066.0,0.03378339080221013,120355.0,0.054656022084898115,0.5363471944739402,0.021602434779109912,
ctcf,fold_d,42,1hop,coordinate_plus_frozen_sequence_fm,donor,ENC-003,95580.0,23149.0,2733.0,0.02859384808537351,95580.0,0.04874065924068518,0.5272954710209031,0.020739843077586667,
ctcf,fold_d,42,1hop,coordinate_plus_frozen_sequence_fm,donor,ENC-004,102083.0,23466.0,4191.0,0.04105482793413203,102083.0,0.0763481477051633,0.6147474895834006,0.03680431457306199,
ctcf,fold_d,42,1hop,coordinate_plus_frozen_sequence_fm,tissue,Peyers_patch,18229.0,12944.0,772.0,0.042350101486642165,18229.0,0.07211265159441177,0.5314776040372777,0.03107873780801582,
ctcf,fold_d,42,1hop,coordinate_plus_frozen_sequence_fm,tissue,adrenal_gland,25115.0,19844.0,838.0,0.03336651403543699,25115.0,0.05658012049882146,0.5699403847577428,0.02401489995995803,
ctcf,fold_d,42,1hop,coordinate_plus_frozen_sequence_fm,tissue,ascending_aorta,5768.0,4309.0,262.0,0.045423023578363385,5768.0,0.09329440963637081,0.6148868132751779,0.050149319793422964,
ctcf,fold_d,42,1hop,coordinate_plus_frozen_sequence_fm,tissue,body_of_pancreas,37806.0,29388.0,1745.0,0.046156694704544254,37806.0,0.06740892300361256,0.5580816300682487,0.0222806284649504,
ctcf,fold_d,42,1hop,coordinate_plus_frozen_sequence_fm,tissue,breast_epithelium,7688.0,6591.0,326.0,0.042403746097814776,7688.0,0.0818940335333396,0.6135515155757554,0.041238974436880585,
ctcf,fold_d,42,1hop,coordinate_plus_frozen_sequence_fm,tissue,coronary_artery,3166.0,3041.0,117.0,0.03695514845230575,3166.0,0.05986703759552049,0.5008675956527712,0.023791092498333184,
ctcf,fold_d,42,1hop,coordinate_plus_frozen_sequence_fm,tissue,esophagus_muscularis_mucosa,11186.0,7931.0,476.0,0.0425531914893617,11186.0,0.06300755979683963,0.548383471035473,0.02136345134336583,
ctcf,fold_d,42,1hop,coordinate_plus_frozen_sequence_fm,tissue,esophagus_squamous_epithelium,22821.0,16625.0,851.0,0.03729021515271022,22821.0,0.05109092781960618,0.5272773416586126,0.01433527827816262,
ctcf,fold_d,42,1hop,coordinate_plus_frozen_sequence_fm,tissue,gastrocnemius_medialis,12289.0,8636.0,426.0,0.03466514769305883,12289.0,0.04603335848998144,0.5141712762172518,0.01177644293040394,
ctcf,fold_d,42,1hop,coordinate_plus_frozen_sequence_fm,tissue,gastroesophageal_sphincter,19167.0,12116.0,582.0,0.030364689309751135,19167.0,0.05961010355682099,0.5638024697521464,0.03016125127111046,
ctcf,fold_d,42,1hop,coordinate_plus_frozen_sequence_fm,tissue,heart_left_ventricle,9484.0,7175.0,417.0,0.043968789540278365,9484.0,0.05281143871892895,0.5312451483612933,0.009249331069849143,
ctcf,fold_d,42,1hop,coordinate_plus_frozen_sequence_fm,tissue,lower_leg_skin,1136.0,1109.0,31.0,0.027288732394366196,1136.0,0.14948732634542256,0.6565464895635674,0.12562678979945704,
ctcf,fold_d,42,1hop,coordinate_plus_frozen_sequence_fm,tissue,omental_fat_pad,1540.0,1456.0,29.0,0.01883116883116883,1540.0,0.060469051270407234,0.620917866678838,0.0424370211491907,
ctcf,fold_d,42,1hop,coordinate_plus_frozen_sequence_fm,tissue,ovary,6762.0,6088.0,181.0,0.026767228630582666,6762.0,0.045517560519312335,0.5736168326531845,0.019266030121803678,
ctcf,fold_d,42,1hop,coordinate_plus_frozen_sequence_fm,tissue,prostate_gland,10405.0,7819.0,441.0,0.042383469485824124,10405.0,0.07585855615039316,0.5717351171701117,0.034956671692577365,
ctcf,fold_d,42,1hop,coordinate_plus_frozen_sequence_fm,tissue,right_atrium_auricular_region,5720.0,4862.0,248.0,0.043356643356643354,5720.0,0.12969686188149315,0.6202172202178834,0.0902532986041924,
ctcf,fold_d,42,1hop,coordinate_plus_frozen_sequence_fm,tissue,right_lobe_of_liver,3386.0,3386.0,133.0,0.03927938570584761,3386.0,0.05910887356285396,0.5035086178403279,0.020640223142890716,
ctcf,fold_d,42,1hop,coordinate_plus_frozen_sequence_fm,tissue,sigmoid_colon,18053.0,15317.0,269.0,0.01490057054229214,18053.0,0.017736346927703983,0.4960340902059744,0.0028786702140035985,
ctcf,fold_d,42,1hop,coordinate_plus_frozen_sequence_fm,tissue,spleen,50375.0,36713.0,1366.0,0.027116625310173698,50375.0,0.04527837936777787,0.5447210938965494,0.018667966305205376,
ctcf,fold_d,42,1hop,coordinate_plus_frozen_sequence_fm,tissue,stomach,15199.0,11877.0,446.0,0.02934403579182841,15199.0,0.06067952448437225,0.6135465645202816,0.0322827962202924,
ctcf,fold_d,42,1hop,coordinate_plus_frozen_sequence_fm,tissue,suprapubic_skin,3203.0,2711.0,86.0,0.026849828285981894,3203.0,0.14151732817199364,0.5938402309913378,0.11783124867978685,
ctcf,fold_d,42,1hop,coordinate_plus_frozen_sequence_fm,tissue,testis,6338.0,4814.0,152.0,0.023982328810350267,6338.0,0.048081483854105295,0.5262344300372658,0.024691310162838563,
ctcf,fold_d,42,1hop,coordinate_plus_frozen_sequence_fm,tissue,thoracic_aorta,8569.0,7344.0,305.0,0.03559341813513829,8569.0,0.051609115374698075,0.5427616126830972,0.016606789647360575,
ctcf,fold_d,42,1hop,coordinate_plus_frozen_sequence_fm,tissue,thyroid_gland,17670.0,11352.0,885.0,0.0500848896434635,17670.0,0.09406228539531943,0.620007909941113,0.046296132435823305,
ctcf,fold_d,42,1hop,coordinate_plus_frozen_sequence_fm,tissue,tibial_artery,4846.0,3449.0,232.0,0.047874535699546014,4846.0,0.08809114653725394,0.5412883204041672,0.04223877245763603,
ctcf,fold_d,42,1hop,coordinate_plus_frozen_sequence_fm,tissue,tibial_nerve,17780.0,12008.0,654.0,0.03678290213723285,17780.0,0.060903154425828804,0.5636477934188803,0.0250413456552164,
ctcf,fold_d,42,1hop,coordinate_plus_frozen_sequence_fm,tissue,transverse_colon,25190.0,15336.0,975.0,0.03870583564906709,25190.0,0.05414889981829601,0.5357613896874686,0.016064868322233177,
ctcf,fold_d,42,1hop,coordinate_plus_frozen_sequence_fm,tissue,upper_lobe_of_left_lung,27992.0,19112.0,1046.0,0.037367819376964845,27992.0,0.06056319851238967,0.5403506893398724,0.024095786118860377,
ctcf,fold_d,42,1hop,coordinate_plus_frozen_sequence_fm,tissue,uterus,12062.0,8617.0,325.0,0.026944122036146576,12062.0,0.05861910865545674,0.584810428559257,0.032552073664660404,
ctcf,fold_d,42,1hop,coordinate_plus_frozen_sequence_fm,tissue,vagina,3589.0,2963.0,74.0,0.020618556701030927,3589.0,0.07265166633809163,0.5706950905386183,0.05312854352415672,
ctcf,fold_d,42,1hop,coordinate_plus_frozen_sequence_fm_plus_frozen_pangenomefm,measurement_weight,all,412534.0,100926.0,14690.0,0.0356091861519293,412534.0,0.06206988797047242,0.5641067068654575,0.027437737314150445,
ctcf,fold_d,42,1hop,coordinate_plus_frozen_sequence_fm_plus_frozen_pangenomefm,equal_locus_weight,all,412534.0,100926.0,14690.0,0.021865679301300706,100926.0,0.03732308307695357,0.5636890246988264,0.015802945923225918,
ctcf,fold_d,42,1hop,coordinate_plus_frozen_sequence_fm_plus_frozen_pangenomefm,donor,ENC-001,94516.0,29383.0,3700.0,0.039146811121926445,94516.0,0.06187355607159704,0.5404607058168105,0.023652671618030585,
ctcf,fold_d,42,1hop,coordinate_plus_frozen_sequence_fm_plus_frozen_pangenomefm,donor,ENC-002,120355.0,45592.0,4066.0,0.03378339080221013,120355.0,0.058196131852303205,0.5618467749012621,0.025266323118127702,
ctcf,fold_d,42,1hop,coordinate_plus_frozen_sequence_fm_plus_frozen_pangenomefm,donor,ENC-003,95580.0,23149.0,2733.0,0.02859384808537351,95580.0,0.05450483169676999,0.5412492468842991,0.02667368696433138,
ctcf,fold_d,42,1hop,coordinate_plus_frozen_sequence_fm_plus_frozen_pangenomefm,donor,ENC-004,102083.0,23466.0,4191.0,0.04105482793413203,102083.0,0.08307444244018784,0.6038626079804756,0.043818578715540554,
ctcf,fold_d,42,1hop,coordinate_plus_frozen_sequence_fm_plus_frozen_pangenomefm,tissue,Peyers_patch,18229.0,12944.0,772.0,0.042350101486642165,18229.0,0.07488008863572017,0.540253200981479,0.033968559073182275,
ctcf,fold_d,42,1hop,coordinate_plus_frozen_sequence_fm_plus_frozen_pangenomefm,tissue,adrenal_gland,25115.0,19844.0,838.0,0.03336651403543699,25115.0,0.06312077756516188,0.5788046878986102,0.03078132918190224,
ctcf,fold_d,42,1hop,coordinate_plus_frozen_sequence_fm_plus_frozen_pangenomefm,tissue,ascending_aorta,5768.0,4309.0,262.0,0.045423023578363385,5768.0,0.1020132715915654,0.6064629703058149,0.059283064028359825,
ctcf,fold_d,42,1hop,coordinate_plus_frozen_sequence_fm_plus_frozen_pangenomefm,tissue,body_of_pancreas,37806.0,29388.0,1745.0,0.046156694704544254,37806.0,0.07543264596555813,0.5747052133645878,0.030692621207783766,
ctcf,fold_d,42,1hop,coordinate_plus_frozen_sequence_fm_plus_frozen_pangenomefm,tissue,breast_epithelium,7688.0,6591.0,326.0,0.042403746097814776,7688.0,0.11218881202638643,0.6388143059284703,0.07287524950541414,
ctcf,fold_d,42,1hop,coordinate_plus_frozen_sequence_fm_plus_frozen_pangenomefm,tissue,coronary_artery,3166.0,3041.0,117.0,0.03695514845230575,3166.0,0.06348025130709622,0.5155116011134377,0.027542956916453476,
ctcf,fold_d,42,1hop,coordinate_plus_frozen_sequence_fm_plus_frozen_pangenomefm,tissue,esophagus_muscularis_mucosa,11186.0,7931.0,476.0,0.0425531914893617,11186.0,0.067298740879536,0.5587056391183924,0.02584535158529315,
ctcf,fold_d,42,1hop,coordinate_plus_frozen_sequence_fm_plus_frozen_pangenomefm,tissue,esophagus_squamous_epithelium,22821.0,16625.0,851.0,0.03729021515271022,22821.0,0.053519965445644815,0.5324203445891122,0.0168584037976814,
ctcf,fold_d,42,1hop,coordinate_plus_frozen_sequence_fm_plus_frozen_pangenomefm,tissue,gastrocnemius_medialis,12289.0,8636.0,426.0,0.03466514769305883,12289.0,0.04764836856787787,0.5058048281257977,0.013449447975271953,
ctcf,fold_d,42,1hop,coordinate_plus_frozen_sequence_fm_plus_frozen_pangenomefm,tissue,gastroesophageal_sphincter,19167.0,12116.0,582.0,0.030364689309751135,19167.0,0.06407267845423796,0.566989368990068,0.03476357427669513,
ctcf,fold_d,42,1hop,coordinate_plus_frozen_sequence_fm_plus_frozen_pangenomefm,tissue,heart_left_ventricle,9484.0,7175.0,417.0,0.043968789540278365,9484.0,0.05237699849390863,0.5179024311156567,0.008794910523461943,
ctcf,fold_d,42,1hop,coordinate_plus_frozen_sequence_fm_plus_frozen_pangenomefm,tissue,lower_leg_skin,1136.0,1109.0,31.0,0.027288732394366196,1136.0,0.14947497611098823,0.6263319223471027,0.1256140930878576,
ctcf,fold_d,42,1hop,coordinate_plus_frozen_sequence_fm_plus_frozen_pangenomefm,tissue,omental_fat_pad,1540.0,1456.0,29.0,0.01883116883116883,1540.0,0.06966566058252142,0.6302973595928707,0.051810137191980805,
ctcf,fold_d,42,1hop,coordinate_plus_frozen_sequence_fm_plus_frozen_pangenomefm,tissue,ovary,6762.0,6088.0,181.0,0.026767228630582666,6762.0,0.05059545955875971,0.5600737431799732,0.02448358874583394,
ctcf,fold_d,42,1hop,coordinate_plus_frozen_sequence_fm_plus_frozen_pangenomefm,tissue,prostate_gland,10405.0,7819.0,441.0,0.042383469485824124,10405.0,0.08007961595064406,0.5832402544853081,0.03936455278667718,
ctcf,fold_d,42,1hop,coordinate_plus_frozen_sequence_fm_plus_frozen_pangenomefm,tissue,right_atrium_auricular_region,5720.0,4862.0,248.0,0.043356643356643354,5720.0,0.12353080962816344,0.6086244782823995,0.08380779076628196,
ctcf,fold_d,42,1hop,coordinate_plus_frozen_sequence_fm_plus_frozen_pangenomefm,tissue,right_lobe_of_liver,3386.0,3386.0,133.0,0.03927938570584761,3386.0,0.06806639927463462,0.5206333540583706,0.02996398030861138,
ctcf,fold_d,42,1hop,coordinate_plus_frozen_sequence_fm_plus_frozen_pangenomefm,tissue,sigmoid_colon,18053.0,15317.0,269.0,0.01490057054229214,18053.0,0.017210907866639515,0.505154480783027,0.0023452833848652244,
ctcf,fold_d,42,1hop,coordinate_plus_frozen_sequence_fm_plus_frozen_pangenomefm,tissue,spleen,50375.0,36713.0,1366.0,0.027116625310173698,50375.0,0.04536465682382551,0.5511924304577637,0.018756648523744823,
ctcf,fold_d,42,1hop,coordinate_plus_frozen_sequence_fm_plus_frozen_pangenomefm,tissue,stomach,15199.0,11877.0,446.0,0.02934403579182841,15199.0,0.07422545858148115,0.6261920126300982,0.04623823933979068,
ctcf,fold_d,42,1hop,coordinate_plus_frozen_sequence_fm_plus_frozen_pangenomefm,tissue,suprapubic_skin,3203.0,2711.0,86.0,0.026849828285981894,3203.0,0.14372158513496633,0.5935716364124718,0.12009632248549797,
ctcf,fold_d,42,1hop,coordinate_plus_frozen_sequence_fm_plus_frozen_pangenomefm,tissue,testis,6338.0,4814.0,152.0,0.023982328810350267,6338.0,0.052144766347734114,0.5418947921452516,0.028854434062712386,
ctcf,fold_d,42,1hop,coordinate_plus_frozen_sequence_fm_plus_frozen_pangenomefm,tissue,thoracic_aorta,8569.0,7344.0,305.0,0.03559341813513829,8569.0,0.05850353031972486,0.5478522289051465,0.02375565722528102,
ctcf,fold_d,42,1hop,coordinate_plus_frozen_sequence_fm_plus_frozen_pangenomefm,tissue,thyroid_gland,17670.0,11352.0,885.0,0.0500848896434635,17670.0,0.10629067733703015,0.6309800417039023,0.05916927426543478,
ctcf,fold_d,42,1hop,coordinate_plus_frozen_sequence_fm_plus_frozen_pangenomefm,tissue,tibial_artery,4846.0,3449.0,232.0,0.047874535699546014,4846.0,0.09396119793265542,0.5477454299508243,0.04840398031678548,
ctcf,fold_d,42,1hop,coordinate_plus_frozen_sequence_fm_plus_frozen_pangenomefm,tissue,tibial_nerve,17780.0,12008.0,654.0,0.03678290213723285,17780.0,0.0718585646443906,0.5744471360140224,0.036415116161232323,
ctcf,fold_d,42,1hop,coordinate_plus_frozen_sequence_fm_plus_frozen_pangenomefm,tissue,transverse_colon,25190.0,15336.0,975.0,0.03870583564906709,25190.0,0.060030138090377244,0.552066477125325,0.022182910530522515,
ctcf,fold_d,42,1hop,coordinate_plus_frozen_sequence_fm_plus_frozen_pangenomefm,tissue,upper_lobe_of_left_lung,27992.0,19112.0,1046.0,0.037367819376964845,27992.0,0.06252940956588125,0.5472160949616818,0.026138322295262677,
ctcf,fold_d,42,1hop,coordinate_plus_frozen_sequence_fm_plus_frozen_pangenomefm,tissue,uterus,12062.0,8617.0,325.0,0.026944122036146576,12062.0,0.06290089718396623,0.5796027028266952,0.03695242581860788,
ctcf,fold_d,42,1hop,coordinate_plus_frozen_sequence_fm_plus_frozen_pangenomefm,tissue,vagina,3589.0,2963.0,74.0,0.020618556701030927,3589.0,0.07473936340743143,0.5605955172811503,0.05526019211074578,
ctcf,fold_d,42,strict,coordinate_plus_frozen_sequence_fm,measurement_weight,all,412534.0,100926.0,14690.0,0.0356091861519293,412534.0,0.05745956492881965,0.5562389334161231,0.02265718261013283,
ctcf,fold_d,42,strict,coordinate_plus_frozen_sequence_fm,equal_locus_weight,all,412534.0,100926.0,14690.0,0.021865679301300706,100926.0,0.03665804282948458,0.5564077083437287,0.01512303905011473,
ctcf,fold_d,42,strict,coordinate_plus_frozen_sequence_fm,donor,ENC-001,94516.0,29383.0,3700.0,0.039146811121926445,94516.0,0.05812690237529826,0.5353788399591453,0.019753372807695672,
ctcf,fold_d,42,strict,coordinate_plus_frozen_sequence_fm,donor,ENC-002,120355.0,45592.0,4066.0,0.03378339080221013,120355.0,0.054656022084898115,0.5363471944739402,0.021602434779109912,
ctcf,fold_d,42,strict,coordinate_plus_frozen_sequence_fm,donor,ENC-003,95580.0,23149.0,2733.0,0.02859384808537351,95580.0,0.04874065924068518,0.5272954710209031,0.020739843077586667,
ctcf,fold_d,42,strict,coordinate_plus_frozen_sequence_fm,donor,ENC-004,102083.0,23466.0,4191.0,0.04105482793413203,102083.0,0.0763481477051633,0.6147474895834006,0.03680431457306199,
ctcf,fold_d,42,strict,coordinate_plus_frozen_sequence_fm,tissue,Peyers_patch,18229.0,12944.0,772.0,0.042350101486642165,18229.0,0.07211265159441177,0.5314776040372777,0.03107873780801582,
ctcf,fold_d,42,strict,coordinate_plus_frozen_sequence_fm,tissue,adrenal_gland,25115.0,19844.0,838.0,0.03336651403543699,25115.0,0.05658012049882146,0.5699403847577428,0.02401489995995803,
ctcf,fold_d,42,strict,coordinate_plus_frozen_sequence_fm,tissue,ascending_aorta,5768.0,4309.0,262.0,0.045423023578363385,5768.0,0.09329440963637081,0.6148868132751779,0.050149319793422964,
ctcf,fold_d,42,strict,coordinate_plus_frozen_sequence_fm,tissue,body_of_pancreas,37806.0,29388.0,1745.0,0.046156694704544254,37806.0,0.06740892300361256,0.5580816300682487,0.0222806284649504,
ctcf,fold_d,42,strict,coordinate_plus_frozen_sequence_fm,tissue,breast_epithelium,7688.0,6591.0,326.0,0.042403746097814776,7688.0,0.0818940335333396,0.6135515155757554,0.041238974436880585,
ctcf,fold_d,42,strict,coordinate_plus_frozen_sequence_fm,tissue,coronary_artery,3166.0,3041.0,117.0,0.03695514845230575,3166.0,0.05986703759552049,0.5008675956527712,0.023791092498333184,
ctcf,fold_d,42,strict,coordinate_plus_frozen_sequence_fm,tissue,esophagus_muscularis_mucosa,11186.0,7931.0,476.0,0.0425531914893617,11186.0,0.06300755979683963,0.548383471035473,0.02136345134336583,
ctcf,fold_d,42,strict,coordinate_plus_frozen_sequence_fm,tissue,esophagus_squamous_epithelium,22821.0,16625.0,851.0,0.03729021515271022,22821.0,0.05109092781960618,0.5272773416586126,0.01433527827816262,
ctcf,fold_d,42,strict,coordinate_plus_frozen_sequence_fm,tissue,gastrocnemius_medialis,12289.0,8636.0,426.0,0.03466514769305883,12289.0,0.04603335848998144,0.5141712762172518,0.01177644293040394,
ctcf,fold_d,42,strict,coordinate_plus_frozen_sequence_fm,tissue,gastroesophageal_sphincter,19167.0,12116.0,582.0,0.030364689309751135,19167.0,0.05961010355682099,0.5638024697521464,0.03016125127111046,
ctcf,fold_d,42,strict,coordinate_plus_frozen_sequence_fm,tissue,heart_left_ventricle,9484.0,7175.0,417.0,0.043968789540278365,9484.0,0.05281143871892895,0.5312451483612933,0.009249331069849143,
ctcf,fold_d,42,strict,coordinate_plus_frozen_sequence_fm,tissue,lower_leg_skin,1136.0,1109.0,31.0,0.027288732394366196,1136.0,0.14948732634542256,0.6565464895635674,0.12562678979945704,
ctcf,fold_d,42,strict,coordinate_plus_frozen_sequence_fm,tissue,omental_fat_pad,1540.0,1456.0,29.0,0.01883116883116883,1540.0,0.060469051270407234,0.620917866678838,0.0424370211491907,
ctcf,fold_d,42,strict,coordinate_plus_frozen_sequence_fm,tissue,ovary,6762.0,6088.0,181.0,0.026767228630582666,6762.0,0.045517560519312335,0.5736168326531845,0.019266030121803678,
ctcf,fold_d,42,strict,coordinate_plus_frozen_sequence_fm,tissue,prostate_gland,10405.0,7819.0,441.0,0.042383469485824124,10405.0,0.07585855615039316,0.5717351171701117,0.034956671692577365,
ctcf,fold_d,42,strict,coordinate_plus_frozen_sequence_fm,tissue,right_atrium_auricular_region,5720.0,4862.0,248.0,0.043356643356643354,5720.0,0.12969686188149315,0.6202172202178834,0.0902532986041924,
ctcf,fold_d,42,strict,coordinate_plus_frozen_sequence_fm,tissue,right_lobe_of_liver,3386.0,3386.0,133.0,0.03927938570584761,3386.0,0.05910887356285396,0.5035086178403279,0.020640223142890716,
ctcf,fold_d,42,strict,coordinate_plus_frozen_sequence_fm,tissue,sigmoid_colon,18053.0,15317.0,269.0,0.01490057054229214,18053.0,0.017736346927703983,0.4960340902059744,0.0028786702140035985,
ctcf,fold_d,42,strict,coordinate_plus_frozen_sequence_fm,tissue,spleen,50375.0,36713.0,1366.0,0.027116625310173698,50375.0,0.04527837936777787,0.5447210938965494,0.018667966305205376,
ctcf,fold_d,42,strict,coordinate_plus_frozen_sequence_fm,tissue,stomach,15199.0,11877.0,446.0,0.02934403579182841,15199.0,0.06067952448437225,0.6135465645202816,0.0322827962202924,
ctcf,fold_d,42,strict,coordinate_plus_frozen_sequence_fm,tissue,suprapubic_skin,3203.0,2711.0,86.0,0.026849828285981894,3203.0,0.14151732817199364,0.5938402309913378,0.11783124867978685,
ctcf,fold_d,42,strict,coordinate_plus_frozen_sequence_fm,tissue,testis,6338.0,4814.0,152.0,0.023982328810350267,6338.0,0.048081483854105295,0.5262344300372658,0.024691310162838563,
ctcf,fold_d,42,strict,coordinate_plus_frozen_sequence_fm,tissue,thoracic_aorta,8569.0,7344.0,305.0,0.03559341813513829,8569.0,0.051609115374698075,0.5427616126830972,0.016606789647360575,
ctcf,fold_d,42,strict,coordinate_plus_frozen_sequence_fm,tissue,thyroid_gland,17670.0,11352.0,885.0,0.0500848896434635,17670.0,0.09406228539531943,0.620007909941113,0.046296132435823305,
ctcf,fold_d,42,strict,coordinate_plus_frozen_sequence_fm,tissue,tibial_artery,4846.0,3449.0,232.0,0.047874535699546014,4846.0,0.08809114653725394,0.5412883204041672,0.04223877245763603,
ctcf,fold_d,42,strict,coordinate_plus_frozen_sequence_fm,tissue,tibial_nerve,17780.0,12008.0,654.0,0.03678290213723285,17780.0,0.060903154425828804,0.5636477934188803,0.0250413456552164,
ctcf,fold_d,42,strict,coordinate_plus_frozen_sequence_fm,tissue,transverse_colon,25190.0,15336.0,975.0,0.03870583564906709,25190.0,0.05414889981829601,0.5357613896874686,0.016064868322233177,
ctcf,fold_d,42,strict,coordinate_plus_frozen_sequence_fm,tissue,upper_lobe_of_left_lung,27992.0,19112.0,1046.0,0.037367819376964845,27992.0,0.06056319851238967,0.5403506893398724,0.024095786118860377,
ctcf,fold_d,42,strict,coordinate_plus_frozen_sequence_fm,tissue,uterus,12062.0,8617.0,325.0,0.026944122036146576,12062.0,0.05861910865545674,0.584810428559257,0.032552073664660404,
ctcf,fold_d,42,strict,coordinate_plus_frozen_sequence_fm,tissue,vagina,3589.0,2963.0,74.0,0.020618556701030927,3589.0,0.07265166633809163,0.5706950905386183,0.05312854352415672,
ctcf,fold_d,42,strict,coordinate_plus_frozen_sequence_fm_plus_frozen_pangenomefm,measurement_weight,all,412534.0,100926.0,14690.0,0.0356091861519293,412534.0,0.05667565759840401,0.5565475745274517,0.02184433026940208,
ctcf,fold_d,42,strict,coordinate_plus_frozen_sequence_fm_plus_frozen_pangenomefm,equal_locus_weight,all,412534.0,100926.0,14690.0,0.021865679301300706,100926.0,0.035589143116760244,0.5583144433691246,0.014030244645394527,
ctcf,fold_d,42,strict,coordinate_plus_frozen_sequence_fm_plus_frozen_pangenomefm,donor,ENC-001,94516.0,29383.0,3700.0,0.039146811121926445,94516.0,0.05925458972704753,0.5426555789073958,0.020927004081237054,
ctcf,fold_d,42,strict,coordinate_plus_frozen_sequence_fm_plus_frozen_pangenomefm,donor,ENC-002,120355.0,45592.0,4066.0,0.03378339080221013,120355.0,0.05326380294833995,0.5410050926559873,0.020161537237808,
ctcf,fold_d,42,strict,coordinate_plus_frozen_sequence_fm_plus_frozen_pangenomefm,donor,ENC-003,95580.0,23149.0,2733.0,0.02859384808537351,95580.0,0.049011354662480175,0.5243461646558183,0.0210185065606843,
ctcf,fold_d,42,strict,coordinate_plus_frozen_sequence_fm_plus_frozen_pangenomefm,donor,ENC-004,102083.0,23466.0,4191.0,0.04105482793413203,102083.0,0.07379704339158752,0.6072625317741903,0.03414399113863675,
ctcf,fold_d,42,strict,coordinate_plus_frozen_sequence_fm_plus_frozen_pangenomefm,tissue,Peyers_patch,18229.0,12944.0,772.0,0.042350101486642165,18229.0,0.07023856367553595,0.5376469450768891,0.029121772196903525,
ctcf,fold_d,42,strict,coordinate_plus_frozen_sequence_fm_plus_frozen_pangenomefm,tissue,adrenal_gland,25115.0,19844.0,838.0,0.03336651403543699,25115.0,0.05539519708364113,0.571659455903881,0.02278907504039408,
ctcf,fold_d,42,strict,coordinate_plus_frozen_sequence_fm_plus_frozen_pangenomefm,tissue,ascending_aorta,5768.0,4309.0,262.0,0.045423023578363385,5768.0,0.09106290052718066,0.6065170403972904,0.047811625543185264,
ctcf,fold_d,42,strict,coordinate_plus_frozen_sequence_fm_plus_frozen_pangenomefm,tissue,body_of_pancreas,37806.0,29388.0,1745.0,0.046156694704544254,37806.0,0.06712199003949731,0.561303916024495,0.02197981074937565,
ctcf,fold_d,42,strict,coordinate_plus_frozen_sequence_fm_plus_frozen_pangenomefm,tissue,breast_epithelium,7688.0,6591.0,326.0,0.042403746097814776,7688.0,0.07974820409552305,0.6186335734987991,0.038998124570277265,
ctcf,fold_d,42,strict,coordinate_plus_frozen_sequence_fm_plus_frozen_pangenomefm,tissue,coronary_artery,3166.0,3041.0,117.0,0.03695514845230575,3166.0,0.056113562439865226,0.4986390381601926,0.01989358435047993,
ctcf,fold_d,42,strict,coordinate_plus_frozen_sequence_fm_plus_frozen_pangenomefm,tissue,esophagus_muscularis_mucosa,11186.0,7931.0,476.0,0.0425531914893617,11186.0,0.06127829789953182,0.5459903569270845,0.019557333361733233,
ctcf,fold_d,42,strict,coordinate_plus_frozen_sequence_fm_plus_frozen_pangenomefm,tissue,esophagus_squamous_epithelium,22821.0,16625.0,851.0,0.03729021515271022,22821.0,0.05094836996416024,0.5271015330701464,0.014187198495771545,
ctcf,fold_d,42,strict,coordinate_plus_frozen_sequence_fm_plus_frozen_pangenomefm,tissue,gastrocnemius_medialis,12289.0,8636.0,426.0,0.03466514769305883,12289.0,0.04594600506098643,0.5122686864393532,0.011685952642203679,
ctcf,fold_d,42,strict,coordinate_plus_frozen_sequence_fm_plus_frozen_pangenomefm,tissue,gastroesophageal_sphincter,19167.0,12116.0,582.0,0.030364689309751135,19167.0,0.05820392970997958,0.5621430559138056,0.028711042278782812,
ctcf,fold_d,42,strict,coordinate_plus_frozen_sequence_fm_plus_frozen_pangenomefm,tissue,heart_left_ventricle,9484.0,7175.0,417.0,0.043968789540278365,9484.0,0.051071411445033334,0.5256103047417586,0.007429278277787154,
ctcf,fold_d,42,strict,coordinate_plus_frozen_sequence_fm_plus_frozen_pangenomefm,tissue,lower_leg_skin,1136.0,1109.0,31.0,0.027288732394366196,1136.0,0.156035471367015,0.6829367975478033,0.13235863843703988,
ctcf,fold_d,42,strict,coordinate_plus_frozen_sequence_fm_plus_frozen_pangenomefm,tissue,omental_fat_pad,1540.0,1456.0,29.0,0.01883116883116883,1540.0,0.0575778719248181,0.607681599306237,0.039490352590483044,
ctcf,fold_d,42,strict,coordinate_plus_frozen_sequence_fm_plus_frozen_pangenomefm,tissue,ovary,6762.0,6088.0,181.0,0.026767228630582666,6762.0,0.04337327421148805,0.5650873391590222,0.017062768609342385,
ctcf,fold_d,42,strict,coordinate_plus_frozen_sequence_fm_plus_frozen_pangenomefm,tissue,prostate_gland,10405.0,7819.0,441.0,0.042383469485824124,10405.0,0.07508838124967851,0.5696787346010262,0.034152409364000894,
ctcf,fold_d,42,strict,coordinate_plus_frozen_sequence_fm_plus_frozen_pangenomefm,tissue,right_atrium_auricular_region,5720.0,4862.0,248.0,0.043356643356643354,5720.0,0.12066312941922883,0.6067719386672326,0.08081014259466171,
ctcf,fold_d,42,strict,coordinate_plus_frozen_sequence_fm_plus_frozen_pangenomefm,tissue,right_lobe_of_liver,3386.0,3386.0,133.0,0.03927938570584761,3386.0,0.06261969022943378,0.5022581815744402,0.024294580730667932,
ctcf,fold_d,42,strict,coordinate_plus_frozen_sequence_fm_plus_frozen_pangenomefm,tissue,sigmoid_colon,18053.0,15317.0,269.0,0.01490057054229214,18053.0,0.01771048629948536,0.4983932552045446,0.0028524184190625965,
ctcf,fold_d,42,strict,coordinate_plus_frozen_sequence_fm_plus_frozen_pangenomefm,tissue,spleen,50375.0,36713.0,1366.0,0.027116625310173698,50375.0,0.04392547468068886,0.5442501940436015,0.017277352874772004,
ctcf,fold_d,42,strict,coordinate_plus_frozen_sequence_fm_plus_frozen_pangenomefm,tissue,stomach,15199.0,11877.0,446.0,0.02934403579182841,15199.0,0.061575862188839744,0.6106770409848996,0.03320623123487936,
ctcf,fold_d,42,strict,coordinate_plus_frozen_sequence_fm_plus_frozen_pangenomefm,tissue,suprapubic_skin,3203.0,2711.0,86.0,0.026849828285981894,3203.0,0.1415666945751923,0.5941050950899418,0.11788197713325023,
ctcf,fold_d,42,strict,coordinate_plus_frozen_sequence_fm_plus_frozen_pangenomefm,tissue,testis,6338.0,4814.0,152.0,0.023982328810350267,6338.0,0.051424976772040484,0.5550431151836915,0.028116958095892756,
ctcf,fold_d,42,strict,coordinate_plus_frozen_sequence_fm_plus_frozen_pangenomefm,tissue,thoracic_aorta,8569.0,7344.0,305.0,0.03559341813513829,8569.0,0.05198849853075417,0.5471222208115785,0.01700017472289841,
ctcf,fold_d,42,strict,coordinate_plus_frozen_sequence_fm_plus_frozen_pangenomefm,tissue,thyroid_gland,17670.0,11352.0,885.0,0.0500848896434635,17670.0,0.09105626318033488,0.6172444794501413,0.04313161575195218,
ctcf,fold_d,42,strict,coordinate_plus_frozen_sequence_fm_plus_frozen_pangenomefm,tissue,tibial_artery,4846.0,3449.0,232.0,0.047874535699546014,4846.0,0.08889332283726524,0.5473455973573682,0.04308128358677663,
ctcf,fold_d,42,strict,coordinate_plus_frozen_sequence_fm_plus_frozen_pangenomefm,tissue,tibial_nerve,17780.0,12008.0,654.0,0.03678290213723285,17780.0,0.05952231939038492,0.5574199823506366,0.02360777991130701,
ctcf,fold_d,42,strict,coordinate_plus_frozen_sequence_fm_plus_frozen_pangenomefm,tissue,transverse_colon,25190.0,15336.0,975.0,0.03870583564906709,25190.0,0.054957364664121364,0.5415382709382296,0.016905885438332317,
ctcf,fold_d,42,strict,coordinate_plus_frozen_sequence_fm_plus_frozen_pangenomefm,tissue,upper_lobe_of_left_lung,27992.0,19112.0,1046.0,0.037367819376964845,27992.0,0.0596087461085158,0.5431807954127928,0.02310428342127122,
ctcf,fold_d,42,strict,coordinate_plus_frozen_sequence_fm_plus_frozen_pangenomefm,tissue,uterus,12062.0,8617.0,325.0,0.026944122036146576,12062.0,0.05688432569233279,0.5761351675503503,0.030769254196210113,
ctcf,fold_d,42,strict,coordinate_plus_frozen_sequence_fm_plus_frozen_pangenomefm,tissue,vagina,3589.0,2963.0,74.0,0.020618556701030927,3589.0,0.0718814781201507,0.5630021913805697,0.05234214081741703,
ctcf,fold_e,20260806,1hop,coordinate_plus_frozen_sequence_fm,measurement_weight,all,390932.0,100160.0,11921.0,0.03049379431717025,390932.0,0.04803152601194051,0.5529450859889012,0.01808934444356477,
ctcf,fold_e,20260806,1hop,coordinate_plus_frozen_sequence_fm,equal_locus_weight,all,390932.0,100160.0,11921.0,0.021253251924681343,100160.0,0.04007973821649407,0.5594571804282678,0.019235298946162067,
ctcf,fold_e,20260806,1hop,coordinate_plus_frozen_sequence_fm,donor,ENC-001,92426.0,30354.0,3033.0,0.03281544154242313,92426.0,0.061102289448914965,0.5369903390884063,0.02924658759193018,
ctcf,fold_e,20260806,1hop,coordinate_plus_frozen_sequence_fm,donor,ENC-002,116484.0,45084.0,3143.0,0.02698224648878816,116484.0,0.03421106909857244,0.5543945456501747,0.007429281309306533,
ctcf,fold_e,20260806,1hop,coordinate_plus_frozen_sequence_fm,donor,ENC-003,87819.0,21396.0,2526.0,0.02876370717043009,87819.0,0.06224330637320791,0.5817766249726537,0.03447111629780575,
ctcf,fold_e,20260806,1hop,coordinate_plus_frozen_sequence_fm,donor,ENC-004,94203.0,22456.0,3219.0,0.034170886277507084,94203.0,0.050234401706700446,0.5435308129648855,0.01663184014745782,
ctcf,fold_e,20260806,1hop,coordinate_plus_frozen_sequence_fm,tissue,Peyers_patch,17004.0,11994.0,628.0,0.03693248647377088,17004.0,0.04515940167993518,0.5262623141213334,0.008542407557744125,
ctcf,fold_e,20260806,1hop,coordinate_plus_frozen_sequence_fm,tissue,adrenal_gland,23440.0,18545.0,638.0,0.027218430034129694,23440.0,0.03758143167708981,0.534351981718592,0.010652958447109253,
ctcf,fold_e,20260806,1hop,coordinate_plus_frozen_sequence_fm,tissue,ascending_aorta,5599.0,4158.0,188.0,0.03357742454009645,5599.0,0.05051335006790871,0.5223176193490802,0.017524348000410434,
ctcf,fold_e,20260806,1hop,coordinate_plus_frozen_sequence_fm,tissue,body_of_pancreas,36636.0,28564.0,1384.0,0.037777049896276886,36636.0,0.04504342279102957,0.5273626606025387,0.007551652030300671,
ctcf,fold_e,20260806,1hop,coordinate_plus_frozen_sequence_fm,tissue,breast_epithelium,6985.0,5990.0,191.0,0.027344309234073015,6985.0,0.04559696492324761,0.5448601861513162,0.018765793345434875,
ctcf,fold_e,20260806,1hop,coordinate_plus_frozen_sequence_fm,tissue,coronary_artery,3085.0,2958.0,121.0,0.039222042139384114,3085.0,0.08799430157577201,0.555495142815717,0.05076329971702316,
ctcf,fold_e,20260806,1hop,coordinate_plus_frozen_sequence_fm,tissue,esophagus_muscularis_mucosa,10786.0,7626.0,397.0,0.036806972000741706,10786.0,0.056841375134884645,0.5394678492777067,0.02079998769899564,
ctcf,fold_e,20260806,1hop,coordinate_plus_frozen_sequence_fm,tissue,esophagus_squamous_epithelium,21456.0,15578.0,715.0,0.03332401193139448,21456.0,0.05554883370126937,0.5653917462894851,0.02299097323631626,
ctcf,fold_e,20260806,1hop,coordinate_plus_frozen_sequence_fm,tissue,gastrocnemius_medialis,12035.0,8350.0,360.0,0.029912754466140425,12035.0,0.07191193881728883,0.5633060908874614,0.04329423414698681,
ctcf,fold_e,20260806,1hop,coordinate_plus_frozen_sequence_fm,tissue,gastroesophageal_sphincter,17783.0,11180.0,455.0,0.02558623404374965,17783.0,0.040877204997290674,0.567473402636145,0.015692482483080566,
ctcf,fold_e,20260806,1hop,coordinate_plus_frozen_sequence_fm,tissue,heart_left_ventricle,8945.0,6734.0,351.0,0.039239798770262714,8945.0,0.06498392170666485,0.5610072488126945,0.02679557594439343,
ctcf,fold_e,20260806,1hop,coordinate_plus_frozen_sequence_fm,tissue,lower_leg_skin,1228.0,1184.0,54.0,0.043973941368078175,1228.0,0.09394571115777978,0.6544182598271184,0.0522703009384613,
ctcf,fold_e,20260806,1hop,coordinate_plus_frozen_sequence_fm,tissue,omental_fat_pad,1508.0,1434.0,37.0,0.02453580901856764,1508.0,0.036541870600641256,0.549653664541496,0.012308049534851812,
ctcf,fold_e,20260806,1hop,coordinate_plus_frozen_sequence_fm,tissue,ovary,5802.0,5311.0,111.0,0.019131334022750777,5802.0,0.03755370434559144,0.5330923965610312,0.0187816890903394,
ctcf,fold_e,20260806,1hop,coordinate_plus_frozen_sequence_fm,tissue,prostate_gland,9690.0,7086.0,359.0,0.0370485036119711,9690.0,0.1276174228805929,0.6025170240033149,0.09405345919118481,
ctcf,fold_e,20260806,1hop,coordinate_plus_frozen_sequence_fm,tissue,right_atrium_auricular_region,5637.0,4715.0,200.0,0.03547986517651233,5637.0,0.07712527659031729,0.5773386058488137,0.0431773375279784,
ctcf,fold_e,20260806,1hop,coordinate_plus_frozen_sequence_fm,tissue,right_lobe_of_liver,3306.0,3306.0,130.0,0.03932244404113733,3306.0,0.075771377753707,0.5745034876961829,0.037940861100048906,
ctcf,fold_e,20260806,1hop,coordinate_plus_frozen_sequence_fm,tissue,sigmoid_colon,17821.0,15084.0,310.0,0.0173952079007912,17821.0,0.02424486853512678,0.5377805840015768,0.006970921258894086,
ctcf,fold_e,20260806,1hop,coordinate_plus_frozen_sequence_fm,tissue,spleen,47375.0,34842.0,1176.0,0.02482321899736148,47375.0,0.04393632938141813,0.5731052226297562,0.019599636451972637,
ctcf,fold_e,20260806,1hop,coordinate_plus_frozen_sequence_fm,tissue,stomach,14307.0,10963.0,344.0,0.024044174180471098,14307.0,0.046596422550759575,0.5814574939749404,0.023107857726399575,
ctcf,fold_e,20260806,1hop,coordinate_plus_frozen_sequence_fm,tissue,suprapubic_skin,3204.0,2702.0,69.0,0.02153558052434457,3204.0,0.12506644255389687,0.6297274807572291,0.10580953172015489,
ctcf,fold_e,20260806,1hop,coordinate_plus_frozen_sequence_fm,tissue,testis,5657.0,4170.0,126.0,0.022273289729538626,5657.0,0.04693013426486481,0.5777170809262655,0.02521854448315679,
ctcf,fold_e,20260806,1hop,coordinate_plus_frozen_sequence_fm,tissue,thoracic_aorta,9292.0,8011.0,224.0,0.02410675850193715,9292.0,0.03712141287713253,0.5146780377623039,0.013336145616929366,
ctcf,fold_e,20260806,1hop,coordinate_plus_frozen_sequence_fm,tissue,thyroid_gland,16847.0,10637.0,600.0,0.03561464949249125,16847.0,0.0646687679355594,0.5454007406495558,0.03012708397921888,
ctcf,fold_e,20260806,1hop,coordinate_plus_frozen_sequence_fm,tissue,tibial_artery,5122.0,3688.0,187.0,0.03650917610308473,5122.0,0.06571641212652998,0.5376341639170175,0.03031397424763659,
ctcf,fold_e,20260806,1hop,coordinate_plus_frozen_sequence_fm,tissue,tibial_nerve,16585.0,11176.0,533.0,0.03213747362074163,16585.0,0.044878686501432494,0.5403804894879634,0.013164279568044975,
ctcf,fold_e,20260806,1hop,coordinate_plus_frozen_sequence_fm,tissue,transverse_colon,23368.0,13926.0,781.0,0.03342177336528586,23368.0,0.05730996347622919,0.5576123722941941,0.024714181897220695,
ctcf,fold_e,20260806,1hop,coordinate_plus_frozen_sequence_fm,tissue,upper_lobe_of_left_lung,25929.0,17536.0,835.0,0.03220332446295653,25929.0,0.048820319229719904,0.5563773624346111,0.017169923380386046,
ctcf,fold_e,20260806,1hop,coordinate_plus_frozen_sequence_fm,tissue,uterus,11200.0,8005.0,322.0,0.02875,11200.0,0.054626715934829116,0.5907550026893417,0.026642693369193428,
ctcf,fold_e,20260806,1hop,coordinate_plus_frozen_sequence_fm,tissue,vagina,3300.0,2754.0,95.0,0.02878787878787879,3300.0,0.04256832081544207,0.5157402085557107,0.014188910668005872,
ctcf,fold_e,20260806,1hop,coordinate_plus_frozen_sequence_fm_plus_frozen_pangenomefm,measurement_weight,all,390932.0,100160.0,11921.0,0.03049379431717025,390932.0,0.05224911476447982,0.5560540167980814,0.02243958864810685,
ctcf,fold_e,20260806,1hop,coordinate_plus_frozen_sequence_fm_plus_frozen_pangenomefm,equal_locus_weight,all,390932.0,100160.0,11921.0,0.021253251924681343,100160.0,0.04071552787214191,0.5640489644486784,0.01988489462236544,
ctcf,fold_e,20260806,1hop,coordinate_plus_frozen_sequence_fm_plus_frozen_pangenomefm,donor,ENC-001,92426.0,30354.0,3033.0,0.03281544154242313,92426.0,0.06282941623217957,0.5432490450697653,0.031032313768141,
ctcf,fold_e,20260806,1hop,coordinate_plus_frozen_sequence_fm_plus_frozen_pangenomefm,donor,ENC-002,116484.0,45084.0,3143.0,0.02698224648878816,116484.0,0.04837062321758935,0.5665811265154548,0.021981486618943523,
ctcf,fold_e,20260806,1hop,coordinate_plus_frozen_sequence_fm_plus_frozen_pangenomefm,donor,ENC-003,87819.0,21396.0,2526.0,0.02876370717043009,87819.0,0.06129550242379639,0.568820848824042,0.03349524260320748,
ctcf,fold_e,20260806,1hop,coordinate_plus_frozen_sequence_fm_plus_frozen_pangenomefm,donor,ENC-004,94203.0,22456.0,3219.0,0.034170886277507084,94203.0,0.051832477723530196,0.5477675655899489,0.01828645584926707,
ctcf,fold_e,20260806,1hop,coordinate_plus_frozen_sequence_fm_plus_frozen_pangenomefm,tissue,Peyers_patch,17004.0,11994.0,628.0,0.03693248647377088,17004.0,0.05202399782809397,0.5317325883147312,0.015670252752131773,
ctcf,fold_e,20260806,1hop,coordinate_plus_frozen_sequence_fm_plus_frozen_pangenomefm,tissue,adrenal_gland,23440.0,18545.0,638.0,0.027218430034129694,23440.0,0.03971533086058614,0.5417791474047127,0.01284656413350316,
ctcf,fold_e,20260806,1hop,coordinate_plus_frozen_sequence_fm_plus_frozen_pangenomefm,tissue,ascending_aorta,5599.0,4158.0,188.0,0.03357742454009645,5599.0,0.051476313321543746,0.515984971511932,0.01852076848776999,
ctcf,fold_e,20260806,1hop,coordinate_plus_frozen_sequence_fm_plus_frozen_pangenomefm,tissue,body_of_pancreas,36636.0,28564.0,1384.0,0.037777049896276886,36636.0,0.046514156032754814,0.5282908250521923,0.009080126529445289,
ctcf,fold_e,20260806,1hop,coordinate_plus_frozen_sequence_fm_plus_frozen_pangenomefm,tissue,breast_epithelium,6985.0,5990.0,191.0,0.027344309234073015,6985.0,0.06186013106162777,0.5421314156161812,0.03548616653892699,
ctcf,fold_e,20260806,1hop,coordinate_plus_frozen_sequence_fm_plus_frozen_pangenomefm,tissue,coronary_artery,3085.0,2958.0,121.0,0.039222042139384114,3085.0,0.08632972254636054,0.5496983080715139,0.04903076722520994,
ctcf,fold_e,20260806,1hop,coordinate_plus_frozen_sequence_fm_plus_frozen_pangenomefm,tissue,esophagus_muscularis_mucosa,10786.0,7626.0,397.0,0.036806972000741706,10786.0,0.06081989014917858,0.5440405990350674,0.02493053567706614,
ctcf,fold_e,20260806,1hop,coordinate_plus_frozen_sequence_fm_plus_frozen_pangenomefm,tissue,esophagus_squamous_epithelium,21456.0,15578.0,715.0,0.03332401193139448,21456.0,0.05857808735010066,0.568470881126973,0.02612465368997443,
ctcf,fold_e,20260806,1hop,coordinate_plus_frozen_sequence_fm_plus_frozen_pangenomefm,tissue,gastrocnemius_medialis,12035.0,8350.0,360.0,0.029912754466140425,12035.0,0.06823701762367533,0.5633598620033309,0.039505996325561676,
ctcf,fold_e,20260806,1hop,coordinate_plus_frozen_sequence_fm_plus_frozen_pangenomefm,tissue,gastroesophageal_sphincter,17783.0,11180.0,455.0,0.02558623404374965,17783.0,0.048548843654648025,0.577564165981756,0.023565563637500335,
ctcf,fold_e,20260806,1hop,coordinate_plus_frozen_sequence_fm_plus_frozen_pangenomefm,tissue,heart_left_ventricle,8945.0,6734.0,351.0,0.039239798770262714,8945.0,0.06514915159396843,0.5480471699927134,0.02696755422481355,
ctcf,fold_e,20260806,1hop,coordinate_plus_frozen_sequence_fm_plus_frozen_pangenomefm,tissue,lower_leg_skin,1228.0,1184.0,54.0,0.043973941368078175,1228.0,0.08828675803808711,0.6619423938418828,0.04635105525619333,
ctcf,fold_e,20260806,1hop,coordinate_plus_frozen_sequence_fm_plus_frozen_pangenomefm,tissue,omental_fat_pad,1508.0,1434.0,37.0,0.02453580901856764,1508.0,0.08018296538035713,0.6141988351369725,0.05704684690250072,
ctcf,fold_e,20260806,1hop,coordinate_plus_frozen_sequence_fm_plus_frozen_pangenomefm,tissue,ovary,5802.0,5311.0,111.0,0.019131334022750777,5802.0,0.03893321621374547,0.5257360681714925,0.020188107621182786,
ctcf,fold_e,20260806,1hop,coordinate_plus_frozen_sequence_fm_plus_frozen_pangenomefm,tissue,prostate_gland,9690.0,7086.0,359.0,0.0370485036119711,9690.0,0.1475329965143281,0.618949504586652,0.11473526269679986,
ctcf,fold_e,20260806,1hop,coordinate_plus_frozen_sequence_fm_plus_frozen_pangenomefm,tissue,right_atrium_auricular_region,5637.0,4715.0,200.0,0.03547986517651233,5637.0,0.07425005800968565,0.5777873827478389,0.040196354055655324,
ctcf,fold_e,20260806,1hop,coordinate_plus_frozen_sequence_fm_plus_frozen_pangenomefm,tissue,right_lobe_of_liver,3306.0,3306.0,130.0,0.03932244404113733,3306.0,0.07764021303180096,0.5666791803913971,0.03988619152491624,
ctcf,fold_e,20260806,1hop,coordinate_plus_frozen_sequence_fm_plus_frozen_pangenomefm,tissue,sigmoid_colon,17821.0,15084.0,310.0,0.0173952079007912,17821.0,0.033211076852905766,0.5447597915411695,0.01609585977931778,
ctcf,fold_e,20260806,1hop,coordinate_plus_frozen_sequence_fm_plus_frozen_pangenomefm,tissue,spleen,47375.0,34842.0,1176.0,0.02482321899736148,47375.0,0.04283745852803754,0.5715292892195298,0.018472793735054404,
ctcf,fold_e,20260806,1hop,coordinate_plus_frozen_sequence_fm_plus_frozen_pangenomefm,tissue,stomach,14307.0,10963.0,344.0,0.024044174180471098,14307.0,0.06205077165404154,0.5925651306026392,0.038942948510661914,
ctcf,fold_e,20260806,1hop,coordinate_plus_frozen_sequence_fm_plus_frozen_pangenomefm,tissue,suprapubic_skin,3204.0,2702.0,69.0,0.02153558052434457,3204.0,0.11066819331413283,0.6281603217529992,0.09109438321482666,
ctcf,fold_e,20260806,1hop,coordinate_plus_frozen_sequence_fm_plus_frozen_pangenomefm,tissue,testis,5657.0,4170.0,126.0,0.022273289729538626,5657.0,0.06163358099375094,0.5876782521602626,0.04025694588350191,
ctcf,fold_e,20260806,1hop,coordinate_plus_frozen_sequence_fm_plus_frozen_pangenomefm,tissue,thoracic_aorta,9292.0,8011.0,224.0,0.02410675850193715,9292.0,0.03700148717682859,0.5187664432226353,0.013213257482034769,
ctcf,fold_e,20260806,1hop,coordinate_plus_frozen_sequence_fm_plus_frozen_pangenomefm,tissue,thyroid_gland,16847.0,10637.0,600.0,0.03561464949249125,16847.0,0.062320319585016465,0.5418505467676085,0.027691907678265053,
ctcf,fold_e,20260806,1hop,coordinate_plus_frozen_sequence_fm_plus_frozen_pangenomefm,tissue,tibial_artery,5122.0,3688.0,187.0,0.03650917610308473,5122.0,0.06322631723930375,0.5297075890317442,0.027729523181299655,
ctcf,fold_e,20260806,1hop,coordinate_plus_frozen_sequence_fm_plus_frozen_pangenomefm,tissue,tibial_nerve,16585.0,11176.0,533.0,0.03213747362074163,16585.0,0.056677637090223075,0.5408455586884838,0.025355009415733223,
ctcf,fold_e,20260806,1hop,coordinate_plus_frozen_sequence_fm_plus_frozen_pangenomefm,tissue,transverse_colon,23368.0,13926.0,781.0,0.03342177336528586,23368.0,0.06201556178429678,0.5668500633799132,0.029582487615683672,
ctcf,fold_e,20260806,1hop,coordinate_plus_frozen_sequence_fm_plus_frozen_pangenomefm,tissue,upper_lobe_of_left_lung,25929.0,17536.0,835.0,0.03220332446295653,25929.0,0.06409925311411677,0.5654032574048524,0.03295726205451238,
ctcf,fold_e,20260806,1hop,coordinate_plus_frozen_sequence_fm_plus_frozen_pangenomefm,tissue,uterus,11200.0,8005.0,322.0,0.02875,11200.0,0.054321932080064965,0.5881161932625997,0.026328887598522487,
ctcf,fold_e,20260806,1hop,coordinate_plus_frozen_sequence_fm_plus_frozen_pangenomefm,tissue,vagina,3300.0,2754.0,95.0,0.02878787878787879,3300.0,0.05332374458986833,0.5475490598571311,0.025263137955246637,
ctcf,fold_e,20260806,strict,coordinate_plus_frozen_sequence_fm,measurement_weight,all,390932.0,100160.0,11921.0,0.03049379431717025,390932.0,0.04803152601194051,0.5529450859889012,0.01808934444356477,
ctcf,fold_e,20260806,strict,coordinate_plus_frozen_sequence_fm,equal_locus_weight,all,390932.0,100160.0,11921.0,0.021253251924681343,100160.0,0.04007973821649407,0.5594571804282678,0.019235298946162067,
ctcf,fold_e,20260806,strict,coordinate_plus_frozen_sequence_fm,donor,ENC-001,92426.0,30354.0,3033.0,0.03281544154242313,92426.0,0.061102289448914965,0.5369903390884063,0.02924658759193018,
ctcf,fold_e,20260806,strict,coordinate_plus_frozen_sequence_fm,donor,ENC-002,116484.0,45084.0,3143.0,0.02698224648878816,116484.0,0.03421106909857244,0.5543945456501747,0.007429281309306533,
ctcf,fold_e,20260806,strict,coordinate_plus_frozen_sequence_fm,donor,ENC-003,87819.0,21396.0,2526.0,0.02876370717043009,87819.0,0.06224330637320791,0.5817766249726537,0.03447111629780575,
ctcf,fold_e,20260806,strict,coordinate_plus_frozen_sequence_fm,donor,ENC-004,94203.0,22456.0,3219.0,0.034170886277507084,94203.0,0.050234401706700446,0.5435308129648855,0.01663184014745782,
ctcf,fold_e,20260806,strict,coordinate_plus_frozen_sequence_fm,tissue,Peyers_patch,17004.0,11994.0,628.0,0.03693248647377088,17004.0,0.04515940167993518,0.5262623141213334,0.008542407557744125,
ctcf,fold_e,20260806,strict,coordinate_plus_frozen_sequence_fm,tissue,adrenal_gland,23440.0,18545.0,638.0,0.027218430034129694,23440.0,0.03758143167708981,0.534351981718592,0.010652958447109253,
ctcf,fold_e,20260806,strict,coordinate_plus_frozen_sequence_fm,tissue,ascending_aorta,5599.0,4158.0,188.0,0.03357742454009645,5599.0,0.05051335006790871,0.5223176193490802,0.017524348000410434,
ctcf,fold_e,20260806,strict,coordinate_plus_frozen_sequence_fm,tissue,body_of_pancreas,36636.0,28564.0,1384.0,0.037777049896276886,36636.0,0.04504342279102957,0.5273626606025387,0.007551652030300671,
ctcf,fold_e,20260806,strict,coordinate_plus_frozen_sequence_fm,tissue,breast_epithelium,6985.0,5990.0,191.0,0.027344309234073015,6985.0,0.04559696492324761,0.5448601861513162,0.018765793345434875,
ctcf,fold_e,20260806,strict,coordinate_plus_frozen_sequence_fm,tissue,coronary_artery,3085.0,2958.0,121.0,0.039222042139384114,3085.0,0.08799430157577201,0.555495142815717,0.05076329971702316,
ctcf,fold_e,20260806,strict,coordinate_plus_frozen_sequence_fm,tissue,esophagus_muscularis_mucosa,10786.0,7626.0,397.0,0.036806972000741706,10786.0,0.056841375134884645,0.5394678492777067,0.02079998769899564,
ctcf,fold_e,20260806,strict,coordinate_plus_frozen_sequence_fm,tissue,esophagus_squamous_epithelium,21456.0,15578.0,715.0,0.03332401193139448,21456.0,0.05554883370126937,0.5653917462894851,0.02299097323631626,
ctcf,fold_e,20260806,strict,coordinate_plus_frozen_sequence_fm,tissue,gastrocnemius_medialis,12035.0,8350.0,360.0,0.029912754466140425,12035.0,0.07191193881728883,0.5633060908874614,0.04329423414698681,
ctcf,fold_e,20260806,strict,coordinate_plus_frozen_sequence_fm,tissue,gastroesophageal_sphincter,17783.0,11180.0,455.0,0.02558623404374965,17783.0,0.040877204997290674,0.567473402636145,0.015692482483080566,
ctcf,fold_e,20260806,strict,coordinate_plus_frozen_sequence_fm,tissue,heart_left_ventricle,8945.0,6734.0,351.0,0.039239798770262714,8945.0,0.06498392170666485,0.5610072488126945,0.02679557594439343,
ctcf,fold_e,20260806,strict,coordinate_plus_frozen_sequence_fm,tissue,lower_leg_skin,1228.0,1184.0,54.0,0.043973941368078175,1228.0,0.09394571115777978,0.6544182598271184,0.0522703009384613,
ctcf,fold_e,20260806,strict,coordinate_plus_frozen_sequence_fm,tissue,omental_fat_pad,1508.0,1434.0,37.0,0.02453580901856764,1508.0,0.036541870600641256,0.549653664541496,0.012308049534851812,
ctcf,fold_e,20260806,strict,coordinate_plus_frozen_sequence_fm,tissue,ovary,5802.0,5311.0,111.0,0.019131334022750777,5802.0,0.03755370434559144,0.5330923965610312,0.0187816890903394,
ctcf,fold_e,20260806,strict,coordinate_plus_frozen_sequence_fm,tissue,prostate_gland,9690.0,7086.0,359.0,0.0370485036119711,9690.0,0.1276174228805929,0.6025170240033149,0.09405345919118481,
ctcf,fold_e,20260806,strict,coordinate_plus_frozen_sequence_fm,tissue,right_atrium_auricular_region,5637.0,4715.0,200.0,0.03547986517651233,5637.0,0.07712527659031729,0.5773386058488137,0.0431773375279784,
ctcf,fold_e,20260806,strict,coordinate_plus_frozen_sequence_fm,tissue,right_lobe_of_liver,3306.0,3306.0,130.0,0.03932244404113733,3306.0,0.075771377753707,0.5745034876961829,0.037940861100048906,
ctcf,fold_e,20260806,strict,coordinate_plus_frozen_sequence_fm,tissue,sigmoid_colon,17821.0,15084.0,310.0,0.0173952079007912,17821.0,0.02424486853512678,0.5377805840015768,0.006970921258894086,
ctcf,fold_e,20260806,strict,coordinate_plus_frozen_sequence_fm,tissue,spleen,47375.0,34842.0,1176.0,0.02482321899736148,47375.0,0.04393632938141813,0.5731052226297562,0.019599636451972637,
ctcf,fold_e,20260806,strict,coordinate_plus_frozen_sequence_fm,tissue,stomach,14307.0,10963.0,344.0,0.024044174180471098,14307.0,0.046596422550759575,0.5814574939749404,0.023107857726399575,
ctcf,fold_e,20260806,strict,coordinate_plus_frozen_sequence_fm,tissue,suprapubic_skin,3204.0,2702.0,69.0,0.02153558052434457,3204.0,0.12506644255389687,0.6297274807572291,0.10580953172015489,
ctcf,fold_e,20260806,strict,coordinate_plus_frozen_sequence_fm,tissue,testis,5657.0,4170.0,126.0,0.022273289729538626,5657.0,0.04693013426486481,0.5777170809262655,0.02521854448315679,
ctcf,fold_e,20260806,strict,coordinate_plus_frozen_sequence_fm,tissue,thoracic_aorta,9292.0,8011.0,224.0,0.02410675850193715,9292.0,0.03712141287713253,0.5146780377623039,0.013336145616929366,
ctcf,fold_e,20260806,strict,coordinate_plus_frozen_sequence_fm,tissue,thyroid_gland,16847.0,10637.0,600.0,0.03561464949249125,16847.0,0.0646687679355594,0.5454007406495558,0.03012708397921888,
ctcf,fold_e,20260806,strict,coordinate_plus_frozen_sequence_fm,tissue,tibial_artery,5122.0,3688.0,187.0,0.03650917610308473,5122.0,0.06571641212652998,0.5376341639170175,0.03031397424763659,
ctcf,fold_e,20260806,strict,coordinate_plus_frozen_sequence_fm,tissue,tibial_nerve,16585.0,11176.0,533.0,0.03213747362074163,16585.0,0.044878686501432494,0.5403804894879634,0.013164279568044975,
ctcf,fold_e,20260806,strict,coordinate_plus_frozen_sequence_fm,tissue,transverse_colon,23368.0,13926.0,781.0,0.03342177336528586,23368.0,0.05730996347622919,0.5576123722941941,0.024714181897220695,
ctcf,fold_e,20260806,strict,coordinate_plus_frozen_sequence_fm,tissue,upper_lobe_of_left_lung,25929.0,17536.0,835.0,0.03220332446295653,25929.0,0.048820319229719904,0.5563773624346111,0.017169923380386046,
ctcf,fold_e,20260806,strict,coordinate_plus_frozen_sequence_fm,tissue,uterus,11200.0,8005.0,322.0,0.02875,11200.0,0.054626715934829116,0.5907550026893417,0.026642693369193428,
ctcf,fold_e,20260806,strict,coordinate_plus_frozen_sequence_fm,tissue,vagina,3300.0,2754.0,95.0,0.02878787878787879,3300.0,0.04256832081544207,0.5157402085557107,0.014188910668005872,
ctcf,fold_e,20260806,strict,coordinate_plus_frozen_sequence_fm_plus_frozen_pangenomefm,measurement_weight,all,390932.0,100160.0,11921.0,0.03049379431717025,390932.0,0.047517393690048135,0.545195700729576,0.017559041162493693,
ctcf,fold_e,20260806,strict,coordinate_plus_frozen_sequence_fm_plus_frozen_pangenomefm,equal_locus_weight,all,390932.0,100160.0,11921.0,0.021253251924681343,100160.0,0.0397504269283855,0.55289749533411,0.018898836742066723,
ctcf,fold_e,20260806,strict,coordinate_plus_frozen_sequence_fm_plus_frozen_pangenomefm,donor,ENC-001,92426.0,30354.0,3033.0,0.03281544154242313,92426.0,0.06080666586746104,0.5347713360721702,0.028940933847907042,
ctcf,fold_e,20260806,strict,coordinate_plus_frozen_sequence_fm_plus_frozen_pangenomefm,donor,ENC-002,116484.0,45084.0,3143.0,0.02698224648878816,116484.0,0.0311267276415525,0.523161451387622,0.004259409592279943,
ctcf,fold_e,20260806,strict,coordinate_plus_frozen_sequence_fm_plus_frozen_pangenomefm,donor,ENC-003,87819.0,21396.0,2526.0,0.02876370717043009,87819.0,0.062394809323716084,0.5851148338660923,0.034627106093107554,
ctcf,fold_e,20260806,strict,coordinate_plus_frozen_sequence_fm_plus_frozen_pangenomefm,donor,ENC-004,94203.0,22456.0,3219.0,0.034170886277507084,94203.0,0.053307405841402894,0.5442745710308858,0.01981356669829505,
ctcf,fold_e,20260806,strict,coordinate_plus_frozen_sequence_fm_plus_frozen_pangenomefm,tissue,Peyers_patch,17004.0,11994.0,628.0,0.03693248647377088,17004.0,0.043157010163341884,0.5030425525625508,0.0064632267230987665,
ctcf,fold_e,20260806,strict,coordinate_plus_frozen_sequence_fm_plus_frozen_pangenomefm,tissue,adrenal_gland,23440.0,18545.0,638.0,0.027218430034129694,23440.0,0.03720236126724161,0.5312025439664727,0.010263281646528517,
ctcf,fold_e,20260806,strict,coordinate_plus_frozen_sequence_fm_plus_frozen_pangenomefm,tissue,ascending_aorta,5599.0,4158.0,188.0,0.03357742454009645,5599.0,0.04971899720692249,0.5249796513799707,0.016702396111912585,
ctcf,fold_e,20260806,strict,coordinate_plus_frozen_sequence_fm_plus_frozen_pangenomefm,tissue,body_of_pancreas,36636.0,28564.0,1384.0,0.037777049896276886,36636.0,0.044245166979261966,0.5133150216049727,0.006722056548628202,
ctcf,fold_e,20260806,strict,coordinate_plus_frozen_sequence_fm_plus_frozen_pangenomefm,tissue,breast_epithelium,6985.0,5990.0,191.0,0.027344309234073015,6985.0,0.044232977614767334,0.5349723423963553,0.017363460205939037,
ctcf,fold_e,20260806,strict,coordinate_plus_frozen_sequence_fm_plus_frozen_pangenomefm,tissue,coronary_artery,3085.0,2958.0,121.0,0.039222042139384114,3085.0,0.08988928964218909,0.5706884821717357,0.052735647282777784,
ctcf,fold_e,20260806,strict,coordinate_plus_frozen_sequence_fm_plus_frozen_pangenomefm,tissue,esophagus_muscularis_mucosa,10786.0,7626.0,397.0,0.036806972000741706,10786.0,0.05791030308499775,0.5432281237202786,0.02190976312203154,
ctcf,fold_e,20260806,strict,coordinate_plus_frozen_sequence_fm_plus_frozen_pangenomefm,tissue,esophagus_squamous_epithelium,21456.0,15578.0,715.0,0.03332401193139448,21456.0,0.05492289371961516,0.5575527408804493,0.022343455361268156,
ctcf,fold_e,20260806,strict,coordinate_plus_frozen_sequence_fm_plus_frozen_pangenomefm,tissue,gastrocnemius_medialis,12035.0,8350.0,360.0,0.029912754466140425,12035.0,0.06999368600113579,0.5557997858672377,0.041316831779329266,
ctcf,fold_e,20260806,strict,coordinate_plus_frozen_sequence_fm_plus_frozen_pangenomefm,tissue,gastroesophageal_sphincter,17783.0,11180.0,455.0,0.02558623404374965,17783.0,0.04205057716714196,0.5637107064219253,0.016896665152544173,
ctcf,fold_e,20260806,strict,coordinate_plus_frozen_sequence_fm_plus_frozen_pangenomefm,tissue,heart_left_ventricle,8945.0,6734.0,351.0,0.039239798770262714,8945.0,0.07011025702824314,0.5658085181008151,0.032131283350900035,
ctcf,fold_e,20260806,strict,coordinate_plus_frozen_sequence_fm_plus_frozen_pangenomefm,tissue,lower_leg_skin,1228.0,1184.0,54.0,0.043973941368078175,1228.0,0.09181349987480773,0.6215928449744463,0.050040015201246936,
ctcf,fold_e,20260806,strict,coordinate_plus_frozen_sequence_fm_plus_frozen_pangenomefm,tissue,omental_fat_pad,1508.0,1434.0,37.0,0.02453580901856764,1508.0,0.03245851344106658,0.5457585389604425,0.008121983867524407,
ctcf,fold_e,20260806,strict,coordinate_plus_frozen_sequence_fm_plus_frozen_pangenomefm,tissue,ovary,5802.0,5311.0,111.0,0.019131334022750777,5802.0,0.040541482371809406,0.5320555136053291,0.021827742175582178,
ctcf,fold_e,20260806,strict,coordinate_plus_frozen_sequence_fm_plus_frozen_pangenomefm,tissue,prostate_gland,9690.0,7086.0,359.0,0.0370485036119711,9690.0,0.12284905558779845,0.597374522699517,0.08910163419202304,
ctcf,fold_e,20260806,strict,coordinate_plus_frozen_sequence_fm_plus_frozen_pangenomefm,tissue,right_atrium_auricular_region,5637.0,4715.0,200.0,0.03547986517651233,5637.0,0.08066696893168342,0.5770774324075777,0.046849310992808424,
ctcf,fold_e,20260806,strict,coordinate_plus_frozen_sequence_fm_plus_frozen_pangenomefm,tissue,right_lobe_of_liver,3306.0,3306.0,130.0,0.03932244404113733,3306.0,0.0760428572031685,0.5801843150552219,0.03822345274360046,
ctcf,fold_e,20260806,strict,coordinate_plus_frozen_sequence_fm_plus_frozen_pangenomefm,tissue,sigmoid_colon,17821.0,15084.0,310.0,0.0173952079007912,17821.0,0.024150330501231124,0.5306683725068666,0.006874709603245951,
ctcf,fold_e,20260806,strict,coordinate_plus_frozen_sequence_fm_plus_frozen_pangenomefm,tissue,spleen,47375.0,34842.0,1176.0,0.02482321899736148,47375.0,0.04111680258467654,0.5580765250536242,0.01670833832873116,
ctcf,fold_e,20260806,strict,coordinate_plus_frozen_sequence_fm_plus_frozen_pangenomefm,tissue,stomach,14307.0,10963.0,344.0,0.024044174180471098,14307.0,0.048811271363704445,0.5877257211334274,0.02537727274944636,
ctcf,fold_e,20260806,strict,coordinate_plus_frozen_sequence_fm_plus_frozen_pangenomefm,tissue,suprapubic_skin,3204.0,2702.0,69.0,0.02153558052434457,3204.0,0.12078741802789107,0.6408917550793981,0.10143632770697385,
ctcf,fold_e,20260806,strict,coordinate_plus_frozen_sequence_fm_plus_frozen_pangenomefm,tissue,testis,5657.0,4170.0,126.0,0.022273289729538626,5657.0,0.04133825848499113,0.5699513277256905,0.01949928191097357,
ctcf,fold_e,20260806,strict,coordinate_plus_frozen_sequence_fm_plus_frozen_pangenomefm,tissue,thoracic_aorta,9292.0,8011.0,224.0,0.02410675850193715,9292.0,0.035874999941131094,0.5004317576721911,0.012058943477391941,
ctcf,fold_e,20260806,strict,coordinate_plus_frozen_sequence_fm_plus_frozen_pangenomefm,tissue,thyroid_gland,16847.0,10637.0,600.0,0.03561464949249125,16847.0,0.06252097715288815,0.5268131039576538,0.027899975508998993,
ctcf,fold_e,20260806,strict,coordinate_plus_frozen_sequence_fm_plus_frozen_pangenomefm,tissue,tibial_artery,5122.0,3688.0,187.0,0.03650917610308473,5122.0,0.059229076639246585,0.5234801077103954,0.023580816726691187,
ctcf,fold_e,20260806,strict,coordinate_plus_frozen_sequence_fm_plus_frozen_pangenomefm,tissue,tibial_nerve,16585.0,11176.0,533.0,0.03213747362074163,16585.0,0.04834153206697586,0.5420265235545453,0.01674210748385215,
ctcf,fold_e,20260806,strict,coordinate_plus_frozen_sequence_fm_plus_frozen_pangenomefm,tissue,transverse_colon,23368.0,13926.0,781.0,0.03342177336528586,23368.0,0.05618626919079904,0.5454743578776661,0.023551633171762166,
ctcf,fold_e,20260806,strict,coordinate_plus_frozen_sequence_fm_plus_frozen_pangenomefm,tissue,upper_lobe_of_left_lung,25929.0,17536.0,835.0,0.03220332446295653,25929.0,0.05220102625811114,0.5526829898026533,0.02066312305119008,
ctcf,fold_e,20260806,strict,coordinate_plus_frozen_sequence_fm_plus_frozen_pangenomefm,tissue,uterus,11200.0,8005.0,322.0,0.02875,11200.0,0.05218821769917027,0.5848681423215585,0.024132013075078788,
ctcf,fold_e,20260806,strict,coordinate_plus_frozen_sequence_fm_plus_frozen_pangenomefm,tissue,vagina,3300.0,2754.0,95.0,0.02878787878787879,3300.0,0.04650764343834434,0.5307956318252731,0.018244999484098696,
ctcf,fold_e,314159,1hop,coordinate_plus_frozen_sequence_fm,measurement_weight,all,390932.0,100160.0,11921.0,0.03049379431717025,390932.0,0.04803152601194051,0.5529450859889012,0.01808934444356477,
ctcf,fold_e,314159,1hop,coordinate_plus_frozen_sequence_fm,equal_locus_weight,all,390932.0,100160.0,11921.0,0.021253251924681343,100160.0,0.04007973821649407,0.5594571804282678,0.019235298946162067,
ctcf,fold_e,314159,1hop,coordinate_plus_frozen_sequence_fm,donor,ENC-001,92426.0,30354.0,3033.0,0.03281544154242313,92426.0,0.061102289448914965,0.5369903390884063,0.02924658759193018,
ctcf,fold_e,314159,1hop,coordinate_plus_frozen_sequence_fm,donor,ENC-002,116484.0,45084.0,3143.0,0.02698224648878816,116484.0,0.03421106909857244,0.5543945456501747,0.007429281309306533,
ctcf,fold_e,314159,1hop,coordinate_plus_frozen_sequence_fm,donor,ENC-003,87819.0,21396.0,2526.0,0.02876370717043009,87819.0,0.06224330637320791,0.5817766249726537,0.03447111629780575,
ctcf,fold_e,314159,1hop,coordinate_plus_frozen_sequence_fm,donor,ENC-004,94203.0,22456.0,3219.0,0.034170886277507084,94203.0,0.050234401706700446,0.5435308129648855,0.01663184014745782,
ctcf,fold_e,314159,1hop,coordinate_plus_frozen_sequence_fm,tissue,Peyers_patch,17004.0,11994.0,628.0,0.03693248647377088,17004.0,0.04515940167993518,0.5262623141213334,0.008542407557744125,
ctcf,fold_e,314159,1hop,coordinate_plus_frozen_sequence_fm,tissue,adrenal_gland,23440.0,18545.0,638.0,0.027218430034129694,23440.0,0.03758143167708981,0.534351981718592,0.010652958447109253,
ctcf,fold_e,314159,1hop,coordinate_plus_frozen_sequence_fm,tissue,ascending_aorta,5599.0,4158.0,188.0,0.03357742454009645,5599.0,0.05051335006790871,0.5223176193490802,0.017524348000410434,
ctcf,fold_e,314159,1hop,coordinate_plus_frozen_sequence_fm,tissue,body_of_pancreas,36636.0,28564.0,1384.0,0.037777049896276886,36636.0,0.04504342279102957,0.5273626606025387,0.007551652030300671,
ctcf,fold_e,314159,1hop,coordinate_plus_frozen_sequence_fm,tissue,breast_epithelium,6985.0,5990.0,191.0,0.027344309234073015,6985.0,0.04559696492324761,0.5448601861513162,0.018765793345434875,
ctcf,fold_e,314159,1hop,coordinate_plus_frozen_sequence_fm,tissue,coronary_artery,3085.0,2958.0,121.0,0.039222042139384114,3085.0,0.08799430157577201,0.555495142815717,0.05076329971702316,
ctcf,fold_e,314159,1hop,coordinate_plus_frozen_sequence_fm,tissue,esophagus_muscularis_mucosa,10786.0,7626.0,397.0,0.036806972000741706,10786.0,0.056841375134884645,0.5394678492777067,0.02079998769899564,
ctcf,fold_e,314159,1hop,coordinate_plus_frozen_sequence_fm,tissue,esophagus_squamous_epithelium,21456.0,15578.0,715.0,0.03332401193139448,21456.0,0.05554883370126937,0.5653917462894851,0.02299097323631626,
ctcf,fold_e,314159,1hop,coordinate_plus_frozen_sequence_fm,tissue,gastrocnemius_medialis,12035.0,8350.0,360.0,0.029912754466140425,12035.0,0.07191193881728883,0.5633060908874614,0.04329423414698681,
ctcf,fold_e,314159,1hop,coordinate_plus_frozen_sequence_fm,tissue,gastroesophageal_sphincter,17783.0,11180.0,455.0,0.02558623404374965,17783.0,0.040877204997290674,0.567473402636145,0.015692482483080566,
ctcf,fold_e,314159,1hop,coordinate_plus_frozen_sequence_fm,tissue,heart_left_ventricle,8945.0,6734.0,351.0,0.039239798770262714,8945.0,0.06498392170666485,0.5610072488126945,0.02679557594439343,
ctcf,fold_e,314159,1hop,coordinate_plus_frozen_sequence_fm,tissue,lower_leg_skin,1228.0,1184.0,54.0,0.043973941368078175,1228.0,0.09394571115777978,0.6544182598271184,0.0522703009384613,
ctcf,fold_e,314159,1hop,coordinate_plus_frozen_sequence_fm,tissue,omental_fat_pad,1508.0,1434.0,37.0,0.02453580901856764,1508.0,0.036541870600641256,0.549653664541496,0.012308049534851812,
ctcf,fold_e,314159,1hop,coordinate_plus_frozen_sequence_fm,tissue,ovary,5802.0,5311.0,111.0,0.019131334022750777,5802.0,0.03755370434559144,0.5330923965610312,0.0187816890903394,
ctcf,fold_e,314159,1hop,coordinate_plus_frozen_sequence_fm,tissue,prostate_gland,9690.0,7086.0,359.0,0.0370485036119711,9690.0,0.1276174228805929,0.6025170240033149,0.09405345919118481,
ctcf,fold_e,314159,1hop,coordinate_plus_frozen_sequence_fm,tissue,right_atrium_auricular_region,5637.0,4715.0,200.0,0.03547986517651233,5637.0,0.07712527659031729,0.5773386058488137,0.0431773375279784,
ctcf,fold_e,314159,1hop,coordinate_plus_frozen_sequence_fm,tissue,right_lobe_of_liver,3306.0,3306.0,130.0,0.03932244404113733,3306.0,0.075771377753707,0.5745034876961829,0.037940861100048906,
ctcf,fold_e,314159,1hop,coordinate_plus_frozen_sequence_fm,tissue,sigmoid_colon,17821.0,15084.0,310.0,0.0173952079007912,17821.0,0.02424486853512678,0.5377805840015768,0.006970921258894086,
ctcf,fold_e,314159,1hop,coordinate_plus_frozen_sequence_fm,tissue,spleen,47375.0,34842.0,1176.0,0.02482321899736148,47375.0,0.04393632938141813,0.5731052226297562,0.019599636451972637,
ctcf,fold_e,314159,1hop,coordinate_plus_frozen_sequence_fm,tissue,stomach,14307.0,10963.0,344.0,0.024044174180471098,14307.0,0.046596422550759575,0.5814574939749404,0.023107857726399575,
ctcf,fold_e,314159,1hop,coordinate_plus_frozen_sequence_fm,tissue,suprapubic_skin,3204.0,2702.0,69.0,0.02153558052434457,3204.0,0.12506644255389687,0.6297274807572291,0.10580953172015489,
ctcf,fold_e,314159,1hop,coordinate_plus_frozen_sequence_fm,tissue,testis,5657.0,4170.0,126.0,0.022273289729538626,5657.0,0.04693013426486481,0.5777170809262655,0.02521854448315679,
ctcf,fold_e,314159,1hop,coordinate_plus_frozen_sequence_fm,tissue,thoracic_aorta,9292.0,8011.0,224.0,0.02410675850193715,9292.0,0.03712141287713253,0.5146780377623039,0.013336145616929366,
ctcf,fold_e,314159,1hop,coordinate_plus_frozen_sequence_fm,tissue,thyroid_gland,16847.0,10637.0,600.0,0.03561464949249125,16847.0,0.0646687679355594,0.5454007406495558,0.03012708397921888,
ctcf,fold_e,314159,1hop,coordinate_plus_frozen_sequence_fm,tissue,tibial_artery,5122.0,3688.0,187.0,0.03650917610308473,5122.0,0.06571641212652998,0.5376341639170175,0.03031397424763659,
ctcf,fold_e,314159,1hop,coordinate_plus_frozen_sequence_fm,tissue,tibial_nerve,16585.0,11176.0,533.0,0.03213747362074163,16585.0,0.044878686501432494,0.5403804894879634,0.013164279568044975,
ctcf,fold_e,314159,1hop,coordinate_plus_frozen_sequence_fm,tissue,transverse_colon,23368.0,13926.0,781.0,0.03342177336528586,23368.0,0.05730996347622919,0.5576123722941941,0.024714181897220695,
ctcf,fold_e,314159,1hop,coordinate_plus_frozen_sequence_fm,tissue,upper_lobe_of_left_lung,25929.0,17536.0,835.0,0.03220332446295653,25929.0,0.048820319229719904,0.5563773624346111,0.017169923380386046,
ctcf,fold_e,314159,1hop,coordinate_plus_frozen_sequence_fm,tissue,uterus,11200.0,8005.0,322.0,0.02875,11200.0,0.054626715934829116,0.5907550026893417,0.026642693369193428,
ctcf,fold_e,314159,1hop,coordinate_plus_frozen_sequence_fm,tissue,vagina,3300.0,2754.0,95.0,0.02878787878787879,3300.0,0.04256832081544207,0.5157402085557107,0.014188910668005872,
ctcf,fold_e,314159,1hop,coordinate_plus_frozen_sequence_fm_plus_frozen_pangenomefm,measurement_weight,all,390932.0,100160.0,11921.0,0.03049379431717025,390932.0,0.04931994088680812,0.5529048225217329,0.019418283719368757,
ctcf,fold_e,314159,1hop,coordinate_plus_frozen_sequence_fm_plus_frozen_pangenomefm,equal_locus_weight,all,390932.0,100160.0,11921.0,0.021253251924681343,100160.0,0.04179005522546421,0.561239100562342,0.020982755080584413,
ctcf,fold_e,314159,1hop,coordinate_plus_frozen_sequence_fm_plus_frozen_pangenomefm,donor,ENC-001,92426.0,30354.0,3033.0,0.03281544154242313,92426.0,0.06121118522187653,0.5347411696165894,0.029359178071181862,
ctcf,fold_e,314159,1hop,coordinate_plus_frozen_sequence_fm_plus_frozen_pangenomefm,donor,ENC-002,116484.0,45084.0,3143.0,0.02698224648878816,116484.0,0.033482753968194764,0.5375166840939001,0.00668076965291641,
ctcf,fold_e,314159,1hop,coordinate_plus_frozen_sequence_fm_plus_frozen_pangenomefm,donor,ENC-003,87819.0,21396.0,2526.0,0.02876370717043009,87819.0,0.06502214083408941,0.5834093393255881,0.037332247498726726,
ctcf,fold_e,314159,1hop,coordinate_plus_frozen_sequence_fm_plus_frozen_pangenomefm,donor,ENC-004,94203.0,22456.0,3219.0,0.034170886277507084,94203.0,0.05459701115832728,0.5610461225057728,0.021148798054030436,
ctcf,fold_e,314159,1hop,coordinate_plus_frozen_sequence_fm_plus_frozen_pangenomefm,tissue,Peyers_patch,17004.0,11994.0,628.0,0.03693248647377088,17004.0,0.04533663735028699,0.5185761009586812,0.008726440003925258,
ctcf,fold_e,314159,1hop,coordinate_plus_frozen_sequence_fm_plus_frozen_pangenomefm,tissue,adrenal_gland,23440.0,18545.0,638.0,0.027218430034129694,23440.0,0.038411351514367975,0.5401427691955747,0.01150609944289033,
ctcf,fold_e,314159,1hop,coordinate_plus_frozen_sequence_fm_plus_frozen_pangenomefm,tissue,ascending_aorta,5599.0,4158.0,188.0,0.03357742454009645,5599.0,0.05301258298346065,0.5338170472284589,0.020110414364146397,
ctcf,fold_e,314159,1hop,coordinate_plus_frozen_sequence_fm_plus_frozen_pangenomefm,tissue,body_of_pancreas,36636.0,28564.0,1384.0,0.037777049896276886,36636.0,0.044461695646516225,0.5250197442985238,0.006947086171161024,
ctcf,fold_e,314159,1hop,coordinate_plus_frozen_sequence_fm_plus_frozen_pangenomefm,tissue,breast_epithelium,6985.0,5990.0,191.0,0.027344309234073015,6985.0,0.04401885568377519,0.534882950308788,0.017143318656339373,
ctcf,fold_e,314159,1hop,coordinate_plus_frozen_sequence_fm_plus_frozen_pangenomefm,tissue,coronary_artery,3085.0,2958.0,121.0,0.039222042139384114,3085.0,0.09076818399684683,0.5747788893721908,0.0536504209278922,
ctcf,fold_e,314159,1hop,coordinate_plus_frozen_sequence_fm_plus_frozen_pangenomefm,tissue,esophagus_muscularis_mucosa,10786.0,7626.0,397.0,0.036806972000741706,10786.0,0.05971272866564027,0.5450921375132048,0.023781065683665024,
ctcf,fold_e,314159,1hop,coordinate_plus_frozen_sequence_fm_plus_frozen_pangenomefm,tissue,esophagus_squamous_epithelium,21456.0,15578.0,715.0,0.03332401193139448,21456.0,0.05483686072371724,0.5609108407623425,0.022254456568539464,
ctcf,fold_e,314159,1hop,coordinate_plus_frozen_sequence_fm_plus_frozen_pangenomefm,tissue,gastrocnemius_medialis,12035.0,8350.0,360.0,0.029912754466140425,12035.0,0.07467610696996306,0.5613443968593862,0.04614363575019318,
ctcf,fold_e,314159,1hop,coordinate_plus_frozen_sequence_fm_plus_frozen_pangenomefm,tissue,gastroesophageal_sphincter,17783.0,11180.0,455.0,0.02558623404374965,17783.0,0.04419146646019128,0.5788282066502288,0.019093770086656366,
ctcf,fold_e,314159,1hop,coordinate_plus_frozen_sequence_fm_plus_frozen_pangenomefm,tissue,heart_left_ventricle,8945.0,6734.0,351.0,0.039239798770262714,8945.0,0.06770185408671064,0.5667811704581545,0.029624515336935855,
ctcf,fold_e,314159,1hop,coordinate_plus_frozen_sequence_fm_plus_frozen_pangenomefm,tissue,lower_leg_skin,1228.0,1184.0,54.0,0.043973941368078175,1228.0,0.08960842036404777,0.6617846551832922,0.04773350954603975,
ctcf,fold_e,314159,1hop,coordinate_plus_frozen_sequence_fm_plus_frozen_pangenomefm,tissue,omental_fat_pad,1508.0,1434.0,37.0,0.02453580901856764,1508.0,0.03387403582045663,0.5187131386995425,0.009573110820699251,
ctcf,fold_e,314159,1hop,coordinate_plus_frozen_sequence_fm_plus_frozen_pangenomefm,tissue,ovary,5802.0,5311.0,111.0,0.019131334022750777,5802.0,0.04240477125809464,0.5508080563431118,0.023727373544098592,
ctcf,fold_e,314159,1hop,coordinate_plus_frozen_sequence_fm_plus_frozen_pangenomefm,tissue,prostate_gland,9690.0,7086.0,359.0,0.0370485036119711,9690.0,0.11378815556811972,0.5881374840327671,0.07969212597310901,
ctcf,fold_e,314159,1hop,coordinate_plus_frozen_sequence_fm_plus_frozen_pangenomefm,tissue,right_atrium_auricular_region,5637.0,4715.0,200.0,0.03547986517651233,5637.0,0.07883607306888718,0.5906653485377965,0.04495106564085286,
ctcf,fold_e,314159,1hop,coordinate_plus_frozen_sequence_fm_plus_frozen_pangenomefm,tissue,right_lobe_of_liver,3306.0,3306.0,130.0,0.03932244404113733,3306.0,0.07412872022301281,0.5835630207324163,0.03623096632785905,
ctcf,fold_e,314159,1hop,coordinate_plus_frozen_sequence_fm_plus_frozen_pangenomefm,tissue,sigmoid_colon,17821.0,15084.0,310.0,0.0173952079007912,17821.0,0.024330965612646527,0.5130414799176923,0.007058542526581791,
ctcf,fold_e,314159,1hop,coordinate_plus_frozen_sequence_fm_plus_frozen_pangenomefm,tissue,spleen,47375.0,34842.0,1176.0,0.02482321899736148,47375.0,0.043686747282909125,0.5703603683296734,0.019343701217078717,
ctcf,fold_e,314159,1hop,coordinate_plus_frozen_sequence_fm_plus_frozen_pangenomefm,tissue,stomach,14307.0,10963.0,344.0,0.024044174180471098,14307.0,0.048163364735026096,0.5815963576495355,0.024713403943566453,
ctcf,fold_e,314159,1hop,coordinate_plus_frozen_sequence_fm_plus_frozen_pangenomefm,tissue,suprapubic_skin,3204.0,2702.0,69.0,0.02153558052434457,3204.0,0.14362183770669734,0.6351408825093036,0.12477332312990695,
ctcf,fold_e,314159,1hop,coordinate_plus_frozen_sequence_fm_plus_frozen_pangenomefm,tissue,testis,5657.0,4170.0,126.0,0.022273289729538626,5657.0,0.0439177535121244,0.5523635899246097,0.022137539616360103,
ctcf,fold_e,314159,1hop,coordinate_plus_frozen_sequence_fm_plus_frozen_pangenomefm,tissue,thoracic_aorta,9292.0,8011.0,224.0,0.02410675850193715,9292.0,0.037491823296312635,0.5214844980780138,0.013715706006764115,
ctcf,fold_e,314159,1hop,coordinate_plus_frozen_sequence_fm_plus_frozen_pangenomefm,tissue,thyroid_gland,16847.0,10637.0,600.0,0.03561464949249125,16847.0,0.06270682848280706,0.5494508216901581,0.028092690308970922,
ctcf,fold_e,314159,1hop,coordinate_plus_frozen_sequence_fm_plus_frozen_pangenomefm,tissue,tibial_artery,5122.0,3688.0,187.0,0.03650917610308473,5122.0,0.06558646225859602,0.5236274780705319,0.030179100240836636,
ctcf,fold_e,314159,1hop,coordinate_plus_frozen_sequence_fm_plus_frozen_pangenomefm,tissue,tibial_nerve,16585.0,11176.0,533.0,0.03213747362074163,16585.0,0.05592425852344596,0.5478387197518011,0.024576615226224223,
ctcf,fold_e,314159,1hop,coordinate_plus_frozen_sequence_fm_plus_frozen_pangenomefm,tissue,transverse_colon,23368.0,13926.0,781.0,0.03342177336528586,23368.0,0.05852677538457653,0.5556802783965735,0.02597306801198851,
ctcf,fold_e,314159,1hop,coordinate_plus_frozen_sequence_fm_plus_frozen_pangenomefm,tissue,upper_lobe_of_left_lung,25929.0,17536.0,835.0,0.03220332446295653,25929.0,0.05949864021969105,0.5558076005476892,0.0282035642885299,
ctcf,fold_e,314159,1hop,coordinate_plus_frozen_sequence_fm_plus_frozen_pangenomefm,tissue,uterus,11200.0,8005.0,322.0,0.02875,11200.0,0.056087625275577355,0.6044366714286856,0.028146847130581576,
ctcf,fold_e,314159,1hop,coordinate_plus_frozen_sequence_fm_plus_frozen_pangenomefm,tissue,vagina,3300.0,2754.0,95.0,0.02878787878787879,3300.0,0.04877859814316493,0.5394235979965514,0.02058326797892177,
ctcf,fold_e,314159,strict,coordinate_plus_frozen_sequence_fm,measurement_weight,all,390932.0,100160.0,11921.0,0.03049379431717025,390932.0,0.04803152601194051,0.5529450859889012,0.01808934444356477,
ctcf,fold_e,314159,strict,coordinate_plus_frozen_sequence_fm,equal_locus_weight,all,390932.0,100160.0,11921.0,0.021253251924681343,100160.0,0.04007973821649407,0.5594571804282678,0.019235298946162067,
ctcf,fold_e,314159,strict,coordinate_plus_frozen_sequence_fm,donor,ENC-001,92426.0,30354.0,3033.0,0.03281544154242313,92426.0,0.061102289448914965,0.5369903390884063,0.02924658759193018,
ctcf,fold_e,314159,strict,coordinate_plus_frozen_sequence_fm,donor,ENC-002,116484.0,45084.0,3143.0,0.02698224648878816,116484.0,0.03421106909857244,0.5543945456501747,0.007429281309306533,
ctcf,fold_e,314159,strict,coordinate_plus_frozen_sequence_fm,donor,ENC-003,87819.0,21396.0,2526.0,0.02876370717043009,87819.0,0.06224330637320791,0.5817766249726537,0.03447111629780575,
ctcf,fold_e,314159,strict,coordinate_plus_frozen_sequence_fm,donor,ENC-004,94203.0,22456.0,3219.0,0.034170886277507084,94203.0,0.050234401706700446,0.5435308129648855,0.01663184014745782,
ctcf,fold_e,314159,strict,coordinate_plus_frozen_sequence_fm,tissue,Peyers_patch,17004.0,11994.0,628.0,0.03693248647377088,17004.0,0.04515940167993518,0.5262623141213334,0.008542407557744125,
ctcf,fold_e,314159,strict,coordinate_plus_frozen_sequence_fm,tissue,adrenal_gland,23440.0,18545.0,638.0,0.027218430034129694,23440.0,0.03758143167708981,0.534351981718592,0.010652958447109253,
ctcf,fold_e,314159,strict,coordinate_plus_frozen_sequence_fm,tissue,ascending_aorta,5599.0,4158.0,188.0,0.03357742454009645,5599.0,0.05051335006790871,0.5223176193490802,0.017524348000410434,
ctcf,fold_e,314159,strict,coordinate_plus_frozen_sequence_fm,tissue,body_of_pancreas,36636.0,28564.0,1384.0,0.037777049896276886,36636.0,0.04504342279102957,0.5273626606025387,0.007551652030300671,
ctcf,fold_e,314159,strict,coordinate_plus_frozen_sequence_fm,tissue,breast_epithelium,6985.0,5990.0,191.0,0.027344309234073015,6985.0,0.04559696492324761,0.5448601861513162,0.018765793345434875,
ctcf,fold_e,314159,strict,coordinate_plus_frozen_sequence_fm,tissue,coronary_artery,3085.0,2958.0,121.0,0.039222042139384114,3085.0,0.08799430157577201,0.555495142815717,0.05076329971702316,
ctcf,fold_e,314159,strict,coordinate_plus_frozen_sequence_fm,tissue,esophagus_muscularis_mucosa,10786.0,7626.0,397.0,0.036806972000741706,10786.0,0.056841375134884645,0.5394678492777067,0.02079998769899564,
ctcf,fold_e,314159,strict,coordinate_plus_frozen_sequence_fm,tissue,esophagus_squamous_epithelium,21456.0,15578.0,715.0,0.03332401193139448,21456.0,0.05554883370126937,0.5653917462894851,0.02299097323631626,
ctcf,fold_e,314159,strict,coordinate_plus_frozen_sequence_fm,tissue,gastrocnemius_medialis,12035.0,8350.0,360.0,0.029912754466140425,12035.0,0.07191193881728883,0.5633060908874614,0.04329423414698681,
ctcf,fold_e,314159,strict,coordinate_plus_frozen_sequence_fm,tissue,gastroesophageal_sphincter,17783.0,11180.0,455.0,0.02558623404374965,17783.0,0.040877204997290674,0.567473402636145,0.015692482483080566,
ctcf,fold_e,314159,strict,coordinate_plus_frozen_sequence_fm,tissue,heart_left_ventricle,8945.0,6734.0,351.0,0.039239798770262714,8945.0,0.06498392170666485,0.5610072488126945,0.02679557594439343,
ctcf,fold_e,314159,strict,coordinate_plus_frozen_sequence_fm,tissue,lower_leg_skin,1228.0,1184.0,54.0,0.043973941368078175,1228.0,0.09394571115777978,0.6544182598271184,0.0522703009384613,
ctcf,fold_e,314159,strict,coordinate_plus_frozen_sequence_fm,tissue,omental_fat_pad,1508.0,1434.0,37.0,0.02453580901856764,1508.0,0.036541870600641256,0.549653664541496,0.012308049534851812,
ctcf,fold_e,314159,strict,coordinate_plus_frozen_sequence_fm,tissue,ovary,5802.0,5311.0,111.0,0.019131334022750777,5802.0,0.03755370434559144,0.5330923965610312,0.0187816890903394,
ctcf,fold_e,314159,strict,coordinate_plus_frozen_sequence_fm,tissue,prostate_gland,9690.0,7086.0,359.0,0.0370485036119711,9690.0,0.1276174228805929,0.6025170240033149,0.09405345919118481,
ctcf,fold_e,314159,strict,coordinate_plus_frozen_sequence_fm,tissue,right_atrium_auricular_region,5637.0,4715.0,200.0,0.03547986517651233,5637.0,0.07712527659031729,0.5773386058488137,0.0431773375279784,
ctcf,fold_e,314159,strict,coordinate_plus_frozen_sequence_fm,tissue,right_lobe_of_liver,3306.0,3306.0,130.0,0.03932244404113733,3306.0,0.075771377753707,0.5745034876961829,0.037940861100048906,
ctcf,fold_e,314159,strict,coordinate_plus_frozen_sequence_fm,tissue,sigmoid_colon,17821.0,15084.0,310.0,0.0173952079007912,17821.0,0.02424486853512678,0.5377805840015768,0.006970921258894086,
ctcf,fold_e,314159,strict,coordinate_plus_frozen_sequence_fm,tissue,spleen,47375.0,34842.0,1176.0,0.02482321899736148,47375.0,0.04393632938141813,0.5731052226297562,0.019599636451972637,
ctcf,fold_e,314159,strict,coordinate_plus_frozen_sequence_fm,tissue,stomach,14307.0,10963.0,344.0,0.024044174180471098,14307.0,0.046596422550759575,0.5814574939749404,0.023107857726399575,
ctcf,fold_e,314159,strict,coordinate_plus_frozen_sequence_fm,tissue,suprapubic_skin,3204.0,2702.0,69.0,0.02153558052434457,3204.0,0.12506644255389687,0.6297274807572291,0.10580953172015489,
ctcf,fold_e,314159,strict,coordinate_plus_frozen_sequence_fm,tissue,testis,5657.0,4170.0,126.0,0.022273289729538626,5657.0,0.04693013426486481,0.5777170809262655,0.02521854448315679,
ctcf,fold_e,314159,strict,coordinate_plus_frozen_sequence_fm,tissue,thoracic_aorta,9292.0,8011.0,224.0,0.02410675850193715,9292.0,0.03712141287713253,0.5146780377623039,0.013336145616929366,
ctcf,fold_e,314159,strict,coordinate_plus_frozen_sequence_fm,tissue,thyroid_gland,16847.0,10637.0,600.0,0.03561464949249125,16847.0,0.0646687679355594,0.5454007406495558,0.03012708397921888,
ctcf,fold_e,314159,strict,coordinate_plus_frozen_sequence_fm,tissue,tibial_artery,5122.0,3688.0,187.0,0.03650917610308473,5122.0,0.06571641212652998,0.5376341639170175,0.03031397424763659,
ctcf,fold_e,314159,strict,coordinate_plus_frozen_sequence_fm,tissue,tibial_nerve,16585.0,11176.0,533.0,0.03213747362074163,16585.0,0.044878686501432494,0.5403804894879634,0.013164279568044975,
ctcf,fold_e,314159,strict,coordinate_plus_frozen_sequence_fm,tissue,transverse_colon,23368.0,13926.0,781.0,0.03342177336528586,23368.0,0.05730996347622919,0.5576123722941941,0.024714181897220695,
ctcf,fold_e,314159,strict,coordinate_plus_frozen_sequence_fm,tissue,upper_lobe_of_left_lung,25929.0,17536.0,835.0,0.03220332446295653,25929.0,0.048820319229719904,0.5563773624346111,0.017169923380386046,
ctcf,fold_e,314159,strict,coordinate_plus_frozen_sequence_fm,tissue,uterus,11200.0,8005.0,322.0,0.02875,11200.0,0.054626715934829116,0.5907550026893417,0.026642693369193428,
ctcf,fold_e,314159,strict,coordinate_plus_frozen_sequence_fm,tissue,vagina,3300.0,2754.0,95.0,0.02878787878787879,3300.0,0.04256832081544207,0.5157402085557107,0.014188910668005872,
ctcf,fold_e,314159,strict,coordinate_plus_frozen_sequence_fm_plus_frozen_pangenomefm,measurement_weight,all,390932.0,100160.0,11921.0,0.03049379431717025,390932.0,0.04969585283183135,0.5541169952814453,0.019806019190085497,
ctcf,fold_e,314159,strict,coordinate_plus_frozen_sequence_fm_plus_frozen_pangenomefm,equal_locus_weight,all,390932.0,100160.0,11921.0,0.021253251924681343,100160.0,0.04010398275683051,0.5556420364730261,0.019260069950902688,
ctcf,fold_e,314159,strict,coordinate_plus_frozen_sequence_fm_plus_frozen_pangenomefm,donor,ENC-001,92426.0,30354.0,3033.0,0.03281544154242313,92426.0,0.06392806387199983,0.538818212745094,0.0321682372381893,
ctcf,fold_e,314159,strict,coordinate_plus_frozen_sequence_fm_plus_frozen_pangenomefm,donor,ENC-002,116484.0,45084.0,3143.0,0.02698224648878816,116484.0,0.03523566018798258,0.5520200707651967,0.00848228479841331,
ctcf,fold_e,314159,strict,coordinate_plus_frozen_sequence_fm_plus_frozen_pangenomefm,donor,ENC-003,87819.0,21396.0,2526.0,0.02876370717043009,87819.0,0.0635713033156483,0.585439442646302,0.03583844261401191,
ctcf,fold_e,314159,strict,coordinate_plus_frozen_sequence_fm_plus_frozen_pangenomefm,donor,ENC-004,94203.0,22456.0,3219.0,0.034170886277507084,94203.0,0.05352685210208308,0.5466068396733357,0.020040776934104155,
ctcf,fold_e,314159,strict,coordinate_plus_frozen_sequence_fm_plus_frozen_pangenomefm,tissue,Peyers_patch,17004.0,11994.0,628.0,0.03693248647377088,17004.0,0.045385684740988676,0.5191774159170326,0.00877736830335683,
ctcf,fold_e,314159,strict,coordinate_plus_frozen_sequence_fm_plus_frozen_pangenomefm,tissue,adrenal_gland,23440.0,18545.0,638.0,0.027218430034129694,23440.0,0.03919810986880957,0.5402073499574778,0.012314871297469356,
ctcf,fold_e,314159,strict,coordinate_plus_frozen_sequence_fm_plus_frozen_pangenomefm,tissue,ascending_aorta,5599.0,4158.0,188.0,0.03357742454009645,5599.0,0.04986404219820152,0.5216157394118364,0.016852480552158624,
ctcf,fold_e,314159,strict,coordinate_plus_frozen_sequence_fm_plus_frozen_pangenomefm,tissue,body_of_pancreas,36636.0,28564.0,1384.0,0.037777049896276886,36636.0,0.04603206449418896,0.5241413249049454,0.008579107988457582,
ctcf,fold_e,314159,strict,coordinate_plus_frozen_sequence_fm_plus_frozen_pangenomefm,tissue,breast_epithelium,6985.0,5990.0,191.0,0.027344309234073015,6985.0,0.04497074688456472,0.5448987172235433,0.018121970413406616,
ctcf,fold_e,314159,strict,coordinate_plus_frozen_sequence_fm_plus_frozen_pangenomefm,tissue,coronary_artery,3085.0,2958.0,121.0,0.039222042139384114,3085.0,0.09341888941711837,0.5766609785748542,0.05640933665715593,
ctcf,fold_e,314159,strict,coordinate_plus_frozen_sequence_fm_plus_frozen_pangenomefm,tissue,esophagus_muscularis_mucosa,10786.0,7626.0,397.0,0.036806972000741706,10786.0,0.06097750877436177,0.5509988888169598,0.025094177460801424,
ctcf,fold_e,314159,strict,coordinate_plus_frozen_sequence_fm_plus_frozen_pangenomefm,tissue,esophagus_squamous_epithelium,21456.0,15578.0,715.0,0.03332401193139448,21456.0,0.05838733335036257,0.5668596675009094,0.025927323868925285,
ctcf,fold_e,314159,strict,coordinate_plus_frozen_sequence_fm_plus_frozen_pangenomefm,tissue,gastrocnemius_medialis,12035.0,8350.0,360.0,0.029912754466140425,12035.0,0.07039698160163907,0.5607943135855342,0.041732563047171406,
ctcf,fold_e,314159,strict,coordinate_plus_frozen_sequence_fm_plus_frozen_pangenomefm,tissue,gastroesophageal_sphincter,17783.0,11180.0,455.0,0.02558623404374965,17783.0,0.044537735573739405,0.5793009218390104,0.01944913156208494,
ctcf,fold_e,314159,strict,coordinate_plus_frozen_sequence_fm_plus_frozen_pangenomefm,tissue,heart_left_ventricle,8945.0,6734.0,351.0,0.039239798770262714,8945.0,0.06478702197112679,0.5602636703404681,0.026590634341602182,
ctcf,fold_e,314159,strict,coordinate_plus_frozen_sequence_fm_plus_frozen_pangenomefm,tissue,lower_leg_skin,1228.0,1184.0,54.0,0.043973941368078175,1228.0,0.09391101507712593,0.6205833175594675,0.052234008956312306,
ctcf,fold_e,314159,strict,coordinate_plus_frozen_sequence_fm_plus_frozen_pangenomefm,tissue,omental_fat_pad,1508.0,1434.0,37.0,0.02453580901856764,1508.0,0.03663665824200882,0.5726018336487405,0.012405221365703127,
ctcf,fold_e,314159,strict,coordinate_plus_frozen_sequence_fm_plus_frozen_pangenomefm,tissue,ovary,5802.0,5311.0,111.0,0.019131334022750777,5802.0,0.03876842142145169,0.5372890022336516,0.02002009859203351,
ctcf,fold_e,314159,strict,coordinate_plus_frozen_sequence_fm_plus_frozen_pangenomefm,tissue,prostate_gland,9690.0,7086.0,359.0,0.0370485036119711,9690.0,0.12850963491783066,0.6124945482291783,0.0949799981088607,
ctcf,fold_e,314159,strict,coordinate_plus_frozen_sequence_fm_plus_frozen_pangenomefm,tissue,right_atrium_auricular_region,5637.0,4715.0,200.0,0.03547986517651233,5637.0,0.08058363562680182,0.5717040647415854,0.046762912272996476,
ctcf,fold_e,314159,strict,coordinate_plus_frozen_sequence_fm_plus_frozen_pangenomefm,tissue,right_lobe_of_liver,3306.0,3306.0,130.0,0.03932244404113733,3306.0,0.07586786499053415,0.5804943324937027,0.0380412977514817,
ctcf,fold_e,314159,strict,coordinate_plus_frozen_sequence_fm_plus_frozen_pangenomefm,tissue,sigmoid_colon,17821.0,15084.0,310.0,0.0173952079007912,17821.0,0.025111089867692057,0.5412149229700778,0.007852477444585696,
ctcf,fold_e,314159,strict,coordinate_plus_frozen_sequence_fm_plus_frozen_pangenomefm,tissue,spleen,47375.0,34842.0,1176.0,0.02482321899736148,47375.0,0.0430606795104765,0.5666358623364496,0.01870169682912669,
ctcf,fold_e,314159,strict,coordinate_plus_frozen_sequence_fm_plus_frozen_pangenomefm,tissue,stomach,14307.0,10963.0,344.0,0.024044174180471098,14307.0,0.050048967640386396,0.585560322213691,0.026645461579245733,
ctcf,fold_e,314159,strict,coordinate_plus_frozen_sequence_fm_plus_frozen_pangenomefm,tissue,suprapubic_skin,3204.0,2702.0,69.0,0.02153558052434457,3204.0,0.13372620886262457,0.6322562004484202,0.11465989575625171,
ctcf,fold_e,314159,strict,coordinate_plus_frozen_sequence_fm_plus_frozen_pangenomefm,tissue,testis,5657.0,4170.0,126.0,0.022273289729538626,5657.0,0.050457854242698996,0.5923388520116056,0.028826628358515315,
ctcf,fold_e,314159,strict,coordinate_plus_frozen_sequence_fm_plus_frozen_pangenomefm,tissue,thoracic_aorta,9292.0,8011.0,224.0,0.02410675850193715,9292.0,0.0368326994752908,0.5182923467137186,0.013040300344552508,
ctcf,fold_e,314159,strict,coordinate_plus_frozen_sequence_fm_plus_frozen_pangenomefm,tissue,thyroid_gland,16847.0,10637.0,600.0,0.03561464949249125,16847.0,0.06679252891647697,0.544621622453376,0.03232927522963547,
ctcf,fold_e,314159,strict,coordinate_plus_frozen_sequence_fm_plus_frozen_pangenomefm,tissue,tibial_artery,5122.0,3688.0,187.0,0.03650917610308473,5122.0,0.06666622511110643,0.539114369151916,0.03129977811936922,
ctcf,fold_e,314159,strict,coordinate_plus_frozen_sequence_fm_plus_frozen_pangenomefm,tissue,tibial_nerve,16585.0,11176.0,533.0,0.03213747362074163,16585.0,0.04942857810904102,0.5425554097401083,0.01786524843872697,
ctcf,fold_e,314159,strict,coordinate_plus_frozen_sequence_fm_plus_frozen_pangenomefm,tissue,transverse_colon,23368.0,13926.0,781.0,0.03342177336528586,23368.0,0.05898000143089239,0.5550924248121377,0.02644196544193976,
ctcf,fold_e,314159,strict,coordinate_plus_frozen_sequence_fm_plus_frozen_pangenomefm,tissue,upper_lobe_of_left_lung,25929.0,17536.0,835.0,0.03220332446295653,25929.0,0.054251847636241766,0.5603546473642338,0.022782185277760134,
ctcf,fold_e,314159,strict,coordinate_plus_frozen_sequence_fm_plus_frozen_pangenomefm,tissue,uterus,11200.0,8005.0,322.0,0.02875,11200.0,0.05646755901390746,0.5973892830592031,0.02853802729874642,
ctcf,fold_e,314159,strict,coordinate_plus_frozen_sequence_fm_plus_frozen_pangenomefm,tissue,vagina,3300.0,2754.0,95.0,0.02878787878787879,3300.0,0.052183786752592325,0.5452598735528369,0.0240893904160857,
ctcf,fold_e,42,1hop,coordinate_plus_frozen_sequence_fm,measurement_weight,all,390932.0,100160.0,11921.0,0.03049379431717025,390932.0,0.04803152601194051,0.5529450859889012,0.01808934444356477,
ctcf,fold_e,42,1hop,coordinate_plus_frozen_sequence_fm,equal_locus_weight,all,390932.0,100160.0,11921.0,0.021253251924681343,100160.0,0.04007973821649407,0.5594571804282678,0.019235298946162067,
ctcf,fold_e,42,1hop,coordinate_plus_frozen_sequence_fm,donor,ENC-001,92426.0,30354.0,3033.0,0.03281544154242313,92426.0,0.061102289448914965,0.5369903390884063,0.02924658759193018,
ctcf,fold_e,42,1hop,coordinate_plus_frozen_sequence_fm,donor,ENC-002,116484.0,45084.0,3143.0,0.02698224648878816,116484.0,0.03421106909857244,0.5543945456501747,0.007429281309306533,
ctcf,fold_e,42,1hop,coordinate_plus_frozen_sequence_fm,donor,ENC-003,87819.0,21396.0,2526.0,0.02876370717043009,87819.0,0.06224330637320791,0.5817766249726537,0.03447111629780575,
ctcf,fold_e,42,1hop,coordinate_plus_frozen_sequence_fm,donor,ENC-004,94203.0,22456.0,3219.0,0.034170886277507084,94203.0,0.050234401706700446,0.5435308129648855,0.01663184014745782,
ctcf,fold_e,42,1hop,coordinate_plus_frozen_sequence_fm,tissue,Peyers_patch,17004.0,11994.0,628.0,0.03693248647377088,17004.0,0.04515940167993518,0.5262623141213334,0.008542407557744125,
ctcf,fold_e,42,1hop,coordinate_plus_frozen_sequence_fm,tissue,adrenal_gland,23440.0,18545.0,638.0,0.027218430034129694,23440.0,0.03758143167708981,0.534351981718592,0.010652958447109253,
ctcf,fold_e,42,1hop,coordinate_plus_frozen_sequence_fm,tissue,ascending_aorta,5599.0,4158.0,188.0,0.03357742454009645,5599.0,0.05051335006790871,0.5223176193490802,0.017524348000410434,
ctcf,fold_e,42,1hop,coordinate_plus_frozen_sequence_fm,tissue,body_of_pancreas,36636.0,28564.0,1384.0,0.037777049896276886,36636.0,0.04504342279102957,0.5273626606025387,0.007551652030300671,
ctcf,fold_e,42,1hop,coordinate_plus_frozen_sequence_fm,tissue,breast_epithelium,6985.0,5990.0,191.0,0.027344309234073015,6985.0,0.04559696492324761,0.5448601861513162,0.018765793345434875,
ctcf,fold_e,42,1hop,coordinate_plus_frozen_sequence_fm,tissue,coronary_artery,3085.0,2958.0,121.0,0.039222042139384114,3085.0,0.08799430157577201,0.555495142815717,0.05076329971702316,
ctcf,fold_e,42,1hop,coordinate_plus_frozen_sequence_fm,tissue,esophagus_muscularis_mucosa,10786.0,7626.0,397.0,0.036806972000741706,10786.0,0.056841375134884645,0.5394678492777067,0.02079998769899564,
ctcf,fold_e,42,1hop,coordinate_plus_frozen_sequence_fm,tissue,esophagus_squamous_epithelium,21456.0,15578.0,715.0,0.03332401193139448,21456.0,0.05554883370126937,0.5653917462894851,0.02299097323631626,
ctcf,fold_e,42,1hop,coordinate_plus_frozen_sequence_fm,tissue,gastrocnemius_medialis,12035.0,8350.0,360.0,0.029912754466140425,12035.0,0.07191193881728883,0.5633060908874614,0.04329423414698681,
ctcf,fold_e,42,1hop,coordinate_plus_frozen_sequence_fm,tissue,gastroesophageal_sphincter,17783.0,11180.0,455.0,0.02558623404374965,17783.0,0.040877204997290674,0.567473402636145,0.015692482483080566,
ctcf,fold_e,42,1hop,coordinate_plus_frozen_sequence_fm,tissue,heart_left_ventricle,8945.0,6734.0,351.0,0.039239798770262714,8945.0,0.06498392170666485,0.5610072488126945,0.02679557594439343,
ctcf,fold_e,42,1hop,coordinate_plus_frozen_sequence_fm,tissue,lower_leg_skin,1228.0,1184.0,54.0,0.043973941368078175,1228.0,0.09394571115777978,0.6544182598271184,0.0522703009384613,
ctcf,fold_e,42,1hop,coordinate_plus_frozen_sequence_fm,tissue,omental_fat_pad,1508.0,1434.0,37.0,0.02453580901856764,1508.0,0.036541870600641256,0.549653664541496,0.012308049534851812,
ctcf,fold_e,42,1hop,coordinate_plus_frozen_sequence_fm,tissue,ovary,5802.0,5311.0,111.0,0.019131334022750777,5802.0,0.03755370434559144,0.5330923965610312,0.0187816890903394,
ctcf,fold_e,42,1hop,coordinate_plus_frozen_sequence_fm,tissue,prostate_gland,9690.0,7086.0,359.0,0.0370485036119711,9690.0,0.1276174228805929,0.6025170240033149,0.09405345919118481,
ctcf,fold_e,42,1hop,coordinate_plus_frozen_sequence_fm,tissue,right_atrium_auricular_region,5637.0,4715.0,200.0,0.03547986517651233,5637.0,0.07712527659031729,0.5773386058488137,0.0431773375279784,
ctcf,fold_e,42,1hop,coordinate_plus_frozen_sequence_fm,tissue,right_lobe_of_liver,3306.0,3306.0,130.0,0.03932244404113733,3306.0,0.075771377753707,0.5745034876961829,0.037940861100048906,
ctcf,fold_e,42,1hop,coordinate_plus_frozen_sequence_fm,tissue,sigmoid_colon,17821.0,15084.0,310.0,0.0173952079007912,17821.0,0.02424486853512678,0.5377805840015768,0.006970921258894086,
ctcf,fold_e,42,1hop,coordinate_plus_frozen_sequence_fm,tissue,spleen,47375.0,34842.0,1176.0,0.02482321899736148,47375.0,0.04393632938141813,0.5731052226297562,0.019599636451972637,
ctcf,fold_e,42,1hop,coordinate_plus_frozen_sequence_fm,tissue,stomach,14307.0,10963.0,344.0,0.024044174180471098,14307.0,0.046596422550759575,0.5814574939749404,0.023107857726399575,
ctcf,fold_e,42,1hop,coordinate_plus_frozen_sequence_fm,tissue,suprapubic_skin,3204.0,2702.0,69.0,0.02153558052434457,3204.0,0.12506644255389687,0.6297274807572291,0.10580953172015489,
ctcf,fold_e,42,1hop,coordinate_plus_frozen_sequence_fm,tissue,testis,5657.0,4170.0,126.0,0.022273289729538626,5657.0,0.04693013426486481,0.5777170809262655,0.02521854448315679,
ctcf,fold_e,42,1hop,coordinate_plus_frozen_sequence_fm,tissue,thoracic_aorta,9292.0,8011.0,224.0,0.02410675850193715,9292.0,0.03712141287713253,0.5146780377623039,0.013336145616929366,
ctcf,fold_e,42,1hop,coordinate_plus_frozen_sequence_fm,tissue,thyroid_gland,16847.0,10637.0,600.0,0.03561464949249125,16847.0,0.0646687679355594,0.5454007406495558,0.03012708397921888,
ctcf,fold_e,42,1hop,coordinate_plus_frozen_sequence_fm,tissue,tibial_artery,5122.0,3688.0,187.0,0.03650917610308473,5122.0,0.06571641212652998,0.5376341639170175,0.03031397424763659,
ctcf,fold_e,42,1hop,coordinate_plus_frozen_sequence_fm,tissue,tibial_nerve,16585.0,11176.0,533.0,0.03213747362074163,16585.0,0.044878686501432494,0.5403804894879634,0.013164279568044975,
ctcf,fold_e,42,1hop,coordinate_plus_frozen_sequence_fm,tissue,transverse_colon,23368.0,13926.0,781.0,0.03342177336528586,23368.0,0.05730996347622919,0.5576123722941941,0.024714181897220695,
ctcf,fold_e,42,1hop,coordinate_plus_frozen_sequence_fm,tissue,upper_lobe_of_left_lung,25929.0,17536.0,835.0,0.03220332446295653,25929.0,0.048820319229719904,0.5563773624346111,0.017169923380386046,
ctcf,fold_e,42,1hop,coordinate_plus_frozen_sequence_fm,tissue,uterus,11200.0,8005.0,322.0,0.02875,11200.0,0.054626715934829116,0.5907550026893417,0.026642693369193428,
ctcf,fold_e,42,1hop,coordinate_plus_frozen_sequence_fm,tissue,vagina,3300.0,2754.0,95.0,0.02878787878787879,3300.0,0.04256832081544207,0.5157402085557107,0.014188910668005872,
ctcf,fold_e,42,1hop,coordinate_plus_frozen_sequence_fm_plus_frozen_pangenomefm,measurement_weight,all,390932.0,100160.0,11921.0,0.03049379431717025,390932.0,0.04952450917287004,0.5347522837568697,0.01962928627392986,
ctcf,fold_e,42,1hop,coordinate_plus_frozen_sequence_fm_plus_frozen_pangenomefm,equal_locus_weight,all,390932.0,100160.0,11921.0,0.021253251924681343,100160.0,0.03777653692488846,0.5525010258677641,0.016882084188478527,
ctcf,fold_e,42,1hop,coordinate_plus_frozen_sequence_fm_plus_frozen_pangenomefm,donor,ENC-001,92426.0,30354.0,3033.0,0.03281544154242313,92426.0,0.061192820626075124,0.5426362942426857,0.029340190386110986,
ctcf,fold_e,42,1hop,coordinate_plus_frozen_sequence_fm_plus_frozen_pangenomefm,donor,ENC-002,116484.0,45084.0,3143.0,0.02698224648878816,116484.0,0.044932835887245476,0.5222148781687336,0.018448367805912264,
ctcf,fold_e,42,1hop,coordinate_plus_frozen_sequence_fm_plus_frozen_pangenomefm,donor,ENC-003,87819.0,21396.0,2526.0,0.02876370717043009,87819.0,0.0644470991490157,0.5894948732402179,0.03674017563185032,
ctcf,fold_e,42,1hop,coordinate_plus_frozen_sequence_fm_plus_frozen_pangenomefm,donor,ENC-004,94203.0,22456.0,3219.0,0.034170886277507084,94203.0,0.04514838800019244,0.4964442129756531,0.011365884054142801,
ctcf,fold_e,42,1hop,coordinate_plus_frozen_sequence_fm_plus_frozen_pangenomefm,tissue,Peyers_patch,17004.0,11994.0,628.0,0.03693248647377088,17004.0,0.04966254154595676,0.510386685191005,0.013218237447938985,
ctcf,fold_e,42,1hop,coordinate_plus_frozen_sequence_fm_plus_frozen_pangenomefm,tissue,adrenal_gland,23440.0,18545.0,638.0,0.027218430034129694,23440.0,0.03919572744322917,0.540074888937587,0.012312422211617038,
ctcf,fold_e,42,1hop,coordinate_plus_frozen_sequence_fm_plus_frozen_pangenomefm,tissue,ascending_aorta,5599.0,4158.0,188.0,0.03357742454009645,5599.0,0.04579441090085649,0.4925555507496549,0.012641453822564307,
ctcf,fold_e,42,1hop,coordinate_plus_frozen_sequence_fm_plus_frozen_pangenomefm,tissue,body_of_pancreas,36636.0,28564.0,1384.0,0.037777049896276886,36636.0,0.0436668623605966,0.5061937513978627,0.006121047584330452,
ctcf,fold_e,42,1hop,coordinate_plus_frozen_sequence_fm_plus_frozen_pangenomefm,tissue,breast_epithelium,6985.0,5990.0,191.0,0.027344309234073015,6985.0,0.0658420782085784,0.5345716192451917,0.03958005832895498,
ctcf,fold_e,42,1hop,coordinate_plus_frozen_sequence_fm_plus_frozen_pangenomefm,tissue,coronary_artery,3085.0,2958.0,121.0,0.039222042139384114,3085.0,0.08659995444368852,0.5371454701598242,0.04931203085653816,
ctcf,fold_e,42,1hop,coordinate_plus_frozen_sequence_fm_plus_frozen_pangenomefm,tissue,esophagus_muscularis_mucosa,10786.0,7626.0,397.0,0.036806972000741706,10786.0,0.05374465055121443,0.4926956020379044,0.01758492644579833,
ctcf,fold_e,42,1hop,coordinate_plus_frozen_sequence_fm_plus_frozen_pangenomefm,tissue,esophagus_squamous_epithelium,21456.0,15578.0,715.0,0.03332401193139448,21456.0,0.05812648225987051,0.5639732525321455,0.02565748051529731,
ctcf,fold_e,42,1hop,coordinate_plus_frozen_sequence_fm_plus_frozen_pangenomefm,tissue,gastrocnemius_medialis,12035.0,8350.0,360.0,0.029912754466140425,12035.0,0.06589997947361262,0.5352299547941946,0.037096895328901744,
ctcf,fold_e,42,1hop,coordinate_plus_frozen_sequence_fm_plus_frozen_pangenomefm,tissue,gastroesophageal_sphincter,17783.0,11180.0,455.0,0.02558623404374965,17783.0,0.04462798368982364,0.5242857269692449,0.019541749420367828,
ctcf,fold_e,42,1hop,coordinate_plus_frozen_sequence_fm_plus_frozen_pangenomefm,tissue,heart_left_ventricle,8945.0,6734.0,351.0,0.039239798770262714,8945.0,0.06596905914316442,0.5529177250145367,0.027820948805632507,
ctcf,fold_e,42,1hop,coordinate_plus_frozen_sequence_fm_plus_frozen_pangenomefm,tissue,lower_leg_skin,1228.0,1184.0,54.0,0.043973941368078175,1228.0,0.06884367834113297,0.5579295223673417,0.02601366013876601,
ctcf,fold_e,42,1hop,coordinate_plus_frozen_sequence_fm_plus_frozen_pangenomefm,tissue,omental_fat_pad,1508.0,1434.0,37.0,0.02453580901856764,1508.0,0.07317684604297986,0.4762158487515388,0.04986450294548853,
ctcf,fold_e,42,1hop,coordinate_plus_frozen_sequence_fm_plus_frozen_pangenomefm,tissue,ovary,5802.0,5311.0,111.0,0.019131334022750777,5802.0,0.04157117459221449,0.5288720454772116,0.02287751800808794,
ctcf,fold_e,42,1hop,coordinate_plus_frozen_sequence_fm_plus_frozen_pangenomefm,tissue,prostate_gland,9690.0,7086.0,359.0,0.0370485036119711,9690.0,0.13308292633952531,0.569032628232665,0.09972924190654811,
ctcf,fold_e,42,1hop,coordinate_plus_frozen_sequence_fm_plus_frozen_pangenomefm,tissue,right_atrium_auricular_region,5637.0,4715.0,200.0,0.03547986517651233,5637.0,0.06985241072026072,0.5417895898473423,0.03563693934708656,
ctcf,fold_e,42,1hop,coordinate_plus_frozen_sequence_fm_plus_frozen_pangenomefm,tissue,right_lobe_of_liver,3306.0,3306.0,130.0,0.03932244404113733,3306.0,0.08152727620924702,0.5968937705870955,0.04393235993317715,
ctcf,fold_e,42,1hop,coordinate_plus_frozen_sequence_fm_plus_frozen_pangenomefm,tissue,sigmoid_colon,17821.0,15084.0,310.0,0.0173952079007912,17821.0,0.032472310253955125,0.5295978933057747,0.01534401467852974,
ctcf,fold_e,42,1hop,coordinate_plus_frozen_sequence_fm_plus_frozen_pangenomefm,tissue,spleen,47375.0,34842.0,1176.0,0.02482321899736148,47375.0,0.04244341821793336,0.5648270834557334,0.018068723090858958,
ctcf,fold_e,42,1hop,coordinate_plus_frozen_sequence_fm_plus_frozen_pangenomefm,tissue,stomach,14307.0,10963.0,344.0,0.024044174180471098,14307.0,0.052721847848229766,0.5270389642726875,0.02938419230570961,
ctcf,fold_e,42,1hop,coordinate_plus_frozen_sequence_fm_plus_frozen_pangenomefm,tissue,suprapubic_skin,3204.0,2702.0,69.0,0.02153558052434457,3204.0,0.09536416826520334,0.5995538913159051,0.07545352316482026,
ctcf,fold_e,42,1hop,coordinate_plus_frozen_sequence_fm_plus_frozen_pangenomefm,tissue,testis,5657.0,4170.0,126.0,0.022273289729538626,5657.0,0.06300862514772908,0.5613906323090919,0.041663314492985604,
ctcf,fold_e,42,1hop,coordinate_plus_frozen_sequence_fm_plus_frozen_pangenomefm,tissue,thoracic_aorta,9292.0,8011.0,224.0,0.02410675850193715,9292.0,0.038458905908024824,0.5375998408847439,0.014706677734601527,
ctcf,fold_e,42,1hop,coordinate_plus_frozen_sequence_fm_plus_frozen_pangenomefm,tissue,thyroid_gland,16847.0,10637.0,600.0,0.03561464949249125,16847.0,0.05786829686627712,0.519197749328081,0.023075472229098948,
ctcf,fold_e,42,1hop,coordinate_plus_frozen_sequence_fm_plus_frozen_pangenomefm,tissue,tibial_artery,5122.0,3688.0,187.0,0.03650917610308473,5122.0,0.062627920489816,0.5330450942465962,0.027108451620838404,
ctcf,fold_e,42,1hop,coordinate_plus_frozen_sequence_fm_plus_frozen_pangenomefm,tissue,tibial_nerve,16585.0,11176.0,533.0,0.03213747362074163,16585.0,0.05600554488575768,0.5292202312465725,0.024660600668470666,
ctcf,fold_e,42,1hop,coordinate_plus_frozen_sequence_fm_plus_frozen_pangenomefm,tissue,transverse_colon,23368.0,13926.0,781.0,0.03342177336528586,23368.0,0.05797871050698829,0.5370131777272991,0.025406052469442702,
ctcf,fold_e,42,1hop,coordinate_plus_frozen_sequence_fm_plus_frozen_pangenomefm,tissue,upper_lobe_of_left_lung,25929.0,17536.0,835.0,0.03220332446295653,25929.0,0.06060510536487476,0.5468542233298606,0.02934684693575507,
ctcf,fold_e,42,1hop,coordinate_plus_frozen_sequence_fm_plus_frozen_pangenomefm,tissue,uterus,11200.0,8005.0,322.0,0.02875,11200.0,0.051056173761052266,0.5629031871267896,0.022966459470838883,
ctcf,fold_e,42,1hop,coordinate_plus_frozen_sequence_fm_plus_frozen_pangenomefm,tissue,vagina,3300.0,2754.0,95.0,0.02878787878787879,3300.0,0.038506579047983776,0.43097134411692256,0.010006774058766444,
ctcf,fold_e,42,strict,coordinate_plus_frozen_sequence_fm,measurement_weight,all,390932.0,100160.0,11921.0,0.03049379431717025,390932.0,0.04803152601194051,0.5529450859889012,0.01808934444356477,
ctcf,fold_e,42,strict,coordinate_plus_frozen_sequence_fm,equal_locus_weight,all,390932.0,100160.0,11921.0,0.021253251924681343,100160.0,0.04007973821649407,0.5594571804282678,0.019235298946162067,
ctcf,fold_e,42,strict,coordinate_plus_frozen_sequence_fm,donor,ENC-001,92426.0,30354.0,3033.0,0.03281544154242313,92426.0,0.061102289448914965,0.5369903390884063,0.02924658759193018,
ctcf,fold_e,42,strict,coordinate_plus_frozen_sequence_fm,donor,ENC-002,116484.0,45084.0,3143.0,0.02698224648878816,116484.0,0.03421106909857244,0.5543945456501747,0.007429281309306533,
ctcf,fold_e,42,strict,coordinate_plus_frozen_sequence_fm,donor,ENC-003,87819.0,21396.0,2526.0,0.02876370717043009,87819.0,0.06224330637320791,0.5817766249726537,0.03447111629780575,
ctcf,fold_e,42,strict,coordinate_plus_frozen_sequence_fm,donor,ENC-004,94203.0,22456.0,3219.0,0.034170886277507084,94203.0,0.050234401706700446,0.5435308129648855,0.01663184014745782,
ctcf,fold_e,42,strict,coordinate_plus_frozen_sequence_fm,tissue,Peyers_patch,17004.0,11994.0,628.0,0.03693248647377088,17004.0,0.04515940167993518,0.5262623141213334,0.008542407557744125,
ctcf,fold_e,42,strict,coordinate_plus_frozen_sequence_fm,tissue,adrenal_gland,23440.0,18545.0,638.0,0.027218430034129694,23440.0,0.03758143167708981,0.534351981718592,0.010652958447109253,
ctcf,fold_e,42,strict,coordinate_plus_frozen_sequence_fm,tissue,ascending_aorta,5599.0,4158.0,188.0,0.03357742454009645,5599.0,0.05051335006790871,0.5223176193490802,0.017524348000410434,
ctcf,fold_e,42,strict,coordinate_plus_frozen_sequence_fm,tissue,body_of_pancreas,36636.0,28564.0,1384.0,0.037777049896276886,36636.0,0.04504342279102957,0.5273626606025387,0.007551652030300671,
ctcf,fold_e,42,strict,coordinate_plus_frozen_sequence_fm,tissue,breast_epithelium,6985.0,5990.0,191.0,0.027344309234073015,6985.0,0.04559696492324761,0.5448601861513162,0.018765793345434875,
ctcf,fold_e,42,strict,coordinate_plus_frozen_sequence_fm,tissue,coronary_artery,3085.0,2958.0,121.0,0.039222042139384114,3085.0,0.08799430157577201,0.555495142815717,0.05076329971702316,
ctcf,fold_e,42,strict,coordinate_plus_frozen_sequence_fm,tissue,esophagus_muscularis_mucosa,10786.0,7626.0,397.0,0.036806972000741706,10786.0,0.056841375134884645,0.5394678492777067,0.02079998769899564,
ctcf,fold_e,42,strict,coordinate_plus_frozen_sequence_fm,tissue,esophagus_squamous_epithelium,21456.0,15578.0,715.0,0.03332401193139448,21456.0,0.05554883370126937,0.5653917462894851,0.02299097323631626,
ctcf,fold_e,42,strict,coordinate_plus_frozen_sequence_fm,tissue,gastrocnemius_medialis,12035.0,8350.0,360.0,0.029912754466140425,12035.0,0.07191193881728883,0.5633060908874614,0.04329423414698681,
ctcf,fold_e,42,strict,coordinate_plus_frozen_sequence_fm,tissue,gastroesophageal_sphincter,17783.0,11180.0,455.0,0.02558623404374965,17783.0,0.040877204997290674,0.567473402636145,0.015692482483080566,
ctcf,fold_e,42,strict,coordinate_plus_frozen_sequence_fm,tissue,heart_left_ventricle,8945.0,6734.0,351.0,0.039239798770262714,8945.0,0.06498392170666485,0.5610072488126945,0.02679557594439343,
ctcf,fold_e,42,strict,coordinate_plus_frozen_sequence_fm,tissue,lower_leg_skin,1228.0,1184.0,54.0,0.043973941368078175,1228.0,0.09394571115777978,0.6544182598271184,0.0522703009384613,
ctcf,fold_e,42,strict,coordinate_plus_frozen_sequence_fm,tissue,omental_fat_pad,1508.0,1434.0,37.0,0.02453580901856764,1508.0,0.036541870600641256,0.549653664541496,0.012308049534851812,
ctcf,fold_e,42,strict,coordinate_plus_frozen_sequence_fm,tissue,ovary,5802.0,5311.0,111.0,0.019131334022750777,5802.0,0.03755370434559144,0.5330923965610312,0.0187816890903394,
ctcf,fold_e,42,strict,coordinate_plus_frozen_sequence_fm,tissue,prostate_gland,9690.0,7086.0,359.0,0.0370485036119711,9690.0,0.1276174228805929,0.6025170240033149,0.09405345919118481,
ctcf,fold_e,42,strict,coordinate_plus_frozen_sequence_fm,tissue,right_atrium_auricular_region,5637.0,4715.0,200.0,0.03547986517651233,5637.0,0.07712527659031729,0.5773386058488137,0.0431773375279784,
ctcf,fold_e,42,strict,coordinate_plus_frozen_sequence_fm,tissue,right_lobe_of_liver,3306.0,3306.0,130.0,0.03932244404113733,3306.0,0.075771377753707,0.5745034876961829,0.037940861100048906,
ctcf,fold_e,42,strict,coordinate_plus_frozen_sequence_fm,tissue,sigmoid_colon,17821.0,15084.0,310.0,0.0173952079007912,17821.0,0.02424486853512678,0.5377805840015768,0.006970921258894086,
ctcf,fold_e,42,strict,coordinate_plus_frozen_sequence_fm,tissue,spleen,47375.0,34842.0,1176.0,0.02482321899736148,47375.0,0.04393632938141813,0.5731052226297562,0.019599636451972637,
ctcf,fold_e,42,strict,coordinate_plus_frozen_sequence_fm,tissue,stomach,14307.0,10963.0,344.0,0.024044174180471098,14307.0,0.046596422550759575,0.5814574939749404,0.023107857726399575,
ctcf,fold_e,42,strict,coordinate_plus_frozen_sequence_fm,tissue,suprapubic_skin,3204.0,2702.0,69.0,0.02153558052434457,3204.0,0.12506644255389687,0.6297274807572291,0.10580953172015489,
ctcf,fold_e,42,strict,coordinate_plus_frozen_sequence_fm,tissue,testis,5657.0,4170.0,126.0,0.022273289729538626,5657.0,0.04693013426486481,0.5777170809262655,0.02521854448315679,
ctcf,fold_e,42,strict,coordinate_plus_frozen_sequence_fm,tissue,thoracic_aorta,9292.0,8011.0,224.0,0.02410675850193715,9292.0,0.03712141287713253,0.5146780377623039,0.013336145616929366,
ctcf,fold_e,42,strict,coordinate_plus_frozen_sequence_fm,tissue,thyroid_gland,16847.0,10637.0,600.0,0.03561464949249125,16847.0,0.0646687679355594,0.5454007406495558,0.03012708397921888,
ctcf,fold_e,42,strict,coordinate_plus_frozen_sequence_fm,tissue,tibial_artery,5122.0,3688.0,187.0,0.03650917610308473,5122.0,0.06571641212652998,0.5376341639170175,0.03031397424763659,
ctcf,fold_e,42,strict,coordinate_plus_frozen_sequence_fm,tissue,tibial_nerve,16585.0,11176.0,533.0,0.03213747362074163,16585.0,0.044878686501432494,0.5403804894879634,0.013164279568044975,
ctcf,fold_e,42,strict,coordinate_plus_frozen_sequence_fm,tissue,transverse_colon,23368.0,13926.0,781.0,0.03342177336528586,23368.0,0.05730996347622919,0.5576123722941941,0.024714181897220695,
ctcf,fold_e,42,strict,coordinate_plus_frozen_sequence_fm,tissue,upper_lobe_of_left_lung,25929.0,17536.0,835.0,0.03220332446295653,25929.0,0.048820319229719904,0.5563773624346111,0.017169923380386046,
ctcf,fold_e,42,strict,coordinate_plus_frozen_sequence_fm,tissue,uterus,11200.0,8005.0,322.0,0.02875,11200.0,0.054626715934829116,0.5907550026893417,0.026642693369193428,
ctcf,fold_e,42,strict,coordinate_plus_frozen_sequence_fm,tissue,vagina,3300.0,2754.0,95.0,0.02878787878787879,3300.0,0.04256832081544207,0.5157402085557107,0.014188910668005872,
ctcf,fold_e,42,strict,coordinate_plus_frozen_sequence_fm_plus_frozen_pangenomefm,measurement_weight,all,390932.0,100160.0,11921.0,0.03049379431717025,390932.0,0.049738581799365945,0.5543189507046444,0.019850092108117515,
ctcf,fold_e,42,strict,coordinate_plus_frozen_sequence_fm_plus_frozen_pangenomefm,equal_locus_weight,all,390932.0,100160.0,11921.0,0.021253251924681343,100160.0,0.04031698544569062,0.5615433599748342,0.01947769794228961,
ctcf,fold_e,42,strict,coordinate_plus_frozen_sequence_fm_plus_frozen_pangenomefm,donor,ENC-001,92426.0,30354.0,3033.0,0.03281544154242313,92426.0,0.06094206376350434,0.5392604377144221,0.029080925636298726,
ctcf,fold_e,42,strict,coordinate_plus_frozen_sequence_fm_plus_frozen_pangenomefm,donor,ENC-002,116484.0,45084.0,3143.0,0.02698224648878816,116484.0,0.03688782909390443,0.5589769334435613,0.0101802691362734,
ctcf,fold_e,42,strict,coordinate_plus_frozen_sequence_fm_plus_frozen_pangenomefm,donor,ENC-003,87819.0,21396.0,2526.0,0.02876370717043009,87819.0,0.06360786581040165,0.5817443530014683,0.03587608792753992,
ctcf,fold_e,42,strict,coordinate_plus_frozen_sequence_fm_plus_frozen_pangenomefm,donor,ENC-004,94203.0,22456.0,3219.0,0.034170886277507084,94203.0,0.05309026327493746,0.5426973108920599,0.019588741661049566,
ctcf,fold_e,42,strict,coordinate_plus_frozen_sequence_fm_plus_frozen_pangenomefm,tissue,Peyers_patch,17004.0,11994.0,628.0,0.03693248647377088,17004.0,0.0480186936487097,0.5406331970975079,0.011511349951310437,
ctcf,fold_e,42,strict,coordinate_plus_frozen_sequence_fm_plus_frozen_pangenomefm,tissue,adrenal_gland,23440.0,18545.0,638.0,0.027218430034129694,23440.0,0.038911017791276134,0.5350001608504341,0.01201974638310291,
ctcf,fold_e,42,strict,coordinate_plus_frozen_sequence_fm_plus_frozen_pangenomefm,tissue,ascending_aorta,5599.0,4158.0,188.0,0.03357742454009645,5599.0,0.05097737594030062,0.5182705049210238,0.01800449600623603,
ctcf,fold_e,42,strict,coordinate_plus_frozen_sequence_fm_plus_frozen_pangenomefm,tissue,body_of_pancreas,36636.0,28564.0,1384.0,0.037777049896276886,36636.0,0.04638027659113046,0.5268428585858123,0.008940990956333134,
ctcf,fold_e,42,strict,coordinate_plus_frozen_sequence_fm_plus_frozen_pangenomefm,tissue,breast_epithelium,6985.0,5990.0,191.0,0.027344309234073015,6985.0,0.045593405460397786,0.5392508326564709,0.018762133815260307,
ctcf,fold_e,42,strict,coordinate_plus_frozen_sequence_fm_plus_frozen_pangenomefm,tissue,coronary_artery,3085.0,2958.0,121.0,0.039222042139384114,3085.0,0.10176784271655916,0.5702033213994937,0.0650991210460813,
ctcf,fold_e,42,strict,coordinate_plus_frozen_sequence_fm_plus_frozen_pangenomefm,tissue,esophagus_muscularis_mucosa,10786.0,7626.0,397.0,0.036806972000741706,10786.0,0.0628620289150851,0.5528308982107359,0.027050711702580412,
ctcf,fold_e,42,strict,coordinate_plus_frozen_sequence_fm_plus_frozen_pangenomefm,tissue,esophagus_squamous_epithelium,21456.0,15578.0,715.0,0.03332401193139448,21456.0,0.0568457994407794,0.5675115299819992,0.024332648994810413,
ctcf,fold_e,42,strict,coordinate_plus_frozen_sequence_fm_plus_frozen_pangenomefm,tissue,gastrocnemius_medialis,12035.0,8350.0,360.0,0.029912754466140425,12035.0,0.06933262717492714,0.5608392814656198,0.040635389126359577,
ctcf,fold_e,42,strict,coordinate_plus_frozen_sequence_fm_plus_frozen_pangenomefm,tissue,gastroesophageal_sphincter,17783.0,11180.0,455.0,0.02558623404374965,17783.0,0.044831426482573544,0.5774203347437419,0.01975053423012496,
ctcf,fold_e,42,strict,coordinate_plus_frozen_sequence_fm_plus_frozen_pangenomefm,tissue,heart_left_ventricle,8945.0,6734.0,351.0,0.039239798770262714,8945.0,0.0666631976179192,0.5535257156155458,0.02854343759509975,
ctcf,fold_e,42,strict,coordinate_plus_frozen_sequence_fm_plus_frozen_pangenomefm,tissue,lower_leg_skin,1228.0,1184.0,54.0,0.043973941368078175,1228.0,0.09894480051883495,0.6317827623193892,0.05749933137745257,
ctcf,fold_e,42,strict,coordinate_plus_frozen_sequence_fm_plus_frozen_pangenomefm,tissue,omental_fat_pad,1508.0,1434.0,37.0,0.02453580901856764,1508.0,0.039696955751873195,0.5920958347878811,0.015542494407766675,
ctcf,fold_e,42,strict,coordinate_plus_frozen_sequence_fm_plus_frozen_pangenomefm,tissue,ovary,5802.0,5311.0,111.0,0.019131334022750777,5802.0,0.048272595269818135,0.5316645058342475,0.029709646416356494,
ctcf,fold_e,42,strict,coordinate_plus_frozen_sequence_fm_plus_frozen_pangenomefm,tissue,prostate_gland,9690.0,7086.0,359.0,0.0370485036119711,9690.0,0.1326104398872902,0.6107019194114087,0.09923857705581848,
ctcf,fold_e,42,strict,coordinate_plus_frozen_sequence_fm_plus_frozen_pangenomefm,tissue,right_atrium_auricular_region,5637.0,4715.0,200.0,0.03547986517651233,5637.0,0.0798746493526785,0.5798344675372448,0.046027845944647545,
ctcf,fold_e,42,strict,coordinate_plus_frozen_sequence_fm_plus_frozen_pangenomefm,tissue,right_lobe_of_liver,3306.0,3306.0,130.0,0.03932244404113733,3306.0,0.0777591011942323,0.5693482367758186,0.04000994601641434,
ctcf,fold_e,42,strict,coordinate_plus_frozen_sequence_fm_plus_frozen_pangenomefm,tissue,sigmoid_colon,17821.0,15084.0,310.0,0.0173952079007912,17821.0,0.025027298981669013,0.5366725247356039,0.007767203195267174,
ctcf,fold_e,42,strict,coordinate_plus_frozen_sequence_fm_plus_frozen_pangenomefm,tissue,spleen,47375.0,34842.0,1176.0,0.02482321899736148,47375.0,0.04143468864722276,0.5670229871424316,0.01703431621165346,
ctcf,fold_e,42,strict,coordinate_plus_frozen_sequence_fm_plus_frozen_pangenomefm,tissue,stomach,14307.0,10963.0,344.0,0.024044174180471098,14307.0,0.0519203535688621,0.5915651872307044,0.028562951980928886,
ctcf,fold_e,42,strict,coordinate_plus_frozen_sequence_fm_plus_frozen_pangenomefm,tissue,suprapubic_skin,3204.0,2702.0,69.0,0.02153558052434457,3204.0,0.12987186289380268,0.6325798026026859,0.11072071729242226,
ctcf,fold_e,42,strict,coordinate_plus_frozen_sequence_fm_plus_frozen_pangenomefm,tissue,testis,5657.0,4170.0,126.0,0.022273289729538626,5657.0,0.0451775827899772,0.5923632455453103,0.023426068675266865,
ctcf,fold_e,42,strict,coordinate_plus_frozen_sequence_fm_plus_frozen_pangenomefm,tissue,thoracic_aorta,9292.0,8011.0,224.0,0.02410675850193715,9292.0,0.035954318877042035,0.5090078336694184,0.012140221769461246,
ctcf,fold_e,42,strict,coordinate_plus_frozen_sequence_fm_plus_frozen_pangenomefm,tissue,thyroid_gland,16847.0,10637.0,600.0,0.03561464949249125,16847.0,0.06482484481305388,0.5329378244188672,0.030288924759372112,
ctcf,fold_e,42,strict,coordinate_plus_frozen_sequence_fm_plus_frozen_pangenomefm,tissue,tibial_artery,5122.0,3688.0,187.0,0.03650917610308473,5122.0,0.06121145766948392,0.5309591534873137,0.025638315335987157,
ctcf,fold_e,42,strict,coordinate_plus_frozen_sequence_fm_plus_frozen_pangenomefm,tissue,tibial_nerve,16585.0,11176.0,533.0,0.03213747362074163,16585.0,0.05009199869538388,0.5424872681608413,0.018550697630385103,
ctcf,fold_e,42,strict,coordinate_plus_frozen_sequence_fm_plus_frozen_pangenomefm,tissue,transverse_colon,23368.0,13926.0,781.0,0.03342177336528586,23368.0,0.0595272944294422,0.5583071392692033,0.02700818241586777,
ctcf,fold_e,42,strict,coordinate_plus_frozen_sequence_fm_plus_frozen_pangenomefm,tissue,upper_lobe_of_left_lung,25929.0,17536.0,835.0,0.03220332446295653,25929.0,0.05550692488868696,0.566443990953297,0.024079025083237598,
ctcf,fold_e,42,strict,coordinate_plus_frozen_sequence_fm_plus_frozen_pangenomefm,tissue,uterus,11200.0,8005.0,322.0,0.02875,11200.0,0.0518942145730575,0.5793781168670254,0.023829307153727153,
ctcf,fold_e,42,strict,coordinate_plus_frozen_sequence_fm_plus_frozen_pangenomefm,tissue,vagina,3300.0,2754.0,95.0,0.02878787878787879,3300.0,0.055400842987044896,0.5484719599310288,0.02740180401162189,
ctcf,fold_a,42,1hop,coordinate_plus_frozen_sequence_fm,donor_macro,eligible_equal_weight,,,,0.03443043873122615,,0.06501930881028618,0.5531542294499322,0.03185499402833356,4.0
ctcf,fold_a,42,1hop,coordinate_plus_frozen_sequence_fm_plus_frozen_pangenomefm,donor_macro,eligible_equal_weight,,,,0.03443043873122615,,0.06714603259905226,0.557779412529617,0.034075107297566874,4.0
ctcf,fold_a,42,strict,coordinate_plus_frozen_sequence_fm,donor_macro,eligible_equal_weight,,,,0.03443043873122615,,0.06501930881028618,0.5531542294499322,0.03185499402833356,4.0
ctcf,fold_a,42,strict,coordinate_plus_frozen_sequence_fm_plus_frozen_pangenomefm,donor_macro,eligible_equal_weight,,,,0.03443043873122615,,0.0713112078471276,0.5550631567153956,0.03841023668915954,4.0
ctcf,fold_a,314159,1hop,coordinate_plus_frozen_sequence_fm,donor_macro,eligible_equal_weight,,,,0.03443043873122615,,0.06501930881028618,0.5531542294499322,0.03185499402833356,4.0
ctcf,fold_a,314159,1hop,coordinate_plus_frozen_sequence_fm_plus_frozen_pangenomefm,donor_macro,eligible_equal_weight,,,,0.03443043873122615,,0.06791102232247073,0.5586754075327117,0.034876619749630765,4.0
ctcf,fold_a,314159,strict,coordinate_plus_frozen_sequence_fm,donor_macro,eligible_equal_weight,,,,0.03443043873122615,,0.06501930881028618,0.5531542294499322,0.03185499402833356,4.0
ctcf,fold_a,314159,strict,coordinate_plus_frozen_sequence_fm_plus_frozen_pangenomefm,donor_macro,eligible_equal_weight,,,,0.03443043873122615,,0.06559810569269461,0.5547561244445058,0.03245628571156546,4.0
ctcf,fold_a,20260806,1hop,coordinate_plus_frozen_sequence_fm,donor_macro,eligible_equal_weight,,,,0.03443043873122615,,0.06501930881028618,0.5531542294499322,0.03185499402833356,4.0
ctcf,fold_a,20260806,1hop,coordinate_plus_frozen_sequence_fm_plus_frozen_pangenomefm,donor_macro,eligible_equal_weight,,,,0.03443043873122615,,0.06275268186400307,0.5527024107533427,0.02949378054220499,4.0
ctcf,fold_a,20260806,strict,coordinate_plus_frozen_sequence_fm,donor_macro,eligible_equal_weight,,,,0.03443043873122615,,0.06501930881028618,0.5531542294499322,0.03185499402833356,4.0
ctcf,fold_a,20260806,strict,coordinate_plus_frozen_sequence_fm_plus_frozen_pangenomefm,donor_macro,eligible_equal_weight,,,,0.03443043873122615,,0.06646522696283833,0.5564891258365988,0.03336158937850177,4.0
ctcf,fold_b,42,1hop,coordinate_plus_frozen_sequence_fm,donor_macro,eligible_equal_weight,,,,0.04067097287798539,,0.08976578249036124,0.5280056098674732,0.051256416703478,4.0
ctcf,fold_b,42,1hop,coordinate_plus_frozen_sequence_fm_plus_frozen_pangenomefm,donor_macro,eligible_equal_weight,,,,0.04067097287798539,,0.09170106469535319,0.5353970865534982,0.05328101528039081,4.0
ctcf,fold_b,42,strict,coordinate_plus_frozen_sequence_fm,donor_macro,eligible_equal_weight,,,,0.04067097287798539,,0.08976578249036124,0.5280056098674732,0.051256416703478,4.0
ctcf,fold_b,42,strict,coordinate_plus_frozen_sequence_fm_plus_frozen_pangenomefm,donor_macro,eligible_equal_weight,,,,0.04067097287798539,,0.09014081112075267,0.5277453589606504,0.05164988244683974,4.0
ctcf,fold_b,314159,1hop,coordinate_plus_frozen_sequence_fm,donor_macro,eligible_equal_weight,,,,0.04067097287798539,,0.08976578249036124,0.5280056098674732,0.051256416703478,4.0
ctcf,fold_b,314159,1hop,coordinate_plus_frozen_sequence_fm_plus_frozen_pangenomefm,donor_macro,eligible_equal_weight,,,,0.04067097287798539,,0.0950155685406976,0.5416118772193267,0.05674695320324669,4.0
ctcf,fold_b,314159,strict,coordinate_plus_frozen_sequence_fm,donor_macro,eligible_equal_weight,,,,0.04067097287798539,,0.08976578249036124,0.5280056098674732,0.051256416703478,4.0
ctcf,fold_b,314159,strict,coordinate_plus_frozen_sequence_fm_plus_frozen_pangenomefm,donor_macro,eligible_equal_weight,,,,0.04067097287798539,,0.08939383757889917,0.5285599449240119,0.05086663418671076,4.0
ctcf,fold_b,20260806,1hop,coordinate_plus_frozen_sequence_fm,donor_macro,eligible_equal_weight,,,,0.04067097287798539,,0.08976578249036124,0.5280056098674732,0.051256416703478,4.0
ctcf,fold_b,20260806,1hop,coordinate_plus_frozen_sequence_fm_plus_frozen_pangenomefm,donor_macro,eligible_equal_weight,,,,0.04067097287798539,,0.09043302713280746,0.5298565538698803,0.05194809355275112,4.0
ctcf,fold_b,20260806,strict,coordinate_plus_frozen_sequence_fm,donor_macro,eligible_equal_weight,,,,0.04067097287798539,,0.08976578249036124,0.5280056098674732,0.051256416703478,4.0
ctcf,fold_b,20260806,strict,coordinate_plus_frozen_sequence_fm_plus_frozen_pangenomefm,donor_macro,eligible_equal_weight,,,,0.04067097287798539,,0.08962680554962063,0.5201101191768421,0.051112117600858466,4.0
ctcf,fold_c,42,1hop,coordinate_plus_frozen_sequence_fm,donor_macro,eligible_equal_weight,,,,0.033161338595614064,,0.05899480832819236,0.5173928579687997,0.026835275017585983,4.0
ctcf,fold_c,42,1hop,coordinate_plus_frozen_sequence_fm_plus_frozen_pangenomefm,donor_macro,eligible_equal_weight,,,,0.033161338595614064,,0.0655667137563193,0.5347183213528617,0.0336826572531486,4.0
ctcf,fold_c,42,strict,coordinate_plus_frozen_sequence_fm,donor_macro,eligible_equal_weight,,,,0.033161338595614064,,0.05899480832819236,0.5173928579687997,0.026835275017585983,4.0
ctcf,fold_c,42,strict,coordinate_plus_frozen_sequence_fm_plus_frozen_pangenomefm,donor_macro,eligible_equal_weight,,,,0.033161338595614064,,0.061635898343288135,0.5177222392112054,0.029584985845860966,4.0
ctcf,fold_c,314159,1hop,coordinate_plus_frozen_sequence_fm,donor_macro,eligible_equal_weight,,,,0.033161338595614064,,0.05899480832819236,0.5173928579687997,0.026835275017585983,4.0
ctcf,fold_c,314159,1hop,coordinate_plus_frozen_sequence_fm_plus_frozen_pangenomefm,donor_macro,eligible_equal_weight,,,,0.033161338595614064,,0.05982525770059445,0.5294335777178134,0.027705626437277725,4.0
ctcf,fold_c,314159,strict,coordinate_plus_frozen_sequence_fm,donor_macro,eligible_equal_weight,,,,0.033161338595614064,,0.05899480832819236,0.5173928579687997,0.026835275017585983,4.0
ctcf,fold_c,314159,strict,coordinate_plus_frozen_sequence_fm_plus_frozen_pangenomefm,donor_macro,eligible_equal_weight,,,,0.033161338595614064,,0.05609512329947499,0.5133903528749646,0.02382478212557623,4.0
ctcf,fold_c,20260806,1hop,coordinate_plus_frozen_sequence_fm,donor_macro,eligible_equal_weight,,,,0.033161338595614064,,0.05899480832819236,0.5173928579687997,0.026835275017585983,4.0
ctcf,fold_c,20260806,1hop,coordinate_plus_frozen_sequence_fm_plus_frozen_pangenomefm,donor_macro,eligible_equal_weight,,,,0.033161338595614064,,0.0606317574405084,0.516043770773073,0.028556039910035975,4.0
ctcf,fold_c,20260806,strict,coordinate_plus_frozen_sequence_fm,donor_macro,eligible_equal_weight,,,,0.033161338595614064,,0.05899480832819236,0.5173928579687997,0.026835275017585983,4.0
ctcf,fold_c,20260806,strict,coordinate_plus_frozen_sequence_fm_plus_frozen_pangenomefm,donor_macro,eligible_equal_weight,,,,0.033161338595614064,,0.060837997203285366,0.5187957193714141,0.02875245601031116,4.0
ctcf,fold_d,42,1hop,coordinate_plus_frozen_sequence_fm,donor_macro,eligible_equal_weight,,,,0.035644719485910525,,0.05946793285151121,0.5534422487593473,0.02472499130936356,4.0
ctcf,fold_d,42,1hop,coordinate_plus_frozen_sequence_fm_plus_frozen_pangenomefm,donor_macro,eligible_equal_weight,,,,0.035644719485910525,,0.06441224051521452,0.5618548338957119,0.029852815104007557,4.0
ctcf,fold_d,42,strict,coordinate_plus_frozen_sequence_fm,donor_macro,eligible_equal_weight,,,,0.035644719485910525,,0.05946793285151121,0.5534422487593473,0.02472499130936356,4.0
ctcf,fold_d,42,strict,coordinate_plus_frozen_sequence_fm_plus_frozen_pangenomefm,donor_macro,eligible_equal_weight,,,,0.035644719485910525,,0.05883169768236379,0.5538173419983479,0.024062759754591528,4.0
ctcf,fold_d,314159,1hop,coordinate_plus_frozen_sequence_fm,donor_macro,eligible_equal_weight,,,,0.035644719485910525,,0.05946793285151121,0.5534422487593473,0.02472499130936356,4.0
ctcf,fold_d,314159,1hop,coordinate_plus_frozen_sequence_fm_plus_frozen_pangenomefm,donor_macro,eligible_equal_weight,,,,0.035644719485910525,,0.058114136714598336,0.5512961304982386,0.023313180104645247,4.0
ctcf,fold_d,314159,strict,coordinate_plus_frozen_sequence_fm,donor_macro,eligible_equal_weight,,,,0.035644719485910525,,0.05946793285151121,0.5534422487593473,0.02472499130936356,4.0
ctcf,fold_d,314159,strict,coordinate_plus_frozen_sequence_fm_plus_frozen_pangenomefm,donor_macro,eligible_equal_weight,,,,0.035644719485910525,,0.06072297476178286,0.5620455672025404,0.02602431563087334,4.0
ctcf,fold_d,20260806,1hop,coordinate_plus_frozen_sequence_fm,donor_macro,eligible_equal_weight,,,,0.035644719485910525,,0.05946793285151121,0.5534422487593473,0.02472499130936356,4.0
ctcf,fold_d,20260806,1hop,coordinate_plus_frozen_sequence_fm_plus_frozen_pangenomefm,donor_macro,eligible_equal_weight,,,,0.035644719485910525,,0.061067111429618987,0.5652516743234706,0.026385997275419765,4.0
ctcf,fold_d,20260806,strict,coordinate_plus_frozen_sequence_fm,donor_macro,eligible_equal_weight,,,,0.035644719485910525,,0.05946793285151121,0.5534422487593473,0.02472499130936356,4.0
ctcf,fold_d,20260806,strict,coordinate_plus_frozen_sequence_fm_plus_frozen_pangenomefm,donor_macro,eligible_equal_weight,,,,0.035644719485910525,,0.06088568347786524,0.5619164734052083,0.026194723238837186,4.0
ctcf,fold_e,42,1hop,coordinate_plus_frozen_sequence_fm,donor_macro,eligible_equal_weight,,,,0.030683070369787117,,0.05194776665684894,0.55417308066903,0.02194470633662507,4.0
ctcf,fold_e,42,1hop,coordinate_plus_frozen_sequence_fm_plus_frozen_pangenomefm,donor_macro,eligible_equal_weight,,,,0.030683070369787117,,0.05393028591563218,0.5376975646568225,0.023973654469504092,4.0
ctcf,fold_e,42,strict,coordinate_plus_frozen_sequence_fm,donor_macro,eligible_equal_weight,,,,0.030683070369787117,,0.05194776665684894,0.55417308066903,0.02194470633662507,4.0
ctcf,fold_e,42,strict,coordinate_plus_frozen_sequence_fm_plus_frozen_pangenomefm,donor_macro,eligible_equal_weight,,,,0.030683070369787117,,0.05363200548568697,0.5556697587628778,0.0236815060902904,4.0
ctcf,fold_e,314159,1hop,coordinate_plus_frozen_sequence_fm,donor_macro,eligible_equal_weight,,,,0.030683070369787117,,0.05194776665684894,0.55417308066903,0.02194470633662507,4.0
ctcf,fold_e,314159,1hop,coordinate_plus_frozen_sequence_fm_plus_frozen_pangenomefm,donor_macro,eligible_equal_weight,,,,0.030683070369787117,,0.053578272795621995,0.5541783288854626,0.023630248319213856,4.0
ctcf,fold_e,314159,strict,coordinate_plus_frozen_sequence_fm,donor_macro,eligible_equal_weight,,,,0.030683070369787117,,0.05194776665684894,0.55417308066903,0.02194470633662507,4.0
ctcf,fold_e,314159,strict,coordinate_plus_frozen_sequence_fm_plus_frozen_pangenomefm,donor_macro,eligible_equal_weight,,,,0.030683070369787117,,0.054065469869428444,0.5557211414574821,0.024132435396179666,4.0
ctcf,fold_e,20260806,1hop,coordinate_plus_frozen_sequence_fm,donor_macro,eligible_equal_weight,,,,0.030683070369787117,,0.05194776665684894,0.55417308066903,0.02194470633662507,4.0
ctcf,fold_e,20260806,1hop,coordinate_plus_frozen_sequence_fm_plus_frozen_pangenomefm,donor_macro,eligible_equal_weight,,,,0.030683070369787117,,0.056082004899273875,0.5566046464998028,0.02619887470988977,4.0
ctcf,fold_e,20260806,strict,coordinate_plus_frozen_sequence_fm,donor_macro,eligible_equal_weight,,,,0.030683070369787117,,0.05194776665684894,0.55417308066903,0.02194470633662507,4.0
ctcf,fold_e,20260806,strict,coordinate_plus_frozen_sequence_fm_plus_frozen_pangenomefm,donor_macro,eligible_equal_weight,,,,0.030683070369787117,,0.05190890216853313,0.5468305480891926,0.0219102540578974,4.0
ctcf,fold_a,42,1hop,coordinate_plus_frozen_sequence_fm,tissue_macro,eligible_equal_weight,,,,0.03488737520310137,,0.07257838492642119,0.559929925036285,0.03924118120170057,30.0
ctcf,fold_a,42,1hop,coordinate_plus_frozen_sequence_fm_plus_frozen_pangenomefm,tissue_macro,eligible_equal_weight,,,,0.03488737520310137,,0.07691483685355921,0.5668067533058668,0.0437403173502578,30.0
ctcf,fold_a,42,strict,coordinate_plus_frozen_sequence_fm,tissue_macro,eligible_equal_weight,,,,0.03488737520310137,,0.07257838492642119,0.559929925036285,0.03924118120170057,30.0
ctcf,fold_a,42,strict,coordinate_plus_frozen_sequence_fm_plus_frozen_pangenomefm,tissue_macro,eligible_equal_weight,,,,0.03488737520310137,,0.08260456833450754,0.563250015394114,0.04966181867479634,30.0
ctcf,fold_a,314159,1hop,coordinate_plus_frozen_sequence_fm,tissue_macro,eligible_equal_weight,,,,0.03488737520310137,,0.07257838492642119,0.559929925036285,0.03924118120170057,30.0
ctcf,fold_a,314159,1hop,coordinate_plus_frozen_sequence_fm_plus_frozen_pangenomefm,tissue_macro,eligible_equal_weight,,,,0.03488737520310137,,0.07820719648625836,0.5694980565877361,0.04508619300598773,30.0
ctcf,fold_a,314159,strict,coordinate_plus_frozen_sequence_fm,tissue_macro,eligible_equal_weight,,,,0.03488737520310137,,0.07257838492642119,0.559929925036285,0.03924118120170057,30.0
ctcf,fold_a,314159,strict,coordinate_plus_frozen_sequence_fm_plus_frozen_pangenomefm,tissue_macro,eligible_equal_weight,,,,0.03488737520310137,,0.07440557625999097,0.5642304768183354,0.04112049314171498,30.0
ctcf,fold_a,20260806,1hop,coordinate_plus_frozen_sequence_fm,tissue_macro,eligible_equal_weight,,,,0.03488737520310137,,0.07257838492642119,0.559929925036285,0.03924118120170057,30.0
ctcf,fold_a,20260806,1hop,coordinate_plus_frozen_sequence_fm_plus_frozen_pangenomefm,tissue_macro,eligible_equal_weight,,,,0.03488737520310137,,0.06887835263100453,0.5591785019760932,0.035386348689771294,30.0
ctcf,fold_a,20260806,strict,coordinate_plus_frozen_sequence_fm,tissue_macro,eligible_equal_weight,,,,0.03488737520310137,,0.07257838492642119,0.559929925036285,0.03924118120170057,30.0
ctcf,fold_a,20260806,strict,coordinate_plus_frozen_sequence_fm_plus_frozen_pangenomefm,tissue_macro,eligible_equal_weight,,,,0.03488737520310137,,0.07578133821546648,0.5656176911469931,0.042564507279898814,30.0
ctcf,fold_b,42,1hop,coordinate_plus_frozen_sequence_fm,tissue_macro,eligible_equal_weight,,,,0.042025349402108024,,0.1094827724758897,0.5559101634895411,0.07051310800463435,30.0
ctcf,fold_b,42,1hop,coordinate_plus_frozen_sequence_fm_plus_frozen_pangenomefm,tissue_macro,eligible_equal_weight,,,,0.042025349402108024,,0.11375914260733852,0.5633307860769688,0.07501389946977263,30.0
ctcf,fold_b,42,strict,coordinate_plus_frozen_sequence_fm,tissue_macro,eligible_equal_weight,,,,0.042025349402108024,,0.1094827724758897,0.5559101634895411,0.07051310800463435,30.0
ctcf,fold_b,42,strict,coordinate_plus_frozen_sequence_fm_plus_frozen_pangenomefm,tissue_macro,eligible_equal_weight,,,,0.042025349402108024,,0.11079795001156764,0.5567285049132072,0.07188399007044295,30.0
ctcf,fold_b,314159,1hop,coordinate_plus_frozen_sequence_fm,tissue_macro,eligible_equal_weight,,,,0.042025349402108024,,0.1094827724758897,0.5559101634895411,0.07051310800463435,30.0
ctcf,fold_b,314159,1hop,coordinate_plus_frozen_sequence_fm_plus_frozen_pangenomefm,tissue_macro,eligible_equal_weight,,,,0.042025349402108024,,0.11833233998825689,0.5708785516513886,0.07978447850478515,30.0
ctcf,fold_b,314159,strict,coordinate_plus_frozen_sequence_fm,tissue_macro,eligible_equal_weight,,,,0.042025349402108024,,0.1094827724758897,0.5559101634895411,0.07051310800463435,30.0
ctcf,fold_b,314159,strict,coordinate_plus_frozen_sequence_fm_plus_frozen_pangenomefm,tissue_macro,eligible_equal_weight,,,,0.042025349402108024,,0.1100515369015677,0.5577877922069074,0.07111236858581223,30.0
ctcf,fold_b,20260806,1hop,coordinate_plus_frozen_sequence_fm,tissue_macro,eligible_equal_weight,,,,0.042025349402108024,,0.1094827724758897,0.5559101634895411,0.07051310800463435,30.0
ctcf,fold_b,20260806,1hop,coordinate_plus_frozen_sequence_fm_plus_frozen_pangenomefm,tissue_macro,eligible_equal_weight,,,,0.042025349402108024,,0.11000811296892676,0.5586789524390897,0.07105848698364274,30.0
ctcf,fold_b,20260806,strict,coordinate_plus_frozen_sequence_fm,tissue_macro,eligible_equal_weight,,,,0.042025349402108024,,0.1094827724758897,0.5559101634895411,0.07051310800463435,30.0
ctcf,fold_b,20260806,strict,coordinate_plus_frozen_sequence_fm_plus_frozen_pangenomefm,tissue_macro,eligible_equal_weight,,,,0.042025349402108024,,0.1097941395375088,0.5502706268482979,0.07083523387322825,30.0
ctcf,fold_c,42,1hop,coordinate_plus_frozen_sequence_fm,tissue_macro,eligible_equal_weight,,,,0.03365910111185236,,0.06484643609920832,0.5257057825570646,0.032299552649061945,30.0
ctcf,fold_c,42,1hop,coordinate_plus_frozen_sequence_fm_plus_frozen_pangenomefm,tissue_macro,eligible_equal_weight,,,,0.03365910111185236,,0.07665157195874187,0.5475455524552187,0.04449166521009121,30.0
ctcf,fold_c,42,strict,coordinate_plus_frozen_sequence_fm,tissue_macro,eligible_equal_weight,,,,0.03365910111185236,,0.06484643609920832,0.5257057825570646,0.032299552649061945,30.0
ctcf,fold_c,42,strict,coordinate_plus_frozen_sequence_fm_plus_frozen_pangenomefm,tissue_macro,eligible_equal_weight,,,,0.03365910111185236,,0.06916253109913906,0.5281490855248838,0.036755134161126336,30.0
ctcf,fold_c,314159,1hop,coordinate_plus_frozen_sequence_fm,tissue_macro,eligible_equal_weight,,,,0.03365910111185236,,0.06484643609920832,0.5257057825570646,0.032299552649061945,30.0
ctcf,fold_c,314159,1hop,coordinate_plus_frozen_sequence_fm_plus_frozen_pangenomefm,tissue_macro,eligible_equal_weight,,,,0.03365910111185236,,0.0665895085177682,0.5400597584436254,0.03411091294501126,30.0
ctcf,fold_c,314159,strict,coordinate_plus_frozen_sequence_fm,tissue_macro,eligible_equal_weight,,,,0.03365910111185236,,0.06484643609920832,0.5257057825570646,0.032299552649061945,30.0
ctcf,fold_c,314159,strict,coordinate_plus_frozen_sequence_fm_plus_frozen_pangenomefm,tissue_macro,eligible_equal_weight,,,,0.03365910111185236,,0.062197312145351805,0.5216387228834511,0.029553986847129343,30.0
ctcf,fold_c,20260806,1hop,coordinate_plus_frozen_sequence_fm,tissue_macro,eligible_equal_weight,,,,0.03365910111185236,,0.06484643609920832,0.5257057825570646,0.032299552649061945,30.0
ctcf,fold_c,20260806,1hop,coordinate_plus_frozen_sequence_fm_plus_frozen_pangenomefm,tissue_macro,eligible_equal_weight,,,,0.03365910111185236,,0.06694767776589601,0.5253660031336778,0.03447792462901444,30.0
ctcf,fold_c,20260806,strict,coordinate_plus_frozen_sequence_fm,tissue_macro,eligible_equal_weight,,,,0.03365910111185236,,0.06484643609920832,0.5257057825570646,0.032299552649061945,30.0
ctcf,fold_c,20260806,strict,coordinate_plus_frozen_sequence_fm_plus_frozen_pangenomefm,tissue_macro,eligible_equal_weight,,,,0.03365910111185236,,0.06890245368133328,0.5285668973275661,0.036475718840683534,30.0
ctcf,fold_d,42,1hop,coordinate_plus_frozen_sequence_fm,tissue_macro,eligible_equal_weight,,,,0.03498564526879723,,0.06925968106124746,0.5631309012913183,0.03549985819242129,30.0
ctcf,fold_d,42,1hop,coordinate_plus_frozen_sequence_fm_plus_frozen_pangenomefm,tissue_macro,eligible_equal_weight,,,,0.03498564526879723,,0.07469755577581697,0.5674695561558271,0.041148947249307524,30.0
ctcf,fold_d,42,strict,coordinate_plus_frozen_sequence_fm,tissue_macro,eligible_equal_weight,,,,0.03498564526879723,,0.06925968106124746,0.5631309012913183,0.03549985819242129,30.0
ctcf,fold_d,42,strict,coordinate_plus_frozen_sequence_fm_plus_frozen_pangenomefm,tissue_macro,eligible_equal_weight,,,,0.03498564526879723,,0.0684494021127568,0.5632461967589267,0.034653701514570395,30.0
ctcf,fold_d,314159,1hop,coordinate_plus_frozen_sequence_fm,tissue_macro,eligible_equal_weight,,,,0.03498564526879723,,0.06925968106124746,0.5631309012913183,0.03549985819242129,30.0
ctcf,fold_d,314159,1hop,coordinate_plus_frozen_sequence_fm_plus_frozen_pangenomefm,tissue_macro,eligible_equal_weight,,,,0.03498564526879723,,0.06847635546006553,0.5579606325442391,0.03468406870464498,30.0
ctcf,fold_d,314159,strict,coordinate_plus_frozen_sequence_fm,tissue_macro,eligible_equal_weight,,,,0.03498564526879723,,0.06925968106124746,0.5631309012913183,0.03549985819242129,30.0
ctcf,fold_d,314159,strict,coordinate_plus_frozen_sequence_fm_plus_frozen_pangenomefm,tissue_macro,eligible_equal_weight,,,,0.03498564526879723,,0.06997706953721462,0.5696728973402319,0.03625687195383687,30.0
ctcf,fold_d,20260806,1hop,coordinate_plus_frozen_sequence_fm,tissue_macro,eligible_equal_weight,,,,0.03498564526879723,,0.06925968106124746,0.5631309012913183,0.03549985819242129,30.0
ctcf,fold_d,20260806,1hop,coordinate_plus_frozen_sequence_fm_plus_frozen_pangenomefm,tissue_macro,eligible_equal_weight,,,,0.03498564526879723,,0.0703754017472195,0.5732980175552834,0.03666955499019271,30.0
ctcf,fold_d,20260806,strict,coordinate_plus_frozen_sequence_fm,tissue_macro,eligible_equal_weight,,,,0.03498564526879723,,0.06925968106124746,0.5631309012913183,0.03549985819242129,30.0
ctcf,fold_d,20260806,strict,coordinate_plus_frozen_sequence_fm_plus_frozen_pangenomefm,tissue_macro,eligible_equal_weight,,,,0.03498564526879723,,0.07072989990247046,0.5709289394389795,0.03702784662207746,30.0
ctcf,fold_e,42,1hop,coordinate_plus_frozen_sequence_fm,tissue_macro,eligible_equal_weight,,,,0.03093453054786401,,0.058436410219465065,0.5585728640406831,0.028408969811929124,30.0
ctcf,fold_e,42,1hop,coordinate_plus_frozen_sequence_fm_plus_frozen_pangenomefm,tissue_macro,eligible_equal_weight,,,,0.03093453054786401,,0.059876721627659245,0.5346658981652801,0.02987108586559376,30.0
ctcf,fold_e,42,strict,coordinate_plus_frozen_sequence_fm,tissue_macro,eligible_equal_weight,,,,0.03093453054786401,,0.058436410219465065,0.5585728640406831,0.028408969811929124,30.0
ctcf,fold_e,42,strict,coordinate_plus_frozen_sequence_fm_plus_frozen_pangenomefm,tissue_macro,eligible_equal_weight,,,,0.03093453054786401,,0.06123953058563715,0.5615317798736036,0.031304204551365136,30.0
ctcf,fold_e,314159,1hop,coordinate_plus_frozen_sequence_fm,tissue_macro,eligible_equal_weight,,,,0.03093453054786401,,0.058436410219465065,0.5585728640406831,0.028408969811929124,30.0
ctcf,fold_e,314159,1hop,coordinate_plus_frozen_sequence_fm_plus_frozen_pangenomefm,tissue_macro,eligible_equal_weight,,,,0.03093453054786401,,0.059936339360589,0.5594699433808427,0.029946224815710486,30.0
ctcf,fold_e,314159,strict,coordinate_plus_frozen_sequence_fm,tissue_macro,eligible_equal_weight,,,,0.03093453054786401,,0.058436410219465065,0.5585728640406831,0.028408969811929124,30.0
ctcf,fold_e,314159,strict,coordinate_plus_frozen_sequence_fm_plus_frozen_pangenomefm,tissue_macro,eligible_equal_weight,,,,0.03093453054786401,,0.06054137919067607,0.5620257407935558,0.030578827769150645,30.0
ctcf,fold_e,20260806,1hop,coordinate_plus_frozen_sequence_fm,tissue_macro,eligible_equal_weight,,,,0.03093453054786401,,0.058436410219465065,0.5585728640406831,0.028408969811929124,30.0
ctcf,fold_e,20260806,1hop,coordinate_plus_frozen_sequence_fm_plus_frozen_pangenomefm,tissue_macro,eligible_equal_weight,,,,0.03093453054786401,,0.06364887277377099,0.5633391598626303,0.0337705723794604,30.0
ctcf,fold_e,20260806,strict,coordinate_plus_frozen_sequence_fm,tissue_macro,eligible_equal_weight,,,,0.03093453054786401,,0.058436410219465065,0.5585728640406831,0.028408969811929124,30.0
ctcf,fold_e,20260806,strict,coordinate_plus_frozen_sequence_fm_plus_frozen_pangenomefm,tissue_macro,eligible_equal_weight,,,,0.03093453054786401,,0.057901990687811766,0.553740998433208,0.02785939162453928,30.0
