fold,seed,closure,feature_set,stratum,stratum_value,n,positive_fraction,threshold,auroc,auprc,accuracy,precision,recall,f1,nll,brier,ece,model
fold_a,42,1hop,coordinate_plus_frozen_sequence_fm_pair,chromosome,chr12,7786,0.6203442075520165,0.2842584257938669,0.8009250582035485,0.8665109989325679,0.7170562548163371,0.7117523778816701,0.91407867494824,0.8003262938457355,0.5390134319631459,0.1816763008034508,0.081671562766565,T_Q
fold_a,42,1hop,coordinate_plus_frozen_sequence_fm_pair,chromosome,chr17,6605,0.6183194549583648,0.2842584257938669,0.7951545412268579,0.8659233781833762,0.703557910673732,0.7019376899696048,0.9047502448579824,0.790543431750107,0.5470371321962507,0.1855453018953495,0.090134602392525,T_Q
fold_a,42,1hop,coordinate_plus_frozen_sequence_fm_pair,chromosome,chr2,13840,0.619942196531792,0.2842584257938669,0.7881056839231745,0.8531575928948311,0.7114884393063584,0.7073126638344029,0.912004662004662,0.7967214783892481,0.5542411924874462,0.1876086257861152,0.0870978368930423,T_Q
fold_a,42,1hop,coordinate_plus_frozen_sequence_fm_pair,chromosome,chr22,3884,0.6251287332646756,0.2842584257938669,0.7829407258721509,0.8552344754706989,0.6979917610710608,0.6990168093878846,0.9077429983525536,0.7898226124350475,0.5590276180979277,0.1892945520365173,0.0861043497104808,T_Q
fold_a,42,1hop,coordinate_plus_frozen_sequence_fm_pair,chromosome,chr7,11102,0.6327688704737885,0.2842584257938669,0.7919040673441937,0.8685158068173873,0.7157268960547649,0.7169938306225463,0.9098932384341636,0.8020075282308657,0.5480793774750392,0.1859678094233906,0.0946949197585217,T_Q
fold_a,42,1hop,coordinate_plus_frozen_sequence_fm_pair,sv_class,DEL,16270,0.0,0.2842584257938669,,,0.3812538414259373,0.0,0.0,0.0,0.5516176522040234,0.1846348365419722,0.3768754469010318,T_Q
fold_a,42,1hop,coordinate_plus_frozen_sequence_fm_pair,sv_class,INS,26947,1.0,0.2842584257938669,,,0.9103425242141984,1.0,0.9103425242141984,0.9530673297330898,0.5478108234500435,0.1867513136061422,0.3686057554655338,T_Q
fold_a,42,1hop,coordinate_plus_frozen_sequence_fm_pair,length_bin,bp>=1e+06,4,1.0,0.2842584257938669,,,1.0,1.0,1.0,1.0,0.4880686526098495,0.1609551788453583,0.3698240869172646,T_Q
fold_a,42,1hop,coordinate_plus_frozen_sequence_fm_pair,length_bin,"bp[100,500)",19281,0.6574866448835641,0.2842584257938669,0.8233739563349297,0.8931706006828379,0.7522950054457757,0.7564427134047387,0.9192237911177724,0.8299266434014672,0.5244329294627126,0.1755571744157366,0.1229337863930405,T_Q
fold_a,42,1hop,coordinate_plus_frozen_sequence_fm_pair,length_bin,"bp[1000,10000)",4713,0.5987693613409718,0.2842584257938669,0.8173090220714256,0.8858439945191616,0.6293231487375345,0.6215788283193847,0.973777462792346,0.7588016015463206,0.5236135565379959,0.177772667028592,0.0882554647735981,T_Q
fold_a,42,1hop,coordinate_plus_frozen_sequence_fm_pair,length_bin,"bp[10000,100000)",662,0.6525679758308157,0.2842584257938669,0.7225593800322061,0.8443206221695498,0.6555891238670695,0.6588785046728972,0.9791666666666666,0.7877094972067039,0.5848062081607177,0.2032837016376177,0.0743768445487384,T_Q
fold_a,42,1hop,coordinate_plus_frozen_sequence_fm_pair,length_bin,"bp[100000,1e+06)",37,0.5675675675675675,0.2842584257938669,0.6934523809523809,0.8024519170080844,0.5945945945945946,0.5833333333333334,1.0,0.7368421052631579,0.6481207775435268,0.2300741721837086,0.2969084455739627,T_Q
fold_a,42,1hop,coordinate_plus_frozen_sequence_fm_pair,length_bin,"bp[50,100)",15326,0.5807125146809343,0.2842584257938669,0.7533577600828096,0.8006111054774561,0.6832833094088477,0.6786786786786787,0.863370786516854,0.7599643952131342,0.6054759593782005,0.2084165581415911,0.1010201917157842,T_Q
fold_a,42,1hop,coordinate_plus_frozen_sequence_fm_pair,length_bin,"bp[500,1000)",3194,0.6546649968691296,0.2842584257938669,0.8617654212913524,0.9284001881326832,0.7298058860363181,0.721820809248555,0.9555236728837876,0.8223914385676065,0.4585774731751407,0.148939709774178,0.0589320847031526,T_Q
fold_a,42,1hop,coordinate_plus_frozen_sequence_fm_pair,allele_frequency_bin,"af[0.001,0.01)",11561,0.6030620188565003,0.2842584257938669,0.7376557876745595,0.8110911823087679,0.6677623042989361,0.6639095382682442,0.909495123350545,0.7675361617139744,0.595308117498797,0.205139487778281,0.0592755537885125,T_Q
fold_a,42,1hop,coordinate_plus_frozen_sequence_fm_pair,allele_frequency_bin,"af[0.01,0.05)",14805,0.6430935494765282,0.2842584257938669,0.7901848962741511,0.8711548901611736,0.7187436676798379,0.7246498364505577,0.9074677029723768,0.8058198097369894,0.5530990106155552,0.1877149844713106,0.1065767625112799,T_Q
fold_a,42,1hop,coordinate_plus_frozen_sequence_fm_pair,allele_frequency_bin,"af[0.05,0.5)",14697,0.6236646934748589,0.2842584257938669,0.8144202338332813,0.8786567607957563,0.7236170647070831,0.721335646140503,0.9073750818241326,0.8037301894085813,0.5308696702327849,0.1783068797776593,0.096053314349874,T_Q
fold_a,42,1hop,coordinate_plus_frozen_sequence_fm_pair,allele_frequency_bin,"af[0.5,1)",2154,0.5979572887650882,0.2842584257938669,0.9161015520778046,0.9293122978386904,0.8068709377901578,0.773525721455458,0.9572981366459627,0.8556557945870923,0.4008811136906484,0.1230651174038456,0.0985188844200562,T_Q
fold_a,42,1hop,coordinate_plus_frozen_sequence_fm_pair,breakpoint_mapping_distance,overlap,43217,0.623527778420529,0.2842584257938669,0.7921017146521927,0.8617182305006181,0.7111553323923456,0.7090294236661079,0.9103425242141984,0.7971728003899585,0.5492439887282269,0.1859545187838721,0.0879527910648576,T_Q
fold_a,42,1hop,coordinate_plus_frozen_sequence_fm_plus_frozen_pangenomefm_pair,chromosome,chr12,7786,0.6203442075520165,0.265812169236998,0.8854754130280694,0.9236706408091024,0.7921911122527614,0.775,0.9370600414078676,0.8483598875351452,0.4188471939453037,0.13709183423684,0.0643926492043997,T_Q
fold_a,42,1hop,coordinate_plus_frozen_sequence_fm_plus_frozen_pangenomefm_pair,chromosome,chr17,6605,0.6183194549583648,0.265812169236998,0.8666796849655839,0.9139537298884124,0.7718395155185466,0.7565200079633685,0.930460333006856,0.8345228944767761,0.447004830743043,0.1484673708012623,0.0674512760652945,T_Q
fold_a,42,1hop,coordinate_plus_frozen_sequence_fm_plus_frozen_pangenomefm_pair,chromosome,chr2,13840,0.619942196531792,0.265812169236998,0.8620630810887465,0.9096964674314512,0.769364161849711,0.7555977229601518,0.9282051282051282,0.8330543933054393,0.4544996761182398,0.1510750317542678,0.0680330799725683,T_Q
fold_a,42,1hop,coordinate_plus_frozen_sequence_fm_plus_frozen_pangenomefm_pair,chromosome,chr22,3884,0.6251287332646756,0.265812169236998,0.861807416224632,0.910515228380322,0.7747167868177137,0.7676663219579455,0.9172158154859968,0.8358040908237944,0.4620164808018182,0.1529071630806189,0.0806774025218424,T_Q
fold_a,42,1hop,coordinate_plus_frozen_sequence_fm_plus_frozen_pangenomefm_pair,chromosome,chr7,11102,0.6327688704737885,0.265812169236998,0.8684091383221737,0.9191442487827266,0.7769771212394163,0.7694585949532046,0.9245551601423488,0.8399068925384715,0.448506594926507,0.1480609825312752,0.076925547189133,T_Q
fold_a,42,1hop,coordinate_plus_frozen_sequence_fm_plus_frozen_pangenomefm_pair,sv_class,DEL,16270,0.0,0.265812169236998,,,0.5247080516287645,0.0,0.0,0.0,0.4487114148371684,0.1492983628078073,0.2959207466278954,T_Q
fold_a,42,1hop,coordinate_plus_frozen_sequence_fm_plus_frozen_pangenomefm_pair,sv_class,INS,26947,1.0,0.265812169236998,,,0.9281923776301628,1.0,0.9281923776301628,0.9627590985199868,0.4444704117526991,0.1464906123714609,0.291654676495655,T_Q
fold_a,42,1hop,coordinate_plus_frozen_sequence_fm_plus_frozen_pangenomefm_pair,length_bin,bp>=1e+06,4,1.0,0.265812169236998,,,1.0,1.0,1.0,1.0,0.1031037861749642,0.0108599646789948,0.0972094082600308,T_Q
fold_a,42,1hop,coordinate_plus_frozen_sequence_fm_plus_frozen_pangenomefm_pair,length_bin,"bp[100,500)",19281,0.6574866448835641,0.265812169236998,0.8768842099564892,0.930946815226521,0.7922825579586121,0.7870762711864406,0.9377612999921116,0.8558367229401389,0.4295235542025332,0.1413939682269712,0.0834925754597206,T_Q
fold_a,42,1hop,coordinate_plus_frozen_sequence_fm_plus_frozen_pangenomefm_pair,length_bin,"bp[1000,10000)",4713,0.5987693613409718,0.265812169236998,0.917639169612784,0.9422476471744934,0.7958837258646297,0.758046614872364,0.968107725017718,0.8502956738250856,0.3573044397599501,0.1136715537335745,0.033489474157517,T_Q
fold_a,42,1hop,coordinate_plus_frozen_sequence_fm_plus_frozen_pangenomefm_pair,length_bin,"bp[10000,100000)",662,0.6525679758308157,0.265812169236998,0.8163496376811594,0.8893420541707793,0.7265861027190332,0.7167530224525043,0.960648148148148,0.820969337289812,0.4954251183989883,0.1632925258663637,0.0550330986573621,T_Q
fold_a,42,1hop,coordinate_plus_frozen_sequence_fm_plus_frozen_pangenomefm_pair,length_bin,"bp[100000,1e+06)",37,0.5675675675675675,0.265812169236998,0.4821428571428571,0.6405653974159748,0.5405405405405406,0.5588235294117647,0.9047619047619048,0.6909090909090909,1.0135971168283129,0.3358433654466116,0.3137685007749464,T_Q
fold_a,42,1hop,coordinate_plus_frozen_sequence_fm_plus_frozen_pangenomefm_pair,length_bin,"bp[50,100)",15326,0.5807125146809343,0.265812169236998,0.8368613812566226,0.8736648981490941,0.7474879290095263,0.7319254887495389,0.8917977528089888,0.8039910858995137,0.5083032653898891,0.171230039092252,0.0882149770152206,T_Q
fold_a,42,1hop,coordinate_plus_frozen_sequence_fm_plus_frozen_pangenomefm_pair,length_bin,"bp[500,1000)",3194,0.6546649968691296,0.265812169236998,0.9111282086635596,0.9511761635365066,0.8018159048215404,0.7829968944099379,0.9646102343376376,0.8643668309406471,0.3619025202004101,0.115771723448524,0.0433107049819045,T_Q
fold_a,42,1hop,coordinate_plus_frozen_sequence_fm_plus_frozen_pangenomefm_pair,allele_frequency_bin,"af[0.001,0.01)",11561,0.6030620188565003,0.265812169236998,0.8060874228789515,0.8615926665335262,0.7258887639477554,0.7145436082590545,0.9083476764199656,0.7998736975055257,0.5315908214447891,0.1801707507228546,0.0656038439982461,T_Q
fold_a,42,1hop,coordinate_plus_frozen_sequence_fm_plus_frozen_pangenomefm_pair,allele_frequency_bin,"af[0.01,0.05)",14805,0.6430935494765282,0.265812169236998,0.8624914736864786,0.9189004693587848,0.7762242485646741,0.7730471498944406,0.9230122886251444,0.8413997797884054,0.4568311245576308,0.1515726405045497,0.0849195139908021,T_Q
fold_a,42,1hop,coordinate_plus_frozen_sequence_fm_plus_frozen_pangenomefm_pair,allele_frequency_bin,"af[0.05,0.5)",14697,0.6236646934748589,0.265812169236998,0.8987218136500228,0.9358590189920004,0.7990746410832142,0.7815133665609425,0.940868426794676,0.8538191178654522,0.3994373286738269,0.1299676850684668,0.0698410681466925,T_Q
fold_a,42,1hop,coordinate_plus_frozen_sequence_fm_plus_frozen_pangenomefm_pair,allele_frequency_bin,"af[0.5,1)",2154,0.5979572887650882,0.265812169236998,0.9744631560827964,0.9806076724074522,0.8918291550603529,0.8566599053414469,0.9836956521739132,0.9157932779183232,0.2312173628516944,0.0647376208118592,0.0756247376899687,T_Q
fold_a,42,1hop,coordinate_plus_frozen_sequence_fm_plus_frozen_pangenomefm_pair,breakpoint_mapping_distance,overlap,43217,0.623527778420529,0.265812169236998,0.8687102085180797,0.91540216402425,0.776291737047921,0.7638418079096045,0.9281923776301628,0.8380352476043691,0.4460670316056346,0.1475476524158729,0.0704488516068342,T_Q
fold_a,42,1hop,coordinate_plus_frozen_sequence_fm_plus_topology_control_pair,chromosome,chr12,7786,0.6203442075520165,0.2583653300249253,0.8638454755320967,0.9055524522221448,0.7789622399178012,0.7654089124124979,0.9281573498964804,0.8389632263497707,0.4604170093588839,0.1494512289437633,0.0699032998890107,T_Q
fold_a,42,1hop,coordinate_plus_frozen_sequence_fm_plus_topology_control_pair,chromosome,chr17,6605,0.6183194549583648,0.2583653300249253,0.8479176484620277,0.8976810747639489,0.7598788796366389,0.7504009623095429,0.9165034280117532,0.8251763668430335,0.4855067042608592,0.15996797932921,0.0764790381774177,T_Q
fold_a,42,1hop,coordinate_plus_frozen_sequence_fm_plus_topology_control_pair,chromosome,chr2,13840,0.619942196531792,0.2583653300249253,0.838856457230982,0.885959234934831,0.7552023121387283,0.7444904878508194,0.9213286713286714,0.8235232836753829,0.4914359819727204,0.1616223571790352,0.0658588564466052,T_Q
fold_a,42,1hop,coordinate_plus_frozen_sequence_fm_plus_topology_control_pair,chromosome,chr22,3884,0.6251287332646756,0.2583653300249253,0.8402573795644224,0.8921177598050447,0.7551493305870237,0.7482352941176471,0.9168039538714992,0.8239866740699612,0.4952980219240452,0.162786077557213,0.077240637329877,T_Q
fold_a,42,1hop,coordinate_plus_frozen_sequence_fm_plus_topology_control_pair,chromosome,chr7,11102,0.6327688704737885,0.2583653300249253,0.8483793557645223,0.9031366878527586,0.7695009908124663,0.7621507396102372,0.9241281138790036,0.8353599691179309,0.4817875611037369,0.1584612778798426,0.0795252551078568,T_Q
fold_a,42,1hop,coordinate_plus_frozen_sequence_fm_plus_topology_control_pair,sv_class,DEL,16270,0.0,0.2583653300249253,,,0.501720958819914,0.0,0.0,0.0,0.4976750464237282,0.1674768302392485,0.3248813517720897,T_Q
fold_a,42,1hop,coordinate_plus_frozen_sequence_fm_plus_topology_control_pair,sv_class,INS,26947,1.0,0.2583653300249253,,,0.9221434668052102,1.0,0.9221434668052102,0.9594949416943394,0.4738346614549418,0.1530307418133772,0.3122244699163644,T_Q
fold_a,42,1hop,coordinate_plus_frozen_sequence_fm_plus_topology_control_pair,length_bin,bp>=1e+06,4,1.0,0.2583653300249253,,,1.0,1.0,1.0,1.0,0.1967844583406448,0.0366865913793989,0.1752448260028081,T_Q
fold_a,42,1hop,coordinate_plus_frozen_sequence_fm_plus_topology_control_pair,length_bin,"bp[100,500)",19281,0.6574866448835641,0.2583653300249253,0.8584353011389015,0.9126339535127856,0.7827394844665733,0.781245858184228,0.9299518813599432,0.8491374653365505,0.4645699400785627,0.151067774148673,0.0909161202227987,T_Q
fold_a,42,1hop,coordinate_plus_frozen_sequence_fm_plus_topology_control_pair,length_bin,"bp[1000,10000)",4713,0.5987693613409718,0.2583653300249253,0.9037592182897763,0.9351827996236566,0.7604498196477827,0.723292007385914,0.9716513111268604,0.8292756691365493,0.4006763898418203,0.1265876463818364,0.0706301526645888,T_Q
fold_a,42,1hop,coordinate_plus_frozen_sequence_fm_plus_topology_control_pair,length_bin,"bp[10000,100000)",662,0.6525679758308157,0.2583653300249253,0.8303190418679549,0.8956676715483812,0.7145015105740181,0.7035175879396985,0.9722222222222222,0.8163265306122449,0.4806482982721986,0.1570426758174174,0.0731894626468976,T_Q
fold_a,42,1hop,coordinate_plus_frozen_sequence_fm_plus_topology_control_pair,length_bin,"bp[100000,1e+06)",37,0.5675675675675675,0.2583653300249253,0.6696428571428572,0.7305305876681643,0.6216216216216216,0.6,1.0,0.75,0.6979526262393537,0.2486391049385381,0.2401401801431515,T_Q
fold_a,42,1hop,coordinate_plus_frozen_sequence_fm_plus_topology_control_pair,length_bin,"bp[50,100)",15326,0.5807125146809343,0.2583653300249253,0.81035282402599,0.8422738443944622,0.7393318543651312,0.726642639312448,0.8834831460674157,0.7974240657167486,0.547806355332996,0.1838329324517753,0.0900387148497491,T_Q
fold_a,42,1hop,coordinate_plus_frozen_sequence_fm_plus_topology_control_pair,length_bin,"bp[500,1000)",3194,0.6546649968691296,0.2583653300249253,0.8923836257188236,0.9399363632002048,0.7842830306825297,0.7677616501145913,0.9612625538020086,0.8536844340624337,0.4005491632020028,0.1278929021553564,0.0496055977567038,T_Q
fold_a,42,1hop,coordinate_plus_frozen_sequence_fm_plus_topology_control_pair,allele_frequency_bin,"af[0.001,0.01)",11561,0.6030620188565003,0.2583653300249253,0.7904499422213337,0.8446657143109331,0.7147305596401695,0.7007650273224044,0.9196787148594378,0.7954348095769755,0.5470980085129115,0.1839750306569728,0.059493202417176,T_Q
fold_a,42,1hop,coordinate_plus_frozen_sequence_fm_plus_topology_control_pair,allele_frequency_bin,"af[0.01,0.05)",14805,0.6430935494765282,0.2583653300249253,0.8425136721161661,0.9012234907935176,0.7659574468085106,0.7658005617977528,0.916290305640164,0.8343135848515277,0.490539053762849,0.1615642684377022,0.0876623091317942,T_Q
fold_a,42,1hop,coordinate_plus_frozen_sequence_fm_plus_topology_control_pair,allele_frequency_bin,"af[0.05,0.5)",14697,0.6236646934748589,0.2583653300249253,0.8728232058664603,0.9153235702880212,0.7842416819759135,0.7739694726259025,0.9238490072005237,0.8422937285522455,0.4516130697680895,0.1462506117360466,0.0787880444448574,T_Q
fold_a,42,1hop,coordinate_plus_frozen_sequence_fm_plus_topology_control_pair,allele_frequency_bin,"af[0.5,1)",2154,0.5979572887650882,0.2583653300249253,0.9590992712980362,0.9656863431708188,0.8741875580315692,0.845213849287169,0.966614906832298,0.9018471568272364,0.2974965523593385,0.0836712457323716,0.0880593761731515,T_Q
fold_a,42,1hop,coordinate_plus_frozen_sequence_fm_plus_topology_control_pair,breakpoint_mapping_distance,overlap,43217,0.623527778420529,0.2583653300249253,0.8473630520462792,0.8962608313829933,0.7638660712219728,0.7540053404539386,0.9221434668052102,0.829641253359598,0.4828099041474506,0.1584692928161984,0.0723718258440976,T_Q
fold_a,42,1hop,coordinate_plus_frozen_sequence_fm_plus_topology_control_plus_frozen_pangenomefm_pair,chromosome,chr12,7786,0.6203442075520165,0.2460436422557421,0.8904437968044782,0.9278870968806796,0.7950166966349859,0.7750935692412385,0.9432712215320912,0.8509525588345163,0.4099544165270545,0.1339091871393771,0.0620675716644851,T_Q
fold_a,42,1hop,coordinate_plus_frozen_sequence_fm_plus_topology_control_plus_frozen_pangenomefm_pair,chromosome,chr17,6605,0.6183194549583648,0.2460436422557421,0.8720552452445491,0.9175887715126518,0.7739591218773656,0.755371575004928,0.9382957884427032,0.8369553347166102,0.4395313322708477,0.1454890292243824,0.0650096169550408,T_Q
fold_a,42,1hop,coordinate_plus_frozen_sequence_fm_plus_topology_control_plus_frozen_pangenomefm_pair,chromosome,chr2,13840,0.619942196531792,0.2460436422557421,0.8661677058682762,0.911898311068322,0.7731936416184971,0.754847775175644,0.9391608391608391,0.8369774084653336,0.4468899984035669,0.1481986343498612,0.0630351696068696,T_Q
fold_a,42,1hop,coordinate_plus_frozen_sequence_fm_plus_topology_control_plus_frozen_pangenomefm_pair,chromosome,chr22,3884,0.6251287332646756,0.2460436422557421,0.8672122512989482,0.913988444932584,0.7747167868177137,0.7617121671722279,0.9308072487644152,0.8378127896200185,0.4536307174114498,0.1498445060049998,0.0796260550958075,T_Q
fold_a,42,1hop,coordinate_plus_frozen_sequence_fm_plus_topology_control_plus_frozen_pangenomefm_pair,chromosome,chr7,11102,0.6327688704737885,0.2460436422557421,0.8743482796033997,0.9232758225025708,0.7824716267339218,0.7705399061032864,0.9345195729537368,0.8446445802508845,0.4398436855954654,0.1447547097253052,0.0744819872905061,T_Q
fold_a,42,1hop,coordinate_plus_frozen_sequence_fm_plus_topology_control_plus_frozen_pangenomefm_pair,sv_class,DEL,16270,0.0,0.2460436422557421,,,0.5180086047940996,0.0,0.0,0.0,0.4445335179311417,0.1482374515448017,0.2915632080001559,T_Q
fold_a,42,1hop,coordinate_plus_frozen_sequence_fm_plus_topology_control_plus_frozen_pangenomefm_pair,sv_class,INS,26947,1.0,0.2460436422557421,,,0.9378038371618362,1.0,0.9378038371618362,0.9679037879658356,0.433905558385023,0.1422006375684176,0.2840848060202293,T_Q
fold_a,42,1hop,coordinate_plus_frozen_sequence_fm_plus_topology_control_plus_frozen_pangenomefm_pair,length_bin,bp>=1e+06,4,1.0,0.2460436422557421,,,1.0,1.0,1.0,1.0,0.070362609917115,0.0049829506128816,0.0677358574503584,T_Q
fold_a,42,1hop,coordinate_plus_frozen_sequence_fm_plus_topology_control_plus_frozen_pangenomefm_pair,length_bin,"bp[100,500)",19281,0.6574866448835641,0.2460436422557421,0.88149593398901,0.9337105696022294,0.7952907006897982,0.7863046044864227,0.9456496016407668,0.8586469935178884,0.420823699173964,0.1381781653555882,0.0789229208105934,T_Q
fold_a,42,1hop,coordinate_plus_frozen_sequence_fm_plus_topology_control_plus_frozen_pangenomefm_pair,length_bin,"bp[1000,10000)",4713,0.5987693613409718,0.2460436422557421,0.922580701378944,0.945037982071938,0.8028856354763421,0.7621157574079203,0.9751948972360028,0.8555883724545313,0.347035054824265,0.1097176079588716,0.03897958755834,T_Q
fold_a,42,1hop,coordinate_plus_frozen_sequence_fm_plus_topology_control_plus_frozen_pangenomefm_pair,length_bin,"bp[10000,100000)",662,0.6525679758308157,0.2460436422557421,0.8346769323671497,0.8995280434257161,0.7447129909365559,0.7327433628318584,0.9583333333333334,0.8304914744232698,0.4725107561835109,0.1535899795683953,0.0424620113184007,T_Q
fold_a,42,1hop,coordinate_plus_frozen_sequence_fm_plus_topology_control_plus_frozen_pangenomefm_pair,length_bin,"bp[100000,1e+06)",37,0.5675675675675675,0.2460436422557421,0.5565476190476191,0.672364526971508,0.5675675675675675,0.5714285714285714,0.9523809523809524,0.7142857142857143,0.9183712306808264,0.3059780272455217,0.3126577955816988,T_Q
fold_a,42,1hop,coordinate_plus_frozen_sequence_fm_plus_topology_control_plus_frozen_pangenomefm_pair,length_bin,"bp[50,100)",15326,0.5807125146809343,0.2460436422557421,0.8411805621124855,0.8769264744275392,0.7499673757014225,0.7293627805937726,0.9053932584269664,0.8079005414076599,0.5016619209681566,0.1685982765544477,0.0836455853897914,T_Q
fold_a,42,1hop,coordinate_plus_frozen_sequence_fm_plus_topology_control_plus_frozen_pangenomefm_pair,length_bin,"bp[500,1000)",3194,0.6546649968691296,0.2460436422557421,0.9130984016895792,0.9528465473767432,0.8043206011271133,0.7814900153609831,0.973218555714969,0.8668796592119276,0.3569197100985028,0.1144135106138179,0.038775331457735,T_Q
fold_a,42,1hop,coordinate_plus_frozen_sequence_fm_plus_topology_control_plus_frozen_pangenomefm_pair,allele_frequency_bin,"af[0.001,0.01)",11561,0.6030620188565003,0.2460436422557421,0.8115364987015896,0.865418753968086,0.7280512066430239,0.7126666666666667,0.9199655765920828,0.8031555221637866,0.5246901407411978,0.1774463879643556,0.0644898349769097,T_Q
fold_a,42,1hop,coordinate_plus_frozen_sequence_fm_plus_topology_control_plus_frozen_pangenomefm_pair,allele_frequency_bin,"af[0.01,0.05)",14805,0.6430935494765282,0.2460436422557421,0.8676552452958483,0.9218373416925552,0.7808172914555893,0.7724431324882792,0.9344606658964396,0.8457626313037692,0.4481725235452444,0.1483643052372684,0.0814322149622755,T_Q
fold_a,42,1hop,coordinate_plus_frozen_sequence_fm_plus_topology_control_plus_frozen_pangenomefm_pair,allele_frequency_bin,"af[0.05,0.5)",14697,0.6236646934748589,0.2460436422557421,0.903374521319208,0.9391227736344484,0.8028849425052732,0.7820570503014488,0.9481780493126772,0.8571428571428571,0.3909500775266705,0.1267194833029649,0.0663528568228029,T_Q
fold_a,42,1hop,coordinate_plus_frozen_sequence_fm_plus_topology_control_plus_frozen_pangenomefm_pair,allele_frequency_bin,"af[0.5,1)",2154,0.5979572887650882,0.2460436422557421,0.9768649677965372,0.9829341548569228,0.8922934076137419,0.8562753036437247,0.985248447204969,0.916245487364621,0.2219513467665183,0.0618924980467612,0.0673169345972749,T_Q
fold_a,42,1hop,coordinate_plus_frozen_sequence_fm_plus_topology_control_plus_frozen_pangenomefm_pair,breakpoint_mapping_distance,overlap,43217,0.623527778420529,0.2460436422557421,0.8737408921411877,0.9187885440571372,0.7797625934238841,0.7631745840002416,0.9378038371618362,0.8415251415251416,0.437906689926207,0.1444733303373689,0.0673693193341643,T_Q
fold_a,42,1hop,coordinate_plus_frozen_sequence_fm_pair,chromosome,chr12,7786,0.6203442075520165,0.2842584257938669,0.8009250582035485,0.8665109989325679,0.7170562548163371,0.7117523778816701,0.91407867494824,0.8003262938457355,0.5390134319631459,0.1816763008034508,0.081671562766565,T_Rq
fold_a,42,1hop,coordinate_plus_frozen_sequence_fm_pair,chromosome,chr17,6605,0.6183194549583648,0.2842584257938669,0.7951545412268579,0.8659233781833762,0.703557910673732,0.7019376899696048,0.9047502448579824,0.790543431750107,0.5470371321962507,0.1855453018953495,0.090134602392525,T_Rq
fold_a,42,1hop,coordinate_plus_frozen_sequence_fm_pair,chromosome,chr2,13840,0.619942196531792,0.2842584257938669,0.7881056839231745,0.8531575928948311,0.7114884393063584,0.7073126638344029,0.912004662004662,0.7967214783892481,0.5542411924874462,0.1876086257861152,0.0870978368930423,T_Rq
fold_a,42,1hop,coordinate_plus_frozen_sequence_fm_pair,chromosome,chr22,3884,0.6251287332646756,0.2842584257938669,0.7829407258721509,0.8552344754706989,0.6979917610710608,0.6990168093878846,0.9077429983525536,0.7898226124350475,0.5590276180979277,0.1892945520365173,0.0861043497104808,T_Rq
fold_a,42,1hop,coordinate_plus_frozen_sequence_fm_pair,chromosome,chr7,11102,0.6327688704737885,0.2842584257938669,0.7919040673441937,0.8685158068173873,0.7157268960547649,0.7169938306225463,0.9098932384341636,0.8020075282308657,0.5480793774750392,0.1859678094233906,0.0946949197585217,T_Rq
fold_a,42,1hop,coordinate_plus_frozen_sequence_fm_pair,sv_class,DEL,16270,0.0,0.2842584257938669,,,0.3812538414259373,0.0,0.0,0.0,0.5516176522040234,0.1846348365419722,0.3768754469010318,T_Rq
fold_a,42,1hop,coordinate_plus_frozen_sequence_fm_pair,sv_class,INS,26947,1.0,0.2842584257938669,,,0.9103425242141984,1.0,0.9103425242141984,0.9530673297330898,0.5478108234500435,0.1867513136061422,0.3686057554655338,T_Rq
fold_a,42,1hop,coordinate_plus_frozen_sequence_fm_pair,length_bin,bp>=1e+06,4,1.0,0.2842584257938669,,,1.0,1.0,1.0,1.0,0.4880686526098495,0.1609551788453583,0.3698240869172646,T_Rq
fold_a,42,1hop,coordinate_plus_frozen_sequence_fm_pair,length_bin,"bp[100,500)",19281,0.6574866448835641,0.2842584257938669,0.8233739563349297,0.8931706006828379,0.7522950054457757,0.7564427134047387,0.9192237911177724,0.8299266434014672,0.5244329294627126,0.1755571744157366,0.1229337863930405,T_Rq
fold_a,42,1hop,coordinate_plus_frozen_sequence_fm_pair,length_bin,"bp[1000,10000)",4713,0.5987693613409718,0.2842584257938669,0.8173090220714256,0.8858439945191616,0.6293231487375345,0.6215788283193847,0.973777462792346,0.7588016015463206,0.5236135565379959,0.177772667028592,0.0882554647735981,T_Rq
fold_a,42,1hop,coordinate_plus_frozen_sequence_fm_pair,length_bin,"bp[10000,100000)",662,0.6525679758308157,0.2842584257938669,0.7225593800322061,0.8443206221695498,0.6555891238670695,0.6588785046728972,0.9791666666666666,0.7877094972067039,0.5848062081607177,0.2032837016376177,0.0743768445487384,T_Rq
fold_a,42,1hop,coordinate_plus_frozen_sequence_fm_pair,length_bin,"bp[100000,1e+06)",37,0.5675675675675675,0.2842584257938669,0.6934523809523809,0.8024519170080844,0.5945945945945946,0.5833333333333334,1.0,0.7368421052631579,0.6481207775435268,0.2300741721837086,0.2969084455739627,T_Rq
fold_a,42,1hop,coordinate_plus_frozen_sequence_fm_pair,length_bin,"bp[50,100)",15326,0.5807125146809343,0.2842584257938669,0.7533577600828096,0.8006111054774561,0.6832833094088477,0.6786786786786787,0.863370786516854,0.7599643952131342,0.6054759593782005,0.2084165581415911,0.1010201917157842,T_Rq
fold_a,42,1hop,coordinate_plus_frozen_sequence_fm_pair,length_bin,"bp[500,1000)",3194,0.6546649968691296,0.2842584257938669,0.8617654212913524,0.9284001881326832,0.7298058860363181,0.721820809248555,0.9555236728837876,0.8223914385676065,0.4585774731751407,0.148939709774178,0.0589320847031526,T_Rq
fold_a,42,1hop,coordinate_plus_frozen_sequence_fm_pair,allele_frequency_bin,"af[0.001,0.01)",11561,0.6030620188565003,0.2842584257938669,0.7376557876745595,0.8110911823087679,0.6677623042989361,0.6639095382682442,0.909495123350545,0.7675361617139744,0.595308117498797,0.205139487778281,0.0592755537885125,T_Rq
fold_a,42,1hop,coordinate_plus_frozen_sequence_fm_pair,allele_frequency_bin,"af[0.01,0.05)",14805,0.6430935494765282,0.2842584257938669,0.7901848962741511,0.8711548901611736,0.7187436676798379,0.7246498364505577,0.9074677029723768,0.8058198097369894,0.5530990106155552,0.1877149844713106,0.1065767625112799,T_Rq
fold_a,42,1hop,coordinate_plus_frozen_sequence_fm_pair,allele_frequency_bin,"af[0.05,0.5)",14697,0.6236646934748589,0.2842584257938669,0.8144202338332813,0.8786567607957563,0.7236170647070831,0.721335646140503,0.9073750818241326,0.8037301894085813,0.5308696702327849,0.1783068797776593,0.096053314349874,T_Rq
fold_a,42,1hop,coordinate_plus_frozen_sequence_fm_pair,allele_frequency_bin,"af[0.5,1)",2154,0.5979572887650882,0.2842584257938669,0.9161015520778046,0.9293122978386904,0.8068709377901578,0.773525721455458,0.9572981366459627,0.8556557945870923,0.4008811136906484,0.1230651174038456,0.0985188844200562,T_Rq
fold_a,42,1hop,coordinate_plus_frozen_sequence_fm_pair,breakpoint_mapping_distance,overlap,43217,0.623527778420529,0.2842584257938669,0.7921017146521927,0.8617182305006181,0.7111553323923456,0.7090294236661079,0.9103425242141984,0.7971728003899585,0.5492439887282269,0.1859545187838721,0.0879527910648576,T_Rq
fold_a,42,1hop,coordinate_plus_frozen_sequence_fm_plus_frozen_pangenomefm_pair,chromosome,chr12,7786,0.6203442075520165,0.281159252501463,0.8853543832665149,0.9227190717950804,0.7980991523246853,0.783600278551532,0.9318840579710144,0.8513334594287876,0.4201357421510158,0.1371612109136115,0.0653194181551938,T_Rq
fold_a,42,1hop,coordinate_plus_frozen_sequence_fm_plus_frozen_pangenomefm_pair,chromosome,chr17,6605,0.6183194549583648,0.281159252501463,0.8645552675838335,0.9107472544874032,0.7703255109765329,0.7615651110658244,0.915034280117532,0.831275720164609,0.4536538358762823,0.1502414572772472,0.0718446942093302,T_Rq
fold_a,42,1hop,coordinate_plus_frozen_sequence_fm_plus_frozen_pangenomefm_pair,chromosome,chr2,13840,0.619942196531792,0.281159252501463,0.8596238932170491,0.9076233237708756,0.7692196531791907,0.7590917837213778,0.9195804195804196,0.8316643828396754,0.4583846117171311,0.1520938293500377,0.066798115270493,T_Rq
fold_a,42,1hop,coordinate_plus_frozen_sequence_fm_plus_frozen_pangenomefm_pair,chromosome,chr22,3884,0.6251287332646756,0.281159252501463,0.8623819292322175,0.9093799481806772,0.7772914521112255,0.771259979173898,0.9151565074135092,0.8370691278960256,0.461306459693079,0.151633694420953,0.0769259265311222,T_Rq
fold_a,42,1hop,coordinate_plus_frozen_sequence_fm_plus_frozen_pangenomefm_pair,chromosome,chr7,11102,0.6327688704737885,0.281159252501463,0.8662931626684542,0.9175192803505277,0.7793190416141236,0.7744451109778044,0.9188612099644128,0.8404947916666666,0.4513154508127397,0.1488063851583711,0.0753125304863018,T_Rq
fold_a,42,1hop,coordinate_plus_frozen_sequence_fm_plus_frozen_pangenomefm_pair,sv_class,DEL,16270,0.0,0.281159252501463,,,0.5417332513829133,0.0,0.0,0.0,0.4545988659947747,0.1518013439100275,0.2985952160434183,T_Rq
fold_a,42,1hop,coordinate_plus_frozen_sequence_fm_plus_frozen_pangenomefm_pair,sv_class,INS,26947,1.0,0.281159252501463,,,0.9205106319812966,1.0,0.9205106319812966,0.9586102952542896,0.4459679509834757,0.1460810666655727,0.2928281339843881,T_Rq
fold_a,42,1hop,coordinate_plus_frozen_sequence_fm_plus_frozen_pangenomefm_pair,length_bin,bp>=1e+06,4,1.0,0.281159252501463,,,1.0,1.0,1.0,1.0,0.1533929808896486,0.022525041827972,0.1406871270552015,T_Rq
fold_a,42,1hop,coordinate_plus_frozen_sequence_fm_plus_frozen_pangenomefm_pair,length_bin,"bp[100,500)",19281,0.6574866448835641,0.281159252501463,0.8755095503634613,0.9292219514708228,0.7939422229137493,0.7925910985612478,0.9299518813599432,0.85579470799608,0.432630880178144,0.1420676460379587,0.0839908556217258,T_Rq
fold_a,42,1hop,coordinate_plus_frozen_sequence_fm_plus_frozen_pangenomefm_pair,length_bin,"bp[1000,10000)",4713,0.5987693613409718,0.281159252501463,0.9150250487125968,0.9400981703318492,0.7960959049437726,0.762038862292312,0.9588944011339476,0.8492075945394634,0.3643731695877695,0.1155278515515512,0.0327124767184944,T_Rq
fold_a,42,1hop,coordinate_plus_frozen_sequence_fm_plus_frozen_pangenomefm_pair,length_bin,"bp[10000,100000)",662,0.6525679758308157,0.281159252501463,0.8248238727858294,0.8965430057954472,0.7356495468277946,0.7266313932980599,0.9537037037037036,0.8248248248248248,0.4884982585737668,0.1605187642407989,0.0492713892099055,T_Rq
fold_a,42,1hop,coordinate_plus_frozen_sequence_fm_plus_frozen_pangenomefm_pair,length_bin,"bp[100000,1e+06)",37,0.5675675675675675,0.281159252501463,0.4880952380952381,0.6423573586443223,0.5405405405405406,0.5588235294117647,0.9047619047619048,0.6909090909090909,0.9820542437150944,0.3267794057065856,0.3867434724003963,T_Rq
fold_a,42,1hop,coordinate_plus_frozen_sequence_fm_plus_frozen_pangenomefm_pair,length_bin,"bp[50,100)",15326,0.5807125146809343,0.281159252501463,0.834635530866529,0.8702051604486261,0.7486624037583192,0.7363295880149813,0.8835955056179775,0.8032686414708886,0.5110246419488484,0.1718334123007636,0.0859863315125291,T_Rq
fold_a,42,1hop,coordinate_plus_frozen_sequence_fm_plus_frozen_pangenomefm_pair,length_bin,"bp[500,1000)",3194,0.6546649968691296,0.281159252501463,0.9111056624405508,0.9511411441681246,0.8058860363180964,0.7883183065464524,0.9617407938785272,0.8664368806548901,0.3640188125484819,0.1160307088934335,0.0489731306019873,T_Rq
fold_a,42,1hop,coordinate_plus_frozen_sequence_fm_plus_frozen_pangenomefm_pair,allele_frequency_bin,"af[0.001,0.01)",11561,0.6030620188565003,0.281159252501463,0.8046208117968247,0.8606736926130798,0.7272727272727273,0.7185032612427051,0.9006024096385542,0.7993125835401947,0.5342559465955993,0.1807518477626342,0.0633994575070191,T_Rq
fold_a,42,1hop,coordinate_plus_frozen_sequence_fm_plus_frozen_pangenomefm_pair,allele_frequency_bin,"af[0.01,0.05)",14805,0.6430935494765282,0.281159252501463,0.8611965652880469,0.9168437514575032,0.7768996960486322,0.7771438759137101,0.915660119735322,0.8407348473889773,0.459156412440575,0.1519461358005681,0.0841452160162993,T_Rq
fold_a,42,1hop,coordinate_plus_frozen_sequence_fm_plus_frozen_pangenomefm_pair,allele_frequency_bin,"af[0.05,0.5)",14697,0.6236646934748589,0.281159252501463,0.896619318570714,0.93341801666917,0.8015921616656461,0.7883373316109984,0.9321405193104954,0.8542291541691661,0.4036260864595108,0.1310064701850855,0.0693696874948618,T_Rq
fold_a,42,1hop,coordinate_plus_frozen_sequence_fm_plus_frozen_pangenomefm_pair,allele_frequency_bin,"af[0.5,1)",2154,0.5979572887650882,0.281159252501463,0.9727991909686858,0.9783014608182448,0.8950789229340761,0.8622100954979536,0.9813664596273292,0.9179375453885258,0.2355550823662189,0.0657463435617038,0.0734516200357029,T_Rq
fold_a,42,1hop,coordinate_plus_frozen_sequence_fm_plus_frozen_pangenomefm_pair,breakpoint_mapping_distance,overlap,43217,0.623527778420529,0.281159252501463,0.867115994658093,0.9135237677708428,0.7779114700233705,0.7688850314621369,0.9205106319812966,0.837893527901635,0.449217250732043,0.1482345921478431,0.0701736715054466,T_Rq
fold_a,42,1hop,coordinate_plus_frozen_sequence_fm_plus_topology_control_pair,chromosome,chr12,7786,0.6203442075520165,0.2583653300249253,0.8638454755320967,0.9055524522221448,0.7789622399178012,0.7654089124124979,0.9281573498964804,0.8389632263497707,0.4604170093588839,0.1494512289437633,0.0699032998890107,T_Rq
fold_a,42,1hop,coordinate_plus_frozen_sequence_fm_plus_topology_control_pair,chromosome,chr17,6605,0.6183194549583648,0.2583653300249253,0.8479176484620277,0.8976810747639489,0.7598788796366389,0.7504009623095429,0.9165034280117532,0.8251763668430335,0.4855067042608592,0.15996797932921,0.0764790381774177,T_Rq
fold_a,42,1hop,coordinate_plus_frozen_sequence_fm_plus_topology_control_pair,chromosome,chr2,13840,0.619942196531792,0.2583653300249253,0.838856457230982,0.885959234934831,0.7552023121387283,0.7444904878508194,0.9213286713286714,0.8235232836753829,0.4914359819727204,0.1616223571790352,0.0658588564466052,T_Rq
fold_a,42,1hop,coordinate_plus_frozen_sequence_fm_plus_topology_control_pair,chromosome,chr22,3884,0.6251287332646756,0.2583653300249253,0.8402573795644224,0.8921177598050447,0.7551493305870237,0.7482352941176471,0.9168039538714992,0.8239866740699612,0.4952980219240452,0.162786077557213,0.077240637329877,T_Rq
fold_a,42,1hop,coordinate_plus_frozen_sequence_fm_plus_topology_control_pair,chromosome,chr7,11102,0.6327688704737885,0.2583653300249253,0.8483793557645223,0.9031366878527586,0.7695009908124663,0.7621507396102372,0.9241281138790036,0.8353599691179309,0.4817875611037369,0.1584612778798426,0.0795252551078568,T_Rq
fold_a,42,1hop,coordinate_plus_frozen_sequence_fm_plus_topology_control_pair,sv_class,DEL,16270,0.0,0.2583653300249253,,,0.501720958819914,0.0,0.0,0.0,0.4976750464237282,0.1674768302392485,0.3248813517720897,T_Rq
fold_a,42,1hop,coordinate_plus_frozen_sequence_fm_plus_topology_control_pair,sv_class,INS,26947,1.0,0.2583653300249253,,,0.9221434668052102,1.0,0.9221434668052102,0.9594949416943394,0.4738346614549418,0.1530307418133772,0.3122244699163644,T_Rq
fold_a,42,1hop,coordinate_plus_frozen_sequence_fm_plus_topology_control_pair,length_bin,bp>=1e+06,4,1.0,0.2583653300249253,,,1.0,1.0,1.0,1.0,0.1967844583406448,0.0366865913793989,0.1752448260028081,T_Rq
fold_a,42,1hop,coordinate_plus_frozen_sequence_fm_plus_topology_control_pair,length_bin,"bp[100,500)",19281,0.6574866448835641,0.2583653300249253,0.8584353011389015,0.9126339535127856,0.7827394844665733,0.781245858184228,0.9299518813599432,0.8491374653365505,0.4645699400785627,0.151067774148673,0.0909161202227987,T_Rq
fold_a,42,1hop,coordinate_plus_frozen_sequence_fm_plus_topology_control_pair,length_bin,"bp[1000,10000)",4713,0.5987693613409718,0.2583653300249253,0.9037592182897763,0.9351827996236566,0.7604498196477827,0.723292007385914,0.9716513111268604,0.8292756691365493,0.4006763898418203,0.1265876463818364,0.0706301526645888,T_Rq
fold_a,42,1hop,coordinate_plus_frozen_sequence_fm_plus_topology_control_pair,length_bin,"bp[10000,100000)",662,0.6525679758308157,0.2583653300249253,0.8303190418679549,0.8956676715483812,0.7145015105740181,0.7035175879396985,0.9722222222222222,0.8163265306122449,0.4806482982721986,0.1570426758174174,0.0731894626468976,T_Rq
fold_a,42,1hop,coordinate_plus_frozen_sequence_fm_plus_topology_control_pair,length_bin,"bp[100000,1e+06)",37,0.5675675675675675,0.2583653300249253,0.6696428571428572,0.7305305876681643,0.6216216216216216,0.6,1.0,0.75,0.6979526262393537,0.2486391049385381,0.2401401801431515,T_Rq
fold_a,42,1hop,coordinate_plus_frozen_sequence_fm_plus_topology_control_pair,length_bin,"bp[50,100)",15326,0.5807125146809343,0.2583653300249253,0.81035282402599,0.8422738443944622,0.7393318543651312,0.726642639312448,0.8834831460674157,0.7974240657167486,0.547806355332996,0.1838329324517753,0.0900387148497491,T_Rq
fold_a,42,1hop,coordinate_plus_frozen_sequence_fm_plus_topology_control_pair,length_bin,"bp[500,1000)",3194,0.6546649968691296,0.2583653300249253,0.8923836257188236,0.9399363632002048,0.7842830306825297,0.7677616501145913,0.9612625538020086,0.8536844340624337,0.4005491632020028,0.1278929021553564,0.0496055977567038,T_Rq
fold_a,42,1hop,coordinate_plus_frozen_sequence_fm_plus_topology_control_pair,allele_frequency_bin,"af[0.001,0.01)",11561,0.6030620188565003,0.2583653300249253,0.7904499422213337,0.8446657143109331,0.7147305596401695,0.7007650273224044,0.9196787148594378,0.7954348095769755,0.5470980085129115,0.1839750306569728,0.059493202417176,T_Rq
fold_a,42,1hop,coordinate_plus_frozen_sequence_fm_plus_topology_control_pair,allele_frequency_bin,"af[0.01,0.05)",14805,0.6430935494765282,0.2583653300249253,0.8425136721161661,0.9012234907935176,0.7659574468085106,0.7658005617977528,0.916290305640164,0.8343135848515277,0.490539053762849,0.1615642684377022,0.0876623091317942,T_Rq
fold_a,42,1hop,coordinate_plus_frozen_sequence_fm_plus_topology_control_pair,allele_frequency_bin,"af[0.05,0.5)",14697,0.6236646934748589,0.2583653300249253,0.8728232058664603,0.9153235702880212,0.7842416819759135,0.7739694726259025,0.9238490072005237,0.8422937285522455,0.4516130697680895,0.1462506117360466,0.0787880444448574,T_Rq
fold_a,42,1hop,coordinate_plus_frozen_sequence_fm_plus_topology_control_pair,allele_frequency_bin,"af[0.5,1)",2154,0.5979572887650882,0.2583653300249253,0.9590992712980362,0.9656863431708188,0.8741875580315692,0.845213849287169,0.966614906832298,0.9018471568272364,0.2974965523593385,0.0836712457323716,0.0880593761731515,T_Rq
fold_a,42,1hop,coordinate_plus_frozen_sequence_fm_plus_topology_control_pair,breakpoint_mapping_distance,overlap,43217,0.623527778420529,0.2583653300249253,0.8473630520462792,0.8962608313829933,0.7638660712219728,0.7540053404539386,0.9221434668052102,0.829641253359598,0.4828099041474506,0.1584692928161984,0.0723718258440976,T_Rq
fold_a,42,1hop,coordinate_plus_frozen_sequence_fm_plus_topology_control_plus_frozen_pangenomefm_pair,chromosome,chr12,7786,0.6203442075520165,0.2925582420951077,0.890714362758694,0.9275749526478094,0.8034934497816594,0.7925531914893617,0.9254658385093169,0.8538681948424068,0.4103259458194493,0.1337471448651592,0.0646532413556326,T_Rq
fold_a,42,1hop,coordinate_plus_frozen_sequence_fm_plus_topology_control_plus_frozen_pangenomefm_pair,chromosome,chr17,6605,0.6183194549583648,0.2925582420951077,0.870517913969279,0.9149319784120116,0.7810749432248296,0.7752504173622704,0.9096474045053868,0.8370887787291573,0.445508354803087,0.1469506240959069,0.0692363491259226,T_Rq
fold_a,42,1hop,coordinate_plus_frozen_sequence_fm_plus_topology_control_plus_frozen_pangenomefm_pair,chromosome,chr2,13840,0.619942196531792,0.2925582420951077,0.8643469205066164,0.9102275397759796,0.7746387283236994,0.7663642571456444,0.9156177156177157,0.8343688598587435,0.4502240998023181,0.1490252369748342,0.0623675271443563,T_Rq
fold_a,42,1hop,coordinate_plus_frozen_sequence_fm_plus_topology_control_plus_frozen_pangenomefm_pair,chromosome,chr22,3884,0.6251287332646756,0.2925582420951077,0.8678013322139145,0.9135110959127972,0.7826982492276005,0.7796610169491526,0.9093904448105437,0.8395437262357415,0.4530675320881633,0.148811797426636,0.0770622139539485,T_Rq
fold_a,42,1hop,coordinate_plus_frozen_sequence_fm_plus_topology_control_plus_frozen_pangenomefm_pair,chromosome,chr7,11102,0.6327688704737885,0.2925582420951077,0.8722505645330938,0.9215872613756008,0.7874256890650333,0.7852513146630794,0.9140213523131672,0.8447572687804237,0.4424555881603804,0.1455704012560603,0.0731788106890686,T_Rq
fold_a,42,1hop,coordinate_plus_frozen_sequence_fm_plus_topology_control_plus_frozen_pangenomefm_pair,sv_class,DEL,16270,0.0,0.2925582420951077,,,0.5684081130915796,0.0,0.0,0.0,0.4489030072755117,0.1500453439965298,0.2934179612984341,T_Rq
fold_a,42,1hop,coordinate_plus_frozen_sequence_fm_plus_topology_control_plus_frozen_pangenomefm_pair,sv_class,INS,26947,1.0,0.2925582420951077,,,0.9155007978624708,1.0,0.9155007978624708,0.9558866264990216,0.4355470495752069,0.1420322592842096,0.2852924709441047,T_Rq
fold_a,42,1hop,coordinate_plus_frozen_sequence_fm_plus_topology_control_plus_frozen_pangenomefm_pair,length_bin,bp>=1e+06,4,1.0,0.2925582420951077,,,1.0,1.0,1.0,1.0,0.0931105707182226,0.0080974923081042,0.0887914768842901,T_Rq
fold_a,42,1hop,coordinate_plus_frozen_sequence_fm_plus_topology_control_plus_frozen_pangenomefm_pair,length_bin,"bp[100,500)",19281,0.6574866448835641,0.2925582420951077,0.8804867533628127,0.9324443990002842,0.8013588506820186,0.8023788365575227,0.9259288475191292,0.8597377865670549,0.4233129158426649,0.1386795287357194,0.0794744572363747,T_Rq
fold_a,42,1hop,coordinate_plus_frozen_sequence_fm_plus_topology_control_plus_frozen_pangenomefm_pair,length_bin,"bp[1000,10000)",4713,0.5987693613409718,0.2925582420951077,0.9209959257192392,0.9437653625835818,0.8084022915340547,0.7769119769119769,0.953933380581148,0.8563702878956577,0.3524165069004105,0.1110155437017602,0.0340533062347475,T_Rq
fold_a,42,1hop,coordinate_plus_frozen_sequence_fm_plus_topology_control_plus_frozen_pangenomefm_pair,length_bin,"bp[10000,100000)",662,0.6525679758308157,0.2925582420951077,0.8427687198067634,0.905539594367742,0.7673716012084593,0.758364312267658,0.9444444444444444,0.8412371134020619,0.4652812265341318,0.1503240088336154,0.0335404824008118,T_Rq
fold_a,42,1hop,coordinate_plus_frozen_sequence_fm_plus_topology_control_plus_frozen_pangenomefm_pair,length_bin,"bp[100000,1e+06)",37,0.5675675675675675,0.2925582420951077,0.550595238095238,0.6764678517838594,0.5405405405405406,0.5588235294117647,0.9047619047619048,0.6909090909090909,0.8896809822863077,0.2980806980084157,0.3125371278940091,T_Rq
fold_a,42,1hop,coordinate_plus_frozen_sequence_fm_plus_topology_control_plus_frozen_pangenomefm_pair,length_bin,"bp[50,100)",15326,0.5807125146809343,0.2925582420951077,0.8391317400867963,0.8739715117685656,0.7525120709904737,0.7433063363506431,0.8765168539325843,0.8044341325083785,0.5044878716693142,0.1693391908271619,0.0822929746331045,T_Rq
fold_a,42,1hop,coordinate_plus_frozen_sequence_fm_plus_topology_control_plus_frozen_pangenomefm_pair,length_bin,"bp[500,1000)",3194,0.6546649968691296,0.2925582420951077,0.9133117236457416,0.9526263183172768,0.8115216030056356,0.7946181242580135,0.9603060736489718,0.8696405370290169,0.358301507230635,0.1144697803615694,0.0444425126444374,T_Rq
fold_a,42,1hop,coordinate_plus_frozen_sequence_fm_plus_topology_control_plus_frozen_pangenomefm_pair,allele_frequency_bin,"af[0.001,0.01)",11561,0.6030620188565003,0.2925582420951077,0.8106425796577337,0.8648926724988106,0.7297811607992388,0.7234091964700418,0.893574297188755,0.7995379876796714,0.5265563059838382,0.1778331744774795,0.0604132989640101,T_Rq
fold_a,42,1hop,coordinate_plus_frozen_sequence_fm_plus_topology_control_plus_frozen_pangenomefm_pair,allele_frequency_bin,"af[0.01,0.05)",14805,0.6430935494765282,0.2925582420951077,0.8666545091248549,0.9201769267005973,0.7852077001013171,0.7879916432010173,0.911143787417288,0.8451047247929859,0.4503328795562802,0.1486859534773886,0.0810965461366421,T_Rq
fold_a,42,1hop,coordinate_plus_frozen_sequence_fm_plus_topology_control_plus_frozen_pangenomefm_pair,allele_frequency_bin,"af[0.05,0.5)",14697,0.6236646934748589,0.2925582420951077,0.9013988183871338,0.9369369643092372,0.8103694631557461,0.8001317399077821,0.9276674667248528,0.8591926438639923,0.394856217002153,0.1277737879952595,0.0670171045082558,T_Rq
fold_a,42,1hop,coordinate_plus_frozen_sequence_fm_plus_topology_control_plus_frozen_pangenomefm_pair,allele_frequency_bin,"af[0.5,1)",2154,0.5979572887650882,0.2925582420951077,0.9761316038615466,0.9818477947628824,0.903435468895079,0.8739612188365651,0.9798136645962732,0.9238653001464128,0.2239743345799218,0.0619613761475989,0.0683814561436843,T_Rq
fold_a,42,1hop,coordinate_plus_frozen_sequence_fm_plus_topology_control_plus_frozen_pangenomefm_pair,breakpoint_mapping_distance,overlap,43217,0.623527778420529,0.2925582420951077,0.8724978992544928,0.9173092728788113,0.7848300437327903,0.7784298876688123,0.9155007978624708,0.8414195330752571,0.440575196641962,0.1450489630875613,0.0674240688665402,T_Rq
fold_a,42,1hop,coordinate_plus_frozen_sequence_fm_pair,chromosome,chr12,7786,0.6203442075520165,0.2842584257938669,0.8009250582035485,0.8665109989325679,0.7170562548163371,0.7117523778816701,0.91407867494824,0.8003262938457355,0.5390134319631459,0.1816763008034508,0.081671562766565,Rt_Q
fold_a,42,1hop,coordinate_plus_frozen_sequence_fm_pair,chromosome,chr17,6605,0.6183194549583648,0.2842584257938669,0.7951545412268579,0.8659233781833762,0.703557910673732,0.7019376899696048,0.9047502448579824,0.790543431750107,0.5470371321962507,0.1855453018953495,0.090134602392525,Rt_Q
fold_a,42,1hop,coordinate_plus_frozen_sequence_fm_pair,chromosome,chr2,13840,0.619942196531792,0.2842584257938669,0.7881056839231745,0.8531575928948311,0.7114884393063584,0.7073126638344029,0.912004662004662,0.7967214783892481,0.5542411924874462,0.1876086257861152,0.0870978368930423,Rt_Q
fold_a,42,1hop,coordinate_plus_frozen_sequence_fm_pair,chromosome,chr22,3884,0.6251287332646756,0.2842584257938669,0.7829407258721509,0.8552344754706989,0.6979917610710608,0.6990168093878846,0.9077429983525536,0.7898226124350475,0.5590276180979277,0.1892945520365173,0.0861043497104808,Rt_Q
fold_a,42,1hop,coordinate_plus_frozen_sequence_fm_pair,chromosome,chr7,11102,0.6327688704737885,0.2842584257938669,0.7919040673441937,0.8685158068173873,0.7157268960547649,0.7169938306225463,0.9098932384341636,0.8020075282308657,0.5480793774750392,0.1859678094233906,0.0946949197585217,Rt_Q
fold_a,42,1hop,coordinate_plus_frozen_sequence_fm_pair,sv_class,DEL,16270,0.0,0.2842584257938669,,,0.3812538414259373,0.0,0.0,0.0,0.5516176522040234,0.1846348365419722,0.3768754469010318,Rt_Q
fold_a,42,1hop,coordinate_plus_frozen_sequence_fm_pair,sv_class,INS,26947,1.0,0.2842584257938669,,,0.9103425242141984,1.0,0.9103425242141984,0.9530673297330898,0.5478108234500435,0.1867513136061422,0.3686057554655338,Rt_Q
fold_a,42,1hop,coordinate_plus_frozen_sequence_fm_pair,length_bin,bp>=1e+06,4,1.0,0.2842584257938669,,,1.0,1.0,1.0,1.0,0.4880686526098495,0.1609551788453583,0.3698240869172646,Rt_Q
fold_a,42,1hop,coordinate_plus_frozen_sequence_fm_pair,length_bin,"bp[100,500)",19281,0.6574866448835641,0.2842584257938669,0.8233739563349297,0.8931706006828379,0.7522950054457757,0.7564427134047387,0.9192237911177724,0.8299266434014672,0.5244329294627126,0.1755571744157366,0.1229337863930405,Rt_Q
fold_a,42,1hop,coordinate_plus_frozen_sequence_fm_pair,length_bin,"bp[1000,10000)",4713,0.5987693613409718,0.2842584257938669,0.8173090220714256,0.8858439945191616,0.6293231487375345,0.6215788283193847,0.973777462792346,0.7588016015463206,0.5236135565379959,0.177772667028592,0.0882554647735981,Rt_Q
fold_a,42,1hop,coordinate_plus_frozen_sequence_fm_pair,length_bin,"bp[10000,100000)",662,0.6525679758308157,0.2842584257938669,0.7225593800322061,0.8443206221695498,0.6555891238670695,0.6588785046728972,0.9791666666666666,0.7877094972067039,0.5848062081607177,0.2032837016376177,0.0743768445487384,Rt_Q
fold_a,42,1hop,coordinate_plus_frozen_sequence_fm_pair,length_bin,"bp[100000,1e+06)",37,0.5675675675675675,0.2842584257938669,0.6934523809523809,0.8024519170080844,0.5945945945945946,0.5833333333333334,1.0,0.7368421052631579,0.6481207775435268,0.2300741721837086,0.2969084455739627,Rt_Q
fold_a,42,1hop,coordinate_plus_frozen_sequence_fm_pair,length_bin,"bp[50,100)",15326,0.5807125146809343,0.2842584257938669,0.7533577600828096,0.8006111054774561,0.6832833094088477,0.6786786786786787,0.863370786516854,0.7599643952131342,0.6054759593782005,0.2084165581415911,0.1010201917157842,Rt_Q
fold_a,42,1hop,coordinate_plus_frozen_sequence_fm_pair,length_bin,"bp[500,1000)",3194,0.6546649968691296,0.2842584257938669,0.8617654212913524,0.9284001881326832,0.7298058860363181,0.721820809248555,0.9555236728837876,0.8223914385676065,0.4585774731751407,0.148939709774178,0.0589320847031526,Rt_Q
fold_a,42,1hop,coordinate_plus_frozen_sequence_fm_pair,allele_frequency_bin,"af[0.001,0.01)",11561,0.6030620188565003,0.2842584257938669,0.7376557876745595,0.8110911823087679,0.6677623042989361,0.6639095382682442,0.909495123350545,0.7675361617139744,0.595308117498797,0.205139487778281,0.0592755537885125,Rt_Q
fold_a,42,1hop,coordinate_plus_frozen_sequence_fm_pair,allele_frequency_bin,"af[0.01,0.05)",14805,0.6430935494765282,0.2842584257938669,0.7901848962741511,0.8711548901611736,0.7187436676798379,0.7246498364505577,0.9074677029723768,0.8058198097369894,0.5530990106155552,0.1877149844713106,0.1065767625112799,Rt_Q
fold_a,42,1hop,coordinate_plus_frozen_sequence_fm_pair,allele_frequency_bin,"af[0.05,0.5)",14697,0.6236646934748589,0.2842584257938669,0.8144202338332813,0.8786567607957563,0.7236170647070831,0.721335646140503,0.9073750818241326,0.8037301894085813,0.5308696702327849,0.1783068797776593,0.096053314349874,Rt_Q
fold_a,42,1hop,coordinate_plus_frozen_sequence_fm_pair,allele_frequency_bin,"af[0.5,1)",2154,0.5979572887650882,0.2842584257938669,0.9161015520778046,0.9293122978386904,0.8068709377901578,0.773525721455458,0.9572981366459627,0.8556557945870923,0.4008811136906484,0.1230651174038456,0.0985188844200562,Rt_Q
fold_a,42,1hop,coordinate_plus_frozen_sequence_fm_pair,breakpoint_mapping_distance,overlap,43217,0.623527778420529,0.2842584257938669,0.7921017146521927,0.8617182305006181,0.7111553323923456,0.7090294236661079,0.9103425242141984,0.7971728003899585,0.5492439887282269,0.1859545187838721,0.0879527910648576,Rt_Q
fold_a,42,1hop,coordinate_plus_frozen_sequence_fm_plus_frozen_pangenomefm_pair,chromosome,chr12,7786,0.6203442075520165,0.2959300366646826,0.880468997330061,0.9201199742249396,0.7924479835602363,0.7802581095221486,0.9262939958592132,0.8470276410450587,0.4251580283828232,0.1390297751285329,0.0605926387176204,Rt_Q
fold_a,42,1hop,coordinate_plus_frozen_sequence_fm_plus_frozen_pangenomefm_pair,chromosome,chr17,6605,0.6183194549583648,0.2959300366646826,0.8652908128041784,0.9127751224609426,0.7728993186979561,0.7639967306906416,0.9155239960822724,0.832924927600802,0.4490823573376586,0.1487404303071391,0.0644365952108415,Rt_Q
fold_a,42,1hop,coordinate_plus_frozen_sequence_fm_plus_frozen_pangenomefm_pair,chromosome,chr2,13840,0.619942196531792,0.2959300366646826,0.8576211367846348,0.9061025966967896,0.7695086705202312,0.7603864734299517,0.9172494172494172,0.8314844162704702,0.4585470332840596,0.1524698930654714,0.063108796593679,Rt_Q
fold_a,42,1hop,coordinate_plus_frozen_sequence_fm_plus_frozen_pangenomefm_pair,chromosome,chr22,3884,0.6251287332646756,0.2959300366646826,0.8570891114651411,0.9083880798648494,0.7729145211122554,0.7661845730027548,0.9163920922570016,0.8345836459114778,0.4641116064431882,0.1534584533122989,0.0689299319101473,Rt_Q
fold_a,42,1hop,coordinate_plus_frozen_sequence_fm_plus_frozen_pangenomefm_pair,chromosome,chr7,11102,0.6327688704737885,0.2959300366646826,0.8637494424499208,0.9153719800475822,0.7802197802197802,0.7824319329801651,0.9040569395017792,0.8388588033284903,0.4570354626570702,0.1510541301734607,0.079778159660284,Rt_Q
fold_a,42,1hop,coordinate_plus_frozen_sequence_fm_plus_frozen_pangenomefm_pair,sv_class,DEL,16270,0.0,0.2959300366646826,,,0.5488629379225568,0.0,0.0,0.0,0.4645542962051388,0.156169197240831,0.3041533974735879,Rt_Q
fold_a,42,1hop,coordinate_plus_frozen_sequence_fm_plus_frozen_pangenomefm_pair,sv_class,INS,26947,1.0,0.2959300366646826,,,0.9150925891564924,1.0,0.9150925891564924,0.9556640700693718,0.4431320409114858,0.144998049433998,0.2918874797039723,Rt_Q
fold_a,42,1hop,coordinate_plus_frozen_sequence_fm_plus_frozen_pangenomefm_pair,length_bin,bp>=1e+06,4,1.0,0.2959300366646826,,,1.0,1.0,1.0,1.0,0.1941496983240148,0.0319404955228972,0.1758698419235569,Rt_Q
fold_a,42,1hop,coordinate_plus_frozen_sequence_fm_plus_frozen_pangenomefm_pair,length_bin,"bp[100,500)",19281,0.6574866448835641,0.2959300366646826,0.871556118481622,0.9272777909045492,0.7923344224884601,0.7938207195609459,0.924193421156425,0.8540603586528649,0.4352618188714093,0.1432384074982833,0.0793542584036519,Rt_Q
fold_a,42,1hop,coordinate_plus_frozen_sequence_fm_plus_frozen_pangenomefm_pair,length_bin,"bp[1000,10000)",4713,0.5987693613409718,0.2959300366646826,0.9128257204011244,0.9400804183959516,0.7973689794186293,0.7625879043600563,0.9606661941885188,0.8502430610004704,0.3677267046102196,0.1177759495076201,0.0380638218924517,Rt_Q
fold_a,42,1hop,coordinate_plus_frozen_sequence_fm_plus_frozen_pangenomefm_pair,length_bin,"bp[10000,100000)",662,0.6525679758308157,0.2959300366646826,0.8111865942028986,0.8892955030175149,0.7311178247734139,0.7284172661870504,0.9375,0.819838056680162,0.5068869904760492,0.1685575717463267,0.0591319364410171,Rt_Q
fold_a,42,1hop,coordinate_plus_frozen_sequence_fm_plus_frozen_pangenomefm_pair,length_bin,"bp[100000,1e+06)",37,0.5675675675675675,0.2959300366646826,0.6071428571428571,0.7062081929719775,0.5945945945945946,0.5882352941176471,0.9523809523809524,0.7272727272727273,0.9017397807066398,0.3024319937021119,0.3316946854477267,Rt_Q
fold_a,42,1hop,coordinate_plus_frozen_sequence_fm_plus_frozen_pangenomefm_pair,length_bin,"bp[50,100)",15326,0.5807125146809343,0.2959300366646826,0.8335031840451536,0.8686267127198669,0.7487929009526295,0.7395635673624289,0.8758426966292134,0.801954732510288,0.5123106913368848,0.1723469230790876,0.0861835327040355,Rt_Q
fold_a,42,1hop,coordinate_plus_frozen_sequence_fm_plus_frozen_pangenomefm_pair,length_bin,"bp[500,1000)",3194,0.6546649968691296,0.2959300366646826,0.9117998259605016,0.9516465086951238,0.8040075140889167,0.7871422971383771,0.9603060736489718,0.8651443343386471,0.3608718232336018,0.1148984630078956,0.0478197183135381,Rt_Q
fold_a,42,1hop,coordinate_plus_frozen_sequence_fm_plus_frozen_pangenomefm_pair,allele_frequency_bin,"af[0.001,0.01)",11561,0.6030620188565003,0.2959300366646826,0.8023469215404093,0.8587244308699805,0.7242453074993512,0.718022585849274,0.8937177280550774,0.79629392971246,0.534539696716734,0.1813384643055838,0.0666262812251295,Rt_Q
fold_a,42,1hop,coordinate_plus_frozen_sequence_fm_plus_frozen_pangenomefm_pair,allele_frequency_bin,"af[0.01,0.05)",14805,0.6430935494765282,0.2959300366646826,0.8566276777235962,0.9146697990931004,0.7760216143194867,0.7791273054430949,0.9095683226551832,0.8393099437875557,0.4637926807209013,0.1540045574342659,0.0821966064215056,Rt_Q
fold_a,42,1hop,coordinate_plus_frozen_sequence_fm_plus_frozen_pangenomefm_pair,allele_frequency_bin,"af[0.05,0.5)",14697,0.6236646934748589,0.2959300366646826,0.8954277820688367,0.9333505482564112,0.8026808192148057,0.7916046165301563,0.9278856644119572,0.8543445504771472,0.4042583775018383,0.1312574679933314,0.0665678551284459,Rt_Q
fold_a,42,1hop,coordinate_plus_frozen_sequence_fm_plus_frozen_pangenomefm_pair,allele_frequency_bin,"af[0.5,1)",2154,0.5979572887650882,0.2959300366646826,0.9751956234848594,0.981942542613604,0.8960074280408542,0.8638850889192886,0.9805900621118012,0.9185454545454546,0.2375710583750196,0.0661805067117522,0.072356197356465,Rt_Q
fold_a,42,1hop,coordinate_plus_frozen_sequence_fm_plus_frozen_pangenomefm_pair,breakpoint_mapping_distance,overlap,43217,0.623527778420529,0.2959300366646826,0.8645418746247528,0.9122475557165526,0.7772172987481778,0.770617831807244,0.9150925891564924,0.8366640654158043,0.4511969249531299,0.1492036762664291,0.0674946465207595,Rt_Q
fold_a,42,1hop,coordinate_plus_frozen_sequence_fm_plus_topology_control_pair,chromosome,chr12,7786,0.6203442075520165,0.2583653300249253,0.8638454755320967,0.9055524522221448,0.7789622399178012,0.7654089124124979,0.9281573498964804,0.8389632263497707,0.4604170093588839,0.1494512289437633,0.0699032998890107,Rt_Q
fold_a,42,1hop,coordinate_plus_frozen_sequence_fm_plus_topology_control_pair,chromosome,chr17,6605,0.6183194549583648,0.2583653300249253,0.8479176484620277,0.8976810747639489,0.7598788796366389,0.7504009623095429,0.9165034280117532,0.8251763668430335,0.4855067042608592,0.15996797932921,0.0764790381774177,Rt_Q
fold_a,42,1hop,coordinate_plus_frozen_sequence_fm_plus_topology_control_pair,chromosome,chr2,13840,0.619942196531792,0.2583653300249253,0.838856457230982,0.885959234934831,0.7552023121387283,0.7444904878508194,0.9213286713286714,0.8235232836753829,0.4914359819727204,0.1616223571790352,0.0658588564466052,Rt_Q
fold_a,42,1hop,coordinate_plus_frozen_sequence_fm_plus_topology_control_pair,chromosome,chr22,3884,0.6251287332646756,0.2583653300249253,0.8402573795644224,0.8921177598050447,0.7551493305870237,0.7482352941176471,0.9168039538714992,0.8239866740699612,0.4952980219240452,0.162786077557213,0.077240637329877,Rt_Q
fold_a,42,1hop,coordinate_plus_frozen_sequence_fm_plus_topology_control_pair,chromosome,chr7,11102,0.6327688704737885,0.2583653300249253,0.8483793557645223,0.9031366878527586,0.7695009908124663,0.7621507396102372,0.9241281138790036,0.8353599691179309,0.4817875611037369,0.1584612778798426,0.0795252551078568,Rt_Q
fold_a,42,1hop,coordinate_plus_frozen_sequence_fm_plus_topology_control_pair,sv_class,DEL,16270,0.0,0.2583653300249253,,,0.501720958819914,0.0,0.0,0.0,0.4976750464237282,0.1674768302392485,0.3248813517720897,Rt_Q
fold_a,42,1hop,coordinate_plus_frozen_sequence_fm_plus_topology_control_pair,sv_class,INS,26947,1.0,0.2583653300249253,,,0.9221434668052102,1.0,0.9221434668052102,0.9594949416943394,0.4738346614549418,0.1530307418133772,0.3122244699163644,Rt_Q
fold_a,42,1hop,coordinate_plus_frozen_sequence_fm_plus_topology_control_pair,length_bin,bp>=1e+06,4,1.0,0.2583653300249253,,,1.0,1.0,1.0,1.0,0.1967844583406448,0.0366865913793989,0.1752448260028081,Rt_Q
fold_a,42,1hop,coordinate_plus_frozen_sequence_fm_plus_topology_control_pair,length_bin,"bp[100,500)",19281,0.6574866448835641,0.2583653300249253,0.8584353011389015,0.9126339535127856,0.7827394844665733,0.781245858184228,0.9299518813599432,0.8491374653365505,0.4645699400785627,0.151067774148673,0.0909161202227987,Rt_Q
fold_a,42,1hop,coordinate_plus_frozen_sequence_fm_plus_topology_control_pair,length_bin,"bp[1000,10000)",4713,0.5987693613409718,0.2583653300249253,0.9037592182897763,0.9351827996236566,0.7604498196477827,0.723292007385914,0.9716513111268604,0.8292756691365493,0.4006763898418203,0.1265876463818364,0.0706301526645888,Rt_Q
fold_a,42,1hop,coordinate_plus_frozen_sequence_fm_plus_topology_control_pair,length_bin,"bp[10000,100000)",662,0.6525679758308157,0.2583653300249253,0.8303190418679549,0.8956676715483812,0.7145015105740181,0.7035175879396985,0.9722222222222222,0.8163265306122449,0.4806482982721986,0.1570426758174174,0.0731894626468976,Rt_Q
fold_a,42,1hop,coordinate_plus_frozen_sequence_fm_plus_topology_control_pair,length_bin,"bp[100000,1e+06)",37,0.5675675675675675,0.2583653300249253,0.6696428571428572,0.7305305876681643,0.6216216216216216,0.6,1.0,0.75,0.6979526262393537,0.2486391049385381,0.2401401801431515,Rt_Q
fold_a,42,1hop,coordinate_plus_frozen_sequence_fm_plus_topology_control_pair,length_bin,"bp[50,100)",15326,0.5807125146809343,0.2583653300249253,0.81035282402599,0.8422738443944622,0.7393318543651312,0.726642639312448,0.8834831460674157,0.7974240657167486,0.547806355332996,0.1838329324517753,0.0900387148497491,Rt_Q
fold_a,42,1hop,coordinate_plus_frozen_sequence_fm_plus_topology_control_pair,length_bin,"bp[500,1000)",3194,0.6546649968691296,0.2583653300249253,0.8923836257188236,0.9399363632002048,0.7842830306825297,0.7677616501145913,0.9612625538020086,0.8536844340624337,0.4005491632020028,0.1278929021553564,0.0496055977567038,Rt_Q
fold_a,42,1hop,coordinate_plus_frozen_sequence_fm_plus_topology_control_pair,allele_frequency_bin,"af[0.001,0.01)",11561,0.6030620188565003,0.2583653300249253,0.7904499422213337,0.8446657143109331,0.7147305596401695,0.7007650273224044,0.9196787148594378,0.7954348095769755,0.5470980085129115,0.1839750306569728,0.059493202417176,Rt_Q
fold_a,42,1hop,coordinate_plus_frozen_sequence_fm_plus_topology_control_pair,allele_frequency_bin,"af[0.01,0.05)",14805,0.6430935494765282,0.2583653300249253,0.8425136721161661,0.9012234907935176,0.7659574468085106,0.7658005617977528,0.916290305640164,0.8343135848515277,0.490539053762849,0.1615642684377022,0.0876623091317942,Rt_Q
fold_a,42,1hop,coordinate_plus_frozen_sequence_fm_plus_topology_control_pair,allele_frequency_bin,"af[0.05,0.5)",14697,0.6236646934748589,0.2583653300249253,0.8728232058664603,0.9153235702880212,0.7842416819759135,0.7739694726259025,0.9238490072005237,0.8422937285522455,0.4516130697680895,0.1462506117360466,0.0787880444448574,Rt_Q
fold_a,42,1hop,coordinate_plus_frozen_sequence_fm_plus_topology_control_pair,allele_frequency_bin,"af[0.5,1)",2154,0.5979572887650882,0.2583653300249253,0.9590992712980362,0.9656863431708188,0.8741875580315692,0.845213849287169,0.966614906832298,0.9018471568272364,0.2974965523593385,0.0836712457323716,0.0880593761731515,Rt_Q
fold_a,42,1hop,coordinate_plus_frozen_sequence_fm_plus_topology_control_pair,breakpoint_mapping_distance,overlap,43217,0.623527778420529,0.2583653300249253,0.8473630520462792,0.8962608313829933,0.7638660712219728,0.7540053404539386,0.9221434668052102,0.829641253359598,0.4828099041474506,0.1584692928161984,0.0723718258440976,Rt_Q
fold_a,42,1hop,coordinate_plus_frozen_sequence_fm_plus_topology_control_plus_frozen_pangenomefm_pair,chromosome,chr12,7786,0.6203442075520165,0.2788315461120158,0.8850339485679546,0.9234633535273898,0.794246082712561,0.7809888579387186,0.9287784679089028,0.8484963117079629,0.4187749242906983,0.1366447119370992,0.0609777513959015,Rt_Q
fold_a,42,1hop,coordinate_plus_frozen_sequence_fm_plus_topology_control_plus_frozen_pangenomefm_pair,chromosome,chr17,6605,0.6183194549583648,0.2788315461120158,0.8708195914358565,0.9163124887176703,0.7777441332323997,0.7655298416565165,0.9233594515181196,0.837069922308546,0.4421287356649441,0.1459308559170315,0.064017012882206,Rt_Q
fold_a,42,1hop,coordinate_plus_frozen_sequence_fm_plus_topology_control_plus_frozen_pangenomefm_pair,chromosome,chr2,13840,0.619942196531792,0.2788315461120158,0.8622680187366498,0.9089665719694564,0.7714595375722544,0.758469319591564,0.9263403263403264,0.8340416601080854,0.4514789340685465,0.1496954108008313,0.0599679536439705,Rt_Q
fold_a,42,1hop,coordinate_plus_frozen_sequence_fm_plus_topology_control_plus_frozen_pangenomefm_pair,chromosome,chr22,3884,0.6251287332646756,0.2788315461120158,0.8615265243405689,0.9104292087923964,0.76956745623069,0.7593908629441625,0.9242174629324548,0.8337358350362252,0.4560768484401565,0.1503786592071251,0.0624272590679503,Rt_Q
fold_a,42,1hop,coordinate_plus_frozen_sequence_fm_plus_topology_control_plus_frozen_pangenomefm_pair,chromosome,chr7,11102,0.6327688704737885,0.2788315461120158,0.8696703755203437,0.9194661634165664,0.7828319221761845,0.7816162109375,0.911459074733096,0.8415587829401328,0.4486226181789656,0.1478330486103931,0.0778233580933984,Rt_Q
fold_a,42,1hop,coordinate_plus_frozen_sequence_fm_plus_topology_control_plus_frozen_pangenomefm_pair,sv_class,DEL,16270,0.0,0.2788315461120158,,,0.5424708051628765,0.0,0.0,0.0,0.4590510633997976,0.1540038931157559,0.299253330987653,Rt_Q
fold_a,42,1hop,coordinate_plus_frozen_sequence_fm_plus_topology_control_plus_frozen_pangenomefm_pair,sv_class,INS,26947,1.0,0.2788315461120158,,,0.9222547964522952,1.0,0.9222547964522952,0.9595552037684124,0.434651734588368,0.1417316730247323,0.2855099319158307,Rt_Q
fold_a,42,1hop,coordinate_plus_frozen_sequence_fm_plus_topology_control_plus_frozen_pangenomefm_pair,length_bin,bp>=1e+06,4,1.0,0.2788315461120158,,,1.0,1.0,1.0,1.0,0.1073747594381283,0.010862457979902,0.1015060387197013,Rt_Q
fold_a,42,1hop,coordinate_plus_frozen_sequence_fm_plus_topology_control_plus_frozen_pangenomefm_pair,length_bin,"bp[100,500)",19281,0.6574866448835641,0.2788315461120158,0.8771541430043497,0.9304610040449376,0.7952388361599502,0.7925464173201957,0.9327127869369723,0.8569357877953326,0.4264202042960113,0.1398435983096005,0.0762590076870539,Rt_Q
fold_a,42,1hop,coordinate_plus_frozen_sequence_fm_plus_topology_control_plus_frozen_pangenomefm_pair,length_bin,"bp[1000,10000)",4713,0.5987693613409718,0.2788315461120158,0.9190963311984368,0.9443139512128133,0.8020369191597708,0.7649368863955119,0.9663359319631468,0.8539220291216534,0.3555875960980917,0.1130612577192673,0.03945677238197,Rt_Q
fold_a,42,1hop,coordinate_plus_frozen_sequence_fm_plus_topology_control_plus_frozen_pangenomefm_pair,length_bin,"bp[10000,100000)",662,0.6525679758308157,0.2788315461120158,0.8282558373590981,0.8986800021208794,0.7371601208459214,0.7320143884892086,0.9421296296296297,0.8238866396761133,0.4802303018333408,0.1586988903051726,0.0383626900335736,Rt_Q
fold_a,42,1hop,coordinate_plus_frozen_sequence_fm_plus_topology_control_plus_frozen_pangenomefm_pair,length_bin,"bp[100000,1e+06)",37,0.5675675675675675,0.2788315461120158,0.5892857142857143,0.6726974313857641,0.5945945945945946,0.5882352941176471,0.9523809523809524,0.7272727272727273,0.8713248149201597,0.2891984759026907,0.2894145359216403,Rt_Q
fold_a,42,1hop,coordinate_plus_frozen_sequence_fm_plus_topology_control_plus_frozen_pangenomefm_pair,length_bin,"bp[50,100)",15326,0.5807125146809343,0.2788315461120158,0.8367108079186731,0.8710977630737218,0.7491843925355605,0.7374154770848985,0.8822471910112359,0.8033558420298752,0.5082662519572415,0.1706366016451571,0.0831825018595306,Rt_Q
fold_a,42,1hop,coordinate_plus_frozen_sequence_fm_plus_topology_control_plus_frozen_pangenomefm_pair,length_bin,"bp[500,1000)",3194,0.6546649968691296,0.2788315461120158,0.9127177173856962,0.9523325295927512,0.8043206011271133,0.7852140077821012,0.965088474414156,0.865908603304012,0.3579709578978101,0.1141908552650196,0.0500634436352335,Rt_Q
fold_a,42,1hop,coordinate_plus_frozen_sequence_fm_plus_topology_control_plus_frozen_pangenomefm_pair,allele_frequency_bin,"af[0.001,0.01)",11561,0.6030620188565003,0.2788315461120158,0.8073058194862693,0.8620771569612105,0.7262347547789983,0.7170220043324592,0.9020367183017786,0.7989582671663596,0.5291322408299848,0.1791235366795338,0.0648699699324827,Rt_Q
fold_a,42,1hop,coordinate_plus_frozen_sequence_fm_plus_topology_control_plus_frozen_pangenomefm_pair,allele_frequency_bin,"af[0.01,0.05)",14805,0.6430935494765282,0.2788315461120158,0.8617536628263702,0.9175512680962604,0.7787909490037149,0.7779458882164472,0.9180758323705492,0.8422219010454305,0.4559041489846901,0.1510311100822434,0.0794573381183419,Rt_Q
fold_a,42,1hop,coordinate_plus_frozen_sequence_fm_plus_topology_control_plus_frozen_pangenomefm_pair,allele_frequency_bin,"af[0.05,0.5)",14697,0.6236646934748589,0.2788315461120158,0.9003664821684438,0.9367848223121736,0.8044498877321903,0.7905967116201736,0.9337770019637792,0.8562424969987995,0.3960262186778857,0.128049056397823,0.0640042987021073,Rt_Q
fold_a,42,1hop,coordinate_plus_frozen_sequence_fm_plus_topology_control_plus_frozen_pangenomefm_pair,allele_frequency_bin,"af[0.5,1)",2154,0.5979572887650882,0.2788315461120158,0.9771859265847116,0.983822868128606,0.8955431754874652,0.8632946001367054,0.9805900621118012,0.9182115594329336,0.2293245104943272,0.0631787185665282,0.0766215393876837,Rt_Q
fold_a,42,1hop,coordinate_plus_frozen_sequence_fm_plus_topology_control_plus_frozen_pangenomefm_pair,breakpoint_mapping_distance,overlap,43217,0.623527778420529,0.2788315461120158,0.8695641897070872,0.9155502146332912,0.7792766735312493,0.7695070596977954,0.9222547964522952,0.8389851965633071,0.4438374041110548,0.1463518229861121,0.0653628072324958,Rt_Q
fold_a,42,1hop,coordinate_plus_frozen_sequence_fm_pair,chromosome,chr12,7786,0.6203442075520165,0.2842584257938669,0.8009250582035485,0.8665109989325679,0.7170562548163371,0.7117523778816701,0.91407867494824,0.8003262938457355,0.5390134319631459,0.1816763008034508,0.081671562766565,Rt_Rq
fold_a,42,1hop,coordinate_plus_frozen_sequence_fm_pair,chromosome,chr17,6605,0.6183194549583648,0.2842584257938669,0.7951545412268579,0.8659233781833762,0.703557910673732,0.7019376899696048,0.9047502448579824,0.790543431750107,0.5470371321962507,0.1855453018953495,0.090134602392525,Rt_Rq
fold_a,42,1hop,coordinate_plus_frozen_sequence_fm_pair,chromosome,chr2,13840,0.619942196531792,0.2842584257938669,0.7881056839231745,0.8531575928948311,0.7114884393063584,0.7073126638344029,0.912004662004662,0.7967214783892481,0.5542411924874462,0.1876086257861152,0.0870978368930423,Rt_Rq
fold_a,42,1hop,coordinate_plus_frozen_sequence_fm_pair,chromosome,chr22,3884,0.6251287332646756,0.2842584257938669,0.7829407258721509,0.8552344754706989,0.6979917610710608,0.6990168093878846,0.9077429983525536,0.7898226124350475,0.5590276180979277,0.1892945520365173,0.0861043497104808,Rt_Rq
fold_a,42,1hop,coordinate_plus_frozen_sequence_fm_pair,chromosome,chr7,11102,0.6327688704737885,0.2842584257938669,0.7919040673441937,0.8685158068173873,0.7157268960547649,0.7169938306225463,0.9098932384341636,0.8020075282308657,0.5480793774750392,0.1859678094233906,0.0946949197585217,Rt_Rq
fold_a,42,1hop,coordinate_plus_frozen_sequence_fm_pair,sv_class,DEL,16270,0.0,0.2842584257938669,,,0.3812538414259373,0.0,0.0,0.0,0.5516176522040234,0.1846348365419722,0.3768754469010318,Rt_Rq
fold_a,42,1hop,coordinate_plus_frozen_sequence_fm_pair,sv_class,INS,26947,1.0,0.2842584257938669,,,0.9103425242141984,1.0,0.9103425242141984,0.9530673297330898,0.5478108234500435,0.1867513136061422,0.3686057554655338,Rt_Rq
fold_a,42,1hop,coordinate_plus_frozen_sequence_fm_pair,length_bin,bp>=1e+06,4,1.0,0.2842584257938669,,,1.0,1.0,1.0,1.0,0.4880686526098495,0.1609551788453583,0.3698240869172646,Rt_Rq
fold_a,42,1hop,coordinate_plus_frozen_sequence_fm_pair,length_bin,"bp[100,500)",19281,0.6574866448835641,0.2842584257938669,0.8233739563349297,0.8931706006828379,0.7522950054457757,0.7564427134047387,0.9192237911177724,0.8299266434014672,0.5244329294627126,0.1755571744157366,0.1229337863930405,Rt_Rq
fold_a,42,1hop,coordinate_plus_frozen_sequence_fm_pair,length_bin,"bp[1000,10000)",4713,0.5987693613409718,0.2842584257938669,0.8173090220714256,0.8858439945191616,0.6293231487375345,0.6215788283193847,0.973777462792346,0.7588016015463206,0.5236135565379959,0.177772667028592,0.0882554647735981,Rt_Rq
fold_a,42,1hop,coordinate_plus_frozen_sequence_fm_pair,length_bin,"bp[10000,100000)",662,0.6525679758308157,0.2842584257938669,0.7225593800322061,0.8443206221695498,0.6555891238670695,0.6588785046728972,0.9791666666666666,0.7877094972067039,0.5848062081607177,0.2032837016376177,0.0743768445487384,Rt_Rq
fold_a,42,1hop,coordinate_plus_frozen_sequence_fm_pair,length_bin,"bp[100000,1e+06)",37,0.5675675675675675,0.2842584257938669,0.6934523809523809,0.8024519170080844,0.5945945945945946,0.5833333333333334,1.0,0.7368421052631579,0.6481207775435268,0.2300741721837086,0.2969084455739627,Rt_Rq
fold_a,42,1hop,coordinate_plus_frozen_sequence_fm_pair,length_bin,"bp[50,100)",15326,0.5807125146809343,0.2842584257938669,0.7533577600828096,0.8006111054774561,0.6832833094088477,0.6786786786786787,0.863370786516854,0.7599643952131342,0.6054759593782005,0.2084165581415911,0.1010201917157842,Rt_Rq
fold_a,42,1hop,coordinate_plus_frozen_sequence_fm_pair,length_bin,"bp[500,1000)",3194,0.6546649968691296,0.2842584257938669,0.8617654212913524,0.9284001881326832,0.7298058860363181,0.721820809248555,0.9555236728837876,0.8223914385676065,0.4585774731751407,0.148939709774178,0.0589320847031526,Rt_Rq
fold_a,42,1hop,coordinate_plus_frozen_sequence_fm_pair,allele_frequency_bin,"af[0.001,0.01)",11561,0.6030620188565003,0.2842584257938669,0.7376557876745595,0.8110911823087679,0.6677623042989361,0.6639095382682442,0.909495123350545,0.7675361617139744,0.595308117498797,0.205139487778281,0.0592755537885125,Rt_Rq
fold_a,42,1hop,coordinate_plus_frozen_sequence_fm_pair,allele_frequency_bin,"af[0.01,0.05)",14805,0.6430935494765282,0.2842584257938669,0.7901848962741511,0.8711548901611736,0.7187436676798379,0.7246498364505577,0.9074677029723768,0.8058198097369894,0.5530990106155552,0.1877149844713106,0.1065767625112799,Rt_Rq
fold_a,42,1hop,coordinate_plus_frozen_sequence_fm_pair,allele_frequency_bin,"af[0.05,0.5)",14697,0.6236646934748589,0.2842584257938669,0.8144202338332813,0.8786567607957563,0.7236170647070831,0.721335646140503,0.9073750818241326,0.8037301894085813,0.5308696702327849,0.1783068797776593,0.096053314349874,Rt_Rq
fold_a,42,1hop,coordinate_plus_frozen_sequence_fm_pair,allele_frequency_bin,"af[0.5,1)",2154,0.5979572887650882,0.2842584257938669,0.9161015520778046,0.9293122978386904,0.8068709377901578,0.773525721455458,0.9572981366459627,0.8556557945870923,0.4008811136906484,0.1230651174038456,0.0985188844200562,Rt_Rq
fold_a,42,1hop,coordinate_plus_frozen_sequence_fm_pair,breakpoint_mapping_distance,overlap,43217,0.623527778420529,0.2842584257938669,0.7921017146521927,0.8617182305006181,0.7111553323923456,0.7090294236661079,0.9103425242141984,0.7971728003899585,0.5492439887282269,0.1859545187838721,0.0879527910648576,Rt_Rq
fold_a,42,1hop,coordinate_plus_frozen_sequence_fm_plus_frozen_pangenomefm_pair,chromosome,chr12,7786,0.6203442075520165,0.2800842797627473,0.8784001448434877,0.91697228471529,0.789108656563062,0.7744490358126722,0.931262939958592,0.8456476781349878,0.4310563765225243,0.1403331636993006,0.0630047422289348,Rt_Rq
fold_a,42,1hop,coordinate_plus_frozen_sequence_fm_plus_frozen_pangenomefm_pair,chromosome,chr17,6605,0.6183194549583648,0.2800842797627473,0.8622587891486246,0.9087293585989952,0.7701741105223315,0.7605605199025183,0.9169931439764936,0.8314831261101243,0.4587277237185416,0.1513942585418012,0.0711043571838104,Rt_Rq
fold_a,42,1hop,coordinate_plus_frozen_sequence_fm_plus_frozen_pangenomefm_pair,chromosome,chr2,13840,0.619942196531792,0.2800842797627473,0.8549552855256277,0.9033320415179452,0.7658236994219653,0.7547962202920684,0.9216783216783216,0.829931258855014,0.4657490326209506,0.154180766300997,0.0646676724719966,Rt_Rq
fold_a,42,1hop,coordinate_plus_frozen_sequence_fm_plus_frozen_pangenomefm_pair,chromosome,chr22,3884,0.6251287332646756,0.2800842797627473,0.8561844868475841,0.9067170079849196,0.768280123583934,0.7620027434842249,0.9151565074135092,0.8315868263473054,0.4680599742164518,0.1537716359459549,0.0684943564387892,Rt_Rq
fold_a,42,1hop,coordinate_plus_frozen_sequence_fm_plus_frozen_pangenomefm_pair,chromosome,chr7,11102,0.6327688704737885,0.2800842797627473,0.8602510044630193,0.9124670377147042,0.777877859845073,0.7748703726034004,0.9147330960854092,0.8390129259694477,0.4631228799734728,0.152743752165872,0.0796817662747909,Rt_Rq
fold_a,42,1hop,coordinate_plus_frozen_sequence_fm_plus_frozen_pangenomefm_pair,sv_class,DEL,16270,0.0,0.2800842797627473,,,0.5317148125384142,0.0,0.0,0.0,0.4694054687383849,0.1581451839139945,0.3068092005750135,Rt_Rq
fold_a,42,1hop,coordinate_plus_frozen_sequence_fm_plus_frozen_pangenomefm_pair,sv_class,INS,26947,1.0,0.2800842797627473,,,0.9202879726871266,1.0,0.9202879726871266,0.9584895450856104,0.4510474765720847,0.1464520326610034,0.2964928548538948,Rt_Rq
fold_a,42,1hop,coordinate_plus_frozen_sequence_fm_plus_frozen_pangenomefm_pair,length_bin,bp>=1e+06,4,1.0,0.2800842797627473,,,1.0,1.0,1.0,1.0,0.2677513205461538,0.0551840431714438,0.2348971842622107,Rt_Rq
fold_a,42,1hop,coordinate_plus_frozen_sequence_fm_plus_frozen_pangenomefm_pair,length_bin,"bp[100,500)",19281,0.6574866448835641,0.2800842797627473,0.8693750042702421,0.9245106325671012,0.7894818733468181,0.788729563119807,0.9285319870631852,0.8529401108655483,0.4417260170437682,0.1447300279601464,0.0823234275141983,Rt_Rq
fold_a,42,1hop,coordinate_plus_frozen_sequence_fm_plus_frozen_pangenomefm_pair,length_bin,"bp[1000,10000)",4713,0.5987693613409718,0.2800842797627473,0.9076041310231128,0.9355697655409831,0.7927010396774878,0.7564637197664721,0.9642097802976612,0.8477956067923352,0.3804982178248469,0.1214461588583333,0.040611142518864,Rt_Rq
fold_a,42,1hop,coordinate_plus_frozen_sequence_fm_plus_frozen_pangenomefm_pair,length_bin,"bp[10000,100000)",662,0.6525679758308157,0.2800842797627473,0.8184430354267311,0.8969563400100327,0.7250755287009063,0.7256317689530686,0.9305555555555556,0.8154158215010142,0.4965042808441151,0.1655074715738106,0.0486812758121581,Rt_Rq
fold_a,42,1hop,coordinate_plus_frozen_sequence_fm_plus_frozen_pangenomefm_pair,length_bin,"bp[100000,1e+06)",37,0.5675675675675675,0.2800842797627473,0.6517857142857143,0.7516899532298082,0.5945945945945946,0.5882352941176471,0.9523809523809524,0.7272727272727273,0.8281429772372357,0.2852608915045309,0.3345040733519414,Rt_Rq
fold_a,42,1hop,coordinate_plus_frozen_sequence_fm_plus_frozen_pangenomefm_pair,length_bin,"bp[50,100)",15326,0.5807125146809343,0.2800842797627473,0.8302646464328552,0.8643415467387316,0.7461829570664231,0.7333705980994969,0.8844943820224719,0.8018742996842213,0.5185209314880098,0.1738805658862962,0.0854529283250744,Rt_Rq
fold_a,42,1hop,coordinate_plus_frozen_sequence_fm_plus_frozen_pangenomefm_pair,length_bin,"bp[500,1000)",3194,0.6546649968691296,0.2800842797627473,0.9104925786071896,0.9506429336649476,0.7983719474013776,0.7814080124465189,0.9607843137254902,0.8618618618618619,0.3676098832148045,0.1162538392248751,0.0439631458657245,Rt_Rq
fold_a,42,1hop,coordinate_plus_frozen_sequence_fm_plus_frozen_pangenomefm_pair,allele_frequency_bin,"af[0.001,0.01)",11561,0.6030620188565003,0.2800842797627473,0.799784294229497,0.855726962749281,0.7231208372978116,0.7145783543871629,0.9006024096385542,0.7968779744907671,0.5399905868577147,0.1826256229277692,0.0637383990774369,Rt_Rq
fold_a,42,1hop,coordinate_plus_frozen_sequence_fm_plus_frozen_pangenomefm_pair,allele_frequency_bin,"af[0.01,0.05)",14805,0.6430935494765282,0.2800842797627473,0.8546018955985656,0.9120884618506075,0.7739952718676123,0.7740303541315345,0.9159752126877428,0.8390417548585722,0.4699474179035595,0.1553422145724025,0.0843070875501863,Rt_Rq
fold_a,42,1hop,coordinate_plus_frozen_sequence_fm_plus_frozen_pangenomefm_pair,allele_frequency_bin,"af[0.05,0.5)",14697,0.6236646934748589,0.2800842797627473,0.8920293067384898,0.929796961165424,0.7968292848880724,0.7837465564738292,0.931158629718525,0.8511168727562824,0.4125453008785995,0.1335210826779649,0.0696019009041916,Rt_Rq
fold_a,42,1hop,coordinate_plus_frozen_sequence_fm_plus_frozen_pangenomefm_pair,allele_frequency_bin,"af[0.5,1)",2154,0.5979572887650882,0.2800842797627473,0.973755791602714,0.9800477126080954,0.8913649025069638,0.8575305291723202,0.9813664596273292,0.9152787834902244,0.2451357213669803,0.067748096966732,0.083423156594342,Rt_Rq
fold_a,42,1hop,coordinate_plus_frozen_sequence_fm_plus_frozen_pangenomefm_pair,breakpoint_mapping_distance,overlap,43217,0.623527778420529,0.2800842797627473,0.8619088851345131,0.9093141394579556,0.7740009718397852,0.7649762477635881,0.9202879726871266,0.835475448496589,0.4579587506666703,0.1508541792904817,0.0693663897631125,Rt_Rq
fold_a,42,1hop,coordinate_plus_frozen_sequence_fm_plus_topology_control_pair,chromosome,chr12,7786,0.6203442075520165,0.2583653300249253,0.8638454755320967,0.9055524522221448,0.7789622399178012,0.7654089124124979,0.9281573498964804,0.8389632263497707,0.4604170093588839,0.1494512289437633,0.0699032998890107,Rt_Rq
fold_a,42,1hop,coordinate_plus_frozen_sequence_fm_plus_topology_control_pair,chromosome,chr17,6605,0.6183194549583648,0.2583653300249253,0.8479176484620277,0.8976810747639489,0.7598788796366389,0.7504009623095429,0.9165034280117532,0.8251763668430335,0.4855067042608592,0.15996797932921,0.0764790381774177,Rt_Rq
fold_a,42,1hop,coordinate_plus_frozen_sequence_fm_plus_topology_control_pair,chromosome,chr2,13840,0.619942196531792,0.2583653300249253,0.838856457230982,0.885959234934831,0.7552023121387283,0.7444904878508194,0.9213286713286714,0.8235232836753829,0.4914359819727204,0.1616223571790352,0.0658588564466052,Rt_Rq
fold_a,42,1hop,coordinate_plus_frozen_sequence_fm_plus_topology_control_pair,chromosome,chr22,3884,0.6251287332646756,0.2583653300249253,0.8402573795644224,0.8921177598050447,0.7551493305870237,0.7482352941176471,0.9168039538714992,0.8239866740699612,0.4952980219240452,0.162786077557213,0.077240637329877,Rt_Rq
fold_a,42,1hop,coordinate_plus_frozen_sequence_fm_plus_topology_control_pair,chromosome,chr7,11102,0.6327688704737885,0.2583653300249253,0.8483793557645223,0.9031366878527586,0.7695009908124663,0.7621507396102372,0.9241281138790036,0.8353599691179309,0.4817875611037369,0.1584612778798426,0.0795252551078568,Rt_Rq
fold_a,42,1hop,coordinate_plus_frozen_sequence_fm_plus_topology_control_pair,sv_class,DEL,16270,0.0,0.2583653300249253,,,0.501720958819914,0.0,0.0,0.0,0.4976750464237282,0.1674768302392485,0.3248813517720897,Rt_Rq
fold_a,42,1hop,coordinate_plus_frozen_sequence_fm_plus_topology_control_pair,sv_class,INS,26947,1.0,0.2583653300249253,,,0.9221434668052102,1.0,0.9221434668052102,0.9594949416943394,0.4738346614549418,0.1530307418133772,0.3122244699163644,Rt_Rq
fold_a,42,1hop,coordinate_plus_frozen_sequence_fm_plus_topology_control_pair,length_bin,bp>=1e+06,4,1.0,0.2583653300249253,,,1.0,1.0,1.0,1.0,0.1967844583406448,0.0366865913793989,0.1752448260028081,Rt_Rq
fold_a,42,1hop,coordinate_plus_frozen_sequence_fm_plus_topology_control_pair,length_bin,"bp[100,500)",19281,0.6574866448835641,0.2583653300249253,0.8584353011389015,0.9126339535127856,0.7827394844665733,0.781245858184228,0.9299518813599432,0.8491374653365505,0.4645699400785627,0.151067774148673,0.0909161202227987,Rt_Rq
fold_a,42,1hop,coordinate_plus_frozen_sequence_fm_plus_topology_control_pair,length_bin,"bp[1000,10000)",4713,0.5987693613409718,0.2583653300249253,0.9037592182897763,0.9351827996236566,0.7604498196477827,0.723292007385914,0.9716513111268604,0.8292756691365493,0.4006763898418203,0.1265876463818364,0.0706301526645888,Rt_Rq
fold_a,42,1hop,coordinate_plus_frozen_sequence_fm_plus_topology_control_pair,length_bin,"bp[10000,100000)",662,0.6525679758308157,0.2583653300249253,0.8303190418679549,0.8956676715483812,0.7145015105740181,0.7035175879396985,0.9722222222222222,0.8163265306122449,0.4806482982721986,0.1570426758174174,0.0731894626468976,Rt_Rq
fold_a,42,1hop,coordinate_plus_frozen_sequence_fm_plus_topology_control_pair,length_bin,"bp[100000,1e+06)",37,0.5675675675675675,0.2583653300249253,0.6696428571428572,0.7305305876681643,0.6216216216216216,0.6,1.0,0.75,0.6979526262393537,0.2486391049385381,0.2401401801431515,Rt_Rq
fold_a,42,1hop,coordinate_plus_frozen_sequence_fm_plus_topology_control_pair,length_bin,"bp[50,100)",15326,0.5807125146809343,0.2583653300249253,0.81035282402599,0.8422738443944622,0.7393318543651312,0.726642639312448,0.8834831460674157,0.7974240657167486,0.547806355332996,0.1838329324517753,0.0900387148497491,Rt_Rq
fold_a,42,1hop,coordinate_plus_frozen_sequence_fm_plus_topology_control_pair,length_bin,"bp[500,1000)",3194,0.6546649968691296,0.2583653300249253,0.8923836257188236,0.9399363632002048,0.7842830306825297,0.7677616501145913,0.9612625538020086,0.8536844340624337,0.4005491632020028,0.1278929021553564,0.0496055977567038,Rt_Rq
fold_a,42,1hop,coordinate_plus_frozen_sequence_fm_plus_topology_control_pair,allele_frequency_bin,"af[0.001,0.01)",11561,0.6030620188565003,0.2583653300249253,0.7904499422213337,0.8446657143109331,0.7147305596401695,0.7007650273224044,0.9196787148594378,0.7954348095769755,0.5470980085129115,0.1839750306569728,0.059493202417176,Rt_Rq
fold_a,42,1hop,coordinate_plus_frozen_sequence_fm_plus_topology_control_pair,allele_frequency_bin,"af[0.01,0.05)",14805,0.6430935494765282,0.2583653300249253,0.8425136721161661,0.9012234907935176,0.7659574468085106,0.7658005617977528,0.916290305640164,0.8343135848515277,0.490539053762849,0.1615642684377022,0.0876623091317942,Rt_Rq
fold_a,42,1hop,coordinate_plus_frozen_sequence_fm_plus_topology_control_pair,allele_frequency_bin,"af[0.05,0.5)",14697,0.6236646934748589,0.2583653300249253,0.8728232058664603,0.9153235702880212,0.7842416819759135,0.7739694726259025,0.9238490072005237,0.8422937285522455,0.4516130697680895,0.1462506117360466,0.0787880444448574,Rt_Rq
fold_a,42,1hop,coordinate_plus_frozen_sequence_fm_plus_topology_control_pair,allele_frequency_bin,"af[0.5,1)",2154,0.5979572887650882,0.2583653300249253,0.9590992712980362,0.9656863431708188,0.8741875580315692,0.845213849287169,0.966614906832298,0.9018471568272364,0.2974965523593385,0.0836712457323716,0.0880593761731515,Rt_Rq
fold_a,42,1hop,coordinate_plus_frozen_sequence_fm_plus_topology_control_pair,breakpoint_mapping_distance,overlap,43217,0.623527778420529,0.2583653300249253,0.8473630520462792,0.8962608313829933,0.7638660712219728,0.7540053404539386,0.9221434668052102,0.829641253359598,0.4828099041474506,0.1584692928161984,0.0723718258440976,Rt_Rq
fold_a,42,1hop,coordinate_plus_frozen_sequence_fm_plus_topology_control_plus_frozen_pangenomefm_pair,chromosome,chr12,7786,0.6203442075520165,0.3019511364511846,0.8835358550668605,0.9211095778505018,0.8006678653994349,0.7920527441197434,0.9202898550724636,0.8513694694502969,0.423415631325692,0.1375996378530932,0.0636185004840818,Rt_Rq
fold_a,42,1hop,coordinate_plus_frozen_sequence_fm_plus_topology_control_plus_frozen_pangenomefm_pair,chromosome,chr17,6605,0.6183194549583648,0.3019511364511846,0.8682971948463466,0.9132225365796318,0.7813777441332324,0.7771944561108778,0.9062193927522038,0.8367623784761474,0.4504419448016999,0.1482046463622668,0.0716031591662542,Rt_Rq
fold_a,42,1hop,coordinate_plus_frozen_sequence_fm_plus_topology_control_plus_frozen_pangenomefm_pair,chromosome,chr2,13840,0.619942196531792,0.3019511364511846,0.860293280863623,0.9067503531318042,0.7707369942196531,0.7642975852967054,0.9111888111888112,0.831304162900739,0.4571210356584829,0.1509914047218144,0.0619152576228309,Rt_Rq
fold_a,42,1hop,coordinate_plus_frozen_sequence_fm_plus_topology_control_plus_frozen_pangenomefm_pair,chromosome,chr22,3884,0.6251287332646756,0.3019511364511846,0.8610425303691366,0.9086895053807588,0.772399588053553,0.7688022284122563,0.9093904448105437,0.8332075471698113,0.4594355466855229,0.1505610376259507,0.0629584624850412,Rt_Rq
fold_a,42,1hop,coordinate_plus_frozen_sequence_fm_plus_topology_control_plus_frozen_pangenomefm_pair,chromosome,chr7,11102,0.6327688704737885,0.3019511364511846,0.8668983630940692,0.9174754062761596,0.7876058367861647,0.7914324965655052,0.9020640569395018,0.8431346460883449,0.4537016697421068,0.1493031599567096,0.0780049921295444,Rt_Rq
fold_a,42,1hop,coordinate_plus_frozen_sequence_fm_plus_topology_control_plus_frozen_pangenomefm_pair,sv_class,DEL,16270,0.0,0.3019511364511846,,,0.571419791026429,0.0,0.0,0.0,0.4625656990467601,0.1554526824842043,0.3010824003440495,Rt_Rq
fold_a,42,1hop,coordinate_plus_frozen_sequence_fm_plus_topology_control_plus_frozen_pangenomefm_pair,sv_class,INS,26947,1.0,0.3019511364511846,,,0.9095261068022414,1.0,0.9095261068022414,0.9526197139303484,0.4413826385773231,0.1429877581496064,0.28934650304144,Rt_Rq
fold_a,42,1hop,coordinate_plus_frozen_sequence_fm_plus_topology_control_plus_frozen_pangenomefm_pair,length_bin,bp>=1e+06,4,1.0,0.3019511364511846,,,1.0,1.0,1.0,1.0,0.1349326250110828,0.0159436661385739,0.1262179825726568,Rt_Rq
fold_a,42,1hop,coordinate_plus_frozen_sequence_fm_plus_topology_control_plus_frozen_pangenomefm_pair,length_bin,"bp[100,500)",19281,0.6574866448835641,0.3019511364511846,0.8751207970844531,0.928087551733398,0.7971578237643275,0.8011543218359214,0.9197759722331782,0.8563769233594065,0.4319395364082131,0.1411897184304278,0.0787159187278532,Rt_Rq
fold_a,42,1hop,coordinate_plus_frozen_sequence_fm_plus_topology_control_plus_frozen_pangenomefm_pair,length_bin,"bp[1000,10000)",4713,0.5987693613409718,0.3019511364511846,0.915784923999354,0.941422738022324,0.8084022915340547,0.7750071653768988,0.9581856839121192,0.8569164950087149,0.3651479270637536,0.1155643700349875,0.0446692466943444,Rt_Rq
fold_a,42,1hop,coordinate_plus_frozen_sequence_fm_plus_topology_control_plus_frozen_pangenomefm_pair,length_bin,"bp[10000,100000)",662,0.6525679758308157,0.3019511364511846,0.8374547101449276,0.9063098824287986,0.7477341389728097,0.7458256029684601,0.9305555555555556,0.8280123583934088,0.4690946149867025,0.1547754566933563,0.0505308489520268,Rt_Rq
fold_a,42,1hop,coordinate_plus_frozen_sequence_fm_plus_topology_control_plus_frozen_pangenomefm_pair,length_bin,"bp[100000,1e+06)",37,0.5675675675675675,0.3019511364511846,0.6488095238095237,0.7521038017150257,0.5945945945945946,0.5882352941176471,0.9523809523809524,0.7272727272727273,0.811859360533154,0.2797698773689676,0.286288985689776,Rt_Rq
fold_a,42,1hop,coordinate_plus_frozen_sequence_fm_plus_topology_control_plus_frozen_pangenomefm_pair,length_bin,"bp[50,100)",15326,0.5807125146809343,0.3019511364511846,0.8342468185776183,0.8677279702861229,0.751794336421767,0.7462787550744249,0.8675280898876404,0.8023485399563546,0.5136730200193301,0.1719648258353714,0.0832042879223216,Rt_Rq
fold_a,42,1hop,coordinate_plus_frozen_sequence_fm_plus_topology_control_plus_frozen_pangenomefm_pair,length_bin,"bp[500,1000)",3194,0.6546649968691296,0.3019511364511846,0.9117668737884116,0.9513560528538444,0.808703819661866,0.7941176470588235,0.9555236728837876,0.8673757325808552,0.3622547391103516,0.1148913251823308,0.0473776523113499,Rt_Rq
fold_a,42,1hop,coordinate_plus_frozen_sequence_fm_plus_topology_control_plus_frozen_pangenomefm_pair,allele_frequency_bin,"af[0.001,0.01)",11561,0.6030620188565003,0.3019511364511846,0.8056330949049131,0.860050504175727,0.7313381195398322,0.7261876901474374,0.8901319563970166,0.7998453408944451,0.5332896819343446,0.1800555909622655,0.0656955915443558,Rt_Rq
fold_a,42,1hop,coordinate_plus_frozen_sequence_fm_plus_topology_control_plus_frozen_pangenomefm_pair,allele_frequency_bin,"af[0.01,0.05)",14805,0.6430935494765282,0.3019511364511846,0.8602692156411729,0.9156100635850328,0.7800742992232353,0.7867276887871854,0.9027413086860624,0.840751247187714,0.4610975989535247,0.1521144494258268,0.0813026722417744,Rt_Rq
fold_a,42,1hop,coordinate_plus_frozen_sequence_fm_plus_topology_control_plus_frozen_pangenomefm_pair,allele_frequency_bin,"af[0.05,0.5)",14697,0.6236646934748589,0.3019511364511846,0.8974213361044033,0.933713432279202,0.8071715316050895,0.7997538345010414,0.9215579314859262,0.856346309813463,0.4030504964862575,0.1300496098833149,0.0674338897419726,Rt_Rq
fold_a,42,1hop,coordinate_plus_frozen_sequence_fm_plus_topology_control_plus_frozen_pangenomefm_pair,allele_frequency_bin,"af[0.5,1)",2154,0.5979572887650882,0.3019511364511846,0.97671703986344,0.9830268382017384,0.9001857010213556,0.8702553485162181,0.9790372670807452,0.9214468396054074,0.2341396346450757,0.0637372495618636,0.0772881331343352,Rt_Rq
fold_a,42,1hop,coordinate_plus_frozen_sequence_fm_plus_topology_control_plus_frozen_pangenomefm_pair,breakpoint_mapping_distance,overlap,43217,0.623527778420529,0.3019511364511846,0.8675296090445382,0.9132403393148484,0.7822384709720712,0.7785083539800521,0.9095261068022414,0.838932721764877,0.4493574724121043,0.1476804559056725,0.0670664220991738,Rt_Rq
fold_a,42,1hop,coordinate_plus_frozen_sequence_fm_pair,chromosome,chr12,7786,0.6203442075520165,0.2842584257938669,0.8009250582035485,0.8665109989325679,0.7170562548163371,0.7117523778816701,0.91407867494824,0.8003262938457355,0.5390134319631459,0.1816763008034508,0.081671562766565,T
fold_a,42,1hop,coordinate_plus_frozen_sequence_fm_pair,chromosome,chr17,6605,0.6183194549583648,0.2842584257938669,0.7951545412268579,0.8659233781833762,0.703557910673732,0.7019376899696048,0.9047502448579824,0.790543431750107,0.5470371321962507,0.1855453018953495,0.090134602392525,T
fold_a,42,1hop,coordinate_plus_frozen_sequence_fm_pair,chromosome,chr2,13840,0.619942196531792,0.2842584257938669,0.7881056839231745,0.8531575928948311,0.7114884393063584,0.7073126638344029,0.912004662004662,0.7967214783892481,0.5542411924874462,0.1876086257861152,0.0870978368930423,T
fold_a,42,1hop,coordinate_plus_frozen_sequence_fm_pair,chromosome,chr22,3884,0.6251287332646756,0.2842584257938669,0.7829407258721509,0.8552344754706989,0.6979917610710608,0.6990168093878846,0.9077429983525536,0.7898226124350475,0.5590276180979277,0.1892945520365173,0.0861043497104808,T
fold_a,42,1hop,coordinate_plus_frozen_sequence_fm_pair,chromosome,chr7,11102,0.6327688704737885,0.2842584257938669,0.7919040673441937,0.8685158068173873,0.7157268960547649,0.7169938306225463,0.9098932384341636,0.8020075282308657,0.5480793774750392,0.1859678094233906,0.0946949197585217,T
fold_a,42,1hop,coordinate_plus_frozen_sequence_fm_pair,sv_class,DEL,16270,0.0,0.2842584257938669,,,0.3812538414259373,0.0,0.0,0.0,0.5516176522040234,0.1846348365419722,0.3768754469010318,T
fold_a,42,1hop,coordinate_plus_frozen_sequence_fm_pair,sv_class,INS,26947,1.0,0.2842584257938669,,,0.9103425242141984,1.0,0.9103425242141984,0.9530673297330898,0.5478108234500435,0.1867513136061422,0.3686057554655338,T
fold_a,42,1hop,coordinate_plus_frozen_sequence_fm_pair,length_bin,bp>=1e+06,4,1.0,0.2842584257938669,,,1.0,1.0,1.0,1.0,0.4880686526098495,0.1609551788453583,0.3698240869172646,T
fold_a,42,1hop,coordinate_plus_frozen_sequence_fm_pair,length_bin,"bp[100,500)",19281,0.6574866448835641,0.2842584257938669,0.8233739563349297,0.8931706006828379,0.7522950054457757,0.7564427134047387,0.9192237911177724,0.8299266434014672,0.5244329294627126,0.1755571744157366,0.1229337863930405,T
fold_a,42,1hop,coordinate_plus_frozen_sequence_fm_pair,length_bin,"bp[1000,10000)",4713,0.5987693613409718,0.2842584257938669,0.8173090220714256,0.8858439945191616,0.6293231487375345,0.6215788283193847,0.973777462792346,0.7588016015463206,0.5236135565379959,0.177772667028592,0.0882554647735981,T
fold_a,42,1hop,coordinate_plus_frozen_sequence_fm_pair,length_bin,"bp[10000,100000)",662,0.6525679758308157,0.2842584257938669,0.7225593800322061,0.8443206221695498,0.6555891238670695,0.6588785046728972,0.9791666666666666,0.7877094972067039,0.5848062081607177,0.2032837016376177,0.0743768445487384,T
fold_a,42,1hop,coordinate_plus_frozen_sequence_fm_pair,length_bin,"bp[100000,1e+06)",37,0.5675675675675675,0.2842584257938669,0.6934523809523809,0.8024519170080844,0.5945945945945946,0.5833333333333334,1.0,0.7368421052631579,0.6481207775435268,0.2300741721837086,0.2969084455739627,T
fold_a,42,1hop,coordinate_plus_frozen_sequence_fm_pair,length_bin,"bp[50,100)",15326,0.5807125146809343,0.2842584257938669,0.7533577600828096,0.8006111054774561,0.6832833094088477,0.6786786786786787,0.863370786516854,0.7599643952131342,0.6054759593782005,0.2084165581415911,0.1010201917157842,T
fold_a,42,1hop,coordinate_plus_frozen_sequence_fm_pair,length_bin,"bp[500,1000)",3194,0.6546649968691296,0.2842584257938669,0.8617654212913524,0.9284001881326832,0.7298058860363181,0.721820809248555,0.9555236728837876,0.8223914385676065,0.4585774731751407,0.148939709774178,0.0589320847031526,T
fold_a,42,1hop,coordinate_plus_frozen_sequence_fm_pair,allele_frequency_bin,"af[0.001,0.01)",11561,0.6030620188565003,0.2842584257938669,0.7376557876745595,0.8110911823087679,0.6677623042989361,0.6639095382682442,0.909495123350545,0.7675361617139744,0.595308117498797,0.205139487778281,0.0592755537885125,T
fold_a,42,1hop,coordinate_plus_frozen_sequence_fm_pair,allele_frequency_bin,"af[0.01,0.05)",14805,0.6430935494765282,0.2842584257938669,0.7901848962741511,0.8711548901611736,0.7187436676798379,0.7246498364505577,0.9074677029723768,0.8058198097369894,0.5530990106155552,0.1877149844713106,0.1065767625112799,T
fold_a,42,1hop,coordinate_plus_frozen_sequence_fm_pair,allele_frequency_bin,"af[0.05,0.5)",14697,0.6236646934748589,0.2842584257938669,0.8144202338332813,0.8786567607957563,0.7236170647070831,0.721335646140503,0.9073750818241326,0.8037301894085813,0.5308696702327849,0.1783068797776593,0.096053314349874,T
fold_a,42,1hop,coordinate_plus_frozen_sequence_fm_pair,allele_frequency_bin,"af[0.5,1)",2154,0.5979572887650882,0.2842584257938669,0.9161015520778046,0.9293122978386904,0.8068709377901578,0.773525721455458,0.9572981366459627,0.8556557945870923,0.4008811136906484,0.1230651174038456,0.0985188844200562,T
fold_a,42,1hop,coordinate_plus_frozen_sequence_fm_pair,breakpoint_mapping_distance,overlap,43217,0.623527778420529,0.2842584257938669,0.7921017146521927,0.8617182305006181,0.7111553323923456,0.7090294236661079,0.9103425242141984,0.7971728003899585,0.5492439887282269,0.1859545187838721,0.0879527910648576,T
fold_a,42,1hop,coordinate_plus_frozen_sequence_fm_plus_frozen_pangenomefm_pair,chromosome,chr12,7786,0.6203442075520165,0.2890710599187702,0.8852324429801337,0.9231592553292576,0.7965579244798356,0.7852372583479789,0.9250517598343684,0.8494296577946768,0.4206619233459717,0.1373290230281837,0.065798411964784,T
fold_a,42,1hop,coordinate_plus_frozen_sequence_fm_plus_frozen_pangenomefm_pair,chromosome,chr17,6605,0.6183194549583648,0.2890710599187702,0.8659331157940294,0.9115995972611036,0.7736563209689629,0.7656474451056844,0.9135651322233104,0.8330914368650217,0.450962210243937,0.1491909933399059,0.0695322237793039,T
fold_a,42,1hop,coordinate_plus_frozen_sequence_fm_plus_frozen_pangenomefm_pair,chromosome,chr2,13840,0.619942196531792,0.2890710599187702,0.8600976938144238,0.9076586467467376,0.7701589595375723,0.7618585701813949,0.9153846153846154,0.831595108264069,0.4577704653837944,0.1518053727411644,0.0668018481501377,T
fold_a,42,1hop,coordinate_plus_frozen_sequence_fm_plus_frozen_pangenomefm_pair,chromosome,chr22,3884,0.6251287332646756,0.2890710599187702,0.86278191022322,0.9094859273785996,0.780638516992791,0.7772695285010556,0.9098023064250412,0.8383301707779887,0.4618001649078661,0.1522416158155179,0.0809529508179419,T
fold_a,42,1hop,coordinate_plus_frozen_sequence_fm_plus_frozen_pangenomefm_pair,chromosome,chr7,11102,0.6327688704737885,0.2890710599187702,0.8653766943630488,0.9168196772071772,0.7791388938929923,0.7769836462749848,0.9130249110320284,0.8395287958115183,0.4535342814471085,0.1495793620132458,0.0766822493850087,T
fold_a,42,1hop,coordinate_plus_frozen_sequence_fm_plus_frozen_pangenomefm_pair,sv_class,DEL,16270,0.0,0.2890710599187702,,,0.5517516902274124,0.0,0.0,0.0,0.453568606245541,0.1512069621060278,0.2981147522228187,T
fold_a,42,1hop,coordinate_plus_frozen_sequence_fm_plus_frozen_pangenomefm_pair,sv_class,INS,26947,1.0,0.2890710599187702,,,0.9157234571566408,1.0,0.9157234571566408,0.9560079809387289,0.446752164777439,0.1464888812290305,0.293177649421871,T
fold_a,42,1hop,coordinate_plus_frozen_sequence_fm_plus_frozen_pangenomefm_pair,length_bin,bp>=1e+06,4,1.0,0.2890710599187702,,,1.0,1.0,1.0,1.0,0.1437671641577905,0.0210248111388946,0.1319285092343667,T
fold_a,42,1hop,coordinate_plus_frozen_sequence_fm_plus_frozen_pangenomefm_pair,length_bin,"bp[100,500)",19281,0.6574866448835641,0.2890710599187702,0.8758542634120359,0.9295433407474372,0.7951351071002541,0.796051292489314,0.9255344324366964,0.8559235482929676,0.4326055638345643,0.1420074576636423,0.0844921293130419,T
fold_a,42,1hop,coordinate_plus_frozen_sequence_fm_plus_frozen_pangenomefm_pair,length_bin,"bp[1000,10000)",4713,0.5987693613409718,0.2890710599187702,0.9147919328416412,0.9399021616535486,0.7986420538934861,0.7646227747951398,0.9588944011339476,0.8508096211287534,0.3650544720185979,0.1158287383008625,0.0294175587789842,T
fold_a,42,1hop,coordinate_plus_frozen_sequence_fm_plus_frozen_pangenomefm_pair,length_bin,"bp[10000,100000)",662,0.6525679758308157,0.2890710599187702,0.8226600241545894,0.8951436603878382,0.7356495468277946,0.7290552584670231,0.9467592592592592,0.823766364551863,0.4918534092623983,0.1614321528803417,0.0560301622784831,T
fold_a,42,1hop,coordinate_plus_frozen_sequence_fm_plus_frozen_pangenomefm_pair,length_bin,"bp[100000,1e+06)",37,0.5675675675675675,0.2890710599187702,0.4880952380952381,0.6305618823569712,0.5405405405405406,0.5588235294117647,0.9047619047619048,0.6909090909090909,1.0055242964031663,0.3322971086253335,0.3134990028168364,T
fold_a,42,1hop,coordinate_plus_frozen_sequence_fm_plus_frozen_pangenomefm_pair,length_bin,"bp[50,100)",15326,0.5807125146809343,0.2890710599187702,0.835162332098882,0.8707111167274219,0.7487929009526295,0.7393818733409178,0.8762921348314606,0.8020361990950227,0.510942308551113,0.1718220219408301,0.0868661650810124,T
fold_a,42,1hop,coordinate_plus_frozen_sequence_fm_plus_frozen_pangenomefm_pair,length_bin,"bp[500,1000)",3194,0.6546649968691296,0.2890710599187702,0.9109881619321766,0.9511608926575168,0.8049467752035065,0.7885220125786163,0.959349593495935,0.8655879180151025,0.3639743141969645,0.1161662602953866,0.0451050046524573,T
fold_a,42,1hop,coordinate_plus_frozen_sequence_fm_plus_frozen_pangenomefm_pair,allele_frequency_bin,"af[0.001,0.01)",11561,0.6030620188565003,0.2890710599187702,0.8040339298232058,0.8598314176613632,0.7248507914540264,0.7187031268028152,0.8934308663224326,0.796598247969819,0.5352656061878337,0.1810590154908291,0.0627763735111094,T
fold_a,42,1hop,coordinate_plus_frozen_sequence_fm_plus_frozen_pangenomefm_pair,allele_frequency_bin,"af[0.01,0.05)",14805,0.6430935494765282,0.2890710599187702,0.8614393748994712,0.9170759136071716,0.7784532252617359,0.7809995497523639,0.9109337254490074,0.8409774071560167,0.4592589263815267,0.1519599435755723,0.0849105537751974,T
fold_a,42,1hop,coordinate_plus_frozen_sequence_fm_plus_frozen_pangenomefm_pair,allele_frequency_bin,"af[0.05,0.5)",14697,0.6236646934748589,0.2890710599187702,0.8973781778564024,0.9341063098194486,0.8036333945703205,0.792364990689013,0.9284311586297184,0.8550185873605948,0.4028830452511792,0.130768027868119,0.0697276358100598,T
fold_a,42,1hop,coordinate_plus_frozen_sequence_fm_plus_frozen_pangenomefm_pair,allele_frequency_bin,"af[0.5,1)",2154,0.5979572887650882,0.2890710599187702,0.9724127852767775,0.977848962770587,0.8992571959145775,0.8675360329444063,0.9813664596273292,0.9209471766848816,0.2365299970287727,0.0662419719778036,0.0698787942580582,T
fold_a,42,1hop,coordinate_plus_frozen_sequence_fm_plus_frozen_pangenomefm_pair,breakpoint_mapping_distance,overlap,43217,0.623527778420529,0.2890710599187702,0.8672328212207582,0.9135993101302516,0.7786981974685887,0.7718727517282368,0.9157234571566408,0.8376671871817503,0.4493183656402019,0.1482651076183853,0.0705724853716337,T
fold_a,42,1hop,coordinate_plus_frozen_sequence_fm_plus_topology_control_pair,chromosome,chr12,7786,0.6203442075520165,0.2583653300249253,0.8638454755320967,0.9055524522221448,0.7789622399178012,0.7654089124124979,0.9281573498964804,0.8389632263497707,0.4604170093588839,0.1494512289437633,0.0699032998890107,T
fold_a,42,1hop,coordinate_plus_frozen_sequence_fm_plus_topology_control_pair,chromosome,chr17,6605,0.6183194549583648,0.2583653300249253,0.8479176484620277,0.8976810747639489,0.7598788796366389,0.7504009623095429,0.9165034280117532,0.8251763668430335,0.4855067042608592,0.15996797932921,0.0764790381774177,T
fold_a,42,1hop,coordinate_plus_frozen_sequence_fm_plus_topology_control_pair,chromosome,chr2,13840,0.619942196531792,0.2583653300249253,0.838856457230982,0.885959234934831,0.7552023121387283,0.7444904878508194,0.9213286713286714,0.8235232836753829,0.4914359819727204,0.1616223571790352,0.0658588564466052,T
fold_a,42,1hop,coordinate_plus_frozen_sequence_fm_plus_topology_control_pair,chromosome,chr22,3884,0.6251287332646756,0.2583653300249253,0.8402573795644224,0.8921177598050447,0.7551493305870237,0.7482352941176471,0.9168039538714992,0.8239866740699612,0.4952980219240452,0.162786077557213,0.077240637329877,T
fold_a,42,1hop,coordinate_plus_frozen_sequence_fm_plus_topology_control_pair,chromosome,chr7,11102,0.6327688704737885,0.2583653300249253,0.8483793557645223,0.9031366878527586,0.7695009908124663,0.7621507396102372,0.9241281138790036,0.8353599691179309,0.4817875611037369,0.1584612778798426,0.0795252551078568,T
fold_a,42,1hop,coordinate_plus_frozen_sequence_fm_plus_topology_control_pair,sv_class,DEL,16270,0.0,0.2583653300249253,,,0.501720958819914,0.0,0.0,0.0,0.4976750464237282,0.1674768302392485,0.3248813517720897,T
fold_a,42,1hop,coordinate_plus_frozen_sequence_fm_plus_topology_control_pair,sv_class,INS,26947,1.0,0.2583653300249253,,,0.9221434668052102,1.0,0.9221434668052102,0.9594949416943394,0.4738346614549418,0.1530307418133772,0.3122244699163644,T
fold_a,42,1hop,coordinate_plus_frozen_sequence_fm_plus_topology_control_pair,length_bin,bp>=1e+06,4,1.0,0.2583653300249253,,,1.0,1.0,1.0,1.0,0.1967844583406448,0.0366865913793989,0.1752448260028081,T
fold_a,42,1hop,coordinate_plus_frozen_sequence_fm_plus_topology_control_pair,length_bin,"bp[100,500)",19281,0.6574866448835641,0.2583653300249253,0.8584353011389015,0.9126339535127856,0.7827394844665733,0.781245858184228,0.9299518813599432,0.8491374653365505,0.4645699400785627,0.151067774148673,0.0909161202227987,T
fold_a,42,1hop,coordinate_plus_frozen_sequence_fm_plus_topology_control_pair,length_bin,"bp[1000,10000)",4713,0.5987693613409718,0.2583653300249253,0.9037592182897763,0.9351827996236566,0.7604498196477827,0.723292007385914,0.9716513111268604,0.8292756691365493,0.4006763898418203,0.1265876463818364,0.0706301526645888,T
fold_a,42,1hop,coordinate_plus_frozen_sequence_fm_plus_topology_control_pair,length_bin,"bp[10000,100000)",662,0.6525679758308157,0.2583653300249253,0.8303190418679549,0.8956676715483812,0.7145015105740181,0.7035175879396985,0.9722222222222222,0.8163265306122449,0.4806482982721986,0.1570426758174174,0.0731894626468976,T
fold_a,42,1hop,coordinate_plus_frozen_sequence_fm_plus_topology_control_pair,length_bin,"bp[100000,1e+06)",37,0.5675675675675675,0.2583653300249253,0.6696428571428572,0.7305305876681643,0.6216216216216216,0.6,1.0,0.75,0.6979526262393537,0.2486391049385381,0.2401401801431515,T
fold_a,42,1hop,coordinate_plus_frozen_sequence_fm_plus_topology_control_pair,length_bin,"bp[50,100)",15326,0.5807125146809343,0.2583653300249253,0.81035282402599,0.8422738443944622,0.7393318543651312,0.726642639312448,0.8834831460674157,0.7974240657167486,0.547806355332996,0.1838329324517753,0.0900387148497491,T
fold_a,42,1hop,coordinate_plus_frozen_sequence_fm_plus_topology_control_pair,length_bin,"bp[500,1000)",3194,0.6546649968691296,0.2583653300249253,0.8923836257188236,0.9399363632002048,0.7842830306825297,0.7677616501145913,0.9612625538020086,0.8536844340624337,0.4005491632020028,0.1278929021553564,0.0496055977567038,T
fold_a,42,1hop,coordinate_plus_frozen_sequence_fm_plus_topology_control_pair,allele_frequency_bin,"af[0.001,0.01)",11561,0.6030620188565003,0.2583653300249253,0.7904499422213337,0.8446657143109331,0.7147305596401695,0.7007650273224044,0.9196787148594378,0.7954348095769755,0.5470980085129115,0.1839750306569728,0.059493202417176,T
fold_a,42,1hop,coordinate_plus_frozen_sequence_fm_plus_topology_control_pair,allele_frequency_bin,"af[0.01,0.05)",14805,0.6430935494765282,0.2583653300249253,0.8425136721161661,0.9012234907935176,0.7659574468085106,0.7658005617977528,0.916290305640164,0.8343135848515277,0.490539053762849,0.1615642684377022,0.0876623091317942,T
fold_a,42,1hop,coordinate_plus_frozen_sequence_fm_plus_topology_control_pair,allele_frequency_bin,"af[0.05,0.5)",14697,0.6236646934748589,0.2583653300249253,0.8728232058664603,0.9153235702880212,0.7842416819759135,0.7739694726259025,0.9238490072005237,0.8422937285522455,0.4516130697680895,0.1462506117360466,0.0787880444448574,T
fold_a,42,1hop,coordinate_plus_frozen_sequence_fm_plus_topology_control_pair,allele_frequency_bin,"af[0.5,1)",2154,0.5979572887650882,0.2583653300249253,0.9590992712980362,0.9656863431708188,0.8741875580315692,0.845213849287169,0.966614906832298,0.9018471568272364,0.2974965523593385,0.0836712457323716,0.0880593761731515,T
fold_a,42,1hop,coordinate_plus_frozen_sequence_fm_plus_topology_control_pair,breakpoint_mapping_distance,overlap,43217,0.623527778420529,0.2583653300249253,0.8473630520462792,0.8962608313829933,0.7638660712219728,0.7540053404539386,0.9221434668052102,0.829641253359598,0.4828099041474506,0.1584692928161984,0.0723718258440976,T
fold_a,42,1hop,coordinate_plus_frozen_sequence_fm_plus_topology_control_plus_frozen_pangenomefm_pair,chromosome,chr12,7786,0.6203442075520165,0.2511676700545828,0.8907445151385259,0.9281425068644388,0.7974569740559979,0.7795153806495961,0.9391304347826088,0.8519109775565781,0.4107221713878703,0.1339023646416395,0.06448750783045,T
fold_a,42,1hop,coordinate_plus_frozen_sequence_fm_plus_topology_control_plus_frozen_pangenomefm_pair,chromosome,chr17,6605,0.6183194549583648,0.2511676700545828,0.8718674981283565,0.916101755411728,0.7751703255109765,0.7588129854610636,0.9329089128305584,0.8369028006589786,0.4421587290887332,0.1458260562870743,0.0669023880472066,T
fold_a,42,1hop,coordinate_plus_frozen_sequence_fm_plus_topology_control_plus_frozen_pangenomefm_pair,chromosome,chr2,13840,0.619942196531792,0.2511676700545828,0.86497822994496,0.9101538423134456,0.7716763005780347,0.7542213883677298,0.9370629370629372,0.8357588357588358,0.4491796107315483,0.1485300045749337,0.0616997718946078,T
fold_a,42,1hop,coordinate_plus_frozen_sequence_fm_plus_topology_control_plus_frozen_pangenomefm_pair,chromosome,chr22,3884,0.6251287332646756,0.2511676700545828,0.8691377609211217,0.9139032848409836,0.7798661174047374,0.7676080299421572,0.929159802306425,0.8406931246506428,0.4518480581901044,0.1485407350095924,0.0793250918296822,T
fold_a,42,1hop,coordinate_plus_frozen_sequence_fm_plus_topology_control_plus_frozen_pangenomefm_pair,chromosome,chr7,11102,0.6327688704737885,0.2511676700545828,0.8717640055270561,0.9212750583503824,0.7825617005944875,0.7719070645123246,0.9316725978647686,0.8442982456140351,0.4442261969173279,0.1460913694191352,0.074256049738747,T
fold_a,42,1hop,coordinate_plus_frozen_sequence_fm_plus_topology_control_plus_frozen_pangenomefm_pair,sv_class,DEL,16270,0.0,0.2511676700545828,,,0.5248309772587585,0.0,0.0,0.0,0.4483257663746595,0.1497287824566049,0.2929780765092202,T
fold_a,42,1hop,coordinate_plus_frozen_sequence_fm_plus_topology_control_plus_frozen_pangenomefm_pair,sv_class,INS,26947,1.0,0.2511676700545828,,,0.9346866070434556,1.0,0.9346866070434556,0.9662408409099628,0.4352062909360039,0.1419138116930474,0.2849273761685784,T
fold_a,42,1hop,coordinate_plus_frozen_sequence_fm_plus_topology_control_plus_frozen_pangenomefm_pair,length_bin,bp>=1e+06,4,1.0,0.2511676700545828,,,1.0,1.0,1.0,1.0,0.0900434755960096,0.0082950499333098,0.0855920117604708,T
fold_a,42,1hop,coordinate_plus_frozen_sequence_fm_plus_topology_control_plus_frozen_pangenomefm_pair,length_bin,"bp[100,500)",19281,0.6574866448835641,0.2511676700545828,0.880877393909629,0.932611937940599,0.7967429075255433,0.7885857387636747,0.9439141752780628,0.8592869196797243,0.4229521690333834,0.1384774447855284,0.0795625452474295,T
fold_a,42,1hop,coordinate_plus_frozen_sequence_fm_plus_topology_control_plus_frozen_pangenomefm_pair,length_bin,"bp[1000,10000)",4713,0.5987693613409718,0.2511676700545828,0.9212893818719056,0.9439180452020124,0.8037343517929132,0.7653146853146853,0.969525159461375,0.8554009692043145,0.3519472387061942,0.1108722183539032,0.0342586532244313,T
fold_a,42,1hop,coordinate_plus_frozen_sequence_fm_plus_topology_control_plus_frozen_pangenomefm_pair,length_bin,"bp[10000,100000)",662,0.6525679758308157,0.2511676700545828,0.8430002012882447,0.9034098230383965,0.7462235649546828,0.737410071942446,0.949074074074074,0.8299595141700404,0.4652118495203152,0.1499347620610154,0.0385556189678059,T
fold_a,42,1hop,coordinate_plus_frozen_sequence_fm_plus_topology_control_plus_frozen_pangenomefm_pair,length_bin,"bp[100000,1e+06)",37,0.5675675675675675,0.2511676700545828,0.5595238095238095,0.6799961945747321,0.5675675675675675,0.5714285714285714,0.9523809523809524,0.7142857142857143,0.893327998414952,0.2986342360127731,0.2769492572157041,T
fold_a,42,1hop,coordinate_plus_frozen_sequence_fm_plus_topology_control_plus_frozen_pangenomefm_pair,length_bin,"bp[50,100)",15326,0.5807125146809343,0.2511676700545828,0.8398431669796509,0.874604135462898,0.7498368785071121,0.7308182977947877,0.901123595505618,0.8070846331890913,0.5039426998970712,0.1691065407901867,0.0825130472425534,T
fold_a,42,1hop,coordinate_plus_frozen_sequence_fm_plus_topology_control_plus_frozen_pangenomefm_pair,length_bin,"bp[500,1000)",3194,0.6546649968691296,0.2511676700545828,0.9133607183226652,0.9527248142827516,0.8030682529743268,0.7811538461538462,0.9713055954088952,0.8659134512897037,0.3579482344284758,0.1144796783602977,0.0440736727361462,T
fold_a,42,1hop,coordinate_plus_frozen_sequence_fm_plus_topology_control_plus_frozen_pangenomefm_pair,allele_frequency_bin,"af[0.001,0.01)",11561,0.6030620188565003,0.2511676700545828,0.8105346548851446,0.8644782708895999,0.7277052158117809,0.7134405001116321,0.9166666666666666,0.8023854362837414,0.5268674154855599,0.1778450993577539,0.0613605731730046,T
fold_a,42,1hop,coordinate_plus_frozen_sequence_fm_plus_topology_control_plus_frozen_pangenomefm_pair,allele_frequency_bin,"af[0.01,0.05)",14805,0.6430935494765282,0.2511676700545828,0.8671431894324042,0.92050168271757,0.7804795677136103,0.7738188804471225,0.930679550467388,0.8450314705321381,0.4497997929637705,0.1484538000344585,0.0811476119300535,T
fold_a,42,1hop,coordinate_plus_frozen_sequence_fm_plus_topology_control_plus_frozen_pangenomefm_pair,allele_frequency_bin,"af[0.05,0.5)",14697,0.6236646934748589,0.2511676700545828,0.902280643174667,0.9376073854243792,0.8046540110226577,0.7852288173991844,0.9453414793803184,0.8578783228553042,0.3937189230432978,0.1273374165139055,0.0671316492006112,T
fold_a,42,1hop,coordinate_plus_frozen_sequence_fm_plus_topology_control_plus_frozen_pangenomefm_pair,allele_frequency_bin,"af[0.5,1)",2154,0.5979572887650882,0.2511676700545828,0.97574878430135,0.981267269472472,0.8969359331476323,0.8616010854816825,0.9860248447204968,0.9196234612599564,0.2251053869747827,0.0625975211566804,0.0651491176502918,T
fold_a,42,1hop,coordinate_plus_frozen_sequence_fm_plus_topology_control_plus_frozen_pangenomefm_pair,breakpoint_mapping_distance,overlap,43217,0.623527778420529,0.2511676700545828,0.8728794821330743,0.9175080846621128,0.7803873475715575,0.7651436903821618,0.9346866070434556,0.8414599515576714,0.4401454090003519,0.1448559310979825,0.0673620265360776,T
fold_a,42,1hop,coordinate_plus_frozen_sequence_fm_pair,chromosome,chr12,7786,0.6203442075520165,0.2842584257938669,0.8009250582035485,0.8665109989325679,0.7170562548163371,0.7117523778816701,0.91407867494824,0.8003262938457355,0.5390134319631459,0.1816763008034508,0.081671562766565,Q
fold_a,42,1hop,coordinate_plus_frozen_sequence_fm_pair,chromosome,chr17,6605,0.6183194549583648,0.2842584257938669,0.7951545412268579,0.8659233781833762,0.703557910673732,0.7019376899696048,0.9047502448579824,0.790543431750107,0.5470371321962507,0.1855453018953495,0.090134602392525,Q
fold_a,42,1hop,coordinate_plus_frozen_sequence_fm_pair,chromosome,chr2,13840,0.619942196531792,0.2842584257938669,0.7881056839231745,0.8531575928948311,0.7114884393063584,0.7073126638344029,0.912004662004662,0.7967214783892481,0.5542411924874462,0.1876086257861152,0.0870978368930423,Q
fold_a,42,1hop,coordinate_plus_frozen_sequence_fm_pair,chromosome,chr22,3884,0.6251287332646756,0.2842584257938669,0.7829407258721509,0.8552344754706989,0.6979917610710608,0.6990168093878846,0.9077429983525536,0.7898226124350475,0.5590276180979277,0.1892945520365173,0.0861043497104808,Q
fold_a,42,1hop,coordinate_plus_frozen_sequence_fm_pair,chromosome,chr7,11102,0.6327688704737885,0.2842584257938669,0.7919040673441937,0.8685158068173873,0.7157268960547649,0.7169938306225463,0.9098932384341636,0.8020075282308657,0.5480793774750392,0.1859678094233906,0.0946949197585217,Q
fold_a,42,1hop,coordinate_plus_frozen_sequence_fm_pair,sv_class,DEL,16270,0.0,0.2842584257938669,,,0.3812538414259373,0.0,0.0,0.0,0.5516176522040234,0.1846348365419722,0.3768754469010318,Q
fold_a,42,1hop,coordinate_plus_frozen_sequence_fm_pair,sv_class,INS,26947,1.0,0.2842584257938669,,,0.9103425242141984,1.0,0.9103425242141984,0.9530673297330898,0.5478108234500435,0.1867513136061422,0.3686057554655338,Q
fold_a,42,1hop,coordinate_plus_frozen_sequence_fm_pair,length_bin,bp>=1e+06,4,1.0,0.2842584257938669,,,1.0,1.0,1.0,1.0,0.4880686526098495,0.1609551788453583,0.3698240869172646,Q
fold_a,42,1hop,coordinate_plus_frozen_sequence_fm_pair,length_bin,"bp[100,500)",19281,0.6574866448835641,0.2842584257938669,0.8233739563349297,0.8931706006828379,0.7522950054457757,0.7564427134047387,0.9192237911177724,0.8299266434014672,0.5244329294627126,0.1755571744157366,0.1229337863930405,Q
fold_a,42,1hop,coordinate_plus_frozen_sequence_fm_pair,length_bin,"bp[1000,10000)",4713,0.5987693613409718,0.2842584257938669,0.8173090220714256,0.8858439945191616,0.6293231487375345,0.6215788283193847,0.973777462792346,0.7588016015463206,0.5236135565379959,0.177772667028592,0.0882554647735981,Q
fold_a,42,1hop,coordinate_plus_frozen_sequence_fm_pair,length_bin,"bp[10000,100000)",662,0.6525679758308157,0.2842584257938669,0.7225593800322061,0.8443206221695498,0.6555891238670695,0.6588785046728972,0.9791666666666666,0.7877094972067039,0.5848062081607177,0.2032837016376177,0.0743768445487384,Q
fold_a,42,1hop,coordinate_plus_frozen_sequence_fm_pair,length_bin,"bp[100000,1e+06)",37,0.5675675675675675,0.2842584257938669,0.6934523809523809,0.8024519170080844,0.5945945945945946,0.5833333333333334,1.0,0.7368421052631579,0.6481207775435268,0.2300741721837086,0.2969084455739627,Q
fold_a,42,1hop,coordinate_plus_frozen_sequence_fm_pair,length_bin,"bp[50,100)",15326,0.5807125146809343,0.2842584257938669,0.7533577600828096,0.8006111054774561,0.6832833094088477,0.6786786786786787,0.863370786516854,0.7599643952131342,0.6054759593782005,0.2084165581415911,0.1010201917157842,Q
fold_a,42,1hop,coordinate_plus_frozen_sequence_fm_pair,length_bin,"bp[500,1000)",3194,0.6546649968691296,0.2842584257938669,0.8617654212913524,0.9284001881326832,0.7298058860363181,0.721820809248555,0.9555236728837876,0.8223914385676065,0.4585774731751407,0.148939709774178,0.0589320847031526,Q
fold_a,42,1hop,coordinate_plus_frozen_sequence_fm_pair,allele_frequency_bin,"af[0.001,0.01)",11561,0.6030620188565003,0.2842584257938669,0.7376557876745595,0.8110911823087679,0.6677623042989361,0.6639095382682442,0.909495123350545,0.7675361617139744,0.595308117498797,0.205139487778281,0.0592755537885125,Q
fold_a,42,1hop,coordinate_plus_frozen_sequence_fm_pair,allele_frequency_bin,"af[0.01,0.05)",14805,0.6430935494765282,0.2842584257938669,0.7901848962741511,0.8711548901611736,0.7187436676798379,0.7246498364505577,0.9074677029723768,0.8058198097369894,0.5530990106155552,0.1877149844713106,0.1065767625112799,Q
fold_a,42,1hop,coordinate_plus_frozen_sequence_fm_pair,allele_frequency_bin,"af[0.05,0.5)",14697,0.6236646934748589,0.2842584257938669,0.8144202338332813,0.8786567607957563,0.7236170647070831,0.721335646140503,0.9073750818241326,0.8037301894085813,0.5308696702327849,0.1783068797776593,0.096053314349874,Q
fold_a,42,1hop,coordinate_plus_frozen_sequence_fm_pair,allele_frequency_bin,"af[0.5,1)",2154,0.5979572887650882,0.2842584257938669,0.9161015520778046,0.9293122978386904,0.8068709377901578,0.773525721455458,0.9572981366459627,0.8556557945870923,0.4008811136906484,0.1230651174038456,0.0985188844200562,Q
fold_a,42,1hop,coordinate_plus_frozen_sequence_fm_pair,breakpoint_mapping_distance,overlap,43217,0.623527778420529,0.2842584257938669,0.7921017146521927,0.8617182305006181,0.7111553323923456,0.7090294236661079,0.9103425242141984,0.7971728003899585,0.5492439887282269,0.1859545187838721,0.0879527910648576,Q
fold_a,42,1hop,coordinate_plus_frozen_sequence_fm_plus_frozen_pangenomefm_pair,chromosome,chr12,7786,0.6203442075520165,0.2347264156885961,0.8469710691242431,0.8974803716330636,0.7442846134086822,0.7233674272226593,0.95175983436853,0.8219937416182387,0.4723112338984943,0.1573287141371969,0.0670394706881522,Q
fold_a,42,1hop,coordinate_plus_frozen_sequence_fm_plus_frozen_pangenomefm_pair,chromosome,chr17,6605,0.6183194549583648,0.2347264156885961,0.8376788259715355,0.8965487204323079,0.732778198334595,0.7154003343860301,0.9429480901077376,0.8135629027146931,0.4904119980800458,0.1650604849036883,0.0842277471918241,Q
fold_a,42,1hop,coordinate_plus_frozen_sequence_fm_plus_frozen_pangenomefm_pair,chromosome,chr2,13840,0.619942196531792,0.2347264156885961,0.8333173907841208,0.8872437194573919,0.7393063583815029,0.7179172510518934,0.9545454545454546,0.8194916950170102,0.4895740156563523,0.1643044919471887,0.0704694045442022,Q
fold_a,42,1hop,coordinate_plus_frozen_sequence_fm_plus_frozen_pangenomefm_pair,chromosome,chr22,3884,0.6251287332646756,0.2347264156885961,0.8223450766696236,0.8836355470520555,0.729145211122554,0.7128712871287128,0.9489291598023064,0.8141342756183746,0.5081059926797064,0.1708657411300179,0.0803761803389088,Q
fold_a,42,1hop,coordinate_plus_frozen_sequence_fm_plus_frozen_pangenomefm_pair,chromosome,chr7,11102,0.6327688704737885,0.2347264156885961,0.8374859750514343,0.8973770718670722,0.7460817870653936,0.7306932865291794,0.948185053380783,0.8253515891208724,0.4872918000415903,0.1633033026146285,0.0827570090791354,Q
fold_a,42,1hop,coordinate_plus_frozen_sequence_fm_plus_frozen_pangenomefm_pair,sv_class,DEL,16270,0.0,0.2347264156885961,,,0.3920712968653964,0.0,0.0,0.0,0.4981432960754305,0.166857166604303,0.3318281782080181,Q
fold_a,42,1hop,coordinate_plus_frozen_sequence_fm_plus_frozen_pangenomefm_pair,sv_class,INS,26947,1.0,0.2347264156885961,,,0.9501243181059116,1.0,0.9501243181059116,0.9744243577545196,0.4813484507967029,0.1614662019198705,0.3214980902666193,Q
fold_a,42,1hop,coordinate_plus_frozen_sequence_fm_plus_frozen_pangenomefm_pair,length_bin,bp>=1e+06,4,1.0,0.2347264156885961,,,1.0,1.0,1.0,1.0,0.295593489615606,0.0662193819933479,0.2552009441109245,Q
fold_a,42,1hop,coordinate_plus_frozen_sequence_fm_plus_frozen_pangenomefm_pair,length_bin,"bp[100,500)",19281,0.6574866448835641,0.2347264156885961,0.8501334728350732,0.9135705397984812,0.7620455370572066,0.7489689135118498,0.9597696615918592,0.8413664338565797,0.466374266927731,0.1552972478304702,0.0921969418202917,Q
fold_a,42,1hop,coordinate_plus_frozen_sequence_fm_plus_frozen_pangenomefm_pair,length_bin,"bp[1000,10000)",4713,0.5987693613409718,0.2347264156885961,0.8937584724689032,0.9260148514689128,0.7506895820072141,0.7116422513492675,0.981218993621545,0.8249664829435424,0.4057889142849673,0.1306716782808051,0.0499476831059681,Q
fold_a,42,1hop,coordinate_plus_frozen_sequence_fm_plus_frozen_pangenomefm_pair,length_bin,"bp[10000,100000)",662,0.6525679758308157,0.2347264156885961,0.7812449677938809,0.8686958106881895,0.7145015105740181,0.7008264462809918,0.9814814814814816,0.8177434908389586,0.5302295704775887,0.1774750390333565,0.0565773056907201,Q
fold_a,42,1hop,coordinate_plus_frozen_sequence_fm_plus_frozen_pangenomefm_pair,length_bin,"bp[100000,1e+06)",37,0.5675675675675675,0.2347264156885961,0.6130952380952381,0.6651612887268117,0.5945945945945946,0.5882352941176471,0.9523809523809524,0.7272727272727273,0.8689112387791313,0.2927905968993355,0.3030169836990193,Q
fold_a,42,1hop,coordinate_plus_frozen_sequence_fm_plus_frozen_pangenomefm_pair,length_bin,"bp[50,100)",15326,0.5807125146809343,0.2347264156885961,0.7955301496378826,0.8374488105070931,0.705663578233068,0.6836555360281195,0.917865168539326,0.7836347067005611,0.555355097548533,0.1902449660842109,0.0970654476431029,Q
fold_a,42,1hop,coordinate_plus_frozen_sequence_fm_plus_frozen_pangenomefm_pair,length_bin,"bp[500,1000)",3194,0.6546649968691296,0.2347264156885961,0.890172361539092,0.9396251050417844,0.7629931120851596,0.7411424439624006,0.9803921568627452,0.84414247477867,0.3992881799089253,0.1287955644865639,0.0458270248914075,Q
fold_a,42,1hop,coordinate_plus_frozen_sequence_fm_plus_frozen_pangenomefm_pair,allele_frequency_bin,"af[0.001,0.01)",11561,0.6030620188565003,0.2347264156885961,0.7846215981817878,0.8453892712580918,0.7022748897154225,0.6826743945352929,0.9460699942627654,0.7930744258747144,0.5470000907371735,0.186463801946424,0.0620636304938656,Q
fold_a,42,1hop,coordinate_plus_frozen_sequence_fm_plus_frozen_pangenomefm_pair,allele_frequency_bin,"af[0.01,0.05)",14805,0.6430935494765282,0.2347264156885961,0.8348898021434112,0.9008695175132292,0.7445457615670381,0.7330842336122168,0.9479046318664006,0.8267680469036277,0.4909612771726726,0.1647144356883735,0.0900176662951682,Q
fold_a,42,1hop,coordinate_plus_frozen_sequence_fm_plus_frozen_pangenomefm_pair,allele_frequency_bin,"af[0.05,0.5)",14697,0.6236646934748589,0.2347264156885961,0.8575340414626101,0.9079132056725264,0.7512417500170103,0.7308143431635389,0.9516692123063496,0.8267462799734623,0.4623398621365386,0.1540282912387982,0.0825575324884816,Q
fold_a,42,1hop,coordinate_plus_frozen_sequence_fm_plus_frozen_pangenomefm_pair,allele_frequency_bin,"af[0.5,1)",2154,0.5979572887650882,0.2347264156885961,0.947561789049388,0.961544460166342,0.8351903435468895,0.7943217665615142,0.9774844720496896,0.876435781413157,0.3194658400145873,0.0964423457665583,0.0797802751649716,Q
fold_a,42,1hop,coordinate_plus_frozen_sequence_fm_plus_frozen_pangenomefm_pair,breakpoint_mapping_distance,overlap,43217,0.623527778420529,0.2347264156885961,0.8366120830552467,0.8928192128231888,0.7400328574403591,0.7213331830731955,0.9501243181059116,0.8200701462180299,0.4876712435098689,0.1634957503710753,0.0758714470977671,Q
fold_a,42,1hop,coordinate_plus_frozen_sequence_fm_plus_topology_control_pair,chromosome,chr12,7786,0.6203442075520165,0.2583653300249253,0.8638454755320967,0.9055524522221448,0.7789622399178012,0.7654089124124979,0.9281573498964804,0.8389632263497707,0.4604170093588839,0.1494512289437633,0.0699032998890107,Q
fold_a,42,1hop,coordinate_plus_frozen_sequence_fm_plus_topology_control_pair,chromosome,chr17,6605,0.6183194549583648,0.2583653300249253,0.8479176484620277,0.8976810747639489,0.7598788796366389,0.7504009623095429,0.9165034280117532,0.8251763668430335,0.4855067042608592,0.15996797932921,0.0764790381774177,Q
fold_a,42,1hop,coordinate_plus_frozen_sequence_fm_plus_topology_control_pair,chromosome,chr2,13840,0.619942196531792,0.2583653300249253,0.838856457230982,0.885959234934831,0.7552023121387283,0.7444904878508194,0.9213286713286714,0.8235232836753829,0.4914359819727204,0.1616223571790352,0.0658588564466052,Q
fold_a,42,1hop,coordinate_plus_frozen_sequence_fm_plus_topology_control_pair,chromosome,chr22,3884,0.6251287332646756,0.2583653300249253,0.8402573795644224,0.8921177598050447,0.7551493305870237,0.7482352941176471,0.9168039538714992,0.8239866740699612,0.4952980219240452,0.162786077557213,0.077240637329877,Q
fold_a,42,1hop,coordinate_plus_frozen_sequence_fm_plus_topology_control_pair,chromosome,chr7,11102,0.6327688704737885,0.2583653300249253,0.8483793557645223,0.9031366878527586,0.7695009908124663,0.7621507396102372,0.9241281138790036,0.8353599691179309,0.4817875611037369,0.1584612778798426,0.0795252551078568,Q
fold_a,42,1hop,coordinate_plus_frozen_sequence_fm_plus_topology_control_pair,sv_class,DEL,16270,0.0,0.2583653300249253,,,0.501720958819914,0.0,0.0,0.0,0.4976750464237282,0.1674768302392485,0.3248813517720897,Q
fold_a,42,1hop,coordinate_plus_frozen_sequence_fm_plus_topology_control_pair,sv_class,INS,26947,1.0,0.2583653300249253,,,0.9221434668052102,1.0,0.9221434668052102,0.9594949416943394,0.4738346614549418,0.1530307418133772,0.3122244699163644,Q
fold_a,42,1hop,coordinate_plus_frozen_sequence_fm_plus_topology_control_pair,length_bin,bp>=1e+06,4,1.0,0.2583653300249253,,,1.0,1.0,1.0,1.0,0.1967844583406448,0.0366865913793989,0.1752448260028081,Q
fold_a,42,1hop,coordinate_plus_frozen_sequence_fm_plus_topology_control_pair,length_bin,"bp[100,500)",19281,0.6574866448835641,0.2583653300249253,0.8584353011389015,0.9126339535127856,0.7827394844665733,0.781245858184228,0.9299518813599432,0.8491374653365505,0.4645699400785627,0.151067774148673,0.0909161202227987,Q
fold_a,42,1hop,coordinate_plus_frozen_sequence_fm_plus_topology_control_pair,length_bin,"bp[1000,10000)",4713,0.5987693613409718,0.2583653300249253,0.9037592182897763,0.9351827996236566,0.7604498196477827,0.723292007385914,0.9716513111268604,0.8292756691365493,0.4006763898418203,0.1265876463818364,0.0706301526645888,Q
fold_a,42,1hop,coordinate_plus_frozen_sequence_fm_plus_topology_control_pair,length_bin,"bp[10000,100000)",662,0.6525679758308157,0.2583653300249253,0.8303190418679549,0.8956676715483812,0.7145015105740181,0.7035175879396985,0.9722222222222222,0.8163265306122449,0.4806482982721986,0.1570426758174174,0.0731894626468976,Q
fold_a,42,1hop,coordinate_plus_frozen_sequence_fm_plus_topology_control_pair,length_bin,"bp[100000,1e+06)",37,0.5675675675675675,0.2583653300249253,0.6696428571428572,0.7305305876681643,0.6216216216216216,0.6,1.0,0.75,0.6979526262393537,0.2486391049385381,0.2401401801431515,Q
fold_a,42,1hop,coordinate_plus_frozen_sequence_fm_plus_topology_control_pair,length_bin,"bp[50,100)",15326,0.5807125146809343,0.2583653300249253,0.81035282402599,0.8422738443944622,0.7393318543651312,0.726642639312448,0.8834831460674157,0.7974240657167486,0.547806355332996,0.1838329324517753,0.0900387148497491,Q
fold_a,42,1hop,coordinate_plus_frozen_sequence_fm_plus_topology_control_pair,length_bin,"bp[500,1000)",3194,0.6546649968691296,0.2583653300249253,0.8923836257188236,0.9399363632002048,0.7842830306825297,0.7677616501145913,0.9612625538020086,0.8536844340624337,0.4005491632020028,0.1278929021553564,0.0496055977567038,Q
fold_a,42,1hop,coordinate_plus_frozen_sequence_fm_plus_topology_control_pair,allele_frequency_bin,"af[0.001,0.01)",11561,0.6030620188565003,0.2583653300249253,0.7904499422213337,0.8446657143109331,0.7147305596401695,0.7007650273224044,0.9196787148594378,0.7954348095769755,0.5470980085129115,0.1839750306569728,0.059493202417176,Q
fold_a,42,1hop,coordinate_plus_frozen_sequence_fm_plus_topology_control_pair,allele_frequency_bin,"af[0.01,0.05)",14805,0.6430935494765282,0.2583653300249253,0.8425136721161661,0.9012234907935176,0.7659574468085106,0.7658005617977528,0.916290305640164,0.8343135848515277,0.490539053762849,0.1615642684377022,0.0876623091317942,Q
fold_a,42,1hop,coordinate_plus_frozen_sequence_fm_plus_topology_control_pair,allele_frequency_bin,"af[0.05,0.5)",14697,0.6236646934748589,0.2583653300249253,0.8728232058664603,0.9153235702880212,0.7842416819759135,0.7739694726259025,0.9238490072005237,0.8422937285522455,0.4516130697680895,0.1462506117360466,0.0787880444448574,Q
fold_a,42,1hop,coordinate_plus_frozen_sequence_fm_plus_topology_control_pair,allele_frequency_bin,"af[0.5,1)",2154,0.5979572887650882,0.2583653300249253,0.9590992712980362,0.9656863431708188,0.8741875580315692,0.845213849287169,0.966614906832298,0.9018471568272364,0.2974965523593385,0.0836712457323716,0.0880593761731515,Q
fold_a,42,1hop,coordinate_plus_frozen_sequence_fm_plus_topology_control_pair,breakpoint_mapping_distance,overlap,43217,0.623527778420529,0.2583653300249253,0.8473630520462792,0.8962608313829933,0.7638660712219728,0.7540053404539386,0.9221434668052102,0.829641253359598,0.4828099041474506,0.1584692928161984,0.0723718258440976,Q
fold_a,42,1hop,coordinate_plus_frozen_sequence_fm_plus_topology_control_plus_frozen_pangenomefm_pair,chromosome,chr12,7786,0.6203442075520165,0.2666239994380799,0.8711870372082468,0.9126093439938952,0.7807603390701259,0.7647956588095642,0.9337474120082816,0.8408688356483639,0.4414986132838096,0.1447879458930563,0.0656644594170155,Q
fold_a,42,1hop,coordinate_plus_frozen_sequence_fm_plus_topology_control_plus_frozen_pangenomefm_pair,chromosome,chr17,6605,0.6183194549583648,0.2666239994380799,0.855437828606017,0.9066319723866108,0.7585162755488266,0.7488502299540092,0.9169931439764936,0.8244358833241607,0.4672985101167062,0.155543510373277,0.0751562688287551,Q
fold_a,42,1hop,coordinate_plus_frozen_sequence_fm_plus_topology_control_plus_frozen_pangenomefm_pair,chromosome,chr2,13840,0.619942196531792,0.2666239994380799,0.8503505366623237,0.8980968246582846,0.7625,0.7495050438389743,0.9265734265734266,0.8286860895397926,0.4690458041180946,0.155753435814353,0.0645690357607245,Q
fold_a,42,1hop,coordinate_plus_frozen_sequence_fm_plus_topology_control_plus_frozen_pangenomefm_pair,chromosome,chr22,3884,0.6251287332646756,0.2666239994380799,0.8476899824845665,0.9010950326883786,0.761071060762101,0.7498334443704198,0.9271004942339374,0.829097605893186,0.4787778403573495,0.1588460732782948,0.0751256906542073,Q
fold_a,42,1hop,coordinate_plus_frozen_sequence_fm_plus_topology_control_plus_frozen_pangenomefm_pair,chromosome,chr7,11102,0.6327688704737885,0.2666239994380799,0.8596736488084795,0.9110821637418896,0.7753557917492344,0.7666235141814758,0.9272597864768684,0.839324829274578,0.4599439386730729,0.1519422696650333,0.0766935045797727,Q
fold_a,42,1hop,coordinate_plus_frozen_sequence_fm_plus_topology_control_plus_frozen_pangenomefm_pair,sv_class,DEL,16270,0.0,0.2666239994380799,,,0.5062077443146896,0.0,0.0,0.0,0.4775296144616179,0.1601471628954841,0.312601941433003,Q
fold_a,42,1hop,coordinate_plus_frozen_sequence_fm_plus_topology_control_plus_frozen_pangenomefm_pair,sv_class,INS,26947,1.0,0.2666239994380799,,,0.9266337625709726,1.0,0.9266337625709726,0.9619199876726312,0.4531885814060524,0.1487563836617823,0.2994549287889397,Q
fold_a,42,1hop,coordinate_plus_frozen_sequence_fm_plus_topology_control_plus_frozen_pangenomefm_pair,length_bin,bp>=1e+06,4,1.0,0.2666239994380799,,,1.0,1.0,1.0,1.0,0.1107274023016418,0.011126350134211,0.1047299645324674,Q
fold_a,42,1hop,coordinate_plus_frozen_sequence_fm_plus_topology_control_plus_frozen_pangenomefm_pair,length_bin,"bp[100,500)",19281,0.6574866448835641,0.2666239994380799,0.8672622497656083,0.9229407293384576,0.7847103366007987,0.7808670444063777,0.934921511398596,0.8509782803805421,0.442953824098476,0.1455255238567643,0.0822131732772229,Q
fold_a,42,1hop,coordinate_plus_frozen_sequence_fm_plus_topology_control_plus_frozen_pangenomefm_pair,length_bin,"bp[1000,10000)",4713,0.5987693613409718,0.2666239994380799,0.9123303491753434,0.9390838228792364,0.7886696371737747,0.7483677910772579,0.9748405386250886,0.8467220683287165,0.3710494485596288,0.1179200295282264,0.0495885375648785,Q
fold_a,42,1hop,coordinate_plus_frozen_sequence_fm_plus_topology_control_plus_frozen_pangenomefm_pair,length_bin,"bp[10000,100000)",662,0.6525679758308157,0.2666239994380799,0.8184631642512078,0.8851178502396544,0.7311178247734139,0.7159863945578231,0.9745370370370372,0.8254901960784313,0.4874783561456562,0.1593831793805292,0.0418893473935722,Q
fold_a,42,1hop,coordinate_plus_frozen_sequence_fm_plus_topology_control_plus_frozen_pangenomefm_pair,length_bin,"bp[100000,1e+06)",37,0.5675675675675675,0.2666239994380799,0.6101190476190477,0.6320402197397996,0.5675675675675675,0.5757575757575758,0.9047619047619048,0.7037037037037037,0.8403439259827866,0.2836996417850389,0.275404960859087,Q
fold_a,42,1hop,coordinate_plus_frozen_sequence_fm_plus_topology_control_plus_frozen_pangenomefm_pair,length_bin,"bp[50,100)",15326,0.5807125146809343,0.2666239994380799,0.8201007144430806,0.8545490928558496,0.7389403627822002,0.7248279027076641,0.8873033707865169,0.7978782520838595,0.5302295099836102,0.1792669460758411,0.0894413524766143,Q
fold_a,42,1hop,coordinate_plus_frozen_sequence_fm_plus_topology_control_plus_frozen_pangenomefm_pair,length_bin,"bp[500,1000)",3194,0.6546649968691296,0.2666239994380799,0.9013088949619164,0.9461541260833788,0.7905447714464621,0.7703422053231939,0.9689143950263032,0.8582927345901292,0.3793321916992379,0.1217907369254653,0.0437438211110578,Q
fold_a,42,1hop,coordinate_plus_frozen_sequence_fm_plus_topology_control_plus_frozen_pangenomefm_pair,allele_frequency_bin,"af[0.001,0.01)",11561,0.6030620188565003,0.2666239994380799,0.8006377532043938,0.8559287297025382,0.7226883487587579,0.7073788546255506,0.9212564543889844,0.8002741091452779,0.5310563571953736,0.1798033554208864,0.0545352461402195,Q
fold_a,42,1hop,coordinate_plus_frozen_sequence_fm_plus_topology_control_plus_frozen_pangenomefm_pair,allele_frequency_bin,"af[0.01,0.05)",14805,0.6430935494765282,0.2666239994380799,0.8531031467871214,0.9111310602785276,0.7691995947315097,0.7670166229221347,0.9208066379581976,0.8369051596582502,0.4688685184035435,0.1556322577873278,0.0829718147307824,Q
fold_a,42,1hop,coordinate_plus_frozen_sequence_fm_plus_topology_control_plus_frozen_pangenomefm_pair,allele_frequency_bin,"af[0.05,0.5)",14697,0.6236646934748589,0.2666239994380799,0.8823696111019741,0.9236932765783342,0.787575695720215,0.7742784534398257,0.930722234344316,0.8453230281411018,0.4290562898865431,0.1402377494176552,0.0756918195613273,Q
fold_a,42,1hop,coordinate_plus_frozen_sequence_fm_plus_topology_control_plus_frozen_pangenomefm_pair,allele_frequency_bin,"af[0.5,1)",2154,0.5979572887650882,0.2666239994380799,0.9633058037955616,0.9725532467887346,0.8765088207985144,0.8462059620596206,0.96972049689441,0.9037626628075254,0.2759973433039535,0.0790233236258304,0.0800330923244811,Q
fold_a,42,1hop,coordinate_plus_frozen_sequence_fm_plus_topology_control_plus_frozen_pangenomefm_pair,breakpoint_mapping_distance,overlap,43217,0.623527778420529,0.2666239994380799,0.8571246629062138,0.9056689238746984,0.7683550454682185,0.7565749606108351,0.9266337625709726,0.8330136277960334,0.4623523041960204,0.1530446956254153,0.0696410514845739,Q
