feature_set,feature_access,temperature,validation_f1_threshold,n_train,n_validation,n_test,scope,chromosome,n,positive_fraction,threshold,auroc,auprc,accuracy,precision,recall,f1,nll,brier,ece,task,subtask,fold,seed,closure,context,balanced_accuracy,n_val,positive_prevalence,normalized_ap
coordinate,"reference coordinate, node length, and constant orientation",1.157494788763147,0.5554923885183268,1140605,606910,643500,all_test_chromosomes,all,643500,0.034097902097902,0.5554923885183268,0.564626179828955,0.0509910270700915,0.9414265734265734,0.092854927101644,0.0818521556831647,0.0870070729580467,0.6902978094911097,0.2485560243434752,0.4640583064496881,p2,ctcf,fold_a,20260806,1hop,1hop,0.5268115462934404,606910,0.034097902097902,0.0174894795330506
sequence_kmer,mono/di/tri-nucleotide composition; no graph adjacency,0.6691815435755274,0.8056978217379208,1140605,606910,643500,all_test_chromosomes,all,643500,0.034097902097902,0.8056978217379208,0.5191341334983615,0.0429724680251586,0.9528344988344988,0.0871870397643593,0.0404703308722997,0.0552806050985152,0.6379515360888456,0.2178264457807276,0.4131171698511819,p2,ctcf,fold_a,20260806,1hop,1hop,0.5127563782594101,606910,0.034097902097902,0.0091878524195482
frozen_sequence_fm,S-FM: frozen pretrained sequence-model embedding only; no graph adjacency,1.0118949795139487,0.8668293043844975,1140605,606910,643500,all_test_chromosomes,all,643500,0.034097902097902,0.8668293043844975,0.5583290407588033,0.0614434208217804,0.9590738150738152,0.1144261144261144,0.029714702397229,0.047178002894356,0.6066704545528561,0.2060064471727079,0.3905335527252422,p2,ctcf,fold_a,20260806,1hop,1hop,0.5107981966225331,606910,0.034097902097902,0.0283108596443384
frozen_pangenomefm,frozen topology-pretrained node embedding; current encoder has no nucleotide input,1.4944261326748496,0.6362904709571663,1140605,606910,643500,all_test_chromosomes,all,643500,0.034097902097902,0.6362904709571663,0.5495103441621927,0.0445764128414703,0.9390831390831392,0.0760955000982511,0.0705952055418831,0.073242233675351,0.670630892483985,0.2383799962632471,0.4491564238647559,p2,ctcf,fold_a,20260806,1hop,1hop,0.5201686847938582,606910,0.034097902097902,0.0108484190751082
coordinate_plus_frozen_sequence_fm,C+S-FM: coordinate and frozen sequence-model embedding,1.015189012042084,0.8445063053108977,1140605,606910,643500,all_test_chromosomes,all,643500,0.034097902097902,0.8445063053108977,0.5597260184895213,0.0619642134610951,0.9562082362082364,0.1822534637326813,0.0815331328046668,0.1126645254738963,0.6072143907113584,0.2061705789797523,0.3905471996687524,p2,ctcf,fold_a,20260806,1hop,1hop,0.5343094055259551,606910,0.034097902097902,0.0288500371038821
coordinate_plus_frozen_pangenomefm,C+T: coordinate and frozen topology embedding; no nucleotide input,1.286597126706523,0.557816129498932,1140605,606910,643500,all_test_chromosomes,all,643500,0.034097902097902,0.557816129498932,0.5511704833624297,0.0453197013277938,0.8476612276612276,0.0499988171559698,0.1926442439157779,0.0793922091581833,0.6678139984350051,0.2366723828002254,0.4459201398448106,p2,ctcf,fold_a,20260806,1hop,1hop,0.5317143138370056,606910,0.034097902097902,0.0116179468439555
coordinate_plus_frozen_sequence_fm_plus_frozen_pangenomefm,"C+S-FM+T: coordinate, frozen sequence-model, and topology embeddings",1.0251749126277847,0.8533975790176858,1140605,606910,643500,all_test_chromosomes,all,643500,0.034097902097902,0.8533975790176858,0.559507807478835,0.0590853199870649,0.9571452991452992,0.1017667844522968,0.0328137817883511,0.049626081262708,0.6112263692146774,0.2079176376037378,0.3915879113858748,p2,ctcf,fold_a,20260806,1hop,1hop,0.5112947372415799,606910,0.034097902097902,0.0258695140464385
coordinate,"reference coordinate, node length, and constant orientation",1.157494788763147,0.5554923885183268,1140605,606910,643500,all_test_chromosomes,all,643500,0.034097902097902,0.5554923885183268,0.564626179828955,0.0509910270700915,0.9414265734265734,0.092854927101644,0.0818521556831647,0.0870070729580467,0.6902978094911097,0.2485560243434752,0.4640583064496881,p2,ctcf,fold_a,20260806,strict,strict,0.5268115462934404,606910,0.034097902097902,0.0174894795330506
sequence_kmer,mono/di/tri-nucleotide composition; no graph adjacency,0.6691815435755274,0.8056978217379208,1140605,606910,643500,all_test_chromosomes,all,643500,0.034097902097902,0.8056978217379208,0.5191341334983615,0.0429724680251586,0.9528344988344988,0.0871870397643593,0.0404703308722997,0.0552806050985152,0.6379515360888456,0.2178264457807276,0.4131171698511819,p2,ctcf,fold_a,20260806,strict,strict,0.5127563782594101,606910,0.034097902097902,0.0091878524195482
frozen_sequence_fm,S-FM: frozen pretrained sequence-model embedding only; no graph adjacency,1.0118949795139487,0.8668293043844975,1140605,606910,643500,all_test_chromosomes,all,643500,0.034097902097902,0.8668293043844975,0.5583290407588033,0.0614434208217804,0.9590738150738152,0.1144261144261144,0.029714702397229,0.047178002894356,0.6066704545528561,0.2060064471727079,0.3905335527252422,p2,ctcf,fold_a,20260806,strict,strict,0.5107981966225331,606910,0.034097902097902,0.0283108596443384
frozen_pangenomefm,frozen topology-pretrained node embedding; current encoder has no nucleotide input,1.071493844580471,0.7313692235961868,1140605,606910,643500,all_test_chromosomes,all,643500,0.034097902097902,0.7313692235961868,0.5803174971023042,0.052279186650175,0.9563014763014764,0.1148379052369077,0.0419742958709324,0.0614778719711634,0.653341952256483,0.2293145602435303,0.4371994686505304,p2,ctcf,fold_a,20260806,strict,strict,0.5152764982454936,606910,0.034097902097902,0.0188231132241683
coordinate_plus_frozen_sequence_fm,C+S-FM: coordinate and frozen sequence-model embedding,1.015189012042084,0.8445063053108977,1140605,606910,643500,all_test_chromosomes,all,643500,0.034097902097902,0.8445063053108977,0.5597260184895213,0.0619642134610951,0.9562082362082364,0.1822534637326813,0.0815331328046668,0.1126645254738963,0.6072143907113584,0.2061705789797523,0.3905471996687524,p2,ctcf,fold_a,20260806,strict,strict,0.5343094055259551,606910,0.034097902097902,0.0288500371038821
coordinate_plus_frozen_pangenomefm,C+T: coordinate and frozen topology embedding; no nucleotide input,1.047388854409954,0.7023672340730944,1140605,606910,643500,all_test_chromosomes,all,643500,0.034097902097902,0.7023672340730944,0.5753232553059074,0.0520872723579145,0.9467179487179488,0.0932990709626408,0.0645337708504238,0.0762951588135456,0.6521450592782604,0.2286875751154354,0.4359655411850499,p2,ctcf,fold_a,20260806,strict,strict,0.5211971220242099,606910,0.034097902097902,0.0186244240478249
coordinate_plus_frozen_sequence_fm_plus_frozen_pangenomefm,"C+S-FM+T: coordinate, frozen sequence-model, and topology embeddings",1.056089018814656,0.8577127305864582,1140605,606910,643500,all_test_chromosomes,all,643500,0.034097902097902,0.8577127305864582,0.5635280932523208,0.0642959721603362,0.9605889665889666,0.1190104747047024,0.0243368881596937,0.0404101555109917,0.6057495855075256,0.2058876564018934,0.3901801646533879,p2,ctcf,fold_a,20260806,strict,strict,0.5089885316662025,606910,0.034097902097902,0.0312641106464342
coordinate,"reference coordinate, node length, and constant orientation",1.157494788763147,0.5554923885183268,1140605,606910,643500,all_test_chromosomes,all,643500,0.034097902097902,0.5554923885183268,0.564626179828955,0.0509910270700915,0.9414265734265734,0.092854927101644,0.0818521556831647,0.0870070729580467,0.6902978094911097,0.2485560243434752,0.4640583064496881,p2,ctcf,fold_a,314159,1hop,1hop,0.5268115462934404,606910,0.034097902097902,0.0174894795330506
sequence_kmer,mono/di/tri-nucleotide composition; no graph adjacency,0.6691815435755274,0.8056978217379208,1140605,606910,643500,all_test_chromosomes,all,643500,0.034097902097902,0.8056978217379208,0.5191341334983615,0.0429724680251586,0.9528344988344988,0.0871870397643593,0.0404703308722997,0.0552806050985152,0.6379515360888456,0.2178264457807276,0.4131171698511819,p2,ctcf,fold_a,314159,1hop,1hop,0.5127563782594101,606910,0.034097902097902,0.0091878524195482
frozen_sequence_fm,S-FM: frozen pretrained sequence-model embedding only; no graph adjacency,1.0118949795139487,0.8668293043844975,1140605,606910,643500,all_test_chromosomes,all,643500,0.034097902097902,0.8668293043844975,0.5583290407588033,0.0614434208217804,0.9590738150738152,0.1144261144261144,0.029714702397229,0.047178002894356,0.6066704545528561,0.2060064471727079,0.3905335527252422,p2,ctcf,fold_a,314159,1hop,1hop,0.5107981966225331,606910,0.034097902097902,0.0283108596443384
frozen_pangenomefm,frozen topology-pretrained node embedding; current encoder has no nucleotide input,1.2096090035121456,0.6707936130509267,1140605,606910,643500,all_test_chromosomes,all,643500,0.034097902097902,0.6707936130509267,0.5705997341001905,0.0471885698086514,0.9423636363636364,0.0678459343794579,0.0541883146477075,0.0602528694858996,0.6587653232253902,0.2322994471394423,0.4400969261532159,p2,ctcf,fold_a,314159,1hop,1hop,0.5139529862666073,606910,0.034097902097902,0.0135527893967533
coordinate_plus_frozen_sequence_fm,C+S-FM: coordinate and frozen sequence-model embedding,1.015189012042084,0.8445063053108977,1140605,606910,643500,all_test_chromosomes,all,643500,0.034097902097902,0.8445063053108977,0.5597260184895213,0.0619642134610951,0.9562082362082364,0.1822534637326813,0.0815331328046668,0.1126645254738963,0.6072143907113584,0.2061705789797523,0.3905471996687524,p2,ctcf,fold_a,314159,1hop,1hop,0.5343094055259551,606910,0.034097902097902,0.0288500371038821
coordinate_plus_frozen_pangenomefm,C+T: coordinate and frozen topology embedding; no nucleotide input,1.3305674032401449,0.6518953677991023,1140605,606910,643500,all_test_chromosomes,all,643500,0.034097902097902,0.6518953677991023,0.5710523722339741,0.0473445592576552,0.939951825951826,0.068835528014459,0.0607510710053778,0.0645411189386786,0.6584612744789043,0.2323224221578486,0.441281276819237,p2,ctcf,fold_a,314159,1hop,1hop,0.5158700508978733,606910,0.034097902097902,0.0137142855249246
coordinate_plus_frozen_sequence_fm_plus_frozen_pangenomefm,"C+S-FM+T: coordinate, frozen sequence-model, and topology embeddings",0.9957623458337536,0.6864633384007675,1140605,606910,643500,all_test_chromosomes,all,643500,0.034097902097902,0.6864633384007675,0.5660227594140385,0.0663729798658568,0.9177498057498058,0.0794516829533116,0.1333971379090329,0.0995883093463985,0.6009522437721742,0.2034718884886247,0.3852610619737885,p2,ctcf,fold_a,314159,1hop,1hop,0.5394179290142374,606910,0.034097902097902,0.0334144400742631
coordinate,"reference coordinate, node length, and constant orientation",1.157494788763147,0.5554923885183268,1140605,606910,643500,all_test_chromosomes,all,643500,0.034097902097902,0.5554923885183268,0.564626179828955,0.0509910270700915,0.9414265734265734,0.092854927101644,0.0818521556831647,0.0870070729580467,0.6902978094911097,0.2485560243434752,0.4640583064496881,p2,ctcf,fold_a,314159,strict,strict,0.5268115462934404,606910,0.034097902097902,0.0174894795330506
sequence_kmer,mono/di/tri-nucleotide composition; no graph adjacency,0.6691815435755274,0.8056978217379208,1140605,606910,643500,all_test_chromosomes,all,643500,0.034097902097902,0.8056978217379208,0.5191341334983615,0.0429724680251586,0.9528344988344988,0.0871870397643593,0.0404703308722997,0.0552806050985152,0.6379515360888456,0.2178264457807276,0.4131171698511819,p2,ctcf,fold_a,314159,strict,strict,0.5127563782594101,606910,0.034097902097902,0.0091878524195482
frozen_sequence_fm,S-FM: frozen pretrained sequence-model embedding only; no graph adjacency,1.0118949795139487,0.8668293043844975,1140605,606910,643500,all_test_chromosomes,all,643500,0.034097902097902,0.8668293043844975,0.5583290407588033,0.0614434208217804,0.9590738150738152,0.1144261144261144,0.029714702397229,0.047178002894356,0.6066704545528561,0.2060064471727079,0.3905335527252422,p2,ctcf,fold_a,314159,strict,strict,0.5107981966225331,606910,0.034097902097902,0.0283108596443384
frozen_pangenomefm,frozen topology-pretrained node embedding; current encoder has no nucleotide input,1.2626845092188344,0.6396390478337592,1140605,606910,643500,all_test_chromosomes,all,643500,0.034097902097902,0.6396390478337592,0.5638178999768529,0.0493303379751365,0.9221787101787102,0.0714372753305306,0.1068726642967824,0.0856339468302658,0.6640196371453726,0.2350139249562515,0.4441512263635072,p2,ctcf,fold_a,314159,strict,strict,0.5289164965095611,606910,0.034097902097902,0.0157701654342802
coordinate_plus_frozen_sequence_fm,C+S-FM: coordinate and frozen sequence-model embedding,1.015189012042084,0.8445063053108977,1140605,606910,643500,all_test_chromosomes,all,643500,0.034097902097902,0.8445063053108977,0.5597260184895213,0.0619642134610951,0.9562082362082364,0.1822534637326813,0.0815331328046668,0.1126645254738963,0.6072143907113584,0.2061705789797523,0.3905471996687524,p2,ctcf,fold_a,314159,strict,strict,0.5343094055259551,606910,0.034097902097902,0.0288500371038821
coordinate_plus_frozen_pangenomefm,C+T: coordinate and frozen topology embedding; no nucleotide input,1.2682200282580605,0.6505480476383984,1140605,606910,643500,all_test_chromosomes,all,643500,0.034097902097902,0.6505480476383984,0.553479730059219,0.0469736559308668,0.9318026418026418,0.066463824238353,0.0766566402333424,0.0711972740163813,0.6635438632962437,0.2348135580927865,0.4439170236916369,p2,ctcf,fold_a,314159,strict,strict,0.5193236576394769,606910,0.034097902097902,0.0133302887124175
coordinate_plus_frozen_sequence_fm_plus_frozen_pangenomefm,"C+S-FM+T: coordinate, frozen sequence-model, and topology embeddings",1.0744406351706688,0.8416793146972541,1140605,606910,643500,all_test_chromosomes,all,643500,0.034097902097902,0.8416793146972541,0.5615158974775596,0.0648690865566579,0.9595508935508936,0.2117364931584144,0.0684076200893264,0.1034067031793599,0.6044929137710706,0.2054170895269627,0.3910145449128564,p2,ctcf,fold_a,314159,strict,strict,0.5297086543230732,606910,0.034097902097902,0.0318574569054044
coordinate,"reference coordinate, node length, and constant orientation",1.157494788763147,0.5554923885183268,1140605,606910,643500,all_test_chromosomes,all,643500,0.034097902097902,0.5554923885183268,0.564626179828955,0.0509910270700915,0.9414265734265734,0.092854927101644,0.0818521556831647,0.0870070729580467,0.6902978094911097,0.2485560243434752,0.4640583064496881,p2,ctcf,fold_a,42,1hop,1hop,0.5268115462934404,606910,0.034097902097902,0.0174894795330506
sequence_kmer,mono/di/tri-nucleotide composition; no graph adjacency,0.6691815435755274,0.8056978217379208,1140605,606910,643500,all_test_chromosomes,all,643500,0.034097902097902,0.8056978217379208,0.5191341334983615,0.0429724680251586,0.9528344988344988,0.0871870397643593,0.0404703308722997,0.0552806050985152,0.6379515360888456,0.2178264457807276,0.4131171698511819,p2,ctcf,fold_a,42,1hop,1hop,0.5127563782594101,606910,0.034097902097902,0.0091878524195482
frozen_sequence_fm,S-FM: frozen pretrained sequence-model embedding only; no graph adjacency,1.0118949795139487,0.8668293043844975,1140605,606910,643500,all_test_chromosomes,all,643500,0.034097902097902,0.8668293043844975,0.5583290407588033,0.0614434208217804,0.9590738150738152,0.1144261144261144,0.029714702397229,0.047178002894356,0.6066704545528561,0.2060064471727079,0.3905335527252422,p2,ctcf,fold_a,42,1hop,1hop,0.5107981966225331,606910,0.034097902097902,0.0283108596443384
frozen_pangenomefm,frozen topology-pretrained node embedding; current encoder has no nucleotide input,1.3206703824023196,0.7351787848615521,1140605,606910,643500,all_test_chromosomes,all,643500,0.034097902097902,0.7351787848615521,0.5720274877185644,0.0465689994551853,0.9603589743589744,0.1030491876251947,0.0211010846777868,0.0350293171931151,0.6644197006370954,0.2352142435242974,0.4441345217153562,p2,ctcf,fold_a,42,1hop,1hop,0.5073086888031011,606910,0.034097902097902,0.012911347210416
coordinate_plus_frozen_sequence_fm,C+S-FM: coordinate and frozen sequence-model embedding,1.015189012042084,0.8445063053108977,1140605,606910,643500,all_test_chromosomes,all,643500,0.034097902097902,0.8445063053108977,0.5597260184895213,0.0619642134610951,0.9562082362082364,0.1822534637326813,0.0815331328046668,0.1126645254738963,0.6072143907113584,0.2061705789797523,0.3905471996687524,p2,ctcf,fold_a,42,1hop,1hop,0.5343094055259551,606910,0.034097902097902,0.0288500371038821
coordinate_plus_frozen_pangenomefm,C+T: coordinate and frozen topology embedding; no nucleotide input,1.3803263003393005,0.6847718350871596,1140605,606910,643500,all_test_chromosomes,all,643500,0.034097902097902,0.6847718350871596,0.565268540993363,0.0452987811153186,0.954073038073038,0.0753180093729078,0.0307629204265791,0.0436836655449132,0.6646699368193649,0.2354918082147082,0.4448405788066091,p2,ctcf,fold_a,42,1hop,1hop,0.5087151474958923,606910,0.034097902097902,0.0115962881142348
coordinate_plus_frozen_sequence_fm_plus_frozen_pangenomefm,"C+S-FM+T: coordinate, frozen sequence-model, and topology embeddings",1.0294883622704971,0.8711264922590556,1140605,606910,643500,all_test_chromosomes,all,643500,0.034097902097902,0.8711264922590556,0.5645032498346327,0.0658414828728507,0.9602346542346544,0.2236702530686467,0.0672682526661197,0.1034301531130654,0.6048534085686212,0.2055773332761113,0.3890850216376131,p2,ctcf,fold_a,42,1hop,1hop,0.5295130306348306,606910,0.034097902097902,0.0328641803800762
coordinate,"reference coordinate, node length, and constant orientation",1.157494788763147,0.5554923885183268,1140605,606910,643500,all_test_chromosomes,all,643500,0.034097902097902,0.5554923885183268,0.564626179828955,0.0509910270700915,0.9414265734265734,0.092854927101644,0.0818521556831647,0.0870070729580467,0.6902978094911097,0.2485560243434752,0.4640583064496881,p2,ctcf,fold_a,42,strict,strict,0.5268115462934404,606910,0.034097902097902,0.0174894795330506
sequence_kmer,mono/di/tri-nucleotide composition; no graph adjacency,0.6691815435755274,0.8056978217379208,1140605,606910,643500,all_test_chromosomes,all,643500,0.034097902097902,0.8056978217379208,0.5191341334983615,0.0429724680251586,0.9528344988344988,0.0871870397643593,0.0404703308722997,0.0552806050985152,0.6379515360888456,0.2178264457807276,0.4131171698511819,p2,ctcf,fold_a,42,strict,strict,0.5127563782594101,606910,0.034097902097902,0.0091878524195482
frozen_sequence_fm,S-FM: frozen pretrained sequence-model embedding only; no graph adjacency,1.0118949795139487,0.8668293043844975,1140605,606910,643500,all_test_chromosomes,all,643500,0.034097902097902,0.8668293043844975,0.5583290407588033,0.0614434208217804,0.9590738150738152,0.1144261144261144,0.029714702397229,0.047178002894356,0.6066704545528561,0.2060064471727079,0.3905335527252422,p2,ctcf,fold_a,42,strict,strict,0.5107981966225331,606910,0.034097902097902,0.0283108596443384
frozen_pangenomefm,frozen topology-pretrained node embedding; current encoder has no nucleotide input,1.1406973764373471,0.727576957235411,1140605,606910,643500,all_test_chromosomes,all,643500,0.034097902097902,0.727576957235411,0.5799174114059951,0.0568402481154968,0.955886557886558,0.1423021423021423,0.0584267614620362,0.0828406190430034,0.6554628588387418,0.2309169708068277,0.4382272483592805,p2,ctcf,fold_a,42,strict,strict,0.5229975489019691,606910,0.034097902097902,0.0235451875164058
coordinate_plus_frozen_sequence_fm,C+S-FM: coordinate and frozen sequence-model embedding,1.015189012042084,0.8445063053108977,1140605,606910,643500,all_test_chromosomes,all,643500,0.034097902097902,0.8445063053108977,0.5597260184895213,0.0619642134610951,0.9562082362082364,0.1822534637326813,0.0815331328046668,0.1126645254738963,0.6072143907113584,0.2061705789797523,0.3905471996687524,p2,ctcf,fold_a,42,strict,strict,0.5343094055259551,606910,0.034097902097902,0.0288500371038821
coordinate_plus_frozen_pangenomefm,C+T: coordinate and frozen topology embedding; no nucleotide input,1.145785327070735,0.7189603583135034,1140605,606910,643500,all_test_chromosomes,all,643500,0.034097902097902,0.7189603583135034,0.5777531443093952,0.0558954223135867,0.9536130536130536,0.1251422070534698,0.0601585999453103,0.0812557710064635,0.6555751309631622,0.2309842572083434,0.4384164806053555,p2,ctcf,fold_a,42,strict,strict,0.5226560184768012,606910,0.034097902097902,0.0225670078396433
coordinate_plus_frozen_sequence_fm_plus_frozen_pangenomefm,"C+S-FM+T: coordinate, frozen sequence-model, and topology embeddings",1.0354101151156372,0.8435257085700424,1140605,606910,643500,all_test_chromosomes,all,643500,0.034097902097902,0.8435257085700424,0.5610724540882643,0.071430031820645,0.9567334887334888,0.185969767936981,0.0796189955336797,0.1115011488383967,0.6044423463890196,0.2050250180382289,0.3883796133930037,p2,ctcf,fold_a,42,strict,strict,0.5336580203504121,606910,0.034097902097902,0.0386500141202994
coordinate,"reference coordinate, node length, and constant orientation",0.3486998793839979,0.4997774440211087,1446966,337139,606910,all_test_chromosomes,all,606910,0.0402909821884628,0.4997774440211087,0.4821764635232229,0.0509708748287427,0.605519764050683,0.0391474181141492,0.3733693207377418,0.0708647360618455,0.6972253336133684,0.250095497728133,0.4502260240040044,p2,ctcf,fold_b,20260806,1hop,1hop,0.4943176701876215,337139,0.0402909821884628,0.0111282612146687
sequence_kmer,mono/di/tri-nucleotide composition; no graph adjacency,0.4225700820011747,0.8561930190079778,1446966,337139,606910,all_test_chromosomes,all,606910,0.0402909821884628,0.8561930190079778,0.5466971268205477,0.0924748926618422,0.9457679062793496,0.2120345789939418,0.1273872326503905,0.1591559370529327,0.6691964485175688,0.2287559572194815,0.4111230987539956,p2,ctcf,fold_b,20260806,1hop,1hop,0.553756402075903,337139,0.0402909821884628,0.0543747214050113
frozen_sequence_fm,S-FM: frozen pretrained sequence-model embedding only; no graph adjacency,0.6685302860092521,0.8110458037775923,1446966,337139,606910,all_test_chromosomes,all,606910,0.0402909821884628,0.8110458037775923,0.5296723182420731,0.08645863289913,0.9220213870260828,0.1202138611231029,0.1480390954075164,0.1326833559359308,0.6837709560473714,0.2246805753508022,0.3873809688948703,p2,ctcf,fold_b,20260806,1hop,1hop,0.5512770963296654,337139,0.0402909821884628,0.0481058840271659
frozen_pangenomefm,frozen topology-pretrained node embedding; current encoder has no nucleotide input,0.6433113400055209,0.6890347232419232,1446966,337139,606910,all_test_chromosomes,all,606910,0.0402909821884628,0.6890347232419232,0.5938103738388611,0.0744923975230383,0.897151142673543,0.1048808408783432,0.2060687850161534,0.1390107313305194,0.6920165745972797,0.2449183326047525,0.4399968540353752,p2,ctcf,fold_b,20260806,1hop,1hop,0.5661166457902933,337139,0.0402909821884628,0.0356372761949933
coordinate_plus_frozen_sequence_fm,C+S-FM: coordinate and frozen sequence-model embedding,0.6649874209997346,0.8228268329297604,1446966,337139,606910,all_test_chromosomes,all,606910,0.0402909821884628,0.8228268329297604,0.5296072451783427,0.0864234614106984,0.9258951080061294,0.1272522522522522,0.1432544064123011,0.1347800157749947,0.6824619971745057,0.2242459679795618,0.3862910104222062,p2,ctcf,fold_b,20260806,1hop,1hop,0.5510033631630229,337139,0.0402909821884628,0.0480692359517818
coordinate_plus_frozen_pangenomefm,C+T: coordinate and frozen topology embedding; no nucleotide input,0.6358004983078703,0.6746253721980019,1446966,337139,606910,all_test_chromosomes,all,606910,0.0402909821884628,0.6746253721980019,0.5932442866158235,0.0769089818757151,0.8905373119572919,0.0994561587634767,0.2131435815646342,0.135626740222228,0.688733401439242,0.2432789084294387,0.4378033382944313,p2,ctcf,fold_b,20260806,1hop,1hop,0.5660597873211174,337139,0.0402909821884628,0.0381553147960969
coordinate_plus_frozen_sequence_fm_plus_frozen_pangenomefm,"C+S-FM+T: coordinate, frozen sequence-model, and topology embeddings",0.7320104743534928,0.8174619893997944,1446966,337139,606910,all_test_chromosomes,all,606910,0.0402909821884628,0.8174619893997944,0.5320751392105835,0.0872964933892941,0.9294442339061804,0.132051282051282,0.1347891874207663,0.1334061886548074,0.6891341353269025,0.2282663266567739,0.3959322822372708,p2,ctcf,fold_b,20260806,1hop,1hop,0.5487975127241472,337139,0.0402909821884628,0.0489789199939163
coordinate,"reference coordinate, node length, and constant orientation",0.3486998793839979,0.4997774440211087,1446966,337139,606910,all_test_chromosomes,all,606910,0.0402909821884628,0.4997774440211087,0.4821764635232229,0.0509708748287427,0.605519764050683,0.0391474181141492,0.3733693207377418,0.0708647360618455,0.6972253336133684,0.250095497728133,0.4502260240040044,p2,ctcf,fold_b,20260806,strict,strict,0.4943176701876215,337139,0.0402909821884628,0.0111282612146687
sequence_kmer,mono/di/tri-nucleotide composition; no graph adjacency,0.4225700820011747,0.8561930190079778,1446966,337139,606910,all_test_chromosomes,all,606910,0.0402909821884628,0.8561930190079778,0.5466971268205477,0.0924748926618422,0.9457679062793496,0.2120345789939418,0.1273872326503905,0.1591559370529327,0.6691964485175688,0.2287559572194815,0.4111230987539956,p2,ctcf,fold_b,20260806,strict,strict,0.553756402075903,337139,0.0402909821884628,0.0543747214050113
frozen_sequence_fm,S-FM: frozen pretrained sequence-model embedding only; no graph adjacency,0.6685302860092521,0.8110458037775923,1446966,337139,606910,all_test_chromosomes,all,606910,0.0402909821884628,0.8110458037775923,0.5296723182420731,0.08645863289913,0.9220213870260828,0.1202138611231029,0.1480390954075164,0.1326833559359308,0.6837709560473714,0.2246805753508022,0.3873809688948703,p2,ctcf,fold_b,20260806,strict,strict,0.5512770963296654,337139,0.0402909821884628,0.0481058840271659
frozen_pangenomefm,frozen topology-pretrained node embedding; current encoder has no nucleotide input,0.5029879500937925,0.5731485846108259,1446966,337139,606910,all_test_chromosomes,all,606910,0.0402909821884628,0.5731485846108259,0.5889527365844163,0.0948990887294533,0.7820006261224893,0.067962409569056,0.3469103995419785,0.1136582882255212,0.692499572469321,0.2428348163150545,0.4324091207426018,p2,ctcf,fold_b,20260806,strict,strict,0.5735886001765127,337139,0.0402909821884628,0.0569006912798585
coordinate_plus_frozen_sequence_fm,C+S-FM: coordinate and frozen sequence-model embedding,0.6649874209997346,0.8228268329297604,1446966,337139,606910,all_test_chromosomes,all,606910,0.0402909821884628,0.8228268329297604,0.5296072451783427,0.0864234614106984,0.9258951080061294,0.1272522522522522,0.1432544064123011,0.1347800157749947,0.6824619971745057,0.2242459679795618,0.3862910104222062,p2,ctcf,fold_b,20260806,strict,strict,0.5510033631630229,337139,0.0402909821884628,0.0480692359517818
coordinate_plus_frozen_pangenomefm,C+T: coordinate and frozen topology embedding; no nucleotide input,0.4927567839579781,0.840469960914079,1446966,337139,606910,all_test_chromosomes,all,606910,0.0402909821884628,0.840469960914079,0.5823151847356209,0.0931646541465062,0.9408561401196224,0.202310334061817,0.1589988958410011,0.1780586659339149,0.6899311180959042,0.2412406352254129,0.4282343949229478,p2,ctcf,fold_b,20260806,strict,strict,0.5663396781864257,337139,0.0402909821884628,0.055093440800018
coordinate_plus_frozen_sequence_fm_plus_frozen_pangenomefm,"C+S-FM+T: coordinate, frozen sequence-model, and topology embeddings",0.6504204122647628,0.8462793371575114,1446966,337139,606910,all_test_chromosomes,all,606910,0.0402909821884628,0.8462793371575114,0.5218540155802749,0.0866132841121135,0.9325863801881664,0.1442710809525867,0.1365067680857154,0.1402815717587728,0.6865982016618002,0.2240600432650841,0.3813475948483172,p2,ctcf,fold_b,20260806,strict,strict,0.5512572796093974,337139,0.0402909821884628,0.0482670278844323
coordinate,"reference coordinate, node length, and constant orientation",0.3486998793839979,0.4997774440211087,1446966,337139,606910,all_test_chromosomes,all,606910,0.0402909821884628,0.4997774440211087,0.4821764635232229,0.0509708748287427,0.605519764050683,0.0391474181141492,0.3733693207377418,0.0708647360618455,0.6972253336133684,0.250095497728133,0.4502260240040044,p2,ctcf,fold_b,314159,1hop,1hop,0.4943176701876215,337139,0.0402909821884628,0.0111282612146687
sequence_kmer,mono/di/tri-nucleotide composition; no graph adjacency,0.4225700820011747,0.8561930190079778,1446966,337139,606910,all_test_chromosomes,all,606910,0.0402909821884628,0.8561930190079778,0.5466971268205477,0.0924748926618422,0.9457679062793496,0.2120345789939418,0.1273872326503905,0.1591559370529327,0.6691964485175688,0.2287559572194815,0.4111230987539956,p2,ctcf,fold_b,314159,1hop,1hop,0.553756402075903,337139,0.0402909821884628,0.0543747214050113
frozen_sequence_fm,S-FM: frozen pretrained sequence-model embedding only; no graph adjacency,0.6685302860092521,0.8110458037775923,1446966,337139,606910,all_test_chromosomes,all,606910,0.0402909821884628,0.8110458037775923,0.5296723182420731,0.08645863289913,0.9220213870260828,0.1202138611231029,0.1480390954075164,0.1326833559359308,0.6837709560473714,0.2246805753508022,0.3873809688948703,p2,ctcf,fold_b,314159,1hop,1hop,0.5512770963296654,337139,0.0402909821884628,0.0481058840271659
frozen_pangenomefm,frozen topology-pretrained node embedding; current encoder has no nucleotide input,1.070363074877391,0.4826914151820118,1446966,337139,606910,all_test_chromosomes,all,606910,0.0402909821884628,0.4826914151820118,0.5804005735107944,0.1068419797332065,0.5809955347580366,0.0493606408883974,0.5147834621518832,0.0900835140299276,0.6703753454833925,0.2371949540328732,0.4423278538908007,p2,ctcf,fold_b,314159,1hop,1hop,0.5492793725670732,337139,0.0402909821884628,0.0693449746846211
coordinate_plus_frozen_sequence_fm,C+S-FM: coordinate and frozen sequence-model embedding,0.6649874209997346,0.8228268329297604,1446966,337139,606910,all_test_chromosomes,all,606910,0.0402909821884628,0.8228268329297604,0.5296072451783427,0.0864234614106984,0.9258951080061294,0.1272522522522522,0.1432544064123011,0.1347800157749947,0.6824619971745057,0.2242459679795618,0.3862910104222062,p2,ctcf,fold_b,314159,1hop,1hop,0.5510033631630229,337139,0.0402909821884628,0.0480692359517818
coordinate_plus_frozen_pangenomefm,C+T: coordinate and frozen topology embedding; no nucleotide input,1.1031216284389835,0.4828088362565106,1446966,337139,606910,all_test_chromosomes,all,606910,0.0402909821884628,0.4828088362565106,0.5819541324207448,0.1079177896028961,0.5833039495147551,0.051479596644991,0.5361305361305362,0.0939391008071883,0.6692135316886123,0.2365325098109244,0.4415546517947303,p2,ctcf,fold_b,314159,1hop,1hop,0.5607074716957507,337139,0.0402909821884628,0.0704659497403133
coordinate_plus_frozen_sequence_fm_plus_frozen_pangenomefm,"C+S-FM+T: coordinate, frozen sequence-model, and topology embeddings",0.7553539289422724,0.7829697578620708,1446966,337139,606910,all_test_chromosomes,all,606910,0.0402909821884628,0.7829697578620708,0.543493417180953,0.0917100585429073,0.9214133891351272,0.1268383533491747,0.1615343720606878,0.1420991096321611,0.6729093465507865,0.2249963477979595,0.3944613225793813,p2,ctcf,fold_b,314159,1hop,1hop,0.5574246903611357,337139,0.0402909821884628,0.0535777776389946
coordinate,"reference coordinate, node length, and constant orientation",0.3486998793839979,0.4997774440211087,1446966,337139,606910,all_test_chromosomes,all,606910,0.0402909821884628,0.4997774440211087,0.4821764635232229,0.0509708748287427,0.605519764050683,0.0391474181141492,0.3733693207377418,0.0708647360618455,0.6972253336133684,0.250095497728133,0.4502260240040044,p2,ctcf,fold_b,314159,strict,strict,0.4943176701876215,337139,0.0402909821884628,0.0111282612146687
sequence_kmer,mono/di/tri-nucleotide composition; no graph adjacency,0.4225700820011747,0.8561930190079778,1446966,337139,606910,all_test_chromosomes,all,606910,0.0402909821884628,0.8561930190079778,0.5466971268205477,0.0924748926618422,0.9457679062793496,0.2120345789939418,0.1273872326503905,0.1591559370529327,0.6691964485175688,0.2287559572194815,0.4111230987539956,p2,ctcf,fold_b,314159,strict,strict,0.553756402075903,337139,0.0402909821884628,0.0543747214050113
frozen_sequence_fm,S-FM: frozen pretrained sequence-model embedding only; no graph adjacency,0.6685302860092521,0.8110458037775923,1446966,337139,606910,all_test_chromosomes,all,606910,0.0402909821884628,0.8110458037775923,0.5296723182420731,0.08645863289913,0.9220213870260828,0.1202138611231029,0.1480390954075164,0.1326833559359308,0.6837709560473714,0.2246805753508022,0.3873809688948703,p2,ctcf,fold_b,314159,strict,strict,0.5512770963296654,337139,0.0402909821884628,0.0481058840271659
frozen_pangenomefm,frozen topology-pretrained node embedding; current encoder has no nucleotide input,0.5427145207605764,0.8848023943033676,1446966,337139,606910,all_test_chromosomes,all,606910,0.0402909821884628,0.8848023943033676,0.6035997587012014,0.0909570545100631,0.949157206175545,0.2379705400981996,0.1189220136588557,0.1585907888637417,0.692088573437333,0.2419106586695122,0.4288905957777602,p2,ctcf,fold_b,314159,strict,strict,0.5514672836876338,337139,0.0402909821884628,0.0527931606156375
coordinate_plus_frozen_sequence_fm,C+S-FM: coordinate and frozen sequence-model embedding,0.6649874209997346,0.8228268329297604,1446966,337139,606910,all_test_chromosomes,all,606910,0.0402909821884628,0.8228268329297604,0.5296072451783427,0.0864234614106984,0.9258951080061294,0.1272522522522522,0.1432544064123011,0.1347800157749947,0.6824619971745057,0.2242459679795618,0.3862910104222062,p2,ctcf,fold_b,314159,strict,strict,0.5510033631630229,337139,0.0402909821884628,0.0480692359517818
coordinate_plus_frozen_pangenomefm,C+T: coordinate and frozen topology embedding; no nucleotide input,0.5465770300087288,0.8795372762192125,1446966,337139,606910,all_test_chromosomes,all,606910,0.0402909821884628,0.8795372762192125,0.6017662075415333,0.090506246167161,0.9464599363991366,0.2170057014147955,0.1260785997628103,0.1594930160372478,0.6909687284240538,0.2414030006491494,0.4282003918796929,p2,ctcf,fold_b,314159,strict,strict,0.5534900971076382,337139,0.0402909821884628,0.0523234262122555
coordinate_plus_frozen_sequence_fm_plus_frozen_pangenomefm,"C+S-FM+T: coordinate, frozen sequence-model, and topology embeddings",0.6726895352290437,0.7465640018189285,1446966,337139,606910,all_test_chromosomes,all,606910,0.0402909821884628,0.7465640018189285,0.5304078975900515,0.0864528628393249,0.9021156349376348,0.0956270245256825,0.1690181163865374,0.1221462030647377,0.6835231433436485,0.2249201076638828,0.3858272575738934,p2,ctcf,fold_b,314159,strict,strict,0.5509555083174839,337139,0.0402909821884628,0.048099871725835
coordinate,"reference coordinate, node length, and constant orientation",0.3486998793839979,0.4997774440211087,1446966,337139,606910,all_test_chromosomes,all,606910,0.0402909821884628,0.4997774440211087,0.4821764635232229,0.0509708748287427,0.605519764050683,0.0391474181141492,0.3733693207377418,0.0708647360618455,0.6972253336133684,0.250095497728133,0.4502260240040044,p2,ctcf,fold_b,42,1hop,1hop,0.4943176701876215,337139,0.0402909821884628,0.0111282612146687
sequence_kmer,mono/di/tri-nucleotide composition; no graph adjacency,0.4225700820011747,0.8561930190079778,1446966,337139,606910,all_test_chromosomes,all,606910,0.0402909821884628,0.8561930190079778,0.5466971268205477,0.0924748926618422,0.9457679062793496,0.2120345789939418,0.1273872326503905,0.1591559370529327,0.6691964485175688,0.2287559572194815,0.4111230987539956,p2,ctcf,fold_b,42,1hop,1hop,0.553756402075903,337139,0.0402909821884628,0.0543747214050113
frozen_sequence_fm,S-FM: frozen pretrained sequence-model embedding only; no graph adjacency,0.6685302860092521,0.8110458037775923,1446966,337139,606910,all_test_chromosomes,all,606910,0.0402909821884628,0.8110458037775923,0.5296723182420731,0.08645863289913,0.9220213870260828,0.1202138611231029,0.1480390954075164,0.1326833559359308,0.6837709560473714,0.2246805753508022,0.3873809688948703,p2,ctcf,fold_b,42,1hop,1hop,0.5512770963296654,337139,0.0402909821884628,0.0481058840271659
frozen_pangenomefm,frozen topology-pretrained node embedding; current encoder has no nucleotide input,0.7597730855928637,0.5803724424877907,1446966,337139,606910,all_test_chromosomes,all,606910,0.0402909821884628,0.5803724424877907,0.5140506021738908,0.0636004807247628,0.7940584271143992,0.0574615499740291,0.2669202142886353,0.0945654221179061,0.6941318083270148,0.2475852734690188,0.4442581977978554,p2,ctcf,fold_b,42,1hop,1hop,0.5415546102578522,337139,0.0402909821884628,0.0242880895184808
coordinate_plus_frozen_sequence_fm,C+S-FM: coordinate and frozen sequence-model embedding,0.6649874209997346,0.8228268329297604,1446966,337139,606910,all_test_chromosomes,all,606910,0.0402909821884628,0.8228268329297604,0.5296072451783427,0.0864234614106984,0.9258951080061294,0.1272522522522522,0.1432544064123011,0.1347800157749947,0.6824619971745057,0.2242459679795618,0.3862910104222062,p2,ctcf,fold_b,42,1hop,1hop,0.5510033631630229,337139,0.0402909821884628,0.0480692359517818
coordinate_plus_frozen_pangenomefm,C+T: coordinate and frozen topology embedding; no nucleotide input,0.7644928811248631,0.5735587272350714,1446966,337139,606910,all_test_chromosomes,all,606910,0.0402909821884628,0.5735587272350714,0.5108856017197296,0.0625369506214003,0.7792423917879092,0.0581272441199015,0.2946059788165051,0.0970968002803461,0.692830031542895,0.2467179019720969,0.4435530794010016,p2,ctcf,fold_b,42,1hop,1hop,0.5470973089889255,337139,0.0402909821884628,0.0231799097643844
coordinate_plus_frozen_sequence_fm_plus_frozen_pangenomefm,"C+S-FM+T: coordinate, frozen sequence-model, and topology embeddings",0.7179554958520423,0.8803812475284405,1446966,337139,606910,all_test_chromosomes,all,606910,0.0402909821884628,0.8803812475284405,0.5380909706862208,0.0883138249967818,0.9390173172299024,0.1701859439016703,0.1324990798675009,0.1489963440711871,0.6877727652983099,0.2319442607518047,0.3982568161605,p2,ctcf,fold_b,42,1hop,1hop,0.5526880238046629,337139,0.0402909821884628,0.0500389617238643
coordinate,"reference coordinate, node length, and constant orientation",0.3486998793839979,0.4997774440211087,1446966,337139,606910,all_test_chromosomes,all,606910,0.0402909821884628,0.4997774440211087,0.4821764635232229,0.0509708748287427,0.605519764050683,0.0391474181141492,0.3733693207377418,0.0708647360618455,0.6972253336133684,0.250095497728133,0.4502260240040044,p2,ctcf,fold_b,42,strict,strict,0.4943176701876215,337139,0.0402909821884628,0.0111282612146687
sequence_kmer,mono/di/tri-nucleotide composition; no graph adjacency,0.4225700820011747,0.8561930190079778,1446966,337139,606910,all_test_chromosomes,all,606910,0.0402909821884628,0.8561930190079778,0.5466971268205477,0.0924748926618422,0.9457679062793496,0.2120345789939418,0.1273872326503905,0.1591559370529327,0.6691964485175688,0.2287559572194815,0.4111230987539956,p2,ctcf,fold_b,42,strict,strict,0.553756402075903,337139,0.0402909821884628,0.0543747214050113
frozen_sequence_fm,S-FM: frozen pretrained sequence-model embedding only; no graph adjacency,0.6685302860092521,0.8110458037775923,1446966,337139,606910,all_test_chromosomes,all,606910,0.0402909821884628,0.8110458037775923,0.5296723182420731,0.08645863289913,0.9220213870260828,0.1202138611231029,0.1480390954075164,0.1326833559359308,0.6837709560473714,0.2246805753508022,0.3873809688948703,p2,ctcf,fold_b,42,strict,strict,0.5512770963296654,337139,0.0402909821884628,0.0481058840271659
frozen_pangenomefm,frozen topology-pretrained node embedding; current encoder has no nucleotide input,0.5290523872591895,0.7940386555688606,1446966,337139,606910,all_test_chromosomes,all,606910,0.0402909821884628,0.7940386555688606,0.6117416796962781,0.0858896691376173,0.9277767708556458,0.1483269216810626,0.1671369566106408,0.1571711500374949,0.6903008861168929,0.241274618909126,0.4306125617684705,p2,ctcf,fold_b,42,strict,strict,0.5634236435793235,337139,0.0402909821884628,0.0475130337455148
coordinate_plus_frozen_sequence_fm,C+S-FM: coordinate and frozen sequence-model embedding,0.6649874209997346,0.8228268329297604,1446966,337139,606910,all_test_chromosomes,all,606910,0.0402909821884628,0.8228268329297604,0.5296072451783427,0.0864234614106984,0.9258951080061294,0.1272522522522522,0.1432544064123011,0.1347800157749947,0.6824619971745057,0.2242459679795618,0.3862910104222062,p2,ctcf,fold_b,42,strict,strict,0.5510033631630229,337139,0.0402909821884628,0.0480692359517818
coordinate_plus_frozen_pangenomefm,C+T: coordinate and frozen topology embedding; no nucleotide input,0.534807092143056,0.7556929073961709,1446966,337139,606910,all_test_chromosomes,all,606910,0.0402909821884628,0.7556929073961709,0.6033704636763475,0.0783523092431034,0.9152625595228288,0.1235801401021461,0.1810820758189179,0.146904651317099,0.6874748047493556,0.2403698896470011,0.4286732158281381,p2,ctcf,fold_b,42,strict,strict,0.5635836831176031,337139,0.0402909821884628,0.0396592366522024
coordinate_plus_frozen_sequence_fm_plus_frozen_pangenomefm,"C+S-FM+T: coordinate, frozen sequence-model, and topology embeddings",0.663314876395131,0.8085422049813866,1446966,337139,606910,all_test_chromosomes,all,606910,0.0402909821884628,0.8085422049813866,0.5296787053545605,0.0869659117769908,0.9253579608179135,0.1277142857142857,0.1462397251870936,0.1363506377137628,0.6832185088159375,0.2247697236607439,0.3845425794131797,p2,ctcf,fold_b,42,strict,strict,0.5521535079956967,337139,0.0402909821884628,0.0486344597396434
coordinate,"reference coordinate, node length, and constant orientation",19.99999816916032,0.5007608551400003,1641342,412534,337139,all_test_chromosomes,all,337139,0.0323457090398915,0.5007608551400003,0.5644892120076273,0.0401714575054762,0.8057032855884368,0.0426063063364943,0.2331957817514901,0.0720488447535804,0.6928757684930286,0.249864288884673,0.4675215504993825,p2,ctcf,fold_c,20260806,1hop,1hop,0.5290181168485131,412534,0.0323457090398915,0.0080873391857953
sequence_kmer,mono/di/tri-nucleotide composition; no graph adjacency,0.3772298017700401,0.7452890265121379,1641342,412534,337139,all_test_chromosomes,all,337139,0.0323457090398915,0.7452890265121379,0.5078673063079026,0.0619932394022078,0.9335763587125784,0.0888268556295182,0.1138010087116001,0.0997748834217719,0.6365879949838841,0.213241799083669,0.3982148622180294,p2,ctcf,fold_c,20260806,1hop,1hop,0.537389968973222,412534,0.0323457090398915,0.0306385561861147
frozen_sequence_fm,S-FM: frozen pretrained sequence-model embedding only; no graph adjacency,0.5704421964823206,0.5890080704675055,1641342,412534,337139,all_test_chromosomes,all,337139,0.0323457090398915,0.5890080704675055,0.5177192915231292,0.05353450125165,0.8389922257585151,0.0483350340490222,0.2128381476386978,0.0787794447084379,0.5598163703653098,0.1815279911555922,0.3390212030997641,p2,ctcf,fold_c,20260806,1hop,1hop,0.5363803899298708,412534,0.0323457090398915,0.0218970684155546
frozen_pangenomefm,frozen topology-pretrained node embedding; current encoder has no nucleotide input,0.6883499129907961,0.5584338872340043,1641342,412534,337139,all_test_chromosomes,all,337139,0.0323457090398915,0.5584338872340043,0.5183186614428823,0.0417956479605117,0.7976591257611846,0.0394110839655394,0.2248509857863365,0.0670669164809015,0.6552945426379571,0.2271756504639901,0.4248870421279157,p2,ctcf,fold_c,20260806,1hop,1hop,0.5208286636233803,412534,0.0323457090398915,0.0097658213360929
coordinate_plus_frozen_sequence_fm,C+S-FM: coordinate and frozen sequence-model embedding,0.5652442213743585,0.573319960141937,1641342,412534,337139,all_test_chromosomes,all,337139,0.0323457090398915,0.573319960141937,0.5227624318245818,0.0539183759009151,0.8247518086012001,0.0456277350233891,0.2218248509857863,0.0756871763583173,0.5580566736687643,0.1806899784857125,0.3377410141921877,p2,ctcf,fold_c,20260806,1hop,1hop,0.533365327397661,412534,0.0323457090398915,0.0222937748145767
coordinate_plus_frozen_pangenomefm,C+T: coordinate and frozen topology embedding; no nucleotide input,0.7517699904919531,0.5174813111470998,1641342,412534,337139,all_test_chromosomes,all,337139,0.0323457090398915,0.5174813111470998,0.520123005071504,0.041338388774502,0.7214561353032429,0.0393789054262533,0.3253553415864282,0.0702546433804601,0.6597458686011789,0.2289952972358494,0.4291298277605684,p2,ctcf,fold_c,20260806,1hop,1hop,0.5300259545404631,412534,0.0323457090398915,0.0092932773807967
coordinate_plus_frozen_sequence_fm_plus_frozen_pangenomefm,"C+S-FM+T: coordinate, frozen sequence-model, and topology embeddings",0.5941389675180548,0.6937400186416778,1641342,412534,337139,all_test_chromosomes,all,337139,0.0323457090398915,0.6937400186416778,0.5217837025289231,0.0545064176317512,0.9108765227398788,0.0692231523989558,0.141036221916552,0.0928659843613199,0.5702792308134847,0.1849304437008277,0.3419658066154886,p2,ctcf,fold_c,20260806,1hop,1hop,0.5388230699754232,412534,0.0323457090398915,0.0229014729732369
coordinate,"reference coordinate, node length, and constant orientation",19.99999816916032,0.5007608551400003,1641342,412534,337139,all_test_chromosomes,all,337139,0.0323457090398915,0.5007608551400003,0.5644892120076273,0.0401714575054762,0.8057032855884368,0.0426063063364943,0.2331957817514901,0.0720488447535804,0.6928757684930286,0.249864288884673,0.4675215504993825,p2,ctcf,fold_c,20260806,strict,strict,0.5290181168485131,412534,0.0323457090398915,0.0080873391857953
sequence_kmer,mono/di/tri-nucleotide composition; no graph adjacency,0.3772298017700401,0.7452890265121379,1641342,412534,337139,all_test_chromosomes,all,337139,0.0323457090398915,0.7452890265121379,0.5078673063079026,0.0619932394022078,0.9335763587125784,0.0888268556295182,0.1138010087116001,0.0997748834217719,0.6365879949838841,0.213241799083669,0.3982148622180294,p2,ctcf,fold_c,20260806,strict,strict,0.537389968973222,412534,0.0323457090398915,0.0306385561861147
frozen_sequence_fm,S-FM: frozen pretrained sequence-model embedding only; no graph adjacency,0.5704421964823206,0.5890080704675055,1641342,412534,337139,all_test_chromosomes,all,337139,0.0323457090398915,0.5890080704675055,0.5177192915231292,0.05353450125165,0.8389922257585151,0.0483350340490222,0.2128381476386978,0.0787794447084379,0.5598163703653098,0.1815279911555922,0.3390212030997641,p2,ctcf,fold_c,20260806,strict,strict,0.5363803899298708,412534,0.0323457090398915,0.0218970684155546
frozen_pangenomefm,frozen topology-pretrained node embedding; current encoder has no nucleotide input,1.1533422333080023,0.5876189059339578,1641342,412534,337139,all_test_chromosomes,all,337139,0.0323457090398915,0.5876189059339578,0.5365510498160665,0.0501821337725358,0.9037607633646656,0.064669981003193,0.1467216872994039,0.0897716433821466,0.6522709704629356,0.2283950727553087,0.438073583195848,p2,ctcf,fold_c,20260806,strict,strict,0.5378939701785126,412534,0.0323457090398915,0.0184326415944965
coordinate_plus_frozen_sequence_fm,C+S-FM: coordinate and frozen sequence-model embedding,0.5652442213743585,0.573319960141937,1641342,412534,337139,all_test_chromosomes,all,337139,0.0323457090398915,0.573319960141937,0.5227624318245818,0.0539183759009151,0.8247518086012001,0.0456277350233891,0.2218248509857863,0.0756871763583173,0.5580566736687643,0.1806899784857125,0.3377410141921877,p2,ctcf,fold_c,20260806,strict,strict,0.533365327397661,412534,0.0323457090398915,0.0222937748145767
coordinate_plus_frozen_pangenomefm,C+T: coordinate and frozen topology embedding; no nucleotide input,1.0964386935617294,0.6074628015600503,1641342,412534,337139,all_test_chromosomes,all,337139,0.0323457090398915,0.6074628015600503,0.5293654475860439,0.0499717492976614,0.9185410172065528,0.0740378678740481,0.1319578175149014,0.0948551465014337,0.6506398536469961,0.2273587227435872,0.4363043904841033,p2,ctcf,fold_c,20260806,strict,strict,0.5383959468344139,412534,0.0323457090398915,0.0182152246132048
coordinate_plus_frozen_sequence_fm_plus_frozen_pangenomefm,"C+S-FM+T: coordinate, frozen sequence-model, and topology embeddings",0.6349258072629201,0.5812530575556875,1641342,412534,337139,all_test_chromosomes,all,337139,0.0323457090398915,0.5812530575556875,0.5238176472047753,0.0561134371651378,0.8306959444027537,0.0469406177636484,0.2193489225126089,0.0773321694712509,0.5649372671867018,0.184812968997703,0.3481489993912958,p2,ctcf,fold_c,20260806,strict,strict,0.5352401594974443,412534,0.0323457090398915,0.0245622102307466
coordinate,"reference coordinate, node length, and constant orientation",19.99999816916032,0.5007608551400003,1641342,412534,337139,all_test_chromosomes,all,337139,0.0323457090398915,0.5007608551400003,0.5644892120076273,0.0401714575054762,0.8057032855884368,0.0426063063364943,0.2331957817514901,0.0720488447535804,0.6928757684930286,0.249864288884673,0.4675215504993825,p2,ctcf,fold_c,314159,1hop,1hop,0.5290181168485131,412534,0.0323457090398915,0.0080873391857953
sequence_kmer,mono/di/tri-nucleotide composition; no graph adjacency,0.3772298017700401,0.7452890265121379,1641342,412534,337139,all_test_chromosomes,all,337139,0.0323457090398915,0.7452890265121379,0.5078673063079026,0.0619932394022078,0.9335763587125784,0.0888268556295182,0.1138010087116001,0.0997748834217719,0.6365879949838841,0.213241799083669,0.3982148622180294,p2,ctcf,fold_c,314159,1hop,1hop,0.537389968973222,412534,0.0323457090398915,0.0306385561861147
frozen_sequence_fm,S-FM: frozen pretrained sequence-model embedding only; no graph adjacency,0.5704421964823206,0.5890080704675055,1641342,412534,337139,all_test_chromosomes,all,337139,0.0323457090398915,0.5890080704675055,0.5177192915231292,0.05353450125165,0.8389922257585151,0.0483350340490222,0.2128381476386978,0.0787794447084379,0.5598163703653098,0.1815279911555922,0.3390212030997641,p2,ctcf,fold_c,314159,1hop,1hop,0.5363803899298708,412534,0.0323457090398915,0.0218970684155546
frozen_pangenomefm,frozen topology-pretrained node embedding; current encoder has no nucleotide input,0.7010425523399982,0.6688870338741492,1641342,412534,337139,all_test_chromosomes,all,337139,0.0323457090398915,0.6688870338741492,0.6042788069211407,0.0508263517495974,0.9155214911357036,0.0651227236737925,0.1206785878037597,0.0845948638832642,0.6654118650947813,0.2311198062084463,0.4326240121675322,p2,ctcf,fold_c,314159,1hop,1hop,0.5313846171974285,412534,0.0323457090398915,0.0190983937986461
coordinate_plus_frozen_sequence_fm,C+S-FM: coordinate and frozen sequence-model embedding,0.5652442213743585,0.573319960141937,1641342,412534,337139,all_test_chromosomes,all,337139,0.0323457090398915,0.573319960141937,0.5227624318245818,0.0539183759009151,0.8247518086012001,0.0456277350233891,0.2218248509857863,0.0756871763583173,0.5580566736687643,0.1806899784857125,0.3377410141921877,p2,ctcf,fold_c,314159,1hop,1hop,0.533365327397661,412534,0.0323457090398915,0.0222937748145767
coordinate_plus_frozen_pangenomefm,C+T: coordinate and frozen topology embedding; no nucleotide input,0.7555199337703394,0.6499273493868192,1641342,412534,337139,all_test_chromosomes,all,337139,0.0323457090398915,0.6499273493868192,0.5967386242256352,0.0489967876326775,0.9100104111360596,0.0621395097332372,0.1264557542411737,0.0833308154817657,0.6682775346045654,0.2327170494342117,0.4358028238229963,p2,ctcf,fold_c,314159,1hop,1hop,0.5313289947232892,412534,0.0323457090398915,0.0172076729761253
coordinate_plus_frozen_sequence_fm_plus_frozen_pangenomefm,"C+S-FM+T: coordinate, frozen sequence-model, and topology embeddings",0.5790436647521984,0.5887798266238837,1641342,412534,337139,all_test_chromosomes,all,337139,0.0323457090398915,0.5887798266238837,0.5346264776086931,0.055098038882106,0.8289993148226695,0.0429068721398678,0.2011921137093076,0.0707297022840471,0.5615019311868819,0.1828406355868001,0.3379521066726175,p2,ctcf,fold_c,314159,1hop,1hop,0.5255885469078059,412534,0.0323457090398915,0.0235128703037523
coordinate,"reference coordinate, node length, and constant orientation",19.99999816916032,0.5007608551400003,1641342,412534,337139,all_test_chromosomes,all,337139,0.0323457090398915,0.5007608551400003,0.5644892120076273,0.0401714575054762,0.8057032855884368,0.0426063063364943,0.2331957817514901,0.0720488447535804,0.6928757684930286,0.249864288884673,0.4675215504993825,p2,ctcf,fold_c,314159,strict,strict,0.5290181168485131,412534,0.0323457090398915,0.0080873391857953
sequence_kmer,mono/di/tri-nucleotide composition; no graph adjacency,0.3772298017700401,0.7452890265121379,1641342,412534,337139,all_test_chromosomes,all,337139,0.0323457090398915,0.7452890265121379,0.5078673063079026,0.0619932394022078,0.9335763587125784,0.0888268556295182,0.1138010087116001,0.0997748834217719,0.6365879949838841,0.213241799083669,0.3982148622180294,p2,ctcf,fold_c,314159,strict,strict,0.537389968973222,412534,0.0323457090398915,0.0306385561861147
frozen_sequence_fm,S-FM: frozen pretrained sequence-model embedding only; no graph adjacency,0.5704421964823206,0.5890080704675055,1641342,412534,337139,all_test_chromosomes,all,337139,0.0323457090398915,0.5890080704675055,0.5177192915231292,0.05353450125165,0.8389922257585151,0.0483350340490222,0.2128381476386978,0.0787794447084379,0.5598163703653098,0.1815279911555922,0.3390212030997641,p2,ctcf,fold_c,314159,strict,strict,0.5363803899298708,412534,0.0323457090398915,0.0218970684155546
frozen_pangenomefm,frozen topology-pretrained node embedding; current encoder has no nucleotide input,0.874091901687094,0.7052663966397199,1641342,412534,337139,all_test_chromosomes,all,337139,0.0323457090398915,0.7052663966397199,0.564093330453512,0.0490662215131343,0.9439815625009268,0.0968784725729871,0.0879413113250802,0.0921938088829071,0.6394965850746228,0.2210766221185475,0.4249273242866541,p2,ctcf,fold_c,314159,strict,strict,0.5302688342705332,412534,0.0323457090398915,0.0172794278178135
coordinate_plus_frozen_sequence_fm,C+S-FM: coordinate and frozen sequence-model embedding,0.5652442213743585,0.573319960141937,1641342,412534,337139,all_test_chromosomes,all,337139,0.0323457090398915,0.573319960141937,0.5227624318245818,0.0539183759009151,0.8247518086012001,0.0456277350233891,0.2218248509857863,0.0756871763583173,0.5580566736687643,0.1806899784857125,0.3377410141921877,p2,ctcf,fold_c,314159,strict,strict,0.533365327397661,412534,0.0323457090398915,0.0222937748145767
coordinate_plus_frozen_pangenomefm,C+T: coordinate and frozen topology embedding; no nucleotide input,0.8401986084105749,0.6965245749034344,1641342,412534,337139,all_test_chromosomes,all,337139,0.0323457090398915,0.6965245749034344,0.5700572850079564,0.0503260158082344,0.9399980423504846,0.0876525738545904,0.0908757450710683,0.0892350637071721,0.6382364444626888,0.2202160508239479,0.4233035334072053,p2,ctcf,fold_c,314159,strict,strict,0.5296286680994545,412534,0.0323457090398915,0.0185813331644536
coordinate_plus_frozen_sequence_fm_plus_frozen_pangenomefm,"C+S-FM+T: coordinate, frozen sequence-model, and topology embeddings",0.63744943323109,0.5624623760062902,1641342,412534,337139,all_test_chromosomes,all,337139,0.0323457090398915,0.5624623760062902,0.5187236167167565,0.0517855978297695,0.8194157306036975,0.0442134062927496,0.2222833562585969,0.0737562756732085,0.5627064831099159,0.1840574282570281,0.3472408788823276,p2,ctcf,fold_c,314159,strict,strict,0.5308296934802429,412534,0.0323457090398915,0.0200897045272126
coordinate,"reference coordinate, node length, and constant orientation",19.99999816916032,0.5007608551400003,1641342,412534,337139,all_test_chromosomes,all,337139,0.0323457090398915,0.5007608551400003,0.5644892120076273,0.0401714575054762,0.8057032855884368,0.0426063063364943,0.2331957817514901,0.0720488447535804,0.6928757684930286,0.249864288884673,0.4675215504993825,p2,ctcf,fold_c,42,1hop,1hop,0.5290181168485131,412534,0.0323457090398915,0.0080873391857953
sequence_kmer,mono/di/tri-nucleotide composition; no graph adjacency,0.3772298017700401,0.7452890265121379,1641342,412534,337139,all_test_chromosomes,all,337139,0.0323457090398915,0.7452890265121379,0.5078673063079026,0.0619932394022078,0.9335763587125784,0.0888268556295182,0.1138010087116001,0.0997748834217719,0.6365879949838841,0.213241799083669,0.3982148622180294,p2,ctcf,fold_c,42,1hop,1hop,0.537389968973222,412534,0.0323457090398915,0.0306385561861147
frozen_sequence_fm,S-FM: frozen pretrained sequence-model embedding only; no graph adjacency,0.5704421964823206,0.5890080704675055,1641342,412534,337139,all_test_chromosomes,all,337139,0.0323457090398915,0.5890080704675055,0.5177192915231292,0.05353450125165,0.8389922257585151,0.0483350340490222,0.2128381476386978,0.0787794447084379,0.5598163703653098,0.1815279911555922,0.3390212030997641,p2,ctcf,fold_c,42,1hop,1hop,0.5363803899298708,412534,0.0323457090398915,0.0218970684155546
frozen_pangenomefm,frozen topology-pretrained node embedding; current encoder has no nucleotide input,0.7788101828042329,0.6007954601164078,1641342,412534,337139,all_test_chromosomes,all,337139,0.0323457090398915,0.6007954601164078,0.6026874694998225,0.0543614228447391,0.8677815381786148,0.0533994747592646,0.1845942228335625,0.0828360972799473,0.6372318325500859,0.220244236626145,0.420740993384513,p2,ctcf,fold_c,42,1hop,1hop,0.5376063066570076,412534,0.0323457090398915,0.0227516314561097
coordinate_plus_frozen_sequence_fm,C+S-FM: coordinate and frozen sequence-model embedding,0.5652442213743585,0.573319960141937,1641342,412534,337139,all_test_chromosomes,all,337139,0.0323457090398915,0.573319960141937,0.5227624318245818,0.0539183759009151,0.8247518086012001,0.0456277350233891,0.2218248509857863,0.0756871763583173,0.5580566736687643,0.1806899784857125,0.3377410141921877,p2,ctcf,fold_c,42,1hop,1hop,0.533365327397661,412534,0.0323457090398915,0.0222937748145767
coordinate_plus_frozen_pangenomefm,C+T: coordinate and frozen topology embedding; no nucleotide input,0.8099852803329503,0.6031079006022109,1641342,412534,337139,all_test_chromosomes,all,337139,0.0323457090398915,0.6031079006022109,0.5990199078403755,0.0542687169392725,0.8750841640984875,0.0534554299613678,0.1712975699220541,0.0814830970556161,0.6384024500377117,0.2210479065111129,0.422664812297663,p2,ctcf,fold_c,42,1hop,1hop,0.5349535784528151,412534,0.0323457090398915,0.0226558266771378
coordinate_plus_frozen_sequence_fm_plus_frozen_pangenomefm,"C+S-FM+T: coordinate, frozen sequence-model, and topology embeddings",0.6157189797608472,0.7146141004857548,1641342,412534,337139,all_test_chromosomes,all,337139,0.0323457090398915,0.7146141004857548,0.5405561212160136,0.0601833113541768,0.9146524133962548,0.0691933072954337,0.1315910132966529,0.0906964985463279,0.5714712143669577,0.1880667981575054,0.3492922584675835,p2,ctcf,fold_c,42,1hop,1hop,0.5362093813517601,412534,0.0323457090398915,0.0287681278059179
coordinate,"reference coordinate, node length, and constant orientation",19.99999816916032,0.5007608551400003,1641342,412534,337139,all_test_chromosomes,all,337139,0.0323457090398915,0.5007608551400003,0.5644892120076273,0.0401714575054762,0.8057032855884368,0.0426063063364943,0.2331957817514901,0.0720488447535804,0.6928757684930286,0.249864288884673,0.4675215504993825,p2,ctcf,fold_c,42,strict,strict,0.5290181168485131,412534,0.0323457090398915,0.0080873391857953
sequence_kmer,mono/di/tri-nucleotide composition; no graph adjacency,0.3772298017700401,0.7452890265121379,1641342,412534,337139,all_test_chromosomes,all,337139,0.0323457090398915,0.7452890265121379,0.5078673063079026,0.0619932394022078,0.9335763587125784,0.0888268556295182,0.1138010087116001,0.0997748834217719,0.6365879949838841,0.213241799083669,0.3982148622180294,p2,ctcf,fold_c,42,strict,strict,0.537389968973222,412534,0.0323457090398915,0.0306385561861147
frozen_sequence_fm,S-FM: frozen pretrained sequence-model embedding only; no graph adjacency,0.5704421964823206,0.5890080704675055,1641342,412534,337139,all_test_chromosomes,all,337139,0.0323457090398915,0.5890080704675055,0.5177192915231292,0.05353450125165,0.8389922257585151,0.0483350340490222,0.2128381476386978,0.0787794447084379,0.5598163703653098,0.1815279911555922,0.3390212030997641,p2,ctcf,fold_c,42,strict,strict,0.5363803899298708,412534,0.0323457090398915,0.0218970684155546
frozen_pangenomefm,frozen topology-pretrained node embedding; current encoder has no nucleotide input,1.804465368643965,0.6332648816375261,1641342,412534,337139,all_test_chromosomes,all,337139,0.0323457090398915,0.6332648816375261,0.5865308178144841,0.0567627326771297,0.9463159112413574,0.1053324555628703,0.0880330123796423,0.0959088865577701,0.664031219363315,0.2351249798439001,0.4494140585656785,p2,ctcf,fold_c,42,strict,strict,0.5315193415779168,412534,0.0323457090398915,0.0252332096962145
coordinate_plus_frozen_sequence_fm,C+S-FM: coordinate and frozen sequence-model embedding,0.5652442213743585,0.573319960141937,1641342,412534,337139,all_test_chromosomes,all,337139,0.0323457090398915,0.573319960141937,0.5227624318245818,0.0539183759009151,0.8247518086012001,0.0456277350233891,0.2218248509857863,0.0756871763583173,0.5580566736687643,0.1806899784857125,0.3377410141921877,p2,ctcf,fold_c,42,strict,strict,0.533365327397661,412534,0.0323457090398915,0.0222937748145767
coordinate_plus_frozen_pangenomefm,C+T: coordinate and frozen topology embedding; no nucleotide input,1.844090473312192,0.6352774646844012,1641342,412534,337139,all_test_chromosomes,all,337139,0.0323457090398915,0.6352774646844012,0.5809048703889665,0.0561810810902064,0.9514206306597576,0.1232273165358667,0.082072443833104,0.09852487890797,0.6642922955888455,0.2351910600098232,0.4495644449342769,p2,ctcf,fold_c,42,strict,strict,0.5312763562986214,412534,0.0323457090398915,0.0246321152843392
coordinate_plus_frozen_sequence_fm_plus_frozen_pangenomefm,"C+S-FM+T: coordinate, frozen sequence-model, and topology embeddings",0.6740926425614793,0.5448212803798821,1641342,412534,337139,all_test_chromosomes,all,337139,0.0323457090398915,0.5448212803798821,0.5234425076897109,0.0565081081901654,0.7981366735975369,0.0425211725341402,0.2435580009170105,0.0724021371715189,0.5691036254082458,0.1868255046547104,0.3535032634119101,p2,ctcf,fold_c,42,strict,strict,0.5301162675735209,412534,0.0323457090398915,0.0249700738951923
coordinate,"reference coordinate, node length, and constant orientation",0.3505465290001689,0.6118783670147001,1587549,390932,412534,all_test_chromosomes,all,412534,0.0356091861519293,0.6118783670147001,0.5041061916822209,0.0408921210591436,0.8917471044810852,0.0501110910946976,0.1136147038801906,0.069547462288524,0.7062908241026882,0.2557422451284576,0.4650822156305829,p2,ctcf,fold_d,20260806,1hop,1hop,0.5170467925248471,390932,0.0356091861519293,0.0054780021038717
sequence_kmer,mono/di/tri-nucleotide composition; no graph adjacency,0.8075972500681889,0.691964323954074,1587549,390932,412534,all_test_chromosomes,all,412534,0.0356091861519293,0.691964323954074,0.4955041090470146,0.0435176746476152,0.9499047351248624,0.1024481106971793,0.0524166099387338,0.0693506259569485,0.6418210112301678,0.223153043932822,0.422171811096434,p2,ctcf,fold_d,20260806,1hop,1hop,0.5177301074849258,390932,0.0356091861519293,0.00820050168679
frozen_sequence_fm,S-FM: frozen pretrained sequence-model embedding only; no graph adjacency,0.6774376086694047,0.7162494648979666,1587549,390932,412534,all_test_chromosomes,all,412534,0.0356091861519293,0.7162494648979666,0.5586219062133599,0.0587690975886318,0.9124799410472834,0.0598150051387461,0.0990469707283866,0.0745866974240676,0.5879212361089756,0.1955277042995345,0.3581432074216351,p2,ctcf,fold_d,20260806,1hop,1hop,0.5207810637114852,390932,0.0356091861519293,0.0240150684806824
frozen_pangenomefm,frozen topology-pretrained node embedding; current encoder has no nucleotide input,0.6129409970851135,0.765285170613379,1587549,390932,412534,all_test_chromosomes,all,412534,0.0356091861519293,0.765285170613379,0.5642338101790023,0.0599722028230833,0.933845452738441,0.0880679960771494,0.0916950306330837,0.0898449224612306,0.6284938634453446,0.215467727965917,0.3984249528980844,p2,ctcf,fold_d,20260806,1hop,1hop,0.5283180313982221,390932,0.0356091861519293,0.0252625971974388
coordinate_plus_frozen_sequence_fm,C+S-FM: coordinate and frozen sequence-model embedding,0.6788700271249368,0.6348452581792338,1587549,390932,412534,all_test_chromosomes,all,412534,0.0356091861519293,0.6348452581792338,0.5562389334161231,0.0574595649288196,0.8693392544614504,0.0481655604719764,0.1422736555479918,0.0719672187596845,0.5831584893057592,0.1935049992105386,0.3549275482434183,p2,ctcf,fold_d,20260806,1hop,1hop,0.5192295475334996,390932,0.0356091861519293,0.0226571826101328
coordinate_plus_frozen_pangenomefm,C+T: coordinate and frozen topology embedding; no nucleotide input,0.6043247928049374,0.793488979812994,1587549,390932,412534,all_test_chromosomes,all,412534,0.0356091861519293,0.793488979812994,0.5621720448643649,0.0635587381953946,0.9439585585672938,0.1089356963904611,0.0799183117767188,0.0921977461027997,0.6271647011668618,0.2149880601538942,0.3967996458869535,p2,ctcf,fold_d,20260806,1hop,1hop,0.5278903550518507,390932,0.0356091861519293,0.0289815618752549
coordinate_plus_frozen_sequence_fm_plus_frozen_pangenomefm,"C+S-FM+T: coordinate, frozen sequence-model, and topology embeddings",0.6816221877551841,0.8594279410262494,1587549,390932,412534,all_test_chromosomes,all,412534,0.0356091861519293,0.8594279410262494,0.5686087205921468,0.0592001220607582,0.9542971003602128,0.1264800861141012,0.0479918311776718,0.0695815238847216,0.5573946829204994,0.1830550146252671,0.3400028380674642,p2,ctcf,fold_d,20260806,1hop,1hop,0.5178766829247766,390932,0.0356091861519293,0.0244620081092409
coordinate,"reference coordinate, node length, and constant orientation",0.3505465290001689,0.6118783670147001,1587549,390932,412534,all_test_chromosomes,all,412534,0.0356091861519293,0.6118783670147001,0.5041061916822209,0.0408921210591436,0.8917471044810852,0.0501110910946976,0.1136147038801906,0.069547462288524,0.7062908241026882,0.2557422451284576,0.4650822156305829,p2,ctcf,fold_d,20260806,strict,strict,0.5170467925248471,390932,0.0356091861519293,0.0054780021038717
sequence_kmer,mono/di/tri-nucleotide composition; no graph adjacency,0.8075972500681889,0.691964323954074,1587549,390932,412534,all_test_chromosomes,all,412534,0.0356091861519293,0.691964323954074,0.4955041090470146,0.0435176746476152,0.9499047351248624,0.1024481106971793,0.0524166099387338,0.0693506259569485,0.6418210112301678,0.223153043932822,0.422171811096434,p2,ctcf,fold_d,20260806,strict,strict,0.5177301074849258,390932,0.0356091861519293,0.00820050168679
frozen_sequence_fm,S-FM: frozen pretrained sequence-model embedding only; no graph adjacency,0.6774376086694047,0.7162494648979666,1587549,390932,412534,all_test_chromosomes,all,412534,0.0356091861519293,0.7162494648979666,0.5586219062133599,0.0587690975886318,0.9124799410472834,0.0598150051387461,0.0990469707283866,0.0745866974240676,0.5879212361089756,0.1955277042995345,0.3581432074216351,p2,ctcf,fold_d,20260806,strict,strict,0.5207810637114852,390932,0.0356091861519293,0.0240150684806824
frozen_pangenomefm,frozen topology-pretrained node embedding; current encoder has no nucleotide input,0.6159146661201681,0.7554065636445809,1587549,390932,412534,all_test_chromosomes,all,412534,0.0356091861519293,0.7554065636445809,0.572049058003305,0.0540991978770656,0.9004397213320599,0.0692594043887147,0.1443839346494213,0.0936134527960453,0.6950269776288003,0.240130415979619,0.4276651526249461,p2,ctcf,fold_d,20260806,strict,strict,0.5363701376628331,390932,0.0356091861519293,0.019172737296572
coordinate_plus_frozen_sequence_fm,C+S-FM: coordinate and frozen sequence-model embedding,0.6788700271249368,0.6348452581792338,1587549,390932,412534,all_test_chromosomes,all,412534,0.0356091861519293,0.6348452581792338,0.5562389334161231,0.0574595649288196,0.8693392544614504,0.0481655604719764,0.1422736555479918,0.0719672187596845,0.5831584893057592,0.1935049992105386,0.3549275482434183,p2,ctcf,fold_d,20260806,strict,strict,0.5192295475334996,390932,0.0356091861519293,0.0226571826101328
coordinate_plus_frozen_pangenomefm,C+T: coordinate and frozen topology embedding; no nucleotide input,0.6140366013531792,0.7464621010713324,1587549,390932,412534,all_test_chromosomes,all,412534,0.0356091861519293,0.7464621010713324,0.570404637308914,0.0536350915532477,0.8977247935927706,0.0688260378778377,0.1494213750850919,0.0942424112318062,0.6972793640936437,0.2412068788645285,0.4286099091553376,p2,ctcf,fold_d,20260806,strict,strict,0.5373882697104309,390932,0.0356091861519293,0.018691494301353
coordinate_plus_frozen_sequence_fm_plus_frozen_pangenomefm,"C+S-FM+T: coordinate, frozen sequence-model, and topology embeddings",0.6723521344214329,0.7801663493472555,1587549,390932,412534,all_test_chromosomes,all,412534,0.0356091861519293,0.7801663493472555,0.5656115353860782,0.0584863459614567,0.93537744767704,0.074450686197824,0.0712729748127978,0.0728271832504434,0.5932874260855934,0.1968644123400547,0.3572658990881454,p2,ctcf,fold_d,20260806,strict,strict,0.5192783168671926,390932,0.0356091861519293,0.0237218765266375
coordinate,"reference coordinate, node length, and constant orientation",0.3505465290001689,0.6118783670147001,1587549,390932,412534,all_test_chromosomes,all,412534,0.0356091861519293,0.6118783670147001,0.5041061916822209,0.0408921210591436,0.8917471044810852,0.0501110910946976,0.1136147038801906,0.069547462288524,0.7062908241026882,0.2557422451284576,0.4650822156305829,p2,ctcf,fold_d,314159,1hop,1hop,0.5170467925248471,390932,0.0356091861519293,0.0054780021038717
sequence_kmer,mono/di/tri-nucleotide composition; no graph adjacency,0.8075972500681889,0.691964323954074,1587549,390932,412534,all_test_chromosomes,all,412534,0.0356091861519293,0.691964323954074,0.4955041090470146,0.0435176746476152,0.9499047351248624,0.1024481106971793,0.0524166099387338,0.0693506259569485,0.6418210112301678,0.223153043932822,0.422171811096434,p2,ctcf,fold_d,314159,1hop,1hop,0.5177301074849258,390932,0.0356091861519293,0.00820050168679
frozen_sequence_fm,S-FM: frozen pretrained sequence-model embedding only; no graph adjacency,0.6774376086694047,0.7162494648979666,1587549,390932,412534,all_test_chromosomes,all,412534,0.0356091861519293,0.7162494648979666,0.5586219062133599,0.0587690975886318,0.9124799410472834,0.0598150051387461,0.0990469707283866,0.0745866974240676,0.5879212361089756,0.1955277042995345,0.3581432074216351,p2,ctcf,fold_d,314159,1hop,1hop,0.5207810637114852,390932,0.0356091861519293,0.0240150684806824
frozen_pangenomefm,frozen topology-pretrained node embedding; current encoder has no nucleotide input,0.5982933329514654,0.7665655945765147,1587549,390932,412534,all_test_chromosomes,all,412534,0.0356091861519293,0.7665655945765147,0.5667794852478139,0.0515924157603644,0.933573959964512,0.080844048796571,0.0834581347855684,0.0821302964327583,0.6227964733727686,0.2130183349886426,0.3931784902123045,p2,ctcf,fold_d,314159,1hop,1hop,0.5242108944405718,390932,0.0356091861519293,0.016573394705679
coordinate_plus_frozen_sequence_fm,C+S-FM: coordinate and frozen sequence-model embedding,0.6788700271249368,0.6348452581792338,1587549,390932,412534,all_test_chromosomes,all,412534,0.0356091861519293,0.6348452581792338,0.5562389334161231,0.0574595649288196,0.8693392544614504,0.0481655604719764,0.1422736555479918,0.0719672187596845,0.5831584893057592,0.1935049992105386,0.3549275482434183,p2,ctcf,fold_d,314159,1hop,1hop,0.5192295475334996,390932,0.0356091861519293,0.0226571826101328
coordinate_plus_frozen_pangenomefm,C+T: coordinate and frozen topology embedding; no nucleotide input,0.6181496413651659,0.7833416195898536,1587549,390932,412534,all_test_chromosomes,all,412534,0.0356091861519293,0.7833416195898536,0.5660101310597819,0.0517961735764239,0.938288722868903,0.0886936592818945,0.0790333560245064,0.083585313174946,0.6252690508115735,0.2144087729609114,0.3962271484052921,p2,ctcf,fold_d,314159,1hop,1hop,0.5245246208240086,390932,0.0356091861519293,0.0167846760795097
coordinate_plus_frozen_sequence_fm_plus_frozen_pangenomefm,"C+S-FM+T: coordinate, frozen sequence-model, and topology embeddings",0.6694290004717135,0.7236831641194225,1587549,390932,412534,all_test_chromosomes,all,412534,0.0356091861519293,0.7236831641194225,0.553771238052066,0.0562969249961652,0.9239456626605322,0.0611751091473357,0.0791695030633083,0.0690187234800154,0.5518443249806299,0.1806174687726046,0.3350342578754602,p2,ctcf,fold_d,314159,1hop,1hop,0.5171538489668298,390932,0.0356091861519293,0.0214516133368054
coordinate,"reference coordinate, node length, and constant orientation",0.3505465290001689,0.6118783670147001,1587549,390932,412534,all_test_chromosomes,all,412534,0.0356091861519293,0.6118783670147001,0.5041061916822209,0.0408921210591436,0.8917471044810852,0.0501110910946976,0.1136147038801906,0.069547462288524,0.7062908241026882,0.2557422451284576,0.4650822156305829,p2,ctcf,fold_d,314159,strict,strict,0.5170467925248471,390932,0.0356091861519293,0.0054780021038717
sequence_kmer,mono/di/tri-nucleotide composition; no graph adjacency,0.8075972500681889,0.691964323954074,1587549,390932,412534,all_test_chromosomes,all,412534,0.0356091861519293,0.691964323954074,0.4955041090470146,0.0435176746476152,0.9499047351248624,0.1024481106971793,0.0524166099387338,0.0693506259569485,0.6418210112301678,0.223153043932822,0.422171811096434,p2,ctcf,fold_d,314159,strict,strict,0.5177301074849258,390932,0.0356091861519293,0.00820050168679
frozen_sequence_fm,S-FM: frozen pretrained sequence-model embedding only; no graph adjacency,0.6774376086694047,0.7162494648979666,1587549,390932,412534,all_test_chromosomes,all,412534,0.0356091861519293,0.7162494648979666,0.5586219062133599,0.0587690975886318,0.9124799410472834,0.0598150051387461,0.0990469707283866,0.0745866974240676,0.5879212361089756,0.1955277042995345,0.3581432074216351,p2,ctcf,fold_d,314159,strict,strict,0.5207810637114852,390932,0.0356091861519293,0.0240150684806824
frozen_pangenomefm,frozen topology-pretrained node embedding; current encoder has no nucleotide input,0.6063499341919917,0.673802870483591,1587549,390932,412534,all_test_chromosomes,all,412534,0.0356091861519293,0.673802870483591,0.5858403792698602,0.0491155729845855,0.8599776018461509,0.0579614958335043,0.1922396187882913,0.0890683151453983,0.6909793727791164,0.240885644837597,0.4273157169540995,p2,ctcf,fold_d,314159,strict,strict,0.5384363957948455,390932,0.0356091861519293,0.0140050969365455
coordinate_plus_frozen_sequence_fm,C+S-FM: coordinate and frozen sequence-model embedding,0.6788700271249368,0.6348452581792338,1587549,390932,412534,all_test_chromosomes,all,412534,0.0356091861519293,0.6348452581792338,0.5562389334161231,0.0574595649288196,0.8693392544614504,0.0481655604719764,0.1422736555479918,0.0719672187596845,0.5831584893057592,0.1935049992105386,0.3549275482434183,p2,ctcf,fold_d,314159,strict,strict,0.5192295475334996,390932,0.0356091861519293,0.0226571826101328
coordinate_plus_frozen_pangenomefm,C+T: coordinate and frozen topology embedding; no nucleotide input,0.6063864689250401,0.6992940849759901,1587549,390932,412534,all_test_chromosomes,all,412534,0.0356091861519293,0.6992940849759901,0.5871202719348918,0.0495419896080428,0.8775494868301764,0.0595756189914189,0.1649421375085092,0.087534545980022,0.689538739533725,0.2403074606270988,0.4268769086809418,p2,ctcf,fold_d,314159,strict,strict,0.534401976346175,390932,0.0356091861519293,0.0144472585761362
coordinate_plus_frozen_sequence_fm_plus_frozen_pangenomefm,"C+S-FM+T: coordinate, frozen sequence-model, and topology embeddings",0.6469617300123354,0.608048625915093,1587549,390932,412534,all_test_chromosomes,all,412534,0.0356091861519293,0.608048625915093,0.5640845333166735,0.0583451388254321,0.8244678014418205,0.0567475004991322,0.2515316541865214,0.0926030349736225,0.5907061822659028,0.1961951063978655,0.3530907845530054,p2,ctcf,fold_d,314159,strict,strict,0.5485772808288958,390932,0.0356091861519293,0.0235754554554318
coordinate,"reference coordinate, node length, and constant orientation",0.3505465290001689,0.6118783670147001,1587549,390932,412534,all_test_chromosomes,all,412534,0.0356091861519293,0.6118783670147001,0.5041061916822209,0.0408921210591436,0.8917471044810852,0.0501110910946976,0.1136147038801906,0.069547462288524,0.7062908241026882,0.2557422451284576,0.4650822156305829,p2,ctcf,fold_d,42,1hop,1hop,0.5170467925248471,390932,0.0356091861519293,0.0054780021038717
sequence_kmer,mono/di/tri-nucleotide composition; no graph adjacency,0.8075972500681889,0.691964323954074,1587549,390932,412534,all_test_chromosomes,all,412534,0.0356091861519293,0.691964323954074,0.4955041090470146,0.0435176746476152,0.9499047351248624,0.1024481106971793,0.0524166099387338,0.0693506259569485,0.6418210112301678,0.223153043932822,0.422171811096434,p2,ctcf,fold_d,42,1hop,1hop,0.5177301074849258,390932,0.0356091861519293,0.00820050168679
frozen_sequence_fm,S-FM: frozen pretrained sequence-model embedding only; no graph adjacency,0.6774376086694047,0.7162494648979666,1587549,390932,412534,all_test_chromosomes,all,412534,0.0356091861519293,0.7162494648979666,0.5586219062133599,0.0587690975886318,0.9124799410472834,0.0598150051387461,0.0990469707283866,0.0745866974240676,0.5879212361089756,0.1955277042995345,0.3581432074216351,p2,ctcf,fold_d,42,1hop,1hop,0.5207810637114852,390932,0.0356091861519293,0.0240150684806824
frozen_pangenomefm,frozen topology-pretrained node embedding; current encoder has no nucleotide input,0.567633967142085,0.7076973791753376,1587549,390932,412534,all_test_chromosomes,all,412534,0.0356091861519293,0.7076973791753376,0.5781561412815621,0.0633603971455714,0.9012202630571056,0.0691137566137566,0.1422736555479918,0.093033607834409,0.6332196043283641,0.2137488691430209,0.3932260952073659,p2,ctcf,fold_d,42,1hop,1hop,0.5357586393383277,390932,0.0356091861519293,0.0287758972764479
coordinate_plus_frozen_sequence_fm,C+S-FM: coordinate and frozen sequence-model embedding,0.6788700271249368,0.6348452581792338,1587549,390932,412534,all_test_chromosomes,all,412534,0.0356091861519293,0.6348452581792338,0.5562389334161231,0.0574595649288196,0.8693392544614504,0.0481655604719764,0.1422736555479918,0.0719672187596845,0.5831584893057592,0.1935049992105386,0.3549275482434183,p2,ctcf,fold_d,42,1hop,1hop,0.5192295475334996,390932,0.0356091861519293,0.0226571826101328
coordinate_plus_frozen_pangenomefm,C+T: coordinate and frozen topology embedding; no nucleotide input,0.5833468313748377,0.7396655620407356,1587549,390932,412534,all_test_chromosomes,all,412534,0.0356091861519293,0.7396655620407356,0.576935496485348,0.0629443300607814,0.9138083164054356,0.0752696926521473,0.1258679373723621,0.0942045599286715,0.6377580646447647,0.21601171805363,0.3975529232893872,p2,ctcf,fold_d,42,1hop,1hop,0.5343850902313093,390932,0.0356091861519293,0.0283444673221021
coordinate_plus_frozen_sequence_fm_plus_frozen_pangenomefm,"C+S-FM+T: coordinate, frozen sequence-model, and topology embeddings",0.6646655436764658,0.7171544446261144,1587549,390932,412534,all_test_chromosomes,all,412534,0.0356091861519293,0.7171544446261144,0.5641067068654575,0.0620698879704724,0.9098934875670854,0.0879398826979472,0.1633083730428863,0.1143197522039552,0.5609555700630944,0.1827564251500427,0.3379742592296287,p2,ctcf,fold_d,42,1hop,1hop,0.5503843923307553,390932,0.0356091861519293,0.0274377373141504
coordinate,"reference coordinate, node length, and constant orientation",0.3505465290001689,0.6118783670147001,1587549,390932,412534,all_test_chromosomes,all,412534,0.0356091861519293,0.6118783670147001,0.5041061916822209,0.0408921210591436,0.8917471044810852,0.0501110910946976,0.1136147038801906,0.069547462288524,0.7062908241026882,0.2557422451284576,0.4650822156305829,p2,ctcf,fold_d,42,strict,strict,0.5170467925248471,390932,0.0356091861519293,0.0054780021038717
sequence_kmer,mono/di/tri-nucleotide composition; no graph adjacency,0.8075972500681889,0.691964323954074,1587549,390932,412534,all_test_chromosomes,all,412534,0.0356091861519293,0.691964323954074,0.4955041090470146,0.0435176746476152,0.9499047351248624,0.1024481106971793,0.0524166099387338,0.0693506259569485,0.6418210112301678,0.223153043932822,0.422171811096434,p2,ctcf,fold_d,42,strict,strict,0.5177301074849258,390932,0.0356091861519293,0.00820050168679
frozen_sequence_fm,S-FM: frozen pretrained sequence-model embedding only; no graph adjacency,0.6774376086694047,0.7162494648979666,1587549,390932,412534,all_test_chromosomes,all,412534,0.0356091861519293,0.7162494648979666,0.5586219062133599,0.0587690975886318,0.9124799410472834,0.0598150051387461,0.0990469707283866,0.0745866974240676,0.5879212361089756,0.1955277042995345,0.3581432074216351,p2,ctcf,fold_d,42,strict,strict,0.5207810637114852,390932,0.0356091861519293,0.0240150684806824
frozen_pangenomefm,frozen topology-pretrained node embedding; current encoder has no nucleotide input,0.6968314900608381,0.7983979513465677,1587549,390932,412534,all_test_chromosomes,all,412534,0.0356091861519293,0.7983979513465677,0.5502041311552864,0.0521987109755157,0.9360489074839892,0.0824882159691472,0.0786249149081007,0.0805102467586783,0.6841162372426817,0.2408091262132188,0.4338924995742848,p2,ctcf,fold_d,42,strict,strict,0.5231666817228593,390932,0.0356091861519293,0.0172020767777657
coordinate_plus_frozen_sequence_fm,C+S-FM: coordinate and frozen sequence-model embedding,0.6788700271249368,0.6348452581792338,1587549,390932,412534,all_test_chromosomes,all,412534,0.0356091861519293,0.6348452581792338,0.5562389334161231,0.0574595649288196,0.8693392544614504,0.0481655604719764,0.1422736555479918,0.0719672187596845,0.5831584893057592,0.1935049992105386,0.3549275482434183,p2,ctcf,fold_d,42,strict,strict,0.5192295475334996,390932,0.0356091861519293,0.0226571826101328
coordinate_plus_frozen_pangenomefm,C+T: coordinate and frozen topology embedding; no nucleotide input,0.7106715151268608,0.7928428601780476,1587549,390932,412534,all_test_chromosomes,all,412534,0.0356091861519293,0.7928428601780476,0.548287914729692,0.0521227408696424,0.9387977718200196,0.0964684299036844,0.0859087814840027,0.0908829036439579,0.6853517314896983,0.241775634039959,0.4355400799145527,p2,ctcf,fold_d,42,strict,strict,0.5280993219210565,390932,0.0356091861519293,0.017123301550148
coordinate_plus_frozen_sequence_fm_plus_frozen_pangenomefm,"C+S-FM+T: coordinate, frozen sequence-model, and topology embeddings",0.6599598667332476,0.7439637006891454,1587549,390932,412534,all_test_chromosomes,all,412534,0.0356091861519293,0.7439637006891454,0.5565475745274517,0.056675657598404,0.9228330270959484,0.0620721365076121,0.0827093260721579,0.0709199159467662,0.5841656324169562,0.1933738432414221,0.3531415476944635,p2,ctcf,fold_d,42,strict,strict,0.5182815489511613,390932,0.0356091861519293,0.021844330269402
coordinate,"reference coordinate, node length, and constant orientation",0.4335181298281753,0.5552928042411714,1356583,643500,390932,all_test_chromosomes,all,390932,0.0304937943171702,0.5552928042411714,0.5112814505415066,0.0447958009016154,0.9207713873512527,0.0576708766716196,0.1041858904454324,0.0742445527094479,0.6890608173103085,0.2478947636335005,0.4659889182844808,p2,ctcf,fold_e,20260806,1hop,1hop,0.5253206351842212,643500,0.0304937943171702,0.0147518463529299
sequence_kmer,mono/di/tri-nucleotide composition; no graph adjacency,0.5702869681485361,0.8240371573545128,1356583,643500,390932,all_test_chromosomes,all,390932,0.0304937943171702,0.8240371573545128,0.5608765672814047,0.0645582587751728,0.9534062189843758,0.1484584450402144,0.1114839359114168,0.1273415417045944,0.6492123447220353,0.2180619622787457,0.4085301962244561,p2,ctcf,fold_e,20260806,1hop,1hop,0.54568553159898,643500,0.0304937943171702,0.0351358910941789
frozen_sequence_fm,S-FM: frozen pretrained sequence-model embedding only; no graph adjacency,0.6844517039954175,0.6758023262250552,1356583,643500,390932,all_test_chromosomes,all,390932,0.0304937943171702,0.6758023262250552,0.5556640485920268,0.0488390200183196,0.8979413299499657,0.0553984044750977,0.1462125660598943,0.0803522035773557,0.5802885317561219,0.1868923672775764,0.3487710354204397,p2,ctcf,fold_e,20260806,1hop,1hop,0.5338989777010781,643500,0.0304937943171702,0.0189222364886553
frozen_pangenomefm,frozen topology-pretrained node embedding; current encoder has no nucleotide input,0.48875137240975,0.7270327429739554,1356583,643500,390932,all_test_chromosomes,all,390932,0.0304937943171702,0.7270327429739554,0.5488895052212225,0.0546819871404651,0.9118440035607216,0.0799105478941483,0.1798506836674775,0.1106552088978349,0.6221436335531098,0.2033234866350504,0.3836350251131137,p2,ctcf,fold_e,20260806,1hop,1hop,0.5573590047089587,643500,0.0304937943171702,0.0249489819472161
coordinate_plus_frozen_sequence_fm,C+S-FM: coordinate and frozen sequence-model embedding,0.6824418433205144,0.7202650463055809,1356583,643500,390932,all_test_chromosomes,all,390932,0.0304937943171702,0.7202650463055809,0.5529450859889012,0.0480315260119405,0.9158907431471458,0.0607343448738368,0.1215502055196711,0.080997233013779,0.5779590203325554,0.1850677242693488,0.3454496467082856,p2,ctcf,fold_e,20260806,1hop,1hop,0.5312126362351173,643500,0.0304937943171702,0.0180893444435647
coordinate_plus_frozen_pangenomefm,C+T: coordinate and frozen topology embedding; no nucleotide input,0.4906149183960118,0.713970021892219,1356583,643500,390932,all_test_chromosomes,all,390932,0.0304937943171702,0.713970021892219,0.5482709732606426,0.0550059372589576,0.9073854276447054,0.07731402513315,0.1863098733327741,0.1092796693564259,0.6208823273638027,0.2026846920577137,0.3828740221375746,p2,ctcf,fold_e,20260806,1hop,1hop,0.5581876138182376,643500,0.0304937943171702,0.0252831212405941
coordinate_plus_frozen_sequence_fm_plus_frozen_pangenomefm,"C+S-FM+T: coordinate, frozen sequence-model, and topology embeddings",0.7068159994012062,0.7306298827052073,1356583,643500,390932,all_test_chromosomes,all,390932,0.0304937943171702,0.7306298827052073,0.5560540167980814,0.0522491147644798,0.9203211811772892,0.0701126810946163,0.1315325895478567,0.0914685722619221,0.5823854390581983,0.1855897262146836,0.3458280940558551,p2,ctcf,fold_e,20260806,1hop,1hop,0.5383317348271194,643500,0.0304937943171702,0.0224395886481068
coordinate,"reference coordinate, node length, and constant orientation",0.4335181298281753,0.5552928042411714,1356583,643500,390932,all_test_chromosomes,all,390932,0.0304937943171702,0.5552928042411714,0.5112814505415066,0.0447958009016154,0.9207713873512527,0.0576708766716196,0.1041858904454324,0.0742445527094479,0.6890608173103085,0.2478947636335005,0.4659889182844808,p2,ctcf,fold_e,20260806,strict,strict,0.5253206351842212,643500,0.0304937943171702,0.0147518463529299
sequence_kmer,mono/di/tri-nucleotide composition; no graph adjacency,0.5702869681485361,0.8240371573545128,1356583,643500,390932,all_test_chromosomes,all,390932,0.0304937943171702,0.8240371573545128,0.5608765672814047,0.0645582587751728,0.9534062189843758,0.1484584450402144,0.1114839359114168,0.1273415417045944,0.6492123447220353,0.2180619622787457,0.4085301962244561,p2,ctcf,fold_e,20260806,strict,strict,0.54568553159898,643500,0.0304937943171702,0.0351358910941789
frozen_sequence_fm,S-FM: frozen pretrained sequence-model embedding only; no graph adjacency,0.6844517039954175,0.6758023262250552,1356583,643500,390932,all_test_chromosomes,all,390932,0.0304937943171702,0.6758023262250552,0.5556640485920268,0.0488390200183196,0.8979413299499657,0.0553984044750977,0.1462125660598943,0.0803522035773557,0.5802885317561219,0.1868923672775764,0.3487710354204397,p2,ctcf,fold_e,20260806,strict,strict,0.5338989777010781,643500,0.0304937943171702,0.0189222364886553
frozen_pangenomefm,frozen topology-pretrained node embedding; current encoder has no nucleotide input,0.6414588865206778,0.6638754053161816,1356583,643500,390932,all_test_chromosomes,all,390932,0.0304937943171702,0.6638754053161816,0.547684332277605,0.0594160345734378,0.8888093069894508,0.0670545933631597,0.2049324721080446,0.1010464491045208,0.6148797831429783,0.208105799125656,0.3949022343847023,p2,ctcf,fold_e,20260806,strict,strict,0.5576258488357094,643500,0.0304937943171702,0.029831928962123
coordinate_plus_frozen_sequence_fm,C+S-FM: coordinate and frozen sequence-model embedding,0.6824418433205144,0.7202650463055809,1356583,643500,390932,all_test_chromosomes,all,390932,0.0304937943171702,0.7202650463055809,0.5529450859889012,0.0480315260119405,0.9158907431471458,0.0607343448738368,0.1215502055196711,0.080997233013779,0.5779590203325554,0.1850677242693488,0.3454496467082856,p2,ctcf,fold_e,20260806,strict,strict,0.5312126362351173,643500,0.0304937943171702,0.0180893444435647
coordinate_plus_frozen_pangenomefm,C+T: coordinate and frozen topology embedding; no nucleotide input,0.6249947442841721,0.6438898454789439,1356583,643500,390932,all_test_chromosomes,all,390932,0.0304937943171702,0.6438898454789439,0.5505320092515602,0.059143732877232,0.8774569490346147,0.063087346106214,0.2179347370187065,0.0978494218673496,0.6144929154406273,0.2077410761878501,0.3934008028153249,p2,ctcf,fold_e,20260806,strict,strict,0.5580677903968446,643500,0.0304937943171702,0.0295510625843632
coordinate_plus_frozen_sequence_fm_plus_frozen_pangenomefm,"C+S-FM+T: coordinate, frozen sequence-model, and topology embeddings",0.7365310088527892,0.7052407459714461,1356583,643500,390932,all_test_chromosomes,all,390932,0.0304937943171702,0.7052407459714461,0.545195700729576,0.0475173936900481,0.9193926309434888,0.0656290186687951,0.1241506585018035,0.0858667904386168,0.5659673054915566,0.1824124831883871,0.3445022429271676,p2,ctcf,fold_e,20260806,strict,strict,0.5342779829997376,643500,0.0304937943171702,0.0175590411624936
coordinate,"reference coordinate, node length, and constant orientation",0.4335181298281753,0.5552928042411714,1356583,643500,390932,all_test_chromosomes,all,390932,0.0304937943171702,0.5552928042411714,0.5112814505415066,0.0447958009016154,0.9207713873512527,0.0576708766716196,0.1041858904454324,0.0742445527094479,0.6890608173103085,0.2478947636335005,0.4659889182844808,p2,ctcf,fold_e,314159,1hop,1hop,0.5253206351842212,643500,0.0304937943171702,0.0147518463529299
sequence_kmer,mono/di/tri-nucleotide composition; no graph adjacency,0.5702869681485361,0.8240371573545128,1356583,643500,390932,all_test_chromosomes,all,390932,0.0304937943171702,0.8240371573545128,0.5608765672814047,0.0645582587751728,0.9534062189843758,0.1484584450402144,0.1114839359114168,0.1273415417045944,0.6492123447220353,0.2180619622787457,0.4085301962244561,p2,ctcf,fold_e,314159,1hop,1hop,0.54568553159898,643500,0.0304937943171702,0.0351358910941789
frozen_sequence_fm,S-FM: frozen pretrained sequence-model embedding only; no graph adjacency,0.6844517039954175,0.6758023262250552,1356583,643500,390932,all_test_chromosomes,all,390932,0.0304937943171702,0.6758023262250552,0.5556640485920268,0.0488390200183196,0.8979413299499657,0.0553984044750977,0.1462125660598943,0.0803522035773557,0.5802885317561219,0.1868923672775764,0.3487710354204397,p2,ctcf,fold_e,314159,1hop,1hop,0.5338989777010781,643500,0.0304937943171702,0.0189222364886553
frozen_pangenomefm,frozen topology-pretrained node embedding; current encoder has no nucleotide input,0.4826667270577489,0.6728794506841489,1356583,643500,390932,all_test_chromosomes,all,390932,0.0304937943171702,0.6728794506841489,0.55587332376031,0.0517697080402207,0.8858855248483112,0.0685513673318551,0.2178508514386377,0.1042867182009838,0.6139390879511136,0.2041013850500504,0.3830874512720548,p2,ctcf,fold_e,314159,1hop,1hop,0.5623740063673739,643500,0.0304937943171702,0.0219451031858694
coordinate_plus_frozen_sequence_fm,C+S-FM: coordinate and frozen sequence-model embedding,0.6824418433205144,0.7202650463055809,1356583,643500,390932,all_test_chromosomes,all,390932,0.0304937943171702,0.7202650463055809,0.5529450859889012,0.0480315260119405,0.9158907431471458,0.0607343448738368,0.1215502055196711,0.080997233013779,0.5779590203325554,0.1850677242693488,0.3454496467082856,p2,ctcf,fold_e,314159,1hop,1hop,0.5312126362351173,643500,0.0304937943171702,0.0180893444435647
coordinate_plus_frozen_pangenomefm,C+T: coordinate and frozen topology embedding; no nucleotide input,0.4698280110638655,0.6793711617764722,1356583,643500,390932,all_test_chromosomes,all,390932,0.0304937943171702,0.6793711617764722,0.5556557876514914,0.0534195441732367,0.8879805183510175,0.0702979641364433,0.2186897072393255,0.1063951352895563,0.6142255940766089,0.2037554510793933,0.3814458199454352,p2,ctcf,fold_e,314159,1hop,1hop,0.5638606856139848,643500,0.0304937943171702,0.0236468314712021
coordinate_plus_frozen_sequence_fm_plus_frozen_pangenomefm,"C+S-FM+T: coordinate, frozen sequence-model, and topology embeddings",0.69214948277869,0.7251178685429489,1356583,643500,390932,all_test_chromosomes,all,390932,0.0304937943171702,0.7251178685429489,0.5529048225217329,0.0493199408868081,0.920175375768676,0.0639837214560253,0.1186980957973324,0.0831472558467505,0.5725632269034839,0.1845380881867693,0.3434160698639303,p2,ctcf,fold_e,314159,1hop,1hop,0.5320411333526504,643500,0.0304937943171702,0.0194182837193687
coordinate,"reference coordinate, node length, and constant orientation",0.4335181298281753,0.5552928042411714,1356583,643500,390932,all_test_chromosomes,all,390932,0.0304937943171702,0.5552928042411714,0.5112814505415066,0.0447958009016154,0.9207713873512527,0.0576708766716196,0.1041858904454324,0.0742445527094479,0.6890608173103085,0.2478947636335005,0.4659889182844808,p2,ctcf,fold_e,314159,strict,strict,0.5253206351842212,643500,0.0304937943171702,0.0147518463529299
sequence_kmer,mono/di/tri-nucleotide composition; no graph adjacency,0.5702869681485361,0.8240371573545128,1356583,643500,390932,all_test_chromosomes,all,390932,0.0304937943171702,0.8240371573545128,0.5608765672814047,0.0645582587751728,0.9534062189843758,0.1484584450402144,0.1114839359114168,0.1273415417045944,0.6492123447220353,0.2180619622787457,0.4085301962244561,p2,ctcf,fold_e,314159,strict,strict,0.54568553159898,643500,0.0304937943171702,0.0351358910941789
frozen_sequence_fm,S-FM: frozen pretrained sequence-model embedding only; no graph adjacency,0.6844517039954175,0.6758023262250552,1356583,643500,390932,all_test_chromosomes,all,390932,0.0304937943171702,0.6758023262250552,0.5556640485920268,0.0488390200183196,0.8979413299499657,0.0553984044750977,0.1462125660598943,0.0803522035773557,0.5802885317561219,0.1868923672775764,0.3487710354204397,p2,ctcf,fold_e,314159,strict,strict,0.5338989777010781,643500,0.0304937943171702,0.0189222364886553
frozen_pangenomefm,frozen topology-pretrained node embedding; current encoder has no nucleotide input,0.6141077932207629,0.7221541302889826,1356583,643500,390932,all_test_chromosomes,all,390932,0.0304937943171702,0.7221541302889826,0.5681689993271335,0.0597294309528569,0.9201165420073056,0.0865878725590955,0.1696166428990856,0.1146485980778499,0.6256455599796984,0.2112154058474275,0.4016978871380458,p2,ctcf,fold_e,314159,strict,strict,0.5566692964608222,643500,0.0304937943171702,0.030155182570591
coordinate_plus_frozen_sequence_fm,C+S-FM: coordinate and frozen sequence-model embedding,0.6824418433205144,0.7202650463055809,1356583,643500,390932,all_test_chromosomes,all,390932,0.0304937943171702,0.7202650463055809,0.5529450859889012,0.0480315260119405,0.9158907431471458,0.0607343448738368,0.1215502055196711,0.080997233013779,0.5779590203325554,0.1850677242693488,0.3454496467082856,p2,ctcf,fold_e,314159,strict,strict,0.5312126362351173,643500,0.0304937943171702,0.0180893444435647
coordinate_plus_frozen_pangenomefm,C+T: coordinate and frozen topology embedding; no nucleotide input,0.6025512188283217,0.7116489707769482,1356583,643500,390932,all_test_chromosomes,all,390932,0.0304937943171702,0.7116489707769482,0.5669755615027703,0.0596171216350865,0.9133122896053534,0.0801223241590214,0.1758241758241758,0.1100811428271316,0.6271270680001071,0.2118410818911209,0.401610814135298,p2,ctcf,fold_e,314159,strict,strict,0.5561663074466133,643500,0.0304937943171702,0.0300393407976223
coordinate_plus_frozen_sequence_fm_plus_frozen_pangenomefm,"C+S-FM+T: coordinate, frozen sequence-model, and topology embeddings",0.7148922724122179,0.7332229511050701,1356583,643500,390932,all_test_chromosomes,all,390932,0.0304937943171702,0.7332229511050701,0.5541169952814453,0.0496958528318313,0.927516805991835,0.0716559678513647,0.1151749014344434,0.0883469532205134,0.5693715736330685,0.1829763010802094,0.3446529199682657,p2,ctcf,fold_e,314159,strict,strict,0.5341211133285971,643500,0.0304937943171702,0.0198060191900854
coordinate,"reference coordinate, node length, and constant orientation",0.4335181298281753,0.5552928042411714,1356583,643500,390932,all_test_chromosomes,all,390932,0.0304937943171702,0.5552928042411714,0.5112814505415066,0.0447958009016154,0.9207713873512527,0.0576708766716196,0.1041858904454324,0.0742445527094479,0.6890608173103085,0.2478947636335005,0.4659889182844808,p2,ctcf,fold_e,42,1hop,1hop,0.5253206351842212,643500,0.0304937943171702,0.0147518463529299
sequence_kmer,mono/di/tri-nucleotide composition; no graph adjacency,0.5702869681485361,0.8240371573545128,1356583,643500,390932,all_test_chromosomes,all,390932,0.0304937943171702,0.8240371573545128,0.5608765672814047,0.0645582587751728,0.9534062189843758,0.1484584450402144,0.1114839359114168,0.1273415417045944,0.6492123447220353,0.2180619622787457,0.4085301962244561,p2,ctcf,fold_e,42,1hop,1hop,0.54568553159898,643500,0.0304937943171702,0.0351358910941789
frozen_sequence_fm,S-FM: frozen pretrained sequence-model embedding only; no graph adjacency,0.6844517039954175,0.6758023262250552,1356583,643500,390932,all_test_chromosomes,all,390932,0.0304937943171702,0.6758023262250552,0.5556640485920268,0.0488390200183196,0.8979413299499657,0.0553984044750977,0.1462125660598943,0.0803522035773557,0.5802885317561219,0.1868923672775764,0.3487710354204397,p2,ctcf,fold_e,42,1hop,1hop,0.5338989777010781,643500,0.0304937943171702,0.0189222364886553
frozen_pangenomefm,frozen topology-pretrained node embedding; current encoder has no nucleotide input,0.5981095682124927,0.7539946782462175,1356583,643500,390932,all_test_chromosomes,all,390932,0.0304937943171702,0.7539946782462175,0.5648704746816685,0.0493330202876102,0.9358046923761676,0.087378640776699,0.1170203841959567,0.1000502044036434,0.6349193061390819,0.2140270204293833,0.4048881568030518,p2,ctcf,fold_e,42,1hop,1hop,0.539289114081773,643500,0.0304937943171702,0.019431774505426
coordinate_plus_frozen_sequence_fm,C+S-FM: coordinate and frozen sequence-model embedding,0.6824418433205144,0.7202650463055809,1356583,643500,390932,all_test_chromosomes,all,390932,0.0304937943171702,0.7202650463055809,0.5529450859889012,0.0480315260119405,0.9158907431471458,0.0607343448738368,0.1215502055196711,0.080997233013779,0.5779590203325554,0.1850677242693488,0.3454496467082856,p2,ctcf,fold_e,42,1hop,1hop,0.5312126362351173,643500,0.0304937943171702,0.0180893444435647
coordinate_plus_frozen_pangenomefm,C+T: coordinate and frozen topology embedding; no nucleotide input,0.5943085751649216,0.7713242916295493,1356583,643500,390932,all_test_chromosomes,all,390932,0.0304937943171702,0.7713242916295493,0.5647638369603618,0.0497887067476295,0.940360471897926,0.0916714449541284,0.1072896569079775,0.0988675453175124,0.6342042712965962,0.2136293250278905,0.4044438832459406,p2,ctcf,fold_e,42,1hop,1hop,0.5369263163263724,643500,0.0304937943171702,0.0199017936320167
coordinate_plus_frozen_sequence_fm_plus_frozen_pangenomefm,"C+S-FM+T: coordinate, frozen sequence-model, and topology embeddings",0.6969004043093622,0.702011828752389,1356583,643500,390932,all_test_chromosomes,all,390932,0.0304937943171702,0.702011828752389,0.5347522837568697,0.04952450917287,0.9009418517798492,0.0586801896733403,0.1494841036825769,0.0842772352148312,0.5808756641809207,0.1854525895799586,0.3434567529496934,p2,ctcf,fold_e,42,1hop,1hop,0.5370307453092881,643500,0.0304937943171702,0.0196292862739298
coordinate,"reference coordinate, node length, and constant orientation",0.4335181298281753,0.5552928042411714,1356583,643500,390932,all_test_chromosomes,all,390932,0.0304937943171702,0.5552928042411714,0.5112814505415066,0.0447958009016154,0.9207713873512527,0.0576708766716196,0.1041858904454324,0.0742445527094479,0.6890608173103085,0.2478947636335005,0.4659889182844808,p2,ctcf,fold_e,42,strict,strict,0.5253206351842212,643500,0.0304937943171702,0.0147518463529299
sequence_kmer,mono/di/tri-nucleotide composition; no graph adjacency,0.5702869681485361,0.8240371573545128,1356583,643500,390932,all_test_chromosomes,all,390932,0.0304937943171702,0.8240371573545128,0.5608765672814047,0.0645582587751728,0.9534062189843758,0.1484584450402144,0.1114839359114168,0.1273415417045944,0.6492123447220353,0.2180619622787457,0.4085301962244561,p2,ctcf,fold_e,42,strict,strict,0.54568553159898,643500,0.0304937943171702,0.0351358910941789
frozen_sequence_fm,S-FM: frozen pretrained sequence-model embedding only; no graph adjacency,0.6844517039954175,0.6758023262250552,1356583,643500,390932,all_test_chromosomes,all,390932,0.0304937943171702,0.6758023262250552,0.5556640485920268,0.0488390200183196,0.8979413299499657,0.0553984044750977,0.1462125660598943,0.0803522035773557,0.5802885317561219,0.1868923672775764,0.3487710354204397,p2,ctcf,fold_e,42,strict,strict,0.5338989777010781,643500,0.0304937943171702,0.0189222364886553
frozen_pangenomefm,frozen topology-pretrained node embedding; current encoder has no nucleotide input,0.606108334342643,0.6381437281114478,1356583,643500,390932,all_test_chromosomes,all,390932,0.0304937943171702,0.6381437281114478,0.5748832499718458,0.0616188881242053,0.8706680445704112,0.0672058065816886,0.2516567402063585,0.106082036775106,0.6366667714433654,0.2161510881758064,0.4041779146639669,p2,ctcf,fold_e,42,strict,strict,0.5708972467320897,643500,0.0304937943171702,0.032104068673922
coordinate_plus_frozen_sequence_fm,C+S-FM: coordinate and frozen sequence-model embedding,0.6824418433205144,0.7202650463055809,1356583,643500,390932,all_test_chromosomes,all,390932,0.0304937943171702,0.7202650463055809,0.5529450859889012,0.0480315260119405,0.9158907431471458,0.0607343448738368,0.1215502055196711,0.080997233013779,0.5779590203325554,0.1850677242693488,0.3454496467082856,p2,ctcf,fold_e,42,strict,strict,0.5312126362351173,643500,0.0304937943171702,0.0180893444435647
coordinate_plus_frozen_pangenomefm,C+T: coordinate and frozen topology embedding; no nucleotide input,0.5987311938908252,0.6214917475822848,1356583,643500,390932,all_test_chromosomes,all,390932,0.0304937943171702,0.6214917475822848,0.5732789800562733,0.0610756827494319,0.85701861193251,0.0620805034953892,0.2614713530744065,0.100338000965717,0.6370243201223329,0.2166891074548102,0.4038581348694492,p2,ctcf,fold_e,42,strict,strict,0.5686108305564797,643500,0.0304937943171702,0.0315437779077676
coordinate_plus_frozen_sequence_fm_plus_frozen_pangenomefm,"C+S-FM+T: coordinate, frozen sequence-model, and topology embeddings",0.7053998802547611,0.7736330421062987,1356583,643500,390932,all_test_chromosomes,all,390932,0.0304937943171702,0.7736330421062987,0.5543189507046444,0.0497385817993659,0.939439595633,0.0837229069273268,0.0991527556413052,0.0907868965782096,0.5712342134144198,0.183535865832253,0.3437301219942869,p2,ctcf,fold_e,42,strict,strict,0.5325109100637802,643500,0.0304937943171702,0.0198500921081175
