feature_set,feature_access,temperature,validation_f1_threshold,n_train,n_validation,n_test,scope,chromosome,n,positive_fraction,threshold,auroc,auprc,accuracy,precision,recall,f1,nll,brier,ece,task,subtask,fold,seed,closure,context,balanced_accuracy,n_val,positive_prevalence,normalized_ap
coordinate,"reference coordinate, node length, and constant orientation",0.183626088696136,0.4046118393385746,115604,55951,55994,all_test_chromosomes,all,55994,0.4563346072793514,0.4046118393385746,0.5179000587339024,0.4687199768034303,0.4563346072793514,0.4563346072793514,1.0,0.6266892306183013,0.6926791462648509,0.2497659783994842,0.0432266812660032,p1,body_of_pancreas,fold_a,20260806,1hop,1hop,0.5,55951,0.4563346072793514,0.0227812358298166
sequence_kmer,mono/di/tri-nucleotide composition; no graph adjacency,1.1325520480526683,0.3847132776851334,115604,55951,55994,all_test_chromosomes,all,55994,0.4563346072793514,0.3847132776851334,0.6190794061678291,0.5539574676296345,0.4887666535700253,0.4704502633906256,0.9576549780839072,0.6309465487455844,0.6750842023412889,0.2409467406582125,0.0535677179313503,p1,body_of_pancreas,fold_a,20260806,1hop,1hop,0.5264262013473212,55951,0.4563346072793514,0.1795642350191759
frozen_sequence_fm,S-FM: frozen pretrained sequence-model embedding only; no graph adjacency,1.3612665138576037,0.4097840268473067,115604,55951,55994,all_test_chromosomes,all,55994,0.4563346072793514,0.4097840268473067,0.6309023365495805,0.5684073281558835,0.5371646962174519,0.4960017574692443,0.883609893550407,0.635355695632598,0.6690295753954552,0.2381477129306169,0.0524680718366293,p1,body_of_pancreas,fold_a,20260806,1hop,1hop,0.5649900200292604,55951,0.4563346072793514,0.2061428267774961
frozen_pangenomefm,frozen topology-pretrained node embedding; current encoder has no nucleotide input,1.2049289284284872,0.2466946122170321,115604,55951,55994,all_test_chromosomes,all,55994,0.4563346072793514,0.2466946122170321,0.5318208012160801,0.4831954785571205,0.4563346072793514,0.4563346072793514,1.0,0.6266892306183013,0.6910180584871332,0.2489359400454642,0.0407355998927005,p1,body_of_pancreas,fold_a,20260806,1hop,1hop,0.5,55951,0.4563346072793514,0.0494069912071285
coordinate_plus_frozen_sequence_fm,C+S-FM: coordinate and frozen sequence-model embedding,1.352357589129821,0.3838270102423907,115604,55951,55994,all_test_chromosomes,all,55994,0.4563346072793514,0.3838270102423907,0.6328579664380816,0.5693799242420978,0.5183233917919777,0.4854027363439975,0.923332811521603,0.6362986636460483,0.6685876640567169,0.2379273215474259,0.0530599246884072,p1,body_of_pancreas,fold_a,20260806,1hop,1hop,0.5508523987967386,55951,0.4563346072793514,0.2079317875964793
coordinate_plus_frozen_pangenomefm,C+T: coordinate and frozen topology embedding; no nucleotide input,1.1465725390428043,0.2396096709508503,115604,55951,55994,all_test_chromosomes,all,55994,0.4563346072793514,0.2396096709508503,0.5325514332006043,0.4837612953872257,0.4563346072793514,0.4563346072793514,1.0,0.6266892306183013,0.6908986959369458,0.2488761567842303,0.040485140400899,p1,body_of_pancreas,fold_a,20260806,1hop,1hop,0.5,55951,0.4563346072793514,0.0504477358226237
coordinate_plus_frozen_sequence_fm_plus_frozen_pangenomefm,"C+S-FM+T: coordinate, frozen sequence-model, and topology embeddings",1.3292756104549563,0.4007352597830229,115604,55951,55994,all_test_chromosomes,all,55994,0.4563346072793514,0.4007352597830229,0.6336893512651856,0.5714368910377822,0.535664535485945,0.4951083158630328,0.8872886662492173,0.6355685131195336,0.6675331792248351,0.2374033023414983,0.0504012364153116,p1,body_of_pancreas,fold_a,20260806,1hop,1hop,0.563905813973436,55951,0.4563346072793514,0.2117153037503966
coordinate,"reference coordinate, node length, and constant orientation",0.183626088696136,0.4046118393385746,115604,55951,55994,all_test_chromosomes,all,55994,0.4563346072793514,0.4046118393385746,0.5179000587339024,0.4687199768034303,0.4563346072793514,0.4563346072793514,1.0,0.6266892306183013,0.6926791462648509,0.2497659783994842,0.0432266812660032,p1,body_of_pancreas,fold_a,20260806,strict,strict,0.5,55951,0.4563346072793514,0.0227812358298166
sequence_kmer,mono/di/tri-nucleotide composition; no graph adjacency,1.1325520480526683,0.3847132776851334,115604,55951,55994,all_test_chromosomes,all,55994,0.4563346072793514,0.3847132776851334,0.6190794061678291,0.5539574676296345,0.4887666535700253,0.4704502633906256,0.9576549780839072,0.6309465487455844,0.6750842023412889,0.2409467406582125,0.0535677179313503,p1,body_of_pancreas,fold_a,20260806,strict,strict,0.5264262013473212,55951,0.4563346072793514,0.1795642350191759
frozen_sequence_fm,S-FM: frozen pretrained sequence-model embedding only; no graph adjacency,1.3612665138576037,0.4097840268473067,115604,55951,55994,all_test_chromosomes,all,55994,0.4563346072793514,0.4097840268473067,0.6309023365495805,0.5684073281558835,0.5371646962174519,0.4960017574692443,0.883609893550407,0.635355695632598,0.6690295753954552,0.2381477129306169,0.0524680718366293,p1,body_of_pancreas,fold_a,20260806,strict,strict,0.5649900200292604,55951,0.4563346072793514,0.2061428267774961
frozen_pangenomefm,frozen topology-pretrained node embedding; current encoder has no nucleotide input,1.2234496400188557,0.375722009181695,115604,55951,55994,all_test_chromosomes,all,55994,0.4563346072793514,0.375722009181695,0.5277764438370479,0.4735396496465995,0.4561917348287316,0.4562412893542508,0.9992955541640576,0.6264628670968375,0.692069863526104,0.2494608835131847,0.0432737301978725,p1,body_of_pancreas,fold_a,20260806,strict,strict,0.4998120238463675,55951,0.4563346072793514,0.0316463813912257
coordinate_plus_frozen_sequence_fm,C+S-FM: coordinate and frozen sequence-model embedding,1.352357589129821,0.3838270102423907,115604,55951,55994,all_test_chromosomes,all,55994,0.4563346072793514,0.3838270102423907,0.6328579664380816,0.5693799242420978,0.5183233917919777,0.4854027363439975,0.923332811521603,0.6362986636460483,0.6685876640567169,0.2379273215474259,0.0530599246884072,p1,body_of_pancreas,fold_a,20260806,strict,strict,0.5508523987967386,55951,0.4563346072793514,0.2079317875964793
coordinate_plus_frozen_pangenomefm,C+T: coordinate and frozen topology embedding; no nucleotide input,1.3129081240892435,0.3903070501708694,115604,55951,55994,all_test_chromosomes,all,55994,0.4563346072793514,0.3903070501708694,0.5306164402186825,0.4757368685890789,0.4563346072793514,0.4563252474009503,0.9997651847213526,0.6266342875364879,0.6918247773016821,0.2493389987547828,0.0437624120230543,p1,body_of_pancreas,fold_a,20260806,strict,strict,0.4999811404192795,55951,0.4563346072793514,0.035687872668579
coordinate_plus_frozen_sequence_fm_plus_frozen_pangenomefm,"C+S-FM+T: coordinate, frozen sequence-model, and topology embeddings",1.3471450656572763,0.396445029255313,115604,55951,55994,all_test_chromosomes,all,55994,0.4563346072793514,0.396445029255313,0.6325066408607608,0.5700868046903695,0.5276458191949137,0.4904193279644543,0.8984815278647464,0.6345056311752919,0.6685325021586968,0.2379026465172465,0.0527714023330104,p1,body_of_pancreas,fold_a,20260806,strict,strict,0.5574301076023029,55951,0.4563346072793514,0.2092319999288007
coordinate,"reference coordinate, node length, and constant orientation",0.183626088696136,0.4046118393385746,115604,55951,55994,all_test_chromosomes,all,55994,0.4563346072793514,0.4046118393385746,0.5179000587339024,0.4687199768034303,0.4563346072793514,0.4563346072793514,1.0,0.6266892306183013,0.6926791462648509,0.2497659783994842,0.0432266812660032,p1,body_of_pancreas,fold_a,314159,1hop,1hop,0.5,55951,0.4563346072793514,0.0227812358298166
sequence_kmer,mono/di/tri-nucleotide composition; no graph adjacency,1.1325520480526683,0.3847132776851334,115604,55951,55994,all_test_chromosomes,all,55994,0.4563346072793514,0.3847132776851334,0.6190794061678291,0.5539574676296345,0.4887666535700253,0.4704502633906256,0.9576549780839072,0.6309465487455844,0.6750842023412889,0.2409467406582125,0.0535677179313503,p1,body_of_pancreas,fold_a,314159,1hop,1hop,0.5264262013473212,55951,0.4563346072793514,0.1795642350191759
frozen_sequence_fm,S-FM: frozen pretrained sequence-model embedding only; no graph adjacency,1.3612665138576037,0.4097840268473067,115604,55951,55994,all_test_chromosomes,all,55994,0.4563346072793514,0.4097840268473067,0.6309023365495805,0.5684073281558835,0.5371646962174519,0.4960017574692443,0.883609893550407,0.635355695632598,0.6690295753954552,0.2381477129306169,0.0524680718366293,p1,body_of_pancreas,fold_a,314159,1hop,1hop,0.5649900200292604,55951,0.4563346072793514,0.2061428267774961
frozen_pangenomefm,frozen topology-pretrained node embedding; current encoder has no nucleotide input,0.9474078904069848,0.4140412467107451,115604,55951,55994,all_test_chromosomes,all,55994,0.4563346072793514,0.4140412467107451,0.5271734527749105,0.4740860572984885,0.4608886666428546,0.4578582728710927,0.9854023168440826,0.6252157179216588,0.6920487990043959,0.2494329013732345,0.0388848256387061,p1,body_of_pancreas,fold_a,314159,1hop,1hop,0.5030158552225144,55951,0.4563346072793514,0.0326514254113253
coordinate_plus_frozen_sequence_fm,C+S-FM: coordinate and frozen sequence-model embedding,1.352357589129821,0.3838270102423907,115604,55951,55994,all_test_chromosomes,all,55994,0.4563346072793514,0.3838270102423907,0.6328579664380816,0.5693799242420978,0.5183233917919777,0.4854027363439975,0.923332811521603,0.6362986636460483,0.6685876640567169,0.2379273215474259,0.0530599246884072,p1,body_of_pancreas,fold_a,314159,1hop,1hop,0.5508523987967386,55951,0.4563346072793514,0.2079317875964793
coordinate_plus_frozen_pangenomefm,C+T: coordinate and frozen topology embedding; no nucleotide input,0.9834095527660665,0.3857350994139265,115604,55951,55994,all_test_chromosomes,all,55994,0.4563346072793514,0.3857350994139265,0.5270329084025107,0.4739543849877552,0.4575311640532914,0.4567978645264157,0.9978866624921728,0.626709761462929,0.6920428394618732,0.2494315077075075,0.0391466767966539,p1,body_of_pancreas,fold_a,314159,1hop,1hop,0.5009307170945853,55951,0.4563346072793514,0.0324092317523278
coordinate_plus_frozen_sequence_fm_plus_frozen_pangenomefm,"C+S-FM+T: coordinate, frozen sequence-model, and topology embeddings",1.317887588975505,0.4071090519576691,115604,55951,55994,all_test_chromosomes,all,55994,0.4563346072793514,0.4071090519576691,0.6334479839856423,0.5696689790581144,0.5402185948494481,0.4978614958448753,0.8792266750156543,0.6357372271035839,0.6678642003456763,0.2375634658189952,0.0508534605098756,p1,body_of_pancreas,fold_a,314159,1hop,1hop,0.5674465941926705,55951,0.4563346072793514,0.2084634653892667
coordinate,"reference coordinate, node length, and constant orientation",0.183626088696136,0.4046118393385746,115604,55951,55994,all_test_chromosomes,all,55994,0.4563346072793514,0.4046118393385746,0.5179000587339024,0.4687199768034303,0.4563346072793514,0.4563346072793514,1.0,0.6266892306183013,0.6926791462648509,0.2497659783994842,0.0432266812660032,p1,body_of_pancreas,fold_a,314159,strict,strict,0.5,55951,0.4563346072793514,0.0227812358298166
sequence_kmer,mono/di/tri-nucleotide composition; no graph adjacency,1.1325520480526683,0.3847132776851334,115604,55951,55994,all_test_chromosomes,all,55994,0.4563346072793514,0.3847132776851334,0.6190794061678291,0.5539574676296345,0.4887666535700253,0.4704502633906256,0.9576549780839072,0.6309465487455844,0.6750842023412889,0.2409467406582125,0.0535677179313503,p1,body_of_pancreas,fold_a,314159,strict,strict,0.5264262013473212,55951,0.4563346072793514,0.1795642350191759
frozen_sequence_fm,S-FM: frozen pretrained sequence-model embedding only; no graph adjacency,1.3612665138576037,0.4097840268473067,115604,55951,55994,all_test_chromosomes,all,55994,0.4563346072793514,0.4097840268473067,0.6309023365495805,0.5684073281558835,0.5371646962174519,0.4960017574692443,0.883609893550407,0.635355695632598,0.6690295753954552,0.2381477129306169,0.0524680718366293,p1,body_of_pancreas,fold_a,314159,strict,strict,0.5649900200292604,55951,0.4563346072793514,0.2061428267774961
frozen_pangenomefm,frozen topology-pretrained node embedding; current encoder has no nucleotide input,2.0064234982726723,0.4232486262842446,115604,55951,55994,all_test_chromosomes,all,55994,0.4563346072793514,0.4232486262842446,0.5236696904286859,0.4727927955795658,0.4564417616173161,0.4563819526310149,0.9999608641202254,0.6267261890161643,0.6922763365148167,0.2495648213858599,0.0431432143418822,p1,body_of_pancreas,fold_a,314159,strict,strict,0.5000954047951498,55951,0.4563346072793514,0.030272642917095
coordinate_plus_frozen_sequence_fm,C+S-FM: coordinate and frozen sequence-model embedding,1.352357589129821,0.3838270102423907,115604,55951,55994,all_test_chromosomes,all,55994,0.4563346072793514,0.3838270102423907,0.6328579664380816,0.5693799242420978,0.5183233917919777,0.4854027363439975,0.923332811521603,0.6362986636460483,0.6685876640567169,0.2379273215474259,0.0530599246884072,p1,body_of_pancreas,fold_a,314159,strict,strict,0.5508523987967386,55951,0.4563346072793514,0.2079317875964793
coordinate_plus_frozen_pangenomefm,C+T: coordinate and frozen topology embedding; no nucleotide input,2.222918954608601,0.4056796847358142,115604,55951,55994,all_test_chromosomes,all,55994,0.4563346072793514,0.4056796847358142,0.5254852895373228,0.4759900070677222,0.4563346072793514,0.4563346072793514,1.0,0.6266892306183013,0.6921792671967798,0.2495164096775147,0.0433694886875345,p1,body_of_pancreas,fold_a,314159,strict,strict,0.5,55951,0.4563346072793514,0.0361534871476918
coordinate_plus_frozen_sequence_fm_plus_frozen_pangenomefm,"C+S-FM+T: coordinate, frozen sequence-model, and topology embeddings",1.3563683972130711,0.4009970390432465,115604,55951,55994,all_test_chromosomes,all,55994,0.4563346072793514,0.4009970390432465,0.6321375246694114,0.5674916459510323,0.5317891202628853,0.4928388361224182,0.8955463368816531,0.6357890057374658,0.6688321909082181,0.2380342493834642,0.0525802782773488,p1,body_of_pancreas,fold_a,314159,strict,strict,0.5610048877759557,55951,0.4563346072793514,0.2044585514546383
coordinate,"reference coordinate, node length, and constant orientation",0.183626088696136,0.4046118393385746,115604,55951,55994,all_test_chromosomes,all,55994,0.4563346072793514,0.4046118393385746,0.5179000587339024,0.4687199768034303,0.4563346072793514,0.4563346072793514,1.0,0.6266892306183013,0.6926791462648509,0.2497659783994842,0.0432266812660032,p1,body_of_pancreas,fold_a,42,1hop,1hop,0.5,55951,0.4563346072793514,0.0227812358298166
sequence_kmer,mono/di/tri-nucleotide composition; no graph adjacency,1.1325520480526683,0.3847132776851334,115604,55951,55994,all_test_chromosomes,all,55994,0.4563346072793514,0.3847132776851334,0.6190794061678291,0.5539574676296345,0.4887666535700253,0.4704502633906256,0.9576549780839072,0.6309465487455844,0.6750842023412889,0.2409467406582125,0.0535677179313503,p1,body_of_pancreas,fold_a,42,1hop,1hop,0.5264262013473212,55951,0.4563346072793514,0.1795642350191759
frozen_sequence_fm,S-FM: frozen pretrained sequence-model embedding only; no graph adjacency,1.3612665138576037,0.4097840268473067,115604,55951,55994,all_test_chromosomes,all,55994,0.4563346072793514,0.4097840268473067,0.6309023365495805,0.5684073281558835,0.5371646962174519,0.4960017574692443,0.883609893550407,0.635355695632598,0.6690295753954552,0.2381477129306169,0.0524680718366293,p1,body_of_pancreas,fold_a,42,1hop,1hop,0.5649900200292604,55951,0.4563346072793514,0.2061428267774961
frozen_pangenomefm,frozen topology-pretrained node embedding; current encoder has no nucleotide input,1.462511078242826,0.3759691093071436,115604,55951,55994,all_test_chromosomes,all,55994,0.4563346072793514,0.3759691093071436,0.5415627671323979,0.4889398010760394,0.4564060435046612,0.4563609731699475,0.9998434564809016,0.6266833468246376,0.6901925782783557,0.2485258014684273,0.0409069946285686,p1,body_of_pancreas,fold_a,42,1hop,1hop,0.5000531256519218,55951,0.4563346072793514,0.0599729065584308
coordinate_plus_frozen_sequence_fm,C+S-FM: coordinate and frozen sequence-model embedding,1.352357589129821,0.3838270102423907,115604,55951,55994,all_test_chromosomes,all,55994,0.4563346072793514,0.3838270102423907,0.6328579664380816,0.5693799242420978,0.5183233917919777,0.4854027363439975,0.923332811521603,0.6362986636460483,0.6685876640567169,0.2379273215474259,0.0530599246884072,p1,body_of_pancreas,fold_a,42,1hop,1hop,0.5508523987967386,55951,0.4563346072793514,0.2079317875964793
coordinate_plus_frozen_pangenomefm,C+T: coordinate and frozen topology embedding; no nucleotide input,1.5356367422198618,0.3769561306080932,115604,55951,55994,all_test_chromosomes,all,55994,0.4563346072793514,0.3769561306080932,0.5429577635228773,0.4904559510936954,0.4563703253920063,0.4563446699056873,0.9998434564809016,0.6266679748822606,0.690056752628522,0.2484582492471144,0.0411428220509641,p1,body_of_pancreas,fold_a,42,1hop,1hop,0.5000202762990541,55951,0.4563346072793514,0.062761662359253
coordinate_plus_frozen_sequence_fm_plus_frozen_pangenomefm,"C+S-FM+T: coordinate, frozen sequence-model, and topology embeddings",1.3499727225727227,0.3709099084021894,115604,55951,55994,all_test_chromosomes,all,55994,0.4563346072793514,0.3709099084021894,0.6354176788532075,0.5714929963663686,0.5107511519091331,0.4813215769737509,0.9293206011271132,0.6341821677994846,0.6673399752729512,0.2373156911286397,0.051608131002506,p1,body_of_pancreas,fold_a,42,1hop,1hop,0.5443692552971484,55951,0.4563346072793514,0.211818502021498
coordinate,"reference coordinate, node length, and constant orientation",0.183626088696136,0.4046118393385746,115604,55951,55994,all_test_chromosomes,all,55994,0.4563346072793514,0.4046118393385746,0.5179000587339024,0.4687199768034303,0.4563346072793514,0.4563346072793514,1.0,0.6266892306183013,0.6926791462648509,0.2497659783994842,0.0432266812660032,p1,body_of_pancreas,fold_a,42,strict,strict,0.5,55951,0.4563346072793514,0.0227812358298166
sequence_kmer,mono/di/tri-nucleotide composition; no graph adjacency,1.1325520480526683,0.3847132776851334,115604,55951,55994,all_test_chromosomes,all,55994,0.4563346072793514,0.3847132776851334,0.6190794061678291,0.5539574676296345,0.4887666535700253,0.4704502633906256,0.9576549780839072,0.6309465487455844,0.6750842023412889,0.2409467406582125,0.0535677179313503,p1,body_of_pancreas,fold_a,42,strict,strict,0.5264262013473212,55951,0.4563346072793514,0.1795642350191759
frozen_sequence_fm,S-FM: frozen pretrained sequence-model embedding only; no graph adjacency,1.3612665138576037,0.4097840268473067,115604,55951,55994,all_test_chromosomes,all,55994,0.4563346072793514,0.4097840268473067,0.6309023365495805,0.5684073281558835,0.5371646962174519,0.4960017574692443,0.883609893550407,0.635355695632598,0.6690295753954552,0.2381477129306169,0.0524680718366293,p1,body_of_pancreas,fold_a,42,strict,strict,0.5649900200292604,55951,0.4563346072793514,0.2061428267774961
frozen_pangenomefm,frozen topology-pretrained node embedding; current encoder has no nucleotide input,1.2755748922235397,0.3912152927319396,115604,55951,55994,all_test_chromosomes,all,55994,0.4563346072793514,0.3912152927319396,0.5220851706790255,0.4709930301374826,0.4565667750116083,0.4564296817767613,0.999726048841578,0.6267250579619476,0.6925023475491321,0.2496775738514801,0.0432957787337655,p1,body_of_pancreas,fold_a,42,strict,strict,0.5001915179494665,55951,0.4563346072793514,0.02696221435905
coordinate_plus_frozen_sequence_fm,C+S-FM: coordinate and frozen sequence-model embedding,1.352357589129821,0.3838270102423907,115604,55951,55994,all_test_chromosomes,all,55994,0.4563346072793514,0.3838270102423907,0.6328579664380816,0.5693799242420978,0.5183233917919777,0.4854027363439975,0.923332811521603,0.6362986636460483,0.6685876640567169,0.2379273215474259,0.0530599246884072,p1,body_of_pancreas,fold_a,42,strict,strict,0.5508523987967386,55951,0.4563346072793514,0.2079317875964793
coordinate_plus_frozen_pangenomefm,C+T: coordinate and frozen topology embedding; no nucleotide input,1.302518198509081,0.3919743105032184,115604,55951,55994,all_test_chromosomes,all,55994,0.4563346072793514,0.3919743105032184,0.5249947713837254,0.4738707738392487,0.4564953387862985,0.4563736794122379,0.9991390106449592,0.6265568821862001,0.6923454354078795,0.2495989180028998,0.0435126565591589,p1,body_of_pancreas,fold_a,42,strict,strict,0.5000786702919298,55951,0.4563346072793514,0.0322554401929863
coordinate_plus_frozen_sequence_fm_plus_frozen_pangenomefm,"C+S-FM+T: coordinate, frozen sequence-model, and topology embeddings",1.3551603821544358,0.382246646543279,115604,55951,55994,all_test_chromosomes,all,55994,0.4563346072793514,0.382246646543279,0.6321535578842006,0.5689704313389983,0.5181269421723756,0.4852516501650165,0.9206715716969316,0.6355359844391615,0.6686831844869998,0.2379718441192291,0.0528325334486756,p1,body_of_pancreas,fold_a,42,strict,strict,0.5504579854411339,55951,0.4563346072793514,0.2071785800011782
coordinate,"reference coordinate, node length, and constant orientation",0.4288097663549577,0.456686999614025,129945,41653,55951,all_test_chromosomes,all,55951,0.4395631892191382,0.456686999614025,0.5286504288652079,0.4534558550235563,0.4395274436560561,0.4395323477359266,0.9997153777344068,0.6106068319819205,0.69245733085532,0.2496545403165986,0.0601638760606774,p1,body_of_pancreas,fold_b,20260806,1hop,1hop,0.499937415881905,41653,0.4395631892191382,0.0247889958995758
sequence_kmer,mono/di/tri-nucleotide composition; no graph adjacency,0.9017056023982296,0.3321877306841854,129945,41653,55951,all_test_chromosomes,all,55951,0.4395631892191382,0.3321877306841854,0.6182066336667755,0.5493648309476593,0.4661936337152151,0.4496649420569312,0.9576726030739204,0.6119808244449353,0.6736921170779395,0.2402307233187749,0.0632484622529807,p1,body_of_pancreas,fold_b,20260806,1hop,1hop,0.5191941163789413,41653,0.4395631892191382,0.1959215376583374
frozen_sequence_fm,S-FM: frozen pretrained sequence-model embedding only; no graph adjacency,1.1988778185019997,0.3241027225843199,129945,41653,55951,all_test_chromosomes,all,55951,0.4395631892191382,0.3241027225843199,0.6296183917174321,0.5548934251890686,0.4832621400868617,0.4576301122537091,0.9481580873383753,0.617313037723362,0.6678890618282323,0.2375862757969095,0.0582562338560201,p1,body_of_pancreas,fold_b,20260806,1hop,1hop,0.5333959426072238,41653,0.4395631892191382,0.2057863326451375
frozen_pangenomefm,frozen topology-pretrained node embedding; current encoder has no nucleotide input,3.1199553144057663,0.4533040960867862,129945,41653,55951,all_test_chromosomes,all,55951,0.4395631892191382,0.4533040960867862,0.5309253750759579,0.4629156960435191,0.439974263194581,0.4396900390135653,0.9989834919085956,0.6106223282632468,0.691750505531838,0.2493017132962105,0.0592861206964762,p1,body_of_pancreas,fold_b,20260806,1hop,1hop,0.5002571252954338,41653,0.4395631892191382,0.0416684028871045
coordinate_plus_frozen_sequence_fm,C+S-FM: coordinate and frozen sequence-model embedding,1.1918171767162216,0.3380844717499673,129945,41653,55951,all_test_chromosomes,all,55951,0.4395631892191382,0.3380844717499673,0.6305221603509814,0.5551725248535778,0.4936640989437186,0.462341746633336,0.9325038627307474,0.618183778538505,0.667707413126881,0.2374996532277935,0.0588291675219977,p1,body_of_pancreas,fold_b,20260806,1hop,1hop,0.5409880349467112,41653,0.4395631892191382,0.206284336450634
coordinate_plus_frozen_pangenomefm,C+T: coordinate and frozen topology embedding; no nucleotide input,3.2132816901496706,0.4415788146811447,129945,41653,55951,all_test_chromosomes,all,55951,0.4395631892191382,0.4415788146811447,0.5309058961914357,0.4612261532761848,0.4394738253114332,0.4395066142295316,0.9996747174107504,0.6105744157747038,0.6919274247554272,0.2493900404521153,0.0597465644619205,p1,body_of_pancreas,fold_b,20260806,1hop,1hop,0.4998851949141962,41653,0.4395631892191382,0.0386537137467173
coordinate_plus_frozen_sequence_fm_plus_frozen_pangenomefm,"C+S-FM+T: coordinate, frozen sequence-model, and topology embeddings",1.2171524546876322,0.3493146713373102,129945,41653,55951,all_test_chromosomes,all,55951,0.4395631892191382,0.3493146713373102,0.6315980678886403,0.5570106820634286,0.4998480813569015,0.4651593011305241,0.9201431243392696,0.6179345748457211,0.6667913813339567,0.2370659919573711,0.0566837515602426,p1,body_of_pancreas,fold_b,20260806,1hop,1hop,0.5451721776621884,41653,0.4395631892191382,0.2095642016816307
coordinate,"reference coordinate, node length, and constant orientation",0.4288097663549577,0.456686999614025,129945,41653,55951,all_test_chromosomes,all,55951,0.4395631892191382,0.456686999614025,0.5286504288652079,0.4534558550235563,0.4395274436560561,0.4395323477359266,0.9997153777344068,0.6106068319819205,0.69245733085532,0.2496545403165986,0.0601638760606774,p1,body_of_pancreas,fold_b,20260806,strict,strict,0.499937415881905,41653,0.4395631892191382,0.0247889958995758
sequence_kmer,mono/di/tri-nucleotide composition; no graph adjacency,0.9017056023982296,0.3321877306841854,129945,41653,55951,all_test_chromosomes,all,55951,0.4395631892191382,0.3321877306841854,0.6182066336667755,0.5493648309476593,0.4661936337152151,0.4496649420569312,0.9576726030739204,0.6119808244449353,0.6736921170779395,0.2402307233187749,0.0632484622529807,p1,body_of_pancreas,fold_b,20260806,strict,strict,0.5191941163789413,41653,0.4395631892191382,0.1959215376583374
frozen_sequence_fm,S-FM: frozen pretrained sequence-model embedding only; no graph adjacency,1.1988778185019997,0.3241027225843199,129945,41653,55951,all_test_chromosomes,all,55951,0.4395631892191382,0.3241027225843199,0.6296183917174321,0.5548934251890686,0.4832621400868617,0.4576301122537091,0.9481580873383753,0.617313037723362,0.6678890618282323,0.2375862757969095,0.0582562338560201,p1,body_of_pancreas,fold_b,20260806,strict,strict,0.5333959426072238,41653,0.4395631892191382,0.2057863326451375
frozen_pangenomefm,frozen topology-pretrained node embedding; current encoder has no nucleotide input,1.490030571457845,0.348087076819515,129945,41653,55951,all_test_chromosomes,all,55951,0.4395631892191382,0.348087076819515,0.5377500464351348,0.4710332825674908,0.4395631892191382,0.4395631892191382,1.0,0.6106896765783103,0.6915370972516802,0.2491958620761468,0.0614887137489048,p1,body_of_pancreas,fold_b,20260806,strict,strict,0.5,41653,0.4395631892191382,0.0561527950037846
coordinate_plus_frozen_sequence_fm,C+S-FM: coordinate and frozen sequence-model embedding,1.1918171767162216,0.3380844717499673,129945,41653,55951,all_test_chromosomes,all,55951,0.4395631892191382,0.3380844717499673,0.6305221603509814,0.5551725248535778,0.4936640989437186,0.462341746633336,0.9325038627307474,0.618183778538505,0.667707413126881,0.2374996532277935,0.0588291675219977,p1,body_of_pancreas,fold_b,20260806,strict,strict,0.5409880349467112,41653,0.4395631892191382,0.206284336450634
coordinate_plus_frozen_pangenomefm,C+T: coordinate and frozen topology embedding; no nucleotide input,1.5205678960583249,0.3151151447262545,129945,41653,55951,all_test_chromosomes,all,55951,0.4395631892191382,0.3151151447262545,0.5432653080685432,0.4733883782613987,0.4395631892191382,0.4395631892191382,1.0,0.6106896765783103,0.6911255640553807,0.2489899623562009,0.0615448227317343,p1,body_of_pancreas,fold_b,20260806,strict,strict,0.5,41653,0.4395631892191382,0.0603550451925731
coordinate_plus_frozen_sequence_fm_plus_frozen_pangenomefm,"C+S-FM+T: coordinate, frozen sequence-model, and topology embeddings",1.2005065662291194,0.344927957935241,129945,41653,55951,all_test_chromosomes,all,55951,0.4395631892191382,0.344927957935241,0.6320104653866512,0.556162285723951,0.4981144215474254,0.4644016579210649,0.92481906155973,0.6183142814424162,0.6669920892612682,0.2371484860506242,0.0579159805532852,p1,body_of_pancreas,fold_b,20260806,strict,strict,0.5441297208490681,41653,0.4395631892191382,0.2080503890212961
coordinate,"reference coordinate, node length, and constant orientation",0.4288097663549577,0.456686999614025,129945,41653,55951,all_test_chromosomes,all,55951,0.4395631892191382,0.456686999614025,0.5286504288652079,0.4534558550235563,0.4395274436560561,0.4395323477359266,0.9997153777344068,0.6106068319819205,0.69245733085532,0.2496545403165986,0.0601638760606774,p1,body_of_pancreas,fold_b,314159,1hop,1hop,0.499937415881905,41653,0.4395631892191382,0.0247889958995758
sequence_kmer,mono/di/tri-nucleotide composition; no graph adjacency,0.9017056023982296,0.3321877306841854,129945,41653,55951,all_test_chromosomes,all,55951,0.4395631892191382,0.3321877306841854,0.6182066336667755,0.5493648309476593,0.4661936337152151,0.4496649420569312,0.9576726030739204,0.6119808244449353,0.6736921170779395,0.2402307233187749,0.0632484622529807,p1,body_of_pancreas,fold_b,314159,1hop,1hop,0.5191941163789413,41653,0.4395631892191382,0.1959215376583374
frozen_sequence_fm,S-FM: frozen pretrained sequence-model embedding only; no graph adjacency,1.1988778185019997,0.3241027225843199,129945,41653,55951,all_test_chromosomes,all,55951,0.4395631892191382,0.3241027225843199,0.6296183917174321,0.5548934251890686,0.4832621400868617,0.4576301122537091,0.9481580873383753,0.617313037723362,0.6678890618282323,0.2375862757969095,0.0582562338560201,p1,body_of_pancreas,fold_b,314159,1hop,1hop,0.5333959426072238,41653,0.4395631892191382,0.2057863326451375
frozen_pangenomefm,frozen topology-pretrained node embedding; current encoder has no nucleotide input,2.736521694719482,0.4351790762900234,129945,41653,55951,all_test_chromosomes,all,55951,0.4395631892191382,0.4351790762900234,0.5217492482287772,0.4546384284384998,0.4396525531268431,0.4396024738140349,1.0,0.6107275887757636,0.6920250912467594,0.2494389179475653,0.058331082415766,p1,body_of_pancreas,fold_b,314159,1hop,1hop,0.5000797270147017,41653,0.4395631892191382,0.0268990882279076
coordinate_plus_frozen_sequence_fm,C+S-FM: coordinate and frozen sequence-model embedding,1.1918171767162216,0.3380844717499673,129945,41653,55951,all_test_chromosomes,all,55951,0.4395631892191382,0.3380844717499673,0.6305221603509814,0.5551725248535778,0.4936640989437186,0.462341746633336,0.9325038627307474,0.618183778538505,0.667707413126881,0.2374996532277935,0.0588291675219977,p1,body_of_pancreas,fold_b,314159,1hop,1hop,0.5409880349467112,41653,0.4395631892191382,0.206284336450634
coordinate_plus_frozen_pangenomefm,C+T: coordinate and frozen topology embedding; no nucleotide input,2.452823130081099,0.4306705306877886,129945,41653,55951,all_test_chromosomes,all,55951,0.4395631892191382,0.4306705306877886,0.5196791162257632,0.4533661916853986,0.4396525531268431,0.4396024738140349,1.0,0.6107275887757636,0.6921460053323945,0.2494991589032358,0.0583848699502716,p1,body_of_pancreas,fold_b,314159,1hop,1hop,0.5000797270147017,41653,0.4395631892191382,0.0246290075896846
coordinate_plus_frozen_sequence_fm_plus_frozen_pangenomefm,"C+S-FM+T: coordinate, frozen sequence-model, and topology embeddings",1.2167737318219964,0.3433466099739178,129945,41653,55951,all_test_chromosomes,all,55951,0.4395631892191382,0.3433466099739178,0.6313132498227833,0.5549069316085771,0.4960947972332934,0.4634695782765758,0.9285598113360982,0.6183191639140088,0.6671467472810412,0.2372251982709242,0.0578523176913794,p1,body_of_pancreas,fold_b,314159,1hop,1hop,0.542731288134484,41653,0.4395631892191382,0.2058104324530885
coordinate,"reference coordinate, node length, and constant orientation",0.4288097663549577,0.456686999614025,129945,41653,55951,all_test_chromosomes,all,55951,0.4395631892191382,0.456686999614025,0.5286504288652079,0.4534558550235563,0.4395274436560561,0.4395323477359266,0.9997153777344068,0.6106068319819205,0.69245733085532,0.2496545403165986,0.0601638760606774,p1,body_of_pancreas,fold_b,314159,strict,strict,0.499937415881905,41653,0.4395631892191382,0.0247889958995758
sequence_kmer,mono/di/tri-nucleotide composition; no graph adjacency,0.9017056023982296,0.3321877306841854,129945,41653,55951,all_test_chromosomes,all,55951,0.4395631892191382,0.3321877306841854,0.6182066336667755,0.5493648309476593,0.4661936337152151,0.4496649420569312,0.9576726030739204,0.6119808244449353,0.6736921170779395,0.2402307233187749,0.0632484622529807,p1,body_of_pancreas,fold_b,314159,strict,strict,0.5191941163789413,41653,0.4395631892191382,0.1959215376583374
frozen_sequence_fm,S-FM: frozen pretrained sequence-model embedding only; no graph adjacency,1.1988778185019997,0.3241027225843199,129945,41653,55951,all_test_chromosomes,all,55951,0.4395631892191382,0.3241027225843199,0.6296183917174321,0.5548934251890686,0.4832621400868617,0.4576301122537091,0.9481580873383753,0.617313037723362,0.6678890618282323,0.2375862757969095,0.0582562338560201,p1,body_of_pancreas,fold_b,314159,strict,strict,0.5333959426072238,41653,0.4395631892191382,0.2057863326451375
frozen_pangenomefm,frozen topology-pretrained node embedding; current encoder has no nucleotide input,1.3796545225795067,0.3514122858063531,129945,41653,55951,all_test_chromosomes,all,55951,0.4395631892191382,0.3514122858063531,0.5171475653408109,0.4474582401552978,0.4395631892191382,0.4395631892191382,1.0,0.6106896765783103,0.6933108668665464,0.2500784121359262,0.0614802425055743,p1,body_of_pancreas,fold_b,314159,strict,strict,0.5,41653,0.4395631892191382,0.014087316864785
coordinate_plus_frozen_sequence_fm,C+S-FM: coordinate and frozen sequence-model embedding,1.1918171767162216,0.3380844717499673,129945,41653,55951,all_test_chromosomes,all,55951,0.4395631892191382,0.3380844717499673,0.6305221603509814,0.5551725248535778,0.4936640989437186,0.462341746633336,0.9325038627307474,0.618183778538505,0.667707413126881,0.2374996532277935,0.0588291675219977,p1,body_of_pancreas,fold_b,314159,strict,strict,0.5409880349467112,41653,0.4395631892191382,0.206284336450634
coordinate_plus_frozen_pangenomefm,C+T: coordinate and frozen topology embedding; no nucleotide input,1.5212622932984627,0.3485825071130264,129945,41653,55951,all_test_chromosomes,all,55951,0.4395631892191382,0.3485825071130264,0.5166249582280884,0.4460049628976551,0.4395631892191382,0.4395631892191382,1.0,0.6106896765783103,0.6934189744108293,0.2501322813924579,0.0616915087151375,p1,body_of_pancreas,fold_b,314159,strict,strict,0.5,41653,0.4395631892191382,0.0114942015845489
coordinate_plus_frozen_sequence_fm_plus_frozen_pangenomefm,"C+S-FM+T: coordinate, frozen sequence-model, and topology embeddings",1.2088330274672898,0.3460562767579308,129945,41653,55951,all_test_chromosomes,all,55951,0.4395631892191382,0.3460562767579308,0.6295530132313338,0.5538418834905648,0.4971492913442119,0.4638680843248097,0.9242091567048872,0.6177050071336367,0.667535354468495,0.2374310832800668,0.0570569384051959,p1,body_of_pancreas,fold_b,314159,strict,strict,0.5432028977069737,41653,0.4395631892191382,0.2039100431540196
coordinate,"reference coordinate, node length, and constant orientation",0.4288097663549577,0.456686999614025,129945,41653,55951,all_test_chromosomes,all,55951,0.4395631892191382,0.456686999614025,0.5286504288652079,0.4534558550235563,0.4395274436560561,0.4395323477359266,0.9997153777344068,0.6106068319819205,0.69245733085532,0.2496545403165986,0.0601638760606774,p1,body_of_pancreas,fold_b,42,1hop,1hop,0.499937415881905,41653,0.4395631892191382,0.0247889958995758
sequence_kmer,mono/di/tri-nucleotide composition; no graph adjacency,0.9017056023982296,0.3321877306841854,129945,41653,55951,all_test_chromosomes,all,55951,0.4395631892191382,0.3321877306841854,0.6182066336667755,0.5493648309476593,0.4661936337152151,0.4496649420569312,0.9576726030739204,0.6119808244449353,0.6736921170779395,0.2402307233187749,0.0632484622529807,p1,body_of_pancreas,fold_b,42,1hop,1hop,0.5191941163789413,41653,0.4395631892191382,0.1959215376583374
frozen_sequence_fm,S-FM: frozen pretrained sequence-model embedding only; no graph adjacency,1.1988778185019997,0.3241027225843199,129945,41653,55951,all_test_chromosomes,all,55951,0.4395631892191382,0.3241027225843199,0.6296183917174321,0.5548934251890686,0.4832621400868617,0.4576301122537091,0.9481580873383753,0.617313037723362,0.6678890618282323,0.2375862757969095,0.0582562338560201,p1,body_of_pancreas,fold_b,42,1hop,1hop,0.5333959426072238,41653,0.4395631892191382,0.2057863326451375
frozen_pangenomefm,frozen topology-pretrained node embedding; current encoder has no nucleotide input,1.9304071954693156,0.4050571866869981,129945,41653,55951,all_test_chromosomes,all,55951,0.4395631892191382,0.4050571866869981,0.5207142123753241,0.4545107354923147,0.4395631892191382,0.4395610287940803,0.999959339676344,0.6106800094359535,0.6919960727164031,0.2494246384029373,0.057897591802103,p1,body_of_pancreas,fold_b,42,1hop,1hop,0.4999956152411122,41653,0.4395631892191382,0.026671242833514
coordinate_plus_frozen_sequence_fm,C+S-FM: coordinate and frozen sequence-model embedding,1.1918171767162216,0.3380844717499673,129945,41653,55951,all_test_chromosomes,all,55951,0.4395631892191382,0.3380844717499673,0.6305221603509814,0.5551725248535778,0.4936640989437186,0.462341746633336,0.9325038627307474,0.618183778538505,0.667707413126881,0.2374996532277935,0.0588291675219977,p1,body_of_pancreas,fold_b,42,1hop,1hop,0.5409880349467112,41653,0.4395631892191382,0.206284336450634
coordinate_plus_frozen_pangenomefm,C+T: coordinate and frozen topology embedding; no nucleotide input,1.751156134409005,0.3666243846286503,129945,41653,55951,all_test_chromosomes,all,55951,0.4395631892191382,0.3666243846286503,0.5226716334476738,0.4531772497979661,0.4395453164375972,0.4395510116536784,0.9999186793526876,0.6106627598023392,0.6923011076761061,0.249574792973252,0.0582172685367628,p1,body_of_pancreas,fold_b,42,1hop,1hop,0.4999752850792841,41653,0.4395631892191382,0.0242918743325574
coordinate_plus_frozen_sequence_fm_plus_frozen_pangenomefm,"C+S-FM+T: coordinate, frozen sequence-model, and topology embeddings",1.2095488125317555,0.3464410145727313,129945,41653,55951,all_test_chromosomes,all,55951,0.4395631892191382,0.3464410145727313,0.6297589646366285,0.5540250596916423,0.4994906257260817,0.4650600434444034,0.922745385053265,0.618432526705908,0.6675110346946017,0.2373956735337139,0.0564378778802584,p1,body_of_pancreas,fold_b,42,1hop,1hop,0.545133894172198,41653,0.4395631892191382,0.2042368885673718
coordinate,"reference coordinate, node length, and constant orientation",0.4288097663549577,0.456686999614025,129945,41653,55951,all_test_chromosomes,all,55951,0.4395631892191382,0.456686999614025,0.5286504288652079,0.4534558550235563,0.4395274436560561,0.4395323477359266,0.9997153777344068,0.6106068319819205,0.69245733085532,0.2496545403165986,0.0601638760606774,p1,body_of_pancreas,fold_b,42,strict,strict,0.499937415881905,41653,0.4395631892191382,0.0247889958995758
sequence_kmer,mono/di/tri-nucleotide composition; no graph adjacency,0.9017056023982296,0.3321877306841854,129945,41653,55951,all_test_chromosomes,all,55951,0.4395631892191382,0.3321877306841854,0.6182066336667755,0.5493648309476593,0.4661936337152151,0.4496649420569312,0.9576726030739204,0.6119808244449353,0.6736921170779395,0.2402307233187749,0.0632484622529807,p1,body_of_pancreas,fold_b,42,strict,strict,0.5191941163789413,41653,0.4395631892191382,0.1959215376583374
frozen_sequence_fm,S-FM: frozen pretrained sequence-model embedding only; no graph adjacency,1.1988778185019997,0.3241027225843199,129945,41653,55951,all_test_chromosomes,all,55951,0.4395631892191382,0.3241027225843199,0.6296183917174321,0.5548934251890686,0.4832621400868617,0.4576301122537091,0.9481580873383753,0.617313037723362,0.6678890618282323,0.2375862757969095,0.0582562338560201,p1,body_of_pancreas,fold_b,42,strict,strict,0.5333959426072238,41653,0.4395631892191382,0.2057863326451375
frozen_pangenomefm,frozen topology-pretrained node embedding; current encoder has no nucleotide input,1.2602091023871074,0.3901528699459478,129945,41653,55951,all_test_chromosomes,all,55951,0.4395631892191382,0.3901528699459478,0.5346173906853416,0.4704049928447109,0.4396346803453021,0.4395665313567354,0.9994714157924696,0.6105942991989071,0.6916732483820456,0.2492651253959922,0.0616907070614184,p1,body_of_pancreas,fold_b,42,strict,strict,0.5000067797462205,41653,0.4395631892191382,0.055031723527583
coordinate_plus_frozen_sequence_fm,C+S-FM: coordinate and frozen sequence-model embedding,1.1918171767162216,0.3380844717499673,129945,41653,55951,all_test_chromosomes,all,55951,0.4395631892191382,0.3380844717499673,0.6305221603509814,0.5551725248535778,0.4936640989437186,0.462341746633336,0.9325038627307474,0.618183778538505,0.667707413126881,0.2374996532277935,0.0588291675219977,p1,body_of_pancreas,fold_b,42,strict,strict,0.5409880349467112,41653,0.4395631892191382,0.206284336450634
coordinate_plus_frozen_pangenomefm,C+T: coordinate and frozen topology embedding; no nucleotide input,1.3045535078386503,0.4188350505855671,129945,41653,55951,all_test_chromosomes,all,55951,0.4395631892191382,0.4188350505855671,0.5373289163750274,0.4671827913215459,0.4408679022716305,0.439982775325654,0.9970724566967551,0.6105467582910069,0.6916686970938315,0.2492616917615555,0.062130382977088,p1,body_of_pancreas,fold_b,42,strict,strict,0.5008483117747258,41653,0.4395631892191382,0.0492822769152603
coordinate_plus_frozen_sequence_fm_plus_frozen_pangenomefm,"C+S-FM+T: coordinate, frozen sequence-model, and topology embeddings",1.203489225268089,0.3391695205967702,129945,41653,55951,all_test_chromosomes,all,55951,0.4395631892191382,0.3391695205967702,0.631735195501208,0.556880988342874,0.4935568622544726,0.4622371129859121,0.9312027323737496,0.6178041543026707,0.6670251197898887,0.2371677079805643,0.0577677970407042,p1,body_of_pancreas,fold_b,42,strict,strict,0.540752050244661,41653,0.4395631892191382,0.2093327862605525
coordinate,"reference coordinate, node length, and constant orientation",0.9078530139236564,0.4785045150198469,150220,35676,41653,all_test_chromosomes,all,41653,0.4136556790627326,0.4785045150198469,0.517795184120541,0.4221995113106899,0.413751710561064,0.4136871173009965,0.999883923389437,0.58523991507431,0.6928872988366555,0.2498697826177671,0.0861294119160296,p1,body_of_pancreas,fold_c,20260806,1hop,1hop,0.5000647967272698,35676,0.4136556790627326,0.014571356697546
sequence_kmer,mono/di/tri-nucleotide composition; no graph adjacency,1.0309449581649484,0.361675986586754,150220,35676,41653,all_test_chromosomes,all,41653,0.4136556790627326,0.361675986586754,0.5977211534972374,0.4981797692676252,0.4646964204258997,0.4310893512851897,0.919849100406268,0.5870543568848967,0.6697249960482077,0.238421517022928,0.0515884280568574,p1,body_of_pancreas,fold_c,20260806,1hop,1hop,0.5317216267293593,35676,0.4136556790627326,0.1441543597962737
frozen_sequence_fm,S-FM: frozen pretrained sequence-model embedding only; no graph adjacency,1.070097941794666,0.3802311890511792,150220,35676,41653,all_test_chromosomes,all,41653,0.4136556790627326,0.3802311890511792,0.6164160394748877,0.5152863963881605,0.5345593354620315,0.4629139300574258,0.7813116656993616,0.5813737556951912,0.6619196493035533,0.2347526579552368,0.0380948947136247,p1,body_of_pancreas,fold_c,20260806,1hop,1hop,0.5708957706132644,35676,0.4136556790627326,0.173329413616511
frozen_pangenomefm,frozen topology-pretrained node embedding; current encoder has no nucleotide input,1.841300544494396,0.4543851458923848,150220,35676,41653,all_test_chromosomes,all,41653,0.4136556790627326,0.4543851458923848,0.4970878247194227,0.4096639910722573,0.4221544666650661,0.4156907221578441,0.9785258270458502,0.583502050563256,0.6948552461821513,0.2508416524970936,0.0865313128540711,p1,body_of_pancreas,fold_c,20260806,1hop,1hop,0.50408500745078,35676,0.4136556790627326,-0.0068077541607199
coordinate_plus_frozen_sequence_fm,C+S-FM: coordinate and frozen sequence-model embedding,1.0688983332440622,0.3588086106462902,150220,35676,41653,all_test_chromosomes,all,41653,0.4136556790627326,0.3588086106462902,0.6178965307456277,0.5152983226018102,0.5168415240198785,0.4540811470989436,0.8307603017991875,0.5872048899554899,0.6613360448501578,0.2344791078616027,0.0374683531787597,p1,body_of_pancreas,fold_c,20260806,1hop,1hop,0.5630688050370871,35676,0.4136556790627326,0.1733497535656225
coordinate_plus_frozen_pangenomefm,C+T: coordinate and frozen topology embedding; no nucleotide input,2.240041397064922,0.4623232208625443,150220,35676,41653,all_test_chromosomes,all,41653,0.4136556790627326,0.4623232208625443,0.502560275131462,0.4131798217033988,0.4224905769092262,0.4157636197575967,0.977539175856065,0.5833982785195961,0.6941788094080218,0.2505106339680419,0.0868669450126904,p1,body_of_pancreas,fold_c,20260806,1hop,1hop,0.504226329524069,35676,0.4136556790627326,-0.0008115664164242
coordinate_plus_frozen_sequence_fm_plus_frozen_pangenomefm,"C+S-FM+T: coordinate, frozen sequence-model, and topology embeddings",1.0960204794149695,0.3852421307427823,150220,35676,41653,all_test_chromosomes,all,41653,0.4136556790627326,0.3852421307427823,0.6191279893749242,0.5151539753678125,0.5387367056394498,0.4660480087662226,0.7899013348810214,0.5862210066116771,0.6613169793739081,0.2344866712704029,0.0405849459409865,p1,body_of_pancreas,fold_c,20260806,1hop,1hop,0.5757228903451498,35676,0.4136556790627326,0.173103571878782
coordinate,"reference coordinate, node length, and constant orientation",0.9078530139236564,0.4785045150198469,150220,35676,41653,all_test_chromosomes,all,41653,0.4136556790627326,0.4785045150198469,0.517795184120541,0.4221995113106899,0.413751710561064,0.4136871173009965,0.999883923389437,0.58523991507431,0.6928872988366555,0.2498697826177671,0.0861294119160296,p1,body_of_pancreas,fold_c,20260806,strict,strict,0.5000647967272698,35676,0.4136556790627326,0.014571356697546
sequence_kmer,mono/di/tri-nucleotide composition; no graph adjacency,1.0309449581649484,0.361675986586754,150220,35676,41653,all_test_chromosomes,all,41653,0.4136556790627326,0.361675986586754,0.5977211534972374,0.4981797692676252,0.4646964204258997,0.4310893512851897,0.919849100406268,0.5870543568848967,0.6697249960482077,0.238421517022928,0.0515884280568574,p1,body_of_pancreas,fold_c,20260806,strict,strict,0.5317216267293593,35676,0.4136556790627326,0.1441543597962737
frozen_sequence_fm,S-FM: frozen pretrained sequence-model embedding only; no graph adjacency,1.070097941794666,0.3802311890511792,150220,35676,41653,all_test_chromosomes,all,41653,0.4136556790627326,0.3802311890511792,0.6164160394748877,0.5152863963881605,0.5345593354620315,0.4629139300574258,0.7813116656993616,0.5813737556951912,0.6619196493035533,0.2347526579552368,0.0380948947136247,p1,body_of_pancreas,fold_c,20260806,strict,strict,0.5708957706132644,35676,0.4136556790627326,0.173329413616511
frozen_pangenomefm,frozen topology-pretrained node embedding; current encoder has no nucleotide input,0.9192004735841448,0.341069438867069,150220,35676,41653,all_test_chromosomes,all,41653,0.4136556790627326,0.341069438867069,0.5186766698441231,0.4236628956637823,0.4136796869373154,0.4136614645858343,0.9999419616947184,0.5852241847826087,0.6925074077570187,0.2496755473175622,0.0840618851975024,p1,body_of_pancreas,fold_c,20260806,strict,strict,0.5000119258582096,35676,0.4136556790627326,0.0170671331565952
coordinate_plus_frozen_sequence_fm,C+S-FM: coordinate and frozen sequence-model embedding,1.0688983332440622,0.3588086106462902,150220,35676,41653,all_test_chromosomes,all,41653,0.4136556790627326,0.3588086106462902,0.6178965307456277,0.5152983226018102,0.5168415240198785,0.4540811470989436,0.8307603017991875,0.5872048899554899,0.6613360448501578,0.2344791078616027,0.0374683531787597,p1,body_of_pancreas,fold_c,20260806,strict,strict,0.5630688050370871,35676,0.4136556790627326,0.1733497535656225
coordinate_plus_frozen_pangenomefm,C+T: coordinate and frozen topology embedding; no nucleotide input,0.93204491582162,0.3102693421369833,150220,35676,41653,all_test_chromosomes,all,41653,0.4136556790627326,0.3102693421369833,0.5200692077620429,0.4248077221618839,0.4136556790627326,0.4136556790627326,1.0,0.5852283341541701,0.6921570269565092,0.2495013974541202,0.0829828815464276,p1,body_of_pancreas,fold_c,20260806,strict,strict,0.5,35676,0.4136556790627326,0.0190196147569483
coordinate_plus_frozen_sequence_fm_plus_frozen_pangenomefm,"C+S-FM+T: coordinate, frozen sequence-model, and topology embeddings",1.0937565102825366,0.3325015528269767,150220,35676,41653,all_test_chromosomes,all,41653,0.4136556790627326,0.3325015528269767,0.6188791884304371,0.5162738910521409,0.4923294840707752,0.4433153841699959,0.8887405687753918,0.5915552808467898,0.6610172261239728,0.2343358894305588,0.0384541870013332,p1,body_of_pancreas,fold_c,20260806,strict,strict,0.5507044775662571,35676,0.4136556790627326,0.1750135685212638
coordinate,"reference coordinate, node length, and constant orientation",0.9078530139236564,0.4785045150198469,150220,35676,41653,all_test_chromosomes,all,41653,0.4136556790627326,0.4785045150198469,0.517795184120541,0.4221995113106899,0.413751710561064,0.4136871173009965,0.999883923389437,0.58523991507431,0.6928872988366555,0.2498697826177671,0.0861294119160296,p1,body_of_pancreas,fold_c,314159,1hop,1hop,0.5000647967272698,35676,0.4136556790627326,0.014571356697546
sequence_kmer,mono/di/tri-nucleotide composition; no graph adjacency,1.0309449581649484,0.361675986586754,150220,35676,41653,all_test_chromosomes,all,41653,0.4136556790627326,0.361675986586754,0.5977211534972374,0.4981797692676252,0.4646964204258997,0.4310893512851897,0.919849100406268,0.5870543568848967,0.6697249960482077,0.238421517022928,0.0515884280568574,p1,body_of_pancreas,fold_c,314159,1hop,1hop,0.5317216267293593,35676,0.4136556790627326,0.1441543597962737
frozen_sequence_fm,S-FM: frozen pretrained sequence-model embedding only; no graph adjacency,1.070097941794666,0.3802311890511792,150220,35676,41653,all_test_chromosomes,all,41653,0.4136556790627326,0.3802311890511792,0.6164160394748877,0.5152863963881605,0.5345593354620315,0.4629139300574258,0.7813116656993616,0.5813737556951912,0.6619196493035533,0.2347526579552368,0.0380948947136247,p1,body_of_pancreas,fold_c,314159,1hop,1hop,0.5708957706132644,35676,0.4136556790627326,0.173329413616511
frozen_pangenomefm,frozen topology-pretrained node embedding; current encoder has no nucleotide input,1.1966581475936215,0.4176228582813116,150220,35676,41653,all_test_chromosomes,all,41653,0.4136556790627326,0.4176228582813116,0.5088283384341121,0.4208486037802825,0.4146880176697957,0.4137723106608779,0.9956471271038886,0.584597035270063,0.6938907713856465,0.2503530116452134,0.0860401194786773,p1,body_of_pancreas,fold_c,314159,1hop,1hop,0.5002393191921195,35676,0.4136556790627326,0.0122674074953981
coordinate_plus_frozen_sequence_fm,C+S-FM: coordinate and frozen sequence-model embedding,1.0688983332440622,0.3588086106462902,150220,35676,41653,all_test_chromosomes,all,41653,0.4136556790627326,0.3588086106462902,0.6178965307456277,0.5152983226018102,0.5168415240198785,0.4540811470989436,0.8307603017991875,0.5872048899554899,0.6613360448501578,0.2344791078616027,0.0374683531787597,p1,body_of_pancreas,fold_c,314159,1hop,1hop,0.5630688050370871,35676,0.4136556790627326,0.1733497535656225
coordinate_plus_frozen_pangenomefm,C+T: coordinate and frozen topology embedding; no nucleotide input,1.326412576423166,0.4210413978934093,150220,35676,41653,all_test_chromosomes,all,41653,0.4136556790627326,0.4210413978934093,0.5115364825631168,0.4228102825561252,0.41480805704271,0.4139384741393847,0.9972721996517702,0.5850428150695426,0.693336719401336,0.2500844717110117,0.0858377743470138,p1,body_of_pancreas,fold_c,314159,1hop,1hop,0.5005809878412804,35676,0.4136556790627326,0.0156130163907089
coordinate_plus_frozen_sequence_fm_plus_frozen_pangenomefm,"C+S-FM+T: coordinate, frozen sequence-model, and topology embeddings",1.0829323509893645,0.3543533777178919,150220,35676,41653,all_test_chromosomes,all,41653,0.4136556790627326,0.3543533777178919,0.6200524946882582,0.5184616198234334,0.5120639569778888,0.4519057389790462,0.8436448055716773,0.5885496801360434,0.6607830735354536,0.2342213890353032,0.0392343911892613,p1,body_of_pancreas,fold_c,314159,1hop,1hop,0.560892132139317,35676,0.4136556790627326,0.1787447017362924
coordinate,"reference coordinate, node length, and constant orientation",0.9078530139236564,0.4785045150198469,150220,35676,41653,all_test_chromosomes,all,41653,0.4136556790627326,0.4785045150198469,0.517795184120541,0.4221995113106899,0.413751710561064,0.4136871173009965,0.999883923389437,0.58523991507431,0.6928872988366555,0.2498697826177671,0.0861294119160296,p1,body_of_pancreas,fold_c,314159,strict,strict,0.5000647967272698,35676,0.4136556790627326,0.014571356697546
sequence_kmer,mono/di/tri-nucleotide composition; no graph adjacency,1.0309449581649484,0.361675986586754,150220,35676,41653,all_test_chromosomes,all,41653,0.4136556790627326,0.361675986586754,0.5977211534972374,0.4981797692676252,0.4646964204258997,0.4310893512851897,0.919849100406268,0.5870543568848967,0.6697249960482077,0.238421517022928,0.0515884280568574,p1,body_of_pancreas,fold_c,314159,strict,strict,0.5317216267293593,35676,0.4136556790627326,0.1441543597962737
frozen_sequence_fm,S-FM: frozen pretrained sequence-model embedding only; no graph adjacency,1.070097941794666,0.3802311890511792,150220,35676,41653,all_test_chromosomes,all,41653,0.4136556790627326,0.3802311890511792,0.6164160394748877,0.5152863963881605,0.5345593354620315,0.4629139300574258,0.7813116656993616,0.5813737556951912,0.6619196493035533,0.2347526579552368,0.0380948947136247,p1,body_of_pancreas,fold_c,314159,strict,strict,0.5708957706132644,35676,0.4136556790627326,0.173329413616511
frozen_pangenomefm,frozen topology-pretrained node embedding; current encoder has no nucleotide input,0.9716182712823672,0.4017186099732784,150220,35676,41653,all_test_chromosomes,all,41653,0.4136556790627326,0.4017186099732784,0.519197308351506,0.4297415283881635,0.4139917893068927,0.4135830705154441,0.9970400464306444,0.5846478465805639,0.6918924920922058,0.2493736656290076,0.0835006865789789,p1,body_of_pancreas,fold_c,314159,strict,strict,0.499850736067961,35676,0.4136556790627326,0.0274341351165775
coordinate_plus_frozen_sequence_fm,C+S-FM: coordinate and frozen sequence-model embedding,1.0688983332440622,0.3588086106462902,150220,35676,41653,all_test_chromosomes,all,41653,0.4136556790627326,0.3588086106462902,0.6178965307456277,0.5152983226018102,0.5168415240198785,0.4540811470989436,0.8307603017991875,0.5872048899554899,0.6613360448501578,0.2344791078616027,0.0374683531787597,p1,body_of_pancreas,fold_c,314159,strict,strict,0.5630688050370871,35676,0.4136556790627326,0.1733497535656225
coordinate_plus_frozen_pangenomefm,C+T: coordinate and frozen topology embedding; no nucleotide input,0.93669534281759,0.3790401523118841,150220,35676,41653,all_test_chromosomes,all,41653,0.4136556790627326,0.3790401523118841,0.5202072682551002,0.4307840786586523,0.4134876239406525,0.4134240777259391,0.997736506094022,0.5846085832823233,0.6916058436537835,0.2492301153249726,0.0826314950108277,p1,body_of_pancreas,fold_c,314159,strict,strict,0.4995233732206179,35676,0.4136556790627326,0.0292121863967918
coordinate_plus_frozen_sequence_fm_plus_frozen_pangenomefm,"C+S-FM+T: coordinate, frozen sequence-model, and topology embeddings",1.0913580456316307,0.3524504349168597,150220,35676,41653,all_test_chromosomes,all,41653,0.4136556790627326,0.3524504349168597,0.6181628099579501,0.5156121582807742,0.510791539624997,0.4512380303077257,0.8450957632037145,0.5883351178811693,0.6611655617035554,0.2343977716762867,0.0381150582815045,p1,body_of_pancreas,fold_c,314159,strict,strict,0.5600207555321688,35676,0.4136556790627326,0.1738849948355684
coordinate,"reference coordinate, node length, and constant orientation",0.9078530139236564,0.4785045150198469,150220,35676,41653,all_test_chromosomes,all,41653,0.4136556790627326,0.4785045150198469,0.517795184120541,0.4221995113106899,0.413751710561064,0.4136871173009965,0.999883923389437,0.58523991507431,0.6928872988366555,0.2498697826177671,0.0861294119160296,p1,body_of_pancreas,fold_c,42,1hop,1hop,0.5000647967272698,35676,0.4136556790627326,0.014571356697546
sequence_kmer,mono/di/tri-nucleotide composition; no graph adjacency,1.0309449581649484,0.361675986586754,150220,35676,41653,all_test_chromosomes,all,41653,0.4136556790627326,0.361675986586754,0.5977211534972374,0.4981797692676252,0.4646964204258997,0.4310893512851897,0.919849100406268,0.5870543568848967,0.6697249960482077,0.238421517022928,0.0515884280568574,p1,body_of_pancreas,fold_c,42,1hop,1hop,0.5317216267293593,35676,0.4136556790627326,0.1441543597962737
frozen_sequence_fm,S-FM: frozen pretrained sequence-model embedding only; no graph adjacency,1.070097941794666,0.3802311890511792,150220,35676,41653,all_test_chromosomes,all,41653,0.4136556790627326,0.3802311890511792,0.6164160394748877,0.5152863963881605,0.5345593354620315,0.4629139300574258,0.7813116656993616,0.5813737556951912,0.6619196493035533,0.2347526579552368,0.0380948947136247,p1,body_of_pancreas,fold_c,42,1hop,1hop,0.5708957706132644,35676,0.4136556790627326,0.173329413616511
frozen_pangenomefm,frozen topology-pretrained node embedding; current encoder has no nucleotide input,1.201766843596488,0.4056226432862566,150220,35676,41653,all_test_chromosomes,all,41653,0.4136556790627326,0.4056226432862566,0.4977946287607595,0.4125290440640452,0.4152642066597844,0.4139995172580256,0.995473012188044,0.5847937265598363,0.6950876672216068,0.2509536907737584,0.0846568744835843,p1,body_of_pancreas,fold_c,42,1hop,1hop,0.500705019380678,35676,0.4136556790627326,-0.0019214563157812
coordinate_plus_frozen_sequence_fm,C+S-FM: coordinate and frozen sequence-model embedding,1.0688983332440622,0.3588086106462902,150220,35676,41653,all_test_chromosomes,all,41653,0.4136556790627326,0.3588086106462902,0.6178965307456277,0.5152983226018102,0.5168415240198785,0.4540811470989436,0.8307603017991875,0.5872048899554899,0.6613360448501578,0.2344791078616027,0.0374683531787597,p1,body_of_pancreas,fold_c,42,1hop,1hop,0.5630688050370871,35676,0.4136556790627326,0.1733497535656225
coordinate_plus_frozen_pangenomefm,C+T: coordinate and frozen topology embedding; no nucleotide input,1.3467672187040685,0.4321295464951711,150220,35676,41653,all_test_chromosomes,all,41653,0.4136556790627326,0.4321295464951711,0.4993029355481566,0.4140962957492374,0.4186493169759681,0.4149560474346799,0.9890307603017992,0.5846269962433744,0.6948460114044855,0.2508356641663909,0.0858959993823481,p1,body_of_pancreas,fold_c,42,1hop,1hop,0.5026429648047095,35676,0.4136556790627326,0.0007514640643239
coordinate_plus_frozen_sequence_fm_plus_frozen_pangenomefm,"C+S-FM+T: coordinate, frozen sequence-model, and topology embeddings",1.0934953335463375,0.3836509956976558,150220,35676,41653,all_test_chromosomes,all,41653,0.4136556790627326,0.3836509956976558,0.6171252294007801,0.51430013950909,0.5381125009002953,0.4655745570444498,0.7884503772489844,0.5854467883384689,0.6621646378726092,0.2348682413012683,0.0402220311353371,p1,body_of_pancreas,fold_c,42,1hop,1hop,0.5749769390237061,35676,0.4136556790627326,0.1716473697323067
coordinate,"reference coordinate, node length, and constant orientation",0.9078530139236564,0.4785045150198469,150220,35676,41653,all_test_chromosomes,all,41653,0.4136556790627326,0.4785045150198469,0.517795184120541,0.4221995113106899,0.413751710561064,0.4136871173009965,0.999883923389437,0.58523991507431,0.6928872988366555,0.2498697826177671,0.0861294119160296,p1,body_of_pancreas,fold_c,42,strict,strict,0.5000647967272698,35676,0.4136556790627326,0.014571356697546
sequence_kmer,mono/di/tri-nucleotide composition; no graph adjacency,1.0309449581649484,0.361675986586754,150220,35676,41653,all_test_chromosomes,all,41653,0.4136556790627326,0.361675986586754,0.5977211534972374,0.4981797692676252,0.4646964204258997,0.4310893512851897,0.919849100406268,0.5870543568848967,0.6697249960482077,0.238421517022928,0.0515884280568574,p1,body_of_pancreas,fold_c,42,strict,strict,0.5317216267293593,35676,0.4136556790627326,0.1441543597962737
frozen_sequence_fm,S-FM: frozen pretrained sequence-model embedding only; no graph adjacency,1.070097941794666,0.3802311890511792,150220,35676,41653,all_test_chromosomes,all,41653,0.4136556790627326,0.3802311890511792,0.6164160394748877,0.5152863963881605,0.5345593354620315,0.4629139300574258,0.7813116656993616,0.5813737556951912,0.6619196493035533,0.2347526579552368,0.0380948947136247,p1,body_of_pancreas,fold_c,42,strict,strict,0.5708957706132644,35676,0.4136556790627326,0.173329413616511
frozen_pangenomefm,frozen topology-pretrained node embedding; current encoder has no nucleotide input,1.0423323063792225,0.4140996871068816,150220,35676,41653,all_test_chromosomes,all,41653,0.4136556790627326,0.4140996871068816,0.5161160406321843,0.4223935704952094,0.4144479389239671,0.413834600943487,0.9979106210098664,0.5850488277927116,0.6924185969976671,0.2496350257345639,0.0840458153836921,p1,body_of_pancreas,fold_c,42,strict,strict,0.500367913379273,35676,0.4136556790627326,0.0149023212478793
coordinate_plus_frozen_sequence_fm,C+S-FM: coordinate and frozen sequence-model embedding,1.0688983332440622,0.3588086106462902,150220,35676,41653,all_test_chromosomes,all,41653,0.4136556790627326,0.3588086106462902,0.6178965307456277,0.5152983226018102,0.5168415240198785,0.4540811470989436,0.8307603017991875,0.5872048899554899,0.6613360448501578,0.2344791078616027,0.0374683531787597,p1,body_of_pancreas,fold_c,42,strict,strict,0.5630688050370871,35676,0.4136556790627326,0.1733497535656225
coordinate_plus_frozen_pangenomefm,C+T: coordinate and frozen topology embedding; no nucleotide input,1.0794479417659588,0.4132858719659465,150220,35676,41653,all_test_chromosomes,all,41653,0.4136556790627326,0.4132858719659465,0.5177018233172165,0.4230339286677304,0.4146640097952128,0.4139739672304694,0.9986070806732444,0.5853077747350875,0.6921808621860877,0.2495166726259433,0.0834440947782897,p1,body_of_pancreas,fold_c,42,strict,strict,0.5006547256946863,35676,0.4136556790627326,0.0159944409285088
coordinate_plus_frozen_sequence_fm_plus_frozen_pangenomefm,"C+S-FM+T: coordinate, frozen sequence-model, and topology embeddings",1.089729717956518,0.3448513989158707,150220,35676,41653,all_test_chromosomes,all,41653,0.4136556790627326,0.3448513989158707,0.6193751387359788,0.516118334192551,0.5019806496530862,0.4471928348160615,0.8635519442832269,0.5892439903370164,0.6609913122581745,0.2343058006892155,0.038949579088767,p1,body_of_pancreas,fold_c,42,strict,strict,0.5552251798556535,35676,0.4136556790627326,0.17474826901373
coordinate,"reference coordinate, node length, and constant orientation",19.99999847159494,0.4986989490781153,153598,38275,35676,all_test_chromosomes,all,35676,0.4517042269312703,0.4986989490781153,0.508671904303178,0.4643958863697793,0.4519004372687521,0.4517685338419679,0.999441514117282,0.6222617161843681,0.693119058079704,0.2499859387482264,0.0483456681842001,p1,body_of_pancreas,fold_d,20260806,1hop,1hop,0.5001297341048043,38275,0.4517042269312703,0.023147469052106
sequence_kmer,mono/di/tri-nucleotide composition; no graph adjacency,1.190573093531009,0.3744353874583798,153598,38275,35676,all_test_chromosomes,all,35676,0.4517042269312703,0.3744353874583798,0.6297525757075851,0.5721025489834045,0.4856486153156183,0.4661332848440767,0.9544523735650016,0.6263642287017429,0.6700189335269031,0.238375115286722,0.0545622663127114,p1,body_of_pancreas,fold_d,20260806,1hop,1hop,0.526942458956725,38275,0.4517042269312703,0.2195864494418454
frozen_sequence_fm,S-FM: frozen pretrained sequence-model embedding only; no graph adjacency,1.243052670683214,0.365187113970533,153598,38275,35676,all_test_chromosomes,all,35676,0.4517042269312703,0.365187113970533,0.6526948952720404,0.5955938100881942,0.5226763090032515,0.4849591890468667,0.9143654979832454,0.6337770704746338,0.6580326828668069,0.2329255372783215,0.0488248568401509,p1,body_of_pancreas,fold_d,20260806,1hop,1hop,0.5571776367785457,38275,0.4517042269312703,0.2624305898832584
frozen_pangenomefm,frozen topology-pretrained node embedding; current encoder has no nucleotide input,3.852404472623552,0.4571494640231223,153598,38275,35676,all_test_chromosomes,all,35676,0.4517042269312703,0.4571494640231223,0.5423937954387987,0.4860741041006213,0.4517042269312703,0.4516933946394527,0.9997517840521254,0.6222505455458355,0.6921245088164919,0.249488769808671,0.0490682805466734,p1,body_of_pancreas,fold_d,20260806,1hop,1hop,0.4999781362876035,38275,0.4517042269312703,0.0626849209086327
coordinate_plus_frozen_sequence_fm,C+S-FM: coordinate and frozen sequence-model embedding,1.2409902466924942,0.3700251359435659,153598,38275,35676,all_test_chromosomes,all,35676,0.4517042269312703,0.3700251359435659,0.6541300773194073,0.5971966483816845,0.5281701984527414,0.488018156331353,0.9073533974557866,0.6346767367667165,0.6572293348891103,0.2325465338105984,0.0495335240762949,p1,body_of_pancreas,fold_d,20260806,1hop,1hop,0.5615699557188447,38275,0.4517042269312703,0.2653538994767638
coordinate_plus_frozen_pangenomefm,C+T: coordinate and frozen topology embedding; no nucleotide input,16.12485972980014,0.4905805677693322,153598,38275,35676,all_test_chromosomes,all,35676,0.4517042269312703,0.4905805677693322,0.5395588742237443,0.4851710555119747,0.4518443771723287,0.4517377766557267,0.9993174061433449,0.6222084846611544,0.6928872780709456,0.2498700520111462,0.0485255711757784,p1,body_of_pancreas,fold_d,20260806,1hop,1hop,0.5000676801178356,38275,0.4517042269312703,0.0610379109680083
coordinate_plus_frozen_sequence_fm_plus_frozen_pangenomefm,"C+S-FM+T: coordinate, frozen sequence-model, and topology embeddings",1.2671088852121564,0.3666427004144661,153598,38275,35676,all_test_chromosomes,all,35676,0.4517042269312703,0.3666427004144661,0.6540987140587271,0.5955799456690558,0.5204058750981052,0.483764644453872,0.9198883028234563,0.6340733136575559,0.6579677621496681,0.2328821075728893,0.0506532588105434,p1,body_of_pancreas,fold_d,20260806,1hop,1hop,0.5555936580831663,38275,0.4517042269312703,0.2624053034962034
coordinate,"reference coordinate, node length, and constant orientation",19.99999847159494,0.4986989490781153,153598,38275,35676,all_test_chromosomes,all,35676,0.4517042269312703,0.4986989490781153,0.508671904303178,0.4643958863697793,0.4519004372687521,0.4517685338419679,0.999441514117282,0.6222617161843681,0.693119058079704,0.2499859387482264,0.0483456681842001,p1,body_of_pancreas,fold_d,20260806,strict,strict,0.5001297341048043,38275,0.4517042269312703,0.023147469052106
sequence_kmer,mono/di/tri-nucleotide composition; no graph adjacency,1.190573093531009,0.3744353874583798,153598,38275,35676,all_test_chromosomes,all,35676,0.4517042269312703,0.3744353874583798,0.6297525757075851,0.5721025489834045,0.4856486153156183,0.4661332848440767,0.9544523735650016,0.6263642287017429,0.6700189335269031,0.238375115286722,0.0545622663127114,p1,body_of_pancreas,fold_d,20260806,strict,strict,0.526942458956725,38275,0.4517042269312703,0.2195864494418454
frozen_sequence_fm,S-FM: frozen pretrained sequence-model embedding only; no graph adjacency,1.243052670683214,0.365187113970533,153598,38275,35676,all_test_chromosomes,all,35676,0.4517042269312703,0.365187113970533,0.6526948952720404,0.5955938100881942,0.5226763090032515,0.4849591890468667,0.9143654979832454,0.6337770704746338,0.6580326828668069,0.2329255372783215,0.0488248568401509,p1,body_of_pancreas,fold_d,20260806,strict,strict,0.5571776367785457,38275,0.4517042269312703,0.2624305898832584
frozen_pangenomefm,frozen topology-pretrained node embedding; current encoder has no nucleotide input,4.865797543879057,0.4695468179486452,153598,38275,35676,all_test_chromosomes,all,35676,0.4517042269312703,0.4695468179486452,0.5421932977094193,0.4825896915895586,0.4517042269312703,0.4517042269312703,1.0,0.6223088953679211,0.6923479580372461,0.2496004353064085,0.0486244094789896,p1,body_of_pancreas,fold_d,20260806,strict,strict,0.5,38275,0.4517042269312703,0.0563299339067069
coordinate_plus_frozen_sequence_fm,C+S-FM: coordinate and frozen sequence-model embedding,1.2409902466924942,0.3700251359435659,153598,38275,35676,all_test_chromosomes,all,35676,0.4517042269312703,0.3700251359435659,0.6541300773194073,0.5971966483816845,0.5281701984527414,0.488018156331353,0.9073533974557866,0.6346767367667165,0.6572293348891103,0.2325465338105984,0.0495335240762949,p1,body_of_pancreas,fold_d,20260806,strict,strict,0.5615699557188447,38275,0.4517042269312703,0.2653538994767638
coordinate_plus_frozen_pangenomefm,C+T: coordinate and frozen topology embedding; no nucleotide input,19.999998332022702,0.4923979502736585,153598,38275,35676,all_test_chromosomes,all,35676,0.4517042269312703,0.4923979502736585,0.5431671846106747,0.4880872091190811,0.4518443771723287,0.4517675422612206,1.0,0.6223689800332136,0.6928950387079139,0.249873930548778,0.0484487065022778,p1,body_of_pancreas,fold_d,20260806,strict,strict,0.500127805326926,38275,0.4517042269312703,0.0663564885502958
coordinate_plus_frozen_sequence_fm_plus_frozen_pangenomefm,"C+S-FM+T: coordinate, frozen sequence-model, and topology embeddings",1.2583513613730708,0.3866518151919108,153598,38275,35676,all_test_chromosomes,all,35676,0.4517042269312703,0.3866518151919108,0.6539977942458116,0.5966506378209353,0.5379807153268303,0.4935375105366676,0.8719826248836487,0.6303182541996546,0.6572745342167444,0.232544365430873,0.0496530713596046,p1,body_of_pancreas,fold_d,20260806,strict,strict,0.5674007495871646,38275,0.4517042269312703,0.264358067322718
coordinate,"reference coordinate, node length, and constant orientation",19.99999847159494,0.4986989490781153,153598,38275,35676,all_test_chromosomes,all,35676,0.4517042269312703,0.4986989490781153,0.508671904303178,0.4643958863697793,0.4519004372687521,0.4517685338419679,0.999441514117282,0.6222617161843681,0.693119058079704,0.2499859387482264,0.0483456681842001,p1,body_of_pancreas,fold_d,314159,1hop,1hop,0.5001297341048043,38275,0.4517042269312703,0.023147469052106
sequence_kmer,mono/di/tri-nucleotide composition; no graph adjacency,1.190573093531009,0.3744353874583798,153598,38275,35676,all_test_chromosomes,all,35676,0.4517042269312703,0.3744353874583798,0.6297525757075851,0.5721025489834045,0.4856486153156183,0.4661332848440767,0.9544523735650016,0.6263642287017429,0.6700189335269031,0.238375115286722,0.0545622663127114,p1,body_of_pancreas,fold_d,314159,1hop,1hop,0.526942458956725,38275,0.4517042269312703,0.2195864494418454
frozen_sequence_fm,S-FM: frozen pretrained sequence-model embedding only; no graph adjacency,1.243052670683214,0.365187113970533,153598,38275,35676,all_test_chromosomes,all,35676,0.4517042269312703,0.365187113970533,0.6526948952720404,0.5955938100881942,0.5226763090032515,0.4849591890468667,0.9143654979832454,0.6337770704746338,0.6580326828668069,0.2329255372783215,0.0488248568401509,p1,body_of_pancreas,fold_d,314159,1hop,1hop,0.5571776367785457,38275,0.4517042269312703,0.2624305898832584
frozen_pangenomefm,frozen topology-pretrained node embedding; current encoder has no nucleotide input,2.1656800723864067,0.4467293416906009,153598,38275,35676,all_test_chromosomes,all,35676,0.4517042269312703,0.4467293416906009,0.5473386568977451,0.4942863963938453,0.4518724072205404,0.4517558622237181,0.999441514117282,0.6222496957521201,0.6915980463994985,0.2492258032244383,0.0538439060489995,p1,body_of_pancreas,fold_d,314159,1hop,1hop,0.5001041730394191,38275,0.4517042269312703,0.0776627717267432
coordinate_plus_frozen_sequence_fm,C+S-FM: coordinate and frozen sequence-model embedding,1.2409902466924942,0.3700251359435659,153598,38275,35676,all_test_chromosomes,all,35676,0.4517042269312703,0.3700251359435659,0.6541300773194073,0.5971966483816845,0.5281701984527414,0.488018156331353,0.9073533974557866,0.6346767367667165,0.6572293348891103,0.2325465338105984,0.0495335240762949,p1,body_of_pancreas,fold_d,314159,1hop,1hop,0.5615699557188447,38275,0.4517042269312703,0.2653538994767638
coordinate_plus_frozen_pangenomefm,C+T: coordinate and frozen topology embedding; no nucleotide input,4.66415102785675,0.4712411903606603,153598,38275,35676,all_test_chromosomes,all,35676,0.4517042269312703,0.4712411903606603,0.5481267545871088,0.4950176005726949,0.4518724072205404,0.451780207457247,1.0,0.6223809983585981,0.6922684757394149,0.249560717270973,0.0499768594838737,p1,body_of_pancreas,fold_d,314159,1hop,1hop,0.5001533663923112,38275,0.4517042269312703,0.078996366138309
coordinate_plus_frozen_sequence_fm_plus_frozen_pangenomefm,"C+S-FM+T: coordinate, frozen sequence-model, and topology embeddings",1.27772484736717,0.3978371758408545,153598,38275,35676,all_test_chromosomes,all,35676,0.4517042269312703,0.3978371758408545,0.655388427234388,0.5966036592957014,0.5456609485368314,0.4983358119113377,0.8733478125969594,0.6345785332641973,0.6581201179083397,0.2329551537123925,0.0536517597496538,p1,body_of_pancreas,fold_d,314159,1hop,1hop,0.5745247319208916,38275,0.4517042269312703,0.2642723863316518
coordinate,"reference coordinate, node length, and constant orientation",19.99999847159494,0.4986989490781153,153598,38275,35676,all_test_chromosomes,all,35676,0.4517042269312703,0.4986989490781153,0.508671904303178,0.4643958863697793,0.4519004372687521,0.4517685338419679,0.999441514117282,0.6222617161843681,0.693119058079704,0.2499859387482264,0.0483456681842001,p1,body_of_pancreas,fold_d,314159,strict,strict,0.5001297341048043,38275,0.4517042269312703,0.023147469052106
sequence_kmer,mono/di/tri-nucleotide composition; no graph adjacency,1.190573093531009,0.3744353874583798,153598,38275,35676,all_test_chromosomes,all,35676,0.4517042269312703,0.3744353874583798,0.6297525757075851,0.5721025489834045,0.4856486153156183,0.4661332848440767,0.9544523735650016,0.6263642287017429,0.6700189335269031,0.238375115286722,0.0545622663127114,p1,body_of_pancreas,fold_d,314159,strict,strict,0.526942458956725,38275,0.4517042269312703,0.2195864494418454
frozen_sequence_fm,S-FM: frozen pretrained sequence-model embedding only; no graph adjacency,1.243052670683214,0.365187113970533,153598,38275,35676,all_test_chromosomes,all,35676,0.4517042269312703,0.365187113970533,0.6526948952720404,0.5955938100881942,0.5226763090032515,0.4849591890468667,0.9143654979832454,0.6337770704746338,0.6580326828668069,0.2329255372783215,0.0488248568401509,p1,body_of_pancreas,fold_d,314159,strict,strict,0.5571776367785457,38275,0.4517042269312703,0.2624305898832584
frozen_pangenomefm,frozen topology-pretrained node embedding; current encoder has no nucleotide input,3.6392999768243297,0.4669252118712097,153598,38275,35676,all_test_chromosomes,all,35676,0.4517042269312703,0.4669252118712097,0.557202428553412,0.5015693564469597,0.4517602870276936,0.4516862128948993,0.9990071362085012,0.6220994261645768,0.6915270583544577,0.2491901358611002,0.049451789570762,p1,body_of_pancreas,fold_d,314159,strict,strict,0.4999636672811843,38275,0.4517042269312703,0.0909456756097199
coordinate_plus_frozen_sequence_fm,C+S-FM: coordinate and frozen sequence-model embedding,1.2409902466924942,0.3700251359435659,153598,38275,35676,all_test_chromosomes,all,35676,0.4517042269312703,0.3700251359435659,0.6541300773194073,0.5971966483816845,0.5281701984527414,0.488018156331353,0.9073533974557866,0.6346767367667165,0.6572293348891103,0.2325465338105984,0.0495335240762949,p1,body_of_pancreas,fold_d,314159,strict,strict,0.5615699557188447,38275,0.4517042269312703,0.2653538994767638
coordinate_plus_frozen_pangenomefm,C+T: coordinate and frozen topology embedding; no nucleotide input,6.68740285825199,0.4825357360986486,153598,38275,35676,all_test_chromosomes,all,35676,0.4517042269312703,0.4825357360986486,0.5577326632331776,0.5021240617295593,0.4519845274133871,0.4517903243910652,0.99906919019547,0.6222101988367374,0.6921588128600895,0.2495058638829332,0.0490220158316641,p1,body_of_pancreas,fold_d,314159,strict,strict,0.5001736217323651,38275,0.4517042269312703,0.0919573654855966
coordinate_plus_frozen_sequence_fm_plus_frozen_pangenomefm,"C+S-FM+T: coordinate, frozen sequence-model, and topology embeddings",1.249667714867286,0.3616371905579165,153598,38275,35676,all_test_chromosomes,all,35676,0.4517042269312703,0.3616371905579165,0.6549088927652319,0.6011930777030383,0.5228725193407333,0.4851637386724245,0.9202606267452684,0.6353626665524185,0.6565099641105332,0.2322220438374965,0.0492183661410487,p1,body_of_pancreas,fold_d,314159,strict,strict,0.5578758274056591,38275,0.4517042269312703,0.2726427197041866
coordinate,"reference coordinate, node length, and constant orientation",19.99999847159494,0.4986989490781153,153598,38275,35676,all_test_chromosomes,all,35676,0.4517042269312703,0.4986989490781153,0.508671904303178,0.4643958863697793,0.4519004372687521,0.4517685338419679,0.999441514117282,0.6222617161843681,0.693119058079704,0.2499859387482264,0.0483456681842001,p1,body_of_pancreas,fold_d,42,1hop,1hop,0.5001297341048043,38275,0.4517042269312703,0.023147469052106
sequence_kmer,mono/di/tri-nucleotide composition; no graph adjacency,1.190573093531009,0.3744353874583798,153598,38275,35676,all_test_chromosomes,all,35676,0.4517042269312703,0.3744353874583798,0.6297525757075851,0.5721025489834045,0.4856486153156183,0.4661332848440767,0.9544523735650016,0.6263642287017429,0.6700189335269031,0.238375115286722,0.0545622663127114,p1,body_of_pancreas,fold_d,42,1hop,1hop,0.526942458956725,38275,0.4517042269312703,0.2195864494418454
frozen_sequence_fm,S-FM: frozen pretrained sequence-model embedding only; no graph adjacency,1.243052670683214,0.365187113970533,153598,38275,35676,all_test_chromosomes,all,35676,0.4517042269312703,0.365187113970533,0.6526948952720404,0.5955938100881942,0.5226763090032515,0.4849591890468667,0.9143654979832454,0.6337770704746338,0.6580326828668069,0.2329255372783215,0.0488248568401509,p1,body_of_pancreas,fold_d,42,1hop,1hop,0.5571776367785457,38275,0.4517042269312703,0.2624305898832584
frozen_pangenomefm,frozen topology-pretrained node embedding; current encoder has no nucleotide input,2.512017845565745,0.4482270973933495,153598,38275,35676,all_test_chromosomes,all,35676,0.4517042269312703,0.4482270973933495,0.5442800101381388,0.4958564506938804,0.4520686175580222,0.4518364712814613,0.999255352156376,0.6222900645360745,0.6913803687627874,0.249117645387455,0.0487701884025416,p1,body_of_pancreas,fold_d,42,1hop,1hop,0.5002667027128181,38275,0.4517042269312703,0.0805262887866099
coordinate_plus_frozen_sequence_fm,C+S-FM: coordinate and frozen sequence-model embedding,1.2409902466924942,0.3700251359435659,153598,38275,35676,all_test_chromosomes,all,35676,0.4517042269312703,0.3700251359435659,0.6541300773194073,0.5971966483816845,0.5281701984527414,0.488018156331353,0.9073533974557866,0.6346767367667165,0.6572293348891103,0.2325465338105984,0.0495335240762949,p1,body_of_pancreas,fold_d,42,1hop,1hop,0.5615699557188447,38275,0.4517042269312703,0.2653538994767638
coordinate_plus_frozen_pangenomefm,C+T: coordinate and frozen topology embedding; no nucleotide input,5.9914409865866105,0.4736758993882335,153598,38275,35676,all_test_chromosomes,all,35676,0.4517042269312703,0.4736758993882335,0.5423188681284254,0.4962180227348837,0.4517602870276936,0.4517241379310345,0.9998758920260626,0.6223037559138747,0.6923644950663309,0.2496087598837697,0.0489457515868109,p1,body_of_pancreas,fold_d,42,1hop,1hop,0.5000401902745721,38275,0.4517042269312703,0.0811857358565365
coordinate_plus_frozen_sequence_fm_plus_frozen_pangenomefm,"C+S-FM+T: coordinate, frozen sequence-model, and topology embeddings",1.2666090492668305,0.4006429255453007,153598,38275,35676,all_test_chromosomes,all,35676,0.4517042269312703,0.4006429255453007,0.655125808899067,0.5998698111450246,0.5454927682475614,0.4981863029599536,0.852249457027614,0.6288029668292013,0.6573272430809861,0.2325891280997258,0.0505401066389202,p1,body_of_pancreas,fold_d,42,1hop,1hop,0.5725129499748776,38275,0.4517042269312703,0.270229302306114
coordinate,"reference coordinate, node length, and constant orientation",19.99999847159494,0.4986989490781153,153598,38275,35676,all_test_chromosomes,all,35676,0.4517042269312703,0.4986989490781153,0.508671904303178,0.4643958863697793,0.4519004372687521,0.4517685338419679,0.999441514117282,0.6222617161843681,0.693119058079704,0.2499859387482264,0.0483456681842001,p1,body_of_pancreas,fold_d,42,strict,strict,0.5001297341048043,38275,0.4517042269312703,0.023147469052106
sequence_kmer,mono/di/tri-nucleotide composition; no graph adjacency,1.190573093531009,0.3744353874583798,153598,38275,35676,all_test_chromosomes,all,35676,0.4517042269312703,0.3744353874583798,0.6297525757075851,0.5721025489834045,0.4856486153156183,0.4661332848440767,0.9544523735650016,0.6263642287017429,0.6700189335269031,0.238375115286722,0.0545622663127114,p1,body_of_pancreas,fold_d,42,strict,strict,0.526942458956725,38275,0.4517042269312703,0.2195864494418454
frozen_sequence_fm,S-FM: frozen pretrained sequence-model embedding only; no graph adjacency,1.243052670683214,0.365187113970533,153598,38275,35676,all_test_chromosomes,all,35676,0.4517042269312703,0.365187113970533,0.6526948952720404,0.5955938100881942,0.5226763090032515,0.4849591890468667,0.9143654979832454,0.6337770704746338,0.6580326828668069,0.2329255372783215,0.0488248568401509,p1,body_of_pancreas,fold_d,42,strict,strict,0.5571776367785457,38275,0.4517042269312703,0.2624305898832584
frozen_pangenomefm,frozen topology-pretrained node embedding; current encoder has no nucleotide input,4.725728952148152,0.471204995546235,153598,38275,35676,all_test_chromosomes,all,35676,0.4517042269312703,0.471204995546235,0.5398714456854801,0.4894866328815467,0.4518724072205404,0.4517450342273594,0.9991932981694074,0.6221913097239128,0.6923305970542625,0.2495917790692377,0.0489238887083788,p1,body_of_pancreas,fold_d,42,strict,strict,0.5000823093270226,38275,0.4517042269312703,0.0689088039814969
coordinate_plus_frozen_sequence_fm,C+S-FM: coordinate and frozen sequence-model embedding,1.2409902466924942,0.3700251359435659,153598,38275,35676,all_test_chromosomes,all,35676,0.4517042269312703,0.3700251359435659,0.6541300773194073,0.5971966483816845,0.5281701984527414,0.488018156331353,0.9073533974557866,0.6346767367667165,0.6572293348891103,0.2325465338105984,0.0495335240762949,p1,body_of_pancreas,fold_d,42,strict,strict,0.5615699557188447,38275,0.4517042269312703,0.2653538994767638
coordinate_plus_frozen_pangenomefm,C+T: coordinate and frozen topology embedding; no nucleotide input,19.999998143557058,0.4938253911505687,153598,38275,35676,all_test_chromosomes,all,35676,0.4517042269312703,0.4938253911505687,0.5410460301730334,0.4960420453894932,0.4522367978472923,0.4518666254670075,0.9982004343779088,0.6221139343311289,0.6928884050530986,0.249870614653462,0.0485193269540685,p1,body_of_pancreas,fold_d,42,strict,strict,0.5003271483274442,38275,0.4517042269312703,0.0808647825425878
coordinate_plus_frozen_sequence_fm_plus_frozen_pangenomefm,"C+S-FM+T: coordinate, frozen sequence-model, and topology embeddings",1.244116778035545,0.3917709012122715,153598,38275,35676,all_test_chromosomes,all,35676,0.4517042269312703,0.3917709012122715,0.6520732926711215,0.5967314746138823,0.5403912994730351,0.4949782748058978,0.8624263108904747,0.6289683886588374,0.6579406280203546,0.2328784749871226,0.048357934583872,p1,body_of_pancreas,fold_d,42,strict,strict,0.5687572482830269,38275,0.4517042269312703,0.2645055001444131
coordinate,"reference coordinate, node length, and constant orientation",0.8505572213988433,0.4694100385069108,133280,55994,38275,all_test_chromosomes,all,38275,0.4329980404964075,0.4694100385069108,0.485108752438358,0.415440068975099,0.4329980404964075,0.4329980404964075,1.0,0.6043246791131855,0.694968932920606,0.2509067081269578,0.0674422069787893,p1,body_of_pancreas,fold_e,20260806,1hop,1hop,0.5,55994,0.4329980404964075,-0.0309663330558513
sequence_kmer,mono/di/tri-nucleotide composition; no graph adjacency,1.0414361826524738,0.3904479845909137,133280,55994,38275,all_test_chromosomes,all,38275,0.4329980404964075,0.3904479845909137,0.5992565430881631,0.5211923341294078,0.485199216198563,0.4531609969182898,0.9138960960598564,0.6058884710776862,0.6781035041574802,0.2425305472390226,0.0659301395706959,p1,body_of_pancreas,fold_e,20260806,1hop,1hop,0.5358578259305825,55994,0.4329980404964075,0.1555449538661452
frozen_sequence_fm,S-FM: frozen pretrained sequence-model embedding only; no graph adjacency,1.320471372047519,0.3923072448457718,133280,55994,38275,all_test_chromosomes,all,38275,0.4329980404964075,0.3923072448457718,0.6198142240619819,0.5429249739216615,0.502416721097322,0.4612854726555159,0.8886140107403608,0.6073114909585765,0.671139491316525,0.2392184670747837,0.0650566851000763,p1,body_of_pancreas,fold_e,20260806,1hop,1hop,0.5480532038772304,55994,0.4329980404964075,0.1938739921137035
frozen_pangenomefm,frozen topology-pretrained node embedding; current encoder has no nucleotide input,1.269666935611179,0.4185518149062909,133280,55994,38275,all_test_chromosomes,all,38275,0.4329980404964075,0.4185518149062909,0.5152003165726133,0.445513700068863,0.4326061397779229,0.4321908779330345,0.9891389609605986,0.6015448690897749,0.6943900247507365,0.2506137495574264,0.0700934547598315,p1,body_of_pancreas,fold_e,20260806,1hop,1hop,0.4983709734302578,55994,0.4329980404964075,0.022073397388984
coordinate_plus_frozen_sequence_fm,C+S-FM: coordinate and frozen sequence-model embedding,1.311309143066056,0.3977763506417477,133280,55994,38275,all_test_chromosomes,all,38275,0.4329980404964075,0.3977763506417477,0.6217007483633914,0.5446151833254728,0.5080339647289354,0.4640204049099314,0.8781753454413805,0.6072009679168926,0.6706218929968906,0.2389705254593143,0.0654073091990173,p1,body_of_pancreas,fold_e,20260806,1hop,1hop,0.5517731394979458,55994,0.4329980404964075,0.1968549507779223
coordinate_plus_frozen_pangenomefm,C+T: coordinate and frozen topology embedding; no nucleotide input,1.237781060218326,0.4253709995942723,133280,55994,38275,all_test_chromosomes,all,38275,0.4329980404964075,0.4253709995942723,0.5116818616282897,0.438649783933669,0.4345656433703462,0.4324907439469408,0.979726060459784,0.6000813068223816,0.6953529264531783,0.2510922490749497,0.0707833000363583,p1,body_of_pancreas,fold_e,20260806,1hop,1hop,0.4989866133097924,55994,0.4329980404964075,0.0099677670288997
coordinate_plus_frozen_sequence_fm_plus_frozen_pangenomefm,"C+S-FM+T: coordinate, frozen sequence-model, and topology embeddings",1.3324337760474163,0.3685936580371979,133280,55994,38275,all_test_chromosomes,all,38275,0.4329980404964075,0.3685936580371979,0.6206143483524212,0.5424445782632934,0.4883082952318746,0.4551278231333055,0.9216798407047608,0.6093547421960707,0.6710120618916037,0.2391467205304385,0.0651452451230836,p1,body_of_pancreas,fold_e,20260806,1hop,1hop,0.539519304740916,55994,0.4329980404964075,0.1930267363850131
coordinate,"reference coordinate, node length, and constant orientation",0.8505572213988433,0.4694100385069108,133280,55994,38275,all_test_chromosomes,all,38275,0.4329980404964075,0.4694100385069108,0.485108752438358,0.415440068975099,0.4329980404964075,0.4329980404964075,1.0,0.6043246791131855,0.694968932920606,0.2509067081269578,0.0674422069787893,p1,body_of_pancreas,fold_e,20260806,strict,strict,0.5,55994,0.4329980404964075,-0.0309663330558513
sequence_kmer,mono/di/tri-nucleotide composition; no graph adjacency,1.0414361826524738,0.3904479845909137,133280,55994,38275,all_test_chromosomes,all,38275,0.4329980404964075,0.3904479845909137,0.5992565430881631,0.5211923341294078,0.485199216198563,0.4531609969182898,0.9138960960598564,0.6058884710776862,0.6781035041574802,0.2425305472390226,0.0659301395706959,p1,body_of_pancreas,fold_e,20260806,strict,strict,0.5358578259305825,55994,0.4329980404964075,0.1555449538661452
frozen_sequence_fm,S-FM: frozen pretrained sequence-model embedding only; no graph adjacency,1.320471372047519,0.3923072448457718,133280,55994,38275,all_test_chromosomes,all,38275,0.4329980404964075,0.3923072448457718,0.6198142240619819,0.5429249739216615,0.502416721097322,0.4612854726555159,0.8886140107403608,0.6073114909585765,0.671139491316525,0.2392184670747837,0.0650566851000763,p1,body_of_pancreas,fold_e,20260806,strict,strict,0.5480532038772304,55994,0.4329980404964075,0.1938739921137035
frozen_pangenomefm,frozen topology-pretrained node embedding; current encoder has no nucleotide input,1.457380956478726,0.4057511795472859,133280,55994,38275,all_test_chromosomes,all,38275,0.4329980404964075,0.4057511795472859,0.5087918014085719,0.4378162872573009,0.4333638145003265,0.4331390029018849,0.9996983044711276,0.6044068291259302,0.6930887307656549,0.2499699554131169,0.0645794191061158,p1,body_of_pancreas,fold_e,20260806,strict,strict,0.5002868999085894,55994,0.4329980404964075,0.0084977603342177
coordinate_plus_frozen_sequence_fm,C+S-FM: coordinate and frozen sequence-model embedding,1.311309143066056,0.3977763506417477,133280,55994,38275,all_test_chromosomes,all,38275,0.4329980404964075,0.3977763506417477,0.6217007483633914,0.5446151833254728,0.5080339647289354,0.4640204049099314,0.8781753454413805,0.6072009679168926,0.6706218929968906,0.2389705254593143,0.0654073091990173,p1,body_of_pancreas,fold_e,20260806,strict,strict,0.5517731394979458,55994,0.4329980404964075,0.1968549507779223
coordinate_plus_frozen_pangenomefm,C+T: coordinate and frozen topology embedding; no nucleotide input,1.387329759776017,0.3653150766671185,133280,55994,38275,all_test_chromosomes,all,38275,0.4329980404964075,0.3653150766671185,0.5044834302203877,0.4316718002582,0.4330502939255388,0.4330206673111593,1.0,0.6043467162600736,0.693962107967852,0.2504037668966812,0.0648351700089367,p1,body_of_pancreas,fold_e,20260806,strict,strict,0.5000460787024238,55994,0.4329980404964075,-0.0023390399556443
coordinate_plus_frozen_sequence_fm_plus_frozen_pangenomefm,"C+S-FM+T: coordinate, frozen sequence-model, and topology embeddings",1.3423683687162415,0.3846149402367357,133280,55994,38275,all_test_chromosomes,all,38275,0.4329980404964075,0.3846149402367357,0.6237984776072716,0.5465808003384979,0.4976094056172436,0.4593386405388855,0.9052072648283352,0.6094286352649646,0.670231893697027,0.2387735179064217,0.0670078280314286,p1,body_of_pancreas,fold_e,20260806,strict,strict,0.5457747687149694,55994,0.4329980404964075,0.2003216354693579
coordinate,"reference coordinate, node length, and constant orientation",0.8505572213988433,0.4694100385069108,133280,55994,38275,all_test_chromosomes,all,38275,0.4329980404964075,0.4694100385069108,0.485108752438358,0.415440068975099,0.4329980404964075,0.4329980404964075,1.0,0.6043246791131855,0.694968932920606,0.2509067081269578,0.0674422069787893,p1,body_of_pancreas,fold_e,314159,1hop,1hop,0.5,55994,0.4329980404964075,-0.0309663330558513
sequence_kmer,mono/di/tri-nucleotide composition; no graph adjacency,1.0414361826524738,0.3904479845909137,133280,55994,38275,all_test_chromosomes,all,38275,0.4329980404964075,0.3904479845909137,0.5992565430881631,0.5211923341294078,0.485199216198563,0.4531609969182898,0.9138960960598564,0.6058884710776862,0.6781035041574802,0.2425305472390226,0.0659301395706959,p1,body_of_pancreas,fold_e,314159,1hop,1hop,0.5358578259305825,55994,0.4329980404964075,0.1555449538661452
frozen_sequence_fm,S-FM: frozen pretrained sequence-model embedding only; no graph adjacency,1.320471372047519,0.3923072448457718,133280,55994,38275,all_test_chromosomes,all,38275,0.4329980404964075,0.3923072448457718,0.6198142240619819,0.5429249739216615,0.502416721097322,0.4612854726555159,0.8886140107403608,0.6073114909585765,0.671139491316525,0.2392184670747837,0.0650566851000763,p1,body_of_pancreas,fold_e,314159,1hop,1hop,0.5480532038772304,55994,0.4329980404964075,0.1938739921137035
frozen_pangenomefm,frozen topology-pretrained node embedding; current encoder has no nucleotide input,1.2641910845539115,0.331000876615255,133280,55994,38275,all_test_chromosomes,all,38275,0.4329980404964075,0.331000876615255,0.5342541714237721,0.461964367864194,0.4329719137818419,0.4329832262110049,0.9999396608942256,0.6042992324101591,0.6921221647715438,0.2494848134007403,0.0686617320212117,p1,body_of_pancreas,fold_e,314159,1hop,1hop,0.4999698304471128,55994,0.4329980404964075,0.0510868205696261
coordinate_plus_frozen_sequence_fm,C+S-FM: coordinate and frozen sequence-model embedding,1.311309143066056,0.3977763506417477,133280,55994,38275,all_test_chromosomes,all,38275,0.4329980404964075,0.3977763506417477,0.6217007483633914,0.5446151833254728,0.5080339647289354,0.4640204049099314,0.8781753454413805,0.6072009679168926,0.6706218929968906,0.2389705254593143,0.0654073091990173,p1,body_of_pancreas,fold_e,314159,1hop,1hop,0.5517731394979458,55994,0.4329980404964075,0.1968549507779223
coordinate_plus_frozen_pangenomefm,C+T: coordinate and frozen topology embedding; no nucleotide input,1.1597137264320612,0.3173124403390823,133280,55994,38275,all_test_chromosomes,all,38275,0.4329980404964075,0.3173124403390823,0.5272287346399066,0.452276446585193,0.4329980404964075,0.4329980404964075,1.0,0.6043246791131855,0.693280477931424,0.2500572455934421,0.0694425988499479,p1,body_of_pancreas,fold_e,314159,1hop,1hop,0.5,55994,0.4329980404964075,0.0340005987028045
coordinate_plus_frozen_sequence_fm_plus_frozen_pangenomefm,"C+S-FM+T: coordinate, frozen sequence-model, and topology embeddings",1.3195564177607686,0.3544850251131324,133280,55994,38275,all_test_chromosomes,all,38275,0.4329980404964075,0.3544850251131324,0.6214949748301517,0.5450378792287357,0.4793729588504246,0.4512585014241702,0.9368249562541484,0.6091135565625061,0.6703046700293954,0.2388208389081344,0.0644993684898876,p1,body_of_pancreas,fold_e,314159,1hop,1hop,0.5334295272469709,55994,0.4329980404964075,0.1976004436217795
coordinate,"reference coordinate, node length, and constant orientation",0.8505572213988433,0.4694100385069108,133280,55994,38275,all_test_chromosomes,all,38275,0.4329980404964075,0.4694100385069108,0.485108752438358,0.415440068975099,0.4329980404964075,0.4329980404964075,1.0,0.6043246791131855,0.694968932920606,0.2509067081269578,0.0674422069787893,p1,body_of_pancreas,fold_e,314159,strict,strict,0.5,55994,0.4329980404964075,-0.0309663330558513
sequence_kmer,mono/di/tri-nucleotide composition; no graph adjacency,1.0414361826524738,0.3904479845909137,133280,55994,38275,all_test_chromosomes,all,38275,0.4329980404964075,0.3904479845909137,0.5992565430881631,0.5211923341294078,0.485199216198563,0.4531609969182898,0.9138960960598564,0.6058884710776862,0.6781035041574802,0.2425305472390226,0.0659301395706959,p1,body_of_pancreas,fold_e,314159,strict,strict,0.5358578259305825,55994,0.4329980404964075,0.1555449538661452
frozen_sequence_fm,S-FM: frozen pretrained sequence-model embedding only; no graph adjacency,1.320471372047519,0.3923072448457718,133280,55994,38275,all_test_chromosomes,all,38275,0.4329980404964075,0.3923072448457718,0.6198142240619819,0.5429249739216615,0.502416721097322,0.4612854726555159,0.8886140107403608,0.6073114909585765,0.671139491316525,0.2392184670747837,0.0650566851000763,p1,body_of_pancreas,fold_e,314159,strict,strict,0.5480532038772304,55994,0.4329980404964075,0.1938739921137035
frozen_pangenomefm,frozen topology-pretrained node embedding; current encoder has no nucleotide input,1.374802153507262,0.3553961645484218,133280,55994,38275,all_test_chromosomes,all,38275,0.4329980404964075,0.3553961645484218,0.5147423933065065,0.4423194814513971,0.4329980404964075,0.4329980404964075,1.0,0.6043246791131855,0.6927385953533891,0.2497955462033181,0.0655259436767798,p1,body_of_pancreas,fold_e,314159,strict,strict,0.5,55994,0.4329980404964075,0.0164398743227455
coordinate_plus_frozen_sequence_fm,C+S-FM: coordinate and frozen sequence-model embedding,1.311309143066056,0.3977763506417477,133280,55994,38275,all_test_chromosomes,all,38275,0.4329980404964075,0.3977763506417477,0.6217007483633914,0.5446151833254728,0.5080339647289354,0.4640204049099314,0.8781753454413805,0.6072009679168926,0.6706218929968906,0.2389705254593143,0.0654073091990173,p1,body_of_pancreas,fold_e,314159,strict,strict,0.5517731394979458,55994,0.4329980404964075,0.1968549507779223
coordinate_plus_frozen_pangenomefm,C+T: coordinate and frozen topology embedding; no nucleotide input,1.2603702696845078,0.3437564032713525,133280,55994,38275,all_test_chromosomes,all,38275,0.4329980404964075,0.3437564032713525,0.5098560267564648,0.4370474987924213,0.4329980404964075,0.4329980404964075,1.0,0.6043246791131855,0.6934887764062988,0.2501678155311194,0.065703579683176,p1,body_of_pancreas,fold_e,314159,strict,strict,0.5,55994,0.4329980404964075,0.0071418770749206
coordinate_plus_frozen_sequence_fm_plus_frozen_pangenomefm,"C+S-FM+T: coordinate, frozen sequence-model, and topology embeddings",1.343158968034841,0.3902965617041185,133280,55994,38275,all_test_chromosomes,all,38275,0.4329980404964075,0.3902965617041185,0.6243594058047754,0.548504700657277,0.5021815806662312,0.4612040656763096,0.8898207928558499,0.6075224520062619,0.6696140021988914,0.2384834972356421,0.0657930576276319,p1,body_of_pancreas,fold_e,314159,strict,strict,0.5479884537498307,55994,0.4329980404964075,0.2037147459983999
coordinate,"reference coordinate, node length, and constant orientation",0.8505572213988433,0.4694100385069108,133280,55994,38275,all_test_chromosomes,all,38275,0.4329980404964075,0.4694100385069108,0.485108752438358,0.415440068975099,0.4329980404964075,0.4329980404964075,1.0,0.6043246791131855,0.694968932920606,0.2509067081269578,0.0674422069787893,p1,body_of_pancreas,fold_e,42,1hop,1hop,0.5,55994,0.4329980404964075,-0.0309663330558513
sequence_kmer,mono/di/tri-nucleotide composition; no graph adjacency,1.0414361826524738,0.3904479845909137,133280,55994,38275,all_test_chromosomes,all,38275,0.4329980404964075,0.3904479845909137,0.5992565430881631,0.5211923341294078,0.485199216198563,0.4531609969182898,0.9138960960598564,0.6058884710776862,0.6781035041574802,0.2425305472390226,0.0659301395706959,p1,body_of_pancreas,fold_e,42,1hop,1hop,0.5358578259305825,55994,0.4329980404964075,0.1555449538661452
frozen_sequence_fm,S-FM: frozen pretrained sequence-model embedding only; no graph adjacency,1.320471372047519,0.3923072448457718,133280,55994,38275,all_test_chromosomes,all,38275,0.4329980404964075,0.3923072448457718,0.6198142240619819,0.5429249739216615,0.502416721097322,0.4612854726555159,0.8886140107403608,0.6073114909585765,0.671139491316525,0.2392184670747837,0.0650566851000763,p1,body_of_pancreas,fold_e,42,1hop,1hop,0.5480532038772304,55994,0.4329980404964075,0.1938739921137035
frozen_pangenomefm,frozen topology-pretrained node embedding; current encoder has no nucleotide input,1.5419510972733557,0.2796389037525574,133280,55994,38275,all_test_chromosomes,all,38275,0.4329980404964075,0.2796389037525574,0.513360543817771,0.4456969939805868,0.4329980404964075,0.4329980404964075,1.0,0.6043246791131855,0.6943249644878025,0.2505804933656242,0.0700738998664387,p1,body_of_pancreas,fold_e,42,1hop,1hop,0.5,55994,0.4329980404964075,0.0223966659573754
coordinate_plus_frozen_sequence_fm,C+S-FM: coordinate and frozen sequence-model embedding,1.311309143066056,0.3977763506417477,133280,55994,38275,all_test_chromosomes,all,38275,0.4329980404964075,0.3977763506417477,0.6217007483633914,0.5446151833254728,0.5080339647289354,0.4640204049099314,0.8781753454413805,0.6072009679168926,0.6706218929968906,0.2389705254593143,0.0654073091990173,p1,body_of_pancreas,fold_e,42,1hop,1hop,0.5517731394979458,55994,0.4329980404964075,0.1968549507779223
coordinate_plus_frozen_pangenomefm,C+T: coordinate and frozen topology embedding; no nucleotide input,1.4507727620454232,0.2416426370849186,133280,55994,38275,all_test_chromosomes,all,38275,0.4329980404964075,0.2416426370849186,0.510616856392867,0.4423907320714247,0.4329980404964075,0.4329980404964075,1.0,0.6043246791131855,0.6949932025586478,0.2509157348771437,0.0709151468786011,p1,body_of_pancreas,fold_e,42,1hop,1hop,0.5,55994,0.4329980404964075,0.0165655363576528
coordinate_plus_frozen_sequence_fm_plus_frozen_pangenomefm,"C+S-FM+T: coordinate, frozen sequence-model, and topology embeddings",1.3337326177342437,0.3742654766550938,133280,55994,38275,all_test_chromosomes,all,38275,0.4329980404964075,0.3742654766550938,0.6220083702033852,0.5461004243804394,0.4916002612671457,0.4567446043165468,0.9193869546853316,0.610297799050728,0.6705307348792053,0.2389305117816342,0.0662108479991881,p1,body_of_pancreas,fold_e,42,1hop,1hop,0.5421513153299481,55994,0.4329980404964075,0.1994744144853616
coordinate,"reference coordinate, node length, and constant orientation",0.8505572213988433,0.4694100385069108,133280,55994,38275,all_test_chromosomes,all,38275,0.4329980404964075,0.4694100385069108,0.485108752438358,0.415440068975099,0.4329980404964075,0.4329980404964075,1.0,0.6043246791131855,0.694968932920606,0.2509067081269578,0.0674422069787893,p1,body_of_pancreas,fold_e,42,strict,strict,0.5,55994,0.4329980404964075,-0.0309663330558513
sequence_kmer,mono/di/tri-nucleotide composition; no graph adjacency,1.0414361826524738,0.3904479845909137,133280,55994,38275,all_test_chromosomes,all,38275,0.4329980404964075,0.3904479845909137,0.5992565430881631,0.5211923341294078,0.485199216198563,0.4531609969182898,0.9138960960598564,0.6058884710776862,0.6781035041574802,0.2425305472390226,0.0659301395706959,p1,body_of_pancreas,fold_e,42,strict,strict,0.5358578259305825,55994,0.4329980404964075,0.1555449538661452
frozen_sequence_fm,S-FM: frozen pretrained sequence-model embedding only; no graph adjacency,1.320471372047519,0.3923072448457718,133280,55994,38275,all_test_chromosomes,all,38275,0.4329980404964075,0.3923072448457718,0.6198142240619819,0.5429249739216615,0.502416721097322,0.4612854726555159,0.8886140107403608,0.6073114909585765,0.671139491316525,0.2392184670747837,0.0650566851000763,p1,body_of_pancreas,fold_e,42,strict,strict,0.5480532038772304,55994,0.4329980404964075,0.1938739921137035
frozen_pangenomefm,frozen topology-pretrained node embedding; current encoder has no nucleotide input,1.9121445735304852,0.420035510605203,133280,55994,38275,all_test_chromosomes,all,38275,0.4329980404964075,0.420035510605203,0.5119669640420913,0.4423451475488444,0.4332070542129327,0.4330535728292415,0.9993966089422556,0.6042685151404596,0.6934363553542655,0.2501438069936388,0.0672859859676997,p1,body_of_pancreas,fold_e,42,strict,strict,0.5001130127929414,55994,0.4329980404964075,0.0164851406521067
coordinate_plus_frozen_sequence_fm,C+S-FM: coordinate and frozen sequence-model embedding,1.311309143066056,0.3977763506417477,133280,55994,38275,all_test_chromosomes,all,38275,0.4329980404964075,0.3977763506417477,0.6217007483633914,0.5446151833254728,0.5080339647289354,0.4640204049099314,0.8781753454413805,0.6072009679168926,0.6706218929968906,0.2389705254593143,0.0654073091990173,p1,body_of_pancreas,fold_e,42,strict,strict,0.5517731394979458,55994,0.4329980404964075,0.1968549507779223
coordinate_plus_frozen_pangenomefm,C+T: coordinate and frozen topology embedding; no nucleotide input,1.674194759846566,0.3811870326657466,133280,55994,38275,all_test_chromosomes,all,38275,0.4329980404964075,0.3811870326657466,0.5090673811315028,0.4361864473022737,0.4329980404964075,0.4329980404964075,1.0,0.6043246791131855,0.6939476370077605,0.2503981467542029,0.067230906130937,p1,body_of_pancreas,fold_e,42,strict,strict,0.5,55994,0.4329980404964075,0.0056232729930203
coordinate_plus_frozen_sequence_fm_plus_frozen_pangenomefm,"C+S-FM+T: coordinate, frozen sequence-model, and topology embeddings",1.329229819555502,0.3616013605857487,133280,55994,38275,all_test_chromosomes,all,38275,0.4329980404964075,0.3616013605857487,0.6229818366613233,0.546818516363911,0.4819333768778576,0.4524393806602395,0.9344717311289448,0.6096884042280968,0.6704177232165689,0.2388719779460366,0.0674503291217746,p1,body_of_pancreas,fold_e,42,strict,strict,0.5354093058003953,55994,0.4329980404964075,0.2007408862698688
