fold,seed,closure,prediction_file,stratification,stratum,source_label,feature_set,n_examples,n_positive,n_negative,positive_fraction,auprc
fold_a,20260806,1hop,/home/tuv43532/PangenomeFM/server_workspace/results/ccre_sequence_fm_factorial_20260815/fold_a/seed_20260806/1hop/test_predictions.csv.gz,ENCODE_cCRE_subtype_vs_background,PLS,PLS,coordinate_plus_frozen_sequence_fm,32006,253,31753,0.007904767856026994,0.037822150038595716
fold_a,20260806,1hop,/home/tuv43532/PangenomeFM/server_workspace/results/ccre_sequence_fm_factorial_20260815/fold_a/seed_20260806/1hop/test_predictions.csv.gz,ENCODE_cCRE_subtype_vs_background,pELS,pELS,coordinate_plus_frozen_sequence_fm,34316,2563,31753,0.07468819209698101,0.6035009976281687
fold_a,20260806,1hop,/home/tuv43532/PangenomeFM/server_workspace/results/ccre_sequence_fm_factorial_20260815/fold_a/seed_20260806/1hop/test_predictions.csv.gz,ENCODE_cCRE_subtype_vs_background,dELS,dELS,coordinate_plus_frozen_sequence_fm,53807,22054,31753,0.4098723214451651,0.9197685542214951
fold_a,20260806,1hop,/home/tuv43532/PangenomeFM/server_workspace/results/ccre_sequence_fm_factorial_20260815/fold_a/seed_20260806/1hop/test_predictions.csv.gz,ENCODE_cCRE_subtype_vs_background,CTCF-only,CA-CTCF,coordinate_plus_frozen_sequence_fm,32887,1134,31753,0.0344817100982151,0.3652703657392815
fold_a,20260806,1hop,/home/tuv43532/PangenomeFM/server_workspace/results/ccre_sequence_fm_factorial_20260815/fold_a/seed_20260806/1hop/test_predictions.csv.gz,native_graph_complexity_tertile,low,low,coordinate_plus_frozen_sequence_fm,13376,7726,5650,0.5776016746411483,0.9660450807756993
fold_a,20260806,1hop,/home/tuv43532/PangenomeFM/server_workspace/results/ccre_sequence_fm_factorial_20260815/fold_a/seed_20260806/1hop/test_predictions.csv.gz,native_graph_complexity_tertile,medium,medium,coordinate_plus_frozen_sequence_fm,15915,9086,6829,0.5709079484762802,0.9554380851144091
fold_a,20260806,1hop,/home/tuv43532/PangenomeFM/server_workspace/results/ccre_sequence_fm_factorial_20260815/fold_a/seed_20260806/1hop/test_predictions.csv.gz,native_graph_complexity_tertile,high,high,coordinate_plus_frozen_sequence_fm,35709,16435,19274,0.46024811672127475,0.8654777266187715
fold_a,20260806,1hop,/home/tuv43532/PangenomeFM/server_workspace/results/ccre_sequence_fm_factorial_20260815/fold_a/seed_20260806/1hop/test_predictions.csv.gz,ENCODE_cCRE_subtype_vs_background,PLS,PLS,coordinate_plus_frozen_sequence_fm_plus_frozen_pangenomefm,32006,253,31753,0.007904767856026994,0.04424201533878242
fold_a,20260806,1hop,/home/tuv43532/PangenomeFM/server_workspace/results/ccre_sequence_fm_factorial_20260815/fold_a/seed_20260806/1hop/test_predictions.csv.gz,ENCODE_cCRE_subtype_vs_background,pELS,pELS,coordinate_plus_frozen_sequence_fm_plus_frozen_pangenomefm,34316,2563,31753,0.07468819209698101,0.6357040628540752
fold_a,20260806,1hop,/home/tuv43532/PangenomeFM/server_workspace/results/ccre_sequence_fm_factorial_20260815/fold_a/seed_20260806/1hop/test_predictions.csv.gz,ENCODE_cCRE_subtype_vs_background,dELS,dELS,coordinate_plus_frozen_sequence_fm_plus_frozen_pangenomefm,53807,22054,31753,0.4098723214451651,0.9246859319978373
fold_a,20260806,1hop,/home/tuv43532/PangenomeFM/server_workspace/results/ccre_sequence_fm_factorial_20260815/fold_a/seed_20260806/1hop/test_predictions.csv.gz,ENCODE_cCRE_subtype_vs_background,CTCF-only,CA-CTCF,coordinate_plus_frozen_sequence_fm_plus_frozen_pangenomefm,32887,1134,31753,0.0344817100982151,0.41920248825275946
fold_a,20260806,1hop,/home/tuv43532/PangenomeFM/server_workspace/results/ccre_sequence_fm_factorial_20260815/fold_a/seed_20260806/1hop/test_predictions.csv.gz,native_graph_complexity_tertile,low,low,coordinate_plus_frozen_sequence_fm_plus_frozen_pangenomefm,13376,7726,5650,0.5776016746411483,0.9676791389838285
fold_a,20260806,1hop,/home/tuv43532/PangenomeFM/server_workspace/results/ccre_sequence_fm_factorial_20260815/fold_a/seed_20260806/1hop/test_predictions.csv.gz,native_graph_complexity_tertile,medium,medium,coordinate_plus_frozen_sequence_fm_plus_frozen_pangenomefm,15915,9086,6829,0.5709079484762802,0.959370500425359
fold_a,20260806,1hop,/home/tuv43532/PangenomeFM/server_workspace/results/ccre_sequence_fm_factorial_20260815/fold_a/seed_20260806/1hop/test_predictions.csv.gz,native_graph_complexity_tertile,high,high,coordinate_plus_frozen_sequence_fm_plus_frozen_pangenomefm,35709,16435,19274,0.46024811672127475,0.870393925951567
fold_a,20260806,strict,/home/tuv43532/PangenomeFM/server_workspace/results/ccre_sequence_fm_factorial_20260815/fold_a/seed_20260806/strict/test_predictions.csv.gz,ENCODE_cCRE_subtype_vs_background,PLS,PLS,coordinate_plus_frozen_sequence_fm,32006,253,31753,0.007904767856026994,0.03783617209955466
fold_a,20260806,strict,/home/tuv43532/PangenomeFM/server_workspace/results/ccre_sequence_fm_factorial_20260815/fold_a/seed_20260806/strict/test_predictions.csv.gz,ENCODE_cCRE_subtype_vs_background,pELS,pELS,coordinate_plus_frozen_sequence_fm,34316,2563,31753,0.07468819209698101,0.6036054959448633
fold_a,20260806,strict,/home/tuv43532/PangenomeFM/server_workspace/results/ccre_sequence_fm_factorial_20260815/fold_a/seed_20260806/strict/test_predictions.csv.gz,ENCODE_cCRE_subtype_vs_background,dELS,dELS,coordinate_plus_frozen_sequence_fm,53807,22054,31753,0.4098723214451651,0.9197692279410183
fold_a,20260806,strict,/home/tuv43532/PangenomeFM/server_workspace/results/ccre_sequence_fm_factorial_20260815/fold_a/seed_20260806/strict/test_predictions.csv.gz,ENCODE_cCRE_subtype_vs_background,CTCF-only,CA-CTCF,coordinate_plus_frozen_sequence_fm,32887,1134,31753,0.0344817100982151,0.3652761947286727
fold_a,20260806,strict,/home/tuv43532/PangenomeFM/server_workspace/results/ccre_sequence_fm_factorial_20260815/fold_a/seed_20260806/strict/test_predictions.csv.gz,native_graph_complexity_tertile,low,low,coordinate_plus_frozen_sequence_fm,13376,7726,5650,0.5776016746411483,0.9660357545418615
fold_a,20260806,strict,/home/tuv43532/PangenomeFM/server_workspace/results/ccre_sequence_fm_factorial_20260815/fold_a/seed_20260806/strict/test_predictions.csv.gz,native_graph_complexity_tertile,medium,medium,coordinate_plus_frozen_sequence_fm,15915,9086,6829,0.5709079484762802,0.9554432454487248
fold_a,20260806,strict,/home/tuv43532/PangenomeFM/server_workspace/results/ccre_sequence_fm_factorial_20260815/fold_a/seed_20260806/strict/test_predictions.csv.gz,native_graph_complexity_tertile,high,high,coordinate_plus_frozen_sequence_fm,35709,16435,19274,0.46024811672127475,0.8654671980803713
fold_a,20260806,strict,/home/tuv43532/PangenomeFM/server_workspace/results/ccre_sequence_fm_factorial_20260815/fold_a/seed_20260806/strict/test_predictions.csv.gz,ENCODE_cCRE_subtype_vs_background,PLS,PLS,coordinate_plus_frozen_sequence_fm_plus_frozen_pangenomefm,32006,253,31753,0.007904767856026994,0.043847968026516214
fold_a,20260806,strict,/home/tuv43532/PangenomeFM/server_workspace/results/ccre_sequence_fm_factorial_20260815/fold_a/seed_20260806/strict/test_predictions.csv.gz,ENCODE_cCRE_subtype_vs_background,pELS,pELS,coordinate_plus_frozen_sequence_fm_plus_frozen_pangenomefm,34316,2563,31753,0.07468819209698101,0.6298219118145434
fold_a,20260806,strict,/home/tuv43532/PangenomeFM/server_workspace/results/ccre_sequence_fm_factorial_20260815/fold_a/seed_20260806/strict/test_predictions.csv.gz,ENCODE_cCRE_subtype_vs_background,dELS,dELS,coordinate_plus_frozen_sequence_fm_plus_frozen_pangenomefm,53807,22054,31753,0.4098723214451651,0.9260449887843719
fold_a,20260806,strict,/home/tuv43532/PangenomeFM/server_workspace/results/ccre_sequence_fm_factorial_20260815/fold_a/seed_20260806/strict/test_predictions.csv.gz,ENCODE_cCRE_subtype_vs_background,CTCF-only,CA-CTCF,coordinate_plus_frozen_sequence_fm_plus_frozen_pangenomefm,32887,1134,31753,0.0344817100982151,0.4001767315240848
fold_a,20260806,strict,/home/tuv43532/PangenomeFM/server_workspace/results/ccre_sequence_fm_factorial_20260815/fold_a/seed_20260806/strict/test_predictions.csv.gz,native_graph_complexity_tertile,low,low,coordinate_plus_frozen_sequence_fm_plus_frozen_pangenomefm,13376,7726,5650,0.5776016746411483,0.9682634771913391
fold_a,20260806,strict,/home/tuv43532/PangenomeFM/server_workspace/results/ccre_sequence_fm_factorial_20260815/fold_a/seed_20260806/strict/test_predictions.csv.gz,native_graph_complexity_tertile,medium,medium,coordinate_plus_frozen_sequence_fm_plus_frozen_pangenomefm,15915,9086,6829,0.5709079484762802,0.958125734065568
fold_a,20260806,strict,/home/tuv43532/PangenomeFM/server_workspace/results/ccre_sequence_fm_factorial_20260815/fold_a/seed_20260806/strict/test_predictions.csv.gz,native_graph_complexity_tertile,high,high,coordinate_plus_frozen_sequence_fm_plus_frozen_pangenomefm,35709,16435,19274,0.46024811672127475,0.8745658844284303
fold_a,314159,1hop,/home/tuv43532/PangenomeFM/server_workspace/results/ccre_sequence_fm_factorial_20260815/fold_a/seed_314159/1hop/test_predictions.csv.gz,ENCODE_cCRE_subtype_vs_background,PLS,PLS,coordinate_plus_frozen_sequence_fm,32006,253,31753,0.007904767856026994,0.037822150038595716
fold_a,314159,1hop,/home/tuv43532/PangenomeFM/server_workspace/results/ccre_sequence_fm_factorial_20260815/fold_a/seed_314159/1hop/test_predictions.csv.gz,ENCODE_cCRE_subtype_vs_background,pELS,pELS,coordinate_plus_frozen_sequence_fm,34316,2563,31753,0.07468819209698101,0.6035009976281687
fold_a,314159,1hop,/home/tuv43532/PangenomeFM/server_workspace/results/ccre_sequence_fm_factorial_20260815/fold_a/seed_314159/1hop/test_predictions.csv.gz,ENCODE_cCRE_subtype_vs_background,dELS,dELS,coordinate_plus_frozen_sequence_fm,53807,22054,31753,0.4098723214451651,0.9197685542214951
fold_a,314159,1hop,/home/tuv43532/PangenomeFM/server_workspace/results/ccre_sequence_fm_factorial_20260815/fold_a/seed_314159/1hop/test_predictions.csv.gz,ENCODE_cCRE_subtype_vs_background,CTCF-only,CA-CTCF,coordinate_plus_frozen_sequence_fm,32887,1134,31753,0.0344817100982151,0.3652703657392815
fold_a,314159,1hop,/home/tuv43532/PangenomeFM/server_workspace/results/ccre_sequence_fm_factorial_20260815/fold_a/seed_314159/1hop/test_predictions.csv.gz,native_graph_complexity_tertile,low,low,coordinate_plus_frozen_sequence_fm,13376,7726,5650,0.5776016746411483,0.9660450807756993
fold_a,314159,1hop,/home/tuv43532/PangenomeFM/server_workspace/results/ccre_sequence_fm_factorial_20260815/fold_a/seed_314159/1hop/test_predictions.csv.gz,native_graph_complexity_tertile,medium,medium,coordinate_plus_frozen_sequence_fm,15915,9086,6829,0.5709079484762802,0.9554380851144091
fold_a,314159,1hop,/home/tuv43532/PangenomeFM/server_workspace/results/ccre_sequence_fm_factorial_20260815/fold_a/seed_314159/1hop/test_predictions.csv.gz,native_graph_complexity_tertile,high,high,coordinate_plus_frozen_sequence_fm,35709,16435,19274,0.46024811672127475,0.8654777266187715
fold_a,314159,1hop,/home/tuv43532/PangenomeFM/server_workspace/results/ccre_sequence_fm_factorial_20260815/fold_a/seed_314159/1hop/test_predictions.csv.gz,ENCODE_cCRE_subtype_vs_background,PLS,PLS,coordinate_plus_frozen_sequence_fm_plus_frozen_pangenomefm,32006,253,31753,0.007904767856026994,0.043724245548819374
fold_a,314159,1hop,/home/tuv43532/PangenomeFM/server_workspace/results/ccre_sequence_fm_factorial_20260815/fold_a/seed_314159/1hop/test_predictions.csv.gz,ENCODE_cCRE_subtype_vs_background,pELS,pELS,coordinate_plus_frozen_sequence_fm_plus_frozen_pangenomefm,34316,2563,31753,0.07468819209698101,0.6319194452091449
fold_a,314159,1hop,/home/tuv43532/PangenomeFM/server_workspace/results/ccre_sequence_fm_factorial_20260815/fold_a/seed_314159/1hop/test_predictions.csv.gz,ENCODE_cCRE_subtype_vs_background,dELS,dELS,coordinate_plus_frozen_sequence_fm_plus_frozen_pangenomefm,53807,22054,31753,0.4098723214451651,0.9241558019524838
fold_a,314159,1hop,/home/tuv43532/PangenomeFM/server_workspace/results/ccre_sequence_fm_factorial_20260815/fold_a/seed_314159/1hop/test_predictions.csv.gz,ENCODE_cCRE_subtype_vs_background,CTCF-only,CA-CTCF,coordinate_plus_frozen_sequence_fm_plus_frozen_pangenomefm,32887,1134,31753,0.0344817100982151,0.40690170116178265
fold_a,314159,1hop,/home/tuv43532/PangenomeFM/server_workspace/results/ccre_sequence_fm_factorial_20260815/fold_a/seed_314159/1hop/test_predictions.csv.gz,native_graph_complexity_tertile,low,low,coordinate_plus_frozen_sequence_fm_plus_frozen_pangenomefm,13376,7726,5650,0.5776016746411483,0.9677996817840051
fold_a,314159,1hop,/home/tuv43532/PangenomeFM/server_workspace/results/ccre_sequence_fm_factorial_20260815/fold_a/seed_314159/1hop/test_predictions.csv.gz,native_graph_complexity_tertile,medium,medium,coordinate_plus_frozen_sequence_fm_plus_frozen_pangenomefm,15915,9086,6829,0.5709079484762802,0.9590037787946598
fold_a,314159,1hop,/home/tuv43532/PangenomeFM/server_workspace/results/ccre_sequence_fm_factorial_20260815/fold_a/seed_314159/1hop/test_predictions.csv.gz,native_graph_complexity_tertile,high,high,coordinate_plus_frozen_sequence_fm_plus_frozen_pangenomefm,35709,16435,19274,0.46024811672127475,0.869560813699589
fold_a,314159,strict,/home/tuv43532/PangenomeFM/server_workspace/results/ccre_sequence_fm_factorial_20260815/fold_a/seed_314159/strict/test_predictions.csv.gz,ENCODE_cCRE_subtype_vs_background,PLS,PLS,coordinate_plus_frozen_sequence_fm,32006,253,31753,0.007904767856026994,0.03783617209955466
fold_a,314159,strict,/home/tuv43532/PangenomeFM/server_workspace/results/ccre_sequence_fm_factorial_20260815/fold_a/seed_314159/strict/test_predictions.csv.gz,ENCODE_cCRE_subtype_vs_background,pELS,pELS,coordinate_plus_frozen_sequence_fm,34316,2563,31753,0.07468819209698101,0.6036054959448633
fold_a,314159,strict,/home/tuv43532/PangenomeFM/server_workspace/results/ccre_sequence_fm_factorial_20260815/fold_a/seed_314159/strict/test_predictions.csv.gz,ENCODE_cCRE_subtype_vs_background,dELS,dELS,coordinate_plus_frozen_sequence_fm,53807,22054,31753,0.4098723214451651,0.9197692279410183
fold_a,314159,strict,/home/tuv43532/PangenomeFM/server_workspace/results/ccre_sequence_fm_factorial_20260815/fold_a/seed_314159/strict/test_predictions.csv.gz,ENCODE_cCRE_subtype_vs_background,CTCF-only,CA-CTCF,coordinate_plus_frozen_sequence_fm,32887,1134,31753,0.0344817100982151,0.3652761947286727
fold_a,314159,strict,/home/tuv43532/PangenomeFM/server_workspace/results/ccre_sequence_fm_factorial_20260815/fold_a/seed_314159/strict/test_predictions.csv.gz,native_graph_complexity_tertile,low,low,coordinate_plus_frozen_sequence_fm,13376,7726,5650,0.5776016746411483,0.9660357545418615
fold_a,314159,strict,/home/tuv43532/PangenomeFM/server_workspace/results/ccre_sequence_fm_factorial_20260815/fold_a/seed_314159/strict/test_predictions.csv.gz,native_graph_complexity_tertile,medium,medium,coordinate_plus_frozen_sequence_fm,15915,9086,6829,0.5709079484762802,0.9554432454487248
fold_a,314159,strict,/home/tuv43532/PangenomeFM/server_workspace/results/ccre_sequence_fm_factorial_20260815/fold_a/seed_314159/strict/test_predictions.csv.gz,native_graph_complexity_tertile,high,high,coordinate_plus_frozen_sequence_fm,35709,16435,19274,0.46024811672127475,0.8654671980803713
fold_a,314159,strict,/home/tuv43532/PangenomeFM/server_workspace/results/ccre_sequence_fm_factorial_20260815/fold_a/seed_314159/strict/test_predictions.csv.gz,ENCODE_cCRE_subtype_vs_background,PLS,PLS,coordinate_plus_frozen_sequence_fm_plus_frozen_pangenomefm,32006,253,31753,0.007904767856026994,0.04380534587511085
fold_a,314159,strict,/home/tuv43532/PangenomeFM/server_workspace/results/ccre_sequence_fm_factorial_20260815/fold_a/seed_314159/strict/test_predictions.csv.gz,ENCODE_cCRE_subtype_vs_background,pELS,pELS,coordinate_plus_frozen_sequence_fm_plus_frozen_pangenomefm,34316,2563,31753,0.07468819209698101,0.6248996673217632
fold_a,314159,strict,/home/tuv43532/PangenomeFM/server_workspace/results/ccre_sequence_fm_factorial_20260815/fold_a/seed_314159/strict/test_predictions.csv.gz,ENCODE_cCRE_subtype_vs_background,dELS,dELS,coordinate_plus_frozen_sequence_fm_plus_frozen_pangenomefm,53807,22054,31753,0.4098723214451651,0.9245447664203698
fold_a,314159,strict,/home/tuv43532/PangenomeFM/server_workspace/results/ccre_sequence_fm_factorial_20260815/fold_a/seed_314159/strict/test_predictions.csv.gz,ENCODE_cCRE_subtype_vs_background,CTCF-only,CA-CTCF,coordinate_plus_frozen_sequence_fm_plus_frozen_pangenomefm,32887,1134,31753,0.0344817100982151,0.38783052257615325
fold_a,314159,strict,/home/tuv43532/PangenomeFM/server_workspace/results/ccre_sequence_fm_factorial_20260815/fold_a/seed_314159/strict/test_predictions.csv.gz,native_graph_complexity_tertile,low,low,coordinate_plus_frozen_sequence_fm_plus_frozen_pangenomefm,13376,7726,5650,0.5776016746411483,0.9681657075730019
fold_a,314159,strict,/home/tuv43532/PangenomeFM/server_workspace/results/ccre_sequence_fm_factorial_20260815/fold_a/seed_314159/strict/test_predictions.csv.gz,native_graph_complexity_tertile,medium,medium,coordinate_plus_frozen_sequence_fm_plus_frozen_pangenomefm,15915,9086,6829,0.5709079484762802,0.9582830530829163
fold_a,314159,strict,/home/tuv43532/PangenomeFM/server_workspace/results/ccre_sequence_fm_factorial_20260815/fold_a/seed_314159/strict/test_predictions.csv.gz,native_graph_complexity_tertile,high,high,coordinate_plus_frozen_sequence_fm_plus_frozen_pangenomefm,35709,16435,19274,0.46024811672127475,0.8724552650729641
fold_a,42,1hop,/home/tuv43532/PangenomeFM/server_workspace/results/ccre_sequence_fm_factorial_20260815/fold_a/seed_42/1hop/test_predictions.csv.gz,ENCODE_cCRE_subtype_vs_background,PLS,PLS,coordinate_plus_frozen_sequence_fm,32006,253,31753,0.007904767856026994,0.037822150038595716
fold_a,42,1hop,/home/tuv43532/PangenomeFM/server_workspace/results/ccre_sequence_fm_factorial_20260815/fold_a/seed_42/1hop/test_predictions.csv.gz,ENCODE_cCRE_subtype_vs_background,pELS,pELS,coordinate_plus_frozen_sequence_fm,34316,2563,31753,0.07468819209698101,0.6035009976281687
fold_a,42,1hop,/home/tuv43532/PangenomeFM/server_workspace/results/ccre_sequence_fm_factorial_20260815/fold_a/seed_42/1hop/test_predictions.csv.gz,ENCODE_cCRE_subtype_vs_background,dELS,dELS,coordinate_plus_frozen_sequence_fm,53807,22054,31753,0.4098723214451651,0.9197685542214951
fold_a,42,1hop,/home/tuv43532/PangenomeFM/server_workspace/results/ccre_sequence_fm_factorial_20260815/fold_a/seed_42/1hop/test_predictions.csv.gz,ENCODE_cCRE_subtype_vs_background,CTCF-only,CA-CTCF,coordinate_plus_frozen_sequence_fm,32887,1134,31753,0.0344817100982151,0.3652703657392815
fold_a,42,1hop,/home/tuv43532/PangenomeFM/server_workspace/results/ccre_sequence_fm_factorial_20260815/fold_a/seed_42/1hop/test_predictions.csv.gz,native_graph_complexity_tertile,low,low,coordinate_plus_frozen_sequence_fm,13376,7726,5650,0.5776016746411483,0.9660450807756993
fold_a,42,1hop,/home/tuv43532/PangenomeFM/server_workspace/results/ccre_sequence_fm_factorial_20260815/fold_a/seed_42/1hop/test_predictions.csv.gz,native_graph_complexity_tertile,medium,medium,coordinate_plus_frozen_sequence_fm,15915,9086,6829,0.5709079484762802,0.9554380851144091
fold_a,42,1hop,/home/tuv43532/PangenomeFM/server_workspace/results/ccre_sequence_fm_factorial_20260815/fold_a/seed_42/1hop/test_predictions.csv.gz,native_graph_complexity_tertile,high,high,coordinate_plus_frozen_sequence_fm,35709,16435,19274,0.46024811672127475,0.8654777266187715
fold_a,42,1hop,/home/tuv43532/PangenomeFM/server_workspace/results/ccre_sequence_fm_factorial_20260815/fold_a/seed_42/1hop/test_predictions.csv.gz,ENCODE_cCRE_subtype_vs_background,PLS,PLS,coordinate_plus_frozen_sequence_fm_plus_frozen_pangenomefm,32006,253,31753,0.007904767856026994,0.04258315308507667
fold_a,42,1hop,/home/tuv43532/PangenomeFM/server_workspace/results/ccre_sequence_fm_factorial_20260815/fold_a/seed_42/1hop/test_predictions.csv.gz,ENCODE_cCRE_subtype_vs_background,pELS,pELS,coordinate_plus_frozen_sequence_fm_plus_frozen_pangenomefm,34316,2563,31753,0.07468819209698101,0.6372161223187933
fold_a,42,1hop,/home/tuv43532/PangenomeFM/server_workspace/results/ccre_sequence_fm_factorial_20260815/fold_a/seed_42/1hop/test_predictions.csv.gz,ENCODE_cCRE_subtype_vs_background,dELS,dELS,coordinate_plus_frozen_sequence_fm_plus_frozen_pangenomefm,53807,22054,31753,0.4098723214451651,0.9249933681984901
fold_a,42,1hop,/home/tuv43532/PangenomeFM/server_workspace/results/ccre_sequence_fm_factorial_20260815/fold_a/seed_42/1hop/test_predictions.csv.gz,ENCODE_cCRE_subtype_vs_background,CTCF-only,CA-CTCF,coordinate_plus_frozen_sequence_fm_plus_frozen_pangenomefm,32887,1134,31753,0.0344817100982151,0.4116338784085596
fold_a,42,1hop,/home/tuv43532/PangenomeFM/server_workspace/results/ccre_sequence_fm_factorial_20260815/fold_a/seed_42/1hop/test_predictions.csv.gz,native_graph_complexity_tertile,low,low,coordinate_plus_frozen_sequence_fm_plus_frozen_pangenomefm,13376,7726,5650,0.5776016746411483,0.9677050174538573
fold_a,42,1hop,/home/tuv43532/PangenomeFM/server_workspace/results/ccre_sequence_fm_factorial_20260815/fold_a/seed_42/1hop/test_predictions.csv.gz,native_graph_complexity_tertile,medium,medium,coordinate_plus_frozen_sequence_fm_plus_frozen_pangenomefm,15915,9086,6829,0.5709079484762802,0.9590588385454423
fold_a,42,1hop,/home/tuv43532/PangenomeFM/server_workspace/results/ccre_sequence_fm_factorial_20260815/fold_a/seed_42/1hop/test_predictions.csv.gz,native_graph_complexity_tertile,high,high,coordinate_plus_frozen_sequence_fm_plus_frozen_pangenomefm,35709,16435,19274,0.46024811672127475,0.8712129814402283
fold_a,42,strict,/home/tuv43532/PangenomeFM/server_workspace/results/ccre_sequence_fm_factorial_20260815/fold_a/seed_42/strict/test_predictions.csv.gz,ENCODE_cCRE_subtype_vs_background,PLS,PLS,coordinate_plus_frozen_sequence_fm,32006,253,31753,0.007904767856026994,0.03783617209955466
fold_a,42,strict,/home/tuv43532/PangenomeFM/server_workspace/results/ccre_sequence_fm_factorial_20260815/fold_a/seed_42/strict/test_predictions.csv.gz,ENCODE_cCRE_subtype_vs_background,pELS,pELS,coordinate_plus_frozen_sequence_fm,34316,2563,31753,0.07468819209698101,0.6036054959448633
fold_a,42,strict,/home/tuv43532/PangenomeFM/server_workspace/results/ccre_sequence_fm_factorial_20260815/fold_a/seed_42/strict/test_predictions.csv.gz,ENCODE_cCRE_subtype_vs_background,dELS,dELS,coordinate_plus_frozen_sequence_fm,53807,22054,31753,0.4098723214451651,0.9197692279410183
fold_a,42,strict,/home/tuv43532/PangenomeFM/server_workspace/results/ccre_sequence_fm_factorial_20260815/fold_a/seed_42/strict/test_predictions.csv.gz,ENCODE_cCRE_subtype_vs_background,CTCF-only,CA-CTCF,coordinate_plus_frozen_sequence_fm,32887,1134,31753,0.0344817100982151,0.3652761947286727
fold_a,42,strict,/home/tuv43532/PangenomeFM/server_workspace/results/ccre_sequence_fm_factorial_20260815/fold_a/seed_42/strict/test_predictions.csv.gz,native_graph_complexity_tertile,low,low,coordinate_plus_frozen_sequence_fm,13376,7726,5650,0.5776016746411483,0.9660357545418615
fold_a,42,strict,/home/tuv43532/PangenomeFM/server_workspace/results/ccre_sequence_fm_factorial_20260815/fold_a/seed_42/strict/test_predictions.csv.gz,native_graph_complexity_tertile,medium,medium,coordinate_plus_frozen_sequence_fm,15915,9086,6829,0.5709079484762802,0.9554432454487248
fold_a,42,strict,/home/tuv43532/PangenomeFM/server_workspace/results/ccre_sequence_fm_factorial_20260815/fold_a/seed_42/strict/test_predictions.csv.gz,native_graph_complexity_tertile,high,high,coordinate_plus_frozen_sequence_fm,35709,16435,19274,0.46024811672127475,0.8654671980803713
fold_a,42,strict,/home/tuv43532/PangenomeFM/server_workspace/results/ccre_sequence_fm_factorial_20260815/fold_a/seed_42/strict/test_predictions.csv.gz,ENCODE_cCRE_subtype_vs_background,PLS,PLS,coordinate_plus_frozen_sequence_fm_plus_frozen_pangenomefm,32006,253,31753,0.007904767856026994,0.045203057352855125
fold_a,42,strict,/home/tuv43532/PangenomeFM/server_workspace/results/ccre_sequence_fm_factorial_20260815/fold_a/seed_42/strict/test_predictions.csv.gz,ENCODE_cCRE_subtype_vs_background,pELS,pELS,coordinate_plus_frozen_sequence_fm_plus_frozen_pangenomefm,34316,2563,31753,0.07468819209698101,0.6352728027438433
fold_a,42,strict,/home/tuv43532/PangenomeFM/server_workspace/results/ccre_sequence_fm_factorial_20260815/fold_a/seed_42/strict/test_predictions.csv.gz,ENCODE_cCRE_subtype_vs_background,dELS,dELS,coordinate_plus_frozen_sequence_fm_plus_frozen_pangenomefm,53807,22054,31753,0.4098723214451651,0.9261720842347265
fold_a,42,strict,/home/tuv43532/PangenomeFM/server_workspace/results/ccre_sequence_fm_factorial_20260815/fold_a/seed_42/strict/test_predictions.csv.gz,ENCODE_cCRE_subtype_vs_background,CTCF-only,CA-CTCF,coordinate_plus_frozen_sequence_fm_plus_frozen_pangenomefm,32887,1134,31753,0.0344817100982151,0.4081428145214388
fold_a,42,strict,/home/tuv43532/PangenomeFM/server_workspace/results/ccre_sequence_fm_factorial_20260815/fold_a/seed_42/strict/test_predictions.csv.gz,native_graph_complexity_tertile,low,low,coordinate_plus_frozen_sequence_fm_plus_frozen_pangenomefm,13376,7726,5650,0.5776016746411483,0.9678717942819454
fold_a,42,strict,/home/tuv43532/PangenomeFM/server_workspace/results/ccre_sequence_fm_factorial_20260815/fold_a/seed_42/strict/test_predictions.csv.gz,native_graph_complexity_tertile,medium,medium,coordinate_plus_frozen_sequence_fm_plus_frozen_pangenomefm,15915,9086,6829,0.5709079484762802,0.9587338134652135
fold_a,42,strict,/home/tuv43532/PangenomeFM/server_workspace/results/ccre_sequence_fm_factorial_20260815/fold_a/seed_42/strict/test_predictions.csv.gz,native_graph_complexity_tertile,high,high,coordinate_plus_frozen_sequence_fm_plus_frozen_pangenomefm,35709,16435,19274,0.46024811672127475,0.8746206533988568
fold_b,20260806,1hop,/home/tuv43532/PangenomeFM/server_workspace/results/ccre_sequence_fm_factorial_20260815/fold_b/seed_20260806/1hop/test_predictions.csv.gz,ENCODE_cCRE_subtype_vs_background,PLS,PLS,coordinate_plus_frozen_sequence_fm,37958,330,37628,0.008693819484693608,0.055245891828108275
fold_b,20260806,1hop,/home/tuv43532/PangenomeFM/server_workspace/results/ccre_sequence_fm_factorial_20260815/fold_b/seed_20260806/1hop/test_predictions.csv.gz,ENCODE_cCRE_subtype_vs_background,pELS,pELS,coordinate_plus_frozen_sequence_fm,40343,2715,37628,0.0672979203331433,0.6292123100283328
fold_b,20260806,1hop,/home/tuv43532/PangenomeFM/server_workspace/results/ccre_sequence_fm_factorial_20260815/fold_b/seed_20260806/1hop/test_predictions.csv.gz,ENCODE_cCRE_subtype_vs_background,dELS,dELS,coordinate_plus_frozen_sequence_fm,61726,24098,37628,0.3904027476266079,0.9104121987430223
fold_b,20260806,1hop,/home/tuv43532/PangenomeFM/server_workspace/results/ccre_sequence_fm_factorial_20260815/fold_b/seed_20260806/1hop/test_predictions.csv.gz,ENCODE_cCRE_subtype_vs_background,CTCF-only,CA-CTCF,coordinate_plus_frozen_sequence_fm,38804,1176,37628,0.030306154004741778,0.4053326968942713
fold_b,20260806,1hop,/home/tuv43532/PangenomeFM/server_workspace/results/ccre_sequence_fm_factorial_20260815/fold_b/seed_20260806/1hop/test_predictions.csv.gz,native_graph_complexity_tertile,low,low,coordinate_plus_frozen_sequence_fm,10999,6628,4371,0.6026002363851259,0.9715040595682206
fold_b,20260806,1hop,/home/tuv43532/PangenomeFM/server_workspace/results/ccre_sequence_fm_factorial_20260815/fold_b/seed_20260806/1hop/test_predictions.csv.gz,native_graph_complexity_tertile,medium,medium,coordinate_plus_frozen_sequence_fm,15258,8509,6749,0.5576746624721458,0.9569070986306887
fold_b,20260806,1hop,/home/tuv43532/PangenomeFM/server_workspace/results/ccre_sequence_fm_factorial_20260815/fold_b/seed_20260806/1hop/test_predictions.csv.gz,native_graph_complexity_tertile,high,high,coordinate_plus_frozen_sequence_fm,47730,21223,26507,0.4446469725539493,0.8643231544889503
fold_b,20260806,1hop,/home/tuv43532/PangenomeFM/server_workspace/results/ccre_sequence_fm_factorial_20260815/fold_b/seed_20260806/1hop/test_predictions.csv.gz,ENCODE_cCRE_subtype_vs_background,PLS,PLS,coordinate_plus_frozen_sequence_fm_plus_frozen_pangenomefm,37958,330,37628,0.008693819484693608,0.06584480457259284
fold_b,20260806,1hop,/home/tuv43532/PangenomeFM/server_workspace/results/ccre_sequence_fm_factorial_20260815/fold_b/seed_20260806/1hop/test_predictions.csv.gz,ENCODE_cCRE_subtype_vs_background,pELS,pELS,coordinate_plus_frozen_sequence_fm_plus_frozen_pangenomefm,40343,2715,37628,0.0672979203331433,0.6520360367242273
fold_b,20260806,1hop,/home/tuv43532/PangenomeFM/server_workspace/results/ccre_sequence_fm_factorial_20260815/fold_b/seed_20260806/1hop/test_predictions.csv.gz,ENCODE_cCRE_subtype_vs_background,dELS,dELS,coordinate_plus_frozen_sequence_fm_plus_frozen_pangenomefm,61726,24098,37628,0.3904027476266079,0.9158392492420336
fold_b,20260806,1hop,/home/tuv43532/PangenomeFM/server_workspace/results/ccre_sequence_fm_factorial_20260815/fold_b/seed_20260806/1hop/test_predictions.csv.gz,ENCODE_cCRE_subtype_vs_background,CTCF-only,CA-CTCF,coordinate_plus_frozen_sequence_fm_plus_frozen_pangenomefm,38804,1176,37628,0.030306154004741778,0.46049574569511537
fold_b,20260806,1hop,/home/tuv43532/PangenomeFM/server_workspace/results/ccre_sequence_fm_factorial_20260815/fold_b/seed_20260806/1hop/test_predictions.csv.gz,native_graph_complexity_tertile,low,low,coordinate_plus_frozen_sequence_fm_plus_frozen_pangenomefm,10999,6628,4371,0.6026002363851259,0.9725967620318727
fold_b,20260806,1hop,/home/tuv43532/PangenomeFM/server_workspace/results/ccre_sequence_fm_factorial_20260815/fold_b/seed_20260806/1hop/test_predictions.csv.gz,native_graph_complexity_tertile,medium,medium,coordinate_plus_frozen_sequence_fm_plus_frozen_pangenomefm,15258,8509,6749,0.5576746624721458,0.9596501461667218
fold_b,20260806,1hop,/home/tuv43532/PangenomeFM/server_workspace/results/ccre_sequence_fm_factorial_20260815/fold_b/seed_20260806/1hop/test_predictions.csv.gz,native_graph_complexity_tertile,high,high,coordinate_plus_frozen_sequence_fm_plus_frozen_pangenomefm,47730,21223,26507,0.4446469725539493,0.8700953872618709
fold_b,20260806,strict,/home/tuv43532/PangenomeFM/server_workspace/results/ccre_sequence_fm_factorial_20260815/fold_b/seed_20260806/strict/test_predictions.csv.gz,ENCODE_cCRE_subtype_vs_background,PLS,PLS,coordinate_plus_frozen_sequence_fm,37958,330,37628,0.008693819484693608,0.05520415198819346
fold_b,20260806,strict,/home/tuv43532/PangenomeFM/server_workspace/results/ccre_sequence_fm_factorial_20260815/fold_b/seed_20260806/strict/test_predictions.csv.gz,ENCODE_cCRE_subtype_vs_background,pELS,pELS,coordinate_plus_frozen_sequence_fm,40343,2715,37628,0.0672979203331433,0.629186086366741
fold_b,20260806,strict,/home/tuv43532/PangenomeFM/server_workspace/results/ccre_sequence_fm_factorial_20260815/fold_b/seed_20260806/strict/test_predictions.csv.gz,ENCODE_cCRE_subtype_vs_background,dELS,dELS,coordinate_plus_frozen_sequence_fm,61726,24098,37628,0.3904027476266079,0.9104044869226082
fold_b,20260806,strict,/home/tuv43532/PangenomeFM/server_workspace/results/ccre_sequence_fm_factorial_20260815/fold_b/seed_20260806/strict/test_predictions.csv.gz,ENCODE_cCRE_subtype_vs_background,CTCF-only,CA-CTCF,coordinate_plus_frozen_sequence_fm,38804,1176,37628,0.030306154004741778,0.4053074478708082
fold_b,20260806,strict,/home/tuv43532/PangenomeFM/server_workspace/results/ccre_sequence_fm_factorial_20260815/fold_b/seed_20260806/strict/test_predictions.csv.gz,native_graph_complexity_tertile,low,low,coordinate_plus_frozen_sequence_fm,10999,6628,4371,0.6026002363851259,0.9715072161667897
fold_b,20260806,strict,/home/tuv43532/PangenomeFM/server_workspace/results/ccre_sequence_fm_factorial_20260815/fold_b/seed_20260806/strict/test_predictions.csv.gz,native_graph_complexity_tertile,medium,medium,coordinate_plus_frozen_sequence_fm,15258,8509,6749,0.5576746624721458,0.9569114235931031
fold_b,20260806,strict,/home/tuv43532/PangenomeFM/server_workspace/results/ccre_sequence_fm_factorial_20260815/fold_b/seed_20260806/strict/test_predictions.csv.gz,native_graph_complexity_tertile,high,high,coordinate_plus_frozen_sequence_fm,47730,21223,26507,0.4446469725539493,0.8643201473456287
fold_b,20260806,strict,/home/tuv43532/PangenomeFM/server_workspace/results/ccre_sequence_fm_factorial_20260815/fold_b/seed_20260806/strict/test_predictions.csv.gz,ENCODE_cCRE_subtype_vs_background,PLS,PLS,coordinate_plus_frozen_sequence_fm_plus_frozen_pangenomefm,37958,330,37628,0.008693819484693608,0.06681778290783848
fold_b,20260806,strict,/home/tuv43532/PangenomeFM/server_workspace/results/ccre_sequence_fm_factorial_20260815/fold_b/seed_20260806/strict/test_predictions.csv.gz,ENCODE_cCRE_subtype_vs_background,pELS,pELS,coordinate_plus_frozen_sequence_fm_plus_frozen_pangenomefm,40343,2715,37628,0.0672979203331433,0.6508841298573316
fold_b,20260806,strict,/home/tuv43532/PangenomeFM/server_workspace/results/ccre_sequence_fm_factorial_20260815/fold_b/seed_20260806/strict/test_predictions.csv.gz,ENCODE_cCRE_subtype_vs_background,dELS,dELS,coordinate_plus_frozen_sequence_fm_plus_frozen_pangenomefm,61726,24098,37628,0.3904027476266079,0.9164160290133493
fold_b,20260806,strict,/home/tuv43532/PangenomeFM/server_workspace/results/ccre_sequence_fm_factorial_20260815/fold_b/seed_20260806/strict/test_predictions.csv.gz,ENCODE_cCRE_subtype_vs_background,CTCF-only,CA-CTCF,coordinate_plus_frozen_sequence_fm_plus_frozen_pangenomefm,38804,1176,37628,0.030306154004741778,0.4406099115246412
fold_b,20260806,strict,/home/tuv43532/PangenomeFM/server_workspace/results/ccre_sequence_fm_factorial_20260815/fold_b/seed_20260806/strict/test_predictions.csv.gz,native_graph_complexity_tertile,low,low,coordinate_plus_frozen_sequence_fm_plus_frozen_pangenomefm,10999,6628,4371,0.6026002363851259,0.9722504475552903
fold_b,20260806,strict,/home/tuv43532/PangenomeFM/server_workspace/results/ccre_sequence_fm_factorial_20260815/fold_b/seed_20260806/strict/test_predictions.csv.gz,native_graph_complexity_tertile,medium,medium,coordinate_plus_frozen_sequence_fm_plus_frozen_pangenomefm,15258,8509,6749,0.5576746624721458,0.9586969542406114
fold_b,20260806,strict,/home/tuv43532/PangenomeFM/server_workspace/results/ccre_sequence_fm_factorial_20260815/fold_b/seed_20260806/strict/test_predictions.csv.gz,native_graph_complexity_tertile,high,high,coordinate_plus_frozen_sequence_fm_plus_frozen_pangenomefm,47730,21223,26507,0.4446469725539493,0.8709826581536806
fold_b,314159,1hop,/home/tuv43532/PangenomeFM/server_workspace/results/ccre_sequence_fm_factorial_20260815/fold_b/seed_314159/1hop/test_predictions.csv.gz,ENCODE_cCRE_subtype_vs_background,PLS,PLS,coordinate_plus_frozen_sequence_fm,37958,330,37628,0.008693819484693608,0.055245891828108275
fold_b,314159,1hop,/home/tuv43532/PangenomeFM/server_workspace/results/ccre_sequence_fm_factorial_20260815/fold_b/seed_314159/1hop/test_predictions.csv.gz,ENCODE_cCRE_subtype_vs_background,pELS,pELS,coordinate_plus_frozen_sequence_fm,40343,2715,37628,0.0672979203331433,0.6292123100283328
fold_b,314159,1hop,/home/tuv43532/PangenomeFM/server_workspace/results/ccre_sequence_fm_factorial_20260815/fold_b/seed_314159/1hop/test_predictions.csv.gz,ENCODE_cCRE_subtype_vs_background,dELS,dELS,coordinate_plus_frozen_sequence_fm,61726,24098,37628,0.3904027476266079,0.9104121987430223
fold_b,314159,1hop,/home/tuv43532/PangenomeFM/server_workspace/results/ccre_sequence_fm_factorial_20260815/fold_b/seed_314159/1hop/test_predictions.csv.gz,ENCODE_cCRE_subtype_vs_background,CTCF-only,CA-CTCF,coordinate_plus_frozen_sequence_fm,38804,1176,37628,0.030306154004741778,0.4053326968942713
fold_b,314159,1hop,/home/tuv43532/PangenomeFM/server_workspace/results/ccre_sequence_fm_factorial_20260815/fold_b/seed_314159/1hop/test_predictions.csv.gz,native_graph_complexity_tertile,low,low,coordinate_plus_frozen_sequence_fm,10999,6628,4371,0.6026002363851259,0.9715040595682206
fold_b,314159,1hop,/home/tuv43532/PangenomeFM/server_workspace/results/ccre_sequence_fm_factorial_20260815/fold_b/seed_314159/1hop/test_predictions.csv.gz,native_graph_complexity_tertile,medium,medium,coordinate_plus_frozen_sequence_fm,15258,8509,6749,0.5576746624721458,0.9569070986306887
fold_b,314159,1hop,/home/tuv43532/PangenomeFM/server_workspace/results/ccre_sequence_fm_factorial_20260815/fold_b/seed_314159/1hop/test_predictions.csv.gz,native_graph_complexity_tertile,high,high,coordinate_plus_frozen_sequence_fm,47730,21223,26507,0.4446469725539493,0.8643231544889503
fold_b,314159,1hop,/home/tuv43532/PangenomeFM/server_workspace/results/ccre_sequence_fm_factorial_20260815/fold_b/seed_314159/1hop/test_predictions.csv.gz,ENCODE_cCRE_subtype_vs_background,PLS,PLS,coordinate_plus_frozen_sequence_fm_plus_frozen_pangenomefm,37958,330,37628,0.008693819484693608,0.06689317944942506
fold_b,314159,1hop,/home/tuv43532/PangenomeFM/server_workspace/results/ccre_sequence_fm_factorial_20260815/fold_b/seed_314159/1hop/test_predictions.csv.gz,ENCODE_cCRE_subtype_vs_background,pELS,pELS,coordinate_plus_frozen_sequence_fm_plus_frozen_pangenomefm,40343,2715,37628,0.0672979203331433,0.6533417531850649
fold_b,314159,1hop,/home/tuv43532/PangenomeFM/server_workspace/results/ccre_sequence_fm_factorial_20260815/fold_b/seed_314159/1hop/test_predictions.csv.gz,ENCODE_cCRE_subtype_vs_background,dELS,dELS,coordinate_plus_frozen_sequence_fm_plus_frozen_pangenomefm,61726,24098,37628,0.3904027476266079,0.9162366362095063
fold_b,314159,1hop,/home/tuv43532/PangenomeFM/server_workspace/results/ccre_sequence_fm_factorial_20260815/fold_b/seed_314159/1hop/test_predictions.csv.gz,ENCODE_cCRE_subtype_vs_background,CTCF-only,CA-CTCF,coordinate_plus_frozen_sequence_fm_plus_frozen_pangenomefm,38804,1176,37628,0.030306154004741778,0.45804547623050457
fold_b,314159,1hop,/home/tuv43532/PangenomeFM/server_workspace/results/ccre_sequence_fm_factorial_20260815/fold_b/seed_314159/1hop/test_predictions.csv.gz,native_graph_complexity_tertile,low,low,coordinate_plus_frozen_sequence_fm_plus_frozen_pangenomefm,10999,6628,4371,0.6026002363851259,0.9723106990409015
fold_b,314159,1hop,/home/tuv43532/PangenomeFM/server_workspace/results/ccre_sequence_fm_factorial_20260815/fold_b/seed_314159/1hop/test_predictions.csv.gz,native_graph_complexity_tertile,medium,medium,coordinate_plus_frozen_sequence_fm_plus_frozen_pangenomefm,15258,8509,6749,0.5576746624721458,0.959940717256112
fold_b,314159,1hop,/home/tuv43532/PangenomeFM/server_workspace/results/ccre_sequence_fm_factorial_20260815/fold_b/seed_314159/1hop/test_predictions.csv.gz,native_graph_complexity_tertile,high,high,coordinate_plus_frozen_sequence_fm_plus_frozen_pangenomefm,47730,21223,26507,0.4446469725539493,0.8705087257696809
fold_b,314159,strict,/home/tuv43532/PangenomeFM/server_workspace/results/ccre_sequence_fm_factorial_20260815/fold_b/seed_314159/strict/test_predictions.csv.gz,ENCODE_cCRE_subtype_vs_background,PLS,PLS,coordinate_plus_frozen_sequence_fm,37958,330,37628,0.008693819484693608,0.05520415198819346
fold_b,314159,strict,/home/tuv43532/PangenomeFM/server_workspace/results/ccre_sequence_fm_factorial_20260815/fold_b/seed_314159/strict/test_predictions.csv.gz,ENCODE_cCRE_subtype_vs_background,pELS,pELS,coordinate_plus_frozen_sequence_fm,40343,2715,37628,0.0672979203331433,0.629186086366741
fold_b,314159,strict,/home/tuv43532/PangenomeFM/server_workspace/results/ccre_sequence_fm_factorial_20260815/fold_b/seed_314159/strict/test_predictions.csv.gz,ENCODE_cCRE_subtype_vs_background,dELS,dELS,coordinate_plus_frozen_sequence_fm,61726,24098,37628,0.3904027476266079,0.9104044869226082
fold_b,314159,strict,/home/tuv43532/PangenomeFM/server_workspace/results/ccre_sequence_fm_factorial_20260815/fold_b/seed_314159/strict/test_predictions.csv.gz,ENCODE_cCRE_subtype_vs_background,CTCF-only,CA-CTCF,coordinate_plus_frozen_sequence_fm,38804,1176,37628,0.030306154004741778,0.4053074478708082
fold_b,314159,strict,/home/tuv43532/PangenomeFM/server_workspace/results/ccre_sequence_fm_factorial_20260815/fold_b/seed_314159/strict/test_predictions.csv.gz,native_graph_complexity_tertile,low,low,coordinate_plus_frozen_sequence_fm,10999,6628,4371,0.6026002363851259,0.9715072161667897
fold_b,314159,strict,/home/tuv43532/PangenomeFM/server_workspace/results/ccre_sequence_fm_factorial_20260815/fold_b/seed_314159/strict/test_predictions.csv.gz,native_graph_complexity_tertile,medium,medium,coordinate_plus_frozen_sequence_fm,15258,8509,6749,0.5576746624721458,0.9569114235931031
fold_b,314159,strict,/home/tuv43532/PangenomeFM/server_workspace/results/ccre_sequence_fm_factorial_20260815/fold_b/seed_314159/strict/test_predictions.csv.gz,native_graph_complexity_tertile,high,high,coordinate_plus_frozen_sequence_fm,47730,21223,26507,0.4446469725539493,0.8643201473456287
fold_b,314159,strict,/home/tuv43532/PangenomeFM/server_workspace/results/ccre_sequence_fm_factorial_20260815/fold_b/seed_314159/strict/test_predictions.csv.gz,ENCODE_cCRE_subtype_vs_background,PLS,PLS,coordinate_plus_frozen_sequence_fm_plus_frozen_pangenomefm,37958,330,37628,0.008693819484693608,0.0630916181350051
fold_b,314159,strict,/home/tuv43532/PangenomeFM/server_workspace/results/ccre_sequence_fm_factorial_20260815/fold_b/seed_314159/strict/test_predictions.csv.gz,ENCODE_cCRE_subtype_vs_background,pELS,pELS,coordinate_plus_frozen_sequence_fm_plus_frozen_pangenomefm,40343,2715,37628,0.0672979203331433,0.6493241331758499
fold_b,314159,strict,/home/tuv43532/PangenomeFM/server_workspace/results/ccre_sequence_fm_factorial_20260815/fold_b/seed_314159/strict/test_predictions.csv.gz,ENCODE_cCRE_subtype_vs_background,dELS,dELS,coordinate_plus_frozen_sequence_fm_plus_frozen_pangenomefm,61726,24098,37628,0.3904027476266079,0.9163964992506082
fold_b,314159,strict,/home/tuv43532/PangenomeFM/server_workspace/results/ccre_sequence_fm_factorial_20260815/fold_b/seed_314159/strict/test_predictions.csv.gz,ENCODE_cCRE_subtype_vs_background,CTCF-only,CA-CTCF,coordinate_plus_frozen_sequence_fm_plus_frozen_pangenomefm,38804,1176,37628,0.030306154004741778,0.44427497652517406
fold_b,314159,strict,/home/tuv43532/PangenomeFM/server_workspace/results/ccre_sequence_fm_factorial_20260815/fold_b/seed_314159/strict/test_predictions.csv.gz,native_graph_complexity_tertile,low,low,coordinate_plus_frozen_sequence_fm_plus_frozen_pangenomefm,10999,6628,4371,0.6026002363851259,0.9723624198129397
fold_b,314159,strict,/home/tuv43532/PangenomeFM/server_workspace/results/ccre_sequence_fm_factorial_20260815/fold_b/seed_314159/strict/test_predictions.csv.gz,native_graph_complexity_tertile,medium,medium,coordinate_plus_frozen_sequence_fm_plus_frozen_pangenomefm,15258,8509,6749,0.5576746624721458,0.9579112705753505
fold_b,314159,strict,/home/tuv43532/PangenomeFM/server_workspace/results/ccre_sequence_fm_factorial_20260815/fold_b/seed_314159/strict/test_predictions.csv.gz,native_graph_complexity_tertile,high,high,coordinate_plus_frozen_sequence_fm_plus_frozen_pangenomefm,47730,21223,26507,0.4446469725539493,0.8716140855722962
fold_b,42,1hop,/home/tuv43532/PangenomeFM/server_workspace/results/ccre_sequence_fm_factorial_20260815/fold_b/seed_42/1hop/test_predictions.csv.gz,ENCODE_cCRE_subtype_vs_background,PLS,PLS,coordinate_plus_frozen_sequence_fm,37958,330,37628,0.008693819484693608,0.055245891828108275
fold_b,42,1hop,/home/tuv43532/PangenomeFM/server_workspace/results/ccre_sequence_fm_factorial_20260815/fold_b/seed_42/1hop/test_predictions.csv.gz,ENCODE_cCRE_subtype_vs_background,pELS,pELS,coordinate_plus_frozen_sequence_fm,40343,2715,37628,0.0672979203331433,0.6292123100283328
fold_b,42,1hop,/home/tuv43532/PangenomeFM/server_workspace/results/ccre_sequence_fm_factorial_20260815/fold_b/seed_42/1hop/test_predictions.csv.gz,ENCODE_cCRE_subtype_vs_background,dELS,dELS,coordinate_plus_frozen_sequence_fm,61726,24098,37628,0.3904027476266079,0.9104121987430223
fold_b,42,1hop,/home/tuv43532/PangenomeFM/server_workspace/results/ccre_sequence_fm_factorial_20260815/fold_b/seed_42/1hop/test_predictions.csv.gz,ENCODE_cCRE_subtype_vs_background,CTCF-only,CA-CTCF,coordinate_plus_frozen_sequence_fm,38804,1176,37628,0.030306154004741778,0.4053326968942713
fold_b,42,1hop,/home/tuv43532/PangenomeFM/server_workspace/results/ccre_sequence_fm_factorial_20260815/fold_b/seed_42/1hop/test_predictions.csv.gz,native_graph_complexity_tertile,low,low,coordinate_plus_frozen_sequence_fm,10999,6628,4371,0.6026002363851259,0.9715040595682206
fold_b,42,1hop,/home/tuv43532/PangenomeFM/server_workspace/results/ccre_sequence_fm_factorial_20260815/fold_b/seed_42/1hop/test_predictions.csv.gz,native_graph_complexity_tertile,medium,medium,coordinate_plus_frozen_sequence_fm,15258,8509,6749,0.5576746624721458,0.9569070986306887
fold_b,42,1hop,/home/tuv43532/PangenomeFM/server_workspace/results/ccre_sequence_fm_factorial_20260815/fold_b/seed_42/1hop/test_predictions.csv.gz,native_graph_complexity_tertile,high,high,coordinate_plus_frozen_sequence_fm,47730,21223,26507,0.4446469725539493,0.8643231544889503
fold_b,42,1hop,/home/tuv43532/PangenomeFM/server_workspace/results/ccre_sequence_fm_factorial_20260815/fold_b/seed_42/1hop/test_predictions.csv.gz,ENCODE_cCRE_subtype_vs_background,PLS,PLS,coordinate_plus_frozen_sequence_fm_plus_frozen_pangenomefm,37958,330,37628,0.008693819484693608,0.07065693172637075
fold_b,42,1hop,/home/tuv43532/PangenomeFM/server_workspace/results/ccre_sequence_fm_factorial_20260815/fold_b/seed_42/1hop/test_predictions.csv.gz,ENCODE_cCRE_subtype_vs_background,pELS,pELS,coordinate_plus_frozen_sequence_fm_plus_frozen_pangenomefm,40343,2715,37628,0.0672979203331433,0.6603577802460212
fold_b,42,1hop,/home/tuv43532/PangenomeFM/server_workspace/results/ccre_sequence_fm_factorial_20260815/fold_b/seed_42/1hop/test_predictions.csv.gz,ENCODE_cCRE_subtype_vs_background,dELS,dELS,coordinate_plus_frozen_sequence_fm_plus_frozen_pangenomefm,61726,24098,37628,0.3904027476266079,0.9166756620078079
fold_b,42,1hop,/home/tuv43532/PangenomeFM/server_workspace/results/ccre_sequence_fm_factorial_20260815/fold_b/seed_42/1hop/test_predictions.csv.gz,ENCODE_cCRE_subtype_vs_background,CTCF-only,CA-CTCF,coordinate_plus_frozen_sequence_fm_plus_frozen_pangenomefm,38804,1176,37628,0.030306154004741778,0.4811066355745328
fold_b,42,1hop,/home/tuv43532/PangenomeFM/server_workspace/results/ccre_sequence_fm_factorial_20260815/fold_b/seed_42/1hop/test_predictions.csv.gz,native_graph_complexity_tertile,low,low,coordinate_plus_frozen_sequence_fm_plus_frozen_pangenomefm,10999,6628,4371,0.6026002363851259,0.9725194275950457
fold_b,42,1hop,/home/tuv43532/PangenomeFM/server_workspace/results/ccre_sequence_fm_factorial_20260815/fold_b/seed_42/1hop/test_predictions.csv.gz,native_graph_complexity_tertile,medium,medium,coordinate_plus_frozen_sequence_fm_plus_frozen_pangenomefm,15258,8509,6749,0.5576746624721458,0.9607537967093418
fold_b,42,1hop,/home/tuv43532/PangenomeFM/server_workspace/results/ccre_sequence_fm_factorial_20260815/fold_b/seed_42/1hop/test_predictions.csv.gz,native_graph_complexity_tertile,high,high,coordinate_plus_frozen_sequence_fm_plus_frozen_pangenomefm,47730,21223,26507,0.4446469725539493,0.8694186835178084
fold_b,42,strict,/home/tuv43532/PangenomeFM/server_workspace/results/ccre_sequence_fm_factorial_20260815/fold_b/seed_42/strict/test_predictions.csv.gz,ENCODE_cCRE_subtype_vs_background,PLS,PLS,coordinate_plus_frozen_sequence_fm,37958,330,37628,0.008693819484693608,0.05520415198819346
fold_b,42,strict,/home/tuv43532/PangenomeFM/server_workspace/results/ccre_sequence_fm_factorial_20260815/fold_b/seed_42/strict/test_predictions.csv.gz,ENCODE_cCRE_subtype_vs_background,pELS,pELS,coordinate_plus_frozen_sequence_fm,40343,2715,37628,0.0672979203331433,0.629186086366741
fold_b,42,strict,/home/tuv43532/PangenomeFM/server_workspace/results/ccre_sequence_fm_factorial_20260815/fold_b/seed_42/strict/test_predictions.csv.gz,ENCODE_cCRE_subtype_vs_background,dELS,dELS,coordinate_plus_frozen_sequence_fm,61726,24098,37628,0.3904027476266079,0.9104044869226082
fold_b,42,strict,/home/tuv43532/PangenomeFM/server_workspace/results/ccre_sequence_fm_factorial_20260815/fold_b/seed_42/strict/test_predictions.csv.gz,ENCODE_cCRE_subtype_vs_background,CTCF-only,CA-CTCF,coordinate_plus_frozen_sequence_fm,38804,1176,37628,0.030306154004741778,0.4053074478708082
fold_b,42,strict,/home/tuv43532/PangenomeFM/server_workspace/results/ccre_sequence_fm_factorial_20260815/fold_b/seed_42/strict/test_predictions.csv.gz,native_graph_complexity_tertile,low,low,coordinate_plus_frozen_sequence_fm,10999,6628,4371,0.6026002363851259,0.9715072161667897
fold_b,42,strict,/home/tuv43532/PangenomeFM/server_workspace/results/ccre_sequence_fm_factorial_20260815/fold_b/seed_42/strict/test_predictions.csv.gz,native_graph_complexity_tertile,medium,medium,coordinate_plus_frozen_sequence_fm,15258,8509,6749,0.5576746624721458,0.9569114235931031
fold_b,42,strict,/home/tuv43532/PangenomeFM/server_workspace/results/ccre_sequence_fm_factorial_20260815/fold_b/seed_42/strict/test_predictions.csv.gz,native_graph_complexity_tertile,high,high,coordinate_plus_frozen_sequence_fm,47730,21223,26507,0.4446469725539493,0.8643201473456287
fold_b,42,strict,/home/tuv43532/PangenomeFM/server_workspace/results/ccre_sequence_fm_factorial_20260815/fold_b/seed_42/strict/test_predictions.csv.gz,ENCODE_cCRE_subtype_vs_background,PLS,PLS,coordinate_plus_frozen_sequence_fm_plus_frozen_pangenomefm,37958,330,37628,0.008693819484693608,0.06603835497053948
fold_b,42,strict,/home/tuv43532/PangenomeFM/server_workspace/results/ccre_sequence_fm_factorial_20260815/fold_b/seed_42/strict/test_predictions.csv.gz,ENCODE_cCRE_subtype_vs_background,pELS,pELS,coordinate_plus_frozen_sequence_fm_plus_frozen_pangenomefm,40343,2715,37628,0.0672979203331433,0.6543952469227178
fold_b,42,strict,/home/tuv43532/PangenomeFM/server_workspace/results/ccre_sequence_fm_factorial_20260815/fold_b/seed_42/strict/test_predictions.csv.gz,ENCODE_cCRE_subtype_vs_background,dELS,dELS,coordinate_plus_frozen_sequence_fm_plus_frozen_pangenomefm,61726,24098,37628,0.3904027476266079,0.9162236588746437
fold_b,42,strict,/home/tuv43532/PangenomeFM/server_workspace/results/ccre_sequence_fm_factorial_20260815/fold_b/seed_42/strict/test_predictions.csv.gz,ENCODE_cCRE_subtype_vs_background,CTCF-only,CA-CTCF,coordinate_plus_frozen_sequence_fm_plus_frozen_pangenomefm,38804,1176,37628,0.030306154004741778,0.45044223886629625
fold_b,42,strict,/home/tuv43532/PangenomeFM/server_workspace/results/ccre_sequence_fm_factorial_20260815/fold_b/seed_42/strict/test_predictions.csv.gz,native_graph_complexity_tertile,low,low,coordinate_plus_frozen_sequence_fm_plus_frozen_pangenomefm,10999,6628,4371,0.6026002363851259,0.9721629671544961
fold_b,42,strict,/home/tuv43532/PangenomeFM/server_workspace/results/ccre_sequence_fm_factorial_20260815/fold_b/seed_42/strict/test_predictions.csv.gz,native_graph_complexity_tertile,medium,medium,coordinate_plus_frozen_sequence_fm_plus_frozen_pangenomefm,15258,8509,6749,0.5576746624721458,0.9593796608201
fold_b,42,strict,/home/tuv43532/PangenomeFM/server_workspace/results/ccre_sequence_fm_factorial_20260815/fold_b/seed_42/strict/test_predictions.csv.gz,native_graph_complexity_tertile,high,high,coordinate_plus_frozen_sequence_fm_plus_frozen_pangenomefm,47730,21223,26507,0.4446469725539493,0.8713654882894123
fold_c,20260806,1hop,/home/tuv43532/PangenomeFM/server_workspace/results/ccre_sequence_fm_factorial_20260815/fold_c/seed_20260806/1hop/test_predictions.csv.gz,ENCODE_cCRE_subtype_vs_background,PLS,PLS,coordinate_plus_frozen_sequence_fm,33392,198,33194,0.0059295639674173456,0.05749559620723015
fold_c,20260806,1hop,/home/tuv43532/PangenomeFM/server_workspace/results/ccre_sequence_fm_factorial_20260815/fold_c/seed_20260806/1hop/test_predictions.csv.gz,ENCODE_cCRE_subtype_vs_background,pELS,pELS,coordinate_plus_frozen_sequence_fm,34575,1381,33194,0.03994215473608098,0.5864939653410896
fold_c,20260806,1hop,/home/tuv43532/PangenomeFM/server_workspace/results/ccre_sequence_fm_factorial_20260815/fold_c/seed_20260806/1hop/test_predictions.csv.gz,ENCODE_cCRE_subtype_vs_background,dELS,dELS,coordinate_plus_frozen_sequence_fm,52349,19155,33194,0.3659095684731323,0.923763986738549
fold_c,20260806,1hop,/home/tuv43532/PangenomeFM/server_workspace/results/ccre_sequence_fm_factorial_20260815/fold_c/seed_20260806/1hop/test_predictions.csv.gz,ENCODE_cCRE_subtype_vs_background,CTCF-only,CA-CTCF,coordinate_plus_frozen_sequence_fm,34306,1112,33194,0.03241415495831633,0.43213363812403505
fold_c,20260806,1hop,/home/tuv43532/PangenomeFM/server_workspace/results/ccre_sequence_fm_factorial_20260815/fold_c/seed_20260806/1hop/test_predictions.csv.gz,native_graph_complexity_tertile,low,low,coordinate_plus_frozen_sequence_fm,15868,8943,6925,0.5635870935215528,0.9677510358410853
fold_c,20260806,1hop,/home/tuv43532/PangenomeFM/server_workspace/results/ccre_sequence_fm_factorial_20260815/fold_c/seed_20260806/1hop/test_predictions.csv.gz,native_graph_complexity_tertile,medium,medium,coordinate_plus_frozen_sequence_fm,15562,8048,7514,0.5171571777406503,0.9560703364872896
fold_c,20260806,1hop,/home/tuv43532/PangenomeFM/server_workspace/results/ccre_sequence_fm_factorial_20260815/fold_c/seed_20260806/1hop/test_predictions.csv.gz,native_graph_complexity_tertile,high,high,coordinate_plus_frozen_sequence_fm,31301,12546,18755,0.40081786524392193,0.8597351440619584
fold_c,20260806,1hop,/home/tuv43532/PangenomeFM/server_workspace/results/ccre_sequence_fm_factorial_20260815/fold_c/seed_20260806/1hop/test_predictions.csv.gz,ENCODE_cCRE_subtype_vs_background,PLS,PLS,coordinate_plus_frozen_sequence_fm_plus_frozen_pangenomefm,33392,198,33194,0.0059295639674173456,0.05614671685382633
fold_c,20260806,1hop,/home/tuv43532/PangenomeFM/server_workspace/results/ccre_sequence_fm_factorial_20260815/fold_c/seed_20260806/1hop/test_predictions.csv.gz,ENCODE_cCRE_subtype_vs_background,pELS,pELS,coordinate_plus_frozen_sequence_fm_plus_frozen_pangenomefm,34575,1381,33194,0.03994215473608098,0.5887803870178098
fold_c,20260806,1hop,/home/tuv43532/PangenomeFM/server_workspace/results/ccre_sequence_fm_factorial_20260815/fold_c/seed_20260806/1hop/test_predictions.csv.gz,ENCODE_cCRE_subtype_vs_background,dELS,dELS,coordinate_plus_frozen_sequence_fm_plus_frozen_pangenomefm,52349,19155,33194,0.3659095684731323,0.9241947143971208
fold_c,20260806,1hop,/home/tuv43532/PangenomeFM/server_workspace/results/ccre_sequence_fm_factorial_20260815/fold_c/seed_20260806/1hop/test_predictions.csv.gz,ENCODE_cCRE_subtype_vs_background,CTCF-only,CA-CTCF,coordinate_plus_frozen_sequence_fm_plus_frozen_pangenomefm,34306,1112,33194,0.03241415495831633,0.4533759558886233
fold_c,20260806,1hop,/home/tuv43532/PangenomeFM/server_workspace/results/ccre_sequence_fm_factorial_20260815/fold_c/seed_20260806/1hop/test_predictions.csv.gz,native_graph_complexity_tertile,low,low,coordinate_plus_frozen_sequence_fm_plus_frozen_pangenomefm,15868,8943,6925,0.5635870935215528,0.9685148958499838
fold_c,20260806,1hop,/home/tuv43532/PangenomeFM/server_workspace/results/ccre_sequence_fm_factorial_20260815/fold_c/seed_20260806/1hop/test_predictions.csv.gz,native_graph_complexity_tertile,medium,medium,coordinate_plus_frozen_sequence_fm_plus_frozen_pangenomefm,15562,8048,7514,0.5171571777406503,0.9567113005175637
fold_c,20260806,1hop,/home/tuv43532/PangenomeFM/server_workspace/results/ccre_sequence_fm_factorial_20260815/fold_c/seed_20260806/1hop/test_predictions.csv.gz,native_graph_complexity_tertile,high,high,coordinate_plus_frozen_sequence_fm_plus_frozen_pangenomefm,31301,12546,18755,0.40081786524392193,0.8611579913415586
fold_c,20260806,strict,/home/tuv43532/PangenomeFM/server_workspace/results/ccre_sequence_fm_factorial_20260815/fold_c/seed_20260806/strict/test_predictions.csv.gz,ENCODE_cCRE_subtype_vs_background,PLS,PLS,coordinate_plus_frozen_sequence_fm,33392,198,33194,0.0059295639674173456,0.05749559620723015
fold_c,20260806,strict,/home/tuv43532/PangenomeFM/server_workspace/results/ccre_sequence_fm_factorial_20260815/fold_c/seed_20260806/strict/test_predictions.csv.gz,ENCODE_cCRE_subtype_vs_background,pELS,pELS,coordinate_plus_frozen_sequence_fm,34575,1381,33194,0.03994215473608098,0.5864939653410896
fold_c,20260806,strict,/home/tuv43532/PangenomeFM/server_workspace/results/ccre_sequence_fm_factorial_20260815/fold_c/seed_20260806/strict/test_predictions.csv.gz,ENCODE_cCRE_subtype_vs_background,dELS,dELS,coordinate_plus_frozen_sequence_fm,52349,19155,33194,0.3659095684731323,0.923763986738549
fold_c,20260806,strict,/home/tuv43532/PangenomeFM/server_workspace/results/ccre_sequence_fm_factorial_20260815/fold_c/seed_20260806/strict/test_predictions.csv.gz,ENCODE_cCRE_subtype_vs_background,CTCF-only,CA-CTCF,coordinate_plus_frozen_sequence_fm,34306,1112,33194,0.03241415495831633,0.43213363812403505
fold_c,20260806,strict,/home/tuv43532/PangenomeFM/server_workspace/results/ccre_sequence_fm_factorial_20260815/fold_c/seed_20260806/strict/test_predictions.csv.gz,native_graph_complexity_tertile,low,low,coordinate_plus_frozen_sequence_fm,15868,8943,6925,0.5635870935215528,0.9677510358410853
fold_c,20260806,strict,/home/tuv43532/PangenomeFM/server_workspace/results/ccre_sequence_fm_factorial_20260815/fold_c/seed_20260806/strict/test_predictions.csv.gz,native_graph_complexity_tertile,medium,medium,coordinate_plus_frozen_sequence_fm,15562,8048,7514,0.5171571777406503,0.9560703364872896
fold_c,20260806,strict,/home/tuv43532/PangenomeFM/server_workspace/results/ccre_sequence_fm_factorial_20260815/fold_c/seed_20260806/strict/test_predictions.csv.gz,native_graph_complexity_tertile,high,high,coordinate_plus_frozen_sequence_fm,31301,12546,18755,0.40081786524392193,0.8597351440619584
fold_c,20260806,strict,/home/tuv43532/PangenomeFM/server_workspace/results/ccre_sequence_fm_factorial_20260815/fold_c/seed_20260806/strict/test_predictions.csv.gz,ENCODE_cCRE_subtype_vs_background,PLS,PLS,coordinate_plus_frozen_sequence_fm_plus_frozen_pangenomefm,33392,198,33194,0.0059295639674173456,0.051836115092685334
fold_c,20260806,strict,/home/tuv43532/PangenomeFM/server_workspace/results/ccre_sequence_fm_factorial_20260815/fold_c/seed_20260806/strict/test_predictions.csv.gz,ENCODE_cCRE_subtype_vs_background,pELS,pELS,coordinate_plus_frozen_sequence_fm_plus_frozen_pangenomefm,34575,1381,33194,0.03994215473608098,0.5886183814331729
fold_c,20260806,strict,/home/tuv43532/PangenomeFM/server_workspace/results/ccre_sequence_fm_factorial_20260815/fold_c/seed_20260806/strict/test_predictions.csv.gz,ENCODE_cCRE_subtype_vs_background,dELS,dELS,coordinate_plus_frozen_sequence_fm_plus_frozen_pangenomefm,52349,19155,33194,0.3659095684731323,0.9254179815086345
fold_c,20260806,strict,/home/tuv43532/PangenomeFM/server_workspace/results/ccre_sequence_fm_factorial_20260815/fold_c/seed_20260806/strict/test_predictions.csv.gz,ENCODE_cCRE_subtype_vs_background,CTCF-only,CA-CTCF,coordinate_plus_frozen_sequence_fm_plus_frozen_pangenomefm,34306,1112,33194,0.03241415495831633,0.451203613377433
fold_c,20260806,strict,/home/tuv43532/PangenomeFM/server_workspace/results/ccre_sequence_fm_factorial_20260815/fold_c/seed_20260806/strict/test_predictions.csv.gz,native_graph_complexity_tertile,low,low,coordinate_plus_frozen_sequence_fm_plus_frozen_pangenomefm,15868,8943,6925,0.5635870935215528,0.96851552521722
fold_c,20260806,strict,/home/tuv43532/PangenomeFM/server_workspace/results/ccre_sequence_fm_factorial_20260815/fold_c/seed_20260806/strict/test_predictions.csv.gz,native_graph_complexity_tertile,medium,medium,coordinate_plus_frozen_sequence_fm_plus_frozen_pangenomefm,15562,8048,7514,0.5171571777406503,0.9567369140238701
fold_c,20260806,strict,/home/tuv43532/PangenomeFM/server_workspace/results/ccre_sequence_fm_factorial_20260815/fold_c/seed_20260806/strict/test_predictions.csv.gz,native_graph_complexity_tertile,high,high,coordinate_plus_frozen_sequence_fm_plus_frozen_pangenomefm,31301,12546,18755,0.40081786524392193,0.8638480799532336
fold_c,314159,1hop,/home/tuv43532/PangenomeFM/server_workspace/results/ccre_sequence_fm_factorial_20260815/fold_c/seed_314159/1hop/test_predictions.csv.gz,ENCODE_cCRE_subtype_vs_background,PLS,PLS,coordinate_plus_frozen_sequence_fm,33392,198,33194,0.0059295639674173456,0.05749559620723015
fold_c,314159,1hop,/home/tuv43532/PangenomeFM/server_workspace/results/ccre_sequence_fm_factorial_20260815/fold_c/seed_314159/1hop/test_predictions.csv.gz,ENCODE_cCRE_subtype_vs_background,pELS,pELS,coordinate_plus_frozen_sequence_fm,34575,1381,33194,0.03994215473608098,0.5864939653410896
fold_c,314159,1hop,/home/tuv43532/PangenomeFM/server_workspace/results/ccre_sequence_fm_factorial_20260815/fold_c/seed_314159/1hop/test_predictions.csv.gz,ENCODE_cCRE_subtype_vs_background,dELS,dELS,coordinate_plus_frozen_sequence_fm,52349,19155,33194,0.3659095684731323,0.923763986738549
fold_c,314159,1hop,/home/tuv43532/PangenomeFM/server_workspace/results/ccre_sequence_fm_factorial_20260815/fold_c/seed_314159/1hop/test_predictions.csv.gz,ENCODE_cCRE_subtype_vs_background,CTCF-only,CA-CTCF,coordinate_plus_frozen_sequence_fm,34306,1112,33194,0.03241415495831633,0.43213363812403505
fold_c,314159,1hop,/home/tuv43532/PangenomeFM/server_workspace/results/ccre_sequence_fm_factorial_20260815/fold_c/seed_314159/1hop/test_predictions.csv.gz,native_graph_complexity_tertile,low,low,coordinate_plus_frozen_sequence_fm,15868,8943,6925,0.5635870935215528,0.9677510358410853
fold_c,314159,1hop,/home/tuv43532/PangenomeFM/server_workspace/results/ccre_sequence_fm_factorial_20260815/fold_c/seed_314159/1hop/test_predictions.csv.gz,native_graph_complexity_tertile,medium,medium,coordinate_plus_frozen_sequence_fm,15562,8048,7514,0.5171571777406503,0.9560703364872896
fold_c,314159,1hop,/home/tuv43532/PangenomeFM/server_workspace/results/ccre_sequence_fm_factorial_20260815/fold_c/seed_314159/1hop/test_predictions.csv.gz,native_graph_complexity_tertile,high,high,coordinate_plus_frozen_sequence_fm,31301,12546,18755,0.40081786524392193,0.8597351440619584
fold_c,314159,1hop,/home/tuv43532/PangenomeFM/server_workspace/results/ccre_sequence_fm_factorial_20260815/fold_c/seed_314159/1hop/test_predictions.csv.gz,ENCODE_cCRE_subtype_vs_background,PLS,PLS,coordinate_plus_frozen_sequence_fm_plus_frozen_pangenomefm,33392,198,33194,0.0059295639674173456,0.060033947976122166
fold_c,314159,1hop,/home/tuv43532/PangenomeFM/server_workspace/results/ccre_sequence_fm_factorial_20260815/fold_c/seed_314159/1hop/test_predictions.csv.gz,ENCODE_cCRE_subtype_vs_background,pELS,pELS,coordinate_plus_frozen_sequence_fm_plus_frozen_pangenomefm,34575,1381,33194,0.03994215473608098,0.5915001749258001
fold_c,314159,1hop,/home/tuv43532/PangenomeFM/server_workspace/results/ccre_sequence_fm_factorial_20260815/fold_c/seed_314159/1hop/test_predictions.csv.gz,ENCODE_cCRE_subtype_vs_background,dELS,dELS,coordinate_plus_frozen_sequence_fm_plus_frozen_pangenomefm,52349,19155,33194,0.3659095684731323,0.9235361267735483
fold_c,314159,1hop,/home/tuv43532/PangenomeFM/server_workspace/results/ccre_sequence_fm_factorial_20260815/fold_c/seed_314159/1hop/test_predictions.csv.gz,ENCODE_cCRE_subtype_vs_background,CTCF-only,CA-CTCF,coordinate_plus_frozen_sequence_fm_plus_frozen_pangenomefm,34306,1112,33194,0.03241415495831633,0.4549814518274236
fold_c,314159,1hop,/home/tuv43532/PangenomeFM/server_workspace/results/ccre_sequence_fm_factorial_20260815/fold_c/seed_314159/1hop/test_predictions.csv.gz,native_graph_complexity_tertile,low,low,coordinate_plus_frozen_sequence_fm_plus_frozen_pangenomefm,15868,8943,6925,0.5635870935215528,0.9687580510789995
fold_c,314159,1hop,/home/tuv43532/PangenomeFM/server_workspace/results/ccre_sequence_fm_factorial_20260815/fold_c/seed_314159/1hop/test_predictions.csv.gz,native_graph_complexity_tertile,medium,medium,coordinate_plus_frozen_sequence_fm_plus_frozen_pangenomefm,15562,8048,7514,0.5171571777406503,0.9563340575504145
fold_c,314159,1hop,/home/tuv43532/PangenomeFM/server_workspace/results/ccre_sequence_fm_factorial_20260815/fold_c/seed_314159/1hop/test_predictions.csv.gz,native_graph_complexity_tertile,high,high,coordinate_plus_frozen_sequence_fm_plus_frozen_pangenomefm,31301,12546,18755,0.40081786524392193,0.860344646428767
fold_c,314159,strict,/home/tuv43532/PangenomeFM/server_workspace/results/ccre_sequence_fm_factorial_20260815/fold_c/seed_314159/strict/test_predictions.csv.gz,ENCODE_cCRE_subtype_vs_background,PLS,PLS,coordinate_plus_frozen_sequence_fm,33392,198,33194,0.0059295639674173456,0.05749559620723015
fold_c,314159,strict,/home/tuv43532/PangenomeFM/server_workspace/results/ccre_sequence_fm_factorial_20260815/fold_c/seed_314159/strict/test_predictions.csv.gz,ENCODE_cCRE_subtype_vs_background,pELS,pELS,coordinate_plus_frozen_sequence_fm,34575,1381,33194,0.03994215473608098,0.5864939653410896
fold_c,314159,strict,/home/tuv43532/PangenomeFM/server_workspace/results/ccre_sequence_fm_factorial_20260815/fold_c/seed_314159/strict/test_predictions.csv.gz,ENCODE_cCRE_subtype_vs_background,dELS,dELS,coordinate_plus_frozen_sequence_fm,52349,19155,33194,0.3659095684731323,0.923763986738549
fold_c,314159,strict,/home/tuv43532/PangenomeFM/server_workspace/results/ccre_sequence_fm_factorial_20260815/fold_c/seed_314159/strict/test_predictions.csv.gz,ENCODE_cCRE_subtype_vs_background,CTCF-only,CA-CTCF,coordinate_plus_frozen_sequence_fm,34306,1112,33194,0.03241415495831633,0.43213363812403505
fold_c,314159,strict,/home/tuv43532/PangenomeFM/server_workspace/results/ccre_sequence_fm_factorial_20260815/fold_c/seed_314159/strict/test_predictions.csv.gz,native_graph_complexity_tertile,low,low,coordinate_plus_frozen_sequence_fm,15868,8943,6925,0.5635870935215528,0.9677510358410853
fold_c,314159,strict,/home/tuv43532/PangenomeFM/server_workspace/results/ccre_sequence_fm_factorial_20260815/fold_c/seed_314159/strict/test_predictions.csv.gz,native_graph_complexity_tertile,medium,medium,coordinate_plus_frozen_sequence_fm,15562,8048,7514,0.5171571777406503,0.9560703364872896
fold_c,314159,strict,/home/tuv43532/PangenomeFM/server_workspace/results/ccre_sequence_fm_factorial_20260815/fold_c/seed_314159/strict/test_predictions.csv.gz,native_graph_complexity_tertile,high,high,coordinate_plus_frozen_sequence_fm,31301,12546,18755,0.40081786524392193,0.8597351440619584
fold_c,314159,strict,/home/tuv43532/PangenomeFM/server_workspace/results/ccre_sequence_fm_factorial_20260815/fold_c/seed_314159/strict/test_predictions.csv.gz,ENCODE_cCRE_subtype_vs_background,PLS,PLS,coordinate_plus_frozen_sequence_fm_plus_frozen_pangenomefm,33392,198,33194,0.0059295639674173456,0.0581956896314417
fold_c,314159,strict,/home/tuv43532/PangenomeFM/server_workspace/results/ccre_sequence_fm_factorial_20260815/fold_c/seed_314159/strict/test_predictions.csv.gz,ENCODE_cCRE_subtype_vs_background,pELS,pELS,coordinate_plus_frozen_sequence_fm_plus_frozen_pangenomefm,34575,1381,33194,0.03994215473608098,0.5922494683175695
fold_c,314159,strict,/home/tuv43532/PangenomeFM/server_workspace/results/ccre_sequence_fm_factorial_20260815/fold_c/seed_314159/strict/test_predictions.csv.gz,ENCODE_cCRE_subtype_vs_background,dELS,dELS,coordinate_plus_frozen_sequence_fm_plus_frozen_pangenomefm,52349,19155,33194,0.3659095684731323,0.9258029769871043
fold_c,314159,strict,/home/tuv43532/PangenomeFM/server_workspace/results/ccre_sequence_fm_factorial_20260815/fold_c/seed_314159/strict/test_predictions.csv.gz,ENCODE_cCRE_subtype_vs_background,CTCF-only,CA-CTCF,coordinate_plus_frozen_sequence_fm_plus_frozen_pangenomefm,34306,1112,33194,0.03241415495831633,0.4398668364501199
fold_c,314159,strict,/home/tuv43532/PangenomeFM/server_workspace/results/ccre_sequence_fm_factorial_20260815/fold_c/seed_314159/strict/test_predictions.csv.gz,native_graph_complexity_tertile,low,low,coordinate_plus_frozen_sequence_fm_plus_frozen_pangenomefm,15868,8943,6925,0.5635870935215528,0.9686205870830323
fold_c,314159,strict,/home/tuv43532/PangenomeFM/server_workspace/results/ccre_sequence_fm_factorial_20260815/fold_c/seed_314159/strict/test_predictions.csv.gz,native_graph_complexity_tertile,medium,medium,coordinate_plus_frozen_sequence_fm_plus_frozen_pangenomefm,15562,8048,7514,0.5171571777406503,0.9562974910972488
fold_c,314159,strict,/home/tuv43532/PangenomeFM/server_workspace/results/ccre_sequence_fm_factorial_20260815/fold_c/seed_314159/strict/test_predictions.csv.gz,native_graph_complexity_tertile,high,high,coordinate_plus_frozen_sequence_fm_plus_frozen_pangenomefm,31301,12546,18755,0.40081786524392193,0.8661008943649019
fold_c,42,1hop,/home/tuv43532/PangenomeFM/server_workspace/results/ccre_sequence_fm_factorial_20260815/fold_c/seed_42/1hop/test_predictions.csv.gz,ENCODE_cCRE_subtype_vs_background,PLS,PLS,coordinate_plus_frozen_sequence_fm,33392,198,33194,0.0059295639674173456,0.05749559620723015
fold_c,42,1hop,/home/tuv43532/PangenomeFM/server_workspace/results/ccre_sequence_fm_factorial_20260815/fold_c/seed_42/1hop/test_predictions.csv.gz,ENCODE_cCRE_subtype_vs_background,pELS,pELS,coordinate_plus_frozen_sequence_fm,34575,1381,33194,0.03994215473608098,0.5864939653410896
fold_c,42,1hop,/home/tuv43532/PangenomeFM/server_workspace/results/ccre_sequence_fm_factorial_20260815/fold_c/seed_42/1hop/test_predictions.csv.gz,ENCODE_cCRE_subtype_vs_background,dELS,dELS,coordinate_plus_frozen_sequence_fm,52349,19155,33194,0.3659095684731323,0.923763986738549
fold_c,42,1hop,/home/tuv43532/PangenomeFM/server_workspace/results/ccre_sequence_fm_factorial_20260815/fold_c/seed_42/1hop/test_predictions.csv.gz,ENCODE_cCRE_subtype_vs_background,CTCF-only,CA-CTCF,coordinate_plus_frozen_sequence_fm,34306,1112,33194,0.03241415495831633,0.43213363812403505
fold_c,42,1hop,/home/tuv43532/PangenomeFM/server_workspace/results/ccre_sequence_fm_factorial_20260815/fold_c/seed_42/1hop/test_predictions.csv.gz,native_graph_complexity_tertile,low,low,coordinate_plus_frozen_sequence_fm,15868,8943,6925,0.5635870935215528,0.9677510358410853
fold_c,42,1hop,/home/tuv43532/PangenomeFM/server_workspace/results/ccre_sequence_fm_factorial_20260815/fold_c/seed_42/1hop/test_predictions.csv.gz,native_graph_complexity_tertile,medium,medium,coordinate_plus_frozen_sequence_fm,15562,8048,7514,0.5171571777406503,0.9560703364872896
fold_c,42,1hop,/home/tuv43532/PangenomeFM/server_workspace/results/ccre_sequence_fm_factorial_20260815/fold_c/seed_42/1hop/test_predictions.csv.gz,native_graph_complexity_tertile,high,high,coordinate_plus_frozen_sequence_fm,31301,12546,18755,0.40081786524392193,0.8597351440619584
fold_c,42,1hop,/home/tuv43532/PangenomeFM/server_workspace/results/ccre_sequence_fm_factorial_20260815/fold_c/seed_42/1hop/test_predictions.csv.gz,ENCODE_cCRE_subtype_vs_background,PLS,PLS,coordinate_plus_frozen_sequence_fm_plus_frozen_pangenomefm,33392,198,33194,0.0059295639674173456,0.04944293342680803
fold_c,42,1hop,/home/tuv43532/PangenomeFM/server_workspace/results/ccre_sequence_fm_factorial_20260815/fold_c/seed_42/1hop/test_predictions.csv.gz,ENCODE_cCRE_subtype_vs_background,pELS,pELS,coordinate_plus_frozen_sequence_fm_plus_frozen_pangenomefm,34575,1381,33194,0.03994215473608098,0.588441896159755
fold_c,42,1hop,/home/tuv43532/PangenomeFM/server_workspace/results/ccre_sequence_fm_factorial_20260815/fold_c/seed_42/1hop/test_predictions.csv.gz,ENCODE_cCRE_subtype_vs_background,dELS,dELS,coordinate_plus_frozen_sequence_fm_plus_frozen_pangenomefm,52349,19155,33194,0.3659095684731323,0.9225837598915779
fold_c,42,1hop,/home/tuv43532/PangenomeFM/server_workspace/results/ccre_sequence_fm_factorial_20260815/fold_c/seed_42/1hop/test_predictions.csv.gz,ENCODE_cCRE_subtype_vs_background,CTCF-only,CA-CTCF,coordinate_plus_frozen_sequence_fm_plus_frozen_pangenomefm,34306,1112,33194,0.03241415495831633,0.4610625138586411
fold_c,42,1hop,/home/tuv43532/PangenomeFM/server_workspace/results/ccre_sequence_fm_factorial_20260815/fold_c/seed_42/1hop/test_predictions.csv.gz,native_graph_complexity_tertile,low,low,coordinate_plus_frozen_sequence_fm_plus_frozen_pangenomefm,15868,8943,6925,0.5635870935215528,0.9690191649183677
fold_c,42,1hop,/home/tuv43532/PangenomeFM/server_workspace/results/ccre_sequence_fm_factorial_20260815/fold_c/seed_42/1hop/test_predictions.csv.gz,native_graph_complexity_tertile,medium,medium,coordinate_plus_frozen_sequence_fm_plus_frozen_pangenomefm,15562,8048,7514,0.5171571777406503,0.9570177376324184
fold_c,42,1hop,/home/tuv43532/PangenomeFM/server_workspace/results/ccre_sequence_fm_factorial_20260815/fold_c/seed_42/1hop/test_predictions.csv.gz,native_graph_complexity_tertile,high,high,coordinate_plus_frozen_sequence_fm_plus_frozen_pangenomefm,31301,12546,18755,0.40081786524392193,0.8574165136842334
fold_c,42,strict,/home/tuv43532/PangenomeFM/server_workspace/results/ccre_sequence_fm_factorial_20260815/fold_c/seed_42/strict/test_predictions.csv.gz,ENCODE_cCRE_subtype_vs_background,PLS,PLS,coordinate_plus_frozen_sequence_fm,33392,198,33194,0.0059295639674173456,0.05749559620723015
fold_c,42,strict,/home/tuv43532/PangenomeFM/server_workspace/results/ccre_sequence_fm_factorial_20260815/fold_c/seed_42/strict/test_predictions.csv.gz,ENCODE_cCRE_subtype_vs_background,pELS,pELS,coordinate_plus_frozen_sequence_fm,34575,1381,33194,0.03994215473608098,0.5864939653410896
fold_c,42,strict,/home/tuv43532/PangenomeFM/server_workspace/results/ccre_sequence_fm_factorial_20260815/fold_c/seed_42/strict/test_predictions.csv.gz,ENCODE_cCRE_subtype_vs_background,dELS,dELS,coordinate_plus_frozen_sequence_fm,52349,19155,33194,0.3659095684731323,0.923763986738549
fold_c,42,strict,/home/tuv43532/PangenomeFM/server_workspace/results/ccre_sequence_fm_factorial_20260815/fold_c/seed_42/strict/test_predictions.csv.gz,ENCODE_cCRE_subtype_vs_background,CTCF-only,CA-CTCF,coordinate_plus_frozen_sequence_fm,34306,1112,33194,0.03241415495831633,0.43213363812403505
fold_c,42,strict,/home/tuv43532/PangenomeFM/server_workspace/results/ccre_sequence_fm_factorial_20260815/fold_c/seed_42/strict/test_predictions.csv.gz,native_graph_complexity_tertile,low,low,coordinate_plus_frozen_sequence_fm,15868,8943,6925,0.5635870935215528,0.9677510358410853
fold_c,42,strict,/home/tuv43532/PangenomeFM/server_workspace/results/ccre_sequence_fm_factorial_20260815/fold_c/seed_42/strict/test_predictions.csv.gz,native_graph_complexity_tertile,medium,medium,coordinate_plus_frozen_sequence_fm,15562,8048,7514,0.5171571777406503,0.9560703364872896
fold_c,42,strict,/home/tuv43532/PangenomeFM/server_workspace/results/ccre_sequence_fm_factorial_20260815/fold_c/seed_42/strict/test_predictions.csv.gz,native_graph_complexity_tertile,high,high,coordinate_plus_frozen_sequence_fm,31301,12546,18755,0.40081786524392193,0.8597351440619584
fold_c,42,strict,/home/tuv43532/PangenomeFM/server_workspace/results/ccre_sequence_fm_factorial_20260815/fold_c/seed_42/strict/test_predictions.csv.gz,ENCODE_cCRE_subtype_vs_background,PLS,PLS,coordinate_plus_frozen_sequence_fm_plus_frozen_pangenomefm,33392,198,33194,0.0059295639674173456,0.061507362161435486
fold_c,42,strict,/home/tuv43532/PangenomeFM/server_workspace/results/ccre_sequence_fm_factorial_20260815/fold_c/seed_42/strict/test_predictions.csv.gz,ENCODE_cCRE_subtype_vs_background,pELS,pELS,coordinate_plus_frozen_sequence_fm_plus_frozen_pangenomefm,34575,1381,33194,0.03994215473608098,0.5969495875001176
fold_c,42,strict,/home/tuv43532/PangenomeFM/server_workspace/results/ccre_sequence_fm_factorial_20260815/fold_c/seed_42/strict/test_predictions.csv.gz,ENCODE_cCRE_subtype_vs_background,dELS,dELS,coordinate_plus_frozen_sequence_fm_plus_frozen_pangenomefm,52349,19155,33194,0.3659095684731323,0.9265404992135622
fold_c,42,strict,/home/tuv43532/PangenomeFM/server_workspace/results/ccre_sequence_fm_factorial_20260815/fold_c/seed_42/strict/test_predictions.csv.gz,ENCODE_cCRE_subtype_vs_background,CTCF-only,CA-CTCF,coordinate_plus_frozen_sequence_fm_plus_frozen_pangenomefm,34306,1112,33194,0.03241415495831633,0.4518930948426563
fold_c,42,strict,/home/tuv43532/PangenomeFM/server_workspace/results/ccre_sequence_fm_factorial_20260815/fold_c/seed_42/strict/test_predictions.csv.gz,native_graph_complexity_tertile,low,low,coordinate_plus_frozen_sequence_fm_plus_frozen_pangenomefm,15868,8943,6925,0.5635870935215528,0.9691625887124824
fold_c,42,strict,/home/tuv43532/PangenomeFM/server_workspace/results/ccre_sequence_fm_factorial_20260815/fold_c/seed_42/strict/test_predictions.csv.gz,native_graph_complexity_tertile,medium,medium,coordinate_plus_frozen_sequence_fm_plus_frozen_pangenomefm,15562,8048,7514,0.5171571777406503,0.9573588566975606
fold_c,42,strict,/home/tuv43532/PangenomeFM/server_workspace/results/ccre_sequence_fm_factorial_20260815/fold_c/seed_42/strict/test_predictions.csv.gz,native_graph_complexity_tertile,high,high,coordinate_plus_frozen_sequence_fm_plus_frozen_pangenomefm,31301,12546,18755,0.40081786524392193,0.8662805499145294
fold_d,20260806,1hop,/home/tuv43532/PangenomeFM/server_workspace/results/ccre_sequence_fm_factorial_20260815/fold_d/seed_20260806/1hop/test_predictions.csv.gz,ENCODE_cCRE_subtype_vs_background,PLS,PLS,coordinate_plus_frozen_sequence_fm,26261,263,25998,0.010014850919614638,0.06087510487407186
fold_d,20260806,1hop,/home/tuv43532/PangenomeFM/server_workspace/results/ccre_sequence_fm_factorial_20260815/fold_d/seed_20260806/1hop/test_predictions.csv.gz,ENCODE_cCRE_subtype_vs_background,pELS,pELS,coordinate_plus_frozen_sequence_fm,28146,2148,25998,0.07631635045832445,0.6036557836081491
fold_d,20260806,1hop,/home/tuv43532/PangenomeFM/server_workspace/results/ccre_sequence_fm_factorial_20260815/fold_d/seed_20260806/1hop/test_predictions.csv.gz,ENCODE_cCRE_subtype_vs_background,dELS,dELS,coordinate_plus_frozen_sequence_fm,41711,15713,25998,0.37671117930521925,0.9110058853504861
fold_d,20260806,1hop,/home/tuv43532/PangenomeFM/server_workspace/results/ccre_sequence_fm_factorial_20260815/fold_d/seed_20260806/1hop/test_predictions.csv.gz,ENCODE_cCRE_subtype_vs_background,CTCF-only,CA-CTCF,coordinate_plus_frozen_sequence_fm,26833,835,25998,0.03111839898632281,0.3589198762394735
fold_d,20260806,1hop,/home/tuv43532/PangenomeFM/server_workspace/results/ccre_sequence_fm_factorial_20260815/fold_d/seed_20260806/1hop/test_predictions.csv.gz,native_graph_complexity_tertile,low,low,coordinate_plus_frozen_sequence_fm,9032,5264,3768,0.5828166519043402,0.9629172920283474
fold_d,20260806,1hop,/home/tuv43532/PangenomeFM/server_workspace/results/ccre_sequence_fm_factorial_20260815/fold_d/seed_20260806/1hop/test_predictions.csv.gz,native_graph_complexity_tertile,medium,medium,coordinate_plus_frozen_sequence_fm,10307,5550,4757,0.5384690016493645,0.9611748634574618
fold_d,20260806,1hop,/home/tuv43532/PangenomeFM/server_workspace/results/ccre_sequence_fm_factorial_20260815/fold_d/seed_20260806/1hop/test_predictions.csv.gz,native_graph_complexity_tertile,high,high,coordinate_plus_frozen_sequence_fm,31507,14035,17472,0.44545656520773164,0.8662825149320397
fold_d,20260806,1hop,/home/tuv43532/PangenomeFM/server_workspace/results/ccre_sequence_fm_factorial_20260815/fold_d/seed_20260806/1hop/test_predictions.csv.gz,ENCODE_cCRE_subtype_vs_background,PLS,PLS,coordinate_plus_frozen_sequence_fm_plus_frozen_pangenomefm,26261,263,25998,0.010014850919614638,0.06856155194188225
fold_d,20260806,1hop,/home/tuv43532/PangenomeFM/server_workspace/results/ccre_sequence_fm_factorial_20260815/fold_d/seed_20260806/1hop/test_predictions.csv.gz,ENCODE_cCRE_subtype_vs_background,pELS,pELS,coordinate_plus_frozen_sequence_fm_plus_frozen_pangenomefm,28146,2148,25998,0.07631635045832445,0.6342720137024123
fold_d,20260806,1hop,/home/tuv43532/PangenomeFM/server_workspace/results/ccre_sequence_fm_factorial_20260815/fold_d/seed_20260806/1hop/test_predictions.csv.gz,ENCODE_cCRE_subtype_vs_background,dELS,dELS,coordinate_plus_frozen_sequence_fm_plus_frozen_pangenomefm,41711,15713,25998,0.37671117930521925,0.9181860772761914
fold_d,20260806,1hop,/home/tuv43532/PangenomeFM/server_workspace/results/ccre_sequence_fm_factorial_20260815/fold_d/seed_20260806/1hop/test_predictions.csv.gz,ENCODE_cCRE_subtype_vs_background,CTCF-only,CA-CTCF,coordinate_plus_frozen_sequence_fm_plus_frozen_pangenomefm,26833,835,25998,0.03111839898632281,0.4099004211270938
fold_d,20260806,1hop,/home/tuv43532/PangenomeFM/server_workspace/results/ccre_sequence_fm_factorial_20260815/fold_d/seed_20260806/1hop/test_predictions.csv.gz,native_graph_complexity_tertile,low,low,coordinate_plus_frozen_sequence_fm_plus_frozen_pangenomefm,9032,5264,3768,0.5828166519043402,0.9644434969001624
fold_d,20260806,1hop,/home/tuv43532/PangenomeFM/server_workspace/results/ccre_sequence_fm_factorial_20260815/fold_d/seed_20260806/1hop/test_predictions.csv.gz,native_graph_complexity_tertile,medium,medium,coordinate_plus_frozen_sequence_fm_plus_frozen_pangenomefm,10307,5550,4757,0.5384690016493645,0.9614281240174298
fold_d,20260806,1hop,/home/tuv43532/PangenomeFM/server_workspace/results/ccre_sequence_fm_factorial_20260815/fold_d/seed_20260806/1hop/test_predictions.csv.gz,native_graph_complexity_tertile,high,high,coordinate_plus_frozen_sequence_fm_plus_frozen_pangenomefm,31507,14035,17472,0.44545656520773164,0.8753205753431265
fold_d,20260806,strict,/home/tuv43532/PangenomeFM/server_workspace/results/ccre_sequence_fm_factorial_20260815/fold_d/seed_20260806/strict/test_predictions.csv.gz,ENCODE_cCRE_subtype_vs_background,PLS,PLS,coordinate_plus_frozen_sequence_fm,26260,263,25997,0.010015232292460015,0.0608869808225992
fold_d,20260806,strict,/home/tuv43532/PangenomeFM/server_workspace/results/ccre_sequence_fm_factorial_20260815/fold_d/seed_20260806/strict/test_predictions.csv.gz,ENCODE_cCRE_subtype_vs_background,pELS,pELS,coordinate_plus_frozen_sequence_fm,28145,2148,25997,0.0763190620003553,0.603686213368452
fold_d,20260806,strict,/home/tuv43532/PangenomeFM/server_workspace/results/ccre_sequence_fm_factorial_20260815/fold_d/seed_20260806/strict/test_predictions.csv.gz,ENCODE_cCRE_subtype_vs_background,dELS,dELS,coordinate_plus_frozen_sequence_fm,41710,15713,25997,0.3767202109805802,0.9110164651012876
fold_d,20260806,strict,/home/tuv43532/PangenomeFM/server_workspace/results/ccre_sequence_fm_factorial_20260815/fold_d/seed_20260806/strict/test_predictions.csv.gz,ENCODE_cCRE_subtype_vs_background,CTCF-only,CA-CTCF,coordinate_plus_frozen_sequence_fm,26832,835,25997,0.031119558735837806,0.3589514976758238
fold_d,20260806,strict,/home/tuv43532/PangenomeFM/server_workspace/results/ccre_sequence_fm_factorial_20260815/fold_d/seed_20260806/strict/test_predictions.csv.gz,native_graph_complexity_tertile,low,low,coordinate_plus_frozen_sequence_fm,9031,5264,3767,0.5828811870224782,0.9629474871284598
fold_d,20260806,strict,/home/tuv43532/PangenomeFM/server_workspace/results/ccre_sequence_fm_factorial_20260815/fold_d/seed_20260806/strict/test_predictions.csv.gz,native_graph_complexity_tertile,medium,medium,coordinate_plus_frozen_sequence_fm,10307,5550,4757,0.5384690016493645,0.9611748634574618
fold_d,20260806,strict,/home/tuv43532/PangenomeFM/server_workspace/results/ccre_sequence_fm_factorial_20260815/fold_d/seed_20260806/strict/test_predictions.csv.gz,native_graph_complexity_tertile,high,high,coordinate_plus_frozen_sequence_fm,31507,14035,17472,0.44545656520773164,0.8662825149320397
fold_d,20260806,strict,/home/tuv43532/PangenomeFM/server_workspace/results/ccre_sequence_fm_factorial_20260815/fold_d/seed_20260806/strict/test_predictions.csv.gz,ENCODE_cCRE_subtype_vs_background,PLS,PLS,coordinate_plus_frozen_sequence_fm_plus_frozen_pangenomefm,26260,263,25997,0.010015232292460015,0.06604832416907072
fold_d,20260806,strict,/home/tuv43532/PangenomeFM/server_workspace/results/ccre_sequence_fm_factorial_20260815/fold_d/seed_20260806/strict/test_predictions.csv.gz,ENCODE_cCRE_subtype_vs_background,pELS,pELS,coordinate_plus_frozen_sequence_fm_plus_frozen_pangenomefm,28145,2148,25997,0.0763190620003553,0.6215850355791701
fold_d,20260806,strict,/home/tuv43532/PangenomeFM/server_workspace/results/ccre_sequence_fm_factorial_20260815/fold_d/seed_20260806/strict/test_predictions.csv.gz,ENCODE_cCRE_subtype_vs_background,dELS,dELS,coordinate_plus_frozen_sequence_fm_plus_frozen_pangenomefm,41710,15713,25997,0.3767202109805802,0.9163188859989967
fold_d,20260806,strict,/home/tuv43532/PangenomeFM/server_workspace/results/ccre_sequence_fm_factorial_20260815/fold_d/seed_20260806/strict/test_predictions.csv.gz,ENCODE_cCRE_subtype_vs_background,CTCF-only,CA-CTCF,coordinate_plus_frozen_sequence_fm_plus_frozen_pangenomefm,26832,835,25997,0.031119558735837806,0.3948379062671258
fold_d,20260806,strict,/home/tuv43532/PangenomeFM/server_workspace/results/ccre_sequence_fm_factorial_20260815/fold_d/seed_20260806/strict/test_predictions.csv.gz,native_graph_complexity_tertile,low,low,coordinate_plus_frozen_sequence_fm_plus_frozen_pangenomefm,9031,5264,3767,0.5828811870224782,0.9647756665088555
fold_d,20260806,strict,/home/tuv43532/PangenomeFM/server_workspace/results/ccre_sequence_fm_factorial_20260815/fold_d/seed_20260806/strict/test_predictions.csv.gz,native_graph_complexity_tertile,medium,medium,coordinate_plus_frozen_sequence_fm_plus_frozen_pangenomefm,10307,5550,4757,0.5384690016493645,0.9609698349473528
fold_d,20260806,strict,/home/tuv43532/PangenomeFM/server_workspace/results/ccre_sequence_fm_factorial_20260815/fold_d/seed_20260806/strict/test_predictions.csv.gz,native_graph_complexity_tertile,high,high,coordinate_plus_frozen_sequence_fm_plus_frozen_pangenomefm,31507,14035,17472,0.44545656520773164,0.871887630243595
fold_d,314159,1hop,/home/tuv43532/PangenomeFM/server_workspace/results/ccre_sequence_fm_factorial_20260815/fold_d/seed_314159/1hop/test_predictions.csv.gz,ENCODE_cCRE_subtype_vs_background,PLS,PLS,coordinate_plus_frozen_sequence_fm,26261,263,25998,0.010014850919614638,0.06087510487407186
fold_d,314159,1hop,/home/tuv43532/PangenomeFM/server_workspace/results/ccre_sequence_fm_factorial_20260815/fold_d/seed_314159/1hop/test_predictions.csv.gz,ENCODE_cCRE_subtype_vs_background,pELS,pELS,coordinate_plus_frozen_sequence_fm,28146,2148,25998,0.07631635045832445,0.6036557836081491
fold_d,314159,1hop,/home/tuv43532/PangenomeFM/server_workspace/results/ccre_sequence_fm_factorial_20260815/fold_d/seed_314159/1hop/test_predictions.csv.gz,ENCODE_cCRE_subtype_vs_background,dELS,dELS,coordinate_plus_frozen_sequence_fm,41711,15713,25998,0.37671117930521925,0.9110058853504861
fold_d,314159,1hop,/home/tuv43532/PangenomeFM/server_workspace/results/ccre_sequence_fm_factorial_20260815/fold_d/seed_314159/1hop/test_predictions.csv.gz,ENCODE_cCRE_subtype_vs_background,CTCF-only,CA-CTCF,coordinate_plus_frozen_sequence_fm,26833,835,25998,0.03111839898632281,0.3589198762394735
fold_d,314159,1hop,/home/tuv43532/PangenomeFM/server_workspace/results/ccre_sequence_fm_factorial_20260815/fold_d/seed_314159/1hop/test_predictions.csv.gz,native_graph_complexity_tertile,low,low,coordinate_plus_frozen_sequence_fm,9032,5264,3768,0.5828166519043402,0.9629172920283474
fold_d,314159,1hop,/home/tuv43532/PangenomeFM/server_workspace/results/ccre_sequence_fm_factorial_20260815/fold_d/seed_314159/1hop/test_predictions.csv.gz,native_graph_complexity_tertile,medium,medium,coordinate_plus_frozen_sequence_fm,10307,5550,4757,0.5384690016493645,0.9611748634574618
fold_d,314159,1hop,/home/tuv43532/PangenomeFM/server_workspace/results/ccre_sequence_fm_factorial_20260815/fold_d/seed_314159/1hop/test_predictions.csv.gz,native_graph_complexity_tertile,high,high,coordinate_plus_frozen_sequence_fm,31507,14035,17472,0.44545656520773164,0.8662825149320397
fold_d,314159,1hop,/home/tuv43532/PangenomeFM/server_workspace/results/ccre_sequence_fm_factorial_20260815/fold_d/seed_314159/1hop/test_predictions.csv.gz,ENCODE_cCRE_subtype_vs_background,PLS,PLS,coordinate_plus_frozen_sequence_fm_plus_frozen_pangenomefm,26261,263,25998,0.010014850919614638,0.07326819477268376
fold_d,314159,1hop,/home/tuv43532/PangenomeFM/server_workspace/results/ccre_sequence_fm_factorial_20260815/fold_d/seed_314159/1hop/test_predictions.csv.gz,ENCODE_cCRE_subtype_vs_background,pELS,pELS,coordinate_plus_frozen_sequence_fm_plus_frozen_pangenomefm,28146,2148,25998,0.07631635045832445,0.6476292564188416
fold_d,314159,1hop,/home/tuv43532/PangenomeFM/server_workspace/results/ccre_sequence_fm_factorial_20260815/fold_d/seed_314159/1hop/test_predictions.csv.gz,ENCODE_cCRE_subtype_vs_background,dELS,dELS,coordinate_plus_frozen_sequence_fm_plus_frozen_pangenomefm,41711,15713,25998,0.37671117930521925,0.9188360971986499
fold_d,314159,1hop,/home/tuv43532/PangenomeFM/server_workspace/results/ccre_sequence_fm_factorial_20260815/fold_d/seed_314159/1hop/test_predictions.csv.gz,ENCODE_cCRE_subtype_vs_background,CTCF-only,CA-CTCF,coordinate_plus_frozen_sequence_fm_plus_frozen_pangenomefm,26833,835,25998,0.03111839898632281,0.4286754527104952
fold_d,314159,1hop,/home/tuv43532/PangenomeFM/server_workspace/results/ccre_sequence_fm_factorial_20260815/fold_d/seed_314159/1hop/test_predictions.csv.gz,native_graph_complexity_tertile,low,low,coordinate_plus_frozen_sequence_fm_plus_frozen_pangenomefm,9032,5264,3768,0.5828166519043402,0.9659022744645153
fold_d,314159,1hop,/home/tuv43532/PangenomeFM/server_workspace/results/ccre_sequence_fm_factorial_20260815/fold_d/seed_314159/1hop/test_predictions.csv.gz,native_graph_complexity_tertile,medium,medium,coordinate_plus_frozen_sequence_fm_plus_frozen_pangenomefm,10307,5550,4757,0.5384690016493645,0.9622783146846893
fold_d,314159,1hop,/home/tuv43532/PangenomeFM/server_workspace/results/ccre_sequence_fm_factorial_20260815/fold_d/seed_314159/1hop/test_predictions.csv.gz,native_graph_complexity_tertile,high,high,coordinate_plus_frozen_sequence_fm_plus_frozen_pangenomefm,31507,14035,17472,0.44545656520773164,0.8767021927927133
fold_d,314159,strict,/home/tuv43532/PangenomeFM/server_workspace/results/ccre_sequence_fm_factorial_20260815/fold_d/seed_314159/strict/test_predictions.csv.gz,ENCODE_cCRE_subtype_vs_background,PLS,PLS,coordinate_plus_frozen_sequence_fm,26260,263,25997,0.010015232292460015,0.0608869808225992
fold_d,314159,strict,/home/tuv43532/PangenomeFM/server_workspace/results/ccre_sequence_fm_factorial_20260815/fold_d/seed_314159/strict/test_predictions.csv.gz,ENCODE_cCRE_subtype_vs_background,pELS,pELS,coordinate_plus_frozen_sequence_fm,28145,2148,25997,0.0763190620003553,0.603686213368452
fold_d,314159,strict,/home/tuv43532/PangenomeFM/server_workspace/results/ccre_sequence_fm_factorial_20260815/fold_d/seed_314159/strict/test_predictions.csv.gz,ENCODE_cCRE_subtype_vs_background,dELS,dELS,coordinate_plus_frozen_sequence_fm,41710,15713,25997,0.3767202109805802,0.9110164651012876
fold_d,314159,strict,/home/tuv43532/PangenomeFM/server_workspace/results/ccre_sequence_fm_factorial_20260815/fold_d/seed_314159/strict/test_predictions.csv.gz,ENCODE_cCRE_subtype_vs_background,CTCF-only,CA-CTCF,coordinate_plus_frozen_sequence_fm,26832,835,25997,0.031119558735837806,0.3589514976758238
fold_d,314159,strict,/home/tuv43532/PangenomeFM/server_workspace/results/ccre_sequence_fm_factorial_20260815/fold_d/seed_314159/strict/test_predictions.csv.gz,native_graph_complexity_tertile,low,low,coordinate_plus_frozen_sequence_fm,9031,5264,3767,0.5828811870224782,0.9629474871284598
fold_d,314159,strict,/home/tuv43532/PangenomeFM/server_workspace/results/ccre_sequence_fm_factorial_20260815/fold_d/seed_314159/strict/test_predictions.csv.gz,native_graph_complexity_tertile,medium,medium,coordinate_plus_frozen_sequence_fm,10307,5550,4757,0.5384690016493645,0.9611748634574618
fold_d,314159,strict,/home/tuv43532/PangenomeFM/server_workspace/results/ccre_sequence_fm_factorial_20260815/fold_d/seed_314159/strict/test_predictions.csv.gz,native_graph_complexity_tertile,high,high,coordinate_plus_frozen_sequence_fm,31507,14035,17472,0.44545656520773164,0.8662825149320397
fold_d,314159,strict,/home/tuv43532/PangenomeFM/server_workspace/results/ccre_sequence_fm_factorial_20260815/fold_d/seed_314159/strict/test_predictions.csv.gz,ENCODE_cCRE_subtype_vs_background,PLS,PLS,coordinate_plus_frozen_sequence_fm_plus_frozen_pangenomefm,26260,263,25997,0.010015232292460015,0.06923217482011382
fold_d,314159,strict,/home/tuv43532/PangenomeFM/server_workspace/results/ccre_sequence_fm_factorial_20260815/fold_d/seed_314159/strict/test_predictions.csv.gz,ENCODE_cCRE_subtype_vs_background,pELS,pELS,coordinate_plus_frozen_sequence_fm_plus_frozen_pangenomefm,28145,2148,25997,0.0763190620003553,0.6342250358041229
fold_d,314159,strict,/home/tuv43532/PangenomeFM/server_workspace/results/ccre_sequence_fm_factorial_20260815/fold_d/seed_314159/strict/test_predictions.csv.gz,ENCODE_cCRE_subtype_vs_background,dELS,dELS,coordinate_plus_frozen_sequence_fm_plus_frozen_pangenomefm,41710,15713,25997,0.3767202109805802,0.9191519105170223
fold_d,314159,strict,/home/tuv43532/PangenomeFM/server_workspace/results/ccre_sequence_fm_factorial_20260815/fold_d/seed_314159/strict/test_predictions.csv.gz,ENCODE_cCRE_subtype_vs_background,CTCF-only,CA-CTCF,coordinate_plus_frozen_sequence_fm_plus_frozen_pangenomefm,26832,835,25997,0.031119558735837806,0.4136217028298318
fold_d,314159,strict,/home/tuv43532/PangenomeFM/server_workspace/results/ccre_sequence_fm_factorial_20260815/fold_d/seed_314159/strict/test_predictions.csv.gz,native_graph_complexity_tertile,low,low,coordinate_plus_frozen_sequence_fm_plus_frozen_pangenomefm,9031,5264,3767,0.5828811870224782,0.9655696531315839
fold_d,314159,strict,/home/tuv43532/PangenomeFM/server_workspace/results/ccre_sequence_fm_factorial_20260815/fold_d/seed_314159/strict/test_predictions.csv.gz,native_graph_complexity_tertile,medium,medium,coordinate_plus_frozen_sequence_fm_plus_frozen_pangenomefm,10307,5550,4757,0.5384690016493645,0.961595651123401
fold_d,314159,strict,/home/tuv43532/PangenomeFM/server_workspace/results/ccre_sequence_fm_factorial_20260815/fold_d/seed_314159/strict/test_predictions.csv.gz,native_graph_complexity_tertile,high,high,coordinate_plus_frozen_sequence_fm_plus_frozen_pangenomefm,31507,14035,17472,0.44545656520773164,0.8762373752183552
fold_d,42,1hop,/home/tuv43532/PangenomeFM/server_workspace/results/ccre_sequence_fm_factorial_20260815/fold_d/seed_42/1hop/test_predictions.csv.gz,ENCODE_cCRE_subtype_vs_background,PLS,PLS,coordinate_plus_frozen_sequence_fm,26261,263,25998,0.010014850919614638,0.06087510487407186
fold_d,42,1hop,/home/tuv43532/PangenomeFM/server_workspace/results/ccre_sequence_fm_factorial_20260815/fold_d/seed_42/1hop/test_predictions.csv.gz,ENCODE_cCRE_subtype_vs_background,pELS,pELS,coordinate_plus_frozen_sequence_fm,28146,2148,25998,0.07631635045832445,0.6036557836081491
fold_d,42,1hop,/home/tuv43532/PangenomeFM/server_workspace/results/ccre_sequence_fm_factorial_20260815/fold_d/seed_42/1hop/test_predictions.csv.gz,ENCODE_cCRE_subtype_vs_background,dELS,dELS,coordinate_plus_frozen_sequence_fm,41711,15713,25998,0.37671117930521925,0.9110058853504861
fold_d,42,1hop,/home/tuv43532/PangenomeFM/server_workspace/results/ccre_sequence_fm_factorial_20260815/fold_d/seed_42/1hop/test_predictions.csv.gz,ENCODE_cCRE_subtype_vs_background,CTCF-only,CA-CTCF,coordinate_plus_frozen_sequence_fm,26833,835,25998,0.03111839898632281,0.3589198762394735
fold_d,42,1hop,/home/tuv43532/PangenomeFM/server_workspace/results/ccre_sequence_fm_factorial_20260815/fold_d/seed_42/1hop/test_predictions.csv.gz,native_graph_complexity_tertile,low,low,coordinate_plus_frozen_sequence_fm,9032,5264,3768,0.5828166519043402,0.9629172920283474
fold_d,42,1hop,/home/tuv43532/PangenomeFM/server_workspace/results/ccre_sequence_fm_factorial_20260815/fold_d/seed_42/1hop/test_predictions.csv.gz,native_graph_complexity_tertile,medium,medium,coordinate_plus_frozen_sequence_fm,10307,5550,4757,0.5384690016493645,0.9611748634574618
fold_d,42,1hop,/home/tuv43532/PangenomeFM/server_workspace/results/ccre_sequence_fm_factorial_20260815/fold_d/seed_42/1hop/test_predictions.csv.gz,native_graph_complexity_tertile,high,high,coordinate_plus_frozen_sequence_fm,31507,14035,17472,0.44545656520773164,0.8662825149320397
fold_d,42,1hop,/home/tuv43532/PangenomeFM/server_workspace/results/ccre_sequence_fm_factorial_20260815/fold_d/seed_42/1hop/test_predictions.csv.gz,ENCODE_cCRE_subtype_vs_background,PLS,PLS,coordinate_plus_frozen_sequence_fm_plus_frozen_pangenomefm,26261,263,25998,0.010014850919614638,0.07323666713768547
fold_d,42,1hop,/home/tuv43532/PangenomeFM/server_workspace/results/ccre_sequence_fm_factorial_20260815/fold_d/seed_42/1hop/test_predictions.csv.gz,ENCODE_cCRE_subtype_vs_background,pELS,pELS,coordinate_plus_frozen_sequence_fm_plus_frozen_pangenomefm,28146,2148,25998,0.07631635045832445,0.6480877688311414
fold_d,42,1hop,/home/tuv43532/PangenomeFM/server_workspace/results/ccre_sequence_fm_factorial_20260815/fold_d/seed_42/1hop/test_predictions.csv.gz,ENCODE_cCRE_subtype_vs_background,dELS,dELS,coordinate_plus_frozen_sequence_fm_plus_frozen_pangenomefm,41711,15713,25998,0.37671117930521925,0.9192394804322153
fold_d,42,1hop,/home/tuv43532/PangenomeFM/server_workspace/results/ccre_sequence_fm_factorial_20260815/fold_d/seed_42/1hop/test_predictions.csv.gz,ENCODE_cCRE_subtype_vs_background,CTCF-only,CA-CTCF,coordinate_plus_frozen_sequence_fm_plus_frozen_pangenomefm,26833,835,25998,0.03111839898632281,0.4349949919523588
fold_d,42,1hop,/home/tuv43532/PangenomeFM/server_workspace/results/ccre_sequence_fm_factorial_20260815/fold_d/seed_42/1hop/test_predictions.csv.gz,native_graph_complexity_tertile,low,low,coordinate_plus_frozen_sequence_fm_plus_frozen_pangenomefm,9032,5264,3768,0.5828166519043402,0.9641203937288496
fold_d,42,1hop,/home/tuv43532/PangenomeFM/server_workspace/results/ccre_sequence_fm_factorial_20260815/fold_d/seed_42/1hop/test_predictions.csv.gz,native_graph_complexity_tertile,medium,medium,coordinate_plus_frozen_sequence_fm_plus_frozen_pangenomefm,10307,5550,4757,0.5384690016493645,0.9620706857922919
fold_d,42,1hop,/home/tuv43532/PangenomeFM/server_workspace/results/ccre_sequence_fm_factorial_20260815/fold_d/seed_42/1hop/test_predictions.csv.gz,native_graph_complexity_tertile,high,high,coordinate_plus_frozen_sequence_fm_plus_frozen_pangenomefm,31507,14035,17472,0.44545656520773164,0.8772175437347058
fold_d,42,strict,/home/tuv43532/PangenomeFM/server_workspace/results/ccre_sequence_fm_factorial_20260815/fold_d/seed_42/strict/test_predictions.csv.gz,ENCODE_cCRE_subtype_vs_background,PLS,PLS,coordinate_plus_frozen_sequence_fm,26260,263,25997,0.010015232292460015,0.0608869808225992
fold_d,42,strict,/home/tuv43532/PangenomeFM/server_workspace/results/ccre_sequence_fm_factorial_20260815/fold_d/seed_42/strict/test_predictions.csv.gz,ENCODE_cCRE_subtype_vs_background,pELS,pELS,coordinate_plus_frozen_sequence_fm,28145,2148,25997,0.0763190620003553,0.603686213368452
fold_d,42,strict,/home/tuv43532/PangenomeFM/server_workspace/results/ccre_sequence_fm_factorial_20260815/fold_d/seed_42/strict/test_predictions.csv.gz,ENCODE_cCRE_subtype_vs_background,dELS,dELS,coordinate_plus_frozen_sequence_fm,41710,15713,25997,0.3767202109805802,0.9110164651012876
fold_d,42,strict,/home/tuv43532/PangenomeFM/server_workspace/results/ccre_sequence_fm_factorial_20260815/fold_d/seed_42/strict/test_predictions.csv.gz,ENCODE_cCRE_subtype_vs_background,CTCF-only,CA-CTCF,coordinate_plus_frozen_sequence_fm,26832,835,25997,0.031119558735837806,0.3589514976758238
fold_d,42,strict,/home/tuv43532/PangenomeFM/server_workspace/results/ccre_sequence_fm_factorial_20260815/fold_d/seed_42/strict/test_predictions.csv.gz,native_graph_complexity_tertile,low,low,coordinate_plus_frozen_sequence_fm,9031,5264,3767,0.5828811870224782,0.9629474871284598
fold_d,42,strict,/home/tuv43532/PangenomeFM/server_workspace/results/ccre_sequence_fm_factorial_20260815/fold_d/seed_42/strict/test_predictions.csv.gz,native_graph_complexity_tertile,medium,medium,coordinate_plus_frozen_sequence_fm,10307,5550,4757,0.5384690016493645,0.9611748634574618
fold_d,42,strict,/home/tuv43532/PangenomeFM/server_workspace/results/ccre_sequence_fm_factorial_20260815/fold_d/seed_42/strict/test_predictions.csv.gz,native_graph_complexity_tertile,high,high,coordinate_plus_frozen_sequence_fm,31507,14035,17472,0.44545656520773164,0.8662825149320397
fold_d,42,strict,/home/tuv43532/PangenomeFM/server_workspace/results/ccre_sequence_fm_factorial_20260815/fold_d/seed_42/strict/test_predictions.csv.gz,ENCODE_cCRE_subtype_vs_background,PLS,PLS,coordinate_plus_frozen_sequence_fm_plus_frozen_pangenomefm,26260,263,25997,0.010015232292460015,0.06726512947441694
fold_d,42,strict,/home/tuv43532/PangenomeFM/server_workspace/results/ccre_sequence_fm_factorial_20260815/fold_d/seed_42/strict/test_predictions.csv.gz,ENCODE_cCRE_subtype_vs_background,pELS,pELS,coordinate_plus_frozen_sequence_fm_plus_frozen_pangenomefm,28145,2148,25997,0.0763190620003553,0.6318418119251714
fold_d,42,strict,/home/tuv43532/PangenomeFM/server_workspace/results/ccre_sequence_fm_factorial_20260815/fold_d/seed_42/strict/test_predictions.csv.gz,ENCODE_cCRE_subtype_vs_background,dELS,dELS,coordinate_plus_frozen_sequence_fm_plus_frozen_pangenomefm,41710,15713,25997,0.3767202109805802,0.918031156744145
fold_d,42,strict,/home/tuv43532/PangenomeFM/server_workspace/results/ccre_sequence_fm_factorial_20260815/fold_d/seed_42/strict/test_predictions.csv.gz,ENCODE_cCRE_subtype_vs_background,CTCF-only,CA-CTCF,coordinate_plus_frozen_sequence_fm_plus_frozen_pangenomefm,26832,835,25997,0.031119558735837806,0.4080735947233187
fold_d,42,strict,/home/tuv43532/PangenomeFM/server_workspace/results/ccre_sequence_fm_factorial_20260815/fold_d/seed_42/strict/test_predictions.csv.gz,native_graph_complexity_tertile,low,low,coordinate_plus_frozen_sequence_fm_plus_frozen_pangenomefm,9031,5264,3767,0.5828811870224782,0.9654686750906017
fold_d,42,strict,/home/tuv43532/PangenomeFM/server_workspace/results/ccre_sequence_fm_factorial_20260815/fold_d/seed_42/strict/test_predictions.csv.gz,native_graph_complexity_tertile,medium,medium,coordinate_plus_frozen_sequence_fm_plus_frozen_pangenomefm,10307,5550,4757,0.5384690016493645,0.9614589707117761
fold_d,42,strict,/home/tuv43532/PangenomeFM/server_workspace/results/ccre_sequence_fm_factorial_20260815/fold_d/seed_42/strict/test_predictions.csv.gz,native_graph_complexity_tertile,high,high,coordinate_plus_frozen_sequence_fm_plus_frozen_pangenomefm,31507,14035,17472,0.44545656520773164,0.8746597998688567
fold_e,20260806,1hop,/home/tuv43532/PangenomeFM/server_workspace/results/ccre_sequence_fm_factorial_20260815/fold_e/seed_20260806/1hop/test_predictions.csv.gz,ENCODE_cCRE_subtype_vs_background,PLS,PLS,coordinate_plus_frozen_sequence_fm,28142,193,27949,0.006858076895743017,0.04382955363230144
fold_e,20260806,1hop,/home/tuv43532/PangenomeFM/server_workspace/results/ccre_sequence_fm_factorial_20260815/fold_e/seed_20260806/1hop/test_predictions.csv.gz,ENCODE_cCRE_subtype_vs_background,pELS,pELS,coordinate_plus_frozen_sequence_fm,29304,1355,27949,0.04623942123942124,0.6158309294334695
fold_e,20260806,1hop,/home/tuv43532/PangenomeFM/server_workspace/results/ccre_sequence_fm_factorial_20260815/fold_e/seed_20260806/1hop/test_predictions.csv.gz,ENCODE_cCRE_subtype_vs_background,dELS,dELS,coordinate_plus_frozen_sequence_fm,43433,15484,27949,0.3565031197476573,0.9202405249756062
fold_e,20260806,1hop,/home/tuv43532/PangenomeFM/server_workspace/results/ccre_sequence_fm_factorial_20260815/fold_e/seed_20260806/1hop/test_predictions.csv.gz,ENCODE_cCRE_subtype_vs_background,CTCF-only,CA-CTCF,coordinate_plus_frozen_sequence_fm,28759,810,27949,0.02816509614381585,0.43459153565516706
fold_e,20260806,1hop,/home/tuv43532/PangenomeFM/server_workspace/results/ccre_sequence_fm_factorial_20260815/fold_e/seed_20260806/1hop/test_predictions.csv.gz,native_graph_complexity_tertile,low,low,coordinate_plus_frozen_sequence_fm,5719,3521,2198,0.6156670746634026,0.9708839131429716
fold_e,20260806,1hop,/home/tuv43532/PangenomeFM/server_workspace/results/ccre_sequence_fm_factorial_20260815/fold_e/seed_20260806/1hop/test_predictions.csv.gz,native_graph_complexity_tertile,medium,medium,coordinate_plus_frozen_sequence_fm,13838,7850,5988,0.5672785084549791,0.958460833156874
fold_e,20260806,1hop,/home/tuv43532/PangenomeFM/server_workspace/results/ccre_sequence_fm_factorial_20260815/fold_e/seed_20260806/1hop/test_predictions.csv.gz,native_graph_complexity_tertile,high,high,coordinate_plus_frozen_sequence_fm,31298,11535,19763,0.3685539012077449,0.863819723697764
fold_e,20260806,1hop,/home/tuv43532/PangenomeFM/server_workspace/results/ccre_sequence_fm_factorial_20260815/fold_e/seed_20260806/1hop/test_predictions.csv.gz,ENCODE_cCRE_subtype_vs_background,PLS,PLS,coordinate_plus_frozen_sequence_fm_plus_frozen_pangenomefm,28142,193,27949,0.006858076895743017,0.05188644262337619
fold_e,20260806,1hop,/home/tuv43532/PangenomeFM/server_workspace/results/ccre_sequence_fm_factorial_20260815/fold_e/seed_20260806/1hop/test_predictions.csv.gz,ENCODE_cCRE_subtype_vs_background,pELS,pELS,coordinate_plus_frozen_sequence_fm_plus_frozen_pangenomefm,29304,1355,27949,0.04623942123942124,0.6468286126857904
fold_e,20260806,1hop,/home/tuv43532/PangenomeFM/server_workspace/results/ccre_sequence_fm_factorial_20260815/fold_e/seed_20260806/1hop/test_predictions.csv.gz,ENCODE_cCRE_subtype_vs_background,dELS,dELS,coordinate_plus_frozen_sequence_fm_plus_frozen_pangenomefm,43433,15484,27949,0.3565031197476573,0.9257969292912105
fold_e,20260806,1hop,/home/tuv43532/PangenomeFM/server_workspace/results/ccre_sequence_fm_factorial_20260815/fold_e/seed_20260806/1hop/test_predictions.csv.gz,ENCODE_cCRE_subtype_vs_background,CTCF-only,CA-CTCF,coordinate_plus_frozen_sequence_fm_plus_frozen_pangenomefm,28759,810,27949,0.02816509614381585,0.4791909937828409
fold_e,20260806,1hop,/home/tuv43532/PangenomeFM/server_workspace/results/ccre_sequence_fm_factorial_20260815/fold_e/seed_20260806/1hop/test_predictions.csv.gz,native_graph_complexity_tertile,low,low,coordinate_plus_frozen_sequence_fm_plus_frozen_pangenomefm,5719,3521,2198,0.6156670746634026,0.9741442190564725
fold_e,20260806,1hop,/home/tuv43532/PangenomeFM/server_workspace/results/ccre_sequence_fm_factorial_20260815/fold_e/seed_20260806/1hop/test_predictions.csv.gz,native_graph_complexity_tertile,medium,medium,coordinate_plus_frozen_sequence_fm_plus_frozen_pangenomefm,13838,7850,5988,0.5672785084549791,0.9603870896403706
fold_e,20260806,1hop,/home/tuv43532/PangenomeFM/server_workspace/results/ccre_sequence_fm_factorial_20260815/fold_e/seed_20260806/1hop/test_predictions.csv.gz,native_graph_complexity_tertile,high,high,coordinate_plus_frozen_sequence_fm_plus_frozen_pangenomefm,31298,11535,19763,0.3685539012077449,0.8707378996604006
fold_e,20260806,strict,/home/tuv43532/PangenomeFM/server_workspace/results/ccre_sequence_fm_factorial_20260815/fold_e/seed_20260806/strict/test_predictions.csv.gz,ENCODE_cCRE_subtype_vs_background,PLS,PLS,coordinate_plus_frozen_sequence_fm,28142,193,27949,0.006858076895743017,0.043833171808796936
fold_e,20260806,strict,/home/tuv43532/PangenomeFM/server_workspace/results/ccre_sequence_fm_factorial_20260815/fold_e/seed_20260806/strict/test_predictions.csv.gz,ENCODE_cCRE_subtype_vs_background,pELS,pELS,coordinate_plus_frozen_sequence_fm,29304,1355,27949,0.04623942123942124,0.615693601945071
fold_e,20260806,strict,/home/tuv43532/PangenomeFM/server_workspace/results/ccre_sequence_fm_factorial_20260815/fold_e/seed_20260806/strict/test_predictions.csv.gz,ENCODE_cCRE_subtype_vs_background,dELS,dELS,coordinate_plus_frozen_sequence_fm,43433,15484,27949,0.3565031197476573,0.920227639613968
fold_e,20260806,strict,/home/tuv43532/PangenomeFM/server_workspace/results/ccre_sequence_fm_factorial_20260815/fold_e/seed_20260806/strict/test_predictions.csv.gz,ENCODE_cCRE_subtype_vs_background,CTCF-only,CA-CTCF,coordinate_plus_frozen_sequence_fm,28759,810,27949,0.02816509614381585,0.4345038222375893
fold_e,20260806,strict,/home/tuv43532/PangenomeFM/server_workspace/results/ccre_sequence_fm_factorial_20260815/fold_e/seed_20260806/strict/test_predictions.csv.gz,native_graph_complexity_tertile,low,low,coordinate_plus_frozen_sequence_fm,5719,3521,2198,0.6156670746634026,0.9708818553318465
fold_e,20260806,strict,/home/tuv43532/PangenomeFM/server_workspace/results/ccre_sequence_fm_factorial_20260815/fold_e/seed_20260806/strict/test_predictions.csv.gz,native_graph_complexity_tertile,medium,medium,coordinate_plus_frozen_sequence_fm,13838,7850,5988,0.5672785084549791,0.958453528579835
fold_e,20260806,strict,/home/tuv43532/PangenomeFM/server_workspace/results/ccre_sequence_fm_factorial_20260815/fold_e/seed_20260806/strict/test_predictions.csv.gz,native_graph_complexity_tertile,high,high,coordinate_plus_frozen_sequence_fm,31298,11535,19763,0.3685539012077449,0.8638144964721233
fold_e,20260806,strict,/home/tuv43532/PangenomeFM/server_workspace/results/ccre_sequence_fm_factorial_20260815/fold_e/seed_20260806/strict/test_predictions.csv.gz,ENCODE_cCRE_subtype_vs_background,PLS,PLS,coordinate_plus_frozen_sequence_fm_plus_frozen_pangenomefm,28142,193,27949,0.006858076895743017,0.049625864490603265
fold_e,20260806,strict,/home/tuv43532/PangenomeFM/server_workspace/results/ccre_sequence_fm_factorial_20260815/fold_e/seed_20260806/strict/test_predictions.csv.gz,ENCODE_cCRE_subtype_vs_background,pELS,pELS,coordinate_plus_frozen_sequence_fm_plus_frozen_pangenomefm,29304,1355,27949,0.04623942123942124,0.6392637257373711
fold_e,20260806,strict,/home/tuv43532/PangenomeFM/server_workspace/results/ccre_sequence_fm_factorial_20260815/fold_e/seed_20260806/strict/test_predictions.csv.gz,ENCODE_cCRE_subtype_vs_background,dELS,dELS,coordinate_plus_frozen_sequence_fm_plus_frozen_pangenomefm,43433,15484,27949,0.3565031197476573,0.9262898155969144
fold_e,20260806,strict,/home/tuv43532/PangenomeFM/server_workspace/results/ccre_sequence_fm_factorial_20260815/fold_e/seed_20260806/strict/test_predictions.csv.gz,ENCODE_cCRE_subtype_vs_background,CTCF-only,CA-CTCF,coordinate_plus_frozen_sequence_fm_plus_frozen_pangenomefm,28759,810,27949,0.02816509614381585,0.46954727588290956
fold_e,20260806,strict,/home/tuv43532/PangenomeFM/server_workspace/results/ccre_sequence_fm_factorial_20260815/fold_e/seed_20260806/strict/test_predictions.csv.gz,native_graph_complexity_tertile,low,low,coordinate_plus_frozen_sequence_fm_plus_frozen_pangenomefm,5719,3521,2198,0.6156670746634026,0.973119381238676
fold_e,20260806,strict,/home/tuv43532/PangenomeFM/server_workspace/results/ccre_sequence_fm_factorial_20260815/fold_e/seed_20260806/strict/test_predictions.csv.gz,native_graph_complexity_tertile,medium,medium,coordinate_plus_frozen_sequence_fm_plus_frozen_pangenomefm,13838,7850,5988,0.5672785084549791,0.9598885145306979
fold_e,20260806,strict,/home/tuv43532/PangenomeFM/server_workspace/results/ccre_sequence_fm_factorial_20260815/fold_e/seed_20260806/strict/test_predictions.csv.gz,native_graph_complexity_tertile,high,high,coordinate_plus_frozen_sequence_fm_plus_frozen_pangenomefm,31298,11535,19763,0.3685539012077449,0.8725134673337919
fold_e,314159,1hop,/home/tuv43532/PangenomeFM/server_workspace/results/ccre_sequence_fm_factorial_20260815/fold_e/seed_314159/1hop/test_predictions.csv.gz,ENCODE_cCRE_subtype_vs_background,PLS,PLS,coordinate_plus_frozen_sequence_fm,28142,193,27949,0.006858076895743017,0.04382955363230144
fold_e,314159,1hop,/home/tuv43532/PangenomeFM/server_workspace/results/ccre_sequence_fm_factorial_20260815/fold_e/seed_314159/1hop/test_predictions.csv.gz,ENCODE_cCRE_subtype_vs_background,pELS,pELS,coordinate_plus_frozen_sequence_fm,29304,1355,27949,0.04623942123942124,0.6158309294334695
fold_e,314159,1hop,/home/tuv43532/PangenomeFM/server_workspace/results/ccre_sequence_fm_factorial_20260815/fold_e/seed_314159/1hop/test_predictions.csv.gz,ENCODE_cCRE_subtype_vs_background,dELS,dELS,coordinate_plus_frozen_sequence_fm,43433,15484,27949,0.3565031197476573,0.9202405249756062
fold_e,314159,1hop,/home/tuv43532/PangenomeFM/server_workspace/results/ccre_sequence_fm_factorial_20260815/fold_e/seed_314159/1hop/test_predictions.csv.gz,ENCODE_cCRE_subtype_vs_background,CTCF-only,CA-CTCF,coordinate_plus_frozen_sequence_fm,28759,810,27949,0.02816509614381585,0.43459153565516706
fold_e,314159,1hop,/home/tuv43532/PangenomeFM/server_workspace/results/ccre_sequence_fm_factorial_20260815/fold_e/seed_314159/1hop/test_predictions.csv.gz,native_graph_complexity_tertile,low,low,coordinate_plus_frozen_sequence_fm,5719,3521,2198,0.6156670746634026,0.9708839131429716
fold_e,314159,1hop,/home/tuv43532/PangenomeFM/server_workspace/results/ccre_sequence_fm_factorial_20260815/fold_e/seed_314159/1hop/test_predictions.csv.gz,native_graph_complexity_tertile,medium,medium,coordinate_plus_frozen_sequence_fm,13838,7850,5988,0.5672785084549791,0.958460833156874
fold_e,314159,1hop,/home/tuv43532/PangenomeFM/server_workspace/results/ccre_sequence_fm_factorial_20260815/fold_e/seed_314159/1hop/test_predictions.csv.gz,native_graph_complexity_tertile,high,high,coordinate_plus_frozen_sequence_fm,31298,11535,19763,0.3685539012077449,0.863819723697764
fold_e,314159,1hop,/home/tuv43532/PangenomeFM/server_workspace/results/ccre_sequence_fm_factorial_20260815/fold_e/seed_314159/1hop/test_predictions.csv.gz,ENCODE_cCRE_subtype_vs_background,PLS,PLS,coordinate_plus_frozen_sequence_fm_plus_frozen_pangenomefm,28142,193,27949,0.006858076895743017,0.04587365654376154
fold_e,314159,1hop,/home/tuv43532/PangenomeFM/server_workspace/results/ccre_sequence_fm_factorial_20260815/fold_e/seed_314159/1hop/test_predictions.csv.gz,ENCODE_cCRE_subtype_vs_background,pELS,pELS,coordinate_plus_frozen_sequence_fm_plus_frozen_pangenomefm,29304,1355,27949,0.04623942123942124,0.6454585100323634
fold_e,314159,1hop,/home/tuv43532/PangenomeFM/server_workspace/results/ccre_sequence_fm_factorial_20260815/fold_e/seed_314159/1hop/test_predictions.csv.gz,ENCODE_cCRE_subtype_vs_background,dELS,dELS,coordinate_plus_frozen_sequence_fm_plus_frozen_pangenomefm,43433,15484,27949,0.3565031197476573,0.9256662234290125
fold_e,314159,1hop,/home/tuv43532/PangenomeFM/server_workspace/results/ccre_sequence_fm_factorial_20260815/fold_e/seed_314159/1hop/test_predictions.csv.gz,ENCODE_cCRE_subtype_vs_background,CTCF-only,CA-CTCF,coordinate_plus_frozen_sequence_fm_plus_frozen_pangenomefm,28759,810,27949,0.02816509614381585,0.4897466147241784
fold_e,314159,1hop,/home/tuv43532/PangenomeFM/server_workspace/results/ccre_sequence_fm_factorial_20260815/fold_e/seed_314159/1hop/test_predictions.csv.gz,native_graph_complexity_tertile,low,low,coordinate_plus_frozen_sequence_fm_plus_frozen_pangenomefm,5719,3521,2198,0.6156670746634026,0.9749366038868508
fold_e,314159,1hop,/home/tuv43532/PangenomeFM/server_workspace/results/ccre_sequence_fm_factorial_20260815/fold_e/seed_314159/1hop/test_predictions.csv.gz,native_graph_complexity_tertile,medium,medium,coordinate_plus_frozen_sequence_fm_plus_frozen_pangenomefm,13838,7850,5988,0.5672785084549791,0.9603654292182395
fold_e,314159,1hop,/home/tuv43532/PangenomeFM/server_workspace/results/ccre_sequence_fm_factorial_20260815/fold_e/seed_314159/1hop/test_predictions.csv.gz,native_graph_complexity_tertile,high,high,coordinate_plus_frozen_sequence_fm_plus_frozen_pangenomefm,31298,11535,19763,0.3685539012077449,0.8699371927494515
fold_e,314159,strict,/home/tuv43532/PangenomeFM/server_workspace/results/ccre_sequence_fm_factorial_20260815/fold_e/seed_314159/strict/test_predictions.csv.gz,ENCODE_cCRE_subtype_vs_background,PLS,PLS,coordinate_plus_frozen_sequence_fm,28142,193,27949,0.006858076895743017,0.043833171808796936
fold_e,314159,strict,/home/tuv43532/PangenomeFM/server_workspace/results/ccre_sequence_fm_factorial_20260815/fold_e/seed_314159/strict/test_predictions.csv.gz,ENCODE_cCRE_subtype_vs_background,pELS,pELS,coordinate_plus_frozen_sequence_fm,29304,1355,27949,0.04623942123942124,0.615693601945071
fold_e,314159,strict,/home/tuv43532/PangenomeFM/server_workspace/results/ccre_sequence_fm_factorial_20260815/fold_e/seed_314159/strict/test_predictions.csv.gz,ENCODE_cCRE_subtype_vs_background,dELS,dELS,coordinate_plus_frozen_sequence_fm,43433,15484,27949,0.3565031197476573,0.920227639613968
fold_e,314159,strict,/home/tuv43532/PangenomeFM/server_workspace/results/ccre_sequence_fm_factorial_20260815/fold_e/seed_314159/strict/test_predictions.csv.gz,ENCODE_cCRE_subtype_vs_background,CTCF-only,CA-CTCF,coordinate_plus_frozen_sequence_fm,28759,810,27949,0.02816509614381585,0.4345038222375893
fold_e,314159,strict,/home/tuv43532/PangenomeFM/server_workspace/results/ccre_sequence_fm_factorial_20260815/fold_e/seed_314159/strict/test_predictions.csv.gz,native_graph_complexity_tertile,low,low,coordinate_plus_frozen_sequence_fm,5719,3521,2198,0.6156670746634026,0.9708818553318465
fold_e,314159,strict,/home/tuv43532/PangenomeFM/server_workspace/results/ccre_sequence_fm_factorial_20260815/fold_e/seed_314159/strict/test_predictions.csv.gz,native_graph_complexity_tertile,medium,medium,coordinate_plus_frozen_sequence_fm,13838,7850,5988,0.5672785084549791,0.958453528579835
fold_e,314159,strict,/home/tuv43532/PangenomeFM/server_workspace/results/ccre_sequence_fm_factorial_20260815/fold_e/seed_314159/strict/test_predictions.csv.gz,native_graph_complexity_tertile,high,high,coordinate_plus_frozen_sequence_fm,31298,11535,19763,0.3685539012077449,0.8638144964721233
fold_e,314159,strict,/home/tuv43532/PangenomeFM/server_workspace/results/ccre_sequence_fm_factorial_20260815/fold_e/seed_314159/strict/test_predictions.csv.gz,ENCODE_cCRE_subtype_vs_background,PLS,PLS,coordinate_plus_frozen_sequence_fm_plus_frozen_pangenomefm,28142,193,27949,0.006858076895743017,0.05043124453922628
fold_e,314159,strict,/home/tuv43532/PangenomeFM/server_workspace/results/ccre_sequence_fm_factorial_20260815/fold_e/seed_314159/strict/test_predictions.csv.gz,ENCODE_cCRE_subtype_vs_background,pELS,pELS,coordinate_plus_frozen_sequence_fm_plus_frozen_pangenomefm,29304,1355,27949,0.04623942123942124,0.6377648246624992
fold_e,314159,strict,/home/tuv43532/PangenomeFM/server_workspace/results/ccre_sequence_fm_factorial_20260815/fold_e/seed_314159/strict/test_predictions.csv.gz,ENCODE_cCRE_subtype_vs_background,dELS,dELS,coordinate_plus_frozen_sequence_fm_plus_frozen_pangenomefm,43433,15484,27949,0.3565031197476573,0.926287322528095
fold_e,314159,strict,/home/tuv43532/PangenomeFM/server_workspace/results/ccre_sequence_fm_factorial_20260815/fold_e/seed_314159/strict/test_predictions.csv.gz,ENCODE_cCRE_subtype_vs_background,CTCF-only,CA-CTCF,coordinate_plus_frozen_sequence_fm_plus_frozen_pangenomefm,28759,810,27949,0.02816509614381585,0.4703517977364082
fold_e,314159,strict,/home/tuv43532/PangenomeFM/server_workspace/results/ccre_sequence_fm_factorial_20260815/fold_e/seed_314159/strict/test_predictions.csv.gz,native_graph_complexity_tertile,low,low,coordinate_plus_frozen_sequence_fm_plus_frozen_pangenomefm,5719,3521,2198,0.6156670746634026,0.9733446350561856
fold_e,314159,strict,/home/tuv43532/PangenomeFM/server_workspace/results/ccre_sequence_fm_factorial_20260815/fold_e/seed_314159/strict/test_predictions.csv.gz,native_graph_complexity_tertile,medium,medium,coordinate_plus_frozen_sequence_fm_plus_frozen_pangenomefm,13838,7850,5988,0.5672785084549791,0.9599593088332613
fold_e,314159,strict,/home/tuv43532/PangenomeFM/server_workspace/results/ccre_sequence_fm_factorial_20260815/fold_e/seed_314159/strict/test_predictions.csv.gz,native_graph_complexity_tertile,high,high,coordinate_plus_frozen_sequence_fm_plus_frozen_pangenomefm,31298,11535,19763,0.3685539012077449,0.8728662168619119
fold_e,42,1hop,/home/tuv43532/PangenomeFM/server_workspace/results/ccre_sequence_fm_factorial_20260815/fold_e/seed_42/1hop/test_predictions.csv.gz,ENCODE_cCRE_subtype_vs_background,PLS,PLS,coordinate_plus_frozen_sequence_fm,28142,193,27949,0.006858076895743017,0.04382955363230144
fold_e,42,1hop,/home/tuv43532/PangenomeFM/server_workspace/results/ccre_sequence_fm_factorial_20260815/fold_e/seed_42/1hop/test_predictions.csv.gz,ENCODE_cCRE_subtype_vs_background,pELS,pELS,coordinate_plus_frozen_sequence_fm,29304,1355,27949,0.04623942123942124,0.6158309294334695
fold_e,42,1hop,/home/tuv43532/PangenomeFM/server_workspace/results/ccre_sequence_fm_factorial_20260815/fold_e/seed_42/1hop/test_predictions.csv.gz,ENCODE_cCRE_subtype_vs_background,dELS,dELS,coordinate_plus_frozen_sequence_fm,43433,15484,27949,0.3565031197476573,0.9202405249756062
fold_e,42,1hop,/home/tuv43532/PangenomeFM/server_workspace/results/ccre_sequence_fm_factorial_20260815/fold_e/seed_42/1hop/test_predictions.csv.gz,ENCODE_cCRE_subtype_vs_background,CTCF-only,CA-CTCF,coordinate_plus_frozen_sequence_fm,28759,810,27949,0.02816509614381585,0.43459153565516706
fold_e,42,1hop,/home/tuv43532/PangenomeFM/server_workspace/results/ccre_sequence_fm_factorial_20260815/fold_e/seed_42/1hop/test_predictions.csv.gz,native_graph_complexity_tertile,low,low,coordinate_plus_frozen_sequence_fm,5719,3521,2198,0.6156670746634026,0.9708839131429716
fold_e,42,1hop,/home/tuv43532/PangenomeFM/server_workspace/results/ccre_sequence_fm_factorial_20260815/fold_e/seed_42/1hop/test_predictions.csv.gz,native_graph_complexity_tertile,medium,medium,coordinate_plus_frozen_sequence_fm,13838,7850,5988,0.5672785084549791,0.958460833156874
fold_e,42,1hop,/home/tuv43532/PangenomeFM/server_workspace/results/ccre_sequence_fm_factorial_20260815/fold_e/seed_42/1hop/test_predictions.csv.gz,native_graph_complexity_tertile,high,high,coordinate_plus_frozen_sequence_fm,31298,11535,19763,0.3685539012077449,0.863819723697764
fold_e,42,1hop,/home/tuv43532/PangenomeFM/server_workspace/results/ccre_sequence_fm_factorial_20260815/fold_e/seed_42/1hop/test_predictions.csv.gz,ENCODE_cCRE_subtype_vs_background,PLS,PLS,coordinate_plus_frozen_sequence_fm_plus_frozen_pangenomefm,28142,193,27949,0.006858076895743017,0.04364848337723196
fold_e,42,1hop,/home/tuv43532/PangenomeFM/server_workspace/results/ccre_sequence_fm_factorial_20260815/fold_e/seed_42/1hop/test_predictions.csv.gz,ENCODE_cCRE_subtype_vs_background,pELS,pELS,coordinate_plus_frozen_sequence_fm_plus_frozen_pangenomefm,29304,1355,27949,0.04623942123942124,0.6379129773309798
fold_e,42,1hop,/home/tuv43532/PangenomeFM/server_workspace/results/ccre_sequence_fm_factorial_20260815/fold_e/seed_42/1hop/test_predictions.csv.gz,ENCODE_cCRE_subtype_vs_background,dELS,dELS,coordinate_plus_frozen_sequence_fm_plus_frozen_pangenomefm,43433,15484,27949,0.3565031197476573,0.9243895491390103
fold_e,42,1hop,/home/tuv43532/PangenomeFM/server_workspace/results/ccre_sequence_fm_factorial_20260815/fold_e/seed_42/1hop/test_predictions.csv.gz,ENCODE_cCRE_subtype_vs_background,CTCF-only,CA-CTCF,coordinate_plus_frozen_sequence_fm_plus_frozen_pangenomefm,28759,810,27949,0.02816509614381585,0.4624719869348042
fold_e,42,1hop,/home/tuv43532/PangenomeFM/server_workspace/results/ccre_sequence_fm_factorial_20260815/fold_e/seed_42/1hop/test_predictions.csv.gz,native_graph_complexity_tertile,low,low,coordinate_plus_frozen_sequence_fm_plus_frozen_pangenomefm,5719,3521,2198,0.6156670746634026,0.9740189742202126
fold_e,42,1hop,/home/tuv43532/PangenomeFM/server_workspace/results/ccre_sequence_fm_factorial_20260815/fold_e/seed_42/1hop/test_predictions.csv.gz,native_graph_complexity_tertile,medium,medium,coordinate_plus_frozen_sequence_fm_plus_frozen_pangenomefm,13838,7850,5988,0.5672785084549791,0.959628096034844
fold_e,42,1hop,/home/tuv43532/PangenomeFM/server_workspace/results/ccre_sequence_fm_factorial_20260815/fold_e/seed_42/1hop/test_predictions.csv.gz,native_graph_complexity_tertile,high,high,coordinate_plus_frozen_sequence_fm_plus_frozen_pangenomefm,31298,11535,19763,0.3685539012077449,0.8691619071225172
fold_e,42,strict,/home/tuv43532/PangenomeFM/server_workspace/results/ccre_sequence_fm_factorial_20260815/fold_e/seed_42/strict/test_predictions.csv.gz,ENCODE_cCRE_subtype_vs_background,PLS,PLS,coordinate_plus_frozen_sequence_fm,28142,193,27949,0.006858076895743017,0.043833171808796936
fold_e,42,strict,/home/tuv43532/PangenomeFM/server_workspace/results/ccre_sequence_fm_factorial_20260815/fold_e/seed_42/strict/test_predictions.csv.gz,ENCODE_cCRE_subtype_vs_background,pELS,pELS,coordinate_plus_frozen_sequence_fm,29304,1355,27949,0.04623942123942124,0.615693601945071
fold_e,42,strict,/home/tuv43532/PangenomeFM/server_workspace/results/ccre_sequence_fm_factorial_20260815/fold_e/seed_42/strict/test_predictions.csv.gz,ENCODE_cCRE_subtype_vs_background,dELS,dELS,coordinate_plus_frozen_sequence_fm,43433,15484,27949,0.3565031197476573,0.920227639613968
fold_e,42,strict,/home/tuv43532/PangenomeFM/server_workspace/results/ccre_sequence_fm_factorial_20260815/fold_e/seed_42/strict/test_predictions.csv.gz,ENCODE_cCRE_subtype_vs_background,CTCF-only,CA-CTCF,coordinate_plus_frozen_sequence_fm,28759,810,27949,0.02816509614381585,0.4345038222375893
fold_e,42,strict,/home/tuv43532/PangenomeFM/server_workspace/results/ccre_sequence_fm_factorial_20260815/fold_e/seed_42/strict/test_predictions.csv.gz,native_graph_complexity_tertile,low,low,coordinate_plus_frozen_sequence_fm,5719,3521,2198,0.6156670746634026,0.9708818553318465
fold_e,42,strict,/home/tuv43532/PangenomeFM/server_workspace/results/ccre_sequence_fm_factorial_20260815/fold_e/seed_42/strict/test_predictions.csv.gz,native_graph_complexity_tertile,medium,medium,coordinate_plus_frozen_sequence_fm,13838,7850,5988,0.5672785084549791,0.958453528579835
fold_e,42,strict,/home/tuv43532/PangenomeFM/server_workspace/results/ccre_sequence_fm_factorial_20260815/fold_e/seed_42/strict/test_predictions.csv.gz,native_graph_complexity_tertile,high,high,coordinate_plus_frozen_sequence_fm,31298,11535,19763,0.3685539012077449,0.8638144964721233
fold_e,42,strict,/home/tuv43532/PangenomeFM/server_workspace/results/ccre_sequence_fm_factorial_20260815/fold_e/seed_42/strict/test_predictions.csv.gz,ENCODE_cCRE_subtype_vs_background,PLS,PLS,coordinate_plus_frozen_sequence_fm_plus_frozen_pangenomefm,28142,193,27949,0.006858076895743017,0.0494596121527448
fold_e,42,strict,/home/tuv43532/PangenomeFM/server_workspace/results/ccre_sequence_fm_factorial_20260815/fold_e/seed_42/strict/test_predictions.csv.gz,ENCODE_cCRE_subtype_vs_background,pELS,pELS,coordinate_plus_frozen_sequence_fm_plus_frozen_pangenomefm,29304,1355,27949,0.04623942123942124,0.6428451986417066
fold_e,42,strict,/home/tuv43532/PangenomeFM/server_workspace/results/ccre_sequence_fm_factorial_20260815/fold_e/seed_42/strict/test_predictions.csv.gz,ENCODE_cCRE_subtype_vs_background,dELS,dELS,coordinate_plus_frozen_sequence_fm_plus_frozen_pangenomefm,43433,15484,27949,0.3565031197476573,0.9264052756741953
fold_e,42,strict,/home/tuv43532/PangenomeFM/server_workspace/results/ccre_sequence_fm_factorial_20260815/fold_e/seed_42/strict/test_predictions.csv.gz,ENCODE_cCRE_subtype_vs_background,CTCF-only,CA-CTCF,coordinate_plus_frozen_sequence_fm_plus_frozen_pangenomefm,28759,810,27949,0.02816509614381585,0.48111983056693075
fold_e,42,strict,/home/tuv43532/PangenomeFM/server_workspace/results/ccre_sequence_fm_factorial_20260815/fold_e/seed_42/strict/test_predictions.csv.gz,native_graph_complexity_tertile,low,low,coordinate_plus_frozen_sequence_fm_plus_frozen_pangenomefm,5719,3521,2198,0.6156670746634026,0.9739723158363945
fold_e,42,strict,/home/tuv43532/PangenomeFM/server_workspace/results/ccre_sequence_fm_factorial_20260815/fold_e/seed_42/strict/test_predictions.csv.gz,native_graph_complexity_tertile,medium,medium,coordinate_plus_frozen_sequence_fm_plus_frozen_pangenomefm,13838,7850,5988,0.5672785084549791,0.9598998625909405
fold_e,42,strict,/home/tuv43532/PangenomeFM/server_workspace/results/ccre_sequence_fm_factorial_20260815/fold_e/seed_42/strict/test_predictions.csv.gz,native_graph_complexity_tertile,high,high,coordinate_plus_frozen_sequence_fm_plus_frozen_pangenomefm,31298,11535,19763,0.3685539012077449,0.8724957501189051
