fold,seed,closure,feature_set,stratum,stratum_value,n,positive_fraction,threshold,auroc,auprc,accuracy,precision,recall,f1,nll,brier,ece,model
fold_a,42,1hop,coordinate_plus_frozen_sequence_fm_pair,chromosome,chr12,7786,0.6203442075520165,0.2842584257938669,0.8009250582035485,0.8665109989325679,0.7170562548163371,0.7117523778816701,0.91407867494824,0.8003262938457355,0.5390134319631459,0.1816763008034508,0.081671562766565,T_Q
fold_a,42,1hop,coordinate_plus_frozen_sequence_fm_pair,chromosome,chr17,6605,0.6183194549583648,0.2842584257938669,0.7951545412268579,0.8659233781833762,0.703557910673732,0.7019376899696048,0.9047502448579824,0.790543431750107,0.5470371321962507,0.1855453018953495,0.090134602392525,T_Q
fold_a,42,1hop,coordinate_plus_frozen_sequence_fm_pair,chromosome,chr2,13840,0.619942196531792,0.2842584257938669,0.7881056839231745,0.8531575928948311,0.7114884393063584,0.7073126638344029,0.912004662004662,0.7967214783892481,0.5542411924874462,0.1876086257861152,0.0870978368930423,T_Q
fold_a,42,1hop,coordinate_plus_frozen_sequence_fm_pair,chromosome,chr22,3884,0.6251287332646756,0.2842584257938669,0.7829407258721509,0.8552344754706989,0.6979917610710608,0.6990168093878846,0.9077429983525536,0.7898226124350475,0.5590276180979277,0.1892945520365173,0.0861043497104808,T_Q
fold_a,42,1hop,coordinate_plus_frozen_sequence_fm_pair,chromosome,chr7,11102,0.6327688704737885,0.2842584257938669,0.7919040673441937,0.8685158068173873,0.7157268960547649,0.7169938306225463,0.9098932384341636,0.8020075282308657,0.5480793774750392,0.1859678094233906,0.0946949197585217,T_Q
fold_a,42,1hop,coordinate_plus_frozen_sequence_fm_pair,sv_class,DEL,16270,0.0,0.2842584257938669,,,0.3812538414259373,0.0,0.0,0.0,0.5516176522040234,0.1846348365419722,0.3768754469010318,T_Q
fold_a,42,1hop,coordinate_plus_frozen_sequence_fm_pair,sv_class,INS,26947,1.0,0.2842584257938669,,,0.9103425242141984,1.0,0.9103425242141984,0.9530673297330898,0.5478108234500435,0.1867513136061422,0.3686057554655338,T_Q
fold_a,42,1hop,coordinate_plus_frozen_sequence_fm_pair,length_bin,bp>=1e+06,4,1.0,0.2842584257938669,,,1.0,1.0,1.0,1.0,0.4880686526098495,0.1609551788453583,0.3698240869172646,T_Q
fold_a,42,1hop,coordinate_plus_frozen_sequence_fm_pair,length_bin,"bp[100,500)",19281,0.6574866448835641,0.2842584257938669,0.8233739563349297,0.8931706006828379,0.7522950054457757,0.7564427134047387,0.9192237911177724,0.8299266434014672,0.5244329294627126,0.1755571744157366,0.1229337863930405,T_Q
fold_a,42,1hop,coordinate_plus_frozen_sequence_fm_pair,length_bin,"bp[1000,10000)",4713,0.5987693613409718,0.2842584257938669,0.8173090220714256,0.8858439945191616,0.6293231487375345,0.6215788283193847,0.973777462792346,0.7588016015463206,0.5236135565379959,0.177772667028592,0.0882554647735981,T_Q
fold_a,42,1hop,coordinate_plus_frozen_sequence_fm_pair,length_bin,"bp[10000,100000)",662,0.6525679758308157,0.2842584257938669,0.7225593800322061,0.8443206221695498,0.6555891238670695,0.6588785046728972,0.9791666666666666,0.7877094972067039,0.5848062081607177,0.2032837016376177,0.0743768445487384,T_Q
fold_a,42,1hop,coordinate_plus_frozen_sequence_fm_pair,length_bin,"bp[100000,1e+06)",37,0.5675675675675675,0.2842584257938669,0.6934523809523809,0.8024519170080844,0.5945945945945946,0.5833333333333334,1.0,0.7368421052631579,0.6481207775435268,0.2300741721837086,0.2969084455739627,T_Q
fold_a,42,1hop,coordinate_plus_frozen_sequence_fm_pair,length_bin,"bp[50,100)",15326,0.5807125146809343,0.2842584257938669,0.7533577600828096,0.8006111054774561,0.6832833094088477,0.6786786786786787,0.863370786516854,0.7599643952131342,0.6054759593782005,0.2084165581415911,0.1010201917157842,T_Q
fold_a,42,1hop,coordinate_plus_frozen_sequence_fm_pair,length_bin,"bp[500,1000)",3194,0.6546649968691296,0.2842584257938669,0.8617654212913524,0.9284001881326832,0.7298058860363181,0.721820809248555,0.9555236728837876,0.8223914385676065,0.4585774731751407,0.148939709774178,0.0589320847031526,T_Q
fold_a,42,1hop,coordinate_plus_frozen_sequence_fm_pair,allele_frequency_bin,"af[0.001,0.01)",11561,0.6030620188565003,0.2842584257938669,0.7376557876745595,0.8110911823087679,0.6677623042989361,0.6639095382682442,0.909495123350545,0.7675361617139744,0.595308117498797,0.205139487778281,0.0592755537885125,T_Q
fold_a,42,1hop,coordinate_plus_frozen_sequence_fm_pair,allele_frequency_bin,"af[0.01,0.05)",14805,0.6430935494765282,0.2842584257938669,0.7901848962741511,0.8711548901611736,0.7187436676798379,0.7246498364505577,0.9074677029723768,0.8058198097369894,0.5530990106155552,0.1877149844713106,0.1065767625112799,T_Q
fold_a,42,1hop,coordinate_plus_frozen_sequence_fm_pair,allele_frequency_bin,"af[0.05,0.5)",14697,0.6236646934748589,0.2842584257938669,0.8144202338332813,0.8786567607957563,0.7236170647070831,0.721335646140503,0.9073750818241326,0.8037301894085813,0.5308696702327849,0.1783068797776593,0.096053314349874,T_Q
fold_a,42,1hop,coordinate_plus_frozen_sequence_fm_pair,allele_frequency_bin,"af[0.5,1)",2154,0.5979572887650882,0.2842584257938669,0.9161015520778046,0.9293122978386904,0.8068709377901578,0.773525721455458,0.9572981366459627,0.8556557945870923,0.4008811136906484,0.1230651174038456,0.0985188844200562,T_Q
fold_a,42,1hop,coordinate_plus_frozen_sequence_fm_pair,breakpoint_mapping_distance,overlap,43217,0.623527778420529,0.2842584257938669,0.7921017146521927,0.8617182305006181,0.7111553323923456,0.7090294236661079,0.9103425242141984,0.7971728003899585,0.5492439887282269,0.1859545187838721,0.0879527910648576,T_Q
fold_a,42,1hop,coordinate_plus_frozen_sequence_fm_plus_frozen_pangenomefm_pair,chromosome,chr12,7786,0.6203442075520165,0.2564627972926209,0.8872341267506592,0.9251283515036242,0.7920626765990239,0.7720725300796475,0.9432712215320912,0.8491286925729196,0.4157672322707386,0.1356472741142675,0.0629230736765667,T_Q
fold_a,42,1hop,coordinate_plus_frozen_sequence_fm_plus_frozen_pangenomefm_pair,chromosome,chr17,6605,0.6183194549583648,0.2564627972926209,0.8678524488323549,0.9124397794792865,0.7688115064345193,0.7495608042162796,0.940254652301665,0.8341479309221245,0.4446864910787608,0.1471290056710899,0.0625819906637574,T_Q
fold_a,42,1hop,coordinate_plus_frozen_sequence_fm_plus_frozen_pangenomefm_pair,chromosome,chr2,13840,0.619942196531792,0.2564627972926209,0.8601484795306089,0.9089333668787584,0.7675578034682081,0.7545325106786901,0.9264568764568764,0.8317028511640073,0.4593337021325808,0.1530503272457265,0.0730287986093751,T_Q
fold_a,42,1hop,coordinate_plus_frozen_sequence_fm_plus_frozen_pangenomefm_pair,chromosome,chr22,3884,0.6251287332646756,0.2564627972926209,0.8605209144233031,0.9105784791240032,0.7734294541709578,0.7672651933701657,0.9151565074135092,0.8347107438016529,0.4696124369157974,0.1558171095965178,0.0905294523921221,T_Q
fold_a,42,1hop,coordinate_plus_frozen_sequence_fm_plus_frozen_pangenomefm_pair,chromosome,chr7,11102,0.6327688704737885,0.2564627972926209,0.8663608455383336,0.91630855563204,0.7771572689605476,0.7693218132323352,0.9252669039145908,0.8401189091379088,0.4536574773548419,0.1503882396795584,0.0829480785094816,T_Q
fold_a,42,1hop,coordinate_plus_frozen_sequence_fm_plus_frozen_pangenomefm_pair,sv_class,DEL,16270,0.0,0.2564627972926209,,,0.5183159188690842,0.0,0.0,0.0,0.4443903147851445,0.147279416184587,0.2941868973736837,T_Q
fold_a,42,1hop,coordinate_plus_frozen_sequence_fm_plus_frozen_pangenomefm_pair,sv_class,INS,26947,1.0,0.2564627972926209,,,0.9302334211600548,1.0,0.9302334211600548,0.9638558849540508,0.4513209625772892,0.1493569257083976,0.2957217371798726,T_Q
fold_a,42,1hop,coordinate_plus_frozen_sequence_fm_plus_frozen_pangenomefm_pair,length_bin,bp>=1e+06,4,1.0,0.2564627972926209,,,1.0,1.0,1.0,1.0,0.1685641035011334,0.024726342689,0.1546571630785103,T_Q
fold_a,42,1hop,coordinate_plus_frozen_sequence_fm_plus_frozen_pangenomefm_pair,length_bin,"bp[100,500)",19281,0.6574866448835641,0.2564627972926209,0.8756762331395914,0.9302185578710448,0.7916083190705876,0.785605910680124,0.9394178433383292,0.855654548067251,0.4323400463262819,0.1425616333753783,0.0853533276315333,T_Q
fold_a,42,1hop,coordinate_plus_frozen_sequence_fm_plus_frozen_pangenomefm_pair,length_bin,"bp[1000,10000)",4713,0.5987693613409718,0.2564627972926209,0.9153891517168312,0.9411311398294272,0.7958837258646297,0.7593418851087562,0.9649184975194898,0.8498751560549314,0.3628748596839311,0.1155036827469567,0.0353459835928247,T_Q
fold_a,42,1hop,coordinate_plus_frozen_sequence_fm_plus_frozen_pangenomefm_pair,length_bin,"bp[10000,100000)",662,0.6525679758308157,0.2564627972926209,0.798143115942029,0.8665139585969841,0.7492447129909365,0.734982332155477,0.9629629629629628,0.8336673346693386,0.5202283225632373,0.1711512181145741,0.0779610466983186,T_Q
fold_a,42,1hop,coordinate_plus_frozen_sequence_fm_plus_frozen_pangenomefm_pair,length_bin,"bp[100000,1e+06)",37,0.5675675675675675,0.2564627972926209,0.6130952380952381,0.6931496289438381,0.5945945945945946,0.59375,0.9047619047619048,0.7169811320754716,0.9052505668578774,0.2931267298279174,0.2900229016638063,T_Q
fold_a,42,1hop,coordinate_plus_frozen_sequence_fm_plus_frozen_pangenomefm_pair,length_bin,"bp[50,100)",15326,0.5807125146809343,0.2564627972926209,0.8376342771815342,0.8741161462318592,0.7451389795119405,0.7275378166575542,0.8970786516853932,0.8034618093992151,0.5080338990022226,0.1712593543267102,0.0906406914453286,T_Q
fold_a,42,1hop,coordinate_plus_frozen_sequence_fm_plus_frozen_pangenomefm_pair,length_bin,"bp[500,1000)",3194,0.6546649968691296,0.2564627972926209,0.9066987430047092,0.947537137486562,0.7964934251721979,0.7789392179636082,0.9622190339550454,0.8609328198545143,0.3697907138961907,0.1186255176308545,0.0433921253599129,T_Q
fold_a,42,1hop,coordinate_plus_frozen_sequence_fm_plus_frozen_pangenomefm_pair,allele_frequency_bin,"af[0.001,0.01)",11561,0.6030620188565003,0.2564627972926209,0.80345800285474,0.8589194364603608,0.724331805207162,0.7130473938984577,0.908491107286288,0.7989908546199936,0.5375417136171966,0.1825401235358119,0.0708184200908517,T_Q
fold_a,42,1hop,coordinate_plus_frozen_sequence_fm_plus_frozen_pangenomefm_pair,allele_frequency_bin,"af[0.01,0.05)",14805,0.6430935494765282,0.2564627972926209,0.8605080597565078,0.9169450222772684,0.775548801080716,0.7709389753453401,0.926163218149354,0.8414523593682904,0.4608269589223271,0.1532430492364346,0.0885044233907477,T_Q
fold_a,42,1hop,coordinate_plus_frozen_sequence_fm_plus_frozen_pangenomefm_pair,allele_frequency_bin,"af[0.05,0.5)",14697,0.6236646934748589,0.2564627972926209,0.8995982929689967,0.9366561466374356,0.798054024630877,0.7792395026130834,0.9434867990399302,0.8535333596525859,0.3990525914000007,0.1297385688633728,0.0714035694966854,T_Q
fold_a,42,1hop,coordinate_plus_frozen_sequence_fm_plus_frozen_pangenomefm_pair,allele_frequency_bin,"af[0.5,1)",2154,0.5979572887650882,0.2564627972926209,0.9770200679930572,0.9794268264157504,0.8890436397400185,0.8531986531986532,0.9836956521739132,0.9138117562206995,0.2275012007173825,0.0627111047629978,0.0713340361943856,T_Q
fold_a,42,1hop,coordinate_plus_frozen_sequence_fm_plus_frozen_pangenomefm_pair,breakpoint_mapping_distance,overlap,43217,0.623527778420529,0.2564627972926209,0.8679025485365671,0.9143804706475366,0.7751579239651063,0.761822270848529,0.9302334211600548,0.8376468229436433,0.4487117662059956,0.1485748010826162,0.0736375230005829,T_Q
fold_a,42,1hop,coordinate_plus_frozen_sequence_fm_plus_topology_control_pair,chromosome,chr12,7786,0.6203442075520165,0.2583653300249253,0.8638454755320967,0.9055524522221448,0.7789622399178012,0.7654089124124979,0.9281573498964804,0.8389632263497707,0.4604170093588839,0.1494512289437633,0.0699032998890107,T_Q
fold_a,42,1hop,coordinate_plus_frozen_sequence_fm_plus_topology_control_pair,chromosome,chr17,6605,0.6183194549583648,0.2583653300249253,0.8479176484620277,0.8976810747639489,0.7598788796366389,0.7504009623095429,0.9165034280117532,0.8251763668430335,0.4855067042608592,0.15996797932921,0.0764790381774177,T_Q
fold_a,42,1hop,coordinate_plus_frozen_sequence_fm_plus_topology_control_pair,chromosome,chr2,13840,0.619942196531792,0.2583653300249253,0.838856457230982,0.885959234934831,0.7552023121387283,0.7444904878508194,0.9213286713286714,0.8235232836753829,0.4914359819727204,0.1616223571790352,0.0658588564466052,T_Q
fold_a,42,1hop,coordinate_plus_frozen_sequence_fm_plus_topology_control_pair,chromosome,chr22,3884,0.6251287332646756,0.2583653300249253,0.8402573795644224,0.8921177598050447,0.7551493305870237,0.7482352941176471,0.9168039538714992,0.8239866740699612,0.4952980219240452,0.162786077557213,0.077240637329877,T_Q
fold_a,42,1hop,coordinate_plus_frozen_sequence_fm_plus_topology_control_pair,chromosome,chr7,11102,0.6327688704737885,0.2583653300249253,0.8483793557645223,0.9031366878527586,0.7695009908124663,0.7621507396102372,0.9241281138790036,0.8353599691179309,0.4817875611037369,0.1584612778798426,0.0795252551078568,T_Q
fold_a,42,1hop,coordinate_plus_frozen_sequence_fm_plus_topology_control_pair,sv_class,DEL,16270,0.0,0.2583653300249253,,,0.501720958819914,0.0,0.0,0.0,0.4976750464237282,0.1674768302392485,0.3248813517720897,T_Q
fold_a,42,1hop,coordinate_plus_frozen_sequence_fm_plus_topology_control_pair,sv_class,INS,26947,1.0,0.2583653300249253,,,0.9221434668052102,1.0,0.9221434668052102,0.9594949416943394,0.4738346614549418,0.1530307418133772,0.3122244699163644,T_Q
fold_a,42,1hop,coordinate_plus_frozen_sequence_fm_plus_topology_control_pair,length_bin,bp>=1e+06,4,1.0,0.2583653300249253,,,1.0,1.0,1.0,1.0,0.1967844583406448,0.0366865913793989,0.1752448260028081,T_Q
fold_a,42,1hop,coordinate_plus_frozen_sequence_fm_plus_topology_control_pair,length_bin,"bp[100,500)",19281,0.6574866448835641,0.2583653300249253,0.8584353011389015,0.9126339535127856,0.7827394844665733,0.781245858184228,0.9299518813599432,0.8491374653365505,0.4645699400785627,0.151067774148673,0.0909161202227987,T_Q
fold_a,42,1hop,coordinate_plus_frozen_sequence_fm_plus_topology_control_pair,length_bin,"bp[1000,10000)",4713,0.5987693613409718,0.2583653300249253,0.9037592182897763,0.9351827996236566,0.7604498196477827,0.723292007385914,0.9716513111268604,0.8292756691365493,0.4006763898418203,0.1265876463818364,0.0706301526645888,T_Q
fold_a,42,1hop,coordinate_plus_frozen_sequence_fm_plus_topology_control_pair,length_bin,"bp[10000,100000)",662,0.6525679758308157,0.2583653300249253,0.8303190418679549,0.8956676715483812,0.7145015105740181,0.7035175879396985,0.9722222222222222,0.8163265306122449,0.4806482982721986,0.1570426758174174,0.0731894626468976,T_Q
fold_a,42,1hop,coordinate_plus_frozen_sequence_fm_plus_topology_control_pair,length_bin,"bp[100000,1e+06)",37,0.5675675675675675,0.2583653300249253,0.6696428571428572,0.7305305876681643,0.6216216216216216,0.6,1.0,0.75,0.6979526262393537,0.2486391049385381,0.2401401801431515,T_Q
fold_a,42,1hop,coordinate_plus_frozen_sequence_fm_plus_topology_control_pair,length_bin,"bp[50,100)",15326,0.5807125146809343,0.2583653300249253,0.81035282402599,0.8422738443944622,0.7393318543651312,0.726642639312448,0.8834831460674157,0.7974240657167486,0.547806355332996,0.1838329324517753,0.0900387148497491,T_Q
fold_a,42,1hop,coordinate_plus_frozen_sequence_fm_plus_topology_control_pair,length_bin,"bp[500,1000)",3194,0.6546649968691296,0.2583653300249253,0.8923836257188236,0.9399363632002048,0.7842830306825297,0.7677616501145913,0.9612625538020086,0.8536844340624337,0.4005491632020028,0.1278929021553564,0.0496055977567038,T_Q
fold_a,42,1hop,coordinate_plus_frozen_sequence_fm_plus_topology_control_pair,allele_frequency_bin,"af[0.001,0.01)",11561,0.6030620188565003,0.2583653300249253,0.7904499422213337,0.8446657143109331,0.7147305596401695,0.7007650273224044,0.9196787148594378,0.7954348095769755,0.5470980085129115,0.1839750306569728,0.059493202417176,T_Q
fold_a,42,1hop,coordinate_plus_frozen_sequence_fm_plus_topology_control_pair,allele_frequency_bin,"af[0.01,0.05)",14805,0.6430935494765282,0.2583653300249253,0.8425136721161661,0.9012234907935176,0.7659574468085106,0.7658005617977528,0.916290305640164,0.8343135848515277,0.490539053762849,0.1615642684377022,0.0876623091317942,T_Q
fold_a,42,1hop,coordinate_plus_frozen_sequence_fm_plus_topology_control_pair,allele_frequency_bin,"af[0.05,0.5)",14697,0.6236646934748589,0.2583653300249253,0.8728232058664603,0.9153235702880212,0.7842416819759135,0.7739694726259025,0.9238490072005237,0.8422937285522455,0.4516130697680895,0.1462506117360466,0.0787880444448574,T_Q
fold_a,42,1hop,coordinate_plus_frozen_sequence_fm_plus_topology_control_pair,allele_frequency_bin,"af[0.5,1)",2154,0.5979572887650882,0.2583653300249253,0.9590992712980362,0.9656863431708188,0.8741875580315692,0.845213849287169,0.966614906832298,0.9018471568272364,0.2974965523593385,0.0836712457323716,0.0880593761731515,T_Q
fold_a,42,1hop,coordinate_plus_frozen_sequence_fm_plus_topology_control_pair,breakpoint_mapping_distance,overlap,43217,0.623527778420529,0.2583653300249253,0.8473630520462792,0.8962608313829933,0.7638660712219728,0.7540053404539386,0.9221434668052102,0.829641253359598,0.4828099041474506,0.1584692928161984,0.0723718258440976,T_Q
fold_a,42,1hop,coordinate_plus_frozen_sequence_fm_plus_topology_control_plus_frozen_pangenomefm_pair,chromosome,chr12,7786,0.6203442075520165,0.2620919414774474,0.8920040161148886,0.9291668221109092,0.7936039044438736,0.7784689822014861,0.932712215320911,0.8486389752284073,0.4081303104161196,0.1329302043635229,0.0630674038689973,T_Q
fold_a,42,1hop,coordinate_plus_frozen_sequence_fm_plus_topology_control_plus_frozen_pangenomefm_pair,chromosome,chr17,6605,0.6183194549583648,0.2620919414774474,0.8724226779090896,0.9166722901953696,0.7774413323239969,0.7604623355918693,0.9343780607247796,0.8384970336189849,0.4389869884533773,0.1449782206510366,0.0641695049519677,T_Q
fold_a,42,1hop,coordinate_plus_frozen_sequence_fm_plus_topology_control_plus_frozen_pangenomefm_pair,chromosome,chr2,13840,0.619942196531792,0.2620919414774474,0.8662047648169321,0.9126841798261748,0.7741329479768786,0.7619093353822513,0.9245920745920746,0.8354043807919124,0.4499705800364448,0.1492507217805014,0.0688422961501707,T_Q
fold_a,42,1hop,coordinate_plus_frozen_sequence_fm_plus_topology_control_plus_frozen_pangenomefm_pair,chromosome,chr22,3884,0.6251287332646756,0.2620919414774474,0.8658850159313505,0.9132060155678168,0.7783213182286303,0.7708261320428621,0.9184514003294892,0.8381883104679572,0.4596827928496449,0.1521213540889284,0.0849445836346023,T_Q
fold_a,42,1hop,coordinate_plus_frozen_sequence_fm_plus_topology_control_plus_frozen_pangenomefm_pair,chromosome,chr7,11102,0.6327688704737885,0.2620919414774474,0.8734545060957355,0.920964296552812,0.7863448027382454,0.779795550210463,0.9229893238434164,0.8453715775749674,0.4440597496287724,0.1465254429883616,0.0812344688971447,T_Q
fold_a,42,1hop,coordinate_plus_frozen_sequence_fm_plus_topology_control_plus_frozen_pangenomefm_pair,sv_class,DEL,16270,0.0,0.2620919414774474,,,0.5416717885679164,0.0,0.0,0.0,0.4373048015685635,0.1449522399027013,0.2882369243333196,T_Q
fold_a,42,1hop,coordinate_plus_frozen_sequence_fm_plus_topology_control_plus_frozen_pangenomefm_pair,sv_class,INS,26947,1.0,0.2620919414774474,,,0.9265595428062492,1.0,0.9265595428062492,0.9618799961475488,0.4418011158802459,0.1453741630659392,0.2883719344901876,T_Q
fold_a,42,1hop,coordinate_plus_frozen_sequence_fm_plus_topology_control_plus_frozen_pangenomefm_pair,length_bin,bp>=1e+06,4,1.0,0.2620919414774474,,,1.0,1.0,1.0,1.0,0.1291165858529618,0.0147480826888441,0.1210788524652864,T_Q
fold_a,42,1hop,coordinate_plus_frozen_sequence_fm_plus_topology_control_plus_frozen_pangenomefm_pair,length_bin,"bp[100,500)",19281,0.6574866448835641,0.2620919414774474,0.8812353715841587,0.9333148861846878,0.7975208754732638,0.7937453961025915,0.9350003944150824,0.8586019558131112,0.4233766404723577,0.1390194467439595,0.0819624871336031,T_Q
fold_a,42,1hop,coordinate_plus_frozen_sequence_fm_plus_topology_control_plus_frozen_pangenomefm_pair,length_bin,"bp[1000,10000)",4713,0.5987693613409718,0.2620919414774474,0.9218817285504352,0.9453997286007096,0.806068321663484,0.7691873589164786,0.9659815733522324,0.8564247565190072,0.3494627985524325,0.1105404634307159,0.0418665851508355,T_Q
fold_a,42,1hop,coordinate_plus_frozen_sequence_fm_plus_topology_control_plus_frozen_pangenomefm_pair,length_bin,"bp[10000,100000)",662,0.6525679758308157,0.2620919414774474,0.8206873993558776,0.8821042816414892,0.7673716012084593,0.7518115942028986,0.960648148148148,0.8434959349593496,0.4903953636085412,0.1613335565186286,0.0517303053105183,T_Q
fold_a,42,1hop,coordinate_plus_frozen_sequence_fm_plus_topology_control_plus_frozen_pangenomefm_pair,length_bin,"bp[100000,1e+06)",37,0.5675675675675675,0.2620919414774474,0.6190476190476191,0.6523812266901609,0.5675675675675675,0.5757575757575758,0.9047619047619048,0.7037037037037037,0.8337464536047192,0.2676594115474056,0.2689379460947393,T_Q
fold_a,42,1hop,coordinate_plus_frozen_sequence_fm_plus_topology_control_plus_frozen_pangenomefm_pair,length_bin,"bp[50,100)",15326,0.5807125146809343,0.2620919414774474,0.8417929531363105,0.8772810741112762,0.7503588672843534,0.7348204368752314,0.8920224719101124,0.8058262281770199,0.5022619839442434,0.1687745703450228,0.086315692969102,T_Q
fold_a,42,1hop,coordinate_plus_frozen_sequence_fm_plus_topology_control_plus_frozen_pangenomefm_pair,length_bin,"bp[500,1000)",3194,0.6546649968691296,0.2620919414774474,0.9108168973535504,0.951395130463874,0.8052598622417032,0.7874755381604697,0.9622190339550454,0.8661213947481705,0.3620371430354588,0.1161412299481544,0.0438452168815406,T_Q
fold_a,42,1hop,coordinate_plus_frozen_sequence_fm_plus_topology_control_plus_frozen_pangenomefm_pair,allele_frequency_bin,"af[0.001,0.01)",11561,0.6030620188565003,0.2620919414774474,0.8095128701463388,0.8634179502289918,0.7289161837211314,0.718216966113259,0.9059093516924842,0.8012178104782444,0.5298436210919636,0.179526135695575,0.0708438069711013,T_Q
fold_a,42,1hop,coordinate_plus_frozen_sequence_fm_plus_topology_control_plus_frozen_pangenomefm_pair,allele_frequency_bin,"af[0.01,0.05)",14805,0.6430935494765282,0.2620919414774474,0.8667757996368202,0.9210142437129828,0.7798716649780479,0.7776201454158539,0.9211217309106188,0.8433097745083898,0.4515702022757939,0.1495940599013474,0.0857128662880364,T_Q
fold_a,42,1hop,coordinate_plus_frozen_sequence_fm_plus_topology_control_plus_frozen_pangenomefm_pair,allele_frequency_bin,"af[0.05,0.5)",14697,0.6236646934748589,0.2620919414774474,0.9047288184624832,0.93997090626892,0.8082601891542491,0.7916207276736494,0.939995636046258,0.8594513715710723,0.3905419350347558,0.1263235693205316,0.0687777858328241,T_Q
fold_a,42,1hop,coordinate_plus_frozen_sequence_fm_plus_topology_control_plus_frozen_pangenomefm_pair,allele_frequency_bin,"af[0.5,1)",2154,0.5979572887650882,0.2620919414774474,0.9786015520778047,0.9812286024858908,0.8955431754874652,0.8618107556160653,0.9829192546583853,0.9183895538628944,0.2178969469834669,0.0598659728110351,0.0664110814925992,T_Q
fold_a,42,1hop,coordinate_plus_frozen_sequence_fm_plus_topology_control_plus_frozen_pangenomefm_pair,breakpoint_mapping_distance,overlap,43217,0.623527778420529,0.2620919414774474,0.8736754697222705,0.9184848536456144,0.7816599949094106,0.7700231303006939,0.9265595428062492,0.8410698645826316,0.4401083784424072,0.1452153207153392,0.0712947164264982,T_Q
fold_a,42,1hop,coordinate_plus_frozen_sequence_fm_pair,chromosome,chr12,7786,0.6203442075520165,0.2842584257938669,0.8009250582035485,0.8665109989325679,0.7170562548163371,0.7117523778816701,0.91407867494824,0.8003262938457355,0.5390134319631459,0.1816763008034508,0.081671562766565,T_Rq
fold_a,42,1hop,coordinate_plus_frozen_sequence_fm_pair,chromosome,chr17,6605,0.6183194549583648,0.2842584257938669,0.7951545412268579,0.8659233781833762,0.703557910673732,0.7019376899696048,0.9047502448579824,0.790543431750107,0.5470371321962507,0.1855453018953495,0.090134602392525,T_Rq
fold_a,42,1hop,coordinate_plus_frozen_sequence_fm_pair,chromosome,chr2,13840,0.619942196531792,0.2842584257938669,0.7881056839231745,0.8531575928948311,0.7114884393063584,0.7073126638344029,0.912004662004662,0.7967214783892481,0.5542411924874462,0.1876086257861152,0.0870978368930423,T_Rq
fold_a,42,1hop,coordinate_plus_frozen_sequence_fm_pair,chromosome,chr22,3884,0.6251287332646756,0.2842584257938669,0.7829407258721509,0.8552344754706989,0.6979917610710608,0.6990168093878846,0.9077429983525536,0.7898226124350475,0.5590276180979277,0.1892945520365173,0.0861043497104808,T_Rq
fold_a,42,1hop,coordinate_plus_frozen_sequence_fm_pair,chromosome,chr7,11102,0.6327688704737885,0.2842584257938669,0.7919040673441937,0.8685158068173873,0.7157268960547649,0.7169938306225463,0.9098932384341636,0.8020075282308657,0.5480793774750392,0.1859678094233906,0.0946949197585217,T_Rq
fold_a,42,1hop,coordinate_plus_frozen_sequence_fm_pair,sv_class,DEL,16270,0.0,0.2842584257938669,,,0.3812538414259373,0.0,0.0,0.0,0.5516176522040234,0.1846348365419722,0.3768754469010318,T_Rq
fold_a,42,1hop,coordinate_plus_frozen_sequence_fm_pair,sv_class,INS,26947,1.0,0.2842584257938669,,,0.9103425242141984,1.0,0.9103425242141984,0.9530673297330898,0.5478108234500435,0.1867513136061422,0.3686057554655338,T_Rq
fold_a,42,1hop,coordinate_plus_frozen_sequence_fm_pair,length_bin,bp>=1e+06,4,1.0,0.2842584257938669,,,1.0,1.0,1.0,1.0,0.4880686526098495,0.1609551788453583,0.3698240869172646,T_Rq
fold_a,42,1hop,coordinate_plus_frozen_sequence_fm_pair,length_bin,"bp[100,500)",19281,0.6574866448835641,0.2842584257938669,0.8233739563349297,0.8931706006828379,0.7522950054457757,0.7564427134047387,0.9192237911177724,0.8299266434014672,0.5244329294627126,0.1755571744157366,0.1229337863930405,T_Rq
fold_a,42,1hop,coordinate_plus_frozen_sequence_fm_pair,length_bin,"bp[1000,10000)",4713,0.5987693613409718,0.2842584257938669,0.8173090220714256,0.8858439945191616,0.6293231487375345,0.6215788283193847,0.973777462792346,0.7588016015463206,0.5236135565379959,0.177772667028592,0.0882554647735981,T_Rq
fold_a,42,1hop,coordinate_plus_frozen_sequence_fm_pair,length_bin,"bp[10000,100000)",662,0.6525679758308157,0.2842584257938669,0.7225593800322061,0.8443206221695498,0.6555891238670695,0.6588785046728972,0.9791666666666666,0.7877094972067039,0.5848062081607177,0.2032837016376177,0.0743768445487384,T_Rq
fold_a,42,1hop,coordinate_plus_frozen_sequence_fm_pair,length_bin,"bp[100000,1e+06)",37,0.5675675675675675,0.2842584257938669,0.6934523809523809,0.8024519170080844,0.5945945945945946,0.5833333333333334,1.0,0.7368421052631579,0.6481207775435268,0.2300741721837086,0.2969084455739627,T_Rq
fold_a,42,1hop,coordinate_plus_frozen_sequence_fm_pair,length_bin,"bp[50,100)",15326,0.5807125146809343,0.2842584257938669,0.7533577600828096,0.8006111054774561,0.6832833094088477,0.6786786786786787,0.863370786516854,0.7599643952131342,0.6054759593782005,0.2084165581415911,0.1010201917157842,T_Rq
fold_a,42,1hop,coordinate_plus_frozen_sequence_fm_pair,length_bin,"bp[500,1000)",3194,0.6546649968691296,0.2842584257938669,0.8617654212913524,0.9284001881326832,0.7298058860363181,0.721820809248555,0.9555236728837876,0.8223914385676065,0.4585774731751407,0.148939709774178,0.0589320847031526,T_Rq
fold_a,42,1hop,coordinate_plus_frozen_sequence_fm_pair,allele_frequency_bin,"af[0.001,0.01)",11561,0.6030620188565003,0.2842584257938669,0.7376557876745595,0.8110911823087679,0.6677623042989361,0.6639095382682442,0.909495123350545,0.7675361617139744,0.595308117498797,0.205139487778281,0.0592755537885125,T_Rq
fold_a,42,1hop,coordinate_plus_frozen_sequence_fm_pair,allele_frequency_bin,"af[0.01,0.05)",14805,0.6430935494765282,0.2842584257938669,0.7901848962741511,0.8711548901611736,0.7187436676798379,0.7246498364505577,0.9074677029723768,0.8058198097369894,0.5530990106155552,0.1877149844713106,0.1065767625112799,T_Rq
fold_a,42,1hop,coordinate_plus_frozen_sequence_fm_pair,allele_frequency_bin,"af[0.05,0.5)",14697,0.6236646934748589,0.2842584257938669,0.8144202338332813,0.8786567607957563,0.7236170647070831,0.721335646140503,0.9073750818241326,0.8037301894085813,0.5308696702327849,0.1783068797776593,0.096053314349874,T_Rq
fold_a,42,1hop,coordinate_plus_frozen_sequence_fm_pair,allele_frequency_bin,"af[0.5,1)",2154,0.5979572887650882,0.2842584257938669,0.9161015520778046,0.9293122978386904,0.8068709377901578,0.773525721455458,0.9572981366459627,0.8556557945870923,0.4008811136906484,0.1230651174038456,0.0985188844200562,T_Rq
fold_a,42,1hop,coordinate_plus_frozen_sequence_fm_pair,breakpoint_mapping_distance,overlap,43217,0.623527778420529,0.2842584257938669,0.7921017146521927,0.8617182305006181,0.7111553323923456,0.7090294236661079,0.9103425242141984,0.7971728003899585,0.5492439887282269,0.1859545187838721,0.0879527910648576,T_Rq
fold_a,42,1hop,coordinate_plus_frozen_sequence_fm_plus_frozen_pangenomefm_pair,chromosome,chr12,7786,0.6203442075520165,0.2920997588683374,0.8861768673463386,0.923129789669106,0.7977138453634729,0.7835859905906952,0.931055900621118,0.8509792790235595,0.4177292893317718,0.1359541068284087,0.0633839496613153,T_Rq
fold_a,42,1hop,coordinate_plus_frozen_sequence_fm_plus_frozen_pangenomefm_pair,chromosome,chr17,6605,0.6183194549583648,0.2920997588683374,0.865909610981759,0.9092068371964546,0.7727479182437548,0.7624466571834992,0.9187071498530852,0.8333148250971683,0.4490974420356505,0.1480298006378829,0.063463515732942,T_Rq
fold_a,42,1hop,coordinate_plus_frozen_sequence_fm_plus_frozen_pangenomefm_pair,chromosome,chr2,13840,0.619942196531792,0.2920997588683374,0.8578618925434515,0.9059166883250191,0.7705202312138728,0.7632501948558067,0.9130536130536132,0.8314582891105923,0.4613796166063599,0.1530987657130936,0.0671501962468029,T_Rq
fold_a,42,1hop,coordinate_plus_frozen_sequence_fm_plus_frozen_pangenomefm_pair,chromosome,chr22,3884,0.6251287332646756,0.2920997588683374,0.859064689429187,0.9075680552202638,0.7762615859938208,0.7798922800718133,0.8945634266886326,0.8333013619796662,0.4725754150725548,0.1558818339177352,0.0876513249523118,T_Rq
fold_a,42,1hop,coordinate_plus_frozen_sequence_fm_plus_frozen_pangenomefm_pair,chromosome,chr7,11102,0.6327688704737885,0.2920997588683374,0.8626588875883023,0.9138342755792336,0.7783282291479012,0.7789731051344744,0.9070462633451958,0.8381453469253535,0.4572813626356835,0.1515491787297235,0.0789891849392699,T_Rq
fold_a,42,1hop,coordinate_plus_frozen_sequence_fm_plus_frozen_pangenomefm_pair,sv_class,DEL,16270,0.0,0.2920997588683374,,,0.5536570374923171,0.0,0.0,0.0,0.4586909045923519,0.1530829239580855,0.3004856186236234,T_Rq
fold_a,42,1hop,coordinate_plus_frozen_sequence_fm_plus_frozen_pangenomefm_pair,sv_class,INS,26947,1.0,0.2920997588683374,,,0.9139050729209188,1.0,0.9139050729209188,0.9550160933803856,0.4473055378194331,0.1466748535586241,0.2941904139860188,T_Rq
fold_a,42,1hop,coordinate_plus_frozen_sequence_fm_plus_frozen_pangenomefm_pair,length_bin,bp>=1e+06,4,1.0,0.2920997588683374,,,1.0,1.0,1.0,1.0,0.1919869322324938,0.0321348658413366,0.1735014802997407,T_Rq
fold_a,42,1hop,coordinate_plus_frozen_sequence_fm_plus_frozen_pangenomefm_pair,length_bin,"bp[100,500)",19281,0.6574866448835641,0.2920997588683374,0.8734389607661869,0.9275907086970246,0.7947720553913179,0.7956333062110117,0.9256133154531828,0.8557155879671833,0.4346927149531746,0.1429555522138246,0.0828976672734301,T_Rq
fold_a,42,1hop,coordinate_plus_frozen_sequence_fm_plus_frozen_pangenomefm_pair,length_bin,"bp[1000,10000)",4713,0.5987693613409718,0.2920997588683374,0.9115206275689124,0.9374469600483624,0.8016125610014853,0.770266399312518,0.9528703047484054,0.8518929193727229,0.3718311065673849,0.1177007899723165,0.0342954091064703,T_Rq
fold_a,42,1hop,coordinate_plus_frozen_sequence_fm_plus_frozen_pangenomefm_pair,length_bin,"bp[10000,100000)",662,0.6525679758308157,0.2920997588683374,0.8050774959742352,0.8734330404720946,0.7537764350453172,0.7449908925318761,0.9467592592592592,0.8338430173292558,0.512100074329266,0.1682007513710814,0.0512996876339589,T_Rq
fold_a,42,1hop,coordinate_plus_frozen_sequence_fm_plus_frozen_pangenomefm_pair,length_bin,"bp[100000,1e+06)",37,0.5675675675675675,0.2920997588683374,0.6220238095238095,0.706604343869881,0.5945945945945946,0.59375,0.9047619047619048,0.7169811320754716,0.8524917227064482,0.2793634894660283,0.2542869227478869,T_Rq
fold_a,42,1hop,coordinate_plus_frozen_sequence_fm_plus_frozen_pangenomefm_pair,length_bin,"bp[50,100)",15326,0.5807125146809343,0.2920997588683374,0.8348865651129366,0.8700656219180198,0.7463134542607334,0.7375805839969662,0.8741573033707866,0.800082270670506,0.5103924637394737,0.17159684621685,0.0853418977203724,T_Rq
fold_a,42,1hop,coordinate_plus_frozen_sequence_fm_plus_frozen_pangenomefm_pair,length_bin,"bp[500,1000)",3194,0.6546649968691296,0.2920997588683374,0.9058675678218572,0.946694020550803,0.80463368816531,0.7914183551847438,0.9526542324246772,0.8645833333333334,0.3722911124381242,0.119082490659771,0.0487921510004776,T_Rq
fold_a,42,1hop,coordinate_plus_frozen_sequence_fm_plus_frozen_pangenomefm_pair,allele_frequency_bin,"af[0.001,0.01)",11561,0.6030620188565003,0.2920997588683374,0.7997336917948543,0.8553028678790133,0.7247642937462158,0.721275105091079,0.8859724612736661,0.7951853759011328,0.5423072959852026,0.1837946170200766,0.0684388915216563,T_Rq
fold_a,42,1hop,coordinate_plus_frozen_sequence_fm_plus_frozen_pangenomefm_pair,allele_frequency_bin,"af[0.01,0.05)",14805,0.6430935494765282,0.2920997588683374,0.8583298296502387,0.9139478870488492,0.7768321513002364,0.7795665077794766,0.9104085705283058,0.8399224806201551,0.4626890970497965,0.1533402227988098,0.0846107738913631,T_Rq
fold_a,42,1hop,coordinate_plus_frozen_sequence_fm_plus_frozen_pangenomefm_pair,allele_frequency_bin,"af[0.05,0.5)",14697,0.6236646934748589,0.2920997588683374,0.897661694802307,0.9341811733840424,0.8038375178607879,0.7923141341769796,0.9289766528474798,0.855220207904384,0.4016459723205128,0.1301290145852574,0.0683574135826949,T_Rq
fold_a,42,1hop,coordinate_plus_frozen_sequence_fm_plus_frozen_pangenomefm_pair,allele_frequency_bin,"af[0.5,1)",2154,0.5979572887650882,0.2920997588683374,0.976550284738858,0.9784478187460536,0.9011142061281338,0.8684030157642221,0.9836956521739132,0.9224608663997088,0.2292134444921491,0.0629288571853683,0.0725584654454399,T_Rq
fold_a,42,1hop,coordinate_plus_frozen_sequence_fm_plus_frozen_pangenomefm_pair,breakpoint_mapping_distance,overlap,43217,0.623527778420529,0.2920997588683374,0.8656013549235451,0.911685355737062,0.7782816947034732,0.7722725704788485,0.9139050729209188,0.8371405262084438,0.4515918121419308,0.149087314057947,0.0703114068694009,T_Rq
fold_a,42,1hop,coordinate_plus_frozen_sequence_fm_plus_topology_control_pair,chromosome,chr12,7786,0.6203442075520165,0.2583653300249253,0.8638454755320967,0.9055524522221448,0.7789622399178012,0.7654089124124979,0.9281573498964804,0.8389632263497707,0.4604170093588839,0.1494512289437633,0.0699032998890107,T_Rq
fold_a,42,1hop,coordinate_plus_frozen_sequence_fm_plus_topology_control_pair,chromosome,chr17,6605,0.6183194549583648,0.2583653300249253,0.8479176484620277,0.8976810747639489,0.7598788796366389,0.7504009623095429,0.9165034280117532,0.8251763668430335,0.4855067042608592,0.15996797932921,0.0764790381774177,T_Rq
fold_a,42,1hop,coordinate_plus_frozen_sequence_fm_plus_topology_control_pair,chromosome,chr2,13840,0.619942196531792,0.2583653300249253,0.838856457230982,0.885959234934831,0.7552023121387283,0.7444904878508194,0.9213286713286714,0.8235232836753829,0.4914359819727204,0.1616223571790352,0.0658588564466052,T_Rq
fold_a,42,1hop,coordinate_plus_frozen_sequence_fm_plus_topology_control_pair,chromosome,chr22,3884,0.6251287332646756,0.2583653300249253,0.8402573795644224,0.8921177598050447,0.7551493305870237,0.7482352941176471,0.9168039538714992,0.8239866740699612,0.4952980219240452,0.162786077557213,0.077240637329877,T_Rq
fold_a,42,1hop,coordinate_plus_frozen_sequence_fm_plus_topology_control_pair,chromosome,chr7,11102,0.6327688704737885,0.2583653300249253,0.8483793557645223,0.9031366878527586,0.7695009908124663,0.7621507396102372,0.9241281138790036,0.8353599691179309,0.4817875611037369,0.1584612778798426,0.0795252551078568,T_Rq
fold_a,42,1hop,coordinate_plus_frozen_sequence_fm_plus_topology_control_pair,sv_class,DEL,16270,0.0,0.2583653300249253,,,0.501720958819914,0.0,0.0,0.0,0.4976750464237282,0.1674768302392485,0.3248813517720897,T_Rq
fold_a,42,1hop,coordinate_plus_frozen_sequence_fm_plus_topology_control_pair,sv_class,INS,26947,1.0,0.2583653300249253,,,0.9221434668052102,1.0,0.9221434668052102,0.9594949416943394,0.4738346614549418,0.1530307418133772,0.3122244699163644,T_Rq
fold_a,42,1hop,coordinate_plus_frozen_sequence_fm_plus_topology_control_pair,length_bin,bp>=1e+06,4,1.0,0.2583653300249253,,,1.0,1.0,1.0,1.0,0.1967844583406448,0.0366865913793989,0.1752448260028081,T_Rq
fold_a,42,1hop,coordinate_plus_frozen_sequence_fm_plus_topology_control_pair,length_bin,"bp[100,500)",19281,0.6574866448835641,0.2583653300249253,0.8584353011389015,0.9126339535127856,0.7827394844665733,0.781245858184228,0.9299518813599432,0.8491374653365505,0.4645699400785627,0.151067774148673,0.0909161202227987,T_Rq
fold_a,42,1hop,coordinate_plus_frozen_sequence_fm_plus_topology_control_pair,length_bin,"bp[1000,10000)",4713,0.5987693613409718,0.2583653300249253,0.9037592182897763,0.9351827996236566,0.7604498196477827,0.723292007385914,0.9716513111268604,0.8292756691365493,0.4006763898418203,0.1265876463818364,0.0706301526645888,T_Rq
fold_a,42,1hop,coordinate_plus_frozen_sequence_fm_plus_topology_control_pair,length_bin,"bp[10000,100000)",662,0.6525679758308157,0.2583653300249253,0.8303190418679549,0.8956676715483812,0.7145015105740181,0.7035175879396985,0.9722222222222222,0.8163265306122449,0.4806482982721986,0.1570426758174174,0.0731894626468976,T_Rq
fold_a,42,1hop,coordinate_plus_frozen_sequence_fm_plus_topology_control_pair,length_bin,"bp[100000,1e+06)",37,0.5675675675675675,0.2583653300249253,0.6696428571428572,0.7305305876681643,0.6216216216216216,0.6,1.0,0.75,0.6979526262393537,0.2486391049385381,0.2401401801431515,T_Rq
fold_a,42,1hop,coordinate_plus_frozen_sequence_fm_plus_topology_control_pair,length_bin,"bp[50,100)",15326,0.5807125146809343,0.2583653300249253,0.81035282402599,0.8422738443944622,0.7393318543651312,0.726642639312448,0.8834831460674157,0.7974240657167486,0.547806355332996,0.1838329324517753,0.0900387148497491,T_Rq
fold_a,42,1hop,coordinate_plus_frozen_sequence_fm_plus_topology_control_pair,length_bin,"bp[500,1000)",3194,0.6546649968691296,0.2583653300249253,0.8923836257188236,0.9399363632002048,0.7842830306825297,0.7677616501145913,0.9612625538020086,0.8536844340624337,0.4005491632020028,0.1278929021553564,0.0496055977567038,T_Rq
fold_a,42,1hop,coordinate_plus_frozen_sequence_fm_plus_topology_control_pair,allele_frequency_bin,"af[0.001,0.01)",11561,0.6030620188565003,0.2583653300249253,0.7904499422213337,0.8446657143109331,0.7147305596401695,0.7007650273224044,0.9196787148594378,0.7954348095769755,0.5470980085129115,0.1839750306569728,0.059493202417176,T_Rq
fold_a,42,1hop,coordinate_plus_frozen_sequence_fm_plus_topology_control_pair,allele_frequency_bin,"af[0.01,0.05)",14805,0.6430935494765282,0.2583653300249253,0.8425136721161661,0.9012234907935176,0.7659574468085106,0.7658005617977528,0.916290305640164,0.8343135848515277,0.490539053762849,0.1615642684377022,0.0876623091317942,T_Rq
fold_a,42,1hop,coordinate_plus_frozen_sequence_fm_plus_topology_control_pair,allele_frequency_bin,"af[0.05,0.5)",14697,0.6236646934748589,0.2583653300249253,0.8728232058664603,0.9153235702880212,0.7842416819759135,0.7739694726259025,0.9238490072005237,0.8422937285522455,0.4516130697680895,0.1462506117360466,0.0787880444448574,T_Rq
fold_a,42,1hop,coordinate_plus_frozen_sequence_fm_plus_topology_control_pair,allele_frequency_bin,"af[0.5,1)",2154,0.5979572887650882,0.2583653300249253,0.9590992712980362,0.9656863431708188,0.8741875580315692,0.845213849287169,0.966614906832298,0.9018471568272364,0.2974965523593385,0.0836712457323716,0.0880593761731515,T_Rq
fold_a,42,1hop,coordinate_plus_frozen_sequence_fm_plus_topology_control_pair,breakpoint_mapping_distance,overlap,43217,0.623527778420529,0.2583653300249253,0.8473630520462792,0.8962608313829933,0.7638660712219728,0.7540053404539386,0.9221434668052102,0.829641253359598,0.4828099041474506,0.1584692928161984,0.0723718258440976,T_Rq
fold_a,42,1hop,coordinate_plus_frozen_sequence_fm_plus_topology_control_plus_frozen_pangenomefm_pair,chromosome,chr12,7786,0.6203442075520165,0.2691151875722792,0.8913911978864617,0.9280374564265998,0.7982275879784229,0.7833420274734829,0.932712215320911,0.8515263207636329,0.4090566760175818,0.1329773883200706,0.0632619356306957,T_Rq
fold_a,42,1hop,coordinate_plus_frozen_sequence_fm_plus_topology_control_plus_frozen_pangenomefm_pair,chromosome,chr17,6605,0.6183194549583648,0.2691151875722792,0.8709812113020461,0.9140932342036836,0.7768357305071916,0.7641700404858299,0.9243388834476004,0.8366578014184397,0.443052214424583,0.1458400875837675,0.0653767088556648,T_Rq
fold_a,42,1hop,coordinate_plus_frozen_sequence_fm_plus_topology_control_plus_frozen_pangenomefm_pair,chromosome,chr2,13840,0.619942196531792,0.2691151875722792,0.8649378362448705,0.9107697059866208,0.7729046242774567,0.7595722333619784,0.9271561771561772,0.8350391014538393,0.4508049312835273,0.1489920280479865,0.0639636391296309,T_Rq
fold_a,42,1hop,coordinate_plus_frozen_sequence_fm_plus_topology_control_plus_frozen_pangenomefm_pair,chromosome,chr22,3884,0.6251287332646756,0.2691151875722792,0.8646932762459945,0.9107676512905098,0.7811534500514933,0.7749128919860627,0.915980230642504,0.8395620989052472,0.4615867247095123,0.1520336021207602,0.0825355570238434,T_Rq
fold_a,42,1hop,coordinate_plus_frozen_sequence_fm_plus_topology_control_plus_frozen_pangenomefm_pair,chromosome,chr7,11102,0.6327688704737885,0.2691151875722792,0.8709385433605933,0.9195017583379336,0.7868852459016393,0.7805612429242442,0.9225622775800713,0.8456419624217119,0.4461775737777398,0.1472426263880313,0.0779451980055091,T_Rq
fold_a,42,1hop,coordinate_plus_frozen_sequence_fm_plus_topology_control_plus_frozen_pangenomefm_pair,sv_class,DEL,16270,0.0,0.2691151875722792,,,0.545359557467732,0.0,0.0,0.0,0.447930375483736,0.149242800158434,0.2927887379548854,T_Rq
fold_a,42,1hop,coordinate_plus_frozen_sequence_fm_plus_topology_control_plus_frozen_pangenomefm_pair,sv_class,INS,26947,1.0,0.2691151875722792,,,0.9255204661001224,1.0,0.9255204661001224,0.961319791084472,0.4382251997789405,0.1431584659648281,0.2868216847829315,T_Rq
fold_a,42,1hop,coordinate_plus_frozen_sequence_fm_plus_topology_control_plus_frozen_pangenomefm_pair,length_bin,bp>=1e+06,4,1.0,0.2691151875722792,,,1.0,1.0,1.0,1.0,0.1286397361392152,0.0145727129393929,0.1207080155725039,T_Rq
fold_a,42,1hop,coordinate_plus_frozen_sequence_fm_plus_topology_control_plus_frozen_pangenomefm_pair,length_bin,"bp[100,500)",19281,0.6574866448835641,0.2691151875722792,0.8798407523423502,0.9315448539873206,0.7990768113687049,0.7956209282020283,0.9344482132996764,0.8594645577885801,0.4245940814289429,0.1391213360994951,0.0798354311739697,T_Rq
fold_a,42,1hop,coordinate_plus_frozen_sequence_fm_plus_topology_control_plus_frozen_pangenomefm_pair,length_bin,"bp[1000,10000)",4713,0.5987693613409718,0.2691151875722792,0.9195811147660914,0.942991413090246,0.8088266496923403,0.7727918205055382,0.9642097802976612,0.8579536496925745,0.3551900879634974,0.1118040351439572,0.0397410449415629,T_Rq
fold_a,42,1hop,coordinate_plus_frozen_sequence_fm_plus_topology_control_plus_frozen_pangenomefm_pair,length_bin,"bp[10000,100000)",662,0.6525679758308157,0.2691151875722792,0.828960346215781,0.8890290112905251,0.770392749244713,0.7564102564102564,0.9560185185185184,0.8445807770961146,0.4808451451085856,0.1573905083620197,0.0437626403738839,T_Rq
fold_a,42,1hop,coordinate_plus_frozen_sequence_fm_plus_topology_control_plus_frozen_pangenomefm_pair,length_bin,"bp[100000,1e+06)",37,0.5675675675675675,0.2691151875722792,0.6398809523809523,0.685522018574795,0.5945945945945946,0.59375,0.9047619047619048,0.7169811320754716,0.7929232119059894,0.258056590309395,0.2788616041823379,T_Rq
fold_a,42,1hop,coordinate_plus_frozen_sequence_fm_plus_topology_control_plus_frozen_pangenomefm_pair,length_bin,"bp[50,100)",15326,0.5807125146809343,0.2691151875722792,0.8398157152998527,0.8745071923127535,0.7495758841184914,0.7344386809929604,0.8908988764044944,0.8051380991064175,0.504251628714138,0.1690991010669283,0.0825693815535842,T_Rq
fold_a,42,1hop,coordinate_plus_frozen_sequence_fm_plus_topology_control_plus_frozen_pangenomefm_pair,length_bin,"bp[500,1000)",3194,0.6546649968691296,0.2691151875722792,0.9104323108187616,0.9510014046841364,0.80463368816531,0.7877599058454295,0.9603060736489718,0.8655172413793103,0.3630994469130377,0.1161956536579534,0.0444763318581038,T_Rq
fold_a,42,1hop,coordinate_plus_frozen_sequence_fm_plus_topology_control_plus_frozen_pangenomefm_pair,allele_frequency_bin,"af[0.001,0.01)",11561,0.6030620188565003,0.2691151875722792,0.8074661751323071,0.8614076398061604,0.7289161837211314,0.7190139237616983,0.9036144578313252,0.800813524850642,0.5325810609153079,0.1801400109219359,0.0675349222487127,T_Rq
fold_a,42,1hop,coordinate_plus_frozen_sequence_fm_plus_topology_control_plus_frozen_pangenomefm_pair,allele_frequency_bin,"af[0.01,0.05)",14805,0.6430935494765282,0.2691151875722792,0.8652467977674914,0.9186824918402088,0.7816953731847349,0.7790893760539629,0.9219619787837412,0.8445256878968636,0.4529366745910081,0.1496163391190801,0.082479693519481,T_Rq
fold_a,42,1hop,coordinate_plus_frozen_sequence_fm_plus_topology_control_plus_frozen_pangenomefm_pair,allele_frequency_bin,"af[0.05,0.5)",14697,0.6236646934748589,0.2691151875722792,0.9032273631340116,0.9381052757998464,0.8079880247669592,0.7924580490503411,0.9377045603316604,0.8589846092344593,0.3923318712815439,0.1266155670462991,0.0665258067525226,T_Rq
fold_a,42,1hop,coordinate_plus_frozen_sequence_fm_plus_topology_control_plus_frozen_pangenomefm_pair,allele_frequency_bin,"af[0.5,1)",2154,0.5979572887650882,0.2691151875722792,0.978883063417153,0.9817360190670142,0.8997214484679665,0.8666210670314638,0.9836956521739132,0.9214545454545454,0.2171230467859298,0.0591151277279501,0.0720226932540125,T_Rq
fold_a,42,1hop,coordinate_plus_frozen_sequence_fm_plus_topology_control_plus_frozen_pangenomefm_pair,breakpoint_mapping_distance,overlap,43217,0.623527778420529,0.2691151875722792,0.872225850972141,0.9166543024700304,0.7824004442696161,0.771252744534125,0.9255204661001224,0.8413737264691991,0.441878928837344,0.1454490487755268,0.0686144612842092,T_Rq
fold_a,42,1hop,coordinate_plus_frozen_sequence_fm_pair,chromosome,chr12,7786,0.6203442075520165,0.2842584257938669,0.8009250582035485,0.8665109989325679,0.7170562548163371,0.7117523778816701,0.91407867494824,0.8003262938457355,0.5390134319631459,0.1816763008034508,0.081671562766565,Rt_Q
fold_a,42,1hop,coordinate_plus_frozen_sequence_fm_pair,chromosome,chr17,6605,0.6183194549583648,0.2842584257938669,0.7951545412268579,0.8659233781833762,0.703557910673732,0.7019376899696048,0.9047502448579824,0.790543431750107,0.5470371321962507,0.1855453018953495,0.090134602392525,Rt_Q
fold_a,42,1hop,coordinate_plus_frozen_sequence_fm_pair,chromosome,chr2,13840,0.619942196531792,0.2842584257938669,0.7881056839231745,0.8531575928948311,0.7114884393063584,0.7073126638344029,0.912004662004662,0.7967214783892481,0.5542411924874462,0.1876086257861152,0.0870978368930423,Rt_Q
fold_a,42,1hop,coordinate_plus_frozen_sequence_fm_pair,chromosome,chr22,3884,0.6251287332646756,0.2842584257938669,0.7829407258721509,0.8552344754706989,0.6979917610710608,0.6990168093878846,0.9077429983525536,0.7898226124350475,0.5590276180979277,0.1892945520365173,0.0861043497104808,Rt_Q
fold_a,42,1hop,coordinate_plus_frozen_sequence_fm_pair,chromosome,chr7,11102,0.6327688704737885,0.2842584257938669,0.7919040673441937,0.8685158068173873,0.7157268960547649,0.7169938306225463,0.9098932384341636,0.8020075282308657,0.5480793774750392,0.1859678094233906,0.0946949197585217,Rt_Q
fold_a,42,1hop,coordinate_plus_frozen_sequence_fm_pair,sv_class,DEL,16270,0.0,0.2842584257938669,,,0.3812538414259373,0.0,0.0,0.0,0.5516176522040234,0.1846348365419722,0.3768754469010318,Rt_Q
fold_a,42,1hop,coordinate_plus_frozen_sequence_fm_pair,sv_class,INS,26947,1.0,0.2842584257938669,,,0.9103425242141984,1.0,0.9103425242141984,0.9530673297330898,0.5478108234500435,0.1867513136061422,0.3686057554655338,Rt_Q
fold_a,42,1hop,coordinate_plus_frozen_sequence_fm_pair,length_bin,bp>=1e+06,4,1.0,0.2842584257938669,,,1.0,1.0,1.0,1.0,0.4880686526098495,0.1609551788453583,0.3698240869172646,Rt_Q
fold_a,42,1hop,coordinate_plus_frozen_sequence_fm_pair,length_bin,"bp[100,500)",19281,0.6574866448835641,0.2842584257938669,0.8233739563349297,0.8931706006828379,0.7522950054457757,0.7564427134047387,0.9192237911177724,0.8299266434014672,0.5244329294627126,0.1755571744157366,0.1229337863930405,Rt_Q
fold_a,42,1hop,coordinate_plus_frozen_sequence_fm_pair,length_bin,"bp[1000,10000)",4713,0.5987693613409718,0.2842584257938669,0.8173090220714256,0.8858439945191616,0.6293231487375345,0.6215788283193847,0.973777462792346,0.7588016015463206,0.5236135565379959,0.177772667028592,0.0882554647735981,Rt_Q
fold_a,42,1hop,coordinate_plus_frozen_sequence_fm_pair,length_bin,"bp[10000,100000)",662,0.6525679758308157,0.2842584257938669,0.7225593800322061,0.8443206221695498,0.6555891238670695,0.6588785046728972,0.9791666666666666,0.7877094972067039,0.5848062081607177,0.2032837016376177,0.0743768445487384,Rt_Q
fold_a,42,1hop,coordinate_plus_frozen_sequence_fm_pair,length_bin,"bp[100000,1e+06)",37,0.5675675675675675,0.2842584257938669,0.6934523809523809,0.8024519170080844,0.5945945945945946,0.5833333333333334,1.0,0.7368421052631579,0.6481207775435268,0.2300741721837086,0.2969084455739627,Rt_Q
fold_a,42,1hop,coordinate_plus_frozen_sequence_fm_pair,length_bin,"bp[50,100)",15326,0.5807125146809343,0.2842584257938669,0.7533577600828096,0.8006111054774561,0.6832833094088477,0.6786786786786787,0.863370786516854,0.7599643952131342,0.6054759593782005,0.2084165581415911,0.1010201917157842,Rt_Q
fold_a,42,1hop,coordinate_plus_frozen_sequence_fm_pair,length_bin,"bp[500,1000)",3194,0.6546649968691296,0.2842584257938669,0.8617654212913524,0.9284001881326832,0.7298058860363181,0.721820809248555,0.9555236728837876,0.8223914385676065,0.4585774731751407,0.148939709774178,0.0589320847031526,Rt_Q
fold_a,42,1hop,coordinate_plus_frozen_sequence_fm_pair,allele_frequency_bin,"af[0.001,0.01)",11561,0.6030620188565003,0.2842584257938669,0.7376557876745595,0.8110911823087679,0.6677623042989361,0.6639095382682442,0.909495123350545,0.7675361617139744,0.595308117498797,0.205139487778281,0.0592755537885125,Rt_Q
fold_a,42,1hop,coordinate_plus_frozen_sequence_fm_pair,allele_frequency_bin,"af[0.01,0.05)",14805,0.6430935494765282,0.2842584257938669,0.7901848962741511,0.8711548901611736,0.7187436676798379,0.7246498364505577,0.9074677029723768,0.8058198097369894,0.5530990106155552,0.1877149844713106,0.1065767625112799,Rt_Q
fold_a,42,1hop,coordinate_plus_frozen_sequence_fm_pair,allele_frequency_bin,"af[0.05,0.5)",14697,0.6236646934748589,0.2842584257938669,0.8144202338332813,0.8786567607957563,0.7236170647070831,0.721335646140503,0.9073750818241326,0.8037301894085813,0.5308696702327849,0.1783068797776593,0.096053314349874,Rt_Q
fold_a,42,1hop,coordinate_plus_frozen_sequence_fm_pair,allele_frequency_bin,"af[0.5,1)",2154,0.5979572887650882,0.2842584257938669,0.9161015520778046,0.9293122978386904,0.8068709377901578,0.773525721455458,0.9572981366459627,0.8556557945870923,0.4008811136906484,0.1230651174038456,0.0985188844200562,Rt_Q
fold_a,42,1hop,coordinate_plus_frozen_sequence_fm_pair,breakpoint_mapping_distance,overlap,43217,0.623527778420529,0.2842584257938669,0.7921017146521927,0.8617182305006181,0.7111553323923456,0.7090294236661079,0.9103425242141984,0.7971728003899585,0.5492439887282269,0.1859545187838721,0.0879527910648576,Rt_Q
fold_a,42,1hop,coordinate_plus_frozen_sequence_fm_plus_frozen_pangenomefm_pair,chromosome,chr12,7786,0.6203442075520165,0.2695445588271953,0.8803829177137701,0.9200796027684134,0.7878243000256872,0.7709754433833561,0.9360248447204969,0.8455208528146624,0.4253988495822515,0.139135579666223,0.0607301667176701,Rt_Q
fold_a,42,1hop,coordinate_plus_frozen_sequence_fm_plus_frozen_pangenomefm_pair,chromosome,chr17,6605,0.6183194549583648,0.2695445588271953,0.8652238920783343,0.9127285548088216,0.7704769114307343,0.7560829676904667,0.928256611165524,0.8333699714222906,0.4494412694275124,0.1488842299613686,0.0650467633659518,Rt_Q
fold_a,42,1hop,coordinate_plus_frozen_sequence_fm_plus_frozen_pangenomefm_pair,chromosome,chr2,13840,0.619942196531792,0.2695445588271953,0.857642962234217,0.9060531615161338,0.7677023121387283,0.7530899141428437,0.9303030303030304,0.8323687366390323,0.4585512418358477,0.1524390396666834,0.0629309712346525,Rt_Q
fold_a,42,1hop,coordinate_plus_frozen_sequence_fm_plus_frozen_pangenomefm_pair,chromosome,chr22,3884,0.6251287332646756,0.2695445588271953,0.857401967883846,0.9086838390579276,0.7672502574665293,0.7572586090479406,0.9238056013179572,0.8322820037105751,0.4645817978078431,0.1536092177852269,0.0708510495582167,Rt_Q
fold_a,42,1hop,coordinate_plus_frozen_sequence_fm_plus_frozen_pangenomefm_pair,chromosome,chr7,11102,0.6327688704737885,0.2695445588271953,0.8639473585437621,0.9156088125563104,0.7772473428211133,0.7726401533301389,0.9181494661921707,0.8391335458270994,0.4568801463931953,0.150964936571144,0.0796826517460449,Rt_Q
fold_a,42,1hop,coordinate_plus_frozen_sequence_fm_plus_frozen_pangenomefm_pair,sv_class,DEL,16270,0.0,0.2695445588271953,,,0.5205900430239705,0.0,0.0,0.0,0.4640900637251014,0.1559664050096615,0.3039707912488027,Rt_Q
fold_a,42,1hop,coordinate_plus_frozen_sequence_fm_plus_frozen_pangenomefm_pair,sv_class,INS,26947,1.0,0.2695445588271953,,,0.9272646305711212,1.0,0.9272646305711212,0.9622597912735394,0.4435758327665336,0.1451554454798835,0.292068690861555,Rt_Q
fold_a,42,1hop,coordinate_plus_frozen_sequence_fm_plus_frozen_pangenomefm_pair,length_bin,bp>=1e+06,4,1.0,0.2695445588271953,,,1.0,1.0,1.0,1.0,0.1821688622930678,0.028779204972341,0.1657887160068132,Rt_Q
fold_a,42,1hop,coordinate_plus_frozen_sequence_fm_plus_frozen_pangenomefm_pair,length_bin,"bp[100,500)",19281,0.6574866448835641,0.2695445588271953,0.8715711389833226,0.9273174830215032,0.7891188216378818,0.7849248891535967,0.9356314585469748,0.8536778465524687,0.4354484087196839,0.1432991378600261,0.0798027510985619,Rt_Q
fold_a,42,1hop,coordinate_plus_frozen_sequence_fm_plus_frozen_pangenomefm_pair,length_bin,"bp[1000,10000)",4713,0.5987693613409718,0.2695445588271953,0.9132453851864984,0.9401692869482992,0.793549755994059,0.7553162109914389,0.9691708008504608,0.8489833928294273,0.367079974640038,0.1174598227446939,0.036864563795147,Rt_Q
fold_a,42,1hop,coordinate_plus_frozen_sequence_fm_plus_frozen_pangenomefm_pair,length_bin,"bp[10000,100000)",662,0.6525679758308157,0.2695445588271953,0.8132296698872786,0.8909985078442889,0.7326283987915407,0.7256637168141593,0.949074074074074,0.8224674022066198,0.5043705868605364,0.1677646777526108,0.0568752701039098,Rt_Q
fold_a,42,1hop,coordinate_plus_frozen_sequence_fm_plus_frozen_pangenomefm_pair,length_bin,"bp[100000,1e+06)",37,0.5675675675675675,0.2695445588271953,0.625,0.7195372353810732,0.5945945945945946,0.5882352941176471,0.9523809523809524,0.7272727272727273,0.8998510009337579,0.3020006088368136,0.3136723043161751,Rt_Q
fold_a,42,1hop,coordinate_plus_frozen_sequence_fm_plus_frozen_pangenomefm_pair,length_bin,"bp[50,100)",15326,0.5807125146809343,0.2695445588271953,0.8334568046944122,0.8687065227239588,0.7464439514550437,0.7310173239955768,0.8913483146067416,0.8032604293236127,0.512699373565404,0.1724845999729109,0.086596265369318,Rt_Q
fold_a,42,1hop,coordinate_plus_frozen_sequence_fm_plus_frozen_pangenomefm_pair,length_bin,"bp[500,1000)",3194,0.6546649968691296,0.2695445588271953,0.9119992733178892,0.951730268009846,0.7986850344395742,0.7784615384615384,0.9679579148732664,0.862929013003624,0.3607725495039695,0.1148058991780818,0.0459241599945768,Rt_Q
fold_a,42,1hop,coordinate_plus_frozen_sequence_fm_plus_frozen_pangenomefm_pair,allele_frequency_bin,"af[0.001,0.01)",11561,0.6030620188565003,0.2695445588271953,0.8023074616431045,0.8586298246952997,0.7232073350056224,0.7121007647323436,0.9082042455536432,0.7982854261220373,0.5347420591843735,0.1814090662893445,0.0665946164407296,Rt_Q
fold_a,42,1hop,coordinate_plus_frozen_sequence_fm_plus_frozen_pangenomefm_pair,allele_frequency_bin,"af[0.01,0.05)",14805,0.6430935494765282,0.2695445588271953,0.856787808232346,0.9148149328143756,0.7740628166160081,0.7711626273270109,0.9223821027203024,0.8400210435697546,0.4638341036864714,0.1539915218621721,0.082429941291316,Rt_Q
fold_a,42,1hop,coordinate_plus_frozen_sequence_fm_plus_frozen_pangenomefm_pair,allele_frequency_bin,"af[0.05,0.5)",14697,0.6236646934748589,0.2695445588271953,0.8955040782769113,0.933448892610921,0.7973736136626522,0.7806094685289316,0.9390137464542876,0.8525158478605388,0.4043015811470892,0.1312529901566589,0.0670339840581957,Rt_Q
fold_a,42,1hop,coordinate_plus_frozen_sequence_fm_plus_frozen_pangenomefm_pair,allele_frequency_bin,"af[0.5,1)",2154,0.5979572887650882,0.2695445588271953,0.9751965200177872,0.981954694914332,0.8899721448467967,0.8548278190411884,0.9829192546583853,0.914409534127844,0.2379508416618663,0.0663590092760561,0.0744819228937683,Rt_Q
fold_a,42,1hop,coordinate_plus_frozen_sequence_fm_plus_frozen_pangenomefm_pair,breakpoint_mapping_distance,overlap,43217,0.623527778420529,0.2695445588271953,0.8645941021653993,0.9122974890993452,0.7741629451373302,0.7621008326470857,0.9272646305711212,0.8366089664177855,0.4512988708694999,0.1492254714314647,0.0676763828823913,Rt_Q
fold_a,42,1hop,coordinate_plus_frozen_sequence_fm_plus_topology_control_pair,chromosome,chr12,7786,0.6203442075520165,0.2583653300249253,0.8638454755320967,0.9055524522221448,0.7789622399178012,0.7654089124124979,0.9281573498964804,0.8389632263497707,0.4604170093588839,0.1494512289437633,0.0699032998890107,Rt_Q
fold_a,42,1hop,coordinate_plus_frozen_sequence_fm_plus_topology_control_pair,chromosome,chr17,6605,0.6183194549583648,0.2583653300249253,0.8479176484620277,0.8976810747639489,0.7598788796366389,0.7504009623095429,0.9165034280117532,0.8251763668430335,0.4855067042608592,0.15996797932921,0.0764790381774177,Rt_Q
fold_a,42,1hop,coordinate_plus_frozen_sequence_fm_plus_topology_control_pair,chromosome,chr2,13840,0.619942196531792,0.2583653300249253,0.838856457230982,0.885959234934831,0.7552023121387283,0.7444904878508194,0.9213286713286714,0.8235232836753829,0.4914359819727204,0.1616223571790352,0.0658588564466052,Rt_Q
fold_a,42,1hop,coordinate_plus_frozen_sequence_fm_plus_topology_control_pair,chromosome,chr22,3884,0.6251287332646756,0.2583653300249253,0.8402573795644224,0.8921177598050447,0.7551493305870237,0.7482352941176471,0.9168039538714992,0.8239866740699612,0.4952980219240452,0.162786077557213,0.077240637329877,Rt_Q
fold_a,42,1hop,coordinate_plus_frozen_sequence_fm_plus_topology_control_pair,chromosome,chr7,11102,0.6327688704737885,0.2583653300249253,0.8483793557645223,0.9031366878527586,0.7695009908124663,0.7621507396102372,0.9241281138790036,0.8353599691179309,0.4817875611037369,0.1584612778798426,0.0795252551078568,Rt_Q
fold_a,42,1hop,coordinate_plus_frozen_sequence_fm_plus_topology_control_pair,sv_class,DEL,16270,0.0,0.2583653300249253,,,0.501720958819914,0.0,0.0,0.0,0.4976750464237282,0.1674768302392485,0.3248813517720897,Rt_Q
fold_a,42,1hop,coordinate_plus_frozen_sequence_fm_plus_topology_control_pair,sv_class,INS,26947,1.0,0.2583653300249253,,,0.9221434668052102,1.0,0.9221434668052102,0.9594949416943394,0.4738346614549418,0.1530307418133772,0.3122244699163644,Rt_Q
fold_a,42,1hop,coordinate_plus_frozen_sequence_fm_plus_topology_control_pair,length_bin,bp>=1e+06,4,1.0,0.2583653300249253,,,1.0,1.0,1.0,1.0,0.1967844583406448,0.0366865913793989,0.1752448260028081,Rt_Q
fold_a,42,1hop,coordinate_plus_frozen_sequence_fm_plus_topology_control_pair,length_bin,"bp[100,500)",19281,0.6574866448835641,0.2583653300249253,0.8584353011389015,0.9126339535127856,0.7827394844665733,0.781245858184228,0.9299518813599432,0.8491374653365505,0.4645699400785627,0.151067774148673,0.0909161202227987,Rt_Q
fold_a,42,1hop,coordinate_plus_frozen_sequence_fm_plus_topology_control_pair,length_bin,"bp[1000,10000)",4713,0.5987693613409718,0.2583653300249253,0.9037592182897763,0.9351827996236566,0.7604498196477827,0.723292007385914,0.9716513111268604,0.8292756691365493,0.4006763898418203,0.1265876463818364,0.0706301526645888,Rt_Q
fold_a,42,1hop,coordinate_plus_frozen_sequence_fm_plus_topology_control_pair,length_bin,"bp[10000,100000)",662,0.6525679758308157,0.2583653300249253,0.8303190418679549,0.8956676715483812,0.7145015105740181,0.7035175879396985,0.9722222222222222,0.8163265306122449,0.4806482982721986,0.1570426758174174,0.0731894626468976,Rt_Q
fold_a,42,1hop,coordinate_plus_frozen_sequence_fm_plus_topology_control_pair,length_bin,"bp[100000,1e+06)",37,0.5675675675675675,0.2583653300249253,0.6696428571428572,0.7305305876681643,0.6216216216216216,0.6,1.0,0.75,0.6979526262393537,0.2486391049385381,0.2401401801431515,Rt_Q
fold_a,42,1hop,coordinate_plus_frozen_sequence_fm_plus_topology_control_pair,length_bin,"bp[50,100)",15326,0.5807125146809343,0.2583653300249253,0.81035282402599,0.8422738443944622,0.7393318543651312,0.726642639312448,0.8834831460674157,0.7974240657167486,0.547806355332996,0.1838329324517753,0.0900387148497491,Rt_Q
fold_a,42,1hop,coordinate_plus_frozen_sequence_fm_plus_topology_control_pair,length_bin,"bp[500,1000)",3194,0.6546649968691296,0.2583653300249253,0.8923836257188236,0.9399363632002048,0.7842830306825297,0.7677616501145913,0.9612625538020086,0.8536844340624337,0.4005491632020028,0.1278929021553564,0.0496055977567038,Rt_Q
fold_a,42,1hop,coordinate_plus_frozen_sequence_fm_plus_topology_control_pair,allele_frequency_bin,"af[0.001,0.01)",11561,0.6030620188565003,0.2583653300249253,0.7904499422213337,0.8446657143109331,0.7147305596401695,0.7007650273224044,0.9196787148594378,0.7954348095769755,0.5470980085129115,0.1839750306569728,0.059493202417176,Rt_Q
fold_a,42,1hop,coordinate_plus_frozen_sequence_fm_plus_topology_control_pair,allele_frequency_bin,"af[0.01,0.05)",14805,0.6430935494765282,0.2583653300249253,0.8425136721161661,0.9012234907935176,0.7659574468085106,0.7658005617977528,0.916290305640164,0.8343135848515277,0.490539053762849,0.1615642684377022,0.0876623091317942,Rt_Q
fold_a,42,1hop,coordinate_plus_frozen_sequence_fm_plus_topology_control_pair,allele_frequency_bin,"af[0.05,0.5)",14697,0.6236646934748589,0.2583653300249253,0.8728232058664603,0.9153235702880212,0.7842416819759135,0.7739694726259025,0.9238490072005237,0.8422937285522455,0.4516130697680895,0.1462506117360466,0.0787880444448574,Rt_Q
fold_a,42,1hop,coordinate_plus_frozen_sequence_fm_plus_topology_control_pair,allele_frequency_bin,"af[0.5,1)",2154,0.5979572887650882,0.2583653300249253,0.9590992712980362,0.9656863431708188,0.8741875580315692,0.845213849287169,0.966614906832298,0.9018471568272364,0.2974965523593385,0.0836712457323716,0.0880593761731515,Rt_Q
fold_a,42,1hop,coordinate_plus_frozen_sequence_fm_plus_topology_control_pair,breakpoint_mapping_distance,overlap,43217,0.623527778420529,0.2583653300249253,0.8473630520462792,0.8962608313829933,0.7638660712219728,0.7540053404539386,0.9221434668052102,0.829641253359598,0.4828099041474506,0.1584692928161984,0.0723718258440976,Rt_Q
fold_a,42,1hop,coordinate_plus_frozen_sequence_fm_plus_topology_control_plus_frozen_pangenomefm_pair,chromosome,chr12,7786,0.6203442075520165,0.2822991932581791,0.8850109753261781,0.9234154946501244,0.7948882609812484,0.7823580786026201,0.927329192546584,0.8486972998578872,0.4190871957468027,0.1367593968117992,0.0615790947776833,Rt_Q
fold_a,42,1hop,coordinate_plus_frozen_sequence_fm_plus_topology_control_plus_frozen_pangenomefm_pair,chromosome,chr17,6605,0.6183194549583648,0.2822991932581791,0.8706396145055384,0.9161758749124592,0.7783497350492051,0.7672378620971032,0.9209108716944172,0.8370799020698865,0.4427622248611522,0.1461703459725606,0.06513749632473,Rt_Q
fold_a,42,1hop,coordinate_plus_frozen_sequence_fm_plus_topology_control_plus_frozen_pangenomefm_pair,chromosome,chr2,13840,0.619942196531792,0.2822991932581791,0.862328343392982,0.9088909609989256,0.772471098265896,0.7602798811463625,0.9244755244755244,0.8343764792510387,0.4515844608719895,0.1496663354705047,0.0603016648422878,Rt_Q
fold_a,42,1hop,coordinate_plus_frozen_sequence_fm_plus_topology_control_plus_frozen_pangenomefm_pair,chromosome,chr22,3884,0.6251287332646756,0.2822991932581791,0.8605907838043338,0.9096340882946988,0.7693099897013388,0.7596610169491526,0.922981878088962,0.8333953142432131,0.456646032154624,0.1505691092252006,0.0613978127639141,Rt_Q
fold_a,42,1hop,coordinate_plus_frozen_sequence_fm_plus_topology_control_plus_frozen_pangenomefm_pair,chromosome,chr7,11102,0.6327688704737885,0.2822991932581791,0.8698546572780033,0.919633353012696,0.7830120698973158,0.7824278022515908,0.9101779359430604,0.8414818714219912,0.4481559753245545,0.1476659607224666,0.0773963046373219,Rt_Q
fold_a,42,1hop,coordinate_plus_frozen_sequence_fm_plus_topology_control_plus_frozen_pangenomefm_pair,sv_class,DEL,16270,0.0,0.2822991932581791,,,0.5467117393976644,0.0,0.0,0.0,0.4589705373908993,0.1539170628321213,0.2991644401521341,Rt_Q
fold_a,42,1hop,coordinate_plus_frozen_sequence_fm_plus_topology_control_plus_frozen_pangenomefm_pair,sv_class,INS,26947,1.0,0.2822991932581791,,,0.92058485174602,1.0,0.92058485174602,0.958650539088766,0.4348898401808247,0.1418196157468403,0.2856632620921472,Rt_Q
fold_a,42,1hop,coordinate_plus_frozen_sequence_fm_plus_topology_control_plus_frozen_pangenomefm_pair,length_bin,bp>=1e+06,4,1.0,0.2822991932581791,,,1.0,1.0,1.0,1.0,0.1008241926005442,0.0097301420017031,0.0955865979229177,Rt_Q
fold_a,42,1hop,coordinate_plus_frozen_sequence_fm_plus_topology_control_plus_frozen_pangenomefm_pair,length_bin,"bp[100,500)",19281,0.6574866448835641,0.2822991932581791,0.8770910927314055,0.9303984411229328,0.7953944297494944,0.7938484318212411,0.9304251794588624,0.8567278009805702,0.4266877914866133,0.1399151343052135,0.0766795421851731,Rt_Q
fold_a,42,1hop,coordinate_plus_frozen_sequence_fm_plus_topology_control_plus_frozen_pangenomefm_pair,length_bin,"bp[1000,10000)",4713,0.5987693613409718,0.2822991932581791,0.9195786786677616,0.9445086084003016,0.8028856354763421,0.7653490328006728,0.9673990077958894,0.8545938331507278,0.3547131463610832,0.1126824223264271,0.0389691967854514,Rt_Q
fold_a,42,1hop,coordinate_plus_frozen_sequence_fm_plus_topology_control_plus_frozen_pangenomefm_pair,length_bin,"bp[10000,100000)",662,0.6525679758308157,0.2822991932581791,0.8296547906602254,0.8998275807425392,0.7447129909365559,0.7360861759425493,0.949074074074074,0.8291203235591507,0.4772636915432167,0.1576239558567805,0.0405002787109582,Rt_Q
fold_a,42,1hop,coordinate_plus_frozen_sequence_fm_plus_topology_control_plus_frozen_pangenomefm_pair,length_bin,"bp[100000,1e+06)",37,0.5675675675675675,0.2822991932581791,0.5982142857142857,0.6818219743448937,0.5945945945945946,0.5882352941176471,0.9523809523809524,0.7272727272727273,0.8692403861836832,0.2891340210062912,0.3225045145507405,Rt_Q
fold_a,42,1hop,coordinate_plus_frozen_sequence_fm_plus_topology_control_plus_frozen_pangenomefm_pair,length_bin,"bp[50,100)",15326,0.5807125146809343,0.2822991932581791,0.8365851072014323,0.8709091431380337,0.7497063813128018,0.738913002453293,0.8798876404494382,0.8032618730126166,0.5087023674685182,0.1707981595869445,0.0836266851508488,Rt_Q
fold_a,42,1hop,coordinate_plus_frozen_sequence_fm_plus_topology_control_plus_frozen_pangenomefm_pair,length_bin,"bp[500,1000)",3194,0.6546649968691296,0.2822991932581791,0.9128193921798424,0.9521962535149506,0.8055729492798999,0.7866614664586583,0.9646102343376376,0.8665950590762621,0.3577991739405513,0.1140674091714176,0.0486040929965316,Rt_Q
fold_a,42,1hop,coordinate_plus_frozen_sequence_fm_plus_topology_control_plus_frozen_pangenomefm_pair,allele_frequency_bin,"af[0.001,0.01)",11561,0.6030620188565003,0.2822991932581791,0.807042602436643,0.8618413935095464,0.7274457226883487,0.7183179065249686,0.9016064257028112,0.7995929529987916,0.5293913241974977,0.1792452665843023,0.0646059156678202,Rt_Q
fold_a,42,1hop,coordinate_plus_frozen_sequence_fm_plus_topology_control_plus_frozen_pangenomefm_pair,allele_frequency_bin,"af[0.01,0.05)",14805,0.6430935494765282,0.2822991932581791,0.8617384965430813,0.917512857306046,0.7786558595069233,0.7792486583184257,0.91502993383048,0.841698468673011,0.4560334195402125,0.1510485699086601,0.0795376472074689,Rt_Q
fold_a,42,1hop,coordinate_plus_frozen_sequence_fm_plus_topology_control_plus_frozen_pangenomefm_pair,allele_frequency_bin,"af[0.05,0.5)",14697,0.6236646934748589,0.2822991932581791,0.9004936885401795,0.9368463813994776,0.80526638089406,0.7921223354958294,0.932467815841152,0.8565844858689116,0.3959552940631645,0.1279718450752341,0.0645300740344902,Rt_Q
fold_a,42,1hop,coordinate_plus_frozen_sequence_fm_plus_topology_control_plus_frozen_pangenomefm_pair,allele_frequency_bin,"af[0.5,1)",2154,0.5979572887650882,0.2822991932581791,0.9771249623456172,0.9837648574026252,0.8955431754874652,0.863791923340178,0.9798136645962732,0.9181520552928336,0.2298998767484537,0.0633765024415841,0.0750041850035025,Rt_Q
fold_a,42,1hop,coordinate_plus_frozen_sequence_fm_plus_topology_control_plus_frozen_pangenomefm_pair,breakpoint_mapping_distance,overlap,43217,0.623527778420529,0.2822991932581791,0.8695360299893466,0.9154817777134034,0.7798320105514034,0.7708346280529489,0.92058485174602,0.8390806541629319,0.443955553756684,0.1463739685264761,0.0654918777870251,Rt_Q
fold_a,42,1hop,coordinate_plus_frozen_sequence_fm_pair,chromosome,chr12,7786,0.6203442075520165,0.2842584257938669,0.8009250582035485,0.8665109989325679,0.7170562548163371,0.7117523778816701,0.91407867494824,0.8003262938457355,0.5390134319631459,0.1816763008034508,0.081671562766565,Rt_Rq
fold_a,42,1hop,coordinate_plus_frozen_sequence_fm_pair,chromosome,chr17,6605,0.6183194549583648,0.2842584257938669,0.7951545412268579,0.8659233781833762,0.703557910673732,0.7019376899696048,0.9047502448579824,0.790543431750107,0.5470371321962507,0.1855453018953495,0.090134602392525,Rt_Rq
fold_a,42,1hop,coordinate_plus_frozen_sequence_fm_pair,chromosome,chr2,13840,0.619942196531792,0.2842584257938669,0.7881056839231745,0.8531575928948311,0.7114884393063584,0.7073126638344029,0.912004662004662,0.7967214783892481,0.5542411924874462,0.1876086257861152,0.0870978368930423,Rt_Rq
fold_a,42,1hop,coordinate_plus_frozen_sequence_fm_pair,chromosome,chr22,3884,0.6251287332646756,0.2842584257938669,0.7829407258721509,0.8552344754706989,0.6979917610710608,0.6990168093878846,0.9077429983525536,0.7898226124350475,0.5590276180979277,0.1892945520365173,0.0861043497104808,Rt_Rq
fold_a,42,1hop,coordinate_plus_frozen_sequence_fm_pair,chromosome,chr7,11102,0.6327688704737885,0.2842584257938669,0.7919040673441937,0.8685158068173873,0.7157268960547649,0.7169938306225463,0.9098932384341636,0.8020075282308657,0.5480793774750392,0.1859678094233906,0.0946949197585217,Rt_Rq
fold_a,42,1hop,coordinate_plus_frozen_sequence_fm_pair,sv_class,DEL,16270,0.0,0.2842584257938669,,,0.3812538414259373,0.0,0.0,0.0,0.5516176522040234,0.1846348365419722,0.3768754469010318,Rt_Rq
fold_a,42,1hop,coordinate_plus_frozen_sequence_fm_pair,sv_class,INS,26947,1.0,0.2842584257938669,,,0.9103425242141984,1.0,0.9103425242141984,0.9530673297330898,0.5478108234500435,0.1867513136061422,0.3686057554655338,Rt_Rq
fold_a,42,1hop,coordinate_plus_frozen_sequence_fm_pair,length_bin,bp>=1e+06,4,1.0,0.2842584257938669,,,1.0,1.0,1.0,1.0,0.4880686526098495,0.1609551788453583,0.3698240869172646,Rt_Rq
fold_a,42,1hop,coordinate_plus_frozen_sequence_fm_pair,length_bin,"bp[100,500)",19281,0.6574866448835641,0.2842584257938669,0.8233739563349297,0.8931706006828379,0.7522950054457757,0.7564427134047387,0.9192237911177724,0.8299266434014672,0.5244329294627126,0.1755571744157366,0.1229337863930405,Rt_Rq
fold_a,42,1hop,coordinate_plus_frozen_sequence_fm_pair,length_bin,"bp[1000,10000)",4713,0.5987693613409718,0.2842584257938669,0.8173090220714256,0.8858439945191616,0.6293231487375345,0.6215788283193847,0.973777462792346,0.7588016015463206,0.5236135565379959,0.177772667028592,0.0882554647735981,Rt_Rq
fold_a,42,1hop,coordinate_plus_frozen_sequence_fm_pair,length_bin,"bp[10000,100000)",662,0.6525679758308157,0.2842584257938669,0.7225593800322061,0.8443206221695498,0.6555891238670695,0.6588785046728972,0.9791666666666666,0.7877094972067039,0.5848062081607177,0.2032837016376177,0.0743768445487384,Rt_Rq
fold_a,42,1hop,coordinate_plus_frozen_sequence_fm_pair,length_bin,"bp[100000,1e+06)",37,0.5675675675675675,0.2842584257938669,0.6934523809523809,0.8024519170080844,0.5945945945945946,0.5833333333333334,1.0,0.7368421052631579,0.6481207775435268,0.2300741721837086,0.2969084455739627,Rt_Rq
fold_a,42,1hop,coordinate_plus_frozen_sequence_fm_pair,length_bin,"bp[50,100)",15326,0.5807125146809343,0.2842584257938669,0.7533577600828096,0.8006111054774561,0.6832833094088477,0.6786786786786787,0.863370786516854,0.7599643952131342,0.6054759593782005,0.2084165581415911,0.1010201917157842,Rt_Rq
fold_a,42,1hop,coordinate_plus_frozen_sequence_fm_pair,length_bin,"bp[500,1000)",3194,0.6546649968691296,0.2842584257938669,0.8617654212913524,0.9284001881326832,0.7298058860363181,0.721820809248555,0.9555236728837876,0.8223914385676065,0.4585774731751407,0.148939709774178,0.0589320847031526,Rt_Rq
fold_a,42,1hop,coordinate_plus_frozen_sequence_fm_pair,allele_frequency_bin,"af[0.001,0.01)",11561,0.6030620188565003,0.2842584257938669,0.7376557876745595,0.8110911823087679,0.6677623042989361,0.6639095382682442,0.909495123350545,0.7675361617139744,0.595308117498797,0.205139487778281,0.0592755537885125,Rt_Rq
fold_a,42,1hop,coordinate_plus_frozen_sequence_fm_pair,allele_frequency_bin,"af[0.01,0.05)",14805,0.6430935494765282,0.2842584257938669,0.7901848962741511,0.8711548901611736,0.7187436676798379,0.7246498364505577,0.9074677029723768,0.8058198097369894,0.5530990106155552,0.1877149844713106,0.1065767625112799,Rt_Rq
fold_a,42,1hop,coordinate_plus_frozen_sequence_fm_pair,allele_frequency_bin,"af[0.05,0.5)",14697,0.6236646934748589,0.2842584257938669,0.8144202338332813,0.8786567607957563,0.7236170647070831,0.721335646140503,0.9073750818241326,0.8037301894085813,0.5308696702327849,0.1783068797776593,0.096053314349874,Rt_Rq
fold_a,42,1hop,coordinate_plus_frozen_sequence_fm_pair,allele_frequency_bin,"af[0.5,1)",2154,0.5979572887650882,0.2842584257938669,0.9161015520778046,0.9293122978386904,0.8068709377901578,0.773525721455458,0.9572981366459627,0.8556557945870923,0.4008811136906484,0.1230651174038456,0.0985188844200562,Rt_Rq
fold_a,42,1hop,coordinate_plus_frozen_sequence_fm_pair,breakpoint_mapping_distance,overlap,43217,0.623527778420529,0.2842584257938669,0.7921017146521927,0.8617182305006181,0.7111553323923456,0.7090294236661079,0.9103425242141984,0.7971728003899585,0.5492439887282269,0.1859545187838721,0.0879527910648576,Rt_Rq
fold_a,42,1hop,coordinate_plus_frozen_sequence_fm_plus_frozen_pangenomefm_pair,chromosome,chr12,7786,0.6203442075520165,0.2841333944492084,0.8781395946623634,0.916710860795826,0.7898792704854868,0.7763932156455521,0.9287784679089028,0.8457767722473605,0.4314779732384931,0.140500499434689,0.0628349809231297,Rt_Rq
fold_a,42,1hop,coordinate_plus_frozen_sequence_fm_plus_frozen_pangenomefm_pair,chromosome,chr17,6605,0.6183194549583648,0.2841333944492084,0.8617631484171548,0.9085770204087674,0.7713853141559425,0.7621181262729124,0.9162585700293828,0.832110295752724,0.4589952740427849,0.1515677883350405,0.0705332318627264,Rt_Rq
fold_a,42,1hop,coordinate_plus_frozen_sequence_fm_plus_frozen_pangenomefm_pair,chromosome,chr2,13840,0.619942196531792,0.2841333944492084,0.8547988291809585,0.9030129045239292,0.7660404624277457,0.7556470137825421,0.9201631701631702,0.8298297246163548,0.4655962415155977,0.1541329879603861,0.0637923805061252,Rt_Rq
fold_a,42,1hop,coordinate_plus_frozen_sequence_fm_plus_frozen_pangenomefm_pair,chromosome,chr22,3884,0.6251287332646756,0.2841333944492084,0.8555429331788474,0.906188312136302,0.7687950566426365,0.7609140518417462,0.9188632619439868,0.8324626865671642,0.4684384301178519,0.1539164686832033,0.066466629225213,Rt_Rq
fold_a,42,1hop,coordinate_plus_frozen_sequence_fm_plus_frozen_pangenomefm_pair,chromosome,chr7,11102,0.6327688704737885,0.2841333944492084,0.8606744893888728,0.9127091917219904,0.7776977121239417,0.7754805948494741,0.9130249110320284,0.8386506276150628,0.4618257614545535,0.152233664268989,0.078091577460541,Rt_Rq
fold_a,42,1hop,coordinate_plus_frozen_sequence_fm_plus_frozen_pangenomefm_pair,sv_class,DEL,16270,0.0,0.2841333944492084,,,0.5346650276582667,0.0,0.0,0.0,0.4718271498111281,0.159108593199754,0.307889700921995,Rt_Rq
fold_a,42,1hop,coordinate_plus_frozen_sequence_fm_plus_frozen_pangenomefm_pair,sv_class,INS,26947,1.0,0.2841333944492084,,,0.9191375663339147,1.0,0.9191375663339147,0.957865222856038,0.4492143840161246,0.1457474144670299,0.2955627025408039,Rt_Rq
fold_a,42,1hop,coordinate_plus_frozen_sequence_fm_plus_frozen_pangenomefm_pair,length_bin,bp>=1e+06,4,1.0,0.2841333944492084,,,1.0,1.0,1.0,1.0,0.2408633395838394,0.0458908901219455,0.2139879425965057,Rt_Rq
fold_a,42,1hop,coordinate_plus_frozen_sequence_fm_plus_frozen_pangenomefm_pair,length_bin,"bp[100,500)",19281,0.6574866448835641,0.2841333944492084,0.8691513869244448,0.9242645467774262,0.7894300088169701,0.7890640724589064,0.9277431568983198,0.8528025523892394,0.441540390991357,0.1446535464047733,0.0813838128330776,Rt_Rq
fold_a,42,1hop,coordinate_plus_frozen_sequence_fm_plus_frozen_pangenomefm_pair,length_bin,"bp[1000,10000)",4713,0.5987693613409718,0.2841333944492084,0.9084897464621292,0.9360739738671052,0.7922766815192022,0.7560433453737149,0.9642097802976612,0.8475315371437471,0.3790949051997319,0.1209316074157701,0.0429500021214842,Rt_Rq
fold_a,42,1hop,coordinate_plus_frozen_sequence_fm_plus_frozen_pangenomefm_pair,length_bin,"bp[10000,100000)",662,0.6525679758308157,0.2841333944492084,0.8207477858293076,0.8990256171016521,0.7311178247734139,0.7292418772563177,0.9351851851851852,0.8194726166328601,0.4916437882201552,0.1642818833603953,0.0570351550955548,Rt_Rq
fold_a,42,1hop,coordinate_plus_frozen_sequence_fm_plus_frozen_pangenomefm_pair,length_bin,"bp[100000,1e+06)",37,0.5675675675675675,0.2841333944492084,0.6488095238095238,0.764619546201418,0.5945945945945946,0.5882352941176471,0.9523809523809524,0.7272727272727273,0.8227288210108238,0.2847546436559233,0.3452449965997327,Rt_Rq
fold_a,42,1hop,coordinate_plus_frozen_sequence_fm_plus_frozen_pangenomefm_pair,length_bin,"bp[50,100)",15326,0.5807125146809343,0.2841333944492084,0.8300298296597041,0.8640104034842635,0.7467701944408195,0.7352141718998969,0.8813483146067416,0.8016761203945015,0.5187570196024666,0.1739677801761106,0.0852089377832652,Rt_Rq
fold_a,42,1hop,coordinate_plus_frozen_sequence_fm_plus_frozen_pangenomefm_pair,length_bin,"bp[500,1000)",3194,0.6546649968691296,0.2841333944492084,0.9103763788424508,0.9505221133086644,0.8005635566687539,0.7824397824397824,0.9631755141080822,0.8634512325830653,0.3676426038303053,0.1162906712218798,0.0438685559183639,Rt_Rq
fold_a,42,1hop,coordinate_plus_frozen_sequence_fm_plus_frozen_pangenomefm_pair,allele_frequency_bin,"af[0.001,0.01)",11561,0.6030620188565003,0.2841333944492084,0.7993097752901841,0.8552101856995635,0.7249372891618372,0.716290212183436,0.9006024096385542,0.7979412886008387,0.5402878652418937,0.1827689883438438,0.063122679329458,Rt_Rq
fold_a,42,1hop,coordinate_plus_frozen_sequence_fm_plus_frozen_pangenomefm_pair,allele_frequency_bin,"af[0.01,0.05)",14805,0.6430935494765282,0.2841333944492084,0.8543768661187298,0.9118673527227504,0.7736575481256333,0.7745150382630361,0.9141896859573574,0.8385760393082519,0.4696881068152527,0.1552569867725388,0.0831747093779634,Rt_Rq
fold_a,42,1hop,coordinate_plus_frozen_sequence_fm_plus_frozen_pangenomefm_pair,allele_frequency_bin,"af[0.05,0.5)",14697,0.6236646934748589,0.2841333944492084,0.8922604144225397,0.9300032293849896,0.7967612437912499,0.7844057810917794,0.9296312459087932,0.8508662439462779,0.4118461051170633,0.1332427264712286,0.0681680837747891,Rt_Rq
fold_a,42,1hop,coordinate_plus_frozen_sequence_fm_plus_frozen_pangenomefm_pair,allele_frequency_bin,"af[0.5,1)",2154,0.5979572887650882,0.2841333944492084,0.973632966591597,0.9799299345798896,0.8922934076137419,0.8586956521739131,0.9813664596273292,0.9159420289855073,0.2454526904098135,0.0679257542454924,0.0790797995429376,Rt_Rq
fold_a,42,1hop,coordinate_plus_frozen_sequence_fm_plus_frozen_pangenomefm_pair,breakpoint_mapping_distance,overlap,43217,0.623527778420529,0.2841333944492084,0.8617756499367091,0.9091481601710688,0.7743943355623945,0.7658863910448684,0.9191375663339147,0.835542961238741,0.4577274621910259,0.1507775271074589,0.0683796355916927,Rt_Rq
fold_a,42,1hop,coordinate_plus_frozen_sequence_fm_plus_topology_control_pair,chromosome,chr12,7786,0.6203442075520165,0.2583653300249253,0.8638454755320967,0.9055524522221448,0.7789622399178012,0.7654089124124979,0.9281573498964804,0.8389632263497707,0.4604170093588839,0.1494512289437633,0.0699032998890107,Rt_Rq
fold_a,42,1hop,coordinate_plus_frozen_sequence_fm_plus_topology_control_pair,chromosome,chr17,6605,0.6183194549583648,0.2583653300249253,0.8479176484620277,0.8976810747639489,0.7598788796366389,0.7504009623095429,0.9165034280117532,0.8251763668430335,0.4855067042608592,0.15996797932921,0.0764790381774177,Rt_Rq
fold_a,42,1hop,coordinate_plus_frozen_sequence_fm_plus_topology_control_pair,chromosome,chr2,13840,0.619942196531792,0.2583653300249253,0.838856457230982,0.885959234934831,0.7552023121387283,0.7444904878508194,0.9213286713286714,0.8235232836753829,0.4914359819727204,0.1616223571790352,0.0658588564466052,Rt_Rq
fold_a,42,1hop,coordinate_plus_frozen_sequence_fm_plus_topology_control_pair,chromosome,chr22,3884,0.6251287332646756,0.2583653300249253,0.8402573795644224,0.8921177598050447,0.7551493305870237,0.7482352941176471,0.9168039538714992,0.8239866740699612,0.4952980219240452,0.162786077557213,0.077240637329877,Rt_Rq
fold_a,42,1hop,coordinate_plus_frozen_sequence_fm_plus_topology_control_pair,chromosome,chr7,11102,0.6327688704737885,0.2583653300249253,0.8483793557645223,0.9031366878527586,0.7695009908124663,0.7621507396102372,0.9241281138790036,0.8353599691179309,0.4817875611037369,0.1584612778798426,0.0795252551078568,Rt_Rq
fold_a,42,1hop,coordinate_plus_frozen_sequence_fm_plus_topology_control_pair,sv_class,DEL,16270,0.0,0.2583653300249253,,,0.501720958819914,0.0,0.0,0.0,0.4976750464237282,0.1674768302392485,0.3248813517720897,Rt_Rq
fold_a,42,1hop,coordinate_plus_frozen_sequence_fm_plus_topology_control_pair,sv_class,INS,26947,1.0,0.2583653300249253,,,0.9221434668052102,1.0,0.9221434668052102,0.9594949416943394,0.4738346614549418,0.1530307418133772,0.3122244699163644,Rt_Rq
fold_a,42,1hop,coordinate_plus_frozen_sequence_fm_plus_topology_control_pair,length_bin,bp>=1e+06,4,1.0,0.2583653300249253,,,1.0,1.0,1.0,1.0,0.1967844583406448,0.0366865913793989,0.1752448260028081,Rt_Rq
fold_a,42,1hop,coordinate_plus_frozen_sequence_fm_plus_topology_control_pair,length_bin,"bp[100,500)",19281,0.6574866448835641,0.2583653300249253,0.8584353011389015,0.9126339535127856,0.7827394844665733,0.781245858184228,0.9299518813599432,0.8491374653365505,0.4645699400785627,0.151067774148673,0.0909161202227987,Rt_Rq
fold_a,42,1hop,coordinate_plus_frozen_sequence_fm_plus_topology_control_pair,length_bin,"bp[1000,10000)",4713,0.5987693613409718,0.2583653300249253,0.9037592182897763,0.9351827996236566,0.7604498196477827,0.723292007385914,0.9716513111268604,0.8292756691365493,0.4006763898418203,0.1265876463818364,0.0706301526645888,Rt_Rq
fold_a,42,1hop,coordinate_plus_frozen_sequence_fm_plus_topology_control_pair,length_bin,"bp[10000,100000)",662,0.6525679758308157,0.2583653300249253,0.8303190418679549,0.8956676715483812,0.7145015105740181,0.7035175879396985,0.9722222222222222,0.8163265306122449,0.4806482982721986,0.1570426758174174,0.0731894626468976,Rt_Rq
fold_a,42,1hop,coordinate_plus_frozen_sequence_fm_plus_topology_control_pair,length_bin,"bp[100000,1e+06)",37,0.5675675675675675,0.2583653300249253,0.6696428571428572,0.7305305876681643,0.6216216216216216,0.6,1.0,0.75,0.6979526262393537,0.2486391049385381,0.2401401801431515,Rt_Rq
fold_a,42,1hop,coordinate_plus_frozen_sequence_fm_plus_topology_control_pair,length_bin,"bp[50,100)",15326,0.5807125146809343,0.2583653300249253,0.81035282402599,0.8422738443944622,0.7393318543651312,0.726642639312448,0.8834831460674157,0.7974240657167486,0.547806355332996,0.1838329324517753,0.0900387148497491,Rt_Rq
fold_a,42,1hop,coordinate_plus_frozen_sequence_fm_plus_topology_control_pair,length_bin,"bp[500,1000)",3194,0.6546649968691296,0.2583653300249253,0.8923836257188236,0.9399363632002048,0.7842830306825297,0.7677616501145913,0.9612625538020086,0.8536844340624337,0.4005491632020028,0.1278929021553564,0.0496055977567038,Rt_Rq
fold_a,42,1hop,coordinate_plus_frozen_sequence_fm_plus_topology_control_pair,allele_frequency_bin,"af[0.001,0.01)",11561,0.6030620188565003,0.2583653300249253,0.7904499422213337,0.8446657143109331,0.7147305596401695,0.7007650273224044,0.9196787148594378,0.7954348095769755,0.5470980085129115,0.1839750306569728,0.059493202417176,Rt_Rq
fold_a,42,1hop,coordinate_plus_frozen_sequence_fm_plus_topology_control_pair,allele_frequency_bin,"af[0.01,0.05)",14805,0.6430935494765282,0.2583653300249253,0.8425136721161661,0.9012234907935176,0.7659574468085106,0.7658005617977528,0.916290305640164,0.8343135848515277,0.490539053762849,0.1615642684377022,0.0876623091317942,Rt_Rq
fold_a,42,1hop,coordinate_plus_frozen_sequence_fm_plus_topology_control_pair,allele_frequency_bin,"af[0.05,0.5)",14697,0.6236646934748589,0.2583653300249253,0.8728232058664603,0.9153235702880212,0.7842416819759135,0.7739694726259025,0.9238490072005237,0.8422937285522455,0.4516130697680895,0.1462506117360466,0.0787880444448574,Rt_Rq
fold_a,42,1hop,coordinate_plus_frozen_sequence_fm_plus_topology_control_pair,allele_frequency_bin,"af[0.5,1)",2154,0.5979572887650882,0.2583653300249253,0.9590992712980362,0.9656863431708188,0.8741875580315692,0.845213849287169,0.966614906832298,0.9018471568272364,0.2974965523593385,0.0836712457323716,0.0880593761731515,Rt_Rq
fold_a,42,1hop,coordinate_plus_frozen_sequence_fm_plus_topology_control_pair,breakpoint_mapping_distance,overlap,43217,0.623527778420529,0.2583653300249253,0.8473630520462792,0.8962608313829933,0.7638660712219728,0.7540053404539386,0.9221434668052102,0.829641253359598,0.4828099041474506,0.1584692928161984,0.0723718258440976,Rt_Rq
fold_a,42,1hop,coordinate_plus_frozen_sequence_fm_plus_topology_control_plus_frozen_pangenomefm_pair,chromosome,chr12,7786,0.6203442075520165,0.2984160089074409,0.8837452407567723,0.9211129359023824,0.8010531723606473,0.7917481771296461,0.9217391304347826,0.8518128766861188,0.4229852772234005,0.1374741890789241,0.0632269563880422,Rt_Rq
fold_a,42,1hop,coordinate_plus_frozen_sequence_fm_plus_topology_control_plus_frozen_pangenomefm_pair,chromosome,chr17,6605,0.6183194549583648,0.2984160089074409,0.8682069149992171,0.9131379949279718,0.7800151400454202,0.7760755508919203,0.905484818805093,0.8358006554412928,0.4511601753083218,0.1484377904445525,0.0722051723562488,Rt_Rq
fold_a,42,1hop,coordinate_plus_frozen_sequence_fm_plus_topology_control_plus_frozen_pangenomefm_pair,chromosome,chr2,13840,0.619942196531792,0.2984160089074409,0.8605163436056972,0.9067040342583416,0.7708815028901734,0.7634167721827213,0.9135198135198136,0.8317504112060274,0.4567174502443762,0.1507670138779573,0.0607561485258772,Rt_Rq
fold_a,42,1hop,coordinate_plus_frozen_sequence_fm_plus_topology_control_plus_frozen_pangenomefm_pair,chromosome,chr22,3884,0.6251287332646756,0.2984160089074409,0.8601203676883249,0.9079375083037544,0.7693099897013388,0.7643202208419599,0.9122734761120264,0.8317686819376643,0.4596827731462347,0.1506840714043173,0.0601495760088405,Rt_Rq
fold_a,42,1hop,coordinate_plus_frozen_sequence_fm_plus_topology_control_plus_frozen_pangenomefm_pair,chromosome,chr7,11102,0.6327688704737885,0.2984160089074409,0.8674309227093747,0.917904566863134,0.787785984507296,0.7906860913958411,0.9039145907473308,0.8435175345377258,0.4524896989031496,0.1488594174627197,0.0769494846049573,Rt_Rq
fold_a,42,1hop,coordinate_plus_frozen_sequence_fm_plus_topology_control_plus_frozen_pangenomefm_pair,sv_class,DEL,16270,0.0,0.2984160089074409,,,0.5678549477566073,0.0,0.0,0.0,0.4635298706413581,0.1557460991880296,0.3013908072607107,Rt_Rq
fold_a,42,1hop,coordinate_plus_frozen_sequence_fm_plus_topology_control_plus_frozen_pangenomefm_pair,sv_class,INS,26947,1.0,0.2984160089074409,,,0.9111589416261552,1.0,0.9111589416261552,0.9535145631067962,0.4401812213063745,0.1425511658567538,0.2886329244738004,Rt_Rq
fold_a,42,1hop,coordinate_plus_frozen_sequence_fm_plus_topology_control_plus_frozen_pangenomefm_pair,length_bin,bp>=1e+06,4,1.0,0.2984160089074409,,,1.0,1.0,1.0,1.0,0.118042079115828,0.012459284141672,0.1113015451490118,Rt_Rq
fold_a,42,1hop,coordinate_plus_frozen_sequence_fm_plus_topology_control_plus_frozen_pangenomefm_pair,length_bin,"bp[100,500)",19281,0.6574866448835641,0.2984160089074409,0.8753190915963691,0.9281101763154098,0.7971578237643275,0.8001232539030403,0.921748047645342,0.8566401524870789,0.431570404339434,0.1410132630809281,0.0784934493379063,Rt_Rq
fold_a,42,1hop,coordinate_plus_frozen_sequence_fm_plus_topology_control_plus_frozen_pangenomefm_pair,length_bin,"bp[1000,10000)",4713,0.5987693613409718,0.2984160089074409,0.9167484945849282,0.9420499182913058,0.8081901124549119,0.7732193732193732,0.9617292700212616,0.8572331017056223,0.3634558172385942,0.1149797919880801,0.0462028596828117,Rt_Rq
fold_a,42,1hop,coordinate_plus_frozen_sequence_fm_plus_topology_control_plus_frozen_pangenomefm_pair,length_bin,"bp[10000,100000)",662,0.6525679758308157,0.2984160089074409,0.8395380434782609,0.9071729610188112,0.7462235649546828,0.7426470588235294,0.9351851851851852,0.8278688524590164,0.4653079589909116,0.1533426543542354,0.0494218227031455,Rt_Rq
fold_a,42,1hop,coordinate_plus_frozen_sequence_fm_plus_topology_control_plus_frozen_pangenomefm_pair,length_bin,"bp[100000,1e+06)",37,0.5675675675675675,0.2984160089074409,0.6577380952380952,0.764047728307643,0.5945945945945946,0.5882352941176471,0.9523809523809524,0.7272727272727273,0.8107703660971137,0.2801323426549606,0.3097722524758007,Rt_Rq
fold_a,42,1hop,coordinate_plus_frozen_sequence_fm_plus_topology_control_plus_frozen_pangenomefm_pair,length_bin,"bp[50,100)",15326,0.5807125146809343,0.2984160089074409,0.8342082288595837,0.8676267996179536,0.7511418504502153,0.745321242523635,0.8680898876404495,0.8020346724800166,0.5138187139811691,0.1720062543708144,0.0830585497055181,Rt_Rq
fold_a,42,1hop,coordinate_plus_frozen_sequence_fm_plus_topology_control_plus_frozen_pangenomefm_pair,length_bin,"bp[500,1000)",3194,0.6546649968691296,0.2984160089074409,0.9118015602853484,0.9511497730996588,0.8080776455854728,0.7930214115781126,0.9564801530368244,0.8671146759158899,0.361874759541081,0.1147286754989298,0.0463567231480232,Rt_Rq
fold_a,42,1hop,coordinate_plus_frozen_sequence_fm_plus_topology_control_plus_frozen_pangenomefm_pair,allele_frequency_bin,"af[0.001,0.01)",11561,0.6030620188565003,0.2984160089074409,0.8054624562440529,0.8598768190483508,0.7315111149554537,0.7256182921138591,0.8921399885255307,0.8003088008234689,0.5332897988518445,0.1800646307923847,0.0640979835649391,Rt_Rq
fold_a,42,1hop,coordinate_plus_frozen_sequence_fm_plus_topology_control_plus_frozen_pangenomefm_pair,allele_frequency_bin,"af[0.01,0.05)",14805,0.6430935494765282,0.2984160089074409,0.8603265016548542,0.91552645810149,0.7785883147585275,0.7845747105479077,0.903896649511606,0.8400195217179112,0.4607251636199629,0.1519629461519981,0.0806549777095294,Rt_Rq
fold_a,42,1hop,coordinate_plus_frozen_sequence_fm_plus_topology_control_plus_frozen_pangenomefm_pair,allele_frequency_bin,"af[0.05,0.5)",14697,0.6236646934748589,0.2984160089074409,0.8978040203683261,0.9339638602162312,0.8075797781860243,0.7991315839154238,0.9236308095134192,0.8568825910931174,0.4023343754841796,0.1297336866693973,0.0673963507970907,Rt_Rq
fold_a,42,1hop,coordinate_plus_frozen_sequence_fm_plus_topology_control_plus_frozen_pangenomefm_pair,allele_frequency_bin,"af[0.5,1)",2154,0.5979572887650882,0.2984160089074409,0.9767421427854202,0.9829857006090736,0.9001857010213556,0.8702553485162181,0.9790372670807452,0.9214468396054074,0.2338378075520238,0.0636400616434364,0.0781226082842585,Rt_Rq
fold_a,42,1hop,coordinate_plus_frozen_sequence_fm_plus_topology_control_plus_frozen_pangenomefm_pair,breakpoint_mapping_distance,overlap,43217,0.623527778420529,0.2984160089074409,0.8676602645695121,0.9132548715523008,0.7819145243769813,0.7773872847011145,0.9111589416261552,0.8389742187900429,0.4489713391923958,0.1475186917215722,0.0665053794030991,Rt_Rq
fold_a,42,1hop,coordinate_plus_frozen_sequence_fm_pair,chromosome,chr12,7786,0.6203442075520165,0.2842584257938669,0.8009250582035485,0.8665109989325679,0.7170562548163371,0.7117523778816701,0.91407867494824,0.8003262938457355,0.5390134319631459,0.1816763008034508,0.081671562766565,T
fold_a,42,1hop,coordinate_plus_frozen_sequence_fm_pair,chromosome,chr17,6605,0.6183194549583648,0.2842584257938669,0.7951545412268579,0.8659233781833762,0.703557910673732,0.7019376899696048,0.9047502448579824,0.790543431750107,0.5470371321962507,0.1855453018953495,0.090134602392525,T
fold_a,42,1hop,coordinate_plus_frozen_sequence_fm_pair,chromosome,chr2,13840,0.619942196531792,0.2842584257938669,0.7881056839231745,0.8531575928948311,0.7114884393063584,0.7073126638344029,0.912004662004662,0.7967214783892481,0.5542411924874462,0.1876086257861152,0.0870978368930423,T
fold_a,42,1hop,coordinate_plus_frozen_sequence_fm_pair,chromosome,chr22,3884,0.6251287332646756,0.2842584257938669,0.7829407258721509,0.8552344754706989,0.6979917610710608,0.6990168093878846,0.9077429983525536,0.7898226124350475,0.5590276180979277,0.1892945520365173,0.0861043497104808,T
fold_a,42,1hop,coordinate_plus_frozen_sequence_fm_pair,chromosome,chr7,11102,0.6327688704737885,0.2842584257938669,0.7919040673441937,0.8685158068173873,0.7157268960547649,0.7169938306225463,0.9098932384341636,0.8020075282308657,0.5480793774750392,0.1859678094233906,0.0946949197585217,T
fold_a,42,1hop,coordinate_plus_frozen_sequence_fm_pair,sv_class,DEL,16270,0.0,0.2842584257938669,,,0.3812538414259373,0.0,0.0,0.0,0.5516176522040234,0.1846348365419722,0.3768754469010318,T
fold_a,42,1hop,coordinate_plus_frozen_sequence_fm_pair,sv_class,INS,26947,1.0,0.2842584257938669,,,0.9103425242141984,1.0,0.9103425242141984,0.9530673297330898,0.5478108234500435,0.1867513136061422,0.3686057554655338,T
fold_a,42,1hop,coordinate_plus_frozen_sequence_fm_pair,length_bin,bp>=1e+06,4,1.0,0.2842584257938669,,,1.0,1.0,1.0,1.0,0.4880686526098495,0.1609551788453583,0.3698240869172646,T
fold_a,42,1hop,coordinate_plus_frozen_sequence_fm_pair,length_bin,"bp[100,500)",19281,0.6574866448835641,0.2842584257938669,0.8233739563349297,0.8931706006828379,0.7522950054457757,0.7564427134047387,0.9192237911177724,0.8299266434014672,0.5244329294627126,0.1755571744157366,0.1229337863930405,T
fold_a,42,1hop,coordinate_plus_frozen_sequence_fm_pair,length_bin,"bp[1000,10000)",4713,0.5987693613409718,0.2842584257938669,0.8173090220714256,0.8858439945191616,0.6293231487375345,0.6215788283193847,0.973777462792346,0.7588016015463206,0.5236135565379959,0.177772667028592,0.0882554647735981,T
fold_a,42,1hop,coordinate_plus_frozen_sequence_fm_pair,length_bin,"bp[10000,100000)",662,0.6525679758308157,0.2842584257938669,0.7225593800322061,0.8443206221695498,0.6555891238670695,0.6588785046728972,0.9791666666666666,0.7877094972067039,0.5848062081607177,0.2032837016376177,0.0743768445487384,T
fold_a,42,1hop,coordinate_plus_frozen_sequence_fm_pair,length_bin,"bp[100000,1e+06)",37,0.5675675675675675,0.2842584257938669,0.6934523809523809,0.8024519170080844,0.5945945945945946,0.5833333333333334,1.0,0.7368421052631579,0.6481207775435268,0.2300741721837086,0.2969084455739627,T
fold_a,42,1hop,coordinate_plus_frozen_sequence_fm_pair,length_bin,"bp[50,100)",15326,0.5807125146809343,0.2842584257938669,0.7533577600828096,0.8006111054774561,0.6832833094088477,0.6786786786786787,0.863370786516854,0.7599643952131342,0.6054759593782005,0.2084165581415911,0.1010201917157842,T
fold_a,42,1hop,coordinate_plus_frozen_sequence_fm_pair,length_bin,"bp[500,1000)",3194,0.6546649968691296,0.2842584257938669,0.8617654212913524,0.9284001881326832,0.7298058860363181,0.721820809248555,0.9555236728837876,0.8223914385676065,0.4585774731751407,0.148939709774178,0.0589320847031526,T
fold_a,42,1hop,coordinate_plus_frozen_sequence_fm_pair,allele_frequency_bin,"af[0.001,0.01)",11561,0.6030620188565003,0.2842584257938669,0.7376557876745595,0.8110911823087679,0.6677623042989361,0.6639095382682442,0.909495123350545,0.7675361617139744,0.595308117498797,0.205139487778281,0.0592755537885125,T
fold_a,42,1hop,coordinate_plus_frozen_sequence_fm_pair,allele_frequency_bin,"af[0.01,0.05)",14805,0.6430935494765282,0.2842584257938669,0.7901848962741511,0.8711548901611736,0.7187436676798379,0.7246498364505577,0.9074677029723768,0.8058198097369894,0.5530990106155552,0.1877149844713106,0.1065767625112799,T
fold_a,42,1hop,coordinate_plus_frozen_sequence_fm_pair,allele_frequency_bin,"af[0.05,0.5)",14697,0.6236646934748589,0.2842584257938669,0.8144202338332813,0.8786567607957563,0.7236170647070831,0.721335646140503,0.9073750818241326,0.8037301894085813,0.5308696702327849,0.1783068797776593,0.096053314349874,T
fold_a,42,1hop,coordinate_plus_frozen_sequence_fm_pair,allele_frequency_bin,"af[0.5,1)",2154,0.5979572887650882,0.2842584257938669,0.9161015520778046,0.9293122978386904,0.8068709377901578,0.773525721455458,0.9572981366459627,0.8556557945870923,0.4008811136906484,0.1230651174038456,0.0985188844200562,T
fold_a,42,1hop,coordinate_plus_frozen_sequence_fm_pair,breakpoint_mapping_distance,overlap,43217,0.623527778420529,0.2842584257938669,0.7921017146521927,0.8617182305006181,0.7111553323923456,0.7090294236661079,0.9103425242141984,0.7971728003899585,0.5492439887282269,0.1859545187838721,0.0879527910648576,T
fold_a,42,1hop,coordinate_plus_frozen_sequence_fm_plus_frozen_pangenomefm_pair,chromosome,chr12,7786,0.6203442075520165,0.2646758176623547,0.8860733476776014,0.9239589289463708,0.7934754687901362,0.7755730413958262,0.9387163561076604,0.8493817909329336,0.4194061649579845,0.1365601345487355,0.0663825817034021,T
fold_a,42,1hop,coordinate_plus_frozen_sequence_fm_plus_frozen_pangenomefm_pair,chromosome,chr17,6605,0.6183194549583648,0.2646758176623547,0.8661819559966603,0.9092412683197312,0.7712339137017411,0.75329789328608,0.936826640548482,0.8350976754338099,0.4500455013105515,0.1482787073088063,0.065574461302353,T
fold_a,42,1hop,coordinate_plus_frozen_sequence_fm_plus_frozen_pangenomefm_pair,chromosome,chr2,13840,0.619942196531792,0.2646758176623547,0.8576345422638197,0.9056037809357144,0.7664017341040462,0.7542074736141485,0.9244755244755244,0.8307063936743991,0.4630711277768857,0.1536387867250158,0.0699050939937354,T
fold_a,42,1hop,coordinate_plus_frozen_sequence_fm_plus_frozen_pangenomefm_pair,chromosome,chr22,3884,0.6251287332646756,0.2646758176623547,0.8610442276010646,0.909148255687854,0.7721421215242018,0.7707967707967708,0.9044481054365732,0.832291074474133,0.4729467073400757,0.1563520183808726,0.094057939923367,T
fold_a,42,1hop,coordinate_plus_frozen_sequence_fm_plus_frozen_pangenomefm_pair,chromosome,chr7,11102,0.6327688704737885,0.2646758176623547,0.8617816289103791,0.9127890488813412,0.7744550531435778,0.7701685191825027,0.9172953736654804,0.8373180873180873,0.4609094391064231,0.1527624189358931,0.0827568475083647,T
fold_a,42,1hop,coordinate_plus_frozen_sequence_fm_plus_frozen_pangenomefm_pair,sv_class,DEL,16270,0.0,0.2646758176623547,,,0.5251382913337431,0.0,0.0,0.0,0.4526481194178456,0.1502737522159685,0.2979229391512409,T
fold_a,42,1hop,coordinate_plus_frozen_sequence_fm_plus_frozen_pangenomefm_pair,sv_class,INS,26947,1.0,0.2646758176623547,,,0.9252235870412292,1.0,0.9252235870412292,0.9611596214267816,0.4540879521390572,0.1494520556466072,0.2978667122741776,T
fold_a,42,1hop,coordinate_plus_frozen_sequence_fm_plus_frozen_pangenomefm_pair,length_bin,bp>=1e+06,4,1.0,0.2646758176623547,,,1.0,1.0,1.0,1.0,0.1924419723554938,0.033090212398925,0.1732961717494377,T
fold_a,42,1hop,coordinate_plus_frozen_sequence_fm_plus_frozen_pangenomefm_pair,length_bin,"bp[100,500)",19281,0.6574866448835641,0.2646758176623547,0.8734498364455494,0.927767283343783,0.7915564545407396,0.7871832294016187,0.9360258736294076,0.8551763900399986,0.437150117754056,0.1437419662819554,0.0866644180726807,T
fold_a,42,1hop,coordinate_plus_frozen_sequence_fm_plus_frozen_pangenomefm_pair,length_bin,"bp[1000,10000)",4713,0.5987693613409718,0.2646758176623547,0.910525481401139,0.936797606496256,0.7933375769149162,0.7596964586846543,0.9578313253012049,0.8473354231974921,0.3741865511587021,0.1186652909343289,0.0322713382285008,T
fold_a,42,1hop,coordinate_plus_frozen_sequence_fm_plus_frozen_pangenomefm_pair,length_bin,"bp[10000,100000)",662,0.6525679758308157,0.2646758176623547,0.8017864331723028,0.8689503143379198,0.7492447129909365,0.740072202166065,0.949074074074074,0.8316430020283976,0.517357876600852,0.1699590513103749,0.0534619376706815,T
fold_a,42,1hop,coordinate_plus_frozen_sequence_fm_plus_frozen_pangenomefm_pair,length_bin,"bp[100000,1e+06)",37,0.5675675675675675,0.2646758176623547,0.6220238095238095,0.7091293959805949,0.5945945945945946,0.59375,0.9047619047619048,0.7169811320754716,0.8691525255639891,0.2837123786466736,0.2864776049300999,T
fold_a,42,1hop,coordinate_plus_frozen_sequence_fm_plus_frozen_pangenomefm_pair,length_bin,"bp[50,100)",15326,0.5807125146809343,0.2646758176623547,0.8351065544819676,0.8701282921352339,0.7443559963460785,0.7289101268149237,0.8912359550561798,0.8019411586290567,0.5114773170896899,0.1720423297094711,0.0880372974127666,T
fold_a,42,1hop,coordinate_plus_frozen_sequence_fm_plus_frozen_pangenomefm_pair,length_bin,"bp[500,1000)",3194,0.6546649968691296,0.2646758176623547,0.9059941735356768,0.9467418120081648,0.7968065122103944,0.7823022709475332,0.9555236728837876,0.8602798708288483,0.3739322560522731,0.1194792636357899,0.0492460446275872,T
fold_a,42,1hop,coordinate_plus_frozen_sequence_fm_plus_frozen_pangenomefm_pair,allele_frequency_bin,"af[0.001,0.01)",11561,0.6030620188565003,0.2646758176623547,0.7991197426758366,0.8542806484901554,0.7199204221088141,0.7122555707139608,0.8985943775100401,0.7946473871131405,0.5442151758738222,0.1844746404544415,0.0692812566084496,T
fold_a,42,1hop,coordinate_plus_frozen_sequence_fm_plus_frozen_pangenomefm_pair,allele_frequency_bin,"af[0.01,0.05)",14805,0.6430935494765282,0.2646758176623547,0.8582592656847396,0.9138875535834106,0.775211077338737,0.7724113662355943,0.922172040752022,0.8406740712370739,0.4652317155822308,0.1542495280535215,0.0886141133176164,T
fold_a,42,1hop,coordinate_plus_frozen_sequence_fm_plus_frozen_pangenomefm_pair,allele_frequency_bin,"af[0.05,0.5)",14697,0.6236646934748589,0.2646758176623547,0.897958881156742,0.934734884170868,0.7994148465673266,0.7823283690519434,0.9398865372027057,0.8539002874417683,0.4031331295566236,0.1306317316079353,0.0717092464014647,T
fold_a,42,1hop,coordinate_plus_frozen_sequence_fm_plus_frozen_pangenomefm_pair,allele_frequency_bin,"af[0.5,1)",2154,0.5979572887650882,0.2646758176623547,0.976193464633569,0.9776529633294452,0.8946146703806871,0.8577208361429535,0.9875776397515528,0.9180801154817756,0.2305562426432868,0.0631236543616174,0.0727891804595079,T
fold_a,42,1hop,coordinate_plus_frozen_sequence_fm_plus_frozen_pangenomefm_pair,breakpoint_mapping_distance,overlap,43217,0.623527778420529,0.2646758176623547,0.8654643916309209,0.9115351375274868,0.7746025869449522,0.7634270316614612,0.9252235870412292,0.8365741129099907,0.4535458951157998,0.1497614015795389,0.0735684586079917,T
fold_a,42,1hop,coordinate_plus_frozen_sequence_fm_plus_topology_control_pair,chromosome,chr12,7786,0.6203442075520165,0.2583653300249253,0.8638454755320967,0.9055524522221448,0.7789622399178012,0.7654089124124979,0.9281573498964804,0.8389632263497707,0.4604170093588839,0.1494512289437633,0.0699032998890107,T
fold_a,42,1hop,coordinate_plus_frozen_sequence_fm_plus_topology_control_pair,chromosome,chr17,6605,0.6183194549583648,0.2583653300249253,0.8479176484620277,0.8976810747639489,0.7598788796366389,0.7504009623095429,0.9165034280117532,0.8251763668430335,0.4855067042608592,0.15996797932921,0.0764790381774177,T
fold_a,42,1hop,coordinate_plus_frozen_sequence_fm_plus_topology_control_pair,chromosome,chr2,13840,0.619942196531792,0.2583653300249253,0.838856457230982,0.885959234934831,0.7552023121387283,0.7444904878508194,0.9213286713286714,0.8235232836753829,0.4914359819727204,0.1616223571790352,0.0658588564466052,T
fold_a,42,1hop,coordinate_plus_frozen_sequence_fm_plus_topology_control_pair,chromosome,chr22,3884,0.6251287332646756,0.2583653300249253,0.8402573795644224,0.8921177598050447,0.7551493305870237,0.7482352941176471,0.9168039538714992,0.8239866740699612,0.4952980219240452,0.162786077557213,0.077240637329877,T
fold_a,42,1hop,coordinate_plus_frozen_sequence_fm_plus_topology_control_pair,chromosome,chr7,11102,0.6327688704737885,0.2583653300249253,0.8483793557645223,0.9031366878527586,0.7695009908124663,0.7621507396102372,0.9241281138790036,0.8353599691179309,0.4817875611037369,0.1584612778798426,0.0795252551078568,T
fold_a,42,1hop,coordinate_plus_frozen_sequence_fm_plus_topology_control_pair,sv_class,DEL,16270,0.0,0.2583653300249253,,,0.501720958819914,0.0,0.0,0.0,0.4976750464237282,0.1674768302392485,0.3248813517720897,T
fold_a,42,1hop,coordinate_plus_frozen_sequence_fm_plus_topology_control_pair,sv_class,INS,26947,1.0,0.2583653300249253,,,0.9221434668052102,1.0,0.9221434668052102,0.9594949416943394,0.4738346614549418,0.1530307418133772,0.3122244699163644,T
fold_a,42,1hop,coordinate_plus_frozen_sequence_fm_plus_topology_control_pair,length_bin,bp>=1e+06,4,1.0,0.2583653300249253,,,1.0,1.0,1.0,1.0,0.1967844583406448,0.0366865913793989,0.1752448260028081,T
fold_a,42,1hop,coordinate_plus_frozen_sequence_fm_plus_topology_control_pair,length_bin,"bp[100,500)",19281,0.6574866448835641,0.2583653300249253,0.8584353011389015,0.9126339535127856,0.7827394844665733,0.781245858184228,0.9299518813599432,0.8491374653365505,0.4645699400785627,0.151067774148673,0.0909161202227987,T
fold_a,42,1hop,coordinate_plus_frozen_sequence_fm_plus_topology_control_pair,length_bin,"bp[1000,10000)",4713,0.5987693613409718,0.2583653300249253,0.9037592182897763,0.9351827996236566,0.7604498196477827,0.723292007385914,0.9716513111268604,0.8292756691365493,0.4006763898418203,0.1265876463818364,0.0706301526645888,T
fold_a,42,1hop,coordinate_plus_frozen_sequence_fm_plus_topology_control_pair,length_bin,"bp[10000,100000)",662,0.6525679758308157,0.2583653300249253,0.8303190418679549,0.8956676715483812,0.7145015105740181,0.7035175879396985,0.9722222222222222,0.8163265306122449,0.4806482982721986,0.1570426758174174,0.0731894626468976,T
fold_a,42,1hop,coordinate_plus_frozen_sequence_fm_plus_topology_control_pair,length_bin,"bp[100000,1e+06)",37,0.5675675675675675,0.2583653300249253,0.6696428571428572,0.7305305876681643,0.6216216216216216,0.6,1.0,0.75,0.6979526262393537,0.2486391049385381,0.2401401801431515,T
fold_a,42,1hop,coordinate_plus_frozen_sequence_fm_plus_topology_control_pair,length_bin,"bp[50,100)",15326,0.5807125146809343,0.2583653300249253,0.81035282402599,0.8422738443944622,0.7393318543651312,0.726642639312448,0.8834831460674157,0.7974240657167486,0.547806355332996,0.1838329324517753,0.0900387148497491,T
fold_a,42,1hop,coordinate_plus_frozen_sequence_fm_plus_topology_control_pair,length_bin,"bp[500,1000)",3194,0.6546649968691296,0.2583653300249253,0.8923836257188236,0.9399363632002048,0.7842830306825297,0.7677616501145913,0.9612625538020086,0.8536844340624337,0.4005491632020028,0.1278929021553564,0.0496055977567038,T
fold_a,42,1hop,coordinate_plus_frozen_sequence_fm_plus_topology_control_pair,allele_frequency_bin,"af[0.001,0.01)",11561,0.6030620188565003,0.2583653300249253,0.7904499422213337,0.8446657143109331,0.7147305596401695,0.7007650273224044,0.9196787148594378,0.7954348095769755,0.5470980085129115,0.1839750306569728,0.059493202417176,T
fold_a,42,1hop,coordinate_plus_frozen_sequence_fm_plus_topology_control_pair,allele_frequency_bin,"af[0.01,0.05)",14805,0.6430935494765282,0.2583653300249253,0.8425136721161661,0.9012234907935176,0.7659574468085106,0.7658005617977528,0.916290305640164,0.8343135848515277,0.490539053762849,0.1615642684377022,0.0876623091317942,T
fold_a,42,1hop,coordinate_plus_frozen_sequence_fm_plus_topology_control_pair,allele_frequency_bin,"af[0.05,0.5)",14697,0.6236646934748589,0.2583653300249253,0.8728232058664603,0.9153235702880212,0.7842416819759135,0.7739694726259025,0.9238490072005237,0.8422937285522455,0.4516130697680895,0.1462506117360466,0.0787880444448574,T
fold_a,42,1hop,coordinate_plus_frozen_sequence_fm_plus_topology_control_pair,allele_frequency_bin,"af[0.5,1)",2154,0.5979572887650882,0.2583653300249253,0.9590992712980362,0.9656863431708188,0.8741875580315692,0.845213849287169,0.966614906832298,0.9018471568272364,0.2974965523593385,0.0836712457323716,0.0880593761731515,T
fold_a,42,1hop,coordinate_plus_frozen_sequence_fm_plus_topology_control_pair,breakpoint_mapping_distance,overlap,43217,0.623527778420529,0.2583653300249253,0.8473630520462792,0.8962608313829933,0.7638660712219728,0.7540053404539386,0.9221434668052102,0.829641253359598,0.4828099041474506,0.1584692928161984,0.0723718258440976,T
fold_a,42,1hop,coordinate_plus_frozen_sequence_fm_plus_topology_control_plus_frozen_pangenomefm_pair,chromosome,chr12,7786,0.6203442075520165,0.266296697876496,0.8913567030036113,0.9286772168337226,0.8002825584382225,0.7853284544345704,0.9331262939958592,0.8528716056391333,0.410366857410903,0.1335193791208419,0.0648044871364211,T
fold_a,42,1hop,coordinate_plus_frozen_sequence_fm_plus_topology_control_plus_frozen_pangenomefm_pair,chromosome,chr17,6605,0.6183194549583648,0.266296697876496,0.8717881451051132,0.91455474832787,0.7783497350492051,0.7640064490124949,0.928256611165524,0.8381605129338935,0.4425176509268344,0.1455928381000847,0.0659774282255909,T
fold_a,42,1hop,coordinate_plus_frozen_sequence_fm_plus_topology_control_plus_frozen_pangenomefm_pair,chromosome,chr2,13840,0.619942196531792,0.266296697876496,0.8650194656420892,0.9106265464647784,0.7736271676300578,0.7602981936347128,0.9271561771561772,0.8354776033188048,0.4515885039499897,0.1491631192074219,0.0655029963348063,T
fold_a,42,1hop,coordinate_plus_frozen_sequence_fm_plus_topology_control_plus_frozen_pangenomefm_pair,chromosome,chr22,3884,0.6251287332646756,0.266296697876496,0.8671350272462299,0.9122347207478768,0.7785787847579815,0.7739343116701607,0.9122734761120264,0.8374291115311909,0.4604371884495558,0.1518212535935618,0.0875605363608676,T
fold_a,42,1hop,coordinate_plus_frozen_sequence_fm_plus_topology_control_plus_frozen_pangenomefm_pair,chromosome,chr7,11102,0.6327688704737885,0.266296697876496,0.8707853360183025,0.919085025544946,0.7857142857142857,0.7808268858800773,0.9194306049822064,0.8444793096685624,0.4484713417903598,0.1478535569789361,0.0806541239939841,T
fold_a,42,1hop,coordinate_plus_frozen_sequence_fm_plus_topology_control_plus_frozen_pangenomefm_pair,sv_class,DEL,16270,0.0,0.266296697876496,,,0.5469575906576521,0.0,0.0,0.0,0.443079156070795,0.1471516490382749,0.2905939697579131,T
fold_a,42,1hop,coordinate_plus_frozen_sequence_fm_plus_topology_control_plus_frozen_pangenomefm_pair,sv_class,INS,26947,1.0,0.266296697876496,,,0.9250380376294208,1.0,0.9250380376294208,0.9610594903034276,0.4425835654456416,0.144826019965171,0.2889903383264534,T
fold_a,42,1hop,coordinate_plus_frozen_sequence_fm_plus_topology_control_plus_frozen_pangenomefm_pair,length_bin,bp>=1e+06,4,1.0,0.266296697876496,,,1.0,1.0,1.0,1.0,0.1329929660754362,0.0159789088504183,0.124222270682461,T
fold_a,42,1hop,coordinate_plus_frozen_sequence_fm_plus_topology_control_plus_frozen_pangenomefm_pair,length_bin,"bp[100,500)",19281,0.6574866448835641,0.266296697876496,0.8801626449785991,0.9316871215277938,0.7995435921373373,0.7961419545637854,0.93436933028319,0.8597350753039376,0.4259608079288566,0.1394458015716623,0.0820820029697159,T
fold_a,42,1hop,coordinate_plus_frozen_sequence_fm_plus_topology_control_plus_frozen_pangenomefm_pair,length_bin,"bp[1000,10000)",4713,0.5987693613409718,0.266296697876496,0.9193837908013676,0.9430653009101412,0.8086144706131976,0.7722631877481565,0.9649184975194898,0.8579080025204789,0.3561456919014337,0.1123681214124366,0.0377289401097512,T
fold_a,42,1hop,coordinate_plus_frozen_sequence_fm_plus_topology_control_plus_frozen_pangenomefm_pair,length_bin,"bp[10000,100000)",662,0.6525679758308157,0.266296697876496,0.8276117149758454,0.8873321972386958,0.770392749244713,0.7573529411764706,0.9537037037037036,0.8442622950819673,0.4831329314312661,0.1586972434584083,0.0526455294640331,T
fold_a,42,1hop,coordinate_plus_frozen_sequence_fm_plus_topology_control_plus_frozen_pangenomefm_pair,length_bin,"bp[100000,1e+06)",37,0.5675675675675675,0.266296697876496,0.6428571428571428,0.7029418070029869,0.5945945945945946,0.59375,0.9047619047619048,0.7169811320754716,0.787711826799397,0.2542568263585346,0.2905083756951674,T
fold_a,42,1hop,coordinate_plus_frozen_sequence_fm_plus_topology_control_plus_frozen_pangenomefm_pair,length_bin,"bp[50,100)",15326,0.5807125146809343,0.266296697876496,0.8403177488223754,0.8751422105942244,0.7495758841184914,0.7350482912332839,0.8893258426966292,0.804860687411023,0.5045441365251472,0.1691670662202408,0.084180564005551,T
fold_a,42,1hop,coordinate_plus_frozen_sequence_fm_plus_topology_control_plus_frozen_pangenomefm_pair,length_bin,"bp[500,1000)",3194,0.6546649968691296,0.266296697876496,0.9108667591928972,0.9506654863699164,0.8061991233562931,0.7890809112333071,0.9607843137254902,0.8665085184386456,0.3636748519974996,0.1162664944466557,0.0467146021775498,T
fold_a,42,1hop,coordinate_plus_frozen_sequence_fm_plus_topology_control_plus_frozen_pangenomefm_pair,allele_frequency_bin,"af[0.001,0.01)",11561,0.6030620188565003,0.266296697876496,0.8072998028286604,0.8606689818670842,0.7284836951820777,0.7189034837235865,0.9027538726333908,0.8004069434730082,0.5334979434100796,0.1803832720259799,0.0685867261804702,T
fold_a,42,1hop,coordinate_plus_frozen_sequence_fm_plus_topology_control_plus_frozen_pangenomefm_pair,allele_frequency_bin,"af[0.01,0.05)",14805,0.6430935494765282,0.266296697876496,0.8657192483629756,0.9192566380685576,0.7817629179331307,0.780053428317008,0.9200714210692156,0.8442966604019083,0.4540034293439317,0.1499750106583296,0.0851852141569919,T
fold_a,42,1hop,coordinate_plus_frozen_sequence_fm_plus_topology_control_plus_frozen_pangenomefm_pair,allele_frequency_bin,"af[0.05,0.5)",14697,0.6236646934748589,0.266296697876496,0.9037629159637506,0.9386949401316472,0.8089406001224739,0.7931575064551826,0.938359153392974,0.8596701649175412,0.3930263618057385,0.1267710810546098,0.0685110515506452,T
fold_a,42,1hop,coordinate_plus_frozen_sequence_fm_plus_topology_control_plus_frozen_pangenomefm_pair,allele_frequency_bin,"af[0.5,1)",2154,0.5979572887650882,0.266296697876496,0.9785235537130808,0.9806658391773764,0.9011142061281338,0.8658951667801226,0.9875776397515528,0.9227421109902068,0.2180121971568069,0.0593493365393097,0.0698889860579642,T
fold_a,42,1hop,coordinate_plus_frozen_sequence_fm_plus_topology_control_plus_frozen_pangenomefm_pair,breakpoint_mapping_distance,overlap,43217,0.623527778420529,0.266296697876496,0.8724829982796023,0.9168276371288624,0.7827012518221996,0.7717815344603381,0.9250380376294208,0.8414887332264326,0.442770141549287,0.1457015547088923,0.0707929462693313,T
fold_a,42,1hop,coordinate_plus_frozen_sequence_fm_pair,chromosome,chr12,7786,0.6203442075520165,0.2842584257938669,0.8009250582035485,0.8665109989325679,0.7170562548163371,0.7117523778816701,0.91407867494824,0.8003262938457355,0.5390134319631459,0.1816763008034508,0.081671562766565,Q
fold_a,42,1hop,coordinate_plus_frozen_sequence_fm_pair,chromosome,chr17,6605,0.6183194549583648,0.2842584257938669,0.7951545412268579,0.8659233781833762,0.703557910673732,0.7019376899696048,0.9047502448579824,0.790543431750107,0.5470371321962507,0.1855453018953495,0.090134602392525,Q
fold_a,42,1hop,coordinate_plus_frozen_sequence_fm_pair,chromosome,chr2,13840,0.619942196531792,0.2842584257938669,0.7881056839231745,0.8531575928948311,0.7114884393063584,0.7073126638344029,0.912004662004662,0.7967214783892481,0.5542411924874462,0.1876086257861152,0.0870978368930423,Q
fold_a,42,1hop,coordinate_plus_frozen_sequence_fm_pair,chromosome,chr22,3884,0.6251287332646756,0.2842584257938669,0.7829407258721509,0.8552344754706989,0.6979917610710608,0.6990168093878846,0.9077429983525536,0.7898226124350475,0.5590276180979277,0.1892945520365173,0.0861043497104808,Q
fold_a,42,1hop,coordinate_plus_frozen_sequence_fm_pair,chromosome,chr7,11102,0.6327688704737885,0.2842584257938669,0.7919040673441937,0.8685158068173873,0.7157268960547649,0.7169938306225463,0.9098932384341636,0.8020075282308657,0.5480793774750392,0.1859678094233906,0.0946949197585217,Q
fold_a,42,1hop,coordinate_plus_frozen_sequence_fm_pair,sv_class,DEL,16270,0.0,0.2842584257938669,,,0.3812538414259373,0.0,0.0,0.0,0.5516176522040234,0.1846348365419722,0.3768754469010318,Q
fold_a,42,1hop,coordinate_plus_frozen_sequence_fm_pair,sv_class,INS,26947,1.0,0.2842584257938669,,,0.9103425242141984,1.0,0.9103425242141984,0.9530673297330898,0.5478108234500435,0.1867513136061422,0.3686057554655338,Q
fold_a,42,1hop,coordinate_plus_frozen_sequence_fm_pair,length_bin,bp>=1e+06,4,1.0,0.2842584257938669,,,1.0,1.0,1.0,1.0,0.4880686526098495,0.1609551788453583,0.3698240869172646,Q
fold_a,42,1hop,coordinate_plus_frozen_sequence_fm_pair,length_bin,"bp[100,500)",19281,0.6574866448835641,0.2842584257938669,0.8233739563349297,0.8931706006828379,0.7522950054457757,0.7564427134047387,0.9192237911177724,0.8299266434014672,0.5244329294627126,0.1755571744157366,0.1229337863930405,Q
fold_a,42,1hop,coordinate_plus_frozen_sequence_fm_pair,length_bin,"bp[1000,10000)",4713,0.5987693613409718,0.2842584257938669,0.8173090220714256,0.8858439945191616,0.6293231487375345,0.6215788283193847,0.973777462792346,0.7588016015463206,0.5236135565379959,0.177772667028592,0.0882554647735981,Q
fold_a,42,1hop,coordinate_plus_frozen_sequence_fm_pair,length_bin,"bp[10000,100000)",662,0.6525679758308157,0.2842584257938669,0.7225593800322061,0.8443206221695498,0.6555891238670695,0.6588785046728972,0.9791666666666666,0.7877094972067039,0.5848062081607177,0.2032837016376177,0.0743768445487384,Q
fold_a,42,1hop,coordinate_plus_frozen_sequence_fm_pair,length_bin,"bp[100000,1e+06)",37,0.5675675675675675,0.2842584257938669,0.6934523809523809,0.8024519170080844,0.5945945945945946,0.5833333333333334,1.0,0.7368421052631579,0.6481207775435268,0.2300741721837086,0.2969084455739627,Q
fold_a,42,1hop,coordinate_plus_frozen_sequence_fm_pair,length_bin,"bp[50,100)",15326,0.5807125146809343,0.2842584257938669,0.7533577600828096,0.8006111054774561,0.6832833094088477,0.6786786786786787,0.863370786516854,0.7599643952131342,0.6054759593782005,0.2084165581415911,0.1010201917157842,Q
fold_a,42,1hop,coordinate_plus_frozen_sequence_fm_pair,length_bin,"bp[500,1000)",3194,0.6546649968691296,0.2842584257938669,0.8617654212913524,0.9284001881326832,0.7298058860363181,0.721820809248555,0.9555236728837876,0.8223914385676065,0.4585774731751407,0.148939709774178,0.0589320847031526,Q
fold_a,42,1hop,coordinate_plus_frozen_sequence_fm_pair,allele_frequency_bin,"af[0.001,0.01)",11561,0.6030620188565003,0.2842584257938669,0.7376557876745595,0.8110911823087679,0.6677623042989361,0.6639095382682442,0.909495123350545,0.7675361617139744,0.595308117498797,0.205139487778281,0.0592755537885125,Q
fold_a,42,1hop,coordinate_plus_frozen_sequence_fm_pair,allele_frequency_bin,"af[0.01,0.05)",14805,0.6430935494765282,0.2842584257938669,0.7901848962741511,0.8711548901611736,0.7187436676798379,0.7246498364505577,0.9074677029723768,0.8058198097369894,0.5530990106155552,0.1877149844713106,0.1065767625112799,Q
fold_a,42,1hop,coordinate_plus_frozen_sequence_fm_pair,allele_frequency_bin,"af[0.05,0.5)",14697,0.6236646934748589,0.2842584257938669,0.8144202338332813,0.8786567607957563,0.7236170647070831,0.721335646140503,0.9073750818241326,0.8037301894085813,0.5308696702327849,0.1783068797776593,0.096053314349874,Q
fold_a,42,1hop,coordinate_plus_frozen_sequence_fm_pair,allele_frequency_bin,"af[0.5,1)",2154,0.5979572887650882,0.2842584257938669,0.9161015520778046,0.9293122978386904,0.8068709377901578,0.773525721455458,0.9572981366459627,0.8556557945870923,0.4008811136906484,0.1230651174038456,0.0985188844200562,Q
fold_a,42,1hop,coordinate_plus_frozen_sequence_fm_pair,breakpoint_mapping_distance,overlap,43217,0.623527778420529,0.2842584257938669,0.7921017146521927,0.8617182305006181,0.7111553323923456,0.7090294236661079,0.9103425242141984,0.7971728003899585,0.5492439887282269,0.1859545187838721,0.0879527910648576,Q
fold_a,42,1hop,coordinate_plus_frozen_sequence_fm_plus_frozen_pangenomefm_pair,chromosome,chr12,7786,0.6203442075520165,0.2437883213844902,0.846901519035572,0.8973969521542113,0.745312098638582,0.7259165211871131,0.9469979296066252,0.82184889048603,0.4723927941557014,0.1573472542627872,0.0669797986185447,Q
fold_a,42,1hop,coordinate_plus_frozen_sequence_fm_plus_frozen_pangenomefm_pair,chromosome,chr17,6605,0.6183194549583648,0.2437883213844902,0.8375890317610233,0.8964496068836145,0.7336866010598032,0.7180641530669668,0.9373163565132224,0.8131704726500265,0.4904870277801123,0.1650801918279446,0.084131402431274,Q
fold_a,42,1hop,coordinate_plus_frozen_sequence_fm_plus_frozen_pangenomefm_pair,chromosome,chr2,13840,0.619942196531792,0.2437883213844902,0.8332271198383366,0.8871583979960629,0.7408959537572254,0.7208171206225681,0.95,0.8196902654867256,0.4897055785787175,0.1643406053288962,0.0704097958219063,Q
fold_a,42,1hop,coordinate_plus_frozen_sequence_fm_plus_frozen_pangenomefm_pair,chromosome,chr22,3884,0.6251287332646756,0.2437883213844902,0.8222288162825644,0.8835399186892237,0.7324922760041195,0.7170990934667083,0.9448105436573312,0.8153545406077839,0.5082919667054988,0.1709345516767832,0.0804527837841585,Q
fold_a,42,1hop,coordinate_plus_frozen_sequence_fm_plus_frozen_pangenomefm_pair,chromosome,chr7,11102,0.6327688704737885,0.2437883213844902,0.8374067003771701,0.8973095269195257,0.7462619347865249,0.733207714475726,0.9416370106761566,0.8244531688166012,0.4874140002682749,0.1633360275378244,0.0825366354788886,Q
fold_a,42,1hop,coordinate_plus_frozen_sequence_fm_plus_frozen_pangenomefm_pair,sv_class,DEL,16270,0.0,0.2437883213844902,,,0.4038721573448064,0.0,0.0,0.0,0.4984787878919264,0.1670028104925617,0.3319896906920623,Q
fold_a,42,1hop,coordinate_plus_frozen_sequence_fm_plus_frozen_pangenomefm_pair,sv_class,INS,26947,1.0,0.2437883213844902,,,0.9448918246929158,1.0,0.9448918246929158,0.9716651720124406,0.4813325665927297,0.1614304010164075,0.3215170231368608,Q
fold_a,42,1hop,coordinate_plus_frozen_sequence_fm_plus_frozen_pangenomefm_pair,length_bin,bp>=1e+06,4,1.0,0.2437883213844902,,,1.0,1.0,1.0,1.0,0.296129385053848,0.0664236931735099,0.2555983991845599,Q
fold_a,42,1hop,coordinate_plus_frozen_sequence_fm_plus_frozen_pangenomefm_pair,length_bin,"bp[100,500)",19281,0.6574866448835641,0.2437883213844902,0.8500237007391449,0.9134561754255756,0.7629790985944712,0.7517858252065346,0.95472114853672,0.8411871003614123,0.4665262577762273,0.1553368763402647,0.0921262067090195,Q
fold_a,42,1hop,coordinate_plus_frozen_sequence_fm_plus_frozen_pangenomefm_pair,length_bin,"bp[1000,10000)",4713,0.5987693613409718,0.2437883213844902,0.8936643078988429,0.9259418022120328,0.7530235518777848,0.7139907072792979,0.9801559177888024,0.8261648745519713,0.4059583651425695,0.1307283756595311,0.0500976419757569,Q
fold_a,42,1hop,coordinate_plus_frozen_sequence_fm_plus_frozen_pangenomefm_pair,length_bin,"bp[10000,100000)",662,0.6525679758308157,0.2437883213844902,0.7808222624798713,0.8682447758370291,0.7145015105740181,0.7014925373134329,0.9791666666666666,0.8173913043478261,0.5303016062131758,0.1775017774827401,0.0580943648767177,Q
fold_a,42,1hop,coordinate_plus_frozen_sequence_fm_plus_frozen_pangenomefm_pair,length_bin,"bp[100000,1e+06)",37,0.5675675675675675,0.2437883213844902,0.6130952380952381,0.6651612887268117,0.5945945945945946,0.5882352941176471,0.9523809523809524,0.7272727272727273,0.8685746051121146,0.2926911404378802,0.3026178374644341,Q
fold_a,42,1hop,coordinate_plus_frozen_sequence_fm_plus_frozen_pangenomefm_pair,length_bin,"bp[50,100)",15326,0.5807125146809343,0.2437883213844902,0.795469047793899,0.8373695086428956,0.7067075557875506,0.6867316659601526,0.9101123595505618,0.7827977772408794,0.5553943297390532,0.1902539378987144,0.0968813837114207,Q
fold_a,42,1hop,coordinate_plus_frozen_sequence_fm_plus_frozen_pangenomefm_pair,length_bin,"bp[500,1000)",3194,0.6546649968691296,0.2437883213844902,0.8899945932422898,0.939492430180892,0.7648716343143394,0.7434593023255814,0.9784791965566716,0.8449308279991741,0.3994956358961633,0.1288648402645373,0.0451338805729194,Q
fold_a,42,1hop,coordinate_plus_frozen_sequence_fm_plus_frozen_pangenomefm_pair,allele_frequency_bin,"af[0.001,0.01)",11561,0.6030620188565003,0.2437883213844902,0.7845391621587054,0.8452827868462551,0.7038318484560159,0.6852548036758563,0.9411933448078026,0.7930867778583515,0.5471087105879445,0.1864926117591225,0.061404596135144,Q
fold_a,42,1hop,coordinate_plus_frozen_sequence_fm_plus_frozen_pangenomefm_pair,allele_frequency_bin,"af[0.01,0.05)",14805,0.6430935494765282,0.2437883213844902,0.8347770190616527,0.9007832250235676,0.745356298547788,0.7361806981519508,0.9413927108497008,0.8262352507374632,0.491107422771245,0.1647607148488379,0.0899695714957538,Q
fold_a,42,1hop,coordinate_plus_frozen_sequence_fm_plus_frozen_pangenomefm_pair,allele_frequency_bin,"af[0.05,0.5)",14697,0.6236646934748589,0.2437883213844902,0.8574740676723694,0.9078466236898034,0.7522623664693475,0.7331813961340424,0.947632555094916,0.8267263122828725,0.4624202944324738,0.1540460240595917,0.0827599396338206,Q
fold_a,42,1hop,coordinate_plus_frozen_sequence_fm_plus_frozen_pangenomefm_pair,allele_frequency_bin,"af[0.5,1)",2154,0.5979572887650882,0.2437883213844902,0.947466756559035,0.9614259361633444,0.8379758588672238,0.800383877159309,0.971273291925466,0.8775868116450368,0.3196649426491896,0.0965008632381766,0.0780891541403217,Q
fold_a,42,1hop,coordinate_plus_frozen_sequence_fm_plus_frozen_pangenomefm_pair,breakpoint_mapping_distance,overlap,43217,0.623527778420529,0.2437883213844902,0.8365269641157931,0.8927327849238105,0.7412129486081865,0.7241546031114018,0.9448918246929158,0.8199265795066658,0.4877876426169315,0.1635282583914458,0.0758645797081113,Q
fold_a,42,1hop,coordinate_plus_frozen_sequence_fm_plus_topology_control_pair,chromosome,chr12,7786,0.6203442075520165,0.2583653300249253,0.8638454755320967,0.9055524522221448,0.7789622399178012,0.7654089124124979,0.9281573498964804,0.8389632263497707,0.4604170093588839,0.1494512289437633,0.0699032998890107,Q
fold_a,42,1hop,coordinate_plus_frozen_sequence_fm_plus_topology_control_pair,chromosome,chr17,6605,0.6183194549583648,0.2583653300249253,0.8479176484620277,0.8976810747639489,0.7598788796366389,0.7504009623095429,0.9165034280117532,0.8251763668430335,0.4855067042608592,0.15996797932921,0.0764790381774177,Q
fold_a,42,1hop,coordinate_plus_frozen_sequence_fm_plus_topology_control_pair,chromosome,chr2,13840,0.619942196531792,0.2583653300249253,0.838856457230982,0.885959234934831,0.7552023121387283,0.7444904878508194,0.9213286713286714,0.8235232836753829,0.4914359819727204,0.1616223571790352,0.0658588564466052,Q
fold_a,42,1hop,coordinate_plus_frozen_sequence_fm_plus_topology_control_pair,chromosome,chr22,3884,0.6251287332646756,0.2583653300249253,0.8402573795644224,0.8921177598050447,0.7551493305870237,0.7482352941176471,0.9168039538714992,0.8239866740699612,0.4952980219240452,0.162786077557213,0.077240637329877,Q
fold_a,42,1hop,coordinate_plus_frozen_sequence_fm_plus_topology_control_pair,chromosome,chr7,11102,0.6327688704737885,0.2583653300249253,0.8483793557645223,0.9031366878527586,0.7695009908124663,0.7621507396102372,0.9241281138790036,0.8353599691179309,0.4817875611037369,0.1584612778798426,0.0795252551078568,Q
fold_a,42,1hop,coordinate_plus_frozen_sequence_fm_plus_topology_control_pair,sv_class,DEL,16270,0.0,0.2583653300249253,,,0.501720958819914,0.0,0.0,0.0,0.4976750464237282,0.1674768302392485,0.3248813517720897,Q
fold_a,42,1hop,coordinate_plus_frozen_sequence_fm_plus_topology_control_pair,sv_class,INS,26947,1.0,0.2583653300249253,,,0.9221434668052102,1.0,0.9221434668052102,0.9594949416943394,0.4738346614549418,0.1530307418133772,0.3122244699163644,Q
fold_a,42,1hop,coordinate_plus_frozen_sequence_fm_plus_topology_control_pair,length_bin,bp>=1e+06,4,1.0,0.2583653300249253,,,1.0,1.0,1.0,1.0,0.1967844583406448,0.0366865913793989,0.1752448260028081,Q
fold_a,42,1hop,coordinate_plus_frozen_sequence_fm_plus_topology_control_pair,length_bin,"bp[100,500)",19281,0.6574866448835641,0.2583653300249253,0.8584353011389015,0.9126339535127856,0.7827394844665733,0.781245858184228,0.9299518813599432,0.8491374653365505,0.4645699400785627,0.151067774148673,0.0909161202227987,Q
fold_a,42,1hop,coordinate_plus_frozen_sequence_fm_plus_topology_control_pair,length_bin,"bp[1000,10000)",4713,0.5987693613409718,0.2583653300249253,0.9037592182897763,0.9351827996236566,0.7604498196477827,0.723292007385914,0.9716513111268604,0.8292756691365493,0.4006763898418203,0.1265876463818364,0.0706301526645888,Q
fold_a,42,1hop,coordinate_plus_frozen_sequence_fm_plus_topology_control_pair,length_bin,"bp[10000,100000)",662,0.6525679758308157,0.2583653300249253,0.8303190418679549,0.8956676715483812,0.7145015105740181,0.7035175879396985,0.9722222222222222,0.8163265306122449,0.4806482982721986,0.1570426758174174,0.0731894626468976,Q
fold_a,42,1hop,coordinate_plus_frozen_sequence_fm_plus_topology_control_pair,length_bin,"bp[100000,1e+06)",37,0.5675675675675675,0.2583653300249253,0.6696428571428572,0.7305305876681643,0.6216216216216216,0.6,1.0,0.75,0.6979526262393537,0.2486391049385381,0.2401401801431515,Q
fold_a,42,1hop,coordinate_plus_frozen_sequence_fm_plus_topology_control_pair,length_bin,"bp[50,100)",15326,0.5807125146809343,0.2583653300249253,0.81035282402599,0.8422738443944622,0.7393318543651312,0.726642639312448,0.8834831460674157,0.7974240657167486,0.547806355332996,0.1838329324517753,0.0900387148497491,Q
fold_a,42,1hop,coordinate_plus_frozen_sequence_fm_plus_topology_control_pair,length_bin,"bp[500,1000)",3194,0.6546649968691296,0.2583653300249253,0.8923836257188236,0.9399363632002048,0.7842830306825297,0.7677616501145913,0.9612625538020086,0.8536844340624337,0.4005491632020028,0.1278929021553564,0.0496055977567038,Q
fold_a,42,1hop,coordinate_plus_frozen_sequence_fm_plus_topology_control_pair,allele_frequency_bin,"af[0.001,0.01)",11561,0.6030620188565003,0.2583653300249253,0.7904499422213337,0.8446657143109331,0.7147305596401695,0.7007650273224044,0.9196787148594378,0.7954348095769755,0.5470980085129115,0.1839750306569728,0.059493202417176,Q
fold_a,42,1hop,coordinate_plus_frozen_sequence_fm_plus_topology_control_pair,allele_frequency_bin,"af[0.01,0.05)",14805,0.6430935494765282,0.2583653300249253,0.8425136721161661,0.9012234907935176,0.7659574468085106,0.7658005617977528,0.916290305640164,0.8343135848515277,0.490539053762849,0.1615642684377022,0.0876623091317942,Q
fold_a,42,1hop,coordinate_plus_frozen_sequence_fm_plus_topology_control_pair,allele_frequency_bin,"af[0.05,0.5)",14697,0.6236646934748589,0.2583653300249253,0.8728232058664603,0.9153235702880212,0.7842416819759135,0.7739694726259025,0.9238490072005237,0.8422937285522455,0.4516130697680895,0.1462506117360466,0.0787880444448574,Q
fold_a,42,1hop,coordinate_plus_frozen_sequence_fm_plus_topology_control_pair,allele_frequency_bin,"af[0.5,1)",2154,0.5979572887650882,0.2583653300249253,0.9590992712980362,0.9656863431708188,0.8741875580315692,0.845213849287169,0.966614906832298,0.9018471568272364,0.2974965523593385,0.0836712457323716,0.0880593761731515,Q
fold_a,42,1hop,coordinate_plus_frozen_sequence_fm_plus_topology_control_pair,breakpoint_mapping_distance,overlap,43217,0.623527778420529,0.2583653300249253,0.8473630520462792,0.8962608313829933,0.7638660712219728,0.7540053404539386,0.9221434668052102,0.829641253359598,0.4828099041474506,0.1584692928161984,0.0723718258440976,Q
fold_a,42,1hop,coordinate_plus_frozen_sequence_fm_plus_topology_control_plus_frozen_pangenomefm_pair,chromosome,chr12,7786,0.6203442075520165,0.2619270538571319,0.8711887181771573,0.9125884742223008,0.7796044181864886,0.7624747134187457,0.9364389233954452,0.8405500836275785,0.4415323991177141,0.1447965019641924,0.0657748987175445,Q
fold_a,42,1hop,coordinate_plus_frozen_sequence_fm_plus_topology_control_plus_frozen_pangenomefm_pair,chromosome,chr17,6605,0.6183194549583648,0.2619270538571319,0.8555086344247984,0.9066752989130334,0.7582134746404239,0.7474626865671642,0.919686581782566,0.8246788890108684,0.4671782241264231,0.1554977019925106,0.0747056309049941,Q
fold_a,42,1hop,coordinate_plus_frozen_sequence_fm_plus_topology_control_plus_frozen_pangenomefm_pair,chromosome,chr2,13840,0.619942196531792,0.2619270538571319,0.8503807377666693,0.898126773708542,0.7624277456647399,0.7483574244415243,0.9292540792540792,0.8290527191431839,0.4689467804774743,0.155721196005974,0.0645078159365206,Q
fold_a,42,1hop,coordinate_plus_frozen_sequence_fm_plus_topology_control_plus_frozen_pangenomefm_pair,chromosome,chr22,3884,0.6251287332646756,0.2619270538571319,0.8476461373264297,0.9010533845297032,0.761071060762101,0.7491694352159468,0.9287479406919276,0.8293490253769769,0.4788007241713523,0.1588668333090829,0.0752784718172922,Q
fold_a,42,1hop,coordinate_plus_frozen_sequence_fm_plus_topology_control_plus_frozen_pangenomefm_pair,chromosome,chr7,11102,0.6327688704737885,0.2619270538571319,0.8597414887961894,0.9111269231681276,0.774635200864709,0.7652163715257417,0.9288256227758008,0.8391203703703703,0.4598770335599733,0.1519115805147518,0.0767346436239762,Q
fold_a,42,1hop,coordinate_plus_frozen_sequence_fm_plus_topology_control_plus_frozen_pangenomefm_pair,sv_class,DEL,16270,0.0,0.2619270538571319,,,0.5011677934849416,0.0,0.0,0.0,0.4774513531134869,0.1601083773075666,0.312546866141585,Q
fold_a,42,1hop,coordinate_plus_frozen_sequence_fm_plus_topology_control_plus_frozen_pangenomefm_pair,sv_class,INS,26947,1.0,0.2619270538571319,,,0.9289345752773964,1.0,0.9289345752773964,0.9631581985032416,0.4531409877092706,0.1487448356896707,0.299418906504678,Q
fold_a,42,1hop,coordinate_plus_frozen_sequence_fm_plus_topology_control_plus_frozen_pangenomefm_pair,length_bin,bp>=1e+06,4,1.0,0.2619270538571319,,,1.0,1.0,1.0,1.0,0.1110793801760648,0.0111948407641139,0.1050434642350341,Q
fold_a,42,1hop,coordinate_plus_frozen_sequence_fm_plus_topology_control_plus_frozen_pangenomefm_pair,length_bin,"bp[100,500)",19281,0.6574866448835641,0.2619270538571319,0.8672875427376574,0.9229396380840972,0.7845028784814065,0.7793731969577761,0.9376824169756252,0.851229904400444,0.4429236628208961,0.1455089493845512,0.0821065218661671,Q
fold_a,42,1hop,coordinate_plus_frozen_sequence_fm_plus_topology_control_plus_frozen_pangenomefm_pair,length_bin,"bp[1000,10000)",4713,0.5987693613409718,0.2619270538571319,0.9123249148021456,0.939109123027798,0.7876087417780607,0.7473512632436837,0.9748405386250886,0.8460710441334769,0.3710100141865864,0.1179233847123578,0.0497362018094899,Q
fold_a,42,1hop,coordinate_plus_frozen_sequence_fm_plus_topology_control_plus_frozen_pangenomefm_pair,length_bin,"bp[10000,100000)",662,0.6525679758308157,0.2619270538571319,0.8186644524959743,0.8853099839203561,0.729607250755287,0.7147707979626485,0.9745370370370372,0.8246816846229187,0.4872794878348568,0.1593219696693951,0.044120697234348,Q
fold_a,42,1hop,coordinate_plus_frozen_sequence_fm_plus_topology_control_plus_frozen_pangenomefm_pair,length_bin,"bp[100000,1e+06)",37,0.5675675675675675,0.2619270538571319,0.6101190476190477,0.6320402197397996,0.5675675675675675,0.5757575757575758,0.9047619047619048,0.7037037037037037,0.8395591173173502,0.2835104443505924,0.2749584288690346,Q
fold_a,42,1hop,coordinate_plus_frozen_sequence_fm_plus_topology_control_plus_frozen_pangenomefm_pair,length_bin,"bp[50,100)",15326,0.5807125146809343,0.2619270538571319,0.8201799308987017,0.8546105530173249,0.7386141197964243,0.7234295105916727,0.8902247191011236,0.7982067298005239,0.5301351245638302,0.179230903953852,0.0894817324120012,Q
fold_a,42,1hop,coordinate_plus_frozen_sequence_fm_plus_topology_control_plus_frozen_pangenomefm_pair,length_bin,"bp[500,1000)",3194,0.6546649968691296,0.2619270538571319,0.9013557217327812,0.9461753346953256,0.788979336255479,0.7686765263557073,0.9693926351028216,0.8574450084602369,0.3792750239116112,0.1217785776984625,0.0435008626455557,Q
fold_a,42,1hop,coordinate_plus_frozen_sequence_fm_plus_topology_control_plus_frozen_pangenomefm_pair,allele_frequency_bin,"af[0.001,0.01)",11561,0.6030620188565003,0.2619270538571319,0.8006891370231417,0.8559592992773755,0.7226018510509471,0.7067091248490173,0.923121055651176,0.8005472977175198,0.5309879022394052,0.1797761094004756,0.0559788000948662,Q
fold_a,42,1hop,coordinate_plus_frozen_sequence_fm_plus_topology_control_plus_frozen_pangenomefm_pair,allele_frequency_bin,"af[0.01,0.05)",14805,0.6430935494765282,0.2619270538571319,0.853160035257335,0.9111692155610596,0.7696048632218845,0.7659759707469963,0.9240625984665476,0.8376255533869662,0.4687638607111951,0.1555964113047953,0.0829424858746897,Q
fold_a,42,1hop,coordinate_plus_frozen_sequence_fm_plus_topology_control_plus_frozen_pangenomefm_pair,allele_frequency_bin,"af[0.05,0.5)",14697,0.6236646934748589,0.2619270538571319,0.8823871761933109,0.9236924085925748,0.7863509559774103,0.7721278901734104,0.9326860135282566,0.8448463286886055,0.4290435977326492,0.1402329411119454,0.0755601118753082,Q
fold_a,42,1hop,coordinate_plus_frozen_sequence_fm_plus_topology_control_plus_frozen_pangenomefm_pair,allele_frequency_bin,"af[0.5,1)",2154,0.5979572887650882,0.2619270538571319,0.9632959419333552,0.9725493099169906,0.8732590529247911,0.842211732973702,0.96972049689441,0.9014796102490076,0.2759841501682439,0.079011318688492,0.0798986530461964,Q
fold_a,42,1hop,coordinate_plus_frozen_sequence_fm_plus_topology_control_plus_frozen_pangenomefm_pair,breakpoint_mapping_distance,overlap,43217,0.623527778420529,0.2619270538571319,0.8571696520810537,0.905693451960974,0.7678922646180901,0.7551586822734403,0.9289345752773964,0.833080955154339,0.4622931649804047,0.1530228934475708,0.0695437802436788,Q
