fold,seed,context,feature_set,family,stratum,positive_count,negative_count,positive_prevalence,sufficiently_powered,class_recall,balanced_accuracy,normalized_ap,n,positive_fraction,threshold,auroc,auprc,accuracy,precision,recall,f1,nll,brier,ece,task,fraction,n_test,n_train,n_val
fold_a,20260806,1hop,C,complexity,high,14004,7742,0.643980502161317,True,0.7079922744412765,0.631311321834386,0.6111380176982224,21746,0.643980502161317,0.3046057885212088,0.7725775069174243,0.8615575523323663,0.7079922744412765,0.7188608029280568,0.8976006855184233,0.7983486821213084,0.573796168442959,0.19690319784582272,0.11712417237961557,sv_complexity_high,0.125,21746,91932,43217
fold_a,20260806,1hop,C,complexity,low,5267,2539,0.6747373815014092,True,0.7585190878811171,0.6631639269619117,0.6437871986452524,7806,0.6747373815014092,0.3046057885212088,0.8022676510345952,0.8841372914886364,0.7585190878811171,0.7610373572090151,0.9360167078033036,0.8395061728395061,0.5300437922268557,0.17644520246103407,0.10736785718964496,sv_complexity_low,0.125,7806,91932,43217
fold_a,20260806,1hop,C,complexity,medium,6022,3182,0.6542807475010864,True,0.7384832681442851,0.656904517919942,0.640888766627558,9204,0.6542807475010864,0.3046057885212088,0.802132386570841,0.8758483328345165,0.7384832681442851,0.7416120839459965,0.9212886084357357,0.8217433163000815,0.5372825194658055,0.17968396383088184,0.09984727334710758,sv_complexity_medium,0.125,9204,91932,43217
fold_a,20260806,1hop,C+T,complexity,high,14004,7742,0.643980502161317,True,0.7651522119010393,0.7024909423598277,0.738273439552508,21746,0.643980502161317,0.2795114746548469,0.8459976486771209,0.9068202413784382,0.7651522119010393,0.7636460617554673,0.9200942587832048,0.8346018071703857,0.47750944891090674,0.1588895373861837,0.08319352244324496,sv_complexity_high,0.125,21746,91932,43217
fold_a,20260806,1hop,C+T,complexity,low,5267,2539,0.6747373815014092,True,0.8378170637970792,0.7741486092072833,0.8197139329362052,7806,0.6747373815014092,0.2795114746548469,0.8995948377141164,0.9413596817480175,0.8378170637970792,0.8294088588835831,0.9563318777292577,0.8883597883597883,0.38402985459854244,0.12148474607607963,0.07746003750198673,sv_complexity_low,0.125,7806,91932,43217
fold_a,20260806,1hop,C+T,complexity,medium,6022,3182,0.6542807475010864,True,0.8222511951325511,0.7710888694105272,0.8219949105550673,9204,0.6542807475010864,0.2795114746548469,0.8984610377912455,0.9384602135360957,0.8222511951325511,0.8179182371701943,0.9368980405181003,0.8733746130030959,0.39818501139930046,0.12714785457492558,0.0785700573242943,sv_complexity_medium,0.125,9204,91932,43217
fold_a,20260806,1hop,C+S,complexity,high,14004,7742,0.643980502161317,True,0.6998988319690977,0.6247963732692974,0.6247034441669114,21746,0.643980502161317,0.2842584257938669,0.7734046546172623,0.8663871086517165,0.6998988319690977,0.7158028396629343,0.8856041131105399,0.791701244813278,0.5675134997767264,0.19459588323520613,0.1086416260182006,sv_complexity_high,0.125,21746,91932,43217
fold_a,20260806,1hop,C+S,complexity,low,5267,2539,0.6747373815014092,True,0.7800409941070972,0.6923719237536354,0.7122750701902795,7806,0.6747373815014092,0.2842584257938669,0.8372327330627217,0.906413835922767,0.7800409941070972,0.777951769495772,0.9432314410480349,0.8526559684201493,0.4901343057984297,0.16058711938669815,0.10663465425335675,sv_complexity_low,0.125,7806,91932,43217
fold_a,20260806,1hop,C+S,complexity,medium,6022,3182,0.6542807475010864,True,0.762929161234246,0.6879615514118461,0.6918579965197251,9204,0.6542807475010864,0.2842584257938669,0.8270647475076197,0.8934693768932818,0.762929161234246,0.7604449267498643,0.9309199601461309,0.8370912348812901,0.506200087596552,0.1676418585245063,0.09562087247500176,sv_complexity_medium,0.125,9204,91932,43217
fold_a,20260806,1hop,C+S+T,complexity,high,14004,7742,0.643980502161317,True,0.7571047548974524,0.6913044680521216,0.7237092901175585,21746,0.643980502161317,0.2595882216965144,0.8380466737148797,0.9016351202101599,0.7571047548974524,0.7559272300469484,0.9198086261068266,0.829854400206159,0.4908337312392261,0.16369158909580897,0.0863331493736939,sv_complexity_high,0.125,21746,91932,43217
fold_a,20260806,1hop,C+S+T,complexity,low,5267,2539,0.6747373815014092,True,0.8370484242890085,0.7707231027376009,0.8276647942513214,7806,0.6747373815014092,0.2595882216965144,0.9006628548320025,0.9439457997186914,0.8370484242890085,0.826228972725788,0.9605088285551547,0.888323090430202,0.3867735535322274,0.1224221565633236,0.08222896705853061,sv_complexity_low,0.125,7806,91932,43217
fold_a,20260806,1hop,C+S+T,complexity,medium,6022,3182,0.6542807475010864,True,0.8217079530638852,0.7654122710756139,0.8245829135545014,9204,0.6542807475010864,0.2595882216965144,0.8985993844902651,0.9393549359985249,0.8217079530638852,0.8113717128642501,0.9478578545333776,0.8743202879681397,0.4004411522096299,0.1275500050771103,0.08023707790349446,sv_complexity_medium,0.125,9204,91932,43217
fold_a,20260806,1hop,T,complexity,high,14004,7742,0.643980502161317,True,0.76469235721512,0.7020472653825667,0.7372820323436552,21746,0.643980502161317,0.2818072285615715,0.8449249535376504,0.9064672810817888,0.76469235721512,0.7634121761811608,0.919594401599543,0.8342564700547404,0.478961418670674,0.1591914121395748,0.08252032818487455,sv_complexity_high,0.125,21746,91932,43217
fold_a,20260806,1hop,T,complexity,low,5267,2539,0.6747373815014092,True,0.8389700230591852,0.777348921659776,0.8202602753361914,7806,0.6747373815014092,0.2818072285615715,0.89908776793807,0.9415373865076339,0.8389700230591852,0.8321736249171637,0.9536738181127776,0.8887905865699371,0.3882095415760661,0.12270379434629168,0.08288370395285607,sv_complexity_low,0.125,7806,91932,43217
fold_a,20260806,1hop,T,complexity,medium,6022,3182,0.6542807475010864,True,0.8254019991308127,0.7764609066984851,0.8219818394543619,9204,0.6542807475010864,0.2818072285615715,0.8977285987415513,0.9384556946049304,0.8254019991308127,0.8224039725427195,0.9350714048488874,0.8751262724376409,0.40044837199412747,0.127459473209098,0.07921613867158596,sv_complexity_medium,0.125,9204,91932,43217
fold_a,20260806,1hop,S,complexity,high,14004,7742,0.643980502161317,True,0.6947024740182103,0.604965157019388,0.6227009931501182,21746,0.643980502161317,0.2507480805018489,0.7714877760135109,0.8656741970462712,0.6947024740182103,0.7011525645927787,0.9165952584975722,0.7945281792578379,0.569760277407014,0.1954379921383943,0.10949203685030844,sv_complexity_high,0.125,21746,91932,43217
fold_a,20260806,1hop,S,complexity,low,5267,2539,0.6747373815014092,True,0.7733794517038176,0.6743798826777682,0.7005802677838264,7806,0.6747373815014092,0.2507480805018489,0.8327174864593825,0.9026099538692205,0.7733794517038176,0.765402124430956,0.9576609075374977,0.8508054313907396,0.49714633535374286,0.16302175529031934,0.10934741634060088,sv_complexity_low,0.125,7806,91932,43217
fold_a,20260806,1hop,S,complexity,medium,6022,3182,0.6542807475010864,True,0.7516297262059974,0.6652465994684063,0.6835556775985073,9204,0.6542807475010864,0.2507480805018489,0.8237916817051076,0.8905991054018307,0.7516297262059974,0.7442468619246861,0.9452009299236134,0.8327724945135333,0.510674045842569,0.16913706217951033,0.0973335625750219,sv_complexity_medium,0.125,9204,91932,43217
fold_a,20260806,1hop,K,complexity,high,14004,7742,0.643980502161317,True,0.6487629908948772,0.5082760610671003,0.4057958483628711,21746,0.643980502161317,0.1621867412069788,0.6748987686361302,0.7884517363204887,0.6487629908948772,0.6478127612148231,0.9961439588688946,0.7850751308458551,0.6518004850932454,0.22980979558718712,0.14280945503923756,sv_complexity_high,0.125,21746,91932,43217
fold_a,20260806,1hop,K,complexity,low,5267,2539,0.6747373815014092,True,0.6757622341788367,0.5041253539898151,0.46465885108997423,7806,0.6747373815014092,0.1621867412069788,0.706483172364914,0.825873536115481,0.6757622341788367,0.6765616933402169,0.9952534649705714,0.8055320783711103,0.6156657669413725,0.21381671071556888,0.14299698082179227,sv_complexity_low,0.125,7806,91932,43217
fold_a,20260806,1hop,K,complexity,medium,6022,3182,0.6542807475010864,True,0.6563450673620165,0.5057274280915504,0.449684342136338,9204,0.6542807475010864,0.1621867412069788,0.7004799967686053,0.8097452821249269,0.6563450673620165,0.6568982548567666,0.9938558618399203,0.7909865856076125,0.6251825967564993,0.21774998611079996,0.1288551420329283,sv_complexity_medium,0.125,9204,91932,43217
fold_a,20260806,strict,C,complexity,high,14004,7742,0.643980502161317,True,0.7079922744412765,0.631311321834386,0.6111380176982224,21746,0.643980502161317,0.3046057885212088,0.7725775069174243,0.8615575523323663,0.7079922744412765,0.7188608029280568,0.8976006855184233,0.7983486821213084,0.573796168442959,0.19690319784582272,0.11712417237961557,sv_complexity_high,0.125,21746,91932,43217
fold_a,20260806,strict,C,complexity,low,5267,2539,0.6747373815014092,True,0.7585190878811171,0.6631639269619117,0.6437871986452524,7806,0.6747373815014092,0.3046057885212088,0.8022676510345952,0.8841372914886364,0.7585190878811171,0.7610373572090151,0.9360167078033036,0.8395061728395061,0.5300437922268557,0.17644520246103407,0.10736785718964496,sv_complexity_low,0.125,7806,91932,43217
fold_a,20260806,strict,C,complexity,medium,6022,3182,0.6542807475010864,True,0.7384832681442851,0.656904517919942,0.640888766627558,9204,0.6542807475010864,0.3046057885212088,0.802132386570841,0.8758483328345165,0.7384832681442851,0.7416120839459965,0.9212886084357357,0.8217433163000815,0.5372825194658055,0.17968396383088184,0.09984727334710758,sv_complexity_medium,0.125,9204,91932,43217
fold_a,20260806,strict,C+T,complexity,high,14004,7742,0.643980502161317,True,0.7578865078635151,0.6944238853112862,0.7135794869258069,21746,0.643980502161317,0.2993893735882422,0.8321474292210566,0.8980287127646278,0.7578865078635151,0.758810637919801,0.9148100542702086,0.8295399358953605,0.50204814786849,0.16689059347057536,0.09391277601896701,sv_complexity_high,0.125,21746,91932,43217
fold_a,20260806,strict,C+T,complexity,low,5267,2539,0.6747373815014092,True,0.8127081732001025,0.7403446055470487,0.7827065779013851,7806,0.6747373815014092,0.2993893735882422,0.8785208951856639,0.929322572545685,0.8127081732001025,0.8080971659919028,0.947408391873932,0.8722251354658277,0.4266380019976931,0.1366595032509359,0.08928885125933371,sv_complexity_low,0.125,7806,91932,43217
fold_a,20260806,strict,C+T,complexity,medium,6022,3182,0.6542807475010864,True,0.8056279878313777,0.7483812757788799,0.7873366199640671,9204,0.6542807475010864,0.2993893735882422,0.878143695200147,0.9264781752200849,0.8056279878313777,0.8017106200997862,0.9339090003321155,0.8627751783385749,0.43565112431200387,0.14014789203034544,0.08466913485966308,sv_complexity_medium,0.125,9204,91932,43217
fold_a,20260806,strict,C+S,complexity,high,14004,7742,0.643980502161317,True,0.6998988319690977,0.6247963732692974,0.6247034441669114,21746,0.643980502161317,0.2842584257938669,0.7734046546172623,0.8663871086517165,0.6998988319690977,0.7158028396629343,0.8856041131105399,0.791701244813278,0.5675134997767264,0.19459588323520613,0.1086416260182006,sv_complexity_high,0.125,21746,91932,43217
fold_a,20260806,strict,C+S,complexity,low,5267,2539,0.6747373815014092,True,0.7800409941070972,0.6923719237536354,0.7122750701902795,7806,0.6747373815014092,0.2842584257938669,0.8372327330627217,0.906413835922767,0.7800409941070972,0.777951769495772,0.9432314410480349,0.8526559684201493,0.4901343057984297,0.16058711938669815,0.10663465425335675,sv_complexity_low,0.125,7806,91932,43217
fold_a,20260806,strict,C+S,complexity,medium,6022,3182,0.6542807475010864,True,0.762929161234246,0.6879615514118461,0.6918579965197251,9204,0.6542807475010864,0.2842584257938669,0.8270647475076197,0.8934693768932818,0.762929161234246,0.7604449267498643,0.9309199601461309,0.8370912348812901,0.506200087596552,0.1676418585245063,0.09562087247500176,sv_complexity_medium,0.125,9204,91932,43217
fold_a,20260806,strict,C+S+T,complexity,high,14004,7742,0.643980502161317,True,0.7467120389956774,0.6826000133113239,0.7021817422929755,21746,0.643980502161317,0.2845632361273259,0.8220307907745441,0.8939708934439536,0.7467120389956774,0.7519871870921817,0.9052413596115395,0.8215280928002073,0.5133962500929583,0.17237751826999004,0.09477874029639893,sv_complexity_high,0.125,21746,91932,43217
fold_a,20260806,strict,C+S+T,complexity,low,5267,2539,0.6747373815014092,True,0.8112990007686395,0.7365464427982146,0.7932591769792089,7806,0.6747373815014092,0.2845632361273259,0.8803492178555263,0.9327549385537037,0.8112990007686395,0.8050820199421036,0.9504461742927662,0.8717457553330431,0.42650723104537086,0.13632604678162402,0.09129830164522755,sv_complexity_low,0.125,7806,91932,43217
fold_a,20260806,strict,C+S+T,complexity,medium,6022,3182,0.6542807475010864,True,0.8044328552803129,0.742206504079636,0.7874270537910149,9204,0.6542807475010864,0.2845632361273259,0.8768231130731421,0.9265094399351379,0.8044328552803129,0.7954100195913798,0.9438724676187313,0.8633049817739976,0.4365968120568921,0.14108403597260374,0.08666377464203324,sv_complexity_medium,0.125,9204,91932,43217
fold_a,20260806,strict,T,complexity,high,14004,7742,0.643980502161317,True,0.7537478156902419,0.684510656843736,0.7115703146049063,21746,0.643980502161317,0.2819068043899825,0.8317280514974096,0.8973134082438694,0.7537478156902419,0.7505939618705453,0.9249500142816338,0.8287002974952816,0.5014326275045606,0.1664812774565489,0.09085662458210508,sv_complexity_high,0.125,21746,91932,43217
fold_a,20260806,strict,T,complexity,low,5267,2539,0.6747373815014092,True,0.8088649756597489,0.7319888344446719,0.7843448078082825,7806,0.6747373815014092,0.2819068043899825,0.8783088247115644,0.9298554274949051,0.8088649756597489,0.8018551095474172,0.9519650655021834,0.8704861111111111,0.4301954894328891,0.13791514325010645,0.09398658829440368,sv_complexity_low,0.125,7806,91932,43217
fold_a,20260806,strict,T,complexity,medium,6022,3182,0.6542807475010864,True,0.8010647544545849,0.7385951385878011,0.7858621768286966,9204,0.6542807475010864,0.2819068043899825,0.8776192197851541,0.9259684318414725,0.8010647544545849,0.7933641327173456,0.9410494852208569,0.8609191036840106,0.4378655526208011,0.14077980628277245,0.08683663334730428,sv_complexity_medium,0.125,9204,91932,43217
fold_a,20260806,strict,S,complexity,high,14004,7742,0.643980502161317,True,0.6947024740182103,0.604965157019388,0.6227009931501182,21746,0.643980502161317,0.2507480805018489,0.7714877760135109,0.8656741970462712,0.6947024740182103,0.7011525645927787,0.9165952584975722,0.7945281792578379,0.569760277407014,0.1954379921383943,0.10949203685030844,sv_complexity_high,0.125,21746,91932,43217
fold_a,20260806,strict,S,complexity,low,5267,2539,0.6747373815014092,True,0.7733794517038176,0.6743798826777682,0.7005802677838264,7806,0.6747373815014092,0.2507480805018489,0.8327174864593825,0.9026099538692205,0.7733794517038176,0.765402124430956,0.9576609075374977,0.8508054313907396,0.49714633535374286,0.16302175529031934,0.10934741634060088,sv_complexity_low,0.125,7806,91932,43217
fold_a,20260806,strict,S,complexity,medium,6022,3182,0.6542807475010864,True,0.7516297262059974,0.6652465994684063,0.6835556775985073,9204,0.6542807475010864,0.2507480805018489,0.8237916817051076,0.8905991054018307,0.7516297262059974,0.7442468619246861,0.9452009299236134,0.8327724945135333,0.510674045842569,0.16913706217951033,0.0973335625750219,sv_complexity_medium,0.125,9204,91932,43217
fold_a,20260806,strict,K,complexity,high,14004,7742,0.643980502161317,True,0.6487629908948772,0.5082760610671003,0.4057958483628711,21746,0.643980502161317,0.1621867412069788,0.6748987686361302,0.7884517363204887,0.6487629908948772,0.6478127612148231,0.9961439588688946,0.7850751308458551,0.6518004850932454,0.22980979558718712,0.14280945503923756,sv_complexity_high,0.125,21746,91932,43217
fold_a,20260806,strict,K,complexity,low,5267,2539,0.6747373815014092,True,0.6757622341788367,0.5041253539898151,0.46465885108997423,7806,0.6747373815014092,0.1621867412069788,0.706483172364914,0.825873536115481,0.6757622341788367,0.6765616933402169,0.9952534649705714,0.8055320783711103,0.6156657669413725,0.21381671071556888,0.14299698082179227,sv_complexity_low,0.125,7806,91932,43217
fold_a,20260806,strict,K,complexity,medium,6022,3182,0.6542807475010864,True,0.6563450673620165,0.5057274280915504,0.449684342136338,9204,0.6542807475010864,0.1621867412069788,0.7004799967686053,0.8097452821249269,0.6563450673620165,0.6568982548567666,0.9938558618399203,0.7909865856076125,0.6251825967564993,0.21774998611079996,0.1288551420329283,sv_complexity_medium,0.125,9204,91932,43217
fold_a,314159,1hop,C,complexity,high,14004,7742,0.643980502161317,True,0.7079922744412765,0.631311321834386,0.6111380176982224,21746,0.643980502161317,0.3046057885212088,0.7725775069174243,0.8615575523323663,0.7079922744412765,0.7188608029280568,0.8976006855184233,0.7983486821213084,0.573796168442959,0.19690319784582272,0.11712417237961557,sv_complexity_high,0.125,21746,91932,43217
fold_a,314159,1hop,C,complexity,low,5267,2539,0.6747373815014092,True,0.7585190878811171,0.6631639269619117,0.6437871986452524,7806,0.6747373815014092,0.3046057885212088,0.8022676510345952,0.8841372914886364,0.7585190878811171,0.7610373572090151,0.9360167078033036,0.8395061728395061,0.5300437922268557,0.17644520246103407,0.10736785718964496,sv_complexity_low,0.125,7806,91932,43217
fold_a,314159,1hop,C,complexity,medium,6022,3182,0.6542807475010864,True,0.7384832681442851,0.656904517919942,0.640888766627558,9204,0.6542807475010864,0.3046057885212088,0.802132386570841,0.8758483328345165,0.7384832681442851,0.7416120839459965,0.9212886084357357,0.8217433163000815,0.5372825194658055,0.17968396383088184,0.09984727334710758,sv_complexity_medium,0.125,9204,91932,43217
fold_a,314159,1hop,C+T,complexity,high,14004,7742,0.643980502161317,True,0.759817897544376,0.6910429547715304,0.735266000680336,21746,0.643980502161317,0.2703287144914023,0.8416200890235369,0.905749534501387,0.759817897544376,0.7543300700921045,0.9298771779491574,0.8329548725493332,0.4806195340417697,0.16033684853641522,0.07977460378651087,sv_complexity_high,0.125,21746,91932,43217
fold_a,314159,1hop,C+T,complexity,low,5267,2539,0.6747373815014092,True,0.8374327440430438,0.77223186152486,0.8269685180536038,7806,0.6747373815014092,0.2703287144914023,0.9013640857455664,0.9437193270994235,0.8374327440430438,0.8275975090134382,0.9588000759445605,0.8883806843170023,0.38693457183196645,0.12247648663526309,0.08545672890073179,sv_complexity_low,0.125,7806,91932,43217
fold_a,314159,1hop,C+T,complexity,medium,6022,3182,0.6542807475010864,True,0.8152976966536288,0.7624402959105947,0.8154831997726592,9204,0.6542807475010864,0.2703287144914023,0.8936696808955891,0.9362089897519124,0.8152976966536288,0.81210283073368,0.9337429425440054,0.868685308203306,0.40870886621442926,0.1310729122648732,0.08300210507461356,sv_complexity_medium,0.125,9204,91932,43217
fold_a,314159,1hop,C+S,complexity,high,14004,7742,0.643980502161317,True,0.6998988319690977,0.6247963732692974,0.6247034441669114,21746,0.643980502161317,0.2842584257938669,0.7734046546172623,0.8663871086517165,0.6998988319690977,0.7158028396629343,0.8856041131105399,0.791701244813278,0.5675134997767264,0.19459588323520613,0.1086416260182006,sv_complexity_high,0.125,21746,91932,43217
fold_a,314159,1hop,C+S,complexity,low,5267,2539,0.6747373815014092,True,0.7800409941070972,0.6923719237536354,0.7122750701902795,7806,0.6747373815014092,0.2842584257938669,0.8372327330627217,0.906413835922767,0.7800409941070972,0.777951769495772,0.9432314410480349,0.8526559684201493,0.4901343057984297,0.16058711938669815,0.10663465425335675,sv_complexity_low,0.125,7806,91932,43217
fold_a,314159,1hop,C+S,complexity,medium,6022,3182,0.6542807475010864,True,0.762929161234246,0.6879615514118461,0.6918579965197251,9204,0.6542807475010864,0.2842584257938669,0.8270647475076197,0.8934693768932818,0.762929161234246,0.7604449267498643,0.9309199601461309,0.8370912348812901,0.506200087596552,0.1676418585245063,0.09562087247500176,sv_complexity_medium,0.125,9204,91932,43217
fold_a,314159,1hop,C+S+T,complexity,high,14004,7742,0.643980502161317,True,0.7516324841350134,0.6822040586108512,0.7217579417131075,21746,0.643980502161317,0.2580547036369242,0.8344983785494066,0.9009404021310989,0.7516324841350134,0.7492611693805412,0.9233076263924593,0.8272288154569591,0.494581056538259,0.16524493685073488,0.08599957368052864,sv_complexity_high,0.125,21746,91932,43217
fold_a,314159,1hop,C+S+T,complexity,low,5267,2539,0.6747373815014092,True,0.8325646938252627,0.7627086559226102,0.8317507342051568,7806,0.6747373815014092,0.2580547036369242,0.9022108346924863,0.9452748032471039,0.8325646938252627,0.8203883495145631,0.9625973039681033,0.8858216126496025,0.3886988591631755,0.12272649671060452,0.08707077809013912,sv_complexity_low,0.125,7806,91932,43217
fold_a,314159,1hop,C+S+T,complexity,medium,6022,3182,0.6542807475010864,True,0.8109517601043025,0.7542282112037968,0.8179951360408109,9204,0.6542807475010864,0.2580547036369242,0.8947228066542519,0.9370774144808627,0.8109517601043025,0.8051596351197263,0.9380604450348722,0.8665439484583525,0.4086989919924349,0.13056775466745016,0.08321734529698659,sv_complexity_medium,0.125,9204,91932,43217
fold_a,314159,1hop,T,complexity,high,14004,7742,0.643980502161317,True,0.7584843189552102,0.6870619078388571,0.7330499881190823,21746,0.643980502161317,0.2608729179011745,0.8405708169072409,0.9049605908221252,0.7584843189552102,0.7509462094276866,0.9350899742930592,0.8329622797531964,0.4832436106089279,0.16116669488929644,0.08242288805334147,sv_complexity_high,0.125,21746,91932,43217
fold_a,314159,1hop,T,complexity,low,5267,2539,0.6747373815014092,True,0.8356392518575455,0.7690668816883801,0.8268828199093294,7806,0.6747373815014092,0.2608729179011745,0.9006553396406601,0.9436914526966164,0.8356392518575455,0.82527759634226,0.959559521549269,0.8873672197348784,0.39208667094986593,0.12412894721069669,0.09103790759909747,sv_complexity_low,0.125,7806,91932,43217
fold_a,314159,1hop,T,complexity,medium,6022,3182,0.6542807475010864,True,0.8185571490656236,0.7614482284838267,0.8180148982832942,9204,0.6542807475010864,0.2608729179011745,0.8944231511484916,0.9370842466685617,0.8185571490656236,0.8087400681044268,0.9465293922284955,0.8722264728385616,0.40808540226775564,0.13067953556571885,0.08450522940911326,sv_complexity_medium,0.125,9204,91932,43217
fold_a,314159,1hop,S,complexity,high,14004,7742,0.643980502161317,True,0.6947024740182103,0.604965157019388,0.6227009931501182,21746,0.643980502161317,0.2507480805018489,0.7714877760135109,0.8656741970462712,0.6947024740182103,0.7011525645927787,0.9165952584975722,0.7945281792578379,0.569760277407014,0.1954379921383943,0.10949203685030844,sv_complexity_high,0.125,21746,91932,43217
fold_a,314159,1hop,S,complexity,low,5267,2539,0.6747373815014092,True,0.7733794517038176,0.6743798826777682,0.7005802677838264,7806,0.6747373815014092,0.2507480805018489,0.8327174864593825,0.9026099538692205,0.7733794517038176,0.765402124430956,0.9576609075374977,0.8508054313907396,0.49714633535374286,0.16302175529031934,0.10934741634060088,sv_complexity_low,0.125,7806,91932,43217
fold_a,314159,1hop,S,complexity,medium,6022,3182,0.6542807475010864,True,0.7516297262059974,0.6652465994684063,0.6835556775985073,9204,0.6542807475010864,0.2507480805018489,0.8237916817051076,0.8905991054018307,0.7516297262059974,0.7442468619246861,0.9452009299236134,0.8327724945135333,0.510674045842569,0.16913706217951033,0.0973335625750219,sv_complexity_medium,0.125,9204,91932,43217
fold_a,314159,1hop,K,complexity,high,14004,7742,0.643980502161317,True,0.6487629908948772,0.5082760610671003,0.4057958483628711,21746,0.643980502161317,0.1621867412069788,0.6748987686361302,0.7884517363204887,0.6487629908948772,0.6478127612148231,0.9961439588688946,0.7850751308458551,0.6518004850932454,0.22980979558718712,0.14280945503923756,sv_complexity_high,0.125,21746,91932,43217
fold_a,314159,1hop,K,complexity,low,5267,2539,0.6747373815014092,True,0.6757622341788367,0.5041253539898151,0.46465885108997423,7806,0.6747373815014092,0.1621867412069788,0.706483172364914,0.825873536115481,0.6757622341788367,0.6765616933402169,0.9952534649705714,0.8055320783711103,0.6156657669413725,0.21381671071556888,0.14299698082179227,sv_complexity_low,0.125,7806,91932,43217
fold_a,314159,1hop,K,complexity,medium,6022,3182,0.6542807475010864,True,0.6563450673620165,0.5057274280915504,0.449684342136338,9204,0.6542807475010864,0.1621867412069788,0.7004799967686053,0.8097452821249269,0.6563450673620165,0.6568982548567666,0.9938558618399203,0.7909865856076125,0.6251825967564993,0.21774998611079996,0.1288551420329283,sv_complexity_medium,0.125,9204,91932,43217
fold_a,314159,strict,C,complexity,high,14004,7742,0.643980502161317,True,0.7079922744412765,0.631311321834386,0.6111380176982224,21746,0.643980502161317,0.3046057885212088,0.7725775069174243,0.8615575523323663,0.7079922744412765,0.7188608029280568,0.8976006855184233,0.7983486821213084,0.573796168442959,0.19690319784582272,0.11712417237961557,sv_complexity_high,0.125,21746,91932,43217
fold_a,314159,strict,C,complexity,low,5267,2539,0.6747373815014092,True,0.7585190878811171,0.6631639269619117,0.6437871986452524,7806,0.6747373815014092,0.3046057885212088,0.8022676510345952,0.8841372914886364,0.7585190878811171,0.7610373572090151,0.9360167078033036,0.8395061728395061,0.5300437922268557,0.17644520246103407,0.10736785718964496,sv_complexity_low,0.125,7806,91932,43217
fold_a,314159,strict,C,complexity,medium,6022,3182,0.6542807475010864,True,0.7384832681442851,0.656904517919942,0.640888766627558,9204,0.6542807475010864,0.3046057885212088,0.802132386570841,0.8758483328345165,0.7384832681442851,0.7416120839459965,0.9212886084357357,0.8217433163000815,0.5372825194658055,0.17968396383088184,0.09984727334710758,sv_complexity_medium,0.125,9204,91932,43217
fold_a,314159,strict,C+T,complexity,high,14004,7742,0.643980502161317,True,0.7562310309942059,0.6912614220788378,0.7204625154769162,21746,0.643980502161317,0.2946831612291912,0.8345544388505892,0.9004792051330031,0.7562310309942059,0.7563173705601697,0.9168808911739503,0.8288951292727801,0.4994454454030863,0.16607858313250218,0.09424789896714675,sv_complexity_high,0.125,21746,91932,43217
fold_a,314159,strict,C+T,complexity,low,5267,2539,0.6747373815014092,True,0.8112990007686395,0.7397083567357389,0.7808376015039057,7806,0.6747373815014092,0.2946831612291912,0.8774388945774192,0.9287146643887287,0.8112990007686395,0.8081546458739441,0.9445604708562749,0.8710496366978903,0.42950964146118137,0.1377939193590086,0.09189429186268955,sv_complexity_low,0.125,7806,91932,43217
fold_a,314159,strict,C+T,complexity,medium,6022,3182,0.6542807475010864,True,0.8045415036940461,0.7445867874779695,0.7836444079166842,9204,0.6542807475010864,0.2946831612291912,0.8781792342805064,0.9252017064309962,0.8045415036940461,0.7980239943542696,0.9388907339754234,0.8627450980392157,0.4336819289986736,0.13951733176111866,0.08238825201640365,sv_complexity_medium,0.125,9204,91932,43217
fold_a,314159,strict,C+S,complexity,high,14004,7742,0.643980502161317,True,0.6998988319690977,0.6247963732692974,0.6247034441669114,21746,0.643980502161317,0.2842584257938669,0.7734046546172623,0.8663871086517165,0.6998988319690977,0.7158028396629343,0.8856041131105399,0.791701244813278,0.5675134997767264,0.19459588323520613,0.1086416260182006,sv_complexity_high,0.125,21746,91932,43217
fold_a,314159,strict,C+S,complexity,low,5267,2539,0.6747373815014092,True,0.7800409941070972,0.6923719237536354,0.7122750701902795,7806,0.6747373815014092,0.2842584257938669,0.8372327330627217,0.906413835922767,0.7800409941070972,0.777951769495772,0.9432314410480349,0.8526559684201493,0.4901343057984297,0.16058711938669815,0.10663465425335675,sv_complexity_low,0.125,7806,91932,43217
fold_a,314159,strict,C+S,complexity,medium,6022,3182,0.6542807475010864,True,0.762929161234246,0.6879615514118461,0.6918579965197251,9204,0.6542807475010864,0.2842584257938669,0.8270647475076197,0.8934693768932818,0.762929161234246,0.7604449267498643,0.9309199601461309,0.8370912348812901,0.506200087596552,0.1676418585245063,0.09562087247500176,sv_complexity_medium,0.125,9204,91932,43217
fold_a,314159,strict,C+S+T,complexity,high,14004,7742,0.643980502161317,True,0.7465740825899015,0.6793740003133031,0.7067199541043835,21746,0.643980502161317,0.2731106325790105,0.8240148347473664,0.8955865853341367,0.7465740825899015,0.7487551988752855,0.9127392173664667,0.8226548672566372,0.5108334416745647,0.1714276090620525,0.09440170834990493,sv_complexity_high,0.125,21746,91932,43217
fold_a,314159,strict,C+S+T,complexity,low,5267,2539,0.6747373815014092,True,0.8128362797847809,0.7365636417435752,0.789549085759427,7806,0.6747373815014092,0.2731106325790105,0.8798710123964765,0.9315481845686888,0.8128362797847809,0.804382597568778,0.9548129865198405,0.8731660734438753,0.428013351851844,0.13667849211113656,0.09189069562693077,sv_complexity_low,0.125,7806,91932,43217
fold_a,314159,strict,C+S+T,complexity,medium,6022,3182,0.6542807475010864,True,0.803129074315515,0.7383200629746242,0.7842058682184004,9204,0.6542807475010864,0.2731106325790105,0.8767794328818634,0.9253958140668134,0.803129074315515,0.7918746533555185,0.9483560278977085,0.8630799455946804,0.4352384049949328,0.1408071344461673,0.08548513696373677,sv_complexity_medium,0.125,9204,91932,43217
fold_a,314159,strict,T,complexity,high,14004,7742,0.643980502161317,True,0.7540237285017934,0.6880459330695714,0.7186631713079039,21746,0.643980502161317,0.292907129689202,0.8339412343419466,0.8998386035255124,0.7540237285017934,0.7540656372923149,0.9171665238503285,0.8276573122402294,0.5000413918286827,0.16592233120032124,0.09216041542360481,sv_complexity_high,0.125,21746,91932,43217
fold_a,314159,strict,T,complexity,low,5267,2539,0.6747373815014092,True,0.8098898283371765,0.7369301662248158,0.7763550243968582,7806,0.6747373815014092,0.292907129689202,0.875671628163587,0.9272566496212686,0.8098898283371765,0.8061174947402492,0.9456996392633378,0.8703477197274156,0.43518806309118024,0.13922773851041334,0.09573044562879394,sv_complexity_low,0.125,7806,91932,43217
fold_a,314159,strict,T,complexity,medium,6022,3182,0.6542807475010864,True,0.8021512385919165,0.7391290075923165,0.78130188085912,9204,0.6542807475010864,0.292907129689202,0.8766189329675539,0.9243918497276966,0.8021512385919165,0.7933249546152772,0.9433742942544006,0.8618675567018129,0.4379643175080476,0.14058530139315742,0.0845264360059837,sv_complexity_medium,0.125,9204,91932,43217
fold_a,314159,strict,S,complexity,high,14004,7742,0.643980502161317,True,0.6947024740182103,0.604965157019388,0.6227009931501182,21746,0.643980502161317,0.2507480805018489,0.7714877760135109,0.8656741970462712,0.6947024740182103,0.7011525645927787,0.9165952584975722,0.7945281792578379,0.569760277407014,0.1954379921383943,0.10949203685030844,sv_complexity_high,0.125,21746,91932,43217
fold_a,314159,strict,S,complexity,low,5267,2539,0.6747373815014092,True,0.7733794517038176,0.6743798826777682,0.7005802677838264,7806,0.6747373815014092,0.2507480805018489,0.8327174864593825,0.9026099538692205,0.7733794517038176,0.765402124430956,0.9576609075374977,0.8508054313907396,0.49714633535374286,0.16302175529031934,0.10934741634060088,sv_complexity_low,0.125,7806,91932,43217
fold_a,314159,strict,S,complexity,medium,6022,3182,0.6542807475010864,True,0.7516297262059974,0.6652465994684063,0.6835556775985073,9204,0.6542807475010864,0.2507480805018489,0.8237916817051076,0.8905991054018307,0.7516297262059974,0.7442468619246861,0.9452009299236134,0.8327724945135333,0.510674045842569,0.16913706217951033,0.0973335625750219,sv_complexity_medium,0.125,9204,91932,43217
fold_a,314159,strict,K,complexity,high,14004,7742,0.643980502161317,True,0.6487629908948772,0.5082760610671003,0.4057958483628711,21746,0.643980502161317,0.1621867412069788,0.6748987686361302,0.7884517363204887,0.6487629908948772,0.6478127612148231,0.9961439588688946,0.7850751308458551,0.6518004850932454,0.22980979558718712,0.14280945503923756,sv_complexity_high,0.125,21746,91932,43217
fold_a,314159,strict,K,complexity,low,5267,2539,0.6747373815014092,True,0.6757622341788367,0.5041253539898151,0.46465885108997423,7806,0.6747373815014092,0.1621867412069788,0.706483172364914,0.825873536115481,0.6757622341788367,0.6765616933402169,0.9952534649705714,0.8055320783711103,0.6156657669413725,0.21381671071556888,0.14299698082179227,sv_complexity_low,0.125,7806,91932,43217
fold_a,314159,strict,K,complexity,medium,6022,3182,0.6542807475010864,True,0.6563450673620165,0.5057274280915504,0.449684342136338,9204,0.6542807475010864,0.1621867412069788,0.7004799967686053,0.8097452821249269,0.6563450673620165,0.6568982548567666,0.9938558618399203,0.7909865856076125,0.6251825967564993,0.21774998611079996,0.1288551420329283,sv_complexity_medium,0.125,9204,91932,43217
fold_a,42,1hop,C,complexity,high,14004,7742,0.643980502161317,True,0.7079922744412765,0.631311321834386,0.6111380176982224,21746,0.643980502161317,0.3046057885212088,0.7725775069174243,0.8615575523323663,0.7079922744412765,0.7188608029280568,0.8976006855184233,0.7983486821213084,0.573796168442959,0.19690319784582272,0.11712417237961557,sv_complexity_high,0.125,21746,91932,43217
fold_a,42,1hop,C,complexity,low,5267,2539,0.6747373815014092,True,0.7585190878811171,0.6631639269619117,0.6437871986452524,7806,0.6747373815014092,0.3046057885212088,0.8022676510345952,0.8841372914886364,0.7585190878811171,0.7610373572090151,0.9360167078033036,0.8395061728395061,0.5300437922268557,0.17644520246103407,0.10736785718964496,sv_complexity_low,0.125,7806,91932,43217
fold_a,42,1hop,C,complexity,medium,6022,3182,0.6542807475010864,True,0.7384832681442851,0.656904517919942,0.640888766627558,9204,0.6542807475010864,0.3046057885212088,0.802132386570841,0.8758483328345165,0.7384832681442851,0.7416120839459965,0.9212886084357357,0.8217433163000815,0.5372825194658055,0.17968396383088184,0.09984727334710758,sv_complexity_medium,0.125,9204,91932,43217
fold_a,42,1hop,C+T,complexity,high,14004,7742,0.643980502161317,True,0.7663018486158374,0.7077442297735208,0.7362936338154478,21746,0.643980502161317,0.284267785800731,0.8445865210596729,0.9061153919341118,0.7663018486158374,0.7687997107736804,0.9110968294772922,0.8339215686274509,0.4839226102956648,0.1615532915040563,0.09251400755562929,sv_complexity_high,0.125,21746,91932,43217
fold_a,42,1hop,C+T,complexity,low,5267,2539,0.6747373815014092,True,0.8389700230591852,0.780204843925927,0.8317056700829049,7806,0.6747373815014092,0.284267785800731,0.9043620488669895,0.9452601455726999,0.8389700230591852,0.8352842809364549,0.9483576988798177,0.8882368631635102,0.37873483711904027,0.11963904549802795,0.07915757452061455,sv_complexity_low,0.125,7806,91932,43217
fold_a,42,1hop,C+T,complexity,medium,6022,3182,0.6542807475010864,True,0.8209474141677532,0.7736495619142967,0.8139743240938152,9204,0.6542807475010864,0.284267785800731,0.8919096353387674,0.9356873423801086,0.8209474141677532,0.8220913107511045,0.9269345732314845,0.8713705900718077,0.4203591787579034,0.13162258435107937,0.08366346280719365,sv_complexity_medium,0.125,9204,91932,43217
fold_a,42,1hop,C+S,complexity,high,14004,7742,0.643980502161317,True,0.6998988319690977,0.6247963732692974,0.6247034441669114,21746,0.643980502161317,0.2842584257938669,0.7734046546172623,0.8663871086517165,0.6998988319690977,0.7158028396629343,0.8856041131105399,0.791701244813278,0.5675134997767264,0.19459588323520613,0.1086416260182006,sv_complexity_high,0.125,21746,91932,43217
fold_a,42,1hop,C+S,complexity,low,5267,2539,0.6747373815014092,True,0.7800409941070972,0.6923719237536354,0.7122750701902795,7806,0.6747373815014092,0.2842584257938669,0.8372327330627217,0.906413835922767,0.7800409941070972,0.777951769495772,0.9432314410480349,0.8526559684201493,0.4901343057984297,0.16058711938669815,0.10663465425335675,sv_complexity_low,0.125,7806,91932,43217
fold_a,42,1hop,C+S,complexity,medium,6022,3182,0.6542807475010864,True,0.762929161234246,0.6879615514118461,0.6918579965197251,9204,0.6542807475010864,0.2842584257938669,0.8270647475076197,0.8934693768932818,0.762929161234246,0.7604449267498643,0.9309199601461309,0.8370912348812901,0.506200087596552,0.1676418585245063,0.09562087247500176,sv_complexity_medium,0.125,9204,91932,43217
fold_a,42,1hop,C+S+T,complexity,high,14004,7742,0.643980502161317,True,0.7576105950519636,0.6939497524086375,0.7240318303896617,21746,0.643980502161317,0.2645848586697319,0.8373164786073227,0.9017499508358668,0.7576105950519636,0.7584492453388576,0.9150242787774922,0.8294119550794524,0.49420686251446516,0.16527821238663576,0.09251755667969784,sv_complexity_high,0.125,21746,91932,43217
fold_a,42,1hop,C+S+T,complexity,low,5267,2539,0.6747373815014092,True,0.8360235716115808,0.7688416876711902,0.8364953177611629,7806,0.6747373815014092,0.2645848586697319,0.9037967643997984,0.9468180389182158,0.8360235716115808,0.8248329802835261,0.9610784127586861,0.8877586811645037,0.38303248600665757,0.1209922684918802,0.08102211634538237,sv_complexity_low,0.125,7806,91932,43217
fold_a,42,1hop,C+S+T,complexity,medium,6022,3182,0.6542807475010864,True,0.8159495871360278,0.7629384692749255,0.8163963281474248,9204,0.6542807475010864,0.2645848586697319,0.8930774150762102,0.9365246758110719,0.8159495871360278,0.8122655122655122,0.9347392892726669,0.8692093885114268,0.41786188139350355,0.1317939026274918,0.08488592932913756,sv_complexity_medium,0.125,9204,91932,43217
fold_a,42,1hop,T,complexity,high,14004,7742,0.643980502161317,True,0.7624850547227077,0.6962615711302472,0.7338260150004249,21746,0.643980502161317,0.2603786918816385,0.8433797442159753,0.9052368715227301,0.7624850547227077,0.7584049581944688,0.9262353613253356,0.8339602018838204,0.4853525162995831,0.1618938464775259,0.09208239346589128,sv_complexity_high,0.125,21746,91932,43217
fold_a,42,1hop,T,complexity,low,5267,2539,0.6747373815014092,True,0.8356392518575455,0.7721267984021133,0.8319620981784511,7806,0.6747373815014092,0.2603786918816385,0.9038909099311421,0.9453435520465139,0.8356392518575455,0.8284960422163589,0.9538636795139548,0.8867708057541258,0.38276648879051606,0.12096456162689276,0.08288346566381176,sv_complexity_low,0.125,7806,91932,43217
fold_a,42,1hop,T,complexity,medium,6022,3182,0.6542807475010864,True,0.8186657974793567,0.7676819710506271,0.8165604638553178,9204,0.6542807475010864,0.2603786918816385,0.8924725200975848,0.936581420685313,0.8186657974793567,0.8162138602353625,0.932912653603454,0.87067028283611,0.4208563340843084,0.13193042627759005,0.08633580536087826,sv_complexity_medium,0.125,9204,91932,43217
fold_a,42,1hop,S,complexity,high,14004,7742,0.643980502161317,True,0.6947024740182103,0.604965157019388,0.6227009931501182,21746,0.643980502161317,0.2507480805018489,0.7714877760135109,0.8656741970462712,0.6947024740182103,0.7011525645927787,0.9165952584975722,0.7945281792578379,0.569760277407014,0.1954379921383943,0.10949203685030844,sv_complexity_high,0.125,21746,91932,43217
fold_a,42,1hop,S,complexity,low,5267,2539,0.6747373815014092,True,0.7733794517038176,0.6743798826777682,0.7005802677838264,7806,0.6747373815014092,0.2507480805018489,0.8327174864593825,0.9026099538692205,0.7733794517038176,0.765402124430956,0.9576609075374977,0.8508054313907396,0.49714633535374286,0.16302175529031934,0.10934741634060088,sv_complexity_low,0.125,7806,91932,43217
fold_a,42,1hop,S,complexity,medium,6022,3182,0.6542807475010864,True,0.7516297262059974,0.6652465994684063,0.6835556775985073,9204,0.6542807475010864,0.2507480805018489,0.8237916817051076,0.8905991054018307,0.7516297262059974,0.7442468619246861,0.9452009299236134,0.8327724945135333,0.510674045842569,0.16913706217951033,0.0973335625750219,sv_complexity_medium,0.125,9204,91932,43217
fold_a,42,1hop,K,complexity,high,14004,7742,0.643980502161317,True,0.6487629908948772,0.5082760610671003,0.4057958483628711,21746,0.643980502161317,0.1621867412069788,0.6748987686361302,0.7884517363204887,0.6487629908948772,0.6478127612148231,0.9961439588688946,0.7850751308458551,0.6518004850932454,0.22980979558718712,0.14280945503923756,sv_complexity_high,0.125,21746,91932,43217
fold_a,42,1hop,K,complexity,low,5267,2539,0.6747373815014092,True,0.6757622341788367,0.5041253539898151,0.46465885108997423,7806,0.6747373815014092,0.1621867412069788,0.706483172364914,0.825873536115481,0.6757622341788367,0.6765616933402169,0.9952534649705714,0.8055320783711103,0.6156657669413725,0.21381671071556888,0.14299698082179227,sv_complexity_low,0.125,7806,91932,43217
fold_a,42,1hop,K,complexity,medium,6022,3182,0.6542807475010864,True,0.6563450673620165,0.5057274280915504,0.449684342136338,9204,0.6542807475010864,0.1621867412069788,0.7004799967686053,0.8097452821249269,0.6563450673620165,0.6568982548567666,0.9938558618399203,0.7909865856076125,0.6251825967564993,0.21774998611079996,0.1288551420329283,sv_complexity_medium,0.125,9204,91932,43217
fold_a,42,strict,C,complexity,high,14004,7742,0.643980502161317,True,0.7079922744412765,0.631311321834386,0.6111380176982224,21746,0.643980502161317,0.3046057885212088,0.7725775069174243,0.8615575523323663,0.7079922744412765,0.7188608029280568,0.8976006855184233,0.7983486821213084,0.573796168442959,0.19690319784582272,0.11712417237961557,sv_complexity_high,0.125,21746,91932,43217
fold_a,42,strict,C,complexity,low,5267,2539,0.6747373815014092,True,0.7585190878811171,0.6631639269619117,0.6437871986452524,7806,0.6747373815014092,0.3046057885212088,0.8022676510345952,0.8841372914886364,0.7585190878811171,0.7610373572090151,0.9360167078033036,0.8395061728395061,0.5300437922268557,0.17644520246103407,0.10736785718964496,sv_complexity_low,0.125,7806,91932,43217
fold_a,42,strict,C,complexity,medium,6022,3182,0.6542807475010864,True,0.7384832681442851,0.656904517919942,0.640888766627558,9204,0.6542807475010864,0.3046057885212088,0.802132386570841,0.8758483328345165,0.7384832681442851,0.7416120839459965,0.9212886084357357,0.8217433163000815,0.5372825194658055,0.17968396383088184,0.09984727334710758,sv_complexity_medium,0.125,9204,91932,43217
fold_a,42,strict,C+T,complexity,high,14004,7742,0.643980502161317,True,0.7560011036512462,0.6896678448368924,0.7235796735709097,21746,0.643980502161317,0.2857248882463006,0.8343548243329525,0.9015889741923104,0.7560011036512462,0.7547744581136496,0.9200228506141103,0.8292463152474737,0.499315859008664,0.1665577946109269,0.09529677458307967,sv_complexity_high,0.125,21746,91932,43217
fold_a,42,strict,C+T,complexity,low,5267,2539,0.6747373815014092,True,0.8127081732001025,0.7366727054905688,0.7895444119645543,7806,0.6747373815014092,0.2857248882463006,0.8793786738910215,0.9315466643579302,0.8127081732001025,0.8045461821674403,0.9542434023163091,0.8730241445197151,0.42260204836381027,0.13583556847167896,0.08779595632016822,sv_complexity_low,0.125,7806,91932,43217
fold_a,42,strict,C+T,complexity,medium,6022,3182,0.6542807475010864,True,0.8009561060408518,0.7396977894378897,0.7890160250531443,9204,0.6542807475010864,0.2857248882463006,0.878841586715043,0.9270587778921235,0.8009561060408518,0.7946554149085795,0.9382265028229824,0.860493451111788,0.43272195205479524,0.13966906071772242,0.08343605722354595,sv_complexity_medium,0.125,9204,91932,43217
fold_a,42,strict,C+S,complexity,high,14004,7742,0.643980502161317,True,0.6998988319690977,0.6247963732692974,0.6247034441669114,21746,0.643980502161317,0.2842584257938669,0.7734046546172623,0.8663871086517165,0.6998988319690977,0.7158028396629343,0.8856041131105399,0.791701244813278,0.5675134997767264,0.19459588323520613,0.1086416260182006,sv_complexity_high,0.125,21746,91932,43217
fold_a,42,strict,C+S,complexity,low,5267,2539,0.6747373815014092,True,0.7800409941070972,0.6923719237536354,0.7122750701902795,7806,0.6747373815014092,0.2842584257938669,0.8372327330627217,0.906413835922767,0.7800409941070972,0.777951769495772,0.9432314410480349,0.8526559684201493,0.4901343057984297,0.16058711938669815,0.10663465425335675,sv_complexity_low,0.125,7806,91932,43217
fold_a,42,strict,C+S,complexity,medium,6022,3182,0.6542807475010864,True,0.762929161234246,0.6879615514118461,0.6918579965197251,9204,0.6542807475010864,0.2842584257938669,0.8270647475076197,0.8934693768932818,0.762929161234246,0.7604449267498643,0.9309199601461309,0.8370912348812901,0.506200087596552,0.1676418585245063,0.09562087247500176,sv_complexity_medium,0.125,9204,91932,43217
fold_a,42,strict,C+S+T,complexity,high,14004,7742,0.643980502161317,True,0.7435390416628346,0.6739275086994003,0.7086928242068181,21746,0.643980502161317,0.2658647364885385,0.8228238946159311,0.8962889655573064,0.7435390416628346,0.7447006214065858,0.915666952299343,0.8213816737661339,0.5119680569575047,0.17241289011727062,0.09599352843180865,sv_complexity_high,0.125,21746,91932,43217
fold_a,42,strict,C+S+T,complexity,low,5267,2539,0.6747373815014092,True,0.8110427875992826,0.7327866785643486,0.7950368241931636,7806,0.6747373815014092,0.2658647364885385,0.8814302837384793,0.9333331407412814,0.8110427875992826,0.8016226535157492,0.956711600531612,0.8723275339738596,0.4235541296887982,0.13546275520763557,0.08994431408865476,sv_complexity_low,0.125,7806,91932,43217
fold_a,42,strict,C+S+T,complexity,medium,6022,3182,0.6542807475010864,True,0.8020425901781834,0.7379344039381267,0.7932753936516268,9204,0.6542807475010864,0.2658647364885385,0.8794969461440463,0.9285313236201083,0.8020425901781834,0.7920723226703755,0.9456991032879442,0.8620950650923404,0.43192344537022165,0.1397864133352878,0.08564295899284843,sv_complexity_medium,0.125,9204,91932,43217
fold_a,42,strict,T,complexity,high,14004,7742,0.643980502161317,True,0.7545295686563046,0.6910088832426444,0.7222402303173853,21746,0.643980502161317,0.2977920767347621,0.8333176580319412,0.9011121062778072,0.7545295686563046,0.7569073876437804,0.9115966866609541,0.8270813087139618,0.499771705787123,0.16644602155998817,0.09224224841980583,sv_complexity_high,0.125,21746,91932,43217
fold_a,42,strict,T,complexity,low,5267,2539,0.6747373815014092,True,0.8120676402767102,0.7363000492114171,0.7813125662557336,7806,0.6747373815014092,0.2977920767347621,0.8753936408619424,0.9288691526676028,0.8120676402767102,0.8044871794871795,0.9531042339092463,0.872512383766403,0.4322559706374482,0.13869257088416487,0.09343918178152566,sv_complexity_low,0.125,7806,91932,43217
fold_a,42,strict,T,complexity,medium,6022,3182,0.6542807475010864,True,0.8014993481095176,0.7410762987002821,0.7883664532789334,9204,0.6542807475010864,0.2977920767347621,0.8781944727701757,0.926834208423899,0.8014993481095176,0.7958809423049795,0.9368980405181003,0.8606513614522157,0.43631785167836484,0.1402952892935005,0.0865341640640984,sv_complexity_medium,0.125,9204,91932,43217
fold_a,42,strict,S,complexity,high,14004,7742,0.643980502161317,True,0.6947024740182103,0.604965157019388,0.6227009931501182,21746,0.643980502161317,0.2507480805018489,0.7714877760135109,0.8656741970462712,0.6947024740182103,0.7011525645927787,0.9165952584975722,0.7945281792578379,0.569760277407014,0.1954379921383943,0.10949203685030844,sv_complexity_high,0.125,21746,91932,43217
fold_a,42,strict,S,complexity,low,5267,2539,0.6747373815014092,True,0.7733794517038176,0.6743798826777682,0.7005802677838264,7806,0.6747373815014092,0.2507480805018489,0.8327174864593825,0.9026099538692205,0.7733794517038176,0.765402124430956,0.9576609075374977,0.8508054313907396,0.49714633535374286,0.16302175529031934,0.10934741634060088,sv_complexity_low,0.125,7806,91932,43217
fold_a,42,strict,S,complexity,medium,6022,3182,0.6542807475010864,True,0.7516297262059974,0.6652465994684063,0.6835556775985073,9204,0.6542807475010864,0.2507480805018489,0.8237916817051076,0.8905991054018307,0.7516297262059974,0.7442468619246861,0.9452009299236134,0.8327724945135333,0.510674045842569,0.16913706217951033,0.0973335625750219,sv_complexity_medium,0.125,9204,91932,43217
fold_a,42,strict,K,complexity,high,14004,7742,0.643980502161317,True,0.6487629908948772,0.5082760610671003,0.4057958483628711,21746,0.643980502161317,0.1621867412069788,0.6748987686361302,0.7884517363204887,0.6487629908948772,0.6478127612148231,0.9961439588688946,0.7850751308458551,0.6518004850932454,0.22980979558718712,0.14280945503923756,sv_complexity_high,0.125,21746,91932,43217
fold_a,42,strict,K,complexity,low,5267,2539,0.6747373815014092,True,0.6757622341788367,0.5041253539898151,0.46465885108997423,7806,0.6747373815014092,0.1621867412069788,0.706483172364914,0.825873536115481,0.6757622341788367,0.6765616933402169,0.9952534649705714,0.8055320783711103,0.6156657669413725,0.21381671071556888,0.14299698082179227,sv_complexity_low,0.125,7806,91932,43217
fold_a,42,strict,K,complexity,medium,6022,3182,0.6542807475010864,True,0.6563450673620165,0.5057274280915504,0.449684342136338,9204,0.6542807475010864,0.1621867412069788,0.7004799967686053,0.8097452821249269,0.6563450673620165,0.6568982548567666,0.9938558618399203,0.7909865856076125,0.6251825967564993,0.21774998611079996,0.1288551420329283,sv_complexity_medium,0.125,9204,91932,43217
fold_b,20260806,1hop,C,complexity,high,17550,10923,0.6163734063849963,True,0.6708811856846837,0.5993727733606888,0.5762500867047189,28473,0.6163734063849963,0.2790009501876743,0.754116909534835,0.8374382642178781,0.6708811856846837,0.6729687433912787,0.9066096866096867,0.7725098924574564,0.5933471502522251,0.20483351252867932,0.10745364788937696,sv_complexity_high,0.125,28473,96295,34393
fold_b,20260806,1hop,C,complexity,low,4052,2147,0.6536538151314728,True,0.742861751895467,0.6560466727144237,0.6130470834453927,6199,0.6536538151314728,0.2790009501876743,0.8006546589722522,0.8659803336275622,0.742861751895467,0.7387334887334888,0.9385488647581441,0.8267391304347826,0.5384566104540214,0.17875387700291145,0.10082767397509713,sv_complexity_low,0.125,6199,96295,34393
fold_b,20260806,1hop,C,complexity,medium,5345,3200,0.6255119953188999,True,0.7197191339964891,0.647915984565014,0.6346804398724938,8545,0.6255119953188999,0.2790009501876743,0.8051851905986904,0.863192206856873,0.7197191339964891,0.7096957634347455,0.933956969130028,0.8065271831327248,0.5414075181712337,0.1809402815137305,0.08778818116354593,sv_complexity_medium,0.125,8545,96295,34393
fold_b,20260806,1hop,C+T,complexity,high,17550,10923,0.6163734063849963,True,0.7343096969058406,0.6754049519910548,0.700346539633837,28473,0.6163734063849963,0.2277963409830804,0.8253910082308874,0.8850449637347804,0.7343096969058406,0.7208582172085821,0.9284900284900285,0.8116050305067862,0.5169346552047419,0.17412592986854014,0.09211436006086736,sv_complexity_high,0.125,28473,96295,34393
fold_b,20260806,1hop,C+T,complexity,low,4052,2147,0.6536538151314728,True,0.8301338925633167,0.7698833423528595,0.8287349126908443,6199,0.6536538151314728,0.2277963409830804,0.911891337162762,0.9406829904092987,0.8301338925633167,0.8105197763512114,0.9659427443237907,0.8814322711406373,0.36470425808203694,0.11325702791334007,0.05980949681019907,sv_complexity_low,0.125,6199,96295,34393
fold_b,20260806,1hop,C+T,complexity,medium,5345,3200,0.6255119953188999,True,0.8121708601521358,0.7632018826005613,0.8164986131782819,8545,0.6255119953188999,0.2277963409830804,0.9009130905051449,0.93128093179292,0.8121708601521358,0.7875153751537516,0.9582787652011225,0.8645455312684615,0.39303608142843827,0.12506941930946475,0.05930987335330071,sv_complexity_medium,0.125,8545,96295,34393
fold_b,20260806,1hop,C+S,complexity,high,17550,10923,0.6163734063849963,True,0.6756225195799529,0.5970654879416208,0.6006861920689716,28473,0.6163734063849963,0.2293130456114049,0.7671734542731521,0.8468126040799837,0.6756225195799529,0.6697427521437321,0.9345868945868946,0.7803044719314938,0.5768983918412064,0.1982586116628681,0.09584062483939715,sv_complexity_high,0.125,28473,96295,34393
fold_b,20260806,1hop,C+S,complexity,low,4052,2147,0.6536538151314728,True,0.7591547023713502,0.6675242688091605,0.6772826519417499,6199,0.6536538151314728,0.2293130456114049,0.8314987946633219,0.8882280777091365,0.7591547023713502,0.7429276628061515,0.9656959526159921,0.8397896770039703,0.4918593080216864,0.16085907009534572,0.08293527092661337,sv_complexity_low,0.125,6199,96295,34393
fold_b,20260806,1hop,C+S,complexity,medium,5345,3200,0.6255119953188999,True,0.7335283791691047,0.6604592492984097,0.671842659429115,8545,0.6255119953188999,0.2293130456114049,0.8243395404583723,0.8771090123081531,0.7335283791691047,0.7159346846846847,0.9515434985968194,0.8170937424692747,0.509598127426686,0.16866768439757834,0.07479213077222702,sv_complexity_medium,0.125,8545,96295,34393
fold_b,20260806,1hop,C+S+T,complexity,high,17550,10923,0.6163734063849963,True,0.7352930846767113,0.6857958154634891,0.690761621020401,28473,0.6163734063849963,0.2659414168229839,0.8211139228158362,0.8813679340570308,0.7352930846767113,0.7326116247734982,0.8984615384615384,0.8071046502700074,0.5208987722901953,0.17528725311441826,0.0851916837177659,sv_complexity_high,0.125,28473,96295,34393
fold_b,20260806,1hop,C+S+T,complexity,low,4052,2147,0.6536538151314728,True,0.8301338925633167,0.7719635998898347,0.8301655278629673,6199,0.6536538151314728,0.2659414168229839,0.9101519556432424,0.9411784785161785,0.8301338925633167,0.8129826758505532,0.961253701875617,0.8809227637679521,0.368519754481885,0.11467668468390999,0.059174934507831234,sv_complexity_low,0.125,6199,96295,34393
fold_b,20260806,1hop,C+S+T,complexity,medium,5345,3200,0.6255119953188999,True,0.8070216500877706,0.7615313669317119,0.8117863584306215,8545,0.6255119953188999,0.2659414168229839,0.8946734389616464,0.9295162489149197,0.8070216500877706,0.7895643998746474,0.9427502338634237,0.8593843267672892,0.40339433136553776,0.12907816512983217,0.057141862996451916,sv_complexity_medium,0.125,8545,96295,34393
fold_b,20260806,1hop,T,complexity,high,17550,10923,0.6163734063849963,True,0.7328346152495346,0.6742256557362298,0.6977571013185205,28473,0.6163734063849963,0.2298114779223796,0.8235408673978664,0.8840515863344993,0.7328346152495346,0.720358140153362,0.9260398860398861,0.8103512752112887,0.5184273505561761,0.17456669830276014,0.08887900971679409,sv_complexity_high,0.125,28473,96295,34393
fold_b,20260806,1hop,T,complexity,low,4052,2147,0.6536538151314728,True,0.8320696886594612,0.7730064011814737,0.8258870193711623,6199,0.6536538151314728,0.2298114779223796,0.9109763571934667,0.9396966334231143,0.8320696886594612,0.812928705050925,0.9652023692003948,0.8825454135168679,0.36616938519801856,0.11351882719446493,0.05910146655741134,sv_complexity_low,0.125,6199,96295,34393
fold_b,20260806,1hop,T,complexity,medium,5345,3200,0.6255119953188999,True,0.8120538326506729,0.7632964511225444,0.8174563288412473,8545,0.6255119953188999,0.2298114779223796,0.9007444457436857,0.9316395848205958,0.8120538326506729,0.7877481914729876,0.9575304022450889,0.8643810167201487,0.39368963173980287,0.1250613932672362,0.05942774089633345,sv_complexity_medium,0.125,8545,96295,34393
fold_b,20260806,1hop,S,complexity,high,17550,10923,0.6163734063849963,True,0.67323429213641,0.5925699946243752,0.5974522382940584,28473,0.6163734063849963,0.2209973802149051,0.765205114903,0.8455719734094054,0.67323429213641,0.6668015211586698,0.9391452991452991,0.7798807608592789,0.5795090717897888,0.19930676332364058,0.09701111293150462,sv_complexity_high,0.125,28473,96295,34393
fold_b,20260806,1hop,S,complexity,low,4052,2147,0.6536538151314728,True,0.7541538957896435,0.659757456741908,0.6661648238429126,6199,0.6536538151314728,0.2209973802149051,0.8276403034423019,0.8843774603630801,0.7541538957896435,0.7381311228334589,0.9669299111549852,0.8371794871794872,0.49638915911735965,0.16238944962662089,0.08455878975130168,sv_complexity_low,0.125,6199,96295,34393
fold_b,20260806,1hop,S,complexity,medium,5345,3200,0.6255119953188999,True,0.7268578115857226,0.6510513622544434,0.6715050079380166,8545,0.6255119953188999,0.2209973802149051,0.8234615586997194,0.876982565874974,0.7268578115857226,0.7097673122474571,0.9530402245088868,0.8136080498322952,0.511373489981343,0.1692830735591751,0.07426267816085783,sv_complexity_medium,0.125,8545,96295,34393
fold_b,20260806,1hop,K,complexity,high,17550,10923,0.6163734063849963,True,0.6249780493801145,0.5274454280194462,0.3826258389002399,28473,0.6163734063849963,0.2743332177494537,0.6647677331061017,0.7631588535913785,0.6249780493801145,0.6303984819734345,0.9464957264957264,0.7567653758542141,0.6635404464776182,0.23373099564926883,0.12135148719701846,sv_complexity_high,0.125,28473,96295,34393
fold_b,20260806,1hop,K,complexity,low,4052,2147,0.6536538151314728,True,0.68656234876593,0.5574714896379668,0.4408720475567719,6199,0.6536538151314728,0.2743332177494537,0.7106745977191711,0.8063481668179366,0.68656234876593,0.6814037502150353,0.9775419545903258,0.8030410542321338,0.6147837549777437,0.21272733560979823,0.12045951000563566,sv_complexity_low,0.125,6199,96295,34393
fold_b,20260806,1hop,K,complexity,medium,5345,3200,0.6255119953188999,True,0.6560561732007022,0.5504377630963517,0.4520080434668593,8545,0.6255119953188999,0.2743332177494537,0.710385757717493,0.794783585616612,0.6560561732007022,0.650827482447342,0.9711880261927035,0.7793709180992417,0.6189793539247357,0.21465721282329667,0.10261876172743423,sv_complexity_medium,0.125,8545,96295,34393
fold_b,20260806,strict,C,complexity,high,17550,10923,0.6163734063849963,True,0.6708811856846837,0.5993727733606888,0.5762500867047189,28473,0.6163734063849963,0.2790009501876743,0.754116909534835,0.8374382642178781,0.6708811856846837,0.6729687433912787,0.9066096866096867,0.7725098924574564,0.5933471502522251,0.20483351252867932,0.10745364788937696,sv_complexity_high,0.125,28473,96295,34393
fold_b,20260806,strict,C,complexity,low,4052,2147,0.6536538151314728,True,0.742861751895467,0.6560466727144237,0.6130470834453927,6199,0.6536538151314728,0.2790009501876743,0.8006546589722522,0.8659803336275622,0.742861751895467,0.7387334887334888,0.9385488647581441,0.8267391304347826,0.5384566104540214,0.17875387700291145,0.10082767397509713,sv_complexity_low,0.125,6199,96295,34393
fold_b,20260806,strict,C,complexity,medium,5345,3200,0.6255119953188999,True,0.7197191339964891,0.647915984565014,0.6346804398724938,8545,0.6255119953188999,0.2790009501876743,0.8051851905986904,0.863192206856873,0.7197191339964891,0.7096957634347455,0.933956969130028,0.8065271831327248,0.5414075181712337,0.1809402815137305,0.08778818116354593,sv_complexity_medium,0.125,8545,96295,34393
fold_b,20260806,strict,C+T,complexity,high,17550,10923,0.6163734063849963,True,0.7300249359041899,0.6809864779955415,0.6826970567380368,28473,0.6163734063849963,0.3054515065054344,0.814727179873202,0.8782741527323983,0.7300249359041899,0.7300676463727548,0.8916809116809117,0.8028215980505322,0.5287627249534109,0.17718630370189684,0.08790648257306014,sv_complexity_high,0.125,28473,96295,34393
fold_b,20260806,strict,C+T,complexity,low,4052,2147,0.6536538151314728,True,0.8043232779480561,0.7455415416998672,0.7848059670239971,6199,0.6536538151314728,0.3054515065054344,0.8845138950513377,0.9254683676722893,0.8043232779480561,0.7986534820113612,0.9368213228035538,0.862237365133447,0.42153571811824253,0.13445842735113983,0.07454184711458413,sv_complexity_low,0.125,6199,96295,34393
fold_b,20260806,strict,C+T,complexity,medium,5345,3200,0.6255119953188999,True,0.7902867173785839,0.7425736669784846,0.7797364695145474,8545,0.6255119953188999,0.3054515065054344,0.877303759354537,0.9175139499644882,0.7902867173785839,0.7768427614149914,0.9326473339569691,0.8476449583404183,0.4350964917613625,0.14057489143302407,0.06427183555452973,sv_complexity_medium,0.125,8545,96295,34393
fold_b,20260806,strict,C+S,complexity,high,17550,10923,0.6163734063849963,True,0.6756225195799529,0.5970654879416208,0.6006861920689716,28473,0.6163734063849963,0.2293130456114049,0.7671734542731521,0.8468126040799837,0.6756225195799529,0.6697427521437321,0.9345868945868946,0.7803044719314938,0.5768983918412064,0.1982586116628681,0.09584062483939715,sv_complexity_high,0.125,28473,96295,34393
fold_b,20260806,strict,C+S,complexity,low,4052,2147,0.6536538151314728,True,0.7591547023713502,0.6675242688091605,0.6772826519417499,6199,0.6536538151314728,0.2293130456114049,0.8314987946633219,0.8882280777091365,0.7591547023713502,0.7429276628061515,0.9656959526159921,0.8397896770039703,0.4918593080216864,0.16085907009534572,0.08293527092661337,sv_complexity_low,0.125,6199,96295,34393
fold_b,20260806,strict,C+S,complexity,medium,5345,3200,0.6255119953188999,True,0.7335283791691047,0.6604592492984097,0.671842659429115,8545,0.6255119953188999,0.2293130456114049,0.8243395404583723,0.8771090123081531,0.7335283791691047,0.7159346846846847,0.9515434985968194,0.8170937424692747,0.509598127426686,0.16866768439757834,0.07479213077222702,sv_complexity_medium,0.125,8545,96295,34393
fold_b,20260806,strict,C+S+T,complexity,high,17550,10923,0.6163734063849963,True,0.726337231763425,0.6736392196815157,0.6791771763925342,28473,0.6163734063849963,0.2812515717003573,0.8115115703736046,0.8769238330255207,0.726337231763425,0.7234588256847119,0.9000569800569801,0.8021531586431038,0.5296322959093718,0.17823621156542593,0.08133707884031684,sv_complexity_high,0.125,28473,96295,34393
fold_b,20260806,strict,C+S+T,complexity,low,4052,2147,0.6536538151314728,True,0.8014195838038394,0.7355468223757202,0.7876514150219186,6199,0.6536538151314728,0.2812515717003573,0.881560785705714,0.9264538777306113,0.8014195838038394,0.7892146811564487,0.9499012833168805,0.8621346175383582,0.42078198548955864,0.13516834682853676,0.07025827503663207,sv_complexity_low,0.125,6199,96295,34393
fold_b,20260806,strict,C+S+T,complexity,medium,5345,3200,0.6255119953188999,True,0.782094792276185,0.7293160956501403,0.7739642825829323,8545,0.6255119953188999,0.2812515717003573,0.8734085301683816,0.9153523351978213,0.782094792276185,0.7654320987654321,0.9395696913002807,0.843608264740467,0.43844430050057126,0.14232847273236723,0.062231311351447535,sv_complexity_medium,0.125,8545,96295,34393
fold_b,20260806,strict,T,complexity,high,17550,10923,0.6163734063849963,True,0.7262669897797914,0.6701943910403125,0.6799542829948932,28473,0.6163734063849963,0.2730284158785238,0.8135996054223649,0.8772219517842594,0.7262669897797914,0.7194924406047516,0.9111111111111111,0.8040428420576256,0.53021076881041,0.17766807814010244,0.08724366122587213,sv_complexity_high,0.125,28473,96295,34393
fold_b,20260806,strict,T,complexity,low,4052,2147,0.6536538151314728,True,0.8004516857557671,0.7357918324014179,0.7823226034498306,6199,0.6536538151314728,0.2730284158785238,0.8832449925537182,0.9246082641727353,0.8004516857557671,0.7900267875540903,0.9461994076999013,0.8610892756878158,0.4250631606699089,0.1356293967920777,0.07688905479737958,sv_complexity_low,0.125,6199,96295,34393
fold_b,20260806,strict,T,complexity,medium,5345,3200,0.6255119953188999,True,0.7832650672908134,0.7301888447146867,0.7758683746435493,8545,0.6255119953188999,0.2730284158785238,0.8759695685219833,0.9160653948343309,0.7832650672908134,0.7657082002129926,0.9416276894293732,0.8446047994629972,0.43773257228689944,0.14140266655772274,0.06535024223896911,sv_complexity_medium,0.125,8545,96295,34393
fold_b,20260806,strict,S,complexity,high,17550,10923,0.6163734063849963,True,0.67323429213641,0.5925699946243752,0.5974522382940584,28473,0.6163734063849963,0.2209973802149051,0.765205114903,0.8455719734094054,0.67323429213641,0.6668015211586698,0.9391452991452991,0.7798807608592789,0.5795090717897888,0.19930676332364058,0.09701111293150462,sv_complexity_high,0.125,28473,96295,34393
fold_b,20260806,strict,S,complexity,low,4052,2147,0.6536538151314728,True,0.7541538957896435,0.659757456741908,0.6661648238429126,6199,0.6536538151314728,0.2209973802149051,0.8276403034423019,0.8843774603630801,0.7541538957896435,0.7381311228334589,0.9669299111549852,0.8371794871794872,0.49638915911735965,0.16238944962662089,0.08455878975130168,sv_complexity_low,0.125,6199,96295,34393
fold_b,20260806,strict,S,complexity,medium,5345,3200,0.6255119953188999,True,0.7268578115857226,0.6510513622544434,0.6715050079380166,8545,0.6255119953188999,0.2209973802149051,0.8234615586997194,0.876982565874974,0.7268578115857226,0.7097673122474571,0.9530402245088868,0.8136080498322952,0.511373489981343,0.1692830735591751,0.07426267816085783,sv_complexity_medium,0.125,8545,96295,34393
fold_b,20260806,strict,K,complexity,high,17550,10923,0.6163734063849963,True,0.6249780493801145,0.5274454280194462,0.3826258389002399,28473,0.6163734063849963,0.2743332177494537,0.6647677331061017,0.7631588535913785,0.6249780493801145,0.6303984819734345,0.9464957264957264,0.7567653758542141,0.6635404464776182,0.23373099564926883,0.12135148719701846,sv_complexity_high,0.125,28473,96295,34393
fold_b,20260806,strict,K,complexity,low,4052,2147,0.6536538151314728,True,0.68656234876593,0.5574714896379668,0.4408720475567719,6199,0.6536538151314728,0.2743332177494537,0.7106745977191711,0.8063481668179366,0.68656234876593,0.6814037502150353,0.9775419545903258,0.8030410542321338,0.6147837549777437,0.21272733560979823,0.12045951000563566,sv_complexity_low,0.125,6199,96295,34393
fold_b,20260806,strict,K,complexity,medium,5345,3200,0.6255119953188999,True,0.6560561732007022,0.5504377630963517,0.4520080434668593,8545,0.6255119953188999,0.2743332177494537,0.710385757717493,0.794783585616612,0.6560561732007022,0.650827482447342,0.9711880261927035,0.7793709180992417,0.6189793539247357,0.21465721282329667,0.10261876172743423,sv_complexity_medium,0.125,8545,96295,34393
fold_b,314159,1hop,C,complexity,high,17550,10923,0.6163734063849963,True,0.6708811856846837,0.5993727733606888,0.5762500867047189,28473,0.6163734063849963,0.2790009501876743,0.754116909534835,0.8374382642178781,0.6708811856846837,0.6729687433912787,0.9066096866096867,0.7725098924574564,0.5933471502522251,0.20483351252867932,0.10745364788937696,sv_complexity_high,0.125,28473,96295,34393
fold_b,314159,1hop,C,complexity,low,4052,2147,0.6536538151314728,True,0.742861751895467,0.6560466727144237,0.6130470834453927,6199,0.6536538151314728,0.2790009501876743,0.8006546589722522,0.8659803336275622,0.742861751895467,0.7387334887334888,0.9385488647581441,0.8267391304347826,0.5384566104540214,0.17875387700291145,0.10082767397509713,sv_complexity_low,0.125,6199,96295,34393
fold_b,314159,1hop,C,complexity,medium,5345,3200,0.6255119953188999,True,0.7197191339964891,0.647915984565014,0.6346804398724938,8545,0.6255119953188999,0.2790009501876743,0.8051851905986904,0.863192206856873,0.7197191339964891,0.7096957634347455,0.933956969130028,0.8065271831327248,0.5414075181712337,0.1809402815137305,0.08778818116354593,sv_complexity_medium,0.125,8545,96295,34393
fold_b,314159,1hop,C+T,complexity,high,17550,10923,0.6163734063849963,True,0.7285849752397008,0.6703808086285428,0.6915709395586821,28473,0.6163734063849963,0.2522039872880859,0.8184502160030861,0.8816784101710211,0.7285849752397008,0.7184025615938806,0.9204558404558405,0.8069737236487161,0.5221612915590872,0.17667454717911635,0.09244896988671567,sv_complexity_high,0.125,28473,96295,34393
fold_b,314159,1hop,C+T,complexity,low,4052,2147,0.6536538151314728,True,0.8307791579286982,0.7731141067381608,0.8272908615218486,6199,0.6536538151314728,0.2522039872880859,0.9085110839018241,0.9401828487961621,0.8307791579286982,0.813924315283295,0.9607601184600197,0.8812676853423882,0.3746860289951873,0.11726659095762793,0.07214035476861859,sv_complexity_low,0.125,6199,96295,34393
fold_b,314159,1hop,C+T,complexity,medium,5345,3200,0.6255119953188999,True,0.8085430076067875,0.7603646807764266,0.8099281418405809,8545,0.6255119953188999,0.2522039872880859,0.897645433816651,0.9288203690918501,0.8085430076067875,0.7865863081440272,0.9522918615528532,0.8615436696005416,0.39801348987072727,0.1270599995827686,0.059486482967315964,sv_complexity_medium,0.125,8545,96295,34393
fold_b,314159,1hop,C+S,complexity,high,17550,10923,0.6163734063849963,True,0.6756225195799529,0.5970654879416208,0.6006861920689716,28473,0.6163734063849963,0.2293130456114049,0.7671734542731521,0.8468126040799837,0.6756225195799529,0.6697427521437321,0.9345868945868946,0.7803044719314938,0.5768983918412064,0.1982586116628681,0.09584062483939715,sv_complexity_high,0.125,28473,96295,34393
fold_b,314159,1hop,C+S,complexity,low,4052,2147,0.6536538151314728,True,0.7591547023713502,0.6675242688091605,0.6772826519417499,6199,0.6536538151314728,0.2293130456114049,0.8314987946633219,0.8882280777091365,0.7591547023713502,0.7429276628061515,0.9656959526159921,0.8397896770039703,0.4918593080216864,0.16085907009534572,0.08293527092661337,sv_complexity_low,0.125,6199,96295,34393
fold_b,314159,1hop,C+S,complexity,medium,5345,3200,0.6255119953188999,True,0.7335283791691047,0.6604592492984097,0.671842659429115,8545,0.6255119953188999,0.2293130456114049,0.8243395404583723,0.8771090123081531,0.7335283791691047,0.7159346846846847,0.9515434985968194,0.8170937424692747,0.509598127426686,0.16866768439757834,0.07479213077222702,sv_complexity_medium,0.125,8545,96295,34393
fold_b,314159,1hop,C+S+T,complexity,high,17550,10923,0.6163734063849963,True,0.7294278790433042,0.6773562881115751,0.687872893904839,28473,0.6163734063849963,0.2664911804325054,0.8162058105260522,0.8802597415138045,0.7294278790433042,0.7260123037370306,0.901082621082621,0.8041289535238483,0.5252555834097454,0.1775173122217925,0.08791850858302466,sv_complexity_high,0.125,28473,96295,34393
fold_b,314159,1hop,C+S+T,complexity,low,4052,2147,0.6536538151314728,True,0.8309404742700436,0.7741134005023653,0.823566364377984,6199,0.6536538151314728,0.2664911804325054,0.9066137074114756,0.9388928834198309,0.8309404742700436,0.81501677852349,0.9590325765054294,0.8811791383219955,0.37820448806374485,0.1180527011590916,0.07150353556846815,sv_complexity_low,0.125,6199,96295,34393
fold_b,314159,1hop,C+S+T,complexity,medium,5345,3200,0.6255119953188999,True,0.8038619075482738,0.7570617984097288,0.8053791611568238,8545,0.6255119953188999,0.2664911804325054,0.8915339394293732,0.927116830392257,0.8038619075482738,0.7858812529219261,0.9434985968194575,0.8575072266621323,0.4082615834270362,0.1308157409962265,0.05778770227449541,sv_complexity_medium,0.125,8545,96295,34393
fold_b,314159,1hop,T,complexity,high,17550,10923,0.6163734063849963,True,0.7259157798616233,0.6675068838512948,0.6870859177236903,28473,0.6163734063849963,0.247537001727702,0.8159674024830118,0.8799578365221743,0.7259157798616233,0.7166548105993242,0.9184615384615384,0.8051046401278658,0.5250421311550112,0.17787134972698035,0.09125041524915939,sv_complexity_high,0.125,28473,96295,34393
fold_b,314159,1hop,T,complexity,low,4052,2147,0.6536538151314728,True,0.8322310050008066,0.7746626183784072,0.823505547184531,6199,0.6536538151314728,0.247537001727702,0.9061647809956362,0.938871819616904,0.8322310050008066,0.814799331103679,0.9619940769990128,0.8822996831145314,0.37796949825861503,0.11832119421815213,0.06969835613388675,sv_complexity_low,0.125,6199,96295,34393
fold_b,314159,1hop,T,complexity,medium,5345,3200,0.6255119953188999,True,0.8080748976009362,0.7597396807764265,0.8095641121915573,8545,0.6255119953188999,0.247537001727702,0.8967650549579047,0.9286840443549425,0.8080748976009362,0.7861003861003861,0.9522918615528532,0.8612521150592216,0.4002097676566132,0.1275266817455176,0.0593693976253996,sv_complexity_medium,0.125,8545,96295,34393
fold_b,314159,1hop,S,complexity,high,17550,10923,0.6163734063849963,True,0.67323429213641,0.5925699946243752,0.5974522382940584,28473,0.6163734063849963,0.2209973802149051,0.765205114903,0.8455719734094054,0.67323429213641,0.6668015211586698,0.9391452991452991,0.7798807608592789,0.5795090717897888,0.19930676332364058,0.09701111293150462,sv_complexity_high,0.125,28473,96295,34393
fold_b,314159,1hop,S,complexity,low,4052,2147,0.6536538151314728,True,0.7541538957896435,0.659757456741908,0.6661648238429126,6199,0.6536538151314728,0.2209973802149051,0.8276403034423019,0.8843774603630801,0.7541538957896435,0.7381311228334589,0.9669299111549852,0.8371794871794872,0.49638915911735965,0.16238944962662089,0.08455878975130168,sv_complexity_low,0.125,6199,96295,34393
fold_b,314159,1hop,S,complexity,medium,5345,3200,0.6255119953188999,True,0.7268578115857226,0.6510513622544434,0.6715050079380166,8545,0.6255119953188999,0.2209973802149051,0.8234615586997194,0.876982565874974,0.7268578115857226,0.7097673122474571,0.9530402245088868,0.8136080498322952,0.511373489981343,0.1692830735591751,0.07426267816085783,sv_complexity_medium,0.125,8545,96295,34393
fold_b,314159,1hop,K,complexity,high,17550,10923,0.6163734063849963,True,0.6249780493801145,0.5274454280194462,0.3826258389002399,28473,0.6163734063849963,0.2743332177494537,0.6647677331061017,0.7631588535913785,0.6249780493801145,0.6303984819734345,0.9464957264957264,0.7567653758542141,0.6635404464776182,0.23373099564926883,0.12135148719701846,sv_complexity_high,0.125,28473,96295,34393
fold_b,314159,1hop,K,complexity,low,4052,2147,0.6536538151314728,True,0.68656234876593,0.5574714896379668,0.4408720475567719,6199,0.6536538151314728,0.2743332177494537,0.7106745977191711,0.8063481668179366,0.68656234876593,0.6814037502150353,0.9775419545903258,0.8030410542321338,0.6147837549777437,0.21272733560979823,0.12045951000563566,sv_complexity_low,0.125,6199,96295,34393
fold_b,314159,1hop,K,complexity,medium,5345,3200,0.6255119953188999,True,0.6560561732007022,0.5504377630963517,0.4520080434668593,8545,0.6255119953188999,0.2743332177494537,0.710385757717493,0.794783585616612,0.6560561732007022,0.650827482447342,0.9711880261927035,0.7793709180992417,0.6189793539247357,0.21465721282329667,0.10261876172743423,sv_complexity_medium,0.125,8545,96295,34393
fold_b,314159,strict,C,complexity,high,17550,10923,0.6163734063849963,True,0.6708811856846837,0.5993727733606888,0.5762500867047189,28473,0.6163734063849963,0.2790009501876743,0.754116909534835,0.8374382642178781,0.6708811856846837,0.6729687433912787,0.9066096866096867,0.7725098924574564,0.5933471502522251,0.20483351252867932,0.10745364788937696,sv_complexity_high,0.125,28473,96295,34393
fold_b,314159,strict,C,complexity,low,4052,2147,0.6536538151314728,True,0.742861751895467,0.6560466727144237,0.6130470834453927,6199,0.6536538151314728,0.2790009501876743,0.8006546589722522,0.8659803336275622,0.742861751895467,0.7387334887334888,0.9385488647581441,0.8267391304347826,0.5384566104540214,0.17875387700291145,0.10082767397509713,sv_complexity_low,0.125,6199,96295,34393
fold_b,314159,strict,C,complexity,medium,5345,3200,0.6255119953188999,True,0.7197191339964891,0.647915984565014,0.6346804398724938,8545,0.6255119953188999,0.2790009501876743,0.8051851905986904,0.863192206856873,0.7197191339964891,0.7096957634347455,0.933956969130028,0.8065271831327248,0.5414075181712337,0.1809402815137305,0.08778818116354593,sv_complexity_medium,0.125,8545,96295,34393
fold_b,314159,strict,C+T,complexity,high,17550,10923,0.6163734063849963,True,0.7287605801987849,0.6762964293175774,0.6873892752305973,28473,0.6163734063849963,0.2924102916351094,0.8153245341060044,0.8800742125291966,0.7287605801987849,0.7251523621866838,0.9017094017094017,0.8038503543037107,0.5264704899084416,0.17674400203545057,0.08765795229981542,sv_complexity_high,0.125,28473,96295,34393
fold_b,314159,strict,C+T,complexity,low,4052,2147,0.6536538151314728,True,0.8049685433134377,0.7426410207130314,0.7888237029264364,6199,0.6536538151314728,0.2924102916351094,0.8869345113432228,0.9268598951739085,0.8049685433134377,0.7949782112471467,0.9454590325765054,0.8637132228610078,0.4169715566438076,0.13290167407771028,0.07526657204440837,sv_complexity_low,0.125,6199,96295,34393
fold_b,314159,strict,C+T,complexity,medium,5345,3200,0.6255119953188999,True,0.7913399648917495,0.7402803437792329,0.76989361294071,8545,0.6255119953188999,0.2924102916351094,0.8754278531337698,0.9138279182457896,0.7913399648917495,0.7729083665338645,0.9436856875584658,0.8498020385814169,0.4371872015189175,0.14107463915024332,0.06459981822791679,sv_complexity_medium,0.125,8545,96295,34393
fold_b,314159,strict,C+S,complexity,high,17550,10923,0.6163734063849963,True,0.6756225195799529,0.5970654879416208,0.6006861920689716,28473,0.6163734063849963,0.2293130456114049,0.7671734542731521,0.8468126040799837,0.6756225195799529,0.6697427521437321,0.9345868945868946,0.7803044719314938,0.5768983918412064,0.1982586116628681,0.09584062483939715,sv_complexity_high,0.125,28473,96295,34393
fold_b,314159,strict,C+S,complexity,low,4052,2147,0.6536538151314728,True,0.7591547023713502,0.6675242688091605,0.6772826519417499,6199,0.6536538151314728,0.2293130456114049,0.8314987946633219,0.8882280777091365,0.7591547023713502,0.7429276628061515,0.9656959526159921,0.8397896770039703,0.4918593080216864,0.16085907009534572,0.08293527092661337,sv_complexity_low,0.125,6199,96295,34393
fold_b,314159,strict,C+S,complexity,medium,5345,3200,0.6255119953188999,True,0.7335283791691047,0.6604592492984097,0.671842659429115,8545,0.6255119953188999,0.2293130456114049,0.8243395404583723,0.8771090123081531,0.7335283791691047,0.7159346846846847,0.9515434985968194,0.8170937424692747,0.509598127426686,0.16866768439757834,0.07479213077222702,sv_complexity_medium,0.125,8545,96295,34393
fold_b,314159,strict,C+S+T,complexity,high,17550,10923,0.6163734063849963,True,0.7250728760580198,0.6694331493727264,0.6817076328055488,28473,0.6163734063849963,0.2689953017454201,0.8120358176752941,0.8778945833995367,0.7250728760580198,0.7192998285662727,0.9084900284900285,0.8029005942189545,0.528017330696655,0.17798711906825784,0.08227143307259602,sv_complexity_high,0.125,28473,96295,34393
fold_b,314159,strict,C+S+T,complexity,low,4052,2147,0.6536538151314728,True,0.8014195838038394,0.7329191286448044,0.7898164183433302,6199,0.6536538151314728,0.2689953017454201,0.8845756217150954,0.9272037183712099,0.8014195838038394,0.7863959390862945,0.9558242843040474,0.8628717834465858,0.4156854196692238,0.13328513578556234,0.07018703013183691,sv_complexity_low,0.125,6199,96295,34393
fold_b,314159,strict,C+S+T,complexity,medium,5345,3200,0.6255119953188999,True,0.7816266822703335,0.7258693872778297,0.7657503432677555,8545,0.6255119953188999,0.2689953017454201,0.8703525491113191,0.9122763134531091,0.7816266822703335,0.7613824192336589,0.9479887745556594,0.8445,0.44154946620013263,0.14354166070558044,0.062372061862418615,sv_complexity_medium,0.125,8545,96295,34393
fold_b,314159,strict,T,complexity,high,17550,10923,0.6163734063849963,True,0.7280230393706318,0.6768735147587112,0.682620956265159,28473,0.6163734063849963,0.2995850223180231,0.81415187326567,0.8782449585672156,0.7280230393706318,0.7262992707467922,0.8966381766381767,0.8025295797633619,0.5289649088168866,0.1771676892118882,0.08679333607068296,sv_complexity_high,0.125,28473,96295,34393
fold_b,314159,strict,T,complexity,low,4052,2147,0.6536538151314728,True,0.8033553798999838,0.7403121897861568,0.781489333713016,6199,0.6536538151314728,0.2995850223180231,0.8854563474091584,0.9243196643784232,0.8033553798999838,0.7933319527852557,0.9454590325765054,0.8627406823555905,0.4209894964982465,0.13354744429348828,0.07593435106421272,sv_complexity_low,0.125,6199,96295,34393
fold_b,314159,strict,T,complexity,medium,5345,3200,0.6255119953188999,True,0.7863077823288472,0.7346275724976614,0.7661759674610807,8545,0.6255119953188999,0.2995850223180231,0.8744409202525725,0.9124357046080115,0.7863077823288472,0.7692425401683244,0.9405051449953228,0.8462962962962963,0.44051476453405236,0.1416648194755848,0.06582333424052919,sv_complexity_medium,0.125,8545,96295,34393
fold_b,314159,strict,S,complexity,high,17550,10923,0.6163734063849963,True,0.67323429213641,0.5925699946243752,0.5974522382940584,28473,0.6163734063849963,0.2209973802149051,0.765205114903,0.8455719734094054,0.67323429213641,0.6668015211586698,0.9391452991452991,0.7798807608592789,0.5795090717897888,0.19930676332364058,0.09701111293150462,sv_complexity_high,0.125,28473,96295,34393
fold_b,314159,strict,S,complexity,low,4052,2147,0.6536538151314728,True,0.7541538957896435,0.659757456741908,0.6661648238429126,6199,0.6536538151314728,0.2209973802149051,0.8276403034423019,0.8843774603630801,0.7541538957896435,0.7381311228334589,0.9669299111549852,0.8371794871794872,0.49638915911735965,0.16238944962662089,0.08455878975130168,sv_complexity_low,0.125,6199,96295,34393
fold_b,314159,strict,S,complexity,medium,5345,3200,0.6255119953188999,True,0.7268578115857226,0.6510513622544434,0.6715050079380166,8545,0.6255119953188999,0.2209973802149051,0.8234615586997194,0.876982565874974,0.7268578115857226,0.7097673122474571,0.9530402245088868,0.8136080498322952,0.511373489981343,0.1692830735591751,0.07426267816085783,sv_complexity_medium,0.125,8545,96295,34393
fold_b,314159,strict,K,complexity,high,17550,10923,0.6163734063849963,True,0.6249780493801145,0.5274454280194462,0.3826258389002399,28473,0.6163734063849963,0.2743332177494537,0.6647677331061017,0.7631588535913785,0.6249780493801145,0.6303984819734345,0.9464957264957264,0.7567653758542141,0.6635404464776182,0.23373099564926883,0.12135148719701846,sv_complexity_high,0.125,28473,96295,34393
fold_b,314159,strict,K,complexity,low,4052,2147,0.6536538151314728,True,0.68656234876593,0.5574714896379668,0.4408720475567719,6199,0.6536538151314728,0.2743332177494537,0.7106745977191711,0.8063481668179366,0.68656234876593,0.6814037502150353,0.9775419545903258,0.8030410542321338,0.6147837549777437,0.21272733560979823,0.12045951000563566,sv_complexity_low,0.125,6199,96295,34393
fold_b,314159,strict,K,complexity,medium,5345,3200,0.6255119953188999,True,0.6560561732007022,0.5504377630963517,0.4520080434668593,8545,0.6255119953188999,0.2743332177494537,0.710385757717493,0.794783585616612,0.6560561732007022,0.650827482447342,0.9711880261927035,0.7793709180992417,0.6189793539247357,0.21465721282329667,0.10261876172743423,sv_complexity_medium,0.125,8545,96295,34393
fold_b,42,1hop,C,complexity,high,17550,10923,0.6163734063849963,True,0.6708811856846837,0.5993727733606888,0.5762500867047189,28473,0.6163734063849963,0.2790009501876743,0.754116909534835,0.8374382642178781,0.6708811856846837,0.6729687433912787,0.9066096866096867,0.7725098924574564,0.5933471502522251,0.20483351252867932,0.10745364788937696,sv_complexity_high,0.125,28473,96295,34393
fold_b,42,1hop,C,complexity,low,4052,2147,0.6536538151314728,True,0.742861751895467,0.6560466727144237,0.6130470834453927,6199,0.6536538151314728,0.2790009501876743,0.8006546589722522,0.8659803336275622,0.742861751895467,0.7387334887334888,0.9385488647581441,0.8267391304347826,0.5384566104540214,0.17875387700291145,0.10082767397509713,sv_complexity_low,0.125,6199,96295,34393
fold_b,42,1hop,C,complexity,medium,5345,3200,0.6255119953188999,True,0.7197191339964891,0.647915984565014,0.6346804398724938,8545,0.6255119953188999,0.2790009501876743,0.8051851905986904,0.863192206856873,0.7197191339964891,0.7096957634347455,0.933956969130028,0.8065271831327248,0.5414075181712337,0.1809402815137305,0.08778818116354593,sv_complexity_medium,0.125,8545,96295,34393
fold_b,42,1hop,C+T,complexity,high,17550,10923,0.6163734063849963,True,0.7367330453412004,0.6890380996423293,0.7023454783518092,28473,0.6163734063849963,0.28502057177531,0.8245759581509833,0.8858118097860012,0.7367330453412004,0.7357437628962671,0.893960113960114,0.8071718886659464,0.5125533520152055,0.17260532976900883,0.0812151005848648,sv_complexity_high,0.125,28473,96295,34393
fold_b,42,1hop,C+T,complexity,low,4052,2147,0.6536538151314728,True,0.8394902403613486,0.7912736429214805,0.8366406743458281,6199,0.6536538151314728,0.28502057177531,0.9124183702229653,0.9434211207969823,0.8394902403613486,0.8303436351847849,0.9481737413622903,0.885355455697661,0.3662193229936483,0.11433270657508712,0.06573635606220585,sv_complexity_low,0.125,6199,96295,34393
fold_b,42,1hop,C+T,complexity,medium,5345,3200,0.6255119953188999,True,0.8145114101813926,0.7729108688026193,0.8173677143071262,8545,0.6255119953188999,0.28502057177531,0.9022276952759589,0.9316063997405271,0.8145114101813926,0.7996493465094039,0.9386342376052386,0.8635855064979775,0.3919913353796724,0.12484720985525576,0.06030874789611616,sv_complexity_medium,0.125,8545,96295,34393
fold_b,42,1hop,C+S,complexity,high,17550,10923,0.6163734063849963,True,0.6756225195799529,0.5970654879416208,0.6006861920689716,28473,0.6163734063849963,0.2293130456114049,0.7671734542731521,0.8468126040799837,0.6756225195799529,0.6697427521437321,0.9345868945868946,0.7803044719314938,0.5768983918412064,0.1982586116628681,0.09584062483939715,sv_complexity_high,0.125,28473,96295,34393
fold_b,42,1hop,C+S,complexity,low,4052,2147,0.6536538151314728,True,0.7591547023713502,0.6675242688091605,0.6772826519417499,6199,0.6536538151314728,0.2293130456114049,0.8314987946633219,0.8882280777091365,0.7591547023713502,0.7429276628061515,0.9656959526159921,0.8397896770039703,0.4918593080216864,0.16085907009534572,0.08293527092661337,sv_complexity_low,0.125,6199,96295,34393
fold_b,42,1hop,C+S,complexity,medium,5345,3200,0.6255119953188999,True,0.7335283791691047,0.6604592492984097,0.671842659429115,8545,0.6255119953188999,0.2293130456114049,0.8243395404583723,0.8771090123081531,0.7335283791691047,0.7159346846846847,0.9515434985968194,0.8170937424692747,0.509598127426686,0.16866768439757834,0.07479213077222702,sv_complexity_medium,0.125,8545,96295,34393
fold_b,42,1hop,C+S+T,complexity,high,17550,10923,0.6163734063849963,True,0.7265830787061427,0.6648331952259444,0.6958808283565034,28473,0.6163734063849963,0.2238268703149888,0.8206137341081953,0.8833317981293888,0.7265830787061427,0.7133680024472315,0.9301424501424501,0.8074592535799965,0.5160511903843252,0.17389730128671627,0.07529856712522427,sv_complexity_high,0.125,28473,96295,34393
fold_b,42,1hop,C+S+T,complexity,low,4052,2147,0.6536538151314728,True,0.8272301984190998,0.7662388828784259,0.8292948633307414,6199,0.6536538151314728,0.2238268703149888,0.9083616524998033,0.9408769271771418,0.8272301984190998,0.8081455447591482,0.9647087857847977,0.879514006074924,0.37451688148233897,0.11695523139008084,0.0666943389816431,sv_complexity_low,0.125,6199,96295,34393
fold_b,42,1hop,C+S+T,complexity,medium,5345,3200,0.6255119953188999,True,0.8010532475131656,0.749925748362956,0.8058516602157247,8545,0.6255119953188999,0.2238268703149888,0.8935153472871843,0.9272937756220385,0.8010532475131656,0.7782867613376088,0.9536014967259121,0.8570707919959644,0.4056269744729536,0.12984693900816124,0.058203739669459784,sv_complexity_medium,0.125,8545,96295,34393
fold_b,42,1hop,T,complexity,high,17550,10923,0.6163734063849963,True,0.7321321954131985,0.675436204167322,0.6994719726238123,28473,0.6163734063849963,0.2523803469539118,0.8227530292988501,0.8847094565718365,0.7321321954131985,0.7221401387956122,0.919031339031339,0.8087752287827504,0.5128020309753346,0.17278243223475181,0.07710678500893649,sv_complexity_high,0.125,28473,96295,34393
fold_b,42,1hop,T,complexity,low,4052,2147,0.6536538151314728,True,0.8352960154863688,0.7824815015419022,0.8364885997128021,6199,0.6536538151314728,0.2523803469539118,0.9115981067731047,0.9433684503280184,0.8352960154863688,0.8222411226876462,0.9543435340572557,0.8833809251856082,0.36896955124362546,0.11536599976732727,0.06710291657444238,sv_complexity_low,0.125,6199,96295,34393
fold_b,42,1hop,T,complexity,medium,5345,3200,0.6255119953188999,True,0.8136922176711527,0.7691835243217962,0.8158800644544827,8545,0.6255119953188999,0.2523803469539118,0.902172708138447,0.9310492927155465,0.8136922176711527,0.794815396700707,0.9464920486435922,0.8640478223740393,0.3937258755998477,0.12516633563081195,0.06204529665352005,sv_complexity_medium,0.125,8545,96295,34393
fold_b,42,1hop,S,complexity,high,17550,10923,0.6163734063849963,True,0.67323429213641,0.5925699946243752,0.5974522382940584,28473,0.6163734063849963,0.2209973802149051,0.765205114903,0.8455719734094054,0.67323429213641,0.6668015211586698,0.9391452991452991,0.7798807608592789,0.5795090717897888,0.19930676332364058,0.09701111293150462,sv_complexity_high,0.125,28473,96295,34393
fold_b,42,1hop,S,complexity,low,4052,2147,0.6536538151314728,True,0.7541538957896435,0.659757456741908,0.6661648238429126,6199,0.6536538151314728,0.2209973802149051,0.8276403034423019,0.8843774603630801,0.7541538957896435,0.7381311228334589,0.9669299111549852,0.8371794871794872,0.49638915911735965,0.16238944962662089,0.08455878975130168,sv_complexity_low,0.125,6199,96295,34393
fold_b,42,1hop,S,complexity,medium,5345,3200,0.6255119953188999,True,0.7268578115857226,0.6510513622544434,0.6715050079380166,8545,0.6255119953188999,0.2209973802149051,0.8234615586997194,0.876982565874974,0.7268578115857226,0.7097673122474571,0.9530402245088868,0.8136080498322952,0.511373489981343,0.1692830735591751,0.07426267816085783,sv_complexity_medium,0.125,8545,96295,34393
fold_b,42,1hop,K,complexity,high,17550,10923,0.6163734063849963,True,0.6249780493801145,0.5274454280194462,0.3826258389002399,28473,0.6163734063849963,0.2743332177494537,0.6647677331061017,0.7631588535913785,0.6249780493801145,0.6303984819734345,0.9464957264957264,0.7567653758542141,0.6635404464776182,0.23373099564926883,0.12135148719701846,sv_complexity_high,0.125,28473,96295,34393
fold_b,42,1hop,K,complexity,low,4052,2147,0.6536538151314728,True,0.68656234876593,0.5574714896379668,0.4408720475567719,6199,0.6536538151314728,0.2743332177494537,0.7106745977191711,0.8063481668179366,0.68656234876593,0.6814037502150353,0.9775419545903258,0.8030410542321338,0.6147837549777437,0.21272733560979823,0.12045951000563566,sv_complexity_low,0.125,6199,96295,34393
fold_b,42,1hop,K,complexity,medium,5345,3200,0.6255119953188999,True,0.6560561732007022,0.5504377630963517,0.4520080434668593,8545,0.6255119953188999,0.2743332177494537,0.710385757717493,0.794783585616612,0.6560561732007022,0.650827482447342,0.9711880261927035,0.7793709180992417,0.6189793539247357,0.21465721282329667,0.10261876172743423,sv_complexity_medium,0.125,8545,96295,34393
fold_b,42,strict,C,complexity,high,17550,10923,0.6163734063849963,True,0.6708811856846837,0.5993727733606888,0.5762500867047189,28473,0.6163734063849963,0.2790009501876743,0.754116909534835,0.8374382642178781,0.6708811856846837,0.6729687433912787,0.9066096866096867,0.7725098924574564,0.5933471502522251,0.20483351252867932,0.10745364788937696,sv_complexity_high,0.125,28473,96295,34393
fold_b,42,strict,C,complexity,low,4052,2147,0.6536538151314728,True,0.742861751895467,0.6560466727144237,0.6130470834453927,6199,0.6536538151314728,0.2790009501876743,0.8006546589722522,0.8659803336275622,0.742861751895467,0.7387334887334888,0.9385488647581441,0.8267391304347826,0.5384566104540214,0.17875387700291145,0.10082767397509713,sv_complexity_low,0.125,6199,96295,34393
fold_b,42,strict,C,complexity,medium,5345,3200,0.6255119953188999,True,0.7197191339964891,0.647915984565014,0.6346804398724938,8545,0.6255119953188999,0.2790009501876743,0.8051851905986904,0.863192206856873,0.7197191339964891,0.7096957634347455,0.933956969130028,0.8065271831327248,0.5414075181712337,0.1809402815137305,0.08778818116354593,sv_complexity_medium,0.125,8545,96295,34393
fold_b,42,strict,C+T,complexity,high,17550,10923,0.6163734063849963,True,0.725986021845257,0.6689120893652616,0.6818703846219433,28473,0.6163734063849963,0.2676749642887183,0.8136405107704201,0.8779570193244648,0.725986021845257,0.7181932133584027,0.9141310541310541,0.8044023265142398,0.5290132260401297,0.1779760726205702,0.08856973755205819,sv_complexity_high,0.125,28473,96295,34393
fold_b,42,strict,C+T,complexity,low,4052,2147,0.6536538151314728,True,0.8031940635586385,0.7379990491564943,0.7911080463663777,6199,0.6536538151314728,0.2676749642887183,0.8863274750093223,0.9276510688092616,0.8031940635586385,0.7908792111750206,0.9501480750246791,0.8632286995515696,0.41864857011045237,0.13372002506232974,0.07755290692882746,sv_complexity_low,0.125,6199,96295,34393
fold_b,42,strict,C+T,complexity,medium,5345,3200,0.6255119953188999,True,0.7912229373902867,0.7378040224508887,0.7795744561102772,8545,0.6255119953188999,0.2676749642887183,0.8773957846117868,0.9174532778879915,0.7912229373902867,0.7697318588092713,0.9506080449017774,0.8506613092248452,0.43377301151727415,0.14023510863486702,0.06460485949488383,sv_complexity_medium,0.125,8545,96295,34393
fold_b,42,strict,C+S,complexity,high,17550,10923,0.6163734063849963,True,0.6756225195799529,0.5970654879416208,0.6006861920689716,28473,0.6163734063849963,0.2293130456114049,0.7671734542731521,0.8468126040799837,0.6756225195799529,0.6697427521437321,0.9345868945868946,0.7803044719314938,0.5768983918412064,0.1982586116628681,0.09584062483939715,sv_complexity_high,0.125,28473,96295,34393
fold_b,42,strict,C+S,complexity,low,4052,2147,0.6536538151314728,True,0.7591547023713502,0.6675242688091605,0.6772826519417499,6199,0.6536538151314728,0.2293130456114049,0.8314987946633219,0.8882280777091365,0.7591547023713502,0.7429276628061515,0.9656959526159921,0.8397896770039703,0.4918593080216864,0.16085907009534572,0.08293527092661337,sv_complexity_low,0.125,6199,96295,34393
fold_b,42,strict,C+S,complexity,medium,5345,3200,0.6255119953188999,True,0.7335283791691047,0.6604592492984097,0.671842659429115,8545,0.6255119953188999,0.2293130456114049,0.8243395404583723,0.8771090123081531,0.7335283791691047,0.7159346846846847,0.9515434985968194,0.8170937424692747,0.509598127426686,0.16866768439757834,0.07479213077222702,sv_complexity_medium,0.125,8545,96295,34393
fold_b,42,strict,C+S+T,complexity,high,17550,10923,0.6163734063849963,True,0.7290064271415024,0.6765649992840325,0.6785432961912383,28473,0.6163734063849963,0.2830872760639089,0.8109574637067084,0.8766806597231376,0.7290064271415024,0.725323068463019,0.9018803418803418,0.8040231636696129,0.5287628371513455,0.1783740926158416,0.08091812468320184,sv_complexity_high,0.125,28473,96295,34393
fold_b,42,strict,C+S+T,complexity,low,4052,2147,0.6536538151314728,True,0.80383932892402,0.7392590432436086,0.7912379731599015,6199,0.6536538151314728,0.2830872760639089,0.8840838774552154,0.9276960684585108,0.80383932892402,0.7918896665294359,0.9494076999012833,0.8635241301907969,0.4172850342047896,0.1339226660479359,0.0741018057802948,sv_complexity_low,0.125,6199,96295,34393
fold_b,42,strict,C+S+T,complexity,medium,5345,3200,0.6255119953188999,True,0.7864248098303102,0.734909231758653,0.7716479665269897,8545,0.6255119953188999,0.2830872760639089,0.8724226496725911,0.9144849026198206,0.7864248098303102,0.7695252679938744,0.9401309635173059,0.8463157894736842,0.43921354768763,0.14276585698372962,0.06349125290880858,sv_complexity_medium,0.125,8545,96295,34393
fold_b,42,strict,T,complexity,high,17550,10923,0.6163734063849963,True,0.727250377550662,0.6725996114213637,0.6786277980004268,28473,0.6163734063849963,0.2738156978088048,0.8123872233842023,0.8767130768643508,0.727250377550662,0.7216985407414122,0.9074074074074074,0.8039680936995154,0.5313913310749178,0.17861267007469173,0.08798243833132245,sv_complexity_high,0.125,28473,96295,34393
fold_b,42,strict,T,complexity,low,4052,2147,0.6536538151314728,True,0.8020648491692208,0.7363688675076818,0.7902338807362687,6199,0.6536538151314728,0.2738156978088048,0.885882226904917,0.9273483048783302,0.8020648491692208,0.7897435897435897,0.9501480750246791,0.8625518091184048,0.42071756064398846,0.13390968651550203,0.07784657557329329,sv_complexity_low,0.125,6199,96295,34393
fold_b,42,strict,T,complexity,medium,5345,3200,0.6255119953188999,True,0.7877121123464014,0.7338062733863424,0.7782281904959901,8545,0.6255119953188999,0.2738156978088048,0.8767854887745556,0.9169491175643263,0.7877121123464014,0.7671357240127099,0.9485500467726847,0.8482516312531371,0.43658753336237355,0.14069387842975367,0.06521548158812537,sv_complexity_medium,0.125,8545,96295,34393
fold_b,42,strict,S,complexity,high,17550,10923,0.6163734063849963,True,0.67323429213641,0.5925699946243752,0.5974522382940584,28473,0.6163734063849963,0.2209973802149051,0.765205114903,0.8455719734094054,0.67323429213641,0.6668015211586698,0.9391452991452991,0.7798807608592789,0.5795090717897888,0.19930676332364058,0.09701111293150462,sv_complexity_high,0.125,28473,96295,34393
fold_b,42,strict,S,complexity,low,4052,2147,0.6536538151314728,True,0.7541538957896435,0.659757456741908,0.6661648238429126,6199,0.6536538151314728,0.2209973802149051,0.8276403034423019,0.8843774603630801,0.7541538957896435,0.7381311228334589,0.9669299111549852,0.8371794871794872,0.49638915911735965,0.16238944962662089,0.08455878975130168,sv_complexity_low,0.125,6199,96295,34393
fold_b,42,strict,S,complexity,medium,5345,3200,0.6255119953188999,True,0.7268578115857226,0.6510513622544434,0.6715050079380166,8545,0.6255119953188999,0.2209973802149051,0.8234615586997194,0.876982565874974,0.7268578115857226,0.7097673122474571,0.9530402245088868,0.8136080498322952,0.511373489981343,0.1692830735591751,0.07426267816085783,sv_complexity_medium,0.125,8545,96295,34393
fold_b,42,strict,K,complexity,high,17550,10923,0.6163734063849963,True,0.6249780493801145,0.5274454280194462,0.3826258389002399,28473,0.6163734063849963,0.2743332177494537,0.6647677331061017,0.7631588535913785,0.6249780493801145,0.6303984819734345,0.9464957264957264,0.7567653758542141,0.6635404464776182,0.23373099564926883,0.12135148719701846,sv_complexity_high,0.125,28473,96295,34393
fold_b,42,strict,K,complexity,low,4052,2147,0.6536538151314728,True,0.68656234876593,0.5574714896379668,0.4408720475567719,6199,0.6536538151314728,0.2743332177494537,0.7106745977191711,0.8063481668179366,0.68656234876593,0.6814037502150353,0.9775419545903258,0.8030410542321338,0.6147837549777437,0.21272733560979823,0.12045951000563566,sv_complexity_low,0.125,6199,96295,34393
fold_b,42,strict,K,complexity,medium,5345,3200,0.6255119953188999,True,0.6560561732007022,0.5504377630963517,0.4520080434668593,8545,0.6255119953188999,0.2743332177494537,0.710385757717493,0.794783585616612,0.6560561732007022,0.650827482447342,0.9711880261927035,0.7793709180992417,0.6189793539247357,0.21465721282329667,0.10261876172743423,sv_complexity_medium,0.125,8545,96295,34393
fold_c,20260806,1hop,C,complexity,high,10604,6499,0.6200081856984155,True,0.6877156054493364,0.6284636164609719,0.6128118129037087,17103,0.6200081856984155,0.3313372836173381,0.7697626231444712,0.8528716583091389,0.6877156054493364,0.6978422674986843,0.8753300641267446,0.7765739385065886,0.578521880555638,0.19875973851361078,0.10735319322913649,sv_complexity_high,0.125,17103,109681,29831
fold_c,20260806,1hop,C,complexity,low,5767,2943,0.6621125143513203,True,0.7489092996555683,0.6689560760866498,0.6381261931082,8710,0.6621125143513203,0.3313372836173381,0.8013788777124301,0.8777273692672138,0.7489092996555683,0.7564469914040115,0.9155540142188313,0.8284302188750294,0.5391843054308366,0.18017993446160033,0.10595923933629964,sv_complexity_low,0.125,8710,109681,29831
fold_c,20260806,1hop,C,complexity,medium,5537,3043,0.6453379953379953,True,0.7277389277389278,0.6569477249544204,0.6238650009479926,8580,0.6453379953379953,0.3313372836173381,0.7925063435172852,0.8665992072126738,0.7277389277389278,0.7363757199822774,0.9004876286797905,0.810204744881378,0.5506769578608476,0.1854823813484881,0.09875452850755005,sv_complexity_medium,0.125,8580,109681,29831
fold_c,20260806,1hop,C+T,complexity,high,10604,6499,0.6200081856984155,True,0.7334385780272467,0.6734970078384227,0.7132995876580013,17103,0.6200081856984155,0.2744419604121034,0.8292690359059971,0.8910561901531515,0.7334385780272467,0.7233099371998523,0.9232365145228216,0.8111355068561249,0.4997938454246648,0.16782525079007235,0.07448222089830281,sv_complexity_high,0.125,17103,109681,29831
fold_c,20260806,1hop,C+T,complexity,low,5767,2943,0.6621125143513203,True,0.8355912743972446,0.7805044590058343,0.822815324783806,8710,0.6621125143513203,0.2744419604121034,0.902531309727903,0.9401315155957223,0.8355912743972446,0.8270710728836578,0.95040749089648,0.8844602226883976,0.3913918307157816,0.12296301920372404,0.08307551282852738,sv_complexity_low,0.125,8710,109681,29831
fold_c,20260806,1hop,C+T,complexity,medium,5537,3043,0.6453379953379953,True,0.813053613053613,0.761237624035623,0.8140583379327695,8580,0.6453379953379953,0.2744419604121034,0.8961121700868018,0.934053557381051,0.813053613053613,0.803894297635605,0.9394979230630305,0.8664223850766156,0.4068090598479255,0.12959477381319046,0.08004696204671705,sv_complexity_medium,0.125,8580,109681,29831
fold_c,20260806,1hop,C+S,complexity,high,10604,6499,0.6200081856984155,True,0.6874817283517511,0.6144855280233752,0.6305291848742498,17103,0.6200081856984155,0.2584194071711078,0.7795438845044147,0.8596041146288809,0.6874817283517511,0.684876608310483,0.9186156167483969,0.7847101945462601,0.5646718035089494,0.19313587658268827,0.10038037728590922,sv_complexity_high,0.125,17103,109681,29831
fold_c,20260806,1hop,C+S,complexity,low,5767,2943,0.6621125143513203,True,0.773593570608496,0.6899260623837185,0.699930140672155,8710,0.6621125143513203,0.2584194071711078,0.8369185320464585,0.8986101497127614,0.773593570608496,0.765793528505393,0.9479798855557482,0.8472028513869518,0.49446198257277363,0.16162606719124537,0.10117289594908771,sv_complexity_low,0.125,8710,109681,29831
fold_c,20260806,1hop,C+S,complexity,medium,5537,3043,0.6453379953379953,True,0.7423076923076923,0.6619445820549014,0.6761215213339234,8580,0.6453379953379953,0.2584194071711078,0.8221084449006775,0.885132609489409,0.7423076923076923,0.7353523917350694,0.9384143037746072,0.8245655796238991,0.5124781181691563,0.1698088158369536,0.0887286849077898,sv_complexity_medium,0.125,8580,109681,29831
fold_c,20260806,1hop,C+S+T,complexity,high,10604,6499,0.6200081856984155,True,0.726773080746068,0.6620757500979897,0.7118918302058259,17103,0.6200081856984155,0.2427013740091415,0.8281714509773694,0.8905212538448029,0.726773080746068,0.7144716858320677,0.9316295737457563,0.80872661782162,0.5032131298456791,0.1689244394306458,0.07444427185198664,sv_complexity_high,0.125,17103,109681,29831
fold_c,20260806,1hop,C+S+T,complexity,low,5767,2943,0.6621125143513203,True,0.8277841561423651,0.7667053709516123,0.8335485803069044,8710,0.6621125143513203,0.2427013740091415,0.9039347156696262,0.9437581483172468,0.8277841561423651,0.8161209068010076,0.9550893011964626,0.8801534036433365,0.3908503509293272,0.12269555716961997,0.0815055329874508,sv_complexity_low,0.125,8710,109681,29831
fold_c,20260806,1hop,C+S+T,complexity,medium,5537,3043,0.6453379953379953,True,0.8111888111888111,0.7546121034066466,0.8152691038011544,8580,0.6453379953379953,0.2427013740091415,0.8953587169776696,0.9344829700311087,0.8111888111888111,0.79696739954511,0.9492504966588405,0.8664688427299704,0.4069929634523236,0.12953709792299165,0.075135009062291,sv_complexity_medium,0.125,8580,109681,29831
fold_c,20260806,1hop,T,complexity,high,10604,6499,0.6200081856984155,True,0.7275331813132199,0.6609315355308993,0.7079704132837256,17103,0.6200081856984155,0.266652089213105,0.8272800971788656,0.889031147513941,0.7275331813132199,0.7129244877489612,0.9384194643530743,0.8102760361534077,0.5030237637747652,0.16843627629230792,0.07471723688363417,sv_complexity_high,0.125,17103,109681,29831
fold_c,20260806,1hop,T,complexity,low,5767,2943,0.6621125143513203,True,0.835361653272101,0.7783343912347434,0.820532503358733,8710,0.6621125143513203,0.266652089213105,0.9011380674171019,0.9393601788042194,0.835361653272101,0.8246665667615765,0.9542222992890584,0.8847266881028939,0.3981637691255709,0.12469619584460045,0.0892812272378647,sv_complexity_low,0.125,8710,109681,29831
fold_c,20260806,1hop,T,complexity,medium,5537,3043,0.6453379953379953,True,0.8097902097902098,0.7550086826642458,0.8127427382154647,8580,0.6453379953379953,0.266652089213105,0.8944990266833978,0.9335869641479789,0.8097902097902098,0.7984105150542564,0.9434711937872494,0.8649006622516556,0.412332764467974,0.13103639268194175,0.08276557701000326,sv_complexity_medium,0.125,8580,109681,29831
fold_c,20260806,1hop,S,complexity,high,10604,6499,0.6200081856984155,True,0.6874232590773548,0.6158679549632131,0.6276089209462351,17103,0.6200081856984155,0.2588975124429122,0.7781576050147054,0.8584944382406351,0.6874232590773548,0.6861107178252867,0.9139947189739721,0.7838253133845532,0.5667948827393745,0.1939325471935444,0.10084409664961246,sv_complexity_high,0.125,17103,109681,29831
fold_c,20260806,1hop,S,complexity,low,5767,2943,0.6621125143513203,True,0.7722158438576349,0.6886360766711321,0.6921330093678117,8710,0.6621125143513203,0.2588975124429122,0.8339971215418834,0.8959755966210643,0.7722158438576349,0.7651759428010655,0.9464192821224207,0.8462015503875969,0.49720926022886014,0.16249431464029035,0.10072929706406702,sv_complexity_low,0.125,8710,109681,29831
fold_c,20260806,1hop,S,complexity,medium,5537,3043,0.6453379953379953,True,0.7425407925407925,0.662421224978843,0.6659152435564956,8580,0.6453379953379953,0.2588975124429122,0.8179451045756712,0.8815128305527291,0.7425407925407925,0.7356940509915014,0.9380530973451328,0.8246407874890846,0.5167505756595007,0.17134018097648798,0.08968719693495239,sv_complexity_medium,0.125,8580,109681,29831
fold_c,20260806,1hop,K,complexity,high,10604,6499,0.6200081856984155,True,0.633163772437584,0.5266324015608935,0.44939067029925267,17103,0.6200081856984155,0.2740800866186559,0.6954265778288496,0.7907729618356337,0.633163772437584,0.633214373615555,0.9704828366654092,0.7663836759011021,0.6404090900104898,0.22393342736677968,0.1154363868546324,sv_complexity_high,0.125,17103,109681,29831
fold_c,20260806,1hop,K,complexity,low,5767,2943,0.6621125143513203,True,0.6818599311136625,0.5413682757196867,0.4587729204133837,8710,0.6621125143513203,0.2740800866186559,0.7040558661502246,0.8171261429135004,0.6818599311136625,0.6816638370118846,0.9746835443037974,0.8022550488831799,0.6196314035018383,0.21460094472664643,0.12665080796087416,sv_complexity_low,0.125,8710,109681,29831
fold_c,20260806,1hop,K,complexity,medium,5537,3043,0.6453379953379953,True,0.6641025641025641,0.5348912887941552,0.4588771901311169,8580,0.6453379953379953,0.2740800866186559,0.7078037919078245,0.8080842994835651,0.6641025641025641,0.662068123550238,0.9794112335199566,0.7900641025641025,0.6155319162642447,0.21319148148811415,0.10766318488105955,sv_complexity_medium,0.125,8580,109681,29831
fold_c,20260806,strict,C,complexity,high,10604,6499,0.6200081856984155,True,0.6877156054493364,0.6284636164609719,0.6128118129037087,17103,0.6200081856984155,0.3313372836173381,0.7697626231444712,0.8528716583091389,0.6877156054493364,0.6978422674986843,0.8753300641267446,0.7765739385065886,0.578521880555638,0.19875973851361078,0.10735319322913649,sv_complexity_high,0.125,17103,109681,29831
fold_c,20260806,strict,C,complexity,low,5767,2943,0.6621125143513203,True,0.7489092996555683,0.6689560760866498,0.6381261931082,8710,0.6621125143513203,0.3313372836173381,0.8013788777124301,0.8777273692672138,0.7489092996555683,0.7564469914040115,0.9155540142188313,0.8284302188750294,0.5391843054308366,0.18017993446160033,0.10595923933629964,sv_complexity_low,0.125,8710,109681,29831
fold_c,20260806,strict,C,complexity,medium,5537,3043,0.6453379953379953,True,0.7277389277389278,0.6569477249544204,0.6238650009479926,8580,0.6453379953379953,0.3313372836173381,0.7925063435172852,0.8665992072126738,0.7277389277389278,0.7363757199822774,0.9004876286797905,0.810204744881378,0.5506769578608476,0.1854823813484881,0.09875452850755005,sv_complexity_medium,0.125,8580,109681,29831
fold_c,20260806,strict,C+T,complexity,high,10604,6499,0.6200081856984155,True,0.7244343097702157,0.6575389917225463,0.6938486568760619,17103,0.6200081856984155,0.2763580694025171,0.8188015563314763,0.8836649956754679,0.7244343097702157,0.7109201575366989,0.936250471520181,0.8081729008099637,0.5143542917570548,0.17244128390146943,0.07651535844366195,sv_complexity_high,0.125,17103,109681,29831
fold_c,20260806,strict,C+T,complexity,low,5767,2943,0.6621125143513203,True,0.808955223880597,0.7395082016377175,0.7954260068700947,8710,0.6621125143513203,0.2763580694025171,0.8842759850605819,0.930877007832226,0.808955223880597,0.7974481658692185,0.9537020981446159,0.868603916614024,0.4314014076249595,0.13717984715236578,0.09336024963004469,sv_complexity_low,0.125,8710,109681,29831
fold_c,20260806,strict,C+T,complexity,medium,5537,3043,0.6453379953379953,True,0.7888111888111888,0.7261727056967049,0.7815492119537389,8580,0.6453379953379953,0.2763580694025171,0.8730457922032708,0.9225238055915184,0.7888111888111888,0.777860659406236,0.9416651616398772,0.8519607843137255,0.44602566353218603,0.14453324242362425,0.08564300420521292,sv_complexity_medium,0.125,8580,109681,29831
fold_c,20260806,strict,C+S,complexity,high,10604,6499,0.6200081856984155,True,0.6874817283517511,0.6144855280233752,0.6305291848742498,17103,0.6200081856984155,0.2584194071711078,0.7795438845044147,0.8596041146288809,0.6874817283517511,0.684876608310483,0.9186156167483969,0.7847101945462601,0.5646718035089494,0.19313587658268827,0.10038037728590922,sv_complexity_high,0.125,17103,109681,29831
fold_c,20260806,strict,C+S,complexity,low,5767,2943,0.6621125143513203,True,0.773593570608496,0.6899260623837185,0.699930140672155,8710,0.6621125143513203,0.2584194071711078,0.8369185320464585,0.8986101497127614,0.773593570608496,0.765793528505393,0.9479798855557482,0.8472028513869518,0.49446198257277363,0.16162606719124537,0.10117289594908771,sv_complexity_low,0.125,8710,109681,29831
fold_c,20260806,strict,C+S,complexity,medium,5537,3043,0.6453379953379953,True,0.7423076923076923,0.6619445820549014,0.6761215213339234,8580,0.6453379953379953,0.2584194071711078,0.8221084449006775,0.885132609489409,0.7423076923076923,0.7353523917350694,0.9384143037746072,0.8245655796238991,0.5124781181691563,0.1698088158369536,0.0887286849077898,sv_complexity_medium,0.125,8580,109681,29831
fold_c,20260806,strict,C+S+T,complexity,high,10604,6499,0.6200081856984155,True,0.7275331813132199,0.6676029040013062,0.6930847724783097,17103,0.6200081856984155,0.300004497999446,0.8186676675267163,0.8833747258572493,0.7275331813132199,0.7199851961509992,0.9172953602414183,0.8067512648254126,0.5149244155045167,0.1726697877040344,0.07654882656440934,sv_complexity_high,0.125,17103,109681,29831
fold_c,20260806,strict,C+S+T,complexity,low,5767,2943,0.6621125143513203,True,0.8078071182548795,0.7418857842384297,0.804012668494325,8710,0.6621125143513203,0.300004497999446,0.8854086554423652,0.9337783333385532,0.8078071182548795,0.8005580848876487,0.9452054794520548,0.8668893129770993,0.43040377409494696,0.13690038165610716,0.09411727243563692,sv_complexity_low,0.125,8710,109681,29831
fold_c,20260806,strict,C+S+T,complexity,medium,5537,3043,0.6453379953379953,True,0.7920745920745921,0.7321796172861788,0.7813678266773277,8580,0.6453379953379953,0.300004497999446,0.8736954414929565,0.9224594751257702,0.7920745920745921,0.7827331625734518,0.93823370055987,0.8534581895843601,0.445660362429016,0.1438294217769274,0.08460948451077545,sv_complexity_medium,0.125,8580,109681,29831
fold_c,20260806,strict,T,complexity,high,10604,6499,0.6200081856984155,True,0.7253113488861603,0.6607182522755873,0.6910745186797708,17103,0.6200081856984155,0.2860467639899923,0.8180907790183779,0.8826108458691359,0.7253113488861603,0.713768640509628,0.9298377970577141,0.8076009501187649,0.5166787628560584,0.1729602175916827,0.07737877823299108,sv_complexity_high,0.125,17103,109681,29831
fold_c,20260806,strict,T,complexity,low,5767,2943,0.6621125143513203,True,0.8060849598163031,0.7377566692420423,0.7921849570827239,8710,0.6621125143513203,0.2860467639899923,0.8833163615426826,0.9297818976687091,0.8060849598163031,0.7971436898863306,0.9485000867001907,0.8662601947897696,0.43468328772583253,0.13778652129792496,0.0945050395305649,sv_complexity_low,0.125,8710,109681,29831
fold_c,20260806,strict,T,complexity,medium,5537,3043,0.6453379953379953,True,0.7904428904428904,0.7296572260188992,0.7787403903986552,8580,0.6453379953379953,0.2860467639899923,0.8724481338488823,0.9215276233080545,0.7904428904428904,0.7808322066997145,0.9387755102040817,0.8525504346399869,0.44834127009957453,0.1449777356802857,0.087236913536294,sv_complexity_medium,0.125,8580,109681,29831
fold_c,20260806,strict,S,complexity,high,10604,6499,0.6200081856984155,True,0.6874232590773548,0.6158679549632131,0.6276089209462351,17103,0.6200081856984155,0.2588975124429122,0.7781576050147054,0.8584944382406351,0.6874232590773548,0.6861107178252867,0.9139947189739721,0.7838253133845532,0.5667948827393745,0.1939325471935444,0.10084409664961246,sv_complexity_high,0.125,17103,109681,29831
fold_c,20260806,strict,S,complexity,low,5767,2943,0.6621125143513203,True,0.7722158438576349,0.6886360766711321,0.6921330093678117,8710,0.6621125143513203,0.2588975124429122,0.8339971215418834,0.8959755966210643,0.7722158438576349,0.7651759428010655,0.9464192821224207,0.8462015503875969,0.49720926022886014,0.16249431464029035,0.10072929706406702,sv_complexity_low,0.125,8710,109681,29831
fold_c,20260806,strict,S,complexity,medium,5537,3043,0.6453379953379953,True,0.7425407925407925,0.662421224978843,0.6659152435564956,8580,0.6453379953379953,0.2588975124429122,0.8179451045756712,0.8815128305527291,0.7425407925407925,0.7356940509915014,0.9380530973451328,0.8246407874890846,0.5167505756595007,0.17134018097648798,0.08968719693495239,sv_complexity_medium,0.125,8580,109681,29831
fold_c,20260806,strict,K,complexity,high,10604,6499,0.6200081856984155,True,0.633163772437584,0.5266324015608935,0.44939067029925267,17103,0.6200081856984155,0.2740800866186559,0.6954265778288496,0.7907729618356337,0.633163772437584,0.633214373615555,0.9704828366654092,0.7663836759011021,0.6404090900104898,0.22393342736677968,0.1154363868546324,sv_complexity_high,0.125,17103,109681,29831
fold_c,20260806,strict,K,complexity,low,5767,2943,0.6621125143513203,True,0.6818599311136625,0.5413682757196867,0.4587729204133837,8710,0.6621125143513203,0.2740800866186559,0.7040558661502246,0.8171261429135004,0.6818599311136625,0.6816638370118846,0.9746835443037974,0.8022550488831799,0.6196314035018383,0.21460094472664643,0.12665080796087416,sv_complexity_low,0.125,8710,109681,29831
fold_c,20260806,strict,K,complexity,medium,5537,3043,0.6453379953379953,True,0.6641025641025641,0.5348912887941552,0.4588771901311169,8580,0.6453379953379953,0.2740800866186559,0.7078037919078245,0.8080842994835651,0.6641025641025641,0.662068123550238,0.9794112335199566,0.7900641025641025,0.6155319162642447,0.21319148148811415,0.10766318488105955,sv_complexity_medium,0.125,8580,109681,29831
fold_c,314159,1hop,C,complexity,high,10604,6499,0.6200081856984155,True,0.6877156054493364,0.6284636164609719,0.6128118129037087,17103,0.6200081856984155,0.3313372836173381,0.7697626231444712,0.8528716583091389,0.6877156054493364,0.6978422674986843,0.8753300641267446,0.7765739385065886,0.578521880555638,0.19875973851361078,0.10735319322913649,sv_complexity_high,0.125,17103,109681,29831
fold_c,314159,1hop,C,complexity,low,5767,2943,0.6621125143513203,True,0.7489092996555683,0.6689560760866498,0.6381261931082,8710,0.6621125143513203,0.3313372836173381,0.8013788777124301,0.8777273692672138,0.7489092996555683,0.7564469914040115,0.9155540142188313,0.8284302188750294,0.5391843054308366,0.18017993446160033,0.10595923933629964,sv_complexity_low,0.125,8710,109681,29831
fold_c,314159,1hop,C,complexity,medium,5537,3043,0.6453379953379953,True,0.7277389277389278,0.6569477249544204,0.6238650009479926,8580,0.6453379953379953,0.3313372836173381,0.7925063435172852,0.8665992072126738,0.7277389277389278,0.7363757199822774,0.9004876286797905,0.810204744881378,0.5506769578608476,0.1854823813484881,0.09875452850755005,sv_complexity_medium,0.125,8580,109681,29831
fold_c,314159,1hop,C+T,complexity,high,10604,6499,0.6200081856984155,True,0.727182365666842,0.6576107681366294,0.7198430872059124,17103,0.6200081856984155,0.2150363685423897,0.8325054825194649,0.8935426664182439,0.727182365666842,0.709734388245267,0.9474726518294984,0.8115508885298869,0.49796300612071337,0.16719942394637782,0.07574329864355361,sv_complexity_high,0.125,17103,109681,29831
fold_c,314159,1hop,C+T,complexity,low,5767,2943,0.6621125143513203,True,0.8267508610792192,0.762763679201399,0.8241999211191802,8710,0.6621125143513203,0.2150363685423897,0.9016638953833018,0.9405993533701202,0.8267508610792192,0.8123532863849765,0.960117912259407,0.880076293411746,0.39663851648342197,0.12566228570661966,0.09062936934108827,sv_complexity_low,0.125,8710,109681,29831
fold_c,314159,1hop,C+T,complexity,medium,5537,3043,0.6453379953379953,True,0.8067599067599067,0.746666036761271,0.8150439484889684,8580,0.6453379953379953,0.2150363685423897,0.8953063105896928,0.9344031159967285,0.8067599067599067,0.790387782602186,0.9534043705977966,0.8642763588736084,0.4073954453574534,0.12996578789264018,0.07682037854290664,sv_complexity_medium,0.125,8580,109681,29831
fold_c,314159,1hop,C+S,complexity,high,10604,6499,0.6200081856984155,True,0.6874817283517511,0.6144855280233752,0.6305291848742498,17103,0.6200081856984155,0.2584194071711078,0.7795438845044147,0.8596041146288809,0.6874817283517511,0.684876608310483,0.9186156167483969,0.7847101945462601,0.5646718035089494,0.19313587658268827,0.10038037728590922,sv_complexity_high,0.125,17103,109681,29831
fold_c,314159,1hop,C+S,complexity,low,5767,2943,0.6621125143513203,True,0.773593570608496,0.6899260623837185,0.699930140672155,8710,0.6621125143513203,0.2584194071711078,0.8369185320464585,0.8986101497127614,0.773593570608496,0.765793528505393,0.9479798855557482,0.8472028513869518,0.49446198257277363,0.16162606719124537,0.10117289594908771,sv_complexity_low,0.125,8710,109681,29831
fold_c,314159,1hop,C+S,complexity,medium,5537,3043,0.6453379953379953,True,0.7423076923076923,0.6619445820549014,0.6761215213339234,8580,0.6453379953379953,0.2584194071711078,0.8221084449006775,0.885132609489409,0.7423076923076923,0.7353523917350694,0.9384143037746072,0.8245655796238991,0.5124781181691563,0.1698088158369536,0.0887286849077898,sv_complexity_medium,0.125,8580,109681,29831
fold_c,314159,1hop,C+S+T,complexity,high,10604,6499,0.6200081856984155,True,0.7342571478687949,0.6778204321716442,0.717084405414604,17103,0.6200081856984155,0.2633591178440224,0.8299814021238447,0.8924943899192839,0.7342571478687949,0.7277305870856198,0.9129573745756319,0.8098883172292634,0.5025040681201849,0.16867764252527817,0.07567858379307724,sv_complexity_high,0.125,17103,109681,29831
fold_c,314159,1hop,C+S+T,complexity,low,5767,2943,0.6621125143513203,True,0.8320321469575201,0.7774007807200458,0.8297694081783409,8710,0.6621125143513203,0.2633591178440224,0.9020188859706012,0.9424812133488929,0.8320321469575201,0.8257644565546473,0.9458990809779781,0.8817586680675664,0.39739318803175416,0.1251649046949499,0.08751884072757975,sv_complexity_low,0.125,8710,109681,29831
fold_c,314159,1hop,C+S+T,complexity,medium,5537,3043,0.6453379953379953,True,0.8096736596736597,0.755436450547985,0.8123511522695233,8580,0.6453379953379953,0.2633591178440224,0.8934994475369622,0.9334480834913939,0.8096736596736597,0.7990196078431373,0.9420263680693516,0.8646498135101534,0.40868222543002786,0.13031446752971826,0.0732030490692613,sv_complexity_medium,0.125,8580,109681,29831
fold_c,314159,1hop,T,complexity,high,10604,6499,0.6200081856984155,True,0.7304566450330351,0.664986761448777,0.7152065521925933,17103,0.6200081856984155,0.2386382303902151,0.8300942071057678,0.89178082106646,0.7304566450330351,0.7157046206995825,0.9377593360995851,0.8118213731733203,0.501099872423795,0.16797684784712663,0.07491563916753369,sv_complexity_high,0.125,17103,109681,29831
fold_c,314159,1hop,T,complexity,low,5767,2943,0.6621125143513203,True,0.8312284730195177,0.7725509611819413,0.8287733220773181,8710,0.6621125143513203,0.2386382303902151,0.9025208220391827,0.9421446483207288,0.8312284730195177,0.8206237874944038,0.9535286977631351,0.8820981713185756,0.39869686686680733,0.12589767770481847,0.09392566444493591,sv_complexity_low,0.125,8710,109681,29831
fold_c,314159,1hop,T,complexity,medium,5537,3043,0.6453379953379953,True,0.808974358974359,0.7521562735936318,0.8148082884042163,8580,0.6453379953379953,0.2386382303902151,0.8943855487515616,0.9343195363186515,0.808974358974359,0.7954821103699211,0.9476250677262055,0.8649138712601995,0.41073915346250006,0.1306454216287745,0.07863904596936469,sv_complexity_medium,0.125,8580,109681,29831
fold_c,314159,1hop,S,complexity,high,10604,6499,0.6200081856984155,True,0.6874232590773548,0.6158679549632131,0.6276089209462351,17103,0.6200081856984155,0.2588975124429122,0.7781576050147054,0.8584944382406351,0.6874232590773548,0.6861107178252867,0.9139947189739721,0.7838253133845532,0.5667948827393745,0.1939325471935444,0.10084409664961246,sv_complexity_high,0.125,17103,109681,29831
fold_c,314159,1hop,S,complexity,low,5767,2943,0.6621125143513203,True,0.7722158438576349,0.6886360766711321,0.6921330093678117,8710,0.6621125143513203,0.2588975124429122,0.8339971215418834,0.8959755966210643,0.7722158438576349,0.7651759428010655,0.9464192821224207,0.8462015503875969,0.49720926022886014,0.16249431464029035,0.10072929706406702,sv_complexity_low,0.125,8710,109681,29831
fold_c,314159,1hop,S,complexity,medium,5537,3043,0.6453379953379953,True,0.7425407925407925,0.662421224978843,0.6659152435564956,8580,0.6453379953379953,0.2588975124429122,0.8179451045756712,0.8815128305527291,0.7425407925407925,0.7356940509915014,0.9380530973451328,0.8246407874890846,0.5167505756595007,0.17134018097648798,0.08968719693495239,sv_complexity_medium,0.125,8580,109681,29831
fold_c,314159,1hop,K,complexity,high,10604,6499,0.6200081856984155,True,0.633163772437584,0.5266324015608935,0.44939067029925267,17103,0.6200081856984155,0.2740800866186559,0.6954265778288496,0.7907729618356337,0.633163772437584,0.633214373615555,0.9704828366654092,0.7663836759011021,0.6404090900104898,0.22393342736677968,0.1154363868546324,sv_complexity_high,0.125,17103,109681,29831
fold_c,314159,1hop,K,complexity,low,5767,2943,0.6621125143513203,True,0.6818599311136625,0.5413682757196867,0.4587729204133837,8710,0.6621125143513203,0.2740800866186559,0.7040558661502246,0.8171261429135004,0.6818599311136625,0.6816638370118846,0.9746835443037974,0.8022550488831799,0.6196314035018383,0.21460094472664643,0.12665080796087416,sv_complexity_low,0.125,8710,109681,29831
fold_c,314159,1hop,K,complexity,medium,5537,3043,0.6453379953379953,True,0.6641025641025641,0.5348912887941552,0.4588771901311169,8580,0.6453379953379953,0.2740800866186559,0.7078037919078245,0.8080842994835651,0.6641025641025641,0.662068123550238,0.9794112335199566,0.7900641025641025,0.6155319162642447,0.21319148148811415,0.10766318488105955,sv_complexity_medium,0.125,8580,109681,29831
fold_c,314159,strict,C,complexity,high,10604,6499,0.6200081856984155,True,0.6877156054493364,0.6284636164609719,0.6128118129037087,17103,0.6200081856984155,0.3313372836173381,0.7697626231444712,0.8528716583091389,0.6877156054493364,0.6978422674986843,0.8753300641267446,0.7765739385065886,0.578521880555638,0.19875973851361078,0.10735319322913649,sv_complexity_high,0.125,17103,109681,29831
fold_c,314159,strict,C,complexity,low,5767,2943,0.6621125143513203,True,0.7489092996555683,0.6689560760866498,0.6381261931082,8710,0.6621125143513203,0.3313372836173381,0.8013788777124301,0.8777273692672138,0.7489092996555683,0.7564469914040115,0.9155540142188313,0.8284302188750294,0.5391843054308366,0.18017993446160033,0.10595923933629964,sv_complexity_low,0.125,8710,109681,29831
fold_c,314159,strict,C,complexity,medium,5537,3043,0.6453379953379953,True,0.7277389277389278,0.6569477249544204,0.6238650009479926,8580,0.6453379953379953,0.3313372836173381,0.7925063435172852,0.8665992072126738,0.7277389277389278,0.7363757199822774,0.9004876286797905,0.810204744881378,0.5506769578608476,0.1854823813484881,0.09875452850755005,sv_complexity_medium,0.125,8580,109681,29831
fold_c,314159,strict,C+T,complexity,high,10604,6499,0.6200081856984155,True,0.7268900192948605,0.6645824686257336,0.6974143708051558,17103,0.6200081856984155,0.2819849088604846,0.8195084593288849,0.8850199377806647,0.7268900192948605,0.7170556815687422,0.9241795548849491,0.807548102673973,0.5131940213717986,0.17263773407043093,0.07956304219453582,sv_complexity_high,0.125,17103,109681,29831
fold_c,314159,strict,C+T,complexity,low,5767,2943,0.6621125143513203,True,0.8107921928817451,0.7459702676381565,0.7901793719275877,8710,0.6621125143513203,0.2819849088604846,0.8812222705952134,0.9291042355433858,0.8107921928817451,0.8032690325430717,0.9458990809779781,0.8687689122471731,0.4335991701110103,0.1384661650164895,0.09231935803702507,sv_complexity_low,0.125,8710,109681,29831
fold_c,314159,strict,C+T,complexity,medium,5537,3043,0.6453379953379953,True,0.7903263403263403,0.7316392023759619,0.780452057246418,8580,0.6453379953379953,0.2819849088604846,0.872824504301152,0.9221346865035955,0.7903263403263403,0.7831818181818182,0.9335380169767021,0.8517755623300651,0.4457185688481785,0.1445837394297197,0.08342797015458679,sv_complexity_medium,0.125,8580,109681,29831
fold_c,314159,strict,C+S,complexity,high,10604,6499,0.6200081856984155,True,0.6874817283517511,0.6144855280233752,0.6305291848742498,17103,0.6200081856984155,0.2584194071711078,0.7795438845044147,0.8596041146288809,0.6874817283517511,0.684876608310483,0.9186156167483969,0.7847101945462601,0.5646718035089494,0.19313587658268827,0.10038037728590922,sv_complexity_high,0.125,17103,109681,29831
fold_c,314159,strict,C+S,complexity,low,5767,2943,0.6621125143513203,True,0.773593570608496,0.6899260623837185,0.699930140672155,8710,0.6621125143513203,0.2584194071711078,0.8369185320464585,0.8986101497127614,0.773593570608496,0.765793528505393,0.9479798855557482,0.8472028513869518,0.49446198257277363,0.16162606719124537,0.10117289594908771,sv_complexity_low,0.125,8710,109681,29831
fold_c,314159,strict,C+S,complexity,medium,5537,3043,0.6453379953379953,True,0.7423076923076923,0.6619445820549014,0.6761215213339234,8580,0.6453379953379953,0.2584194071711078,0.8221084449006775,0.885132609489409,0.7423076923076923,0.7353523917350694,0.9384143037746072,0.8245655796238991,0.5124781181691563,0.1698088158369536,0.0887286849077898,sv_complexity_medium,0.125,8580,109681,29831
fold_c,314159,strict,C+S+T,complexity,high,10604,6499,0.6200081856984155,True,0.7209261533064375,0.6547992193210354,0.6959299681615225,17103,0.6200081856984155,0.2578286135111435,0.8186509876544859,0.8844558769269564,0.7209261533064375,0.7097632923231887,0.9303093172387779,0.8052075256091091,0.5150976169248505,0.17333854494615025,0.07914856375338972,sv_complexity_high,0.125,17103,109681,29831
fold_c,314159,strict,C+S+T,complexity,low,5767,2943,0.6621125143513203,True,0.8068886337543054,0.7359509308147797,0.798253214704643,8710,0.6621125143513203,0.2578286135111435,0.8829002713306479,0.9318322859788478,0.8068886337543054,0.7948606900534142,0.954742500433501,0.8674964550181188,0.43028218377990085,0.13743079447162745,0.09163626015625775,sv_complexity_low,0.125,8710,109681,29831
fold_c,314159,strict,C+S+T,complexity,medium,5537,3043,0.6453379953379953,True,0.7828671328671328,0.7172007380101395,0.780241612558045,8580,0.6453379953379953,0.2578286135111435,0.8744993721026256,0.9220600497685467,0.7828671328671328,0.7713441654357459,0.943109987357775,0.8486227350288453,0.4417233550465183,0.14273489045941298,0.08081335852297264,sv_complexity_medium,0.125,8580,109681,29831
fold_c,314159,strict,T,complexity,high,10604,6499,0.6200081856984155,True,0.7292872595451091,0.672025536935172,0.6945944784326402,17103,0.6200081856984155,0.3019891586916163,0.8186014921832561,0.8839484017618973,0.7292872595451091,0.7239466186834608,0.9105997736703131,0.8066159886392115,0.5163161646394904,0.17345563307834733,0.0817802387601371,sv_complexity_high,0.125,17103,109681,29831
fold_c,314159,strict,T,complexity,low,5767,2943,0.6621125143513203,True,0.8111366245694603,0.7499741195658969,0.7868647506852314,8710,0.6621125143513203,0.3019891586916163,0.8790748279503502,0.9279842665059284,0.8111366245694603,0.807428400954654,0.9386162649557829,0.8680939780290273,0.43824200139546615,0.13951161370516424,0.09354427698424315,sv_complexity_low,0.125,8710,109681,29831
fold_c,314159,strict,T,complexity,medium,5537,3043,0.6453379953379953,True,0.7920745920745921,0.7375083320518596,0.7755567984999236,8580,0.6453379953379953,0.3019891586916163,0.8710977049147637,0.9203985242232247,0.7920745920745921,0.7890035422762975,0.9252302690987899,0.8517040731504572,0.44980186001210587,0.1455612825868315,0.08563749594038653,sv_complexity_medium,0.125,8580,109681,29831
fold_c,314159,strict,S,complexity,high,10604,6499,0.6200081856984155,True,0.6874232590773548,0.6158679549632131,0.6276089209462351,17103,0.6200081856984155,0.2588975124429122,0.7781576050147054,0.8584944382406351,0.6874232590773548,0.6861107178252867,0.9139947189739721,0.7838253133845532,0.5667948827393745,0.1939325471935444,0.10084409664961246,sv_complexity_high,0.125,17103,109681,29831
fold_c,314159,strict,S,complexity,low,5767,2943,0.6621125143513203,True,0.7722158438576349,0.6886360766711321,0.6921330093678117,8710,0.6621125143513203,0.2588975124429122,0.8339971215418834,0.8959755966210643,0.7722158438576349,0.7651759428010655,0.9464192821224207,0.8462015503875969,0.49720926022886014,0.16249431464029035,0.10072929706406702,sv_complexity_low,0.125,8710,109681,29831
fold_c,314159,strict,S,complexity,medium,5537,3043,0.6453379953379953,True,0.7425407925407925,0.662421224978843,0.6659152435564956,8580,0.6453379953379953,0.2588975124429122,0.8179451045756712,0.8815128305527291,0.7425407925407925,0.7356940509915014,0.9380530973451328,0.8246407874890846,0.5167505756595007,0.17134018097648798,0.08968719693495239,sv_complexity_medium,0.125,8580,109681,29831
fold_c,314159,strict,K,complexity,high,10604,6499,0.6200081856984155,True,0.633163772437584,0.5266324015608935,0.44939067029925267,17103,0.6200081856984155,0.2740800866186559,0.6954265778288496,0.7907729618356337,0.633163772437584,0.633214373615555,0.9704828366654092,0.7663836759011021,0.6404090900104898,0.22393342736677968,0.1154363868546324,sv_complexity_high,0.125,17103,109681,29831
fold_c,314159,strict,K,complexity,low,5767,2943,0.6621125143513203,True,0.6818599311136625,0.5413682757196867,0.4587729204133837,8710,0.6621125143513203,0.2740800866186559,0.7040558661502246,0.8171261429135004,0.6818599311136625,0.6816638370118846,0.9746835443037974,0.8022550488831799,0.6196314035018383,0.21460094472664643,0.12665080796087416,sv_complexity_low,0.125,8710,109681,29831
fold_c,314159,strict,K,complexity,medium,5537,3043,0.6453379953379953,True,0.6641025641025641,0.5348912887941552,0.4588771901311169,8580,0.6453379953379953,0.2740800866186559,0.7078037919078245,0.8080842994835651,0.6641025641025641,0.662068123550238,0.9794112335199566,0.7900641025641025,0.6155319162642447,0.21319148148811415,0.10766318488105955,sv_complexity_medium,0.125,8580,109681,29831
fold_c,42,1hop,C,complexity,high,10604,6499,0.6200081856984155,True,0.6877156054493364,0.6284636164609719,0.6128118129037087,17103,0.6200081856984155,0.3313372836173381,0.7697626231444712,0.8528716583091389,0.6877156054493364,0.6978422674986843,0.8753300641267446,0.7765739385065886,0.578521880555638,0.19875973851361078,0.10735319322913649,sv_complexity_high,0.125,17103,109681,29831
fold_c,42,1hop,C,complexity,low,5767,2943,0.6621125143513203,True,0.7489092996555683,0.6689560760866498,0.6381261931082,8710,0.6621125143513203,0.3313372836173381,0.8013788777124301,0.8777273692672138,0.7489092996555683,0.7564469914040115,0.9155540142188313,0.8284302188750294,0.5391843054308366,0.18017993446160033,0.10595923933629964,sv_complexity_low,0.125,8710,109681,29831
fold_c,42,1hop,C,complexity,medium,5537,3043,0.6453379953379953,True,0.7277389277389278,0.6569477249544204,0.6238650009479926,8580,0.6453379953379953,0.3313372836173381,0.7925063435172852,0.8665992072126738,0.7277389277389278,0.7363757199822774,0.9004876286797905,0.810204744881378,0.5506769578608476,0.1854823813484881,0.09875452850755005,sv_complexity_medium,0.125,8580,109681,29831
fold_c,42,1hop,C+T,complexity,high,10604,6499,0.6200081856984155,True,0.7370636730398176,0.6782669724483626,0.7210111237943603,17103,0.6200081856984155,0.2618816720004184,0.8330752390946139,0.8939865107606588,0.7370636730398176,0.726638462109404,0.9232365145228216,0.8132242389001952,0.4959630474708411,0.16646128440639885,0.07351826399543816,sv_complexity_high,0.125,17103,109681,29831
fold_c,42,1hop,C+T,complexity,low,5767,2943,0.6621125143513203,True,0.8346727898966705,0.7788125237851058,0.8300348050747847,8710,0.6621125143513203,0.2618816720004184,0.9038415932425348,0.9425708876389313,0.8346727898966705,0.8256811681469216,0.9511010924224034,0.8839645447219984,0.38626398570818116,0.12216026490590617,0.07950216647613705,sv_complexity_low,0.125,8710,109681,29831
fold_c,42,1hop,C+T,complexity,medium,5537,3043,0.6453379953379953,True,0.8164335664335665,0.7658546386864431,0.8260359247490898,8580,0.6453379953379953,0.2618816720004184,0.8991245284389527,0.9383015523323404,0.8164335664335665,0.8073223704623022,0.9398591294925049,0.868563798714846,0.40137495228262926,0.12821427474582714,0.07779678375393974,sv_complexity_medium,0.125,8580,109681,29831
fold_c,42,1hop,C+S,complexity,high,10604,6499,0.6200081856984155,True,0.6874817283517511,0.6144855280233752,0.6305291848742498,17103,0.6200081856984155,0.2584194071711078,0.7795438845044147,0.8596041146288809,0.6874817283517511,0.684876608310483,0.9186156167483969,0.7847101945462601,0.5646718035089494,0.19313587658268827,0.10038037728590922,sv_complexity_high,0.125,17103,109681,29831
fold_c,42,1hop,C+S,complexity,low,5767,2943,0.6621125143513203,True,0.773593570608496,0.6899260623837185,0.699930140672155,8710,0.6621125143513203,0.2584194071711078,0.8369185320464585,0.8986101497127614,0.773593570608496,0.765793528505393,0.9479798855557482,0.8472028513869518,0.49446198257277363,0.16162606719124537,0.10117289594908771,sv_complexity_low,0.125,8710,109681,29831
fold_c,42,1hop,C+S,complexity,medium,5537,3043,0.6453379953379953,True,0.7423076923076923,0.6619445820549014,0.6761215213339234,8580,0.6453379953379953,0.2584194071711078,0.8221084449006775,0.885132609489409,0.7423076923076923,0.7353523917350694,0.9384143037746072,0.8245655796238991,0.5124781181691563,0.1698088158369536,0.0887286849077898,sv_complexity_medium,0.125,8580,109681,29831
fold_c,42,1hop,C+S+T,complexity,high,10604,6499,0.6200081856984155,True,0.7384084663509326,0.6891798242006764,0.7178467517498381,17103,0.6200081856984155,0.2912941874388468,0.8305062340496454,0.8927840752863356,0.7384084663509326,0.7387815518853226,0.8942851754055073,0.8091296928327645,0.5014653421195153,0.16840202315153593,0.0759657449431637,sv_complexity_high,0.125,17103,109681,29831
fold_c,42,1hop,C+S+T,complexity,low,5767,2943,0.6621125143513203,True,0.8320321469575201,0.781227726550132,0.8343139187487278,8710,0.6621125143513203,0.2912941874388468,0.9037998781660521,0.9440167465990248,0.8320321469575201,0.8303653669020571,0.9379226634298595,0.8808728930868822,0.39001070972548607,0.12325227056949303,0.08052629626172503,sv_complexity_low,0.125,8710,109681,29831
fold_c,42,1hop,C+S+T,complexity,medium,5537,3043,0.6453379953379953,True,0.8198135198135198,0.772173881665189,0.8242980263458588,8580,0.6453379953379953,0.2912941874388468,0.8974483252538668,0.9376851858007516,0.8198135198135198,0.8130196078431372,0.9360664619830233,0.8702149093351242,0.40292997185415175,0.12867149996742977,0.07555577299042412,sv_complexity_medium,0.125,8580,109681,29831
fold_c,42,1hop,T,complexity,high,10604,6499,0.6200081856984155,True,0.7336139858504356,0.6721493191448831,0.7132715329375371,17103,0.6200081856984155,0.2608527668404289,0.8290281100612118,0.8910455295890226,0.7336139858504356,0.7217333919929608,0.9282346284420974,0.8120617110799438,0.5002948052982217,0.16779579084877957,0.07112061348964546,sv_complexity_high,0.125,17103,109681,29831
fold_c,42,1hop,T,complexity,low,5767,2943,0.6621125143513203,True,0.8332950631458094,0.7773561491233854,0.8319788451486397,8710,0.6621125143513203,0.2608527668404289,0.9026424615524572,0.9432277544514864,0.8332950631458094,0.8248757717211264,0.9498872897520374,0.8829787234042553,0.39306635247855437,0.12409330057886714,0.08465659254809603,sv_complexity_low,0.125,8710,109681,29831
fold_c,42,1hop,T,complexity,medium,5537,3043,0.6453379953379953,True,0.8137529137529137,0.7626675528074482,0.8241153278306568,8580,0.6453379953379953,0.2608527668404289,0.897483965158714,0.9376203895791012,0.8137529137529137,0.805206880520688,0.9384143037746072,0.866722268557131,0.40682629841771073,0.12966528968132704,0.08123665572294789,sv_complexity_medium,0.125,8580,109681,29831
fold_c,42,1hop,S,complexity,high,10604,6499,0.6200081856984155,True,0.6874232590773548,0.6158679549632131,0.6276089209462351,17103,0.6200081856984155,0.2588975124429122,0.7781576050147054,0.8584944382406351,0.6874232590773548,0.6861107178252867,0.9139947189739721,0.7838253133845532,0.5667948827393745,0.1939325471935444,0.10084409664961246,sv_complexity_high,0.125,17103,109681,29831
fold_c,42,1hop,S,complexity,low,5767,2943,0.6621125143513203,True,0.7722158438576349,0.6886360766711321,0.6921330093678117,8710,0.6621125143513203,0.2588975124429122,0.8339971215418834,0.8959755966210643,0.7722158438576349,0.7651759428010655,0.9464192821224207,0.8462015503875969,0.49720926022886014,0.16249431464029035,0.10072929706406702,sv_complexity_low,0.125,8710,109681,29831
fold_c,42,1hop,S,complexity,medium,5537,3043,0.6453379953379953,True,0.7425407925407925,0.662421224978843,0.6659152435564956,8580,0.6453379953379953,0.2588975124429122,0.8179451045756712,0.8815128305527291,0.7425407925407925,0.7356940509915014,0.9380530973451328,0.8246407874890846,0.5167505756595007,0.17134018097648798,0.08968719693495239,sv_complexity_medium,0.125,8580,109681,29831
fold_c,42,1hop,K,complexity,high,10604,6499,0.6200081856984155,True,0.633163772437584,0.5266324015608935,0.44939067029925267,17103,0.6200081856984155,0.2740800866186559,0.6954265778288496,0.7907729618356337,0.633163772437584,0.633214373615555,0.9704828366654092,0.7663836759011021,0.6404090900104898,0.22393342736677968,0.1154363868546324,sv_complexity_high,0.125,17103,109681,29831
fold_c,42,1hop,K,complexity,low,5767,2943,0.6621125143513203,True,0.6818599311136625,0.5413682757196867,0.4587729204133837,8710,0.6621125143513203,0.2740800866186559,0.7040558661502246,0.8171261429135004,0.6818599311136625,0.6816638370118846,0.9746835443037974,0.8022550488831799,0.6196314035018383,0.21460094472664643,0.12665080796087416,sv_complexity_low,0.125,8710,109681,29831
fold_c,42,1hop,K,complexity,medium,5537,3043,0.6453379953379953,True,0.6641025641025641,0.5348912887941552,0.4588771901311169,8580,0.6453379953379953,0.2740800866186559,0.7078037919078245,0.8080842994835651,0.6641025641025641,0.662068123550238,0.9794112335199566,0.7900641025641025,0.6155319162642447,0.21319148148811415,0.10766318488105955,sv_complexity_medium,0.125,8580,109681,29831
fold_c,42,strict,C,complexity,high,10604,6499,0.6200081856984155,True,0.6877156054493364,0.6284636164609719,0.6128118129037087,17103,0.6200081856984155,0.3313372836173381,0.7697626231444712,0.8528716583091389,0.6877156054493364,0.6978422674986843,0.8753300641267446,0.7765739385065886,0.578521880555638,0.19875973851361078,0.10735319322913649,sv_complexity_high,0.125,17103,109681,29831
fold_c,42,strict,C,complexity,low,5767,2943,0.6621125143513203,True,0.7489092996555683,0.6689560760866498,0.6381261931082,8710,0.6621125143513203,0.3313372836173381,0.8013788777124301,0.8777273692672138,0.7489092996555683,0.7564469914040115,0.9155540142188313,0.8284302188750294,0.5391843054308366,0.18017993446160033,0.10595923933629964,sv_complexity_low,0.125,8710,109681,29831
fold_c,42,strict,C,complexity,medium,5537,3043,0.6453379953379953,True,0.7277389277389278,0.6569477249544204,0.6238650009479926,8580,0.6453379953379953,0.3313372836173381,0.7925063435172852,0.8665992072126738,0.7277389277389278,0.7363757199822774,0.9004876286797905,0.810204744881378,0.5506769578608476,0.1854823813484881,0.09875452850755005,sv_complexity_medium,0.125,8580,109681,29831
fold_c,42,strict,C+T,complexity,high,10604,6499,0.6200081856984155,True,0.7220955387943636,0.6559209570529059,0.696620292595413,17103,0.6200081856984155,0.2701772585764782,0.8186594545578756,0.8847181945610472,0.7220955387943636,0.7103616883583806,0.9316295737457563,0.8060870629513279,0.5125932001304151,0.17200062134864536,0.07037048475613149,sv_complexity_high,0.125,17103,109681,29831
fold_c,42,strict,C+T,complexity,low,5767,2943,0.6621125143513203,True,0.8109070034443169,0.7434779391173172,0.7916106756638921,8710,0.6621125143513203,0.2701772585764782,0.8814236577864814,0.9295878551640453,0.8109070034443169,0.8005544207761891,0.951447893185365,0.8695032089374851,0.43065527843565166,0.13782057782222082,0.0903033794073814,sv_complexity_low,0.125,8710,109681,29831
fold_c,42,strict,C+T,complexity,medium,5537,3043,0.6453379953379953,True,0.7881118881118881,0.7273331243804191,0.77991147229906,8580,0.6453379953379953,0.2701772585764782,0.8726219711199851,0.9219429615624755,0.7881118881118881,0.779582017741693,0.9364276684124977,0.8508368887430259,0.4456696738618905,0.1449245327442249,0.08463475487371533,sv_complexity_medium,0.125,8580,109681,29831
fold_c,42,strict,C+S,complexity,high,10604,6499,0.6200081856984155,True,0.6874817283517511,0.6144855280233752,0.6305291848742498,17103,0.6200081856984155,0.2584194071711078,0.7795438845044147,0.8596041146288809,0.6874817283517511,0.684876608310483,0.9186156167483969,0.7847101945462601,0.5646718035089494,0.19313587658268827,0.10038037728590922,sv_complexity_high,0.125,17103,109681,29831
fold_c,42,strict,C+S,complexity,low,5767,2943,0.6621125143513203,True,0.773593570608496,0.6899260623837185,0.699930140672155,8710,0.6621125143513203,0.2584194071711078,0.8369185320464585,0.8986101497127614,0.773593570608496,0.765793528505393,0.9479798855557482,0.8472028513869518,0.49446198257277363,0.16162606719124537,0.10117289594908771,sv_complexity_low,0.125,8710,109681,29831
fold_c,42,strict,C+S,complexity,medium,5537,3043,0.6453379953379953,True,0.7423076923076923,0.6619445820549014,0.6761215213339234,8580,0.6453379953379953,0.2584194071711078,0.8221084449006775,0.885132609489409,0.7423076923076923,0.7353523917350694,0.9384143037746072,0.8245655796238991,0.5124781181691563,0.1698088158369536,0.0887286849077898,sv_complexity_medium,0.125,8580,109681,29831
fold_c,42,strict,C+S+T,complexity,high,10604,6499,0.6200081856984155,True,0.7235572706542712,0.6621032838583704,0.6918465711988662,17103,0.6200081856984155,0.2753377817629287,0.8166519713533968,0.882904219506603,0.7235572706542712,0.716092968520153,0.9181440965673331,0.8046280991735537,0.5151158528683101,0.17324713497700936,0.07100666157683545,sv_complexity_high,0.125,17103,109681,29831
fold_c,42,strict,C+S+T,complexity,low,5767,2943,0.6621125143513203,True,0.8123995407577497,0.7474336537322237,0.7990532362310331,8710,0.6621125143513203,0.2753377817629287,0.8834383251137546,0.9321026032408646,0.8123995407577497,0.8039417561406089,0.9478064851742674,0.8699665764762057,0.426908640899243,0.13642161518001447,0.0890603188821469,sv_complexity_low,0.125,8710,109681,29831
fold_c,42,strict,C+S+T,complexity,medium,5537,3043,0.6453379953379953,True,0.7912587412587413,0.7323616152349108,0.7793437950755239,8580,0.6453379953379953,0.2753377817629287,0.8736919694955649,0.9217416280203752,0.7912587412587413,0.7834443099273608,0.9349828426946,0.8525319061342116,0.4427743514219518,0.1435233361911448,0.08210651700575503,sv_complexity_medium,0.125,8580,109681,29831
fold_c,42,strict,T,complexity,high,10604,6499,0.6200081856984155,True,0.7002864994445419,0.6167704383502346,0.6914250977942256,17103,0.6200081856984155,0.1937238250401095,0.8170572654040905,0.8827440630628938,0.7002864994445419,0.6828193832599119,0.9647302904564315,0.7996560619088564,0.5164796700865439,0.17308083230013085,0.07308628603913124,sv_complexity_high,0.125,17103,109681,29831
fold_c,42,strict,T,complexity,low,5767,2943,0.6621125143513203,True,0.7904707233065442,0.7041684909647679,0.7897912175322198,8710,0.6621125143513203,0.1937238250401095,0.879879993738025,0.9289730830306915,0.7904707233065442,0.7718620689655172,0.9703485347667765,0.8597987247445648,0.4341058760063758,0.1384245565610517,0.0904384238467191,sv_complexity_low,0.125,8710,109681,29831
fold_c,42,strict,T,complexity,medium,5537,3043,0.6453379953379953,True,0.7687645687645688,0.6893999800938816,0.776428818932893,8580,0.6453379953379953,0.1937238250401095,0.8705650945798796,0.9207077967380878,0.7687645687645688,0.7500351864883884,0.9624345313346577,0.8430628065179561,0.4497395349974452,0.14603877332535156,0.08594519317857839,sv_complexity_medium,0.125,8580,109681,29831
fold_c,42,strict,S,complexity,high,10604,6499,0.6200081856984155,True,0.6874232590773548,0.6158679549632131,0.6276089209462351,17103,0.6200081856984155,0.2588975124429122,0.7781576050147054,0.8584944382406351,0.6874232590773548,0.6861107178252867,0.9139947189739721,0.7838253133845532,0.5667948827393745,0.1939325471935444,0.10084409664961246,sv_complexity_high,0.125,17103,109681,29831
fold_c,42,strict,S,complexity,low,5767,2943,0.6621125143513203,True,0.7722158438576349,0.6886360766711321,0.6921330093678117,8710,0.6621125143513203,0.2588975124429122,0.8339971215418834,0.8959755966210643,0.7722158438576349,0.7651759428010655,0.9464192821224207,0.8462015503875969,0.49720926022886014,0.16249431464029035,0.10072929706406702,sv_complexity_low,0.125,8710,109681,29831
fold_c,42,strict,S,complexity,medium,5537,3043,0.6453379953379953,True,0.7425407925407925,0.662421224978843,0.6659152435564956,8580,0.6453379953379953,0.2588975124429122,0.8179451045756712,0.8815128305527291,0.7425407925407925,0.7356940509915014,0.9380530973451328,0.8246407874890846,0.5167505756595007,0.17134018097648798,0.08968719693495239,sv_complexity_medium,0.125,8580,109681,29831
fold_c,42,strict,K,complexity,high,10604,6499,0.6200081856984155,True,0.633163772437584,0.5266324015608935,0.44939067029925267,17103,0.6200081856984155,0.2740800866186559,0.6954265778288496,0.7907729618356337,0.633163772437584,0.633214373615555,0.9704828366654092,0.7663836759011021,0.6404090900104898,0.22393342736677968,0.1154363868546324,sv_complexity_high,0.125,17103,109681,29831
fold_c,42,strict,K,complexity,low,5767,2943,0.6621125143513203,True,0.6818599311136625,0.5413682757196867,0.4587729204133837,8710,0.6621125143513203,0.2740800866186559,0.7040558661502246,0.8171261429135004,0.6818599311136625,0.6816638370118846,0.9746835443037974,0.8022550488831799,0.6196314035018383,0.21460094472664643,0.12665080796087416,sv_complexity_low,0.125,8710,109681,29831
fold_c,42,strict,K,complexity,medium,5537,3043,0.6453379953379953,True,0.6641025641025641,0.5348912887941552,0.4588771901311169,8580,0.6453379953379953,0.2740800866186559,0.7078037919078245,0.8080842994835651,0.6641025641025641,0.662068123550238,0.9794112335199566,0.7900641025641025,0.6155319162642447,0.21319148148811415,0.10766318488105955,sv_complexity_medium,0.125,8580,109681,29831
fold_d,20260806,1hop,C,complexity,high,11200,6879,0.619503291111234,True,0.6794070468499364,0.6057784886196084,0.5822171479237297,18079,0.619503291111234,0.2831886003716845,0.7608209444375221,0.841034999754817,0.6794070468499364,0.679344218770742,0.9138392857142857,0.7793345008756567,0.5862603732147142,0.20208193145530642,0.10491232223800576,sv_complexity_high,0.125,18079,116366,27708
fold_d,20260806,1hop,C,complexity,low,3850,2235,0.6327033689400164,True,0.7124075595727198,0.6283959441006421,0.19828183661641374,6085,0.6327033689400164,0.2831886003716845,0.6777115546645748,0.7055316195296113,0.7124075595727198,0.7028593508500772,0.944935064935065,0.806115665854199,0.7068934899528504,0.2174866709650853,0.14667779443506895,sv_complexity_low,0.125,6085,116366,27708
fold_d,20260806,1hop,C,complexity,medium,3596,2071,0.6345509087700724,True,0.7210164107993647,0.6488113301490094,0.669569834680228,5667,0.6345509087700724,0.2831886003716845,0.8116338825960924,0.8792445963689346,0.7210164107993647,0.7199301462562759,0.9171301446051168,0.8066528066528067,0.5333930245967532,0.1784489222773404,0.09450129377595466,sv_complexity_medium,0.125,5667,116366,27708
fold_d,20260806,1hop,C+T,complexity,high,11200,6879,0.619503291111234,True,0.7420211294872504,0.6805706420160738,0.7204053649307387,18079,0.619503291111234,0.2317757320037011,0.8367409481236892,0.8936151615331905,0.7420211294872504,0.7258777992811722,0.9376785714285715,0.8182951534985196,0.495118319837882,0.1662167433828699,0.08236043248533323,sv_complexity_high,0.125,18079,116366,27708
fold_d,20260806,1hop,C+T,complexity,low,3850,2235,0.6327033689400164,True,0.7861955628594905,0.72368197797728,0.7427255969507567,6085,0.6327033689400164,0.2317757320037011,0.8605800865800866,0.9055039785020446,0.7861955628594905,0.7634897663841224,0.9592207792207792,0.8502359848048808,0.44048619015139356,0.14491468633952193,0.08034721021466898,sv_complexity_low,0.125,6085,116366,27708
fold_d,20260806,1hop,C+T,complexity,medium,3596,2071,0.6345509087700724,True,0.8207164284453856,0.774877888893126,0.852737789705124,5667,0.6345509087700724,0.2317757320037011,0.9110398296513804,0.9461831590752271,0.8207164284453856,0.8058321479374111,0.9452169076751946,0.8699769644228308,0.3861541419649454,0.12248500817139833,0.07592451545147144,sv_complexity_medium,0.125,5667,116366,27708
fold_d,20260806,1hop,C+S,complexity,high,11200,6879,0.619503291111234,True,0.6802920515515238,0.598781189645505,0.617944967289182,18079,0.619503291111234,0.2289536589789537,0.7748186963948248,0.8546293174391439,0.6802920515515238,0.6733623336745138,0.9398214285714286,0.7845855694692904,0.5698988788361458,0.19525624675930292,0.09980205476019337,sv_complexity_high,0.125,18079,116366,27708
fold_d,20260806,1hop,C+S,complexity,low,3850,2235,0.6327033689400164,True,0.7301561216105177,0.6455187541764723,0.5290049201062491,6085,0.6327033689400164,0.2289536589789537,0.7668451146169268,0.8270050939091975,0.7301561216105177,0.7115753162131084,0.9644155844155844,0.8189236876929863,0.5415894495546459,0.1818224801908637,0.08478030560344871,sv_complexity_low,0.125,6085,116366,27708
fold_d,20260806,1hop,C+S,complexity,medium,3596,2071,0.6345509087700724,True,0.7462502205752602,0.6703327077835827,0.7148106528080302,5667,0.6345509087700724,0.2289536589789537,0.837837886830638,0.8957778122402383,0.7462502205752602,0.7299658994032395,0.9524471635150167,0.826496138996139,0.500337392782999,0.16555252176552182,0.09361770507037236,sv_complexity_medium,0.125,5667,116366,27708
fold_d,20260806,1hop,C+S+T,complexity,high,11200,6879,0.619503291111234,True,0.7426295702195918,0.6868383914294022,0.7202709482175166,18079,0.619503291111234,0.2564822378630726,0.8355984764708325,0.8935640164161899,0.7426295702195918,0.7327077557403853,0.9202678571428572,0.8158467566390945,0.4972612393739983,0.1665747522032757,0.0806330238770266,sv_complexity_high,0.125,18079,116366,27708
fold_d,20260806,1hop,C+S+T,complexity,low,3850,2235,0.6327033689400164,True,0.7868529170090386,0.7268290769633051,0.7697701157236967,6085,0.6327033689400164,0.2564822378630726,0.871207240187106,0.9154373391359839,0.7868529170090386,0.7667711598746082,0.9529870129870129,0.8497973364215402,0.4340047464196235,0.14158803632798672,0.06399313033434582,sv_complexity_low,0.125,6085,116366,27708
fold_d,20260806,1hop,C+S+T,complexity,medium,3596,2071,0.6345509087700724,True,0.822304570319393,0.7810438015521297,0.8536349914511616,5667,0.6345509087700724,0.2564822378630726,0.9111282507684648,0.9465110406379664,0.822304570319393,0.813362381989833,0.9343715239154616,0.8696777533324705,0.38701075125026446,0.122289264663893,0.07592268491701151,sv_complexity_medium,0.125,5667,116366,27708
fold_d,20260806,1hop,T,complexity,high,11200,6879,0.619503291111234,True,0.7447867691797113,0.6858032923701535,0.7178196123670315,18079,0.619503291111234,0.2428104094865701,0.8355495958195751,0.8926312911926992,0.7447867691797113,0.7302153243847874,0.9325892857142857,0.8190872020075283,0.4971899184151,0.16695159930406042,0.08350778323939141,sv_complexity_high,0.125,18079,116366,27708
fold_d,20260806,1hop,T,complexity,low,3850,2235,0.6327033689400164,True,0.7870172555464257,0.7250820767599291,0.6719549733858505,6085,0.6327033689400164,0.2428104094865701,0.8306112902757198,0.8795101668886403,0.7870172555464257,0.7646083713220058,0.9584415584415584,0.8506224066390041,0.47148924940990394,0.15500584532078523,0.0849124357501276,sv_complexity_low,0.125,6085,116366,27708
fold_d,20260806,1hop,T,complexity,medium,3596,2071,0.6345509087700724,True,0.8249514734427387,0.7811841205610183,0.8516995889730307,5667,0.6345509087700724,0.2428104094865701,0.9103748249704995,0.9458037495611693,0.8249514734427387,0.8111854684512428,0.9438264738598443,0.8724935732647815,0.3886261513920258,0.12301239271146044,0.07701114261811827,sv_complexity_medium,0.125,5667,116366,27708
fold_d,20260806,1hop,S,complexity,high,11200,6879,0.619503291111234,True,0.6769179711267216,0.5912066875376405,0.6134376568720885,18079,0.619503291111234,0.2165074367948356,0.7725399572716134,0.8529143006594998,0.6769179711267216,0.668342024250801,0.9498214285714286,0.7846000663790242,0.5725851983222601,0.19627306563282604,0.10011752436212012,sv_complexity_high,0.125,18079,116366,27708
fold_d,20260806,1hop,S,complexity,low,3850,2235,0.6327033689400164,True,0.724239934264585,0.6358697231180452,0.6426483107111944,6085,0.6327033689400164,0.2165074367948356,0.811337284639298,0.8687459284206277,0.724239934264585,0.7053706505295008,0.9688311688311688,0.8163711971985117,0.5314925307024032,0.1781528837522962,0.10210047055792837,sv_complexity_low,0.125,6085,116366,27708
fold_d,20260806,1hop,S,complexity,medium,3596,2071,0.6345509087700724,True,0.740956414328569,0.6600182535560462,0.7014340333117524,5667,0.6345509087700724,0.2165074367948356,0.8335790370651655,0.890889338801595,0.740956414328569,0.7225010455876203,0.960789766407119,0.8247791835760324,0.5043566492095064,0.16685105146322968,0.09279065227560665,sv_complexity_medium,0.125,5667,116366,27708
fold_d,20260806,1hop,K,complexity,high,11200,6879,0.619503291111234,True,0.6332208639858399,0.5297474845804,0.39983838382138603,18079,0.619503291111234,0.2856648361751618,0.6731034540942413,0.7716404802426746,0.6332208639858399,0.6344218887908208,0.9626785714285714,0.7648164568185849,0.6524106848915844,0.22913225180716087,0.11648772626132439,sv_complexity_high,0.125,18079,116366,27708
fold_d,20260806,1hop,K,complexity,low,3850,2235,0.6327033689400164,True,0.6619556285949055,0.5478915715157326,0.28711391999897823,6085,0.6327033689400164,0.2856648361751618,0.6397092884743891,0.7381593444860668,0.6619556285949055,0.6563208369659983,0.9776623376623377,0.7853938445487741,0.6340816631648138,0.2220096158912952,0.11601685076582634,sv_complexity_low,0.125,6085,116366,27708
fold_d,20260806,1hop,K,complexity,medium,3596,2071,0.6345509087700724,True,0.6622551614610905,0.5490644548989193,0.48244474974545953,5667,0.6345509087700724,0.2856648361751618,0.7146041607473081,0.8108599041332004,0.6622551614610905,0.6589191232048375,0.9696885428253615,0.7846534653465347,0.617201215872052,0.21451840758067803,0.1098722166369495,sv_complexity_medium,0.125,5667,116366,27708
fold_d,20260806,strict,C,complexity,high,11200,6879,0.619503291111234,True,0.6794070468499364,0.6057784886196084,0.5822171479237297,18079,0.619503291111234,0.2831886003716845,0.7608209444375221,0.841034999754817,0.6794070468499364,0.679344218770742,0.9138392857142857,0.7793345008756567,0.5862603732147142,0.20208193145530642,0.10491232223800576,sv_complexity_high,0.125,18079,116366,27708
fold_d,20260806,strict,C,complexity,low,3850,2235,0.6327033689400164,True,0.7124075595727198,0.6283959441006421,0.19828183661641374,6085,0.6327033689400164,0.2831886003716845,0.6777115546645748,0.7055316195296113,0.7124075595727198,0.7028593508500772,0.944935064935065,0.806115665854199,0.7068934899528504,0.2174866709650853,0.14667779443506895,sv_complexity_low,0.125,6085,116366,27708
fold_d,20260806,strict,C,complexity,medium,3596,2071,0.6345509087700724,True,0.7210164107993647,0.6488113301490094,0.669569834680228,5667,0.6345509087700724,0.2831886003716845,0.8116338825960924,0.8792445963689346,0.7210164107993647,0.7199301462562759,0.9171301446051168,0.8066528066528067,0.5333930245967532,0.1784489222773404,0.09450129377595466,sv_complexity_medium,0.125,5667,116366,27708
fold_d,20260806,strict,C+T,complexity,high,11200,6879,0.619503291111234,True,0.7313457602743515,0.669542947739497,0.6854774341956759,18079,0.619503291111234,0.2583154487156984,0.8168122962224575,0.8803251988402043,0.7313457602743515,0.7195265453035232,0.928125,0.8106211252778103,0.5206771059340507,0.1754125108322432,0.08513227386945761,sv_complexity_high,0.125,18079,116366,27708
fold_d,20260806,strict,C+T,complexity,low,3850,2235,0.6327033689400164,True,0.7457682826622843,0.7131302478282344,0.6971814997942709,6085,0.6327033689400164,0.2583154487156984,0.8068569685348209,0.8887757850517988,0.7457682826622843,0.7784764207980653,0.8361038961038961,0.8062617407639324,0.7078767429054058,0.19360113787915295,0.14729392604668173,sv_complexity_low,0.125,6085,116366,27708
fold_d,20260806,strict,C+T,complexity,medium,3596,2071,0.6345509087700724,True,0.7974236809599435,0.7449545581253703,0.8027632815013734,5667,0.6345509087700724,0.2583154487156984,0.8843486700443489,0.9279200204675039,0.7974236809599435,0.7838589981447124,0.9399332591768632,0.8548305513404147,0.4349896960694217,0.14071901319965754,0.0886150944087338,sv_complexity_medium,0.125,5667,116366,27708
fold_d,20260806,strict,C+S,complexity,high,11200,6879,0.619503291111234,True,0.6802920515515238,0.598781189645505,0.617944967289182,18079,0.619503291111234,0.2289536589789537,0.7748186963948248,0.8546293174391439,0.6802920515515238,0.6733623336745138,0.9398214285714286,0.7845855694692904,0.5698988788361458,0.19525624675930292,0.09980205476019337,sv_complexity_high,0.125,18079,116366,27708
fold_d,20260806,strict,C+S,complexity,low,3850,2235,0.6327033689400164,True,0.7301561216105177,0.6455187541764723,0.5290049201062491,6085,0.6327033689400164,0.2289536589789537,0.7668451146169268,0.8270050939091975,0.7301561216105177,0.7115753162131084,0.9644155844155844,0.8189236876929863,0.5415894495546459,0.1818224801908637,0.08478030560344871,sv_complexity_low,0.125,6085,116366,27708
fold_d,20260806,strict,C+S,complexity,medium,3596,2071,0.6345509087700724,True,0.7462502205752602,0.6703327077835827,0.7148106528080302,5667,0.6345509087700724,0.2289536589789537,0.837837886830638,0.8957778122402383,0.7462502205752602,0.7299658994032395,0.9524471635150167,0.826496138996139,0.500337392782999,0.16555252176552182,0.09361770507037236,sv_complexity_medium,0.125,5667,116366,27708
fold_d,20260806,strict,C+S+T,complexity,high,11200,6879,0.619503291111234,True,0.7260357320648266,0.6595927239735841,0.6848311826397303,18079,0.619503291111234,0.2377031779862303,0.8168495537661206,0.8800793022500528,0.7260357320648266,0.7116909522195866,0.9375892857142857,0.8091697168175689,0.5191326784020933,0.17492859435307856,0.0809723283984048,sv_complexity_high,0.125,18079,116366,27708
fold_d,20260806,strict,C+S+T,complexity,low,3850,2235,0.6327033689400164,True,0.7454396055875103,0.7110874807519103,0.7010237547772386,6085,0.6327033689400164,0.2377031779862303,0.806385252331561,0.8901870323627162,0.7454396055875103,0.7758331335411173,0.8405194805194806,0.8068819349208328,0.7500473882430038,0.193608144179938,0.1483312385711378,sv_complexity_low,0.125,6085,116366,27708
fold_d,20260806,strict,C+S+T,complexity,medium,3596,2071,0.6345509087700724,True,0.7949532380448209,0.7378886567993086,0.8045528684303671,5667,0.6345509087700724,0.2377031779862303,0.8867112661796546,0.9285740233843816,0.7949532380448209,0.7767166894042746,0.949944382647386,0.8546409807355516,0.4311226577021951,0.13861547187009413,0.08710425053503223,sv_complexity_medium,0.125,5667,116366,27708
fold_d,20260806,strict,T,complexity,high,11200,6879,0.619503291111234,True,0.7291885613142319,0.6641003156604988,0.6813187160708034,18079,0.619503291111234,0.247122895547607,0.8150403985732975,0.8787428202804943,0.7291885613142319,0.7148309705561614,0.9364285714285714,0.8107606679035251,0.522594292671051,0.17600220284892254,0.08456119968578384,sv_complexity_high,0.125,18079,116366,27708
fold_d,20260806,strict,T,complexity,low,3850,2235,0.6327033689400164,True,0.7482333607230895,0.712544524826404,0.7118183077304127,6085,0.6327033689400164,0.247122895547607,0.8245809000842559,0.8941518352962157,0.7482333607230895,0.7756898192197906,0.847012987012987,0.8097839582815992,0.5920046446957489,0.18659046088613804,0.13939875741471083,sv_complexity_low,0.125,6085,116366,27708
fold_d,20260806,strict,T,complexity,medium,3596,2071,0.6345509087700724,True,0.7961884595023823,0.7412168357029567,0.8015974188210265,5667,0.6345509087700724,0.247122895547607,0.8838075354933241,0.9274939570104722,0.7961884595023823,0.7799954117916953,0.9454949944382648,0.8548082966687618,0.4360990072081631,0.1409676150746536,0.08907312433774547,sv_complexity_medium,0.125,5667,116366,27708
fold_d,20260806,strict,S,complexity,high,11200,6879,0.619503291111234,True,0.6769179711267216,0.5912066875376405,0.6134376568720885,18079,0.619503291111234,0.2165074367948356,0.7725399572716134,0.8529143006594998,0.6769179711267216,0.668342024250801,0.9498214285714286,0.7846000663790242,0.5725851983222601,0.19627306563282604,0.10011752436212012,sv_complexity_high,0.125,18079,116366,27708
fold_d,20260806,strict,S,complexity,low,3850,2235,0.6327033689400164,True,0.724239934264585,0.6358697231180452,0.6426483107111944,6085,0.6327033689400164,0.2165074367948356,0.811337284639298,0.8687459284206277,0.724239934264585,0.7053706505295008,0.9688311688311688,0.8163711971985117,0.5314925307024032,0.1781528837522962,0.10210047055792837,sv_complexity_low,0.125,6085,116366,27708
fold_d,20260806,strict,S,complexity,medium,3596,2071,0.6345509087700724,True,0.740956414328569,0.6600182535560462,0.7014340333117524,5667,0.6345509087700724,0.2165074367948356,0.8335790370651655,0.890889338801595,0.740956414328569,0.7225010455876203,0.960789766407119,0.8247791835760324,0.5043566492095064,0.16685105146322968,0.09279065227560665,sv_complexity_medium,0.125,5667,116366,27708
fold_d,20260806,strict,K,complexity,high,11200,6879,0.619503291111234,True,0.6332208639858399,0.5297474845804,0.39983838382138603,18079,0.619503291111234,0.2856648361751618,0.6731034540942413,0.7716404802426746,0.6332208639858399,0.6344218887908208,0.9626785714285714,0.7648164568185849,0.6524106848915844,0.22913225180716087,0.11648772626132439,sv_complexity_high,0.125,18079,116366,27708
fold_d,20260806,strict,K,complexity,low,3850,2235,0.6327033689400164,True,0.6619556285949055,0.5478915715157326,0.28711391999897823,6085,0.6327033689400164,0.2856648361751618,0.6397092884743891,0.7381593444860668,0.6619556285949055,0.6563208369659983,0.9776623376623377,0.7853938445487741,0.6340816631648138,0.2220096158912952,0.11601685076582634,sv_complexity_low,0.125,6085,116366,27708
fold_d,20260806,strict,K,complexity,medium,3596,2071,0.6345509087700724,True,0.6622551614610905,0.5490644548989193,0.48244474974545953,5667,0.6345509087700724,0.2856648361751618,0.7146041607473081,0.8108599041332004,0.6622551614610905,0.6589191232048375,0.9696885428253615,0.7846534653465347,0.617201215872052,0.21451840758067803,0.1098722166369495,sv_complexity_medium,0.125,5667,116366,27708
fold_d,314159,1hop,C,complexity,high,11200,6879,0.619503291111234,True,0.6794070468499364,0.6057784886196084,0.5822171479237297,18079,0.619503291111234,0.2831886003716845,0.7608209444375221,0.841034999754817,0.6794070468499364,0.679344218770742,0.9138392857142857,0.7793345008756567,0.5862603732147142,0.20208193145530642,0.10491232223800576,sv_complexity_high,0.125,18079,116366,27708
fold_d,314159,1hop,C,complexity,low,3850,2235,0.6327033689400164,True,0.7124075595727198,0.6283959441006421,0.19828183661641374,6085,0.6327033689400164,0.2831886003716845,0.6777115546645748,0.7055316195296113,0.7124075595727198,0.7028593508500772,0.944935064935065,0.806115665854199,0.7068934899528504,0.2174866709650853,0.14667779443506895,sv_complexity_low,0.125,6085,116366,27708
fold_d,314159,1hop,C,complexity,medium,3596,2071,0.6345509087700724,True,0.7210164107993647,0.6488113301490094,0.669569834680228,5667,0.6345509087700724,0.2831886003716845,0.8116338825960924,0.8792445963689346,0.7210164107993647,0.7199301462562759,0.9171301446051168,0.8066528066528067,0.5333930245967532,0.1784489222773404,0.09450129377595466,sv_complexity_medium,0.125,5667,116366,27708
fold_d,314159,1hop,C+T,complexity,high,11200,6879,0.619503291111234,True,0.7417445655180043,0.6837405249932507,0.7146385809261473,18079,0.619503291111234,0.2509355270896496,0.8332908191078437,0.8914209191985711,0.7417445655180043,0.7296252021658112,0.9264285714285714,0.8163329530702962,0.500219041516311,0.16808910040129943,0.08391547877699655,sv_complexity_high,0.125,18079,116366,27708
fold_d,314159,1hop,C+T,complexity,low,3850,2235,0.6327033689400164,True,0.7853738701725554,0.7228449402946047,0.7704696804327164,6085,0.6327033689400164,0.2509355270896496,0.8728541212702287,0.9156942868968153,0.7853738701725554,0.7630272952853598,0.9584415584415584,0.8496431038452682,0.44710329321653813,0.1477939127214761,0.09486988427497475,sv_complexity_low,0.125,6085,116366,27708
fold_d,314159,1hop,C+T,complexity,medium,3596,2071,0.6345509087700724,True,0.8198341274042703,0.7755136884214393,0.85192557819532,5667,0.6345509087700724,0.2509355270896496,0.9105411936327129,0.9458863371170827,0.8198341274042703,0.8074994029137808,0.9402113459399333,0.8688166516767314,0.3872132923474282,0.12307557148481013,0.07763889839894277,sv_complexity_medium,0.125,5667,116366,27708
fold_d,314159,1hop,C+S,complexity,high,11200,6879,0.619503291111234,True,0.6802920515515238,0.598781189645505,0.617944967289182,18079,0.619503291111234,0.2289536589789537,0.7748186963948248,0.8546293174391439,0.6802920515515238,0.6733623336745138,0.9398214285714286,0.7845855694692904,0.5698988788361458,0.19525624675930292,0.09980205476019337,sv_complexity_high,0.125,18079,116366,27708
fold_d,314159,1hop,C+S,complexity,low,3850,2235,0.6327033689400164,True,0.7301561216105177,0.6455187541764723,0.5290049201062491,6085,0.6327033689400164,0.2289536589789537,0.7668451146169268,0.8270050939091975,0.7301561216105177,0.7115753162131084,0.9644155844155844,0.8189236876929863,0.5415894495546459,0.1818224801908637,0.08478030560344871,sv_complexity_low,0.125,6085,116366,27708
fold_d,314159,1hop,C+S,complexity,medium,3596,2071,0.6345509087700724,True,0.7462502205752602,0.6703327077835827,0.7148106528080302,5667,0.6345509087700724,0.2289536589789537,0.837837886830638,0.8957778122402383,0.7462502205752602,0.7299658994032395,0.9524471635150167,0.826496138996139,0.500337392782999,0.16555252176552182,0.09361770507037236,sv_complexity_medium,0.125,5667,116366,27708
fold_d,314159,1hop,C+S+T,complexity,high,11200,6879,0.619503291111234,True,0.7330604568836772,0.6666364310115673,0.7122578478415458,18079,0.619503291111234,0.2155509335591864,0.8311231711939028,0.8905150580951376,0.7330604568836772,0.7155708874458875,0.9445535714285714,0.8142703201970444,0.5027996196750146,0.16871355653683634,0.08100490882252266,sv_complexity_high,0.125,18079,116366,27708
fold_d,314159,1hop,C+S+T,complexity,low,3850,2235,0.6327033689400164,True,0.780279375513558,0.7139391034021907,0.7717878926301733,6085,0.6327033689400164,0.2155509335591864,0.8713709869548796,0.9161784617959634,0.780279375513558,0.7559584436748829,0.9638961038961039,0.8473570042242266,0.45429489759526365,0.15035545757019522,0.1009676838804394,sv_complexity_low,0.125,6085,116366,27708
fold_d,314159,1hop,C+S+T,complexity,medium,3596,2071,0.6345509087700724,True,0.8131286394917946,0.7631654142243998,0.8514317276486562,5667,0.6345509087700724,0.2155509335591864,0.9098700793681911,0.945705859883601,0.8131286394917946,0.7958945649638441,0.9488320355951056,0.8656602816186731,0.38951876128795226,0.12346685762517316,0.07780753058305305,sv_complexity_medium,0.125,5667,116366,27708
fold_d,314159,1hop,T,complexity,high,11200,6879,0.619503291111234,True,0.7409701864041153,0.6852747687059997,0.7114348993575376,18079,0.619503291111234,0.2589349771226695,0.8319103236039291,0.8902019289053875,0.7409701864041153,0.7318721981071658,0.9183035714285714,0.8145566863342969,0.5027106805567195,0.16875590796748302,0.08417801880586555,sv_complexity_high,0.125,18079,116366,27708
fold_d,314159,1hop,T,complexity,low,3850,2235,0.6327033689400164,True,0.7850451930977814,0.7226790435515268,0.7732527188816738,6085,0.6327033689400164,0.2589349771226695,0.8723480054620995,0.9167164875432278,0.7850451930977814,0.7630380794701986,0.9576623376623377,0.8493434692467173,0.44118687752771274,0.14496530794458715,0.08380433222363708,sv_complexity_low,0.125,6085,116366,27708
fold_d,314159,1hop,T,complexity,medium,3596,2071,0.6345509087700724,True,0.822657490735839,0.7804004153979769,0.8503131027834554,5667,0.6345509087700724,0.2589349771226695,0.9095014230630205,0.9452970594431862,0.822657490735839,0.812093471452662,0.9374304783092324,0.8702723634955467,0.3907186315940073,0.12390848927148175,0.07945515989578476,sv_complexity_medium,0.125,5667,116366,27708
fold_d,314159,1hop,S,complexity,high,11200,6879,0.619503291111234,True,0.6769179711267216,0.5912066875376405,0.6134376568720885,18079,0.619503291111234,0.2165074367948356,0.7725399572716134,0.8529143006594998,0.6769179711267216,0.668342024250801,0.9498214285714286,0.7846000663790242,0.5725851983222601,0.19627306563282604,0.10011752436212012,sv_complexity_high,0.125,18079,116366,27708
fold_d,314159,1hop,S,complexity,low,3850,2235,0.6327033689400164,True,0.724239934264585,0.6358697231180452,0.6426483107111944,6085,0.6327033689400164,0.2165074367948356,0.811337284639298,0.8687459284206277,0.724239934264585,0.7053706505295008,0.9688311688311688,0.8163711971985117,0.5314925307024032,0.1781528837522962,0.10210047055792837,sv_complexity_low,0.125,6085,116366,27708
fold_d,314159,1hop,S,complexity,medium,3596,2071,0.6345509087700724,True,0.740956414328569,0.6600182535560462,0.7014340333117524,5667,0.6345509087700724,0.2165074367948356,0.8335790370651655,0.890889338801595,0.740956414328569,0.7225010455876203,0.960789766407119,0.8247791835760324,0.5043566492095064,0.16685105146322968,0.09279065227560665,sv_complexity_medium,0.125,5667,116366,27708
fold_d,314159,1hop,K,complexity,high,11200,6879,0.619503291111234,True,0.6332208639858399,0.5297474845804,0.39983838382138603,18079,0.619503291111234,0.2856648361751618,0.6731034540942413,0.7716404802426746,0.6332208639858399,0.6344218887908208,0.9626785714285714,0.7648164568185849,0.6524106848915844,0.22913225180716087,0.11648772626132439,sv_complexity_high,0.125,18079,116366,27708
fold_d,314159,1hop,K,complexity,low,3850,2235,0.6327033689400164,True,0.6619556285949055,0.5478915715157326,0.28711391999897823,6085,0.6327033689400164,0.2856648361751618,0.6397092884743891,0.7381593444860668,0.6619556285949055,0.6563208369659983,0.9776623376623377,0.7853938445487741,0.6340816631648138,0.2220096158912952,0.11601685076582634,sv_complexity_low,0.125,6085,116366,27708
fold_d,314159,1hop,K,complexity,medium,3596,2071,0.6345509087700724,True,0.6622551614610905,0.5490644548989193,0.48244474974545953,5667,0.6345509087700724,0.2856648361751618,0.7146041607473081,0.8108599041332004,0.6622551614610905,0.6589191232048375,0.9696885428253615,0.7846534653465347,0.617201215872052,0.21451840758067803,0.1098722166369495,sv_complexity_medium,0.125,5667,116366,27708
fold_d,314159,strict,C,complexity,high,11200,6879,0.619503291111234,True,0.6794070468499364,0.6057784886196084,0.5822171479237297,18079,0.619503291111234,0.2831886003716845,0.7608209444375221,0.841034999754817,0.6794070468499364,0.679344218770742,0.9138392857142857,0.7793345008756567,0.5862603732147142,0.20208193145530642,0.10491232223800576,sv_complexity_high,0.125,18079,116366,27708
fold_d,314159,strict,C,complexity,low,3850,2235,0.6327033689400164,True,0.7124075595727198,0.6283959441006421,0.19828183661641374,6085,0.6327033689400164,0.2831886003716845,0.6777115546645748,0.7055316195296113,0.7124075595727198,0.7028593508500772,0.944935064935065,0.806115665854199,0.7068934899528504,0.2174866709650853,0.14667779443506895,sv_complexity_low,0.125,6085,116366,27708
fold_d,314159,strict,C,complexity,medium,3596,2071,0.6345509087700724,True,0.7210164107993647,0.6488113301490094,0.669569834680228,5667,0.6345509087700724,0.2831886003716845,0.8116338825960924,0.8792445963689346,0.7210164107993647,0.7199301462562759,0.9171301446051168,0.8066528066528067,0.5333930245967532,0.1784489222773404,0.09450129377595466,sv_complexity_medium,0.125,5667,116366,27708
fold_d,314159,strict,C+T,complexity,high,11200,6879,0.619503291111234,True,0.7361026605453842,0.6876276335326978,0.6874437536370432,18079,0.619503291111234,0.2981607626644324,0.8180541775694142,0.8810733769162686,0.7361026605453842,0.7378116445956943,0.8904464285714285,0.8069749565076668,0.5248839165977317,0.17716729459796812,0.0956551408972538,sv_complexity_high,0.125,18079,116366,27708
fold_d,314159,strict,C+T,complexity,low,3850,2235,0.6327033689400164,True,0.7654889071487264,0.7089136813969028,0.708301931556928,6085,0.6327033689400164,0.2981607626644324,0.8445439437519974,0.8928602821741551,0.7654889071487264,0.7590335685268335,0.922077922077922,0.832649231851765,0.46953589393812156,0.15492216551590843,0.07175899523153369,sv_complexity_low,0.125,6085,116366,27708
fold_d,314159,strict,C+T,complexity,medium,3596,2071,0.6345509087700724,True,0.8076583730368802,0.7649982221782988,0.80250657993628,5667,0.6345509087700724,0.2981607626644324,0.8855744807928118,0.9278262091138232,0.8076583730368802,0.8029497098646035,0.9235261401557285,0.8590274185204345,0.4325171889041487,0.1391683531160593,0.08527757464987865,sv_complexity_medium,0.125,5667,116366,27708
fold_d,314159,strict,C+S,complexity,high,11200,6879,0.619503291111234,True,0.6802920515515238,0.598781189645505,0.617944967289182,18079,0.619503291111234,0.2289536589789537,0.7748186963948248,0.8546293174391439,0.6802920515515238,0.6733623336745138,0.9398214285714286,0.7845855694692904,0.5698988788361458,0.19525624675930292,0.09980205476019337,sv_complexity_high,0.125,18079,116366,27708
fold_d,314159,strict,C+S,complexity,low,3850,2235,0.6327033689400164,True,0.7301561216105177,0.6455187541764723,0.5290049201062491,6085,0.6327033689400164,0.2289536589789537,0.7668451146169268,0.8270050939091975,0.7301561216105177,0.7115753162131084,0.9644155844155844,0.8189236876929863,0.5415894495546459,0.1818224801908637,0.08478030560344871,sv_complexity_low,0.125,6085,116366,27708
fold_d,314159,strict,C+S,complexity,medium,3596,2071,0.6345509087700724,True,0.7462502205752602,0.6703327077835827,0.7148106528080302,5667,0.6345509087700724,0.2289536589789537,0.837837886830638,0.8957778122402383,0.7462502205752602,0.7299658994032395,0.9524471635150167,0.826496138996139,0.500337392782999,0.16555252176552182,0.09361770507037236,sv_complexity_medium,0.125,5667,116366,27708
fold_d,314159,strict,C+S+T,complexity,high,11200,6879,0.619503291111234,True,0.731235134686653,0.6700986309264221,0.6896361415774771,18079,0.619503291111234,0.2456932925313397,0.8182149346873507,0.8819075733122111,0.731235134686653,0.7201889020070839,0.9258928571428572,0.8101878979647642,0.5232761647972449,0.17645967634277693,0.09156103543105731,sv_complexity_high,0.125,18079,116366,27708
fold_d,314159,strict,C+S+T,complexity,low,3850,2235,0.6327033689400164,True,0.761709120788825,0.698043813010256,0.7332436520441531,6085,0.6327033689400164,0.2456932925313397,0.8533985298817515,0.9020212920819527,0.761709120788825,0.7488593944421402,0.9379220779220779,0.8327952029520295,0.4719895717613835,0.15591712832813204,0.08918645519082788,sv_complexity_low,0.125,6085,116366,27708
fold_d,314159,strict,C+S+T,complexity,medium,3596,2071,0.6345509087700724,True,0.8000705840832892,0.7465282794499388,0.807260151924541,5667,0.6345509087700724,0.2456932925313397,0.8875127629873635,0.9295633976770292,0.8000705840832892,0.7839520405810468,0.9454949944382648,0.8571788730618933,0.4285128652115229,0.13733374426136993,0.08355771755596339,sv_complexity_medium,0.125,5667,116366,27708
fold_d,314159,strict,T,complexity,high,11200,6879,0.619503291111234,True,0.7330604568836772,0.6733104570327914,0.6854632906488507,18079,0.619503291111234,0.2607997796534346,0.8169627671173136,0.8803198172671853,0.7330604568836772,0.7227425216662007,0.9233035714285714,0.8108044535047828,0.526648159079709,0.17765399849661279,0.09696534088979535,sv_complexity_high,0.125,18079,116366,27708
fold_d,314159,strict,T,complexity,low,3850,2235,0.6327033689400164,True,0.7631881676253082,0.6917051628461024,0.7084124060179032,6085,0.6327033689400164,0.2607997796534346,0.8424783985589355,0.8929008590714895,0.7631881676253082,0.7413344019234622,0.961038961038961,0.8370093880782717,0.46993999237273154,0.1547951401889801,0.07160785526113808,sv_complexity_low,0.125,6085,116366,27708
fold_d,314159,strict,T,complexity,medium,3596,2071,0.6345509087700724,True,0.8009528851244044,0.749168828071751,0.7996184254135599,5667,0.6345509087700724,0.2607997796534346,0.8840883749259464,0.9267707356681635,0.8009528851244044,0.7867100371747212,0.9416017797552837,0.8572151898734177,0.43529929150047364,0.13978858246660272,0.08597557983744361,sv_complexity_medium,0.125,5667,116366,27708
fold_d,314159,strict,S,complexity,high,11200,6879,0.619503291111234,True,0.6769179711267216,0.5912066875376405,0.6134376568720885,18079,0.619503291111234,0.2165074367948356,0.7725399572716134,0.8529143006594998,0.6769179711267216,0.668342024250801,0.9498214285714286,0.7846000663790242,0.5725851983222601,0.19627306563282604,0.10011752436212012,sv_complexity_high,0.125,18079,116366,27708
fold_d,314159,strict,S,complexity,low,3850,2235,0.6327033689400164,True,0.724239934264585,0.6358697231180452,0.6426483107111944,6085,0.6327033689400164,0.2165074367948356,0.811337284639298,0.8687459284206277,0.724239934264585,0.7053706505295008,0.9688311688311688,0.8163711971985117,0.5314925307024032,0.1781528837522962,0.10210047055792837,sv_complexity_low,0.125,6085,116366,27708
fold_d,314159,strict,S,complexity,medium,3596,2071,0.6345509087700724,True,0.740956414328569,0.6600182535560462,0.7014340333117524,5667,0.6345509087700724,0.2165074367948356,0.8335790370651655,0.890889338801595,0.740956414328569,0.7225010455876203,0.960789766407119,0.8247791835760324,0.5043566492095064,0.16685105146322968,0.09279065227560665,sv_complexity_medium,0.125,5667,116366,27708
fold_d,314159,strict,K,complexity,high,11200,6879,0.619503291111234,True,0.6332208639858399,0.5297474845804,0.39983838382138603,18079,0.619503291111234,0.2856648361751618,0.6731034540942413,0.7716404802426746,0.6332208639858399,0.6344218887908208,0.9626785714285714,0.7648164568185849,0.6524106848915844,0.22913225180716087,0.11648772626132439,sv_complexity_high,0.125,18079,116366,27708
fold_d,314159,strict,K,complexity,low,3850,2235,0.6327033689400164,True,0.6619556285949055,0.5478915715157326,0.28711391999897823,6085,0.6327033689400164,0.2856648361751618,0.6397092884743891,0.7381593444860668,0.6619556285949055,0.6563208369659983,0.9776623376623377,0.7853938445487741,0.6340816631648138,0.2220096158912952,0.11601685076582634,sv_complexity_low,0.125,6085,116366,27708
fold_d,314159,strict,K,complexity,medium,3596,2071,0.6345509087700724,True,0.6622551614610905,0.5490644548989193,0.48244474974545953,5667,0.6345509087700724,0.2856648361751618,0.7146041607473081,0.8108599041332004,0.6622551614610905,0.6589191232048375,0.9696885428253615,0.7846534653465347,0.617201215872052,0.21451840758067803,0.1098722166369495,sv_complexity_medium,0.125,5667,116366,27708
fold_d,42,1hop,C,complexity,high,11200,6879,0.619503291111234,True,0.6794070468499364,0.6057784886196084,0.5822171479237297,18079,0.619503291111234,0.2831886003716845,0.7608209444375221,0.841034999754817,0.6794070468499364,0.679344218770742,0.9138392857142857,0.7793345008756567,0.5862603732147142,0.20208193145530642,0.10491232223800576,sv_complexity_high,0.125,18079,116366,27708
fold_d,42,1hop,C,complexity,low,3850,2235,0.6327033689400164,True,0.7124075595727198,0.6283959441006421,0.19828183661641374,6085,0.6327033689400164,0.2831886003716845,0.6777115546645748,0.7055316195296113,0.7124075595727198,0.7028593508500772,0.944935064935065,0.806115665854199,0.7068934899528504,0.2174866709650853,0.14667779443506895,sv_complexity_low,0.125,6085,116366,27708
fold_d,42,1hop,C,complexity,medium,3596,2071,0.6345509087700724,True,0.7210164107993647,0.6488113301490094,0.669569834680228,5667,0.6345509087700724,0.2831886003716845,0.8116338825960924,0.8792445963689346,0.7210164107993647,0.7199301462562759,0.9171301446051168,0.8066528066528067,0.5333930245967532,0.1784489222773404,0.09450129377595466,sv_complexity_medium,0.125,5667,116366,27708
fold_d,42,1hop,C+T,complexity,high,11200,6879,0.619503291111234,True,0.7424083190441949,0.6845286184142213,0.7196701793839383,18079,0.619503291111234,0.2382592316111245,0.8365276047182938,0.8933354258522104,0.7424083190441949,0.7301442138586001,0.9266964285714285,0.8167617548691718,0.4984735554324446,0.16728139499440497,0.08556610266346591,sv_complexity_high,0.125,18079,116366,27708
fold_d,42,1hop,C+T,complexity,low,3850,2235,0.6327033689400164,True,0.7898110106820049,0.7289790522676428,0.7560010554882856,6085,0.6327033689400164,0.2382592316111245,0.8660735640198728,0.9103800096986554,0.7898110106820049,0.7674225088412732,0.9581818181818181,0.8522582880905626,0.43531677332831786,0.14305943155785952,0.0768956514111499,sv_complexity_low,0.125,6085,116366,27708
fold_d,42,1hop,C+T,complexity,medium,3596,2071,0.6345509087700724,True,0.8253043938591847,0.7825884520006939,0.8558008457211996,5667,0.6345509087700724,0.2382592316111245,0.9134624474105839,0.9473025501126883,0.8253043938591847,0.8129202689721422,0.9413236929922135,0.8724226804123711,0.382876721613079,0.1214129088545096,0.07761473054273704,sv_complexity_medium,0.125,5667,116366,27708
fold_d,42,1hop,C+S,complexity,high,11200,6879,0.619503291111234,True,0.6802920515515238,0.598781189645505,0.617944967289182,18079,0.619503291111234,0.2289536589789537,0.7748186963948248,0.8546293174391439,0.6802920515515238,0.6733623336745138,0.9398214285714286,0.7845855694692904,0.5698988788361458,0.19525624675930292,0.09980205476019337,sv_complexity_high,0.125,18079,116366,27708
fold_d,42,1hop,C+S,complexity,low,3850,2235,0.6327033689400164,True,0.7301561216105177,0.6455187541764723,0.5290049201062491,6085,0.6327033689400164,0.2289536589789537,0.7668451146169268,0.8270050939091975,0.7301561216105177,0.7115753162131084,0.9644155844155844,0.8189236876929863,0.5415894495546459,0.1818224801908637,0.08478030560344871,sv_complexity_low,0.125,6085,116366,27708
fold_d,42,1hop,C+S,complexity,medium,3596,2071,0.6345509087700724,True,0.7462502205752602,0.6703327077835827,0.7148106528080302,5667,0.6345509087700724,0.2289536589789537,0.837837886830638,0.8957778122402383,0.7462502205752602,0.7299658994032395,0.9524471635150167,0.826496138996139,0.500337392782999,0.16555252176552182,0.09361770507037236,sv_complexity_medium,0.125,5667,116366,27708
fold_d,42,1hop,C+S+T,complexity,high,11200,6879,0.619503291111234,True,0.7424083190441949,0.6864635251178535,0.7183244311982621,18079,0.619503291111234,0.2459968093701992,0.8347500804726601,0.8928233730965676,0.7424083190441949,0.7324003693968886,0.9205357142857142,0.8157613640859279,0.5000106525580088,0.16773384521588985,0.08372236857861107,sv_complexity_high,0.125,18079,116366,27708
fold_d,42,1hop,C+S+T,complexity,low,3850,2235,0.6327033689400164,True,0.7870172555464257,0.7250820767599291,0.7705644153125549,6085,0.6327033689400164,0.2459968093701992,0.8708226851448329,0.9157290826990239,0.7870172555464257,0.7646083713220058,0.9584415584415584,0.8506224066390041,0.43199691473579943,0.1413936510124252,0.0745562601932376,sv_complexity_low,0.125,6085,116366,27708
fold_d,42,1hop,C+S+T,complexity,medium,3596,2071,0.6345509087700724,True,0.8268925357331922,0.7849660871111149,0.8552163815786883,5667,0.6345509087700724,0.2459968093701992,0.912404549504815,0.947088958222951,0.8268925357331922,0.8149843411226211,0.9407675194660734,0.8733703369046082,0.3850240522922298,0.12216516997746309,0.0777194354938352,sv_complexity_medium,0.125,5667,116366,27708
fold_d,42,1hop,T,complexity,high,11200,6879,0.619503291111234,True,0.7496542950384424,0.702378862687683,0.7190551445466636,18079,0.619503291111234,0.2855375230015365,0.8357225990592486,0.8931014071207755,0.7496542950384424,0.7473684210526316,0.9001785714285714,0.816686917780478,0.49954817410289815,0.16760309237914164,0.08550929151196675,sv_complexity_high,0.125,18079,116366,27708
fold_d,42,1hop,T,complexity,low,3850,2235,0.6327033689400164,True,0.790304026294166,0.7336854644237194,0.7392876964056445,6085,0.6327033689400164,0.2855375230015365,0.8589685348208838,0.9042412492139056,0.790304026294166,0.7727850784230607,0.947012987012987,0.8510737628384687,0.444613285777972,0.14621951917146986,0.08464983101396546,sv_complexity_low,0.125,6085,116366,27708
fold_d,42,1hop,T,complexity,medium,3596,2071,0.6345509087700724,True,0.8307746603140992,0.7952944389629767,0.857303980437641,5667,0.6345509087700724,0.2855375230015365,0.9143331637867923,0.9478518693288079,0.8307746603140992,0.8270900520962541,0.9271412680756396,0.8742624885275994,0.3828199939394992,0.12088306919873257,0.07875408851192282,sv_complexity_medium,0.125,5667,116366,27708
fold_d,42,1hop,S,complexity,high,11200,6879,0.619503291111234,True,0.6769179711267216,0.5912066875376405,0.6134376568720885,18079,0.619503291111234,0.2165074367948356,0.7725399572716134,0.8529143006594998,0.6769179711267216,0.668342024250801,0.9498214285714286,0.7846000663790242,0.5725851983222601,0.19627306563282604,0.10011752436212012,sv_complexity_high,0.125,18079,116366,27708
fold_d,42,1hop,S,complexity,low,3850,2235,0.6327033689400164,True,0.724239934264585,0.6358697231180452,0.6426483107111944,6085,0.6327033689400164,0.2165074367948356,0.811337284639298,0.8687459284206277,0.724239934264585,0.7053706505295008,0.9688311688311688,0.8163711971985117,0.5314925307024032,0.1781528837522962,0.10210047055792837,sv_complexity_low,0.125,6085,116366,27708
fold_d,42,1hop,S,complexity,medium,3596,2071,0.6345509087700724,True,0.740956414328569,0.6600182535560462,0.7014340333117524,5667,0.6345509087700724,0.2165074367948356,0.8335790370651655,0.890889338801595,0.740956414328569,0.7225010455876203,0.960789766407119,0.8247791835760324,0.5043566492095064,0.16685105146322968,0.09279065227560665,sv_complexity_medium,0.125,5667,116366,27708
fold_d,42,1hop,K,complexity,high,11200,6879,0.619503291111234,True,0.6332208639858399,0.5297474845804,0.39983838382138603,18079,0.619503291111234,0.2856648361751618,0.6731034540942413,0.7716404802426746,0.6332208639858399,0.6344218887908208,0.9626785714285714,0.7648164568185849,0.6524106848915844,0.22913225180716087,0.11648772626132439,sv_complexity_high,0.125,18079,116366,27708
fold_d,42,1hop,K,complexity,low,3850,2235,0.6327033689400164,True,0.6619556285949055,0.5478915715157326,0.28711391999897823,6085,0.6327033689400164,0.2856648361751618,0.6397092884743891,0.7381593444860668,0.6619556285949055,0.6563208369659983,0.9776623376623377,0.7853938445487741,0.6340816631648138,0.2220096158912952,0.11601685076582634,sv_complexity_low,0.125,6085,116366,27708
fold_d,42,1hop,K,complexity,medium,3596,2071,0.6345509087700724,True,0.6622551614610905,0.5490644548989193,0.48244474974545953,5667,0.6345509087700724,0.2856648361751618,0.7146041607473081,0.8108599041332004,0.6622551614610905,0.6589191232048375,0.9696885428253615,0.7846534653465347,0.617201215872052,0.21451840758067803,0.1098722166369495,sv_complexity_medium,0.125,5667,116366,27708
fold_d,42,strict,C,complexity,high,11200,6879,0.619503291111234,True,0.6794070468499364,0.6057784886196084,0.5822171479237297,18079,0.619503291111234,0.2831886003716845,0.7608209444375221,0.841034999754817,0.6794070468499364,0.679344218770742,0.9138392857142857,0.7793345008756567,0.5862603732147142,0.20208193145530642,0.10491232223800576,sv_complexity_high,0.125,18079,116366,27708
fold_d,42,strict,C,complexity,low,3850,2235,0.6327033689400164,True,0.7124075595727198,0.6283959441006421,0.19828183661641374,6085,0.6327033689400164,0.2831886003716845,0.6777115546645748,0.7055316195296113,0.7124075595727198,0.7028593508500772,0.944935064935065,0.806115665854199,0.7068934899528504,0.2174866709650853,0.14667779443506895,sv_complexity_low,0.125,6085,116366,27708
fold_d,42,strict,C,complexity,medium,3596,2071,0.6345509087700724,True,0.7210164107993647,0.6488113301490094,0.669569834680228,5667,0.6345509087700724,0.2831886003716845,0.8116338825960924,0.8792445963689346,0.7210164107993647,0.7199301462562759,0.9171301446051168,0.8066528066528067,0.5333930245967532,0.1784489222773404,0.09450129377595466,sv_complexity_medium,0.125,5667,116366,27708
fold_d,42,strict,C+T,complexity,high,11200,6879,0.619503291111234,True,0.7374854803916145,0.6840887120220962,0.6830431883659928,18079,0.619503291111234,0.2887247812217893,0.8171998694266193,0.8793989763133837,0.7374854803916145,0.7325933400605449,0.9075,0.8107202680067002,0.5204789211314937,0.17529733210552484,0.0858951557805932,sv_complexity_high,0.125,18079,116366,27708
fold_d,42,strict,C+T,complexity,low,3850,2235,0.6327033689400164,True,0.7607230895645029,0.7417464191289694,0.7303826525565248,6085,0.6327033689400164,0.2887247812217893,0.8467827072256602,0.9009704566086825,0.7607230895645029,0.8094622543950362,0.8132467532467532,0.8113500906970718,0.5166762558832462,0.17294811089054277,0.12543808041319243,sv_complexity_low,0.125,6085,116366,27708
fold_d,42,strict,C+T,complexity,medium,3596,2071,0.6345509087700724,True,0.8103052761602259,0.7655480847059531,0.8091325542789881,5667,0.6345509087700724,0.2887247812217893,0.8874093028951638,0.9302476654158787,0.8103052761602259,0.8014828988280316,0.931868743047831,0.8617718914748618,0.4277242837207369,0.1380555520898258,0.0851087109849791,sv_complexity_medium,0.125,5667,116366,27708
fold_d,42,strict,C+S,complexity,high,11200,6879,0.619503291111234,True,0.6802920515515238,0.598781189645505,0.617944967289182,18079,0.619503291111234,0.2289536589789537,0.7748186963948248,0.8546293174391439,0.6802920515515238,0.6733623336745138,0.9398214285714286,0.7845855694692904,0.5698988788361458,0.19525624675930292,0.09980205476019337,sv_complexity_high,0.125,18079,116366,27708
fold_d,42,strict,C+S,complexity,low,3850,2235,0.6327033689400164,True,0.7301561216105177,0.6455187541764723,0.5290049201062491,6085,0.6327033689400164,0.2289536589789537,0.7668451146169268,0.8270050939091975,0.7301561216105177,0.7115753162131084,0.9644155844155844,0.8189236876929863,0.5415894495546459,0.1818224801908637,0.08478030560344871,sv_complexity_low,0.125,6085,116366,27708
fold_d,42,strict,C+S,complexity,medium,3596,2071,0.6345509087700724,True,0.7462502205752602,0.6703327077835827,0.7148106528080302,5667,0.6345509087700724,0.2289536589789537,0.837837886830638,0.8957778122402383,0.7462502205752602,0.7299658994032395,0.9524471635150167,0.826496138996139,0.500337392782999,0.16555252176552182,0.09361770507037236,sv_complexity_medium,0.125,5667,116366,27708
fold_d,42,strict,C+S+T,complexity,high,11200,6879,0.619503291111234,True,0.7288566845511367,0.6654589018337382,0.6838133921148208,18079,0.619503291111234,0.2503488968562272,0.8169396506967375,0.8796920363049866,0.7288566845511367,0.716426116838488,0.9307142857142857,0.809631067961165,0.5194564456758219,0.17480430417565918,0.08053889427827113,sv_complexity_high,0.125,18079,116366,27708
fold_d,42,strict,C+S+T,complexity,low,3850,2235,0.6327033689400164,True,0.7582580115036976,0.7321031988146083,0.738074653635037,6085,0.6327033689400164,0.2503488968562272,0.8522456201516604,0.9037957026909298,0.7582580115036976,0.7961165048543689,0.8306493506493506,0.8130163976102708,0.4935822121248834,0.1655292574542366,0.11629316860381984,sv_complexity_low,0.125,6085,116366,27708
fold_d,42,strict,C+S+T,complexity,medium,3596,2071,0.6345509087700724,True,0.8018351861655196,0.7483282567840548,0.8100765507289095,5667,0.6345509087700724,0.2503488968562272,0.8886371949303614,0.9305926480606267,0.8018351861655196,0.7849734961972805,0.9471635150166852,0.8584751102709515,0.42668920810413424,0.13719621284259723,0.08509099170190304,sv_complexity_medium,0.125,5667,116366,27708
fold_d,42,strict,T,complexity,high,11200,6879,0.619503291111234,True,0.7334476464406218,0.6770721385479617,0.6770969777657013,18079,0.619503291111234,0.2788145673569648,0.8154694671152369,0.8771364627496133,0.7334476464406218,0.7267751794725993,0.9129464285714286,0.8092920178875301,0.525120596715575,0.17677454730510256,0.09029356483447293,sv_complexity_high,0.125,18079,116366,27708
fold_d,42,strict,T,complexity,low,3850,2235,0.6327033689400164,True,0.7597370583401808,0.7311136291002063,0.7326297303393242,6085,0.6327033689400164,0.2788145673569648,0.8465986228536564,0.9017958007080344,0.7597370583401808,0.7932220039292731,0.8389610389610389,0.8154506437768241,0.5125114570391682,0.17129950056558457,0.12220228545687763,sv_complexity_low,0.125,6085,116366,27708
fold_d,42,strict,T,complexity,medium,3596,2071,0.6345509087700724,True,0.807128992412211,0.7595641839288141,0.8091038433042843,5667,0.6345509087700724,0.2788145673569648,0.887466370434664,0.9302371730162649,0.807128992412211,0.7957929567478138,0.9363181312569522,0.860355180784464,0.4287154951338592,0.13801026151220358,0.08576906490670017,sv_complexity_medium,0.125,5667,116366,27708
fold_d,42,strict,S,complexity,high,11200,6879,0.619503291111234,True,0.6769179711267216,0.5912066875376405,0.6134376568720885,18079,0.619503291111234,0.2165074367948356,0.7725399572716134,0.8529143006594998,0.6769179711267216,0.668342024250801,0.9498214285714286,0.7846000663790242,0.5725851983222601,0.19627306563282604,0.10011752436212012,sv_complexity_high,0.125,18079,116366,27708
fold_d,42,strict,S,complexity,low,3850,2235,0.6327033689400164,True,0.724239934264585,0.6358697231180452,0.6426483107111944,6085,0.6327033689400164,0.2165074367948356,0.811337284639298,0.8687459284206277,0.724239934264585,0.7053706505295008,0.9688311688311688,0.8163711971985117,0.5314925307024032,0.1781528837522962,0.10210047055792837,sv_complexity_low,0.125,6085,116366,27708
fold_d,42,strict,S,complexity,medium,3596,2071,0.6345509087700724,True,0.740956414328569,0.6600182535560462,0.7014340333117524,5667,0.6345509087700724,0.2165074367948356,0.8335790370651655,0.890889338801595,0.740956414328569,0.7225010455876203,0.960789766407119,0.8247791835760324,0.5043566492095064,0.16685105146322968,0.09279065227560665,sv_complexity_medium,0.125,5667,116366,27708
fold_d,42,strict,K,complexity,high,11200,6879,0.619503291111234,True,0.6332208639858399,0.5297474845804,0.39983838382138603,18079,0.619503291111234,0.2856648361751618,0.6731034540942413,0.7716404802426746,0.6332208639858399,0.6344218887908208,0.9626785714285714,0.7648164568185849,0.6524106848915844,0.22913225180716087,0.11648772626132439,sv_complexity_high,0.125,18079,116366,27708
fold_d,42,strict,K,complexity,low,3850,2235,0.6327033689400164,True,0.6619556285949055,0.5478915715157326,0.28711391999897823,6085,0.6327033689400164,0.2856648361751618,0.6397092884743891,0.7381593444860668,0.6619556285949055,0.6563208369659983,0.9776623376623377,0.7853938445487741,0.6340816631648138,0.2220096158912952,0.11601685076582634,sv_complexity_low,0.125,6085,116366,27708
fold_d,42,strict,K,complexity,medium,3596,2071,0.6345509087700724,True,0.6622551614610905,0.5490644548989193,0.48244474974545953,5667,0.6345509087700724,0.2856648361751618,0.7146041607473081,0.8108599041332004,0.6622551614610905,0.6589191232048375,0.9696885428253615,0.7846534653465347,0.617201215872052,0.21451840758067803,0.1098722166369495,sv_complexity_medium,0.125,5667,116366,27708
fold_e,20260806,1hop,C,complexity,high,10712,6130,0.6360289751810949,True,0.6922574516090726,0.6164239126859299,0.5981361224641807,16842,0.6360289751810949,0.286786811681311,0.7648946174313815,0.8537331926555889,0.6922574516090726,0.7025423107919995,0.8951643017176998,0.787241903041747,0.583432493216295,0.20088734367118402,0.11607235433721759,sv_complexity_high,0.125,16842,107441,38756
fold_e,20260806,1hop,C,complexity,low,2102,1066,0.663510101010101,True,0.7629419191919192,0.6722530851525305,0.6563241121131812,3168,0.663510101010101,0.286786811681311,0.813778488458236,0.8843565351997005,0.7629419191919192,0.7557743279060962,0.9495718363463368,0.8416613957410921,0.518381007213652,0.1713437354097144,0.1023913531742823,sv_complexity_low,0.125,3168,107441,38756
fold_e,20260806,1hop,C,complexity,medium,4978,2720,0.6466614705118212,True,0.732138217718888,0.6583942139531587,0.6425723256215474,7698,0.6466614705118212,0.286786811681311,0.8001488534847446,0.873707031136738,0.732138217718888,0.7373819602735265,0.9098031337886702,0.814568345323741,0.5420680911380461,0.18194098424707908,0.10006737615418035,sv_complexity_medium,0.125,7698,107441,38756
fold_e,20260806,1hop,C+T,complexity,high,10712,6130,0.6360289751810949,True,0.7471796698729367,0.6807776828170324,0.7212511233151144,16842,0.6360289751810949,0.2490237842774794,0.8357248643712833,0.8985434856858836,0.7471796698729367,0.7415419161676646,0.9248506348020911,0.8231139913592556,0.49567241480340823,0.16629245500425904,0.0884891196875416,sv_complexity_high,0.125,16842,107441,38756
fold_e,20260806,1hop,C+T,complexity,low,2102,1066,0.663510101010101,True,0.84375,0.7902475619574318,0.8397648243440995,3168,0.663510101010101,0.2490237842774794,0.910544634521219,0.9460824819289173,0.84375,0.8343736995422388,0.9538534728829686,0.8901220865704772,0.37072695274565876,0.11629941417375804,0.07607753721833307,sv_complexity_low,0.125,3168,107441,38756
fold_e,20260806,1hop,C+T,complexity,medium,4978,2720,0.6466614705118212,True,0.8173551571836841,0.7638070008035356,0.8176173882212113,7698,0.6466614705118212,0.2490237842774794,0.8980380586344623,0.9355571961498694,0.8173551571836841,0.8052991452991453,0.9463640016070711,0.870151459179904,0.4005913605806459,0.12779255236441028,0.07544771241150387,sv_complexity_medium,0.125,7698,107441,38756
fold_e,20260806,1hop,C+S,complexity,high,10712,6130,0.6360289751810949,True,0.6881605510034438,0.5957585035215343,0.62908419652605,16842,0.6360289751810949,0.2332431453983942,0.7768204188073444,0.8649973948880588,0.6881605510034438,0.6872427983539094,0.9353995519044063,0.7923454056618694,0.5670536971241651,0.1944159139474194,0.11026426693136501,sv_complexity_high,0.125,16842,107441,38756
fold_e,20260806,1hop,C+S,complexity,low,2102,1066,0.663510101010101,True,0.7698863636363636,0.6767926731086091,0.729038849750979,3168,0.663510101010101,0.2332431453983942,0.8493681975354483,0.9088243099225201,0.7698863636363636,0.7572124391157737,0.961465271170314,0.8472018444770488,0.4755721311714208,0.15430170533853577,0.09432080268101312,sv_complexity_low,0.125,3168,107441,38756
fold_e,20260806,1hop,C+S,complexity,medium,4978,2720,0.6466614705118212,True,0.7474668745128605,0.6650767051497176,0.7024687913503436,7698,0.6466614705118212,0.2332431453983942,0.8330772309928391,0.8948707602588899,0.7474668745128605,0.737625313283208,0.9459622338288469,0.8289033620841401,0.5018151414469693,0.1654992679443078,0.09306737558076265,sv_complexity_medium,0.125,7698,107441,38756
fold_e,20260806,1hop,C+S+T,complexity,high,10712,6130,0.6360289751810949,True,0.738867117919487,0.6666370565796831,0.7190520353635096,16842,0.6360289751810949,0.2182079200523931,0.8323497637081556,0.8977430813904711,0.738867117919487,0.7311804335090802,0.9321321882001493,0.8195173998686802,0.5030197535476855,0.16902533152705496,0.09280111558519567,sv_complexity_high,0.125,16842,107441,38756
fold_e,20260806,1hop,C+S+T,complexity,low,2102,1066,0.663510101010101,True,0.8421717171717171,0.7825853337213018,0.8499315189306739,3168,0.663510101010101,0.2182079200523931,0.9121682111024433,0.9495034719634149,0.8421717171717171,0.8264058679706602,0.9647954329210275,0.8902546093064091,0.37425797861536025,0.11733583382276504,0.08070721824978705,sv_complexity_low,0.125,3168,107441,38756
fold_e,20260806,1hop,C+S+T,complexity,medium,4978,2720,0.6466614705118212,True,0.8148869836321122,0.7556449849927918,0.8210893667058345,7698,0.6466614705118212,0.2182079200523931,0.898172178172193,0.9367839799220408,0.8148869836321122,0.7970239090453102,0.9576134993973483,0.869969887763482,0.4028083063848873,0.128251707786415,0.07712536382223376,sv_complexity_medium,0.125,7698,107441,38756
fold_e,20260806,1hop,T,complexity,high,10712,6130,0.6360289751810949,True,0.7464077900486878,0.6791939822637965,0.7148967615903866,16842,0.6360289751810949,0.241792994984551,0.8339159129369025,0.8962306821368644,0.7464077900486878,0.7402820264119974,0.9262509335324869,0.8228903172299399,0.49823579522598965,0.1671554590785533,0.08859411497274954,sv_complexity_high,0.125,16842,107441,38756
fold_e,20260806,1hop,T,complexity,low,2102,1066,0.663510101010101,True,0.8443813131313131,0.79026095043941,0.839021680746336,3168,0.663510101010101,0.241792994984551,0.909877888118704,0.9458324216147709,0.8443813131313131,0.83395599833956,0.955756422454805,0.8907115938816227,0.3708055609870919,0.11604206954941126,0.07602176138453655,sv_complexity_low,0.125,3168,107441,38756
fold_e,20260806,1hop,T,complexity,medium,4978,2720,0.6466614705118212,True,0.8167056378280073,0.762220830477631,0.8155905170163797,7698,0.6466614705118212,0.241792994984551,0.8970440526552124,0.9348410244588923,0.8167056378280073,0.8037812979049566,0.9479710727199678,0.8699419301318094,0.403415640496893,0.1284190154702263,0.07683005753144327,sv_complexity_medium,0.125,7698,107441,38756
fold_e,20260806,1hop,S,complexity,high,10712,6130,0.6360289751810949,True,0.6824605153782212,0.5810898298869284,0.6257878661677756,16842,0.6360289751810949,0.2087839690352355,0.7746489658957587,0.863797626149416,0.6824605153782212,0.6779930979559331,0.9536967886482449,0.7925523661753298,0.569205310425976,0.1952705586955764,0.11005657919878849,sv_complexity_high,0.125,16842,107441,38756
fold_e,20260806,1hop,S,complexity,low,2102,1066,0.663510101010101,True,0.7629419191919192,0.6625437580219321,0.7261538334441672,3168,0.663510101010101,0.2087839690352355,0.8480463080814662,0.9078535310768567,0.7629419191919192,0.7478899082568807,0.9695528068506185,0.8444168220426767,0.4790470107224236,0.15528189283041582,0.09391771884271803,sv_complexity_low,0.125,3168,107441,38756
fold_e,20260806,1hop,S,complexity,medium,4978,2720,0.6466614705118212,True,0.7411015848272279,0.6504827860232081,0.6940852661370484,7698,0.6466614705118212,0.2087839690352355,0.8299825482121334,0.8919085377880971,0.7411015848272279,0.7272727272727273,0.9594214543993572,0.827371156344738,0.5056803062702255,0.16675548039908053,0.09322252791071534,sv_complexity_medium,0.125,7698,107441,38756
fold_e,20260806,1hop,K,complexity,high,10712,6130,0.6360289751810949,True,0.6470727942049638,0.5343953724809851,0.42108609273972614,16842,0.6360289751810949,0.3022449455518995,0.6811445245350003,0.7892921118925615,0.6470727942049638,0.6532724701041532,0.948562359970127,0.7736998400974644,0.6507159810479192,0.2285021735482565,0.13519624139986872,sv_complexity_high,0.125,16842,107441,38756
fold_e,20260806,1hop,K,complexity,low,2102,1066,0.663510101010101,True,0.6941287878787878,0.5586741297040432,0.45871660293197064,3168,0.663510101010101,0.3022449455518995,0.7017467952436971,0.8178636043956694,0.6941287878787878,0.6915793033479878,0.972882968601332,0.80846016999407,0.6080901575995337,0.21110296188383273,0.12140144161991741,sv_complexity_low,0.125,3168,107441,38756
fold_e,20260806,1hop,K,complexity,medium,4978,2720,0.6466614705118212,True,0.679786957651338,0.5614667773497506,0.46159607541035846,7698,0.6466614705118212,0.3022449455518995,0.7095724865880462,0.8097611490148318,0.679786957651338,0.6771464824474834,0.9648453194053837,0.7957915665644935,0.6129968737252708,0.21283352770649222,0.11249067753677847,sv_complexity_medium,0.125,7698,107441,38756
fold_e,20260806,strict,C,complexity,high,10712,6130,0.6360289751810949,True,0.6922574516090726,0.6164239126859299,0.5981361224641807,16842,0.6360289751810949,0.286786811681311,0.7648946174313815,0.8537331926555889,0.6922574516090726,0.7025423107919995,0.8951643017176998,0.787241903041747,0.583432493216295,0.20088734367118402,0.11607235433721759,sv_complexity_high,0.125,16842,107441,38756
fold_e,20260806,strict,C,complexity,low,2102,1066,0.663510101010101,True,0.7629419191919192,0.6722530851525305,0.6563241121131812,3168,0.663510101010101,0.286786811681311,0.813778488458236,0.8843565351997005,0.7629419191919192,0.7557743279060962,0.9495718363463368,0.8416613957410921,0.518381007213652,0.1713437354097144,0.1023913531742823,sv_complexity_low,0.125,3168,107441,38756
fold_e,20260806,strict,C,complexity,medium,4978,2720,0.6466614705118212,True,0.732138217718888,0.6583942139531587,0.6425723256215474,7698,0.6466614705118212,0.286786811681311,0.8001488534847446,0.873707031136738,0.732138217718888,0.7373819602735265,0.9098031337886702,0.814568345323741,0.5420680911380461,0.18194098424707908,0.10006737615418035,sv_complexity_medium,0.125,7698,107441,38756
fold_e,20260806,strict,C+T,complexity,high,10712,6130,0.6360289751810949,True,0.7438546490915569,0.6764890985335165,0.7000473627895305,16842,0.6360289751810949,0.25990741584445,0.823673150326447,0.8908259312373722,0.7438546490915569,0.7387313432835821,0.9241038088125467,0.8210849369608494,0.516423477557818,0.17310731422649644,0.09683691254677276,sv_complexity_high,0.125,16842,107441,38756
fold_e,20260806,strict,C+T,complexity,low,2102,1066,0.663510101010101,True,0.8184974747474747,0.7534176331663045,0.8180103085273958,3168,0.663510101010101,0.25990741584445,0.8950037309236445,0.9387623070991805,0.8184974747474747,0.8082357690754945,0.9524262607040913,0.874426730727233,0.406780788255838,0.1293000272741492,0.08576861354571574,sv_complexity_low,0.125,3168,107441,38756
fold_e,20260806,strict,C+T,complexity,medium,4978,2720,0.6466614705118212,True,0.7905949597298,0.7294413803086521,0.7774359392933177,7698,0.6466614705118212,0.25990741584445,0.8708510091461255,0.9213595420729831,0.7905949597298,0.7818151373074347,0.9379268782643632,0.8527853881278539,0.448284043942299,0.1445541619953394,0.0803046344891203,sv_complexity_medium,0.125,7698,107441,38756
fold_e,20260806,strict,C+S,complexity,high,10712,6130,0.6360289751810949,True,0.6881605510034438,0.5957585035215343,0.62908419652605,16842,0.6360289751810949,0.2332431453983942,0.7768204188073444,0.8649973948880588,0.6881605510034438,0.6872427983539094,0.9353995519044063,0.7923454056618694,0.5670536971241651,0.1944159139474194,0.11026426693136501,sv_complexity_high,0.125,16842,107441,38756
fold_e,20260806,strict,C+S,complexity,low,2102,1066,0.663510101010101,True,0.7698863636363636,0.6767926731086091,0.729038849750979,3168,0.663510101010101,0.2332431453983942,0.8493681975354483,0.9088243099225201,0.7698863636363636,0.7572124391157737,0.961465271170314,0.8472018444770488,0.4755721311714208,0.15430170533853577,0.09432080268101312,sv_complexity_low,0.125,3168,107441,38756
fold_e,20260806,strict,C+S,complexity,medium,4978,2720,0.6466614705118212,True,0.7474668745128605,0.6650767051497176,0.7024687913503436,7698,0.6466614705118212,0.2332431453983942,0.8330772309928391,0.8948707602588899,0.7474668745128605,0.737625313283208,0.9459622338288469,0.8289033620841401,0.5018151414469693,0.1654992679443078,0.09306737558076265,sv_complexity_medium,0.125,7698,107441,38756
fold_e,20260806,strict,C+S+T,complexity,high,10712,6130,0.6360289751810949,True,0.7382139888374303,0.671287251448879,0.6979032669073236,16842,0.6360289751810949,0.2511132964996638,0.81963013229663,0.8900455424618153,0.7382139888374303,0.7360851000074912,0.9172890216579537,0.816757408254021,0.5201992706218631,0.17536175495648315,0.09784186848637105,sv_complexity_high,0.125,16842,107441,38756
fold_e,20260806,strict,C+S+T,complexity,low,2102,1066,0.663510101010101,True,0.8096590909090909,0.7430585183770304,0.8295803170050354,3168,0.663510101010101,0.2511132964996638,0.8988033821090607,0.9426554980831338,0.8096590909090909,0.8020959290608626,0.9467174119885823,0.8684267946759764,0.4059757676629539,0.12844477028157641,0.08846104211966503,sv_complexity_low,0.125,3168,107441,38756
fold_e,20260806,strict,C+S+T,complexity,medium,4978,2720,0.6466614705118212,True,0.7915042868277474,0.7304780002599673,0.779192887767567,7698,0.6466614705118212,0.2511132964996638,0.8730849192328599,0.9219803396632609,0.7915042868277474,0.7824485010885949,0.9385295299316995,0.8534112704356562,0.4441686010523554,0.14321288569025362,0.08171876640464354,sv_complexity_medium,0.125,7698,107441,38756
fold_e,20260806,strict,T,complexity,high,10712,6130,0.6360289751810949,True,0.7440921505759411,0.6816301061028963,0.6988165173492291,16842,0.6360289751810949,0.2779363340963026,0.823310770680562,0.890377939161072,0.7440921505759411,0.7439786585365854,0.9112210604929052,0.8191507217186975,0.516597856085042,0.1732133751035162,0.09642692183676485,sv_complexity_high,0.125,16842,107441,38756
fold_e,20260806,strict,T,complexity,low,2102,1066,0.663510101010101,True,0.82260101010101,0.7615957642413282,0.8173591926758882,3168,0.663510101010101,0.2779363340963026,0.8944980925876009,0.938543213192076,0.82260101010101,0.8147996729354048,0.9481446241674596,0.876429199648197,0.4079065959791248,0.12960666905503815,0.0859338978330225,sv_complexity_low,0.125,3168,107441,38756
fold_e,20260806,strict,T,complexity,medium,4978,2720,0.6466614705118212,True,0.7913743829566121,0.733462676955073,0.7770133097335679,7698,0.6466614705118212,0.2779363340963026,0.8707801828043391,0.9212102107658229,0.7913743829566121,0.7859565807327001,0.9308959421454399,0.8523082582306419,0.4484697194967955,0.14448048340855305,0.0803542637981441,sv_complexity_medium,0.125,7698,107441,38756
fold_e,20260806,strict,S,complexity,high,10712,6130,0.6360289751810949,True,0.6824605153782212,0.5810898298869284,0.6257878661677756,16842,0.6360289751810949,0.2087839690352355,0.7746489658957587,0.863797626149416,0.6824605153782212,0.6779930979559331,0.9536967886482449,0.7925523661753298,0.569205310425976,0.1952705586955764,0.11005657919878849,sv_complexity_high,0.125,16842,107441,38756
fold_e,20260806,strict,S,complexity,low,2102,1066,0.663510101010101,True,0.7629419191919192,0.6625437580219321,0.7261538334441672,3168,0.663510101010101,0.2087839690352355,0.8480463080814662,0.9078535310768567,0.7629419191919192,0.7478899082568807,0.9695528068506185,0.8444168220426767,0.4790470107224236,0.15528189283041582,0.09391771884271803,sv_complexity_low,0.125,3168,107441,38756
fold_e,20260806,strict,S,complexity,medium,4978,2720,0.6466614705118212,True,0.7411015848272279,0.6504827860232081,0.6940852661370484,7698,0.6466614705118212,0.2087839690352355,0.8299825482121334,0.8919085377880971,0.7411015848272279,0.7272727272727273,0.9594214543993572,0.827371156344738,0.5056803062702255,0.16675548039908053,0.09322252791071534,sv_complexity_medium,0.125,7698,107441,38756
fold_e,20260806,strict,K,complexity,high,10712,6130,0.6360289751810949,True,0.6470727942049638,0.5343953724809851,0.42108609273972614,16842,0.6360289751810949,0.3022449455518995,0.6811445245350003,0.7892921118925615,0.6470727942049638,0.6532724701041532,0.948562359970127,0.7736998400974644,0.6507159810479192,0.2285021735482565,0.13519624139986872,sv_complexity_high,0.125,16842,107441,38756
fold_e,20260806,strict,K,complexity,low,2102,1066,0.663510101010101,True,0.6941287878787878,0.5586741297040432,0.45871660293197064,3168,0.663510101010101,0.3022449455518995,0.7017467952436971,0.8178636043956694,0.6941287878787878,0.6915793033479878,0.972882968601332,0.80846016999407,0.6080901575995337,0.21110296188383273,0.12140144161991741,sv_complexity_low,0.125,3168,107441,38756
fold_e,20260806,strict,K,complexity,medium,4978,2720,0.6466614705118212,True,0.679786957651338,0.5614667773497506,0.46159607541035846,7698,0.6466614705118212,0.3022449455518995,0.7095724865880462,0.8097611490148318,0.679786957651338,0.6771464824474834,0.9648453194053837,0.7957915665644935,0.6129968737252708,0.21283352770649222,0.11249067753677847,sv_complexity_medium,0.125,7698,107441,38756
fold_e,314159,1hop,C,complexity,high,10712,6130,0.6360289751810949,True,0.6922574516090726,0.6164239126859299,0.5981361224641807,16842,0.6360289751810949,0.286786811681311,0.7648946174313815,0.8537331926555889,0.6922574516090726,0.7025423107919995,0.8951643017176998,0.787241903041747,0.583432493216295,0.20088734367118402,0.11607235433721759,sv_complexity_high,0.125,16842,107441,38756
fold_e,314159,1hop,C,complexity,low,2102,1066,0.663510101010101,True,0.7629419191919192,0.6722530851525305,0.6563241121131812,3168,0.663510101010101,0.286786811681311,0.813778488458236,0.8843565351997005,0.7629419191919192,0.7557743279060962,0.9495718363463368,0.8416613957410921,0.518381007213652,0.1713437354097144,0.1023913531742823,sv_complexity_low,0.125,3168,107441,38756
fold_e,314159,1hop,C,complexity,medium,4978,2720,0.6466614705118212,True,0.732138217718888,0.6583942139531587,0.6425723256215474,7698,0.6466614705118212,0.286786811681311,0.8001488534847446,0.873707031136738,0.732138217718888,0.7373819602735265,0.9098031337886702,0.814568345323741,0.5420680911380461,0.18194098424707908,0.10006737615418035,sv_complexity_medium,0.125,7698,107441,38756
fold_e,314159,1hop,C+T,complexity,high,10712,6130,0.6360289751810949,True,0.7532953330958319,0.6906094550850566,0.7247337735644175,16842,0.6360289751810949,0.2620519247957912,0.8371323130772521,0.8998110694662083,0.7532953330958319,0.7488425047438331,0.9210231516056758,0.8260560137313183,0.49152473777053585,0.16491224979057514,0.08369886608825955,sv_complexity_high,0.125,16842,107441,38756
fold_e,314159,1hop,C+T,complexity,low,2102,1066,0.663510101010101,True,0.8421717171717171,0.7913699630299385,0.8461353207555924,3168,0.663510101010101,0.2620519247957912,0.912118673719124,0.9482260896229361,0.8421717171717171,0.8368376787216149,0.9467174119885823,0.8883928571428571,0.37189338648056003,0.11688942495605255,0.08105471301256784,sv_complexity_low,0.125,3168,107441,38756
fold_e,314159,1hop,C+T,complexity,medium,4978,2720,0.6466614705118212,True,0.8157963107300598,0.7656034345236689,0.8177933373788137,7698,0.6466614705118212,0.2620519247957912,0.895618847930896,0.9356193657664813,0.8157963107300598,0.8087062088102671,0.9367215749296907,0.8680193596425912,0.4058317149682341,0.12995658167667284,0.07735539211305234,sv_complexity_medium,0.125,7698,107441,38756
fold_e,314159,1hop,C+S,complexity,high,10712,6130,0.6360289751810949,True,0.6881605510034438,0.5957585035215343,0.62908419652605,16842,0.6360289751810949,0.2332431453983942,0.7768204188073444,0.8649973948880588,0.6881605510034438,0.6872427983539094,0.9353995519044063,0.7923454056618694,0.5670536971241651,0.1944159139474194,0.11026426693136501,sv_complexity_high,0.125,16842,107441,38756
fold_e,314159,1hop,C+S,complexity,low,2102,1066,0.663510101010101,True,0.7698863636363636,0.6767926731086091,0.729038849750979,3168,0.663510101010101,0.2332431453983942,0.8493681975354483,0.9088243099225201,0.7698863636363636,0.7572124391157737,0.961465271170314,0.8472018444770488,0.4755721311714208,0.15430170533853577,0.09432080268101312,sv_complexity_low,0.125,3168,107441,38756
fold_e,314159,1hop,C+S,complexity,medium,4978,2720,0.6466614705118212,True,0.7474668745128605,0.6650767051497176,0.7024687913503436,7698,0.6466614705118212,0.2332431453983942,0.8330772309928391,0.8948707602588899,0.7474668745128605,0.737625313283208,0.9459622338288469,0.8289033620841401,0.5018151414469693,0.1654992679443078,0.09306737558076265,sv_complexity_medium,0.125,7698,107441,38756
fold_e,314159,1hop,C+S+T,complexity,high,10712,6130,0.6360289751810949,True,0.7394608716304477,0.6611028384260855,0.7213095747477436,16842,0.6360289751810949,0.2017939224550405,0.8339118087443211,0.8985647603137198,0.7394608716304477,0.7256959314775161,0.9491224794622853,0.8225062697192784,0.49839348774320524,0.16734995713118486,0.08856363951245688,sv_complexity_high,0.125,16842,107441,38756
fold_e,314159,1hop,C+S+T,complexity,low,2102,1066,0.663510101010101,True,0.836489898989899,0.7722931613419186,0.8525544639891396,3168,0.663510101010101,0.2017939224550405,0.9141256071676578,0.9503860664811941,0.836489898989899,0.8183279742765274,0.9686013320647003,0.8871459694989107,0.3740812361166749,0.11682544717003032,0.08499931059775898,sv_complexity_low,0.125,3168,107441,38756
fold_e,314159,1hop,C+S+T,complexity,medium,4978,2720,0.6466614705118212,True,0.8083917900753442,0.7458701374282135,0.8194900168335999,7698,0.6466614705118212,0.2017939224550405,0.8954362429986056,0.9362188679900483,0.8083917900753442,0.7897435897435897,0.959019686621133,0.8661888778009617,0.4071431204911943,0.13014487069744046,0.07809309605940182,sv_complexity_medium,0.125,7698,107441,38756
fold_e,314159,1hop,T,complexity,high,10712,6130,0.6360289751810949,True,0.754304714404465,0.6942290026766341,0.7215434664265234,16842,0.6360289751810949,0.2654331532439488,0.8353555707980073,0.8986498901077419,0.754304714404465,0.7522640061396777,0.9150485436893204,0.8257097127453458,0.49523758225944947,0.1660800133097176,0.08474844370967984,sv_complexity_high,0.125,16842,107441,38756
fold_e,314159,1hop,T,complexity,low,2102,1066,0.663510101010101,True,0.8431186868686869,0.7923147435748674,0.8512274191978009,3168,0.663510101010101,0.2654331532439488,0.912703304098839,0.9499395293134014,0.8431186868686869,0.8373266078184111,0.9476688867745005,0.8890872573086365,0.37154992829334327,0.11667899653928913,0.08101489361853685,sv_complexity_low,0.125,3168,107441,38756
fold_e,314159,1hop,T,complexity,medium,4978,2720,0.6466614705118212,True,0.8163159262146011,0.7667556365655945,0.8164272537475815,7698,0.6466614705118212,0.2654331532439488,0.8948652010020561,0.9351366757850639,0.8163159262146011,0.8098052851182197,0.9357171554841301,0.8682199440820131,0.4079467975435209,0.13037075933260592,0.07801839283970505,sv_complexity_medium,0.125,7698,107441,38756
fold_e,314159,1hop,S,complexity,high,10712,6130,0.6360289751810949,True,0.6824605153782212,0.5810898298869284,0.6257878661677756,16842,0.6360289751810949,0.2087839690352355,0.7746489658957587,0.863797626149416,0.6824605153782212,0.6779930979559331,0.9536967886482449,0.7925523661753298,0.569205310425976,0.1952705586955764,0.11005657919878849,sv_complexity_high,0.125,16842,107441,38756
fold_e,314159,1hop,S,complexity,low,2102,1066,0.663510101010101,True,0.7629419191919192,0.6625437580219321,0.7261538334441672,3168,0.663510101010101,0.2087839690352355,0.8480463080814662,0.9078535310768567,0.7629419191919192,0.7478899082568807,0.9695528068506185,0.8444168220426767,0.4790470107224236,0.15528189283041582,0.09391771884271803,sv_complexity_low,0.125,3168,107441,38756
fold_e,314159,1hop,S,complexity,medium,4978,2720,0.6466614705118212,True,0.7411015848272279,0.6504827860232081,0.6940852661370484,7698,0.6466614705118212,0.2087839690352355,0.8299825482121334,0.8919085377880971,0.7411015848272279,0.7272727272727273,0.9594214543993572,0.827371156344738,0.5056803062702255,0.16675548039908053,0.09322252791071534,sv_complexity_medium,0.125,7698,107441,38756
fold_e,314159,1hop,K,complexity,high,10712,6130,0.6360289751810949,True,0.6470727942049638,0.5343953724809851,0.42108609273972614,16842,0.6360289751810949,0.3022449455518995,0.6811445245350003,0.7892921118925615,0.6470727942049638,0.6532724701041532,0.948562359970127,0.7736998400974644,0.6507159810479192,0.2285021735482565,0.13519624139986872,sv_complexity_high,0.125,16842,107441,38756
fold_e,314159,1hop,K,complexity,low,2102,1066,0.663510101010101,True,0.6941287878787878,0.5586741297040432,0.45871660293197064,3168,0.663510101010101,0.3022449455518995,0.7017467952436971,0.8178636043956694,0.6941287878787878,0.6915793033479878,0.972882968601332,0.80846016999407,0.6080901575995337,0.21110296188383273,0.12140144161991741,sv_complexity_low,0.125,3168,107441,38756
fold_e,314159,1hop,K,complexity,medium,4978,2720,0.6466614705118212,True,0.679786957651338,0.5614667773497506,0.46159607541035846,7698,0.6466614705118212,0.3022449455518995,0.7095724865880462,0.8097611490148318,0.679786957651338,0.6771464824474834,0.9648453194053837,0.7957915665644935,0.6129968737252708,0.21283352770649222,0.11249067753677847,sv_complexity_medium,0.125,7698,107441,38756
fold_e,314159,strict,C,complexity,high,10712,6130,0.6360289751810949,True,0.6922574516090726,0.6164239126859299,0.5981361224641807,16842,0.6360289751810949,0.286786811681311,0.7648946174313815,0.8537331926555889,0.6922574516090726,0.7025423107919995,0.8951643017176998,0.787241903041747,0.583432493216295,0.20088734367118402,0.11607235433721759,sv_complexity_high,0.125,16842,107441,38756
fold_e,314159,strict,C,complexity,low,2102,1066,0.663510101010101,True,0.7629419191919192,0.6722530851525305,0.6563241121131812,3168,0.663510101010101,0.286786811681311,0.813778488458236,0.8843565351997005,0.7629419191919192,0.7557743279060962,0.9495718363463368,0.8416613957410921,0.518381007213652,0.1713437354097144,0.1023913531742823,sv_complexity_low,0.125,3168,107441,38756
fold_e,314159,strict,C,complexity,medium,4978,2720,0.6466614705118212,True,0.732138217718888,0.6583942139531587,0.6425723256215474,7698,0.6466614705118212,0.286786811681311,0.8001488534847446,0.873707031136738,0.732138217718888,0.7373819602735265,0.9098031337886702,0.814568345323741,0.5420680911380461,0.18194098424707908,0.10006737615418035,sv_complexity_medium,0.125,7698,107441,38756
fold_e,314159,strict,C+T,complexity,high,10712,6130,0.6360289751810949,True,0.7442109013181333,0.6805721076940133,0.7067617439122196,16842,0.6360289751810949,0.2795816306400727,0.8248247532611198,0.893269771415622,0.7442109013181333,0.7427964816499848,0.914488424197162,0.8197489539748954,0.5124970497689559,0.17202708801816544,0.09450259520031501,sv_complexity_high,0.125,16842,107441,38756
fold_e,314159,strict,C+T,complexity,low,2102,1066,0.663510101010101,True,0.8257575757575758,0.7681355914049517,0.8187258531811789,3168,0.663510101010101,0.2795816306400727,0.8945052331113225,0.9390030806474547,0.8257575757575758,0.8202479338842975,0.9443387250237869,0.8779301194161875,0.40741824572264357,0.13035933269250294,0.08919165597203037,sv_complexity_low,0.125,3168,107441,38756
fold_e,314159,strict,C+T,complexity,medium,4978,2720,0.6466614705118212,True,0.7900753442452585,0.7322081127549454,0.7769542205145193,7698,0.6466614705118212,0.2795816306400727,0.8696449672677427,0.9211893322680557,0.7900753442452585,0.7853021045485404,0.9294897549216553,0.8513339466421344,0.4486865849566513,0.14586619827853936,0.08258033321188381,sv_complexity_medium,0.125,7698,107441,38756
fold_e,314159,strict,C+S,complexity,high,10712,6130,0.6360289751810949,True,0.6881605510034438,0.5957585035215343,0.62908419652605,16842,0.6360289751810949,0.2332431453983942,0.7768204188073444,0.8649973948880588,0.6881605510034438,0.6872427983539094,0.9353995519044063,0.7923454056618694,0.5670536971241651,0.1944159139474194,0.11026426693136501,sv_complexity_high,0.125,16842,107441,38756
fold_e,314159,strict,C+S,complexity,low,2102,1066,0.663510101010101,True,0.7698863636363636,0.6767926731086091,0.729038849750979,3168,0.663510101010101,0.2332431453983942,0.8493681975354483,0.9088243099225201,0.7698863636363636,0.7572124391157737,0.961465271170314,0.8472018444770488,0.4755721311714208,0.15430170533853577,0.09432080268101312,sv_complexity_low,0.125,3168,107441,38756
fold_e,314159,strict,C+S,complexity,medium,4978,2720,0.6466614705118212,True,0.7474668745128605,0.6650767051497176,0.7024687913503436,7698,0.6466614705118212,0.2332431453983942,0.8330772309928391,0.8948707602588899,0.7474668745128605,0.737625313283208,0.9459622338288469,0.8289033620841401,0.5018151414469693,0.1654992679443078,0.09306737558076265,sv_complexity_medium,0.125,7698,107441,38756
fold_e,314159,strict,C+S+T,complexity,high,10712,6130,0.6360289751810949,True,0.7317420733879587,0.656221118362782,0.7056897487481177,16842,0.6360289751810949,0.2237181602019372,0.8209456211996242,0.892879596237143,0.7317420733879587,0.7242253113234868,0.9338125466766244,0.8157723046811287,0.5175009755636999,0.17450741914463525,0.09635604799120147,sv_complexity_high,0.125,16842,107441,38756
fold_e,314159,strict,C+S+T,complexity,low,2102,1066,0.663510101010101,True,0.8159722222222222,0.7466600200291691,0.8339159383352502,3168,0.663510101010101,0.2237181602019372,0.8992795657847524,0.9441143908665962,0.8159722222222222,0.8024691358024691,0.9586108468125595,0.873618035985259,0.4044616449796991,0.12837420200528876,0.09044885573391644,sv_complexity_low,0.125,3168,107441,38756
fold_e,314159,strict,C+S+T,complexity,medium,4978,2720,0.6466614705118212,True,0.7847492855287087,0.7175839133363269,0.7834752925235758,7698,0.6466614705118212,0.2237181602019372,0.873373579041902,0.9234934782624222,0.7847492855287087,0.7720793052597084,0.9465648854961832,0.8504647594982402,0.44398435271362824,0.14378859859374613,0.08327500067639558,sv_complexity_medium,0.125,7698,107441,38756
fold_e,314159,strict,T,complexity,high,10712,6130,0.6360289751810949,True,0.7390452440327752,0.6704055886462956,0.7020526791178916,16842,0.6360289751810949,0.2638242091668648,0.8239107899299104,0.8915558082764918,0.7390452440327752,0.7348152553713478,0.9227035100821509,0.8181103339817075,0.5145231958340772,0.17238681871198802,0.09449273828313794,sv_complexity_high,0.125,16842,107441,38756
fold_e,314159,strict,T,complexity,low,2102,1066,0.663510101010101,True,0.8210227272727273,0.7590193740259878,0.8162997660493596,3168,0.663510101010101,0.2638242091668648,0.8925866636438449,0.9381867268335282,0.8210227272727273,0.8128821850794945,0.9486203615604186,0.8755214050493962,0.4111747828709437,0.1311059024087865,0.0895754219662198,sv_complexity_low,0.125,3168,107441,38756
fold_e,314159,strict,T,complexity,medium,4978,2720,0.6466614705118212,True,0.7860483242400623,0.724591806891499,0.7734041820571396,7698,0.6466614705118212,0.2638242091668648,0.8686480440408386,0.9199349668998986,0.7860483242400623,0.7790249623052438,0.9341100843712334,0.8495478213209099,0.4514905928741077,0.14633540998439878,0.08371987489847121,sv_complexity_medium,0.125,7698,107441,38756
fold_e,314159,strict,S,complexity,high,10712,6130,0.6360289751810949,True,0.6824605153782212,0.5810898298869284,0.6257878661677756,16842,0.6360289751810949,0.2087839690352355,0.7746489658957587,0.863797626149416,0.6824605153782212,0.6779930979559331,0.9536967886482449,0.7925523661753298,0.569205310425976,0.1952705586955764,0.11005657919878849,sv_complexity_high,0.125,16842,107441,38756
fold_e,314159,strict,S,complexity,low,2102,1066,0.663510101010101,True,0.7629419191919192,0.6625437580219321,0.7261538334441672,3168,0.663510101010101,0.2087839690352355,0.8480463080814662,0.9078535310768567,0.7629419191919192,0.7478899082568807,0.9695528068506185,0.8444168220426767,0.4790470107224236,0.15528189283041582,0.09391771884271803,sv_complexity_low,0.125,3168,107441,38756
fold_e,314159,strict,S,complexity,medium,4978,2720,0.6466614705118212,True,0.7411015848272279,0.6504827860232081,0.6940852661370484,7698,0.6466614705118212,0.2087839690352355,0.8299825482121334,0.8919085377880971,0.7411015848272279,0.7272727272727273,0.9594214543993572,0.827371156344738,0.5056803062702255,0.16675548039908053,0.09322252791071534,sv_complexity_medium,0.125,7698,107441,38756
fold_e,314159,strict,K,complexity,high,10712,6130,0.6360289751810949,True,0.6470727942049638,0.5343953724809851,0.42108609273972614,16842,0.6360289751810949,0.3022449455518995,0.6811445245350003,0.7892921118925615,0.6470727942049638,0.6532724701041532,0.948562359970127,0.7736998400974644,0.6507159810479192,0.2285021735482565,0.13519624139986872,sv_complexity_high,0.125,16842,107441,38756
fold_e,314159,strict,K,complexity,low,2102,1066,0.663510101010101,True,0.6941287878787878,0.5586741297040432,0.45871660293197064,3168,0.663510101010101,0.3022449455518995,0.7017467952436971,0.8178636043956694,0.6941287878787878,0.6915793033479878,0.972882968601332,0.80846016999407,0.6080901575995337,0.21110296188383273,0.12140144161991741,sv_complexity_low,0.125,3168,107441,38756
fold_e,314159,strict,K,complexity,medium,4978,2720,0.6466614705118212,True,0.679786957651338,0.5614667773497506,0.46159607541035846,7698,0.6466614705118212,0.3022449455518995,0.7095724865880462,0.8097611490148318,0.679786957651338,0.6771464824474834,0.9648453194053837,0.7957915665644935,0.6129968737252708,0.21283352770649222,0.11249067753677847,sv_complexity_medium,0.125,7698,107441,38756
fold_e,42,1hop,C,complexity,high,10712,6130,0.6360289751810949,True,0.6922574516090726,0.6164239126859299,0.5981361224641807,16842,0.6360289751810949,0.286786811681311,0.7648946174313815,0.8537331926555889,0.6922574516090726,0.7025423107919995,0.8951643017176998,0.787241903041747,0.583432493216295,0.20088734367118402,0.11607235433721759,sv_complexity_high,0.125,16842,107441,38756
fold_e,42,1hop,C,complexity,low,2102,1066,0.663510101010101,True,0.7629419191919192,0.6722530851525305,0.6563241121131812,3168,0.663510101010101,0.286786811681311,0.813778488458236,0.8843565351997005,0.7629419191919192,0.7557743279060962,0.9495718363463368,0.8416613957410921,0.518381007213652,0.1713437354097144,0.1023913531742823,sv_complexity_low,0.125,3168,107441,38756
fold_e,42,1hop,C,complexity,medium,4978,2720,0.6466614705118212,True,0.732138217718888,0.6583942139531587,0.6425723256215474,7698,0.6466614705118212,0.286786811681311,0.8001488534847446,0.873707031136738,0.732138217718888,0.7373819602735265,0.9098031337886702,0.814568345323741,0.5420680911380461,0.18194098424707908,0.10006737615418035,sv_complexity_medium,0.125,7698,107441,38756
fold_e,42,1hop,C+T,complexity,high,10712,6130,0.6360289751810949,True,0.7518703241895262,0.6848838094704358,0.7284266954877414,16842,0.6360289751810949,0.2424206642406994,0.8381491477290033,0.9011551860432166,0.7518703241895262,0.743496086470369,0.9311053024645257,0.8267915613213412,0.49454348921446856,0.1658576415715093,0.09217170792532253,sv_complexity_high,0.125,16842,107441,38756
fold_e,42,1hop,C+T,complexity,low,2102,1066,0.663510101010101,True,0.8481691919191919,0.794964770441088,0.853294203412301,3168,0.663510101010101,0.2424206642406994,0.9167194024095697,0.9506349813249725,0.8481691919191919,0.837006237006237,0.9576593720266413,0.893277124473042,0.35986229576302603,0.11217920263100209,0.0727677392556708,sv_complexity_low,0.125,3168,107441,38756
fold_e,42,1hop,C+T,complexity,medium,4978,2720,0.6466614705118212,True,0.8172252533125487,0.7649572826318153,0.8277973023825358,7698,0.6466614705118212,0.2424206642406994,0.9020458399309905,0.9391541520499477,0.8172252533125487,0.8068396631723664,0.9431498593812776,0.8696860238955265,0.3959721834933439,0.1257507012984908,0.0760566409657477,sv_complexity_medium,0.125,7698,107441,38756
fold_e,42,1hop,C+S,complexity,high,10712,6130,0.6360289751810949,True,0.6881605510034438,0.5957585035215343,0.62908419652605,16842,0.6360289751810949,0.2332431453983942,0.7768204188073444,0.8649973948880588,0.6881605510034438,0.6872427983539094,0.9353995519044063,0.7923454056618694,0.5670536971241651,0.1944159139474194,0.11026426693136501,sv_complexity_high,0.125,16842,107441,38756
fold_e,42,1hop,C+S,complexity,low,2102,1066,0.663510101010101,True,0.7698863636363636,0.6767926731086091,0.729038849750979,3168,0.663510101010101,0.2332431453983942,0.8493681975354483,0.9088243099225201,0.7698863636363636,0.7572124391157737,0.961465271170314,0.8472018444770488,0.4755721311714208,0.15430170533853577,0.09432080268101312,sv_complexity_low,0.125,3168,107441,38756
fold_e,42,1hop,C+S,complexity,medium,4978,2720,0.6466614705118212,True,0.7474668745128605,0.6650767051497176,0.7024687913503436,7698,0.6466614705118212,0.2332431453983942,0.8330772309928391,0.8948707602588899,0.7474668745128605,0.737625313283208,0.9459622338288469,0.8289033620841401,0.5018151414469693,0.1654992679443078,0.09306737558076265,sv_complexity_medium,0.125,7698,107441,38756
fold_e,42,1hop,C+S+T,complexity,high,10712,6130,0.6360289751810949,True,0.7453984087400546,0.6755395452280499,0.7253480390394332,16842,0.6360289751810949,0.2268282466615227,0.834935344118654,0.9000346443006606,0.7453984087400546,0.7370479704797048,0.9323188946975355,0.823262715357349,0.5002547095804091,0.16798208656431013,0.09468210240144889,sv_complexity_high,0.125,16842,107441,38756
fold_e,42,1hop,C+S+T,complexity,low,2102,1066,0.663510101010101,True,0.84375,0.7844682005701709,0.8613194012333619,3168,0.663510101010101,0.2268282466615227,0.9177994066224787,0.9533353793291552,0.84375,0.8275580921320832,0.9657469077069457,0.8913282107574094,0.3642722865425238,0.11355959367225978,0.07815991251323964,sv_complexity_low,0.125,3168,107441,38756
fold_e,42,1hop,C+S+T,complexity,medium,4978,2720,0.6466614705118212,True,0.8186541958950376,0.7620598279488573,0.8266757510156114,7698,0.6466614705118212,0.2268282466615227,0.9011262422305202,0.9387578647392132,0.8186541958950376,0.8022274721565981,0.9550020088388911,0.8719735876742479,0.3990447292795694,0.12662887253274369,0.07829724937527453,sv_complexity_medium,0.125,7698,107441,38756
fold_e,42,1hop,T,complexity,high,10712,6130,0.6360289751810949,True,0.7529390808692554,0.693190329760833,0.7238154891181665,16842,0.6360289751810949,0.2649703933183839,0.8356990742038017,0.899476840535231,0.7529390808692554,0.7518646674356017,0.9128080657206871,0.8245562254922629,0.49794498132181747,0.1670111116994958,0.09093702313057238,sv_complexity_high,0.125,16842,107441,38756
fold_e,42,1hop,T,complexity,low,2102,1066,0.663510101010101,True,0.8484848484848485,0.797052034781491,0.8563929891920029,3168,0.663510101010101,0.2649703933183839,0.9171427015814474,0.9516776914389757,0.8484848484848485,0.8393305439330544,0.9543292102759277,0.8931433659839715,0.360655917376391,0.11204221042954574,0.0738811488671504,sv_complexity_low,0.125,3168,107441,38756
fold_e,42,1hop,T,complexity,medium,4978,2720,0.6466614705118212,True,0.8204728500909327,0.772637989506771,0.822741402779841,7698,0.6466614705118212,0.2649703933183839,0.9009257645404486,0.9373677079190916,0.8204728500909327,0.8143356643356643,0.9357171554841301,0.8708169751355394,0.39865860990577007,0.12611132772964326,0.07667965822139677,sv_complexity_medium,0.125,7698,107441,38756
fold_e,42,1hop,S,complexity,high,10712,6130,0.6360289751810949,True,0.6824605153782212,0.5810898298869284,0.6257878661677756,16842,0.6360289751810949,0.2087839690352355,0.7746489658957587,0.863797626149416,0.6824605153782212,0.6779930979559331,0.9536967886482449,0.7925523661753298,0.569205310425976,0.1952705586955764,0.11005657919878849,sv_complexity_high,0.125,16842,107441,38756
fold_e,42,1hop,S,complexity,low,2102,1066,0.663510101010101,True,0.7629419191919192,0.6625437580219321,0.7261538334441672,3168,0.663510101010101,0.2087839690352355,0.8480463080814662,0.9078535310768567,0.7629419191919192,0.7478899082568807,0.9695528068506185,0.8444168220426767,0.4790470107224236,0.15528189283041582,0.09391771884271803,sv_complexity_low,0.125,3168,107441,38756
fold_e,42,1hop,S,complexity,medium,4978,2720,0.6466614705118212,True,0.7411015848272279,0.6504827860232081,0.6940852661370484,7698,0.6466614705118212,0.2087839690352355,0.8299825482121334,0.8919085377880971,0.7411015848272279,0.7272727272727273,0.9594214543993572,0.827371156344738,0.5056803062702255,0.16675548039908053,0.09322252791071534,sv_complexity_medium,0.125,7698,107441,38756
fold_e,42,1hop,K,complexity,high,10712,6130,0.6360289751810949,True,0.6470727942049638,0.5343953724809851,0.42108609273972614,16842,0.6360289751810949,0.3022449455518995,0.6811445245350003,0.7892921118925615,0.6470727942049638,0.6532724701041532,0.948562359970127,0.7736998400974644,0.6507159810479192,0.2285021735482565,0.13519624139986872,sv_complexity_high,0.125,16842,107441,38756
fold_e,42,1hop,K,complexity,low,2102,1066,0.663510101010101,True,0.6941287878787878,0.5586741297040432,0.45871660293197064,3168,0.663510101010101,0.3022449455518995,0.7017467952436971,0.8178636043956694,0.6941287878787878,0.6915793033479878,0.972882968601332,0.80846016999407,0.6080901575995337,0.21110296188383273,0.12140144161991741,sv_complexity_low,0.125,3168,107441,38756
fold_e,42,1hop,K,complexity,medium,4978,2720,0.6466614705118212,True,0.679786957651338,0.5614667773497506,0.46159607541035846,7698,0.6466614705118212,0.3022449455518995,0.7095724865880462,0.8097611490148318,0.679786957651338,0.6771464824474834,0.9648453194053837,0.7957915665644935,0.6129968737252708,0.21283352770649222,0.11249067753677847,sv_complexity_medium,0.125,7698,107441,38756
fold_e,42,strict,C,complexity,high,10712,6130,0.6360289751810949,True,0.6922574516090726,0.6164239126859299,0.5981361224641807,16842,0.6360289751810949,0.286786811681311,0.7648946174313815,0.8537331926555889,0.6922574516090726,0.7025423107919995,0.8951643017176998,0.787241903041747,0.583432493216295,0.20088734367118402,0.11607235433721759,sv_complexity_high,0.125,16842,107441,38756
fold_e,42,strict,C,complexity,low,2102,1066,0.663510101010101,True,0.7629419191919192,0.6722530851525305,0.6563241121131812,3168,0.663510101010101,0.286786811681311,0.813778488458236,0.8843565351997005,0.7629419191919192,0.7557743279060962,0.9495718363463368,0.8416613957410921,0.518381007213652,0.1713437354097144,0.1023913531742823,sv_complexity_low,0.125,3168,107441,38756
fold_e,42,strict,C,complexity,medium,4978,2720,0.6466614705118212,True,0.732138217718888,0.6583942139531587,0.6425723256215474,7698,0.6466614705118212,0.286786811681311,0.8001488534847446,0.873707031136738,0.732138217718888,0.7373819602735265,0.9098031337886702,0.814568345323741,0.5420680911380461,0.18194098424707908,0.10006737615418035,sv_complexity_medium,0.125,7698,107441,38756
fold_e,42,strict,C+T,complexity,high,10712,6130,0.6360289751810949,True,0.7451609072556703,0.6819120542344304,0.7116801624687402,16842,0.6360289751810949,0.2766294987469514,0.8261130813942863,0.8950599332581272,0.7451609072556703,0.7437357630979499,0.9143950709484691,0.8202830583703208,0.5124577148346772,0.1719932336742153,0.09551352973567351,sv_complexity_high,0.125,16842,107441,38756
fold_e,42,strict,C+T,complexity,low,2102,1066,0.663510101010101,True,0.8244949494949495,0.761173580776282,0.8096412060967207,3168,0.663510101010101,0.2766294987469514,0.8897313467206253,0.9359461886676466,0.8244949494949495,0.8132090761750406,0.9548049476688868,0.8783369803063458,0.4136841638869901,0.13248276092472744,0.08893489332081139,sv_complexity_low,0.125,3168,107441,38756
fold_e,42,strict,C+T,complexity,medium,4978,2720,0.6466614705118212,True,0.7894258248895817,0.7306219424290408,0.7772413093132515,7698,0.6466614705118212,0.2766294987469514,0.8705797420414529,0.9212907718020322,0.7894258248895817,0.7838660578386606,0.931096826034552,0.8511615095032595,0.448973363148005,0.14524648397688592,0.08220148630301014,sv_complexity_medium,0.125,7698,107441,38756
fold_e,42,strict,C+S,complexity,high,10712,6130,0.6360289751810949,True,0.6881605510034438,0.5957585035215343,0.62908419652605,16842,0.6360289751810949,0.2332431453983942,0.7768204188073444,0.8649973948880588,0.6881605510034438,0.6872427983539094,0.9353995519044063,0.7923454056618694,0.5670536971241651,0.1944159139474194,0.11026426693136501,sv_complexity_high,0.125,16842,107441,38756
fold_e,42,strict,C+S,complexity,low,2102,1066,0.663510101010101,True,0.7698863636363636,0.6767926731086091,0.729038849750979,3168,0.663510101010101,0.2332431453983942,0.8493681975354483,0.9088243099225201,0.7698863636363636,0.7572124391157737,0.961465271170314,0.8472018444770488,0.4755721311714208,0.15430170533853577,0.09432080268101312,sv_complexity_low,0.125,3168,107441,38756
fold_e,42,strict,C+S,complexity,medium,4978,2720,0.6466614705118212,True,0.7474668745128605,0.6650767051497176,0.7024687913503436,7698,0.6466614705118212,0.2332431453983942,0.8330772309928391,0.8948707602588899,0.7474668745128605,0.737625313283208,0.9459622338288469,0.8289033620841401,0.5018151414469693,0.1654992679443078,0.09306737558076265,sv_complexity_medium,0.125,7698,107441,38756
fold_e,42,strict,C+S+T,complexity,high,10712,6130,0.6360289751810949,True,0.7352452202826267,0.6630571041669966,0.7066060084723177,16842,0.6360289751810949,0.2394385318514579,0.8208756443353917,0.8932130882279603,0.7352452202826267,0.7292659675881792,0.9283980582524272,0.816871329418046,0.5172863594500305,0.17471281594575097,0.09753276817085836,sv_complexity_high,0.125,16842,107441,38756
fold_e,42,strict,C+S+T,complexity,low,2102,1066,0.663510101010101,True,0.8140782828282829,0.7450016333948013,0.8211026907877991,3168,0.663510101010101,0.2394385318514579,0.8935934774886065,0.9398028624936218,0.8140782828282829,0.8017550857598723,0.956232159847764,0.8722065523974832,0.4128308012587776,0.13123510936893715,0.0905992084887185,sv_complexity_low,0.125,3168,107441,38756
fold_e,42,strict,C+S+T,complexity,medium,4978,2720,0.6466614705118212,True,0.7890361132761756,0.7244005240706166,0.7763058775804569,7698,0.6466614705118212,0.2394385318514579,0.8727832610545223,0.92096024772913,0.7890361132761756,0.7770984798413747,0.9447569304941744,0.8527651858567543,0.4450485986400167,0.14380286178035062,0.08403661828654409,sv_complexity_medium,0.125,7698,107441,38756
fold_e,42,strict,T,complexity,high,10712,6130,0.6360289751810949,True,0.7447452796579979,0.682178438414877,0.7093305365240583,16842,0.6360289751810949,0.2761137736052036,0.8246296175593044,0.8942047374951002,0.7447452796579979,0.7442303298042501,0.9121545929798357,0.8196803825342897,0.514597914723675,0.17265308345915906,0.09507436296289726,sv_complexity_high,0.125,16842,107441,38756
fold_e,42,strict,T,complexity,low,2102,1066,0.663510101010101,True,0.8216540404040404,0.757876890230514,0.8084683148166153,3168,0.663510101010101,0.2761137736052036,0.8885598545475317,0.9355515225992778,0.8216540404040404,0.8112596192790603,0.9529019980970505,0.8763946619995625,0.4174679638178517,0.1332869387052322,0.09103187138097796,sv_complexity_low,0.125,3168,107441,38756
fold_e,42,strict,T,complexity,medium,4978,2720,0.6466614705118212,True,0.7894258248895817,0.7293712186562049,0.7739231719984869,7698,0.6466614705118212,0.2761137736052036,0.8700282714532177,0.9201183460425935,0.7894258248895817,0.7824331145885917,0.9341100843712334,0.8515703690138265,0.45078143100276924,0.14543352125078893,0.08309327188479787,sv_complexity_medium,0.125,7698,107441,38756
fold_e,42,strict,S,complexity,high,10712,6130,0.6360289751810949,True,0.6824605153782212,0.5810898298869284,0.6257878661677756,16842,0.6360289751810949,0.2087839690352355,0.7746489658957587,0.863797626149416,0.6824605153782212,0.6779930979559331,0.9536967886482449,0.7925523661753298,0.569205310425976,0.1952705586955764,0.11005657919878849,sv_complexity_high,0.125,16842,107441,38756
fold_e,42,strict,S,complexity,low,2102,1066,0.663510101010101,True,0.7629419191919192,0.6625437580219321,0.7261538334441672,3168,0.663510101010101,0.2087839690352355,0.8480463080814662,0.9078535310768567,0.7629419191919192,0.7478899082568807,0.9695528068506185,0.8444168220426767,0.4790470107224236,0.15528189283041582,0.09391771884271803,sv_complexity_low,0.125,3168,107441,38756
fold_e,42,strict,S,complexity,medium,4978,2720,0.6466614705118212,True,0.7411015848272279,0.6504827860232081,0.6940852661370484,7698,0.6466614705118212,0.2087839690352355,0.8299825482121334,0.8919085377880971,0.7411015848272279,0.7272727272727273,0.9594214543993572,0.827371156344738,0.5056803062702255,0.16675548039908053,0.09322252791071534,sv_complexity_medium,0.125,7698,107441,38756
fold_e,42,strict,K,complexity,high,10712,6130,0.6360289751810949,True,0.6470727942049638,0.5343953724809851,0.42108609273972614,16842,0.6360289751810949,0.3022449455518995,0.6811445245350003,0.7892921118925615,0.6470727942049638,0.6532724701041532,0.948562359970127,0.7736998400974644,0.6507159810479192,0.2285021735482565,0.13519624139986872,sv_complexity_high,0.125,16842,107441,38756
fold_e,42,strict,K,complexity,low,2102,1066,0.663510101010101,True,0.6941287878787878,0.5586741297040432,0.45871660293197064,3168,0.663510101010101,0.3022449455518995,0.7017467952436971,0.8178636043956694,0.6941287878787878,0.6915793033479878,0.972882968601332,0.80846016999407,0.6080901575995337,0.21110296188383273,0.12140144161991741,sv_complexity_low,0.125,3168,107441,38756
fold_e,42,strict,K,complexity,medium,4978,2720,0.6466614705118212,True,0.679786957651338,0.5614667773497506,0.46159607541035846,7698,0.6466614705118212,0.3022449455518995,0.7095724865880462,0.8097611490148318,0.679786957651338,0.6771464824474834,0.9648453194053837,0.7957915665644935,0.6129968737252708,0.21283352770649222,0.11249067753677847,sv_complexity_medium,0.125,7698,107441,38756
fold_a,20260806,1hop,C,complexity,high,14004,7742,0.643980502161317,True,0.7079922744412765,0.631311321834386,0.6111380176982224,21746,0.643980502161317,0.3046057885212088,0.7725775069174243,0.8615575523323663,0.7079922744412765,0.7188608029280568,0.8976006855184233,0.7983486821213084,0.573796168442959,0.19690319784582272,0.11712417237961557,sv_complexity_high,0.25,21746,91932,43217
fold_a,20260806,1hop,C,complexity,low,5267,2539,0.6747373815014092,True,0.7585190878811171,0.6631639269619117,0.6437871986452524,7806,0.6747373815014092,0.3046057885212088,0.8022676510345952,0.8841372914886364,0.7585190878811171,0.7610373572090151,0.9360167078033036,0.8395061728395061,0.5300437922268557,0.17644520246103407,0.10736785718964496,sv_complexity_low,0.25,7806,91932,43217
fold_a,20260806,1hop,C,complexity,medium,6022,3182,0.6542807475010864,True,0.7384832681442851,0.656904517919942,0.640888766627558,9204,0.6542807475010864,0.3046057885212088,0.802132386570841,0.8758483328345165,0.7384832681442851,0.7416120839459965,0.9212886084357357,0.8217433163000815,0.5372825194658055,0.17968396383088184,0.09984727334710758,sv_complexity_medium,0.25,9204,91932,43217
fold_a,20260806,1hop,C+T,complexity,high,14004,7742,0.643980502161317,True,0.764646371746528,0.6988926605536404,0.7344926446555663,21746,0.643980502161317,0.2682947559051999,0.8445590719882151,0.9054742046777979,0.764646371746528,0.7600678997892765,0.9272350756926593,0.8353705609881626,0.48065399556577476,0.16021978886848542,0.08721180680759077,sv_complexity_high,0.25,21746,91932,43217
fold_a,20260806,1hop,C+T,complexity,low,5267,2539,0.6747373815014092,True,0.8380732769664361,0.7740324789370872,0.8219370194163595,7806,0.6747373815014092,0.2682947559051999,0.900794277207965,0.9420827686777014,0.8380732769664361,0.8291399440881434,0.9572811847351433,0.8886147338738104,0.3802113609096728,0.12001315167016784,0.07446411751019444,sv_complexity_low,0.25,7806,91932,43217
fold_a,20260806,1hop,C+T,complexity,medium,6022,3182,0.6542807475010864,True,0.8217079530638852,0.7683023654519642,0.8172354214051425,9204,0.6542807475010864,0.2682947559051999,0.8968709640181685,0.9368147665049069,0.8217079530638852,0.8148627281874371,0.9413816007970773,0.8735649895985823,0.3997440243623951,0.12813056664965028,0.07891767520990364,sv_complexity_medium,0.25,9204,91932,43217
fold_a,20260806,1hop,C+S,complexity,high,14004,7742,0.643980502161317,True,0.6998988319690977,0.6247963732692974,0.6247034441669114,21746,0.643980502161317,0.2842584257938669,0.7734046546172623,0.8663871086517165,0.6998988319690977,0.7158028396629343,0.8856041131105399,0.791701244813278,0.5675134997767264,0.19459588323520613,0.1086416260182006,sv_complexity_high,0.25,21746,91932,43217
fold_a,20260806,1hop,C+S,complexity,low,5267,2539,0.6747373815014092,True,0.7800409941070972,0.6923719237536354,0.7122750701902795,7806,0.6747373815014092,0.2842584257938669,0.8372327330627217,0.906413835922767,0.7800409941070972,0.777951769495772,0.9432314410480349,0.8526559684201493,0.4901343057984297,0.16058711938669815,0.10663465425335675,sv_complexity_low,0.25,7806,91932,43217
fold_a,20260806,1hop,C+S,complexity,medium,6022,3182,0.6542807475010864,True,0.762929161234246,0.6879615514118461,0.6918579965197251,9204,0.6542807475010864,0.2842584257938669,0.8270647475076197,0.8934693768932818,0.762929161234246,0.7604449267498643,0.9309199601461309,0.8370912348812901,0.506200087596552,0.1676418585245063,0.09562087247500176,sv_complexity_medium,0.25,9204,91932,43217
fold_a,20260806,1hop,C+S+T,complexity,high,14004,7742,0.643980502161317,True,0.7523682516324841,0.6796853019298247,0.722313260746766,21746,0.643980502161317,0.240944699745943,0.8377953662130412,0.9011381065346024,0.7523682516324841,0.7464402127294562,0.9320908311910883,0.8289987615509193,0.491118736248042,0.1637962825490412,0.08693235861852316,sv_complexity_high,0.25,21746,91932,43217
fold_a,20260806,1hop,C+S+T,complexity,low,5267,2539,0.6747373815014092,True,0.8353830386881885,0.7659191007972608,0.8299209435107917,7806,0.6747373815014092,0.240944699745943,0.9020414998587069,0.9446796407345504,0.8353830386881885,0.822168284789644,0.9646857793810518,0.8877435135843452,0.3821785542075154,0.12079580655289698,0.0765829328774377,sv_complexity_low,0.25,7806,91932,43217
fold_a,20260806,1hop,C+S+T,complexity,medium,6022,3182,0.6542807475010864,True,0.8198609300304216,0.7600732157242008,0.8210241253765832,9204,0.6542807475010864,0.240944699745943,0.8970574006768811,0.9381245944098531,0.8198609300304216,0.8062886019090398,0.953835934905347,0.8738779856990719,0.402119834278999,0.1285095343040514,0.0795647280646353,sv_complexity_medium,0.25,9204,91932,43217
fold_a,20260806,1hop,T,complexity,high,14004,7742,0.643980502161317,True,0.764646371746528,0.7017805316132506,0.7316433444783164,21746,0.643980502161317,0.2848579161996821,0.8429582589275338,0.9044597982595017,0.764646371746528,0.7631485429992892,0.9200942587832048,0.8343045843045843,0.4817357325616706,0.16029148374594027,0.08450604905929587,sv_complexity_high,0.25,21746,91932,43217
fold_a,20260806,1hop,T,complexity,low,5267,2539,0.6747373815014092,True,0.8399948757366129,0.7792303367261868,0.8213744002619197,7806,0.6747373815014092,0.2848579161996821,0.9006418795964649,0.9418997696983108,0.8399948757366129,0.8336100963135171,0.9531042339092463,0.8893613251838073,0.3860290823777495,0.12186002147831854,0.08298261957698144,sv_complexity_low,0.25,7806,91932,43217
fold_a,20260806,1hop,T,complexity,medium,6022,3182,0.6542807475010864,True,0.8247501086484137,0.7768519931422622,0.8169818584273295,9204,0.6542807475010864,0.2848579161996821,0.8956698109446172,0.936727104901756,0.8247501086484137,0.8233827196714097,0.9320823646629027,0.8743671625516006,0.40358420342530327,0.12924594565454736,0.08163899625075835,sv_complexity_medium,0.25,9204,91932,43217
fold_a,20260806,1hop,S,complexity,high,14004,7742,0.643980502161317,True,0.6947024740182103,0.604965157019388,0.6227009931501182,21746,0.643980502161317,0.2507480805018489,0.7714877760135109,0.8656741970462712,0.6947024740182103,0.7011525645927787,0.9165952584975722,0.7945281792578379,0.569760277407014,0.1954379921383943,0.10949203685030844,sv_complexity_high,0.25,21746,91932,43217
fold_a,20260806,1hop,S,complexity,low,5267,2539,0.6747373815014092,True,0.7733794517038176,0.6743798826777682,0.7005802677838264,7806,0.6747373815014092,0.2507480805018489,0.8327174864593825,0.9026099538692205,0.7733794517038176,0.765402124430956,0.9576609075374977,0.8508054313907396,0.49714633535374286,0.16302175529031934,0.10934741634060088,sv_complexity_low,0.25,7806,91932,43217
fold_a,20260806,1hop,S,complexity,medium,6022,3182,0.6542807475010864,True,0.7516297262059974,0.6652465994684063,0.6835556775985073,9204,0.6542807475010864,0.2507480805018489,0.8237916817051076,0.8905991054018307,0.7516297262059974,0.7442468619246861,0.9452009299236134,0.8327724945135333,0.510674045842569,0.16913706217951033,0.0973335625750219,sv_complexity_medium,0.25,9204,91932,43217
fold_a,20260806,1hop,K,complexity,high,14004,7742,0.643980502161317,True,0.6487629908948772,0.5082760610671003,0.4057958483628711,21746,0.643980502161317,0.1621867412069788,0.6748987686361302,0.7884517363204887,0.6487629908948772,0.6478127612148231,0.9961439588688946,0.7850751308458551,0.6518004850932454,0.22980979558718712,0.14280945503923756,sv_complexity_high,0.25,21746,91932,43217
fold_a,20260806,1hop,K,complexity,low,5267,2539,0.6747373815014092,True,0.6757622341788367,0.5041253539898151,0.46465885108997423,7806,0.6747373815014092,0.1621867412069788,0.706483172364914,0.825873536115481,0.6757622341788367,0.6765616933402169,0.9952534649705714,0.8055320783711103,0.6156657669413725,0.21381671071556888,0.14299698082179227,sv_complexity_low,0.25,7806,91932,43217
fold_a,20260806,1hop,K,complexity,medium,6022,3182,0.6542807475010864,True,0.6563450673620165,0.5057274280915504,0.449684342136338,9204,0.6542807475010864,0.1621867412069788,0.7004799967686053,0.8097452821249269,0.6563450673620165,0.6568982548567666,0.9938558618399203,0.7909865856076125,0.6251825967564993,0.21774998611079996,0.1288551420329283,sv_complexity_medium,0.25,9204,91932,43217
fold_a,20260806,strict,C,complexity,high,14004,7742,0.643980502161317,True,0.7079922744412765,0.631311321834386,0.6111380176982224,21746,0.643980502161317,0.3046057885212088,0.7725775069174243,0.8615575523323663,0.7079922744412765,0.7188608029280568,0.8976006855184233,0.7983486821213084,0.573796168442959,0.19690319784582272,0.11712417237961557,sv_complexity_high,0.25,21746,91932,43217
fold_a,20260806,strict,C,complexity,low,5267,2539,0.6747373815014092,True,0.7585190878811171,0.6631639269619117,0.6437871986452524,7806,0.6747373815014092,0.3046057885212088,0.8022676510345952,0.8841372914886364,0.7585190878811171,0.7610373572090151,0.9360167078033036,0.8395061728395061,0.5300437922268557,0.17644520246103407,0.10736785718964496,sv_complexity_low,0.25,7806,91932,43217
fold_a,20260806,strict,C,complexity,medium,6022,3182,0.6542807475010864,True,0.7384832681442851,0.656904517919942,0.640888766627558,9204,0.6542807475010864,0.3046057885212088,0.802132386570841,0.8758483328345165,0.7384832681442851,0.7416120839459965,0.9212886084357357,0.8217433163000815,0.5372825194658055,0.17968396383088184,0.09984727334710758,sv_complexity_medium,0.25,9204,91932,43217
fold_a,20260806,strict,C+T,complexity,high,14004,7742,0.643980502161317,True,0.7557251908396947,0.6874898680090737,0.7225904057905538,21746,0.643980502161317,0.2782902274623187,0.8346499202980792,0.9012367755739201,0.7557251908396947,0.7526744186046511,0.924450157097972,0.8297654146904243,0.49898723332077344,0.1662955652706321,0.09474843891352705,sv_complexity_high,0.25,21746,91932,43217
fold_a,20260806,strict,C+T,complexity,low,5267,2539,0.6747373815014092,True,0.8095055085831412,0.7318515046048681,0.7906392645005762,7806,0.6747373815014092,0.2782902274623187,0.8803142965186419,0.9319027789606665,0.8095055085831412,0.8014354066985646,0.954053540915132,0.8711103406431482,0.42016344200964795,0.1352817942440548,0.08412263391116233,sv_complexity_low,0.25,7806,91932,43217
fold_a,20260806,strict,C+T,complexity,medium,6022,3182,0.6542807475010864,True,0.8028031290743155,0.740738755716782,0.7901020906480597,9204,0.6542807475010864,0.2782902274623187,0.8781769380697342,0.9274342516777625,0.8028031290743155,0.7947316799775817,0.9418797741614082,0.8620715859867771,0.4339805627298078,0.1402517497436329,0.08280377062125947,sv_complexity_medium,0.25,9204,91932,43217
fold_a,20260806,strict,C+S,complexity,high,14004,7742,0.643980502161317,True,0.6998988319690977,0.6247963732692974,0.6247034441669114,21746,0.643980502161317,0.2842584257938669,0.7734046546172623,0.8663871086517165,0.6998988319690977,0.7158028396629343,0.8856041131105399,0.791701244813278,0.5675134997767264,0.19459588323520613,0.1086416260182006,sv_complexity_high,0.25,21746,91932,43217
fold_a,20260806,strict,C+S,complexity,low,5267,2539,0.6747373815014092,True,0.7800409941070972,0.6923719237536354,0.7122750701902795,7806,0.6747373815014092,0.2842584257938669,0.8372327330627217,0.906413835922767,0.7800409941070972,0.777951769495772,0.9432314410480349,0.8526559684201493,0.4901343057984297,0.16058711938669815,0.10663465425335675,sv_complexity_low,0.25,7806,91932,43217
fold_a,20260806,strict,C+S,complexity,medium,6022,3182,0.6542807475010864,True,0.762929161234246,0.6879615514118461,0.6918579965197251,9204,0.6542807475010864,0.2842584257938669,0.8270647475076197,0.8934693768932818,0.762929161234246,0.7604449267498643,0.9309199601461309,0.8370912348812901,0.506200087596552,0.1676418585245063,0.09562087247500176,sv_complexity_medium,0.25,9204,91932,43217
fold_a,20260806,strict,C+S+T,complexity,high,14004,7742,0.643980502161317,True,0.7452864894693277,0.6801936447135339,0.7089642852399071,21746,0.643980502161317,0.2790069434426823,0.8242310146320523,0.8963856109779895,0.7452864894693277,0.7501921144410948,0.9062410739788632,0.8208660780699201,0.5105272302189335,0.1717088920422198,0.09537834161261467,sv_complexity_high,0.25,21746,91932,43217
fold_a,20260806,strict,C+S+T,complexity,low,5267,2539,0.6747373815014092,True,0.8133487061234947,0.7385753201265872,0.7953478163436708,7806,0.6747373815014092,0.2790069434426823,0.8820081309135864,0.9334342948624879,0.8133487061234947,0.806073264781491,0.9525346497057148,0.8732051170481246,0.4207957912341956,0.1347524647516109,0.08674284101877032,sv_complexity_low,0.25,7806,91932,43217
fold_a,20260806,strict,C+S+T,complexity,medium,6022,3182,0.6542807475010864,True,0.8049760973489787,0.7430662784539654,0.7921965738076936,9204,0.6542807475010864,0.2790069434426823,0.8773722727539354,0.9281583548300827,0.8049760973489787,0.7960498669281412,0.943706409830621,0.8636121875237444,0.4337640332463732,0.14065452529685388,0.0837505265770198,sv_complexity_medium,0.25,9204,91932,43217
fold_a,20260806,strict,T,complexity,high,14004,7742,0.643980502161317,True,0.7559091327140623,0.6900584960373355,0.7177829810203753,21746,0.643980502161317,0.2874777808765896,0.8327524017753056,0.8995252386213439,0.7559091327140623,0.7552242310401502,0.9187375035704085,0.8289948453608248,0.500618456804309,0.16667808175534232,0.09194693621409927,sv_complexity_high,0.25,21746,91932,43217
fold_a,20260806,strict,T,complexity,low,5267,2539,0.6747373815014092,True,0.8109146810146042,0.7379956035008977,0.7861991848578542,7806,0.6747373815014092,0.2874777808765896,0.8781125324003828,0.9304585870297325,0.8109146810146042,0.8066655880925416,0.9466489462692235,0.8710691823899371,0.4272102889282049,0.13755290398897302,0.08883663780645183,sv_complexity_low,0.25,7806,91932,43217
fold_a,20260806,strict,T,complexity,medium,6022,3182,0.6542807475010864,True,0.8036723163841808,0.7431815064854386,0.7897348800040859,9204,0.6542807475010864,0.2874777808765896,0.8774001664961556,0.9273072998884182,0.8036723163841808,0.7969564604762576,0.9392228495516439,0.8622608430520619,0.43750520878371024,0.141080688634536,0.08518577474345335,sv_complexity_medium,0.25,9204,91932,43217
fold_a,20260806,strict,S,complexity,high,14004,7742,0.643980502161317,True,0.6947024740182103,0.604965157019388,0.6227009931501182,21746,0.643980502161317,0.2507480805018489,0.7714877760135109,0.8656741970462712,0.6947024740182103,0.7011525645927787,0.9165952584975722,0.7945281792578379,0.569760277407014,0.1954379921383943,0.10949203685030844,sv_complexity_high,0.25,21746,91932,43217
fold_a,20260806,strict,S,complexity,low,5267,2539,0.6747373815014092,True,0.7733794517038176,0.6743798826777682,0.7005802677838264,7806,0.6747373815014092,0.2507480805018489,0.8327174864593825,0.9026099538692205,0.7733794517038176,0.765402124430956,0.9576609075374977,0.8508054313907396,0.49714633535374286,0.16302175529031934,0.10934741634060088,sv_complexity_low,0.25,7806,91932,43217
fold_a,20260806,strict,S,complexity,medium,6022,3182,0.6542807475010864,True,0.7516297262059974,0.6652465994684063,0.6835556775985073,9204,0.6542807475010864,0.2507480805018489,0.8237916817051076,0.8905991054018307,0.7516297262059974,0.7442468619246861,0.9452009299236134,0.8327724945135333,0.510674045842569,0.16913706217951033,0.0973335625750219,sv_complexity_medium,0.25,9204,91932,43217
fold_a,20260806,strict,K,complexity,high,14004,7742,0.643980502161317,True,0.6487629908948772,0.5082760610671003,0.4057958483628711,21746,0.643980502161317,0.1621867412069788,0.6748987686361302,0.7884517363204887,0.6487629908948772,0.6478127612148231,0.9961439588688946,0.7850751308458551,0.6518004850932454,0.22980979558718712,0.14280945503923756,sv_complexity_high,0.25,21746,91932,43217
fold_a,20260806,strict,K,complexity,low,5267,2539,0.6747373815014092,True,0.6757622341788367,0.5041253539898151,0.46465885108997423,7806,0.6747373815014092,0.1621867412069788,0.706483172364914,0.825873536115481,0.6757622341788367,0.6765616933402169,0.9952534649705714,0.8055320783711103,0.6156657669413725,0.21381671071556888,0.14299698082179227,sv_complexity_low,0.25,7806,91932,43217
fold_a,20260806,strict,K,complexity,medium,6022,3182,0.6542807475010864,True,0.6563450673620165,0.5057274280915504,0.449684342136338,9204,0.6542807475010864,0.1621867412069788,0.7004799967686053,0.8097452821249269,0.6563450673620165,0.6568982548567666,0.9938558618399203,0.7909865856076125,0.6251825967564993,0.21774998611079996,0.1288551420329283,sv_complexity_medium,0.25,9204,91932,43217
fold_a,314159,1hop,C,complexity,high,14004,7742,0.643980502161317,True,0.7079922744412765,0.631311321834386,0.6111380176982224,21746,0.643980502161317,0.3046057885212088,0.7725775069174243,0.8615575523323663,0.7079922744412765,0.7188608029280568,0.8976006855184233,0.7983486821213084,0.573796168442959,0.19690319784582272,0.11712417237961557,sv_complexity_high,0.25,21746,91932,43217
fold_a,314159,1hop,C,complexity,low,5267,2539,0.6747373815014092,True,0.7585190878811171,0.6631639269619117,0.6437871986452524,7806,0.6747373815014092,0.3046057885212088,0.8022676510345952,0.8841372914886364,0.7585190878811171,0.7610373572090151,0.9360167078033036,0.8395061728395061,0.5300437922268557,0.17644520246103407,0.10736785718964496,sv_complexity_low,0.25,7806,91932,43217
fold_a,314159,1hop,C,complexity,medium,6022,3182,0.6542807475010864,True,0.7384832681442851,0.656904517919942,0.640888766627558,9204,0.6542807475010864,0.3046057885212088,0.802132386570841,0.8758483328345165,0.7384832681442851,0.7416120839459965,0.9212886084357357,0.8217433163000815,0.5372825194658055,0.17968396383088184,0.09984727334710758,sv_complexity_medium,0.25,9204,91932,43217
fold_a,314159,1hop,C+T,complexity,high,14004,7742,0.643980502161317,True,0.7623011128483399,0.7053888208934067,0.7257791625738439,21746,0.643980502161317,0.2907702825226614,0.83880713105478,0.9023720351626368,0.7623011128483399,0.768426809260497,0.9030277063696087,0.8303076064475887,0.4930096306664238,0.1650740511268758,0.09570085531440926,sv_complexity_high,0.25,21746,91932,43217
fold_a,314159,1hop,C+T,complexity,low,5267,2539,0.6747373815014092,True,0.8370484242890085,0.7782708972981429,0.8235837604330095,7806,0.6747373815014092,0.2907702825226614,0.9016887719227664,0.942618391972766,0.8370484242890085,0.8343096234309624,0.9464590848680463,0.886852873154243,0.38761402029576425,0.1220139452867456,0.08552682895255438,sv_complexity_low,0.25,7806,91932,43217
fold_a,314159,1hop,C+T,complexity,medium,6022,3182,0.6542807475010864,True,0.8232290308561495,0.7739110690092748,0.8108361325371368,9204,0.6542807475010864,0.2907702825226614,0.8932332181957587,0.9346024091409354,0.8232290308561495,0.8207560940008758,0.9337429425440054,0.8736114347859861,0.41045223024354366,0.13119787828810808,0.08403450803756551,sv_complexity_medium,0.25,9204,91932,43217
fold_a,314159,1hop,C+S,complexity,high,14004,7742,0.643980502161317,True,0.6998988319690977,0.6247963732692974,0.6247034441669114,21746,0.643980502161317,0.2842584257938669,0.7734046546172623,0.8663871086517165,0.6998988319690977,0.7158028396629343,0.8856041131105399,0.791701244813278,0.5675134997767264,0.19459588323520613,0.1086416260182006,sv_complexity_high,0.25,21746,91932,43217
fold_a,314159,1hop,C+S,complexity,low,5267,2539,0.6747373815014092,True,0.7800409941070972,0.6923719237536354,0.7122750701902795,7806,0.6747373815014092,0.2842584257938669,0.8372327330627217,0.906413835922767,0.7800409941070972,0.777951769495772,0.9432314410480349,0.8526559684201493,0.4901343057984297,0.16058711938669815,0.10663465425335675,sv_complexity_low,0.25,7806,91932,43217
fold_a,314159,1hop,C+S,complexity,medium,6022,3182,0.6542807475010864,True,0.762929161234246,0.6879615514118461,0.6918579965197251,9204,0.6542807475010864,0.2842584257938669,0.8270647475076197,0.8934693768932818,0.762929161234246,0.7604449267498643,0.9309199601461309,0.8370912348812901,0.506200087596552,0.1676418585245063,0.09562087247500176,sv_complexity_medium,0.25,9204,91932,43217
fold_a,314159,1hop,C+S+T,complexity,high,14004,7742,0.643980502161317,True,0.7514025567920537,0.686068557671569,0.7150883373063885,21746,0.643980502161317,0.2572501728079533,0.8312896780201781,0.8985658929194362,0.7514025567920537,0.7532995522036295,0.9129534418737504,0.8254777892561983,0.5047957271948978,0.16911370707339465,0.0962072629462553,sv_complexity_high,0.25,21746,91932,43217
fold_a,314159,1hop,C+S+T,complexity,low,5267,2539,0.6747373815014092,True,0.8344862925954394,0.7673965275927541,0.8296478449286006,7806,0.6747373815014092,0.2572501728079533,0.9021350471658642,0.9445908119745986,0.8344862925954394,0.8241722394389169,0.9593696601480919,0.8866467801368662,0.3904258295226635,0.12318254822079884,0.08871075216070042,sv_complexity_low,0.25,7806,91932,43217
fold_a,314159,1hop,C+S+T,complexity,medium,6022,3182,0.6542807475010864,True,0.8193176879617557,0.7618812207741945,0.8138806335774994,9204,0.6542807475010864,0.2572501728079533,0.8944683969380238,0.9356549517648417,0.8193176879617557,0.8087547811304717,0.9480239123214879,0.8728690467089673,0.4102151331165504,0.1305928590336606,0.08463933373594786,sv_complexity_medium,0.25,9204,91932,43217
fold_a,314159,1hop,T,complexity,high,14004,7742,0.643980502161317,True,0.7578865078635151,0.6913627419880993,0.7233740907798133,21746,0.643980502161317,0.2659190083153916,0.8372808944279935,0.90151578271026,0.7578865078635151,0.755601052939456,0.9223793201942302,0.8307019518312486,0.4939938867325201,0.16527786013680532,0.09456817498843932,sv_complexity_high,0.25,21746,91932,43217
fold_a,314159,1hop,T,complexity,low,5267,2539,0.6747373815014092,True,0.8316679477325134,0.7697959300266143,0.8209910260088396,7806,0.6747373815014092,0.2659190083153916,0.9006302516138406,0.941775072384889,0.8316679477325134,0.8282677296130211,0.9468388076704006,0.8835931963146705,0.39141324465500493,0.12337891742484461,0.0893518123677428,sv_complexity_low,0.25,7806,91932,43217
fold_a,314159,1hop,T,complexity,medium,6022,3182,0.6542807475010864,True,0.8196436332029552,0.765687346688791,0.8117808389891048,9204,0.6542807475010864,0.2659190083153916,0.8936070569654405,0.9349290123493407,0.8196436332029552,0.8130921619293713,0.9405513118565261,0.8721897135817678,0.4099629468868668,0.13073800662518553,0.0840792536718378,sv_complexity_medium,0.25,9204,91932,43217
fold_a,314159,1hop,S,complexity,high,14004,7742,0.643980502161317,True,0.6947024740182103,0.604965157019388,0.6227009931501182,21746,0.643980502161317,0.2507480805018489,0.7714877760135109,0.8656741970462712,0.6947024740182103,0.7011525645927787,0.9165952584975722,0.7945281792578379,0.569760277407014,0.1954379921383943,0.10949203685030844,sv_complexity_high,0.25,21746,91932,43217
fold_a,314159,1hop,S,complexity,low,5267,2539,0.6747373815014092,True,0.7733794517038176,0.6743798826777682,0.7005802677838264,7806,0.6747373815014092,0.2507480805018489,0.8327174864593825,0.9026099538692205,0.7733794517038176,0.765402124430956,0.9576609075374977,0.8508054313907396,0.49714633535374286,0.16302175529031934,0.10934741634060088,sv_complexity_low,0.25,7806,91932,43217
fold_a,314159,1hop,S,complexity,medium,6022,3182,0.6542807475010864,True,0.7516297262059974,0.6652465994684063,0.6835556775985073,9204,0.6542807475010864,0.2507480805018489,0.8237916817051076,0.8905991054018307,0.7516297262059974,0.7442468619246861,0.9452009299236134,0.8327724945135333,0.510674045842569,0.16913706217951033,0.0973335625750219,sv_complexity_medium,0.25,9204,91932,43217
fold_a,314159,1hop,K,complexity,high,14004,7742,0.643980502161317,True,0.6487629908948772,0.5082760610671003,0.4057958483628711,21746,0.643980502161317,0.1621867412069788,0.6748987686361302,0.7884517363204887,0.6487629908948772,0.6478127612148231,0.9961439588688946,0.7850751308458551,0.6518004850932454,0.22980979558718712,0.14280945503923756,sv_complexity_high,0.25,21746,91932,43217
fold_a,314159,1hop,K,complexity,low,5267,2539,0.6747373815014092,True,0.6757622341788367,0.5041253539898151,0.46465885108997423,7806,0.6747373815014092,0.1621867412069788,0.706483172364914,0.825873536115481,0.6757622341788367,0.6765616933402169,0.9952534649705714,0.8055320783711103,0.6156657669413725,0.21381671071556888,0.14299698082179227,sv_complexity_low,0.25,7806,91932,43217
fold_a,314159,1hop,K,complexity,medium,6022,3182,0.6542807475010864,True,0.6563450673620165,0.5057274280915504,0.449684342136338,9204,0.6542807475010864,0.1621867412069788,0.7004799967686053,0.8097452821249269,0.6563450673620165,0.6568982548567666,0.9938558618399203,0.7909865856076125,0.6251825967564993,0.21774998611079996,0.1288551420329283,sv_complexity_medium,0.25,9204,91932,43217
fold_a,314159,strict,C,complexity,high,14004,7742,0.643980502161317,True,0.7079922744412765,0.631311321834386,0.6111380176982224,21746,0.643980502161317,0.3046057885212088,0.7725775069174243,0.8615575523323663,0.7079922744412765,0.7188608029280568,0.8976006855184233,0.7983486821213084,0.573796168442959,0.19690319784582272,0.11712417237961557,sv_complexity_high,0.25,21746,91932,43217
fold_a,314159,strict,C,complexity,low,5267,2539,0.6747373815014092,True,0.7585190878811171,0.6631639269619117,0.6437871986452524,7806,0.6747373815014092,0.3046057885212088,0.8022676510345952,0.8841372914886364,0.7585190878811171,0.7610373572090151,0.9360167078033036,0.8395061728395061,0.5300437922268557,0.17644520246103407,0.10736785718964496,sv_complexity_low,0.25,7806,91932,43217
fold_a,314159,strict,C,complexity,medium,6022,3182,0.6542807475010864,True,0.7384832681442851,0.656904517919942,0.640888766627558,9204,0.6542807475010864,0.3046057885212088,0.802132386570841,0.8758483328345165,0.7384832681442851,0.7416120839459965,0.9212886084357357,0.8217433163000815,0.5372825194658055,0.17968396383088184,0.09984727334710758,sv_complexity_medium,0.25,9204,91932,43217
fold_a,314159,strict,C+T,complexity,high,14004,7742,0.643980502161317,True,0.7598638830129679,0.6984716087686796,0.7262374053951945,21746,0.643980502161317,0.2983632831479721,0.8369523679657236,0.9025351785417822,0.7598638830129679,0.7621179560649475,0.9116680948300485,0.8302119911561971,0.49811631549644153,0.16526618203438406,0.09572442439190999,sv_complexity_high,0.25,21746,91932,43217
fold_a,314159,strict,C+T,complexity,low,5267,2539,0.6747373815014092,True,0.8150140917243146,0.7441952998572563,0.7860882339145085,7806,0.6747373815014092,0.2983632831479721,0.8784741589210967,0.930422498835375,0.8150140917243146,0.8107624776459113,0.9468388076704006,0.8735330180416886,0.4278375464819718,0.13673444029706922,0.0890583154429567,sv_complexity_low,0.25,7806,91932,43217
fold_a,314159,strict,C+T,complexity,medium,6022,3182,0.6542807475010864,True,0.8016079965232508,0.7444199468907323,0.7909252718785041,9204,0.6542807475010864,0.2983632831479721,0.8790103321134888,0.9277188412774229,0.8016079965232508,0.7996286775207083,0.929757555629359,0.8597972972972973,0.43466727254649956,0.14019684902237373,0.08650273944631495,sv_complexity_medium,0.25,9204,91932,43217
fold_a,314159,strict,C+S,complexity,high,14004,7742,0.643980502161317,True,0.6998988319690977,0.6247963732692974,0.6247034441669114,21746,0.643980502161317,0.2842584257938669,0.7734046546172623,0.8663871086517165,0.6998988319690977,0.7158028396629343,0.8856041131105399,0.791701244813278,0.5675134997767264,0.19459588323520613,0.1086416260182006,sv_complexity_high,0.25,21746,91932,43217
fold_a,314159,strict,C+S,complexity,low,5267,2539,0.6747373815014092,True,0.7800409941070972,0.6923719237536354,0.7122750701902795,7806,0.6747373815014092,0.2842584257938669,0.8372327330627217,0.906413835922767,0.7800409941070972,0.777951769495772,0.9432314410480349,0.8526559684201493,0.4901343057984297,0.16058711938669815,0.10663465425335675,sv_complexity_low,0.25,7806,91932,43217
fold_a,314159,strict,C+S,complexity,medium,6022,3182,0.6542807475010864,True,0.762929161234246,0.6879615514118461,0.6918579965197251,9204,0.6542807475010864,0.2842584257938669,0.8270647475076197,0.8934693768932818,0.762929161234246,0.7604449267498643,0.9309199601461309,0.8370912348812901,0.506200087596552,0.1676418585245063,0.09562087247500176,sv_complexity_medium,0.25,9204,91932,43217
fold_a,314159,strict,C+S+T,complexity,high,14004,7742,0.643980502161317,True,0.748183573990619,0.6808546729572265,0.709743121749252,21746,0.643980502161317,0.2683883636294678,0.8262144683022623,0.896662891960945,0.748183573990619,0.749502633118783,0.9146672379320194,0.8238888531549495,0.5092889768666102,0.17065037778222766,0.09570895174755495,sv_complexity_high,0.25,21746,91932,43217
fold_a,314159,strict,C+S+T,complexity,low,5267,2539,0.6747373815014092,True,0.8077120163976428,0.7280745414256415,0.7914765305264173,7806,0.6747373815014092,0.2683883636294678,0.8798849211088116,0.9321751103006115,0.8077120163976428,0.7986992385786802,0.9559521549269033,0.8702791461412152,0.4263317320059442,0.13602037767762512,0.0890925898789894,sv_complexity_low,0.25,7806,91932,43217
fold_a,314159,strict,C+S+T,complexity,medium,6022,3182,0.6542807475010864,True,0.8013906996957845,0.7376585455258229,0.7929181437437489,9204,0.6542807475010864,0.2683883636294678,0.879572616726309,0.9284078154490014,0.8013906996957845,0.7921426581220395,0.9442045831949518,0.8615151515151516,0.4334290545620967,0.13975815536596675,0.08653945689276689,sv_complexity_medium,0.25,9204,91932,43217
fold_a,314159,strict,T,complexity,high,14004,7742,0.643980502161317,True,0.7575186241147798,0.6951490075057715,0.7236637248170139,21746,0.643980502161317,0.295840985141338,0.8347894346310326,0.9016188980747412,0.7575186241147798,0.7597738768223743,0.9117395029991431,0.8288487130383979,0.5001976026018126,0.16582590735582745,0.09357009966997744,sv_complexity_high,0.25,21746,91932,43217
fold_a,314159,strict,T,complexity,low,5267,2539,0.6747373815014092,True,0.8112990007686395,0.7377704094837079,0.7798988589394981,7806,0.6747373815014092,0.295840985141338,0.8763481449404479,0.9284093265241334,0.8112990007686395,0.806264126574104,0.9481678374786406,0.8714771834918419,0.4342976803309537,0.1386867170729268,0.09387358346067373,sv_complexity_low,0.25,7806,91932,43217
fold_a,314159,strict,T,complexity,medium,6022,3182,0.6542807475010864,True,0.7990004345936549,0.7398335789930949,0.7860092984852098,9204,0.6542807475010864,0.295840985141338,0.8761541068460271,0.9260192946305886,0.7990004345936549,0.7959704880817253,0.931584191298572,0.8584544758990054,0.4417030206252725,0.14225337873156996,0.08959154453647436,sv_complexity_medium,0.25,9204,91932,43217
fold_a,314159,strict,S,complexity,high,14004,7742,0.643980502161317,True,0.6947024740182103,0.604965157019388,0.6227009931501182,21746,0.643980502161317,0.2507480805018489,0.7714877760135109,0.8656741970462712,0.6947024740182103,0.7011525645927787,0.9165952584975722,0.7945281792578379,0.569760277407014,0.1954379921383943,0.10949203685030844,sv_complexity_high,0.25,21746,91932,43217
fold_a,314159,strict,S,complexity,low,5267,2539,0.6747373815014092,True,0.7733794517038176,0.6743798826777682,0.7005802677838264,7806,0.6747373815014092,0.2507480805018489,0.8327174864593825,0.9026099538692205,0.7733794517038176,0.765402124430956,0.9576609075374977,0.8508054313907396,0.49714633535374286,0.16302175529031934,0.10934741634060088,sv_complexity_low,0.25,7806,91932,43217
fold_a,314159,strict,S,complexity,medium,6022,3182,0.6542807475010864,True,0.7516297262059974,0.6652465994684063,0.6835556775985073,9204,0.6542807475010864,0.2507480805018489,0.8237916817051076,0.8905991054018307,0.7516297262059974,0.7442468619246861,0.9452009299236134,0.8327724945135333,0.510674045842569,0.16913706217951033,0.0973335625750219,sv_complexity_medium,0.25,9204,91932,43217
fold_a,314159,strict,K,complexity,high,14004,7742,0.643980502161317,True,0.6487629908948772,0.5082760610671003,0.4057958483628711,21746,0.643980502161317,0.1621867412069788,0.6748987686361302,0.7884517363204887,0.6487629908948772,0.6478127612148231,0.9961439588688946,0.7850751308458551,0.6518004850932454,0.22980979558718712,0.14280945503923756,sv_complexity_high,0.25,21746,91932,43217
fold_a,314159,strict,K,complexity,low,5267,2539,0.6747373815014092,True,0.6757622341788367,0.5041253539898151,0.46465885108997423,7806,0.6747373815014092,0.1621867412069788,0.706483172364914,0.825873536115481,0.6757622341788367,0.6765616933402169,0.9952534649705714,0.8055320783711103,0.6156657669413725,0.21381671071556888,0.14299698082179227,sv_complexity_low,0.25,7806,91932,43217
fold_a,314159,strict,K,complexity,medium,6022,3182,0.6542807475010864,True,0.6563450673620165,0.5057274280915504,0.449684342136338,9204,0.6542807475010864,0.1621867412069788,0.7004799967686053,0.8097452821249269,0.6563450673620165,0.6568982548567666,0.9938558618399203,0.7909865856076125,0.6251825967564993,0.21774998611079996,0.1288551420329283,sv_complexity_medium,0.25,9204,91932,43217
fold_a,42,1hop,C,complexity,high,14004,7742,0.643980502161317,True,0.7079922744412765,0.631311321834386,0.6111380176982224,21746,0.643980502161317,0.3046057885212088,0.7725775069174243,0.8615575523323663,0.7079922744412765,0.7188608029280568,0.8976006855184233,0.7983486821213084,0.573796168442959,0.19690319784582272,0.11712417237961557,sv_complexity_high,0.25,21746,91932,43217
fold_a,42,1hop,C,complexity,low,5267,2539,0.6747373815014092,True,0.7585190878811171,0.6631639269619117,0.6437871986452524,7806,0.6747373815014092,0.3046057885212088,0.8022676510345952,0.8841372914886364,0.7585190878811171,0.7610373572090151,0.9360167078033036,0.8395061728395061,0.5300437922268557,0.17644520246103407,0.10736785718964496,sv_complexity_low,0.25,7806,91932,43217
fold_a,42,1hop,C,complexity,medium,6022,3182,0.6542807475010864,True,0.7384832681442851,0.656904517919942,0.640888766627558,9204,0.6542807475010864,0.3046057885212088,0.802132386570841,0.8758483328345165,0.7384832681442851,0.7416120839459965,0.9212886084357357,0.8217433163000815,0.5372825194658055,0.17968396383088184,0.09984727334710758,sv_complexity_medium,0.25,9204,91932,43217
fold_a,42,1hop,C+T,complexity,high,14004,7742,0.643980502161317,True,0.7645084153407523,0.7023665084139152,0.7361621393611734,21746,0.643980502161317,0.2814134719436182,0.8446681672896942,0.9060685773445325,0.7645084153407523,0.763856710033862,0.9181662382176521,0.833933261990466,0.48049413436611954,0.1600035978275062,0.085286246954886,sv_complexity_high,0.25,21746,91932,43217
fold_a,42,1hop,C+T,complexity,low,5267,2539,0.6747373815014092,True,0.8378170637970792,0.7746585953262389,0.8347588329959512,7806,0.6747373815014092,0.2814134719436182,0.9037269217260293,0.9462532253365001,0.8378170637970792,0.8299521688932872,0.955382570723372,0.888261253309797,0.37555678585242014,0.11907445388010994,0.07342794616691374,sv_complexity_low,0.25,7806,91932,43217
fold_a,42,1hop,C+T,complexity,medium,6022,3182,0.6542807475010864,True,0.8210560625814863,0.7743995356644326,0.8217168071086947,9204,0.6542807475010864,0.2814134719436182,0.8975708386241857,0.9383640678204983,0.8210560625814863,0.8229735715340322,0.9256061109266025,0.8712778429073857,0.4015841657088378,0.1286671885288456,0.07974768583487209,sv_complexity_medium,0.25,9204,91932,43217
fold_a,42,1hop,C+S,complexity,high,14004,7742,0.643980502161317,True,0.6998988319690977,0.6247963732692974,0.6247034441669114,21746,0.643980502161317,0.2842584257938669,0.7734046546172623,0.8663871086517165,0.6998988319690977,0.7158028396629343,0.8856041131105399,0.791701244813278,0.5675134997767264,0.19459588323520613,0.1086416260182006,sv_complexity_high,0.25,21746,91932,43217
fold_a,42,1hop,C+S,complexity,low,5267,2539,0.6747373815014092,True,0.7800409941070972,0.6923719237536354,0.7122750701902795,7806,0.6747373815014092,0.2842584257938669,0.8372327330627217,0.906413835922767,0.7800409941070972,0.777951769495772,0.9432314410480349,0.8526559684201493,0.4901343057984297,0.16058711938669815,0.10663465425335675,sv_complexity_low,0.25,7806,91932,43217
fold_a,42,1hop,C+S,complexity,medium,6022,3182,0.6542807475010864,True,0.762929161234246,0.6879615514118461,0.6918579965197251,9204,0.6542807475010864,0.2842584257938669,0.8270647475076197,0.8934693768932818,0.762929161234246,0.7604449267498643,0.9309199601461309,0.8370912348812901,0.506200087596552,0.1676418585245063,0.09562087247500176,sv_complexity_medium,0.25,9204,91932,43217
fold_a,42,1hop,C+S+T,complexity,high,14004,7742,0.643980502161317,True,0.7562310309942059,0.688777852967573,0.7236177911603731,21746,0.643980502161317,0.260614326482519,0.8376549018618218,0.90160254479737,0.7562310309942059,0.7537465741442649,0.9230219937160811,0.8298398228100022,0.4906003969464391,0.1637718189231729,0.08623491332938381,sv_complexity_high,0.25,21746,91932,43217
fold_a,42,1hop,C+S+T,complexity,low,5267,2539,0.6747373815014092,True,0.8342300794260825,0.7664926856250391,0.840513403691654,7806,0.6747373815014092,0.260614326482519,0.9045990204228501,0.9481249720693197,0.8342300794260825,0.8233762005534755,0.9603189671539776,0.8865907099035933,0.3796511029035295,0.12020554740865214,0.07911466307369419,sv_complexity_low,0.25,7806,91932,43217
fold_a,42,1hop,C+S+T,complexity,medium,6022,3182,0.6542807475010864,True,0.8193176879617557,0.7662534148307243,0.8219724951003494,9204,0.6542807475010864,0.260614326482519,0.8972885612590416,0.9384524640818461,0.8193176879617557,0.8140037458579455,0.9382265028229824,0.8717117951091569,0.403465601188952,0.1289548482398732,0.08142899037356953,sv_complexity_medium,0.25,9204,91932,43217
fold_a,42,1hop,T,complexity,high,14004,7742,0.643980502161317,True,0.7637266623746896,0.6993914847077312,0.7319538702851104,21746,0.643980502161317,0.2744544241217393,0.84269938356174,0.9045703515013025,0.7637266623746896,0.7610718492343934,0.9228077692087975,0.8341724761167054,0.48257681404145336,0.16070189780756616,0.08428548625954575,sv_complexity_high,0.25,21746,91932,43217
fold_a,42,1hop,T,complexity,low,5267,2539,0.6747373815014092,True,0.8352549321035101,0.7717400090765565,0.8342825665066612,7806,0.6747373815014092,0.2744544241217393,0.9029998923944245,0.9460983136510905,0.8352549321035101,0.8283028203859476,0.9534839567116006,0.8864960282436011,0.38074169186986323,0.12079406730837004,0.08034278862593205,sv_complexity_low,0.25,7806,91932,43217
fold_a,42,1hop,T,complexity,medium,6022,3182,0.6542807475010864,True,0.820186875271621,0.7713639450237042,0.8263818445188872,9204,0.6542807475010864,0.2744544241217393,0.8990380651209551,0.9399768610668295,0.820186875271621,0.8197393469029141,0.9295914978412487,0.87121624776282,0.3990536305405957,0.12780465973138297,0.08124916509999386,sv_complexity_medium,0.25,9204,91932,43217
fold_a,42,1hop,S,complexity,high,14004,7742,0.643980502161317,True,0.6947024740182103,0.604965157019388,0.6227009931501182,21746,0.643980502161317,0.2507480805018489,0.7714877760135109,0.8656741970462712,0.6947024740182103,0.7011525645927787,0.9165952584975722,0.7945281792578379,0.569760277407014,0.1954379921383943,0.10949203685030844,sv_complexity_high,0.25,21746,91932,43217
fold_a,42,1hop,S,complexity,low,5267,2539,0.6747373815014092,True,0.7733794517038176,0.6743798826777682,0.7005802677838264,7806,0.6747373815014092,0.2507480805018489,0.8327174864593825,0.9026099538692205,0.7733794517038176,0.765402124430956,0.9576609075374977,0.8508054313907396,0.49714633535374286,0.16302175529031934,0.10934741634060088,sv_complexity_low,0.25,7806,91932,43217
fold_a,42,1hop,S,complexity,medium,6022,3182,0.6542807475010864,True,0.7516297262059974,0.6652465994684063,0.6835556775985073,9204,0.6542807475010864,0.2507480805018489,0.8237916817051076,0.8905991054018307,0.7516297262059974,0.7442468619246861,0.9452009299236134,0.8327724945135333,0.510674045842569,0.16913706217951033,0.0973335625750219,sv_complexity_medium,0.25,9204,91932,43217
fold_a,42,1hop,K,complexity,high,14004,7742,0.643980502161317,True,0.6487629908948772,0.5082760610671003,0.4057958483628711,21746,0.643980502161317,0.1621867412069788,0.6748987686361302,0.7884517363204887,0.6487629908948772,0.6478127612148231,0.9961439588688946,0.7850751308458551,0.6518004850932454,0.22980979558718712,0.14280945503923756,sv_complexity_high,0.25,21746,91932,43217
fold_a,42,1hop,K,complexity,low,5267,2539,0.6747373815014092,True,0.6757622341788367,0.5041253539898151,0.46465885108997423,7806,0.6747373815014092,0.1621867412069788,0.706483172364914,0.825873536115481,0.6757622341788367,0.6765616933402169,0.9952534649705714,0.8055320783711103,0.6156657669413725,0.21381671071556888,0.14299698082179227,sv_complexity_low,0.25,7806,91932,43217
fold_a,42,1hop,K,complexity,medium,6022,3182,0.6542807475010864,True,0.6563450673620165,0.5057274280915504,0.449684342136338,9204,0.6542807475010864,0.1621867412069788,0.7004799967686053,0.8097452821249269,0.6563450673620165,0.6568982548567666,0.9938558618399203,0.7909865856076125,0.6251825967564993,0.21774998611079996,0.1288551420329283,sv_complexity_medium,0.25,9204,91932,43217
fold_a,42,strict,C,complexity,high,14004,7742,0.643980502161317,True,0.7079922744412765,0.631311321834386,0.6111380176982224,21746,0.643980502161317,0.3046057885212088,0.7725775069174243,0.8615575523323663,0.7079922744412765,0.7188608029280568,0.8976006855184233,0.7983486821213084,0.573796168442959,0.19690319784582272,0.11712417237961557,sv_complexity_high,0.25,21746,91932,43217
fold_a,42,strict,C,complexity,low,5267,2539,0.6747373815014092,True,0.7585190878811171,0.6631639269619117,0.6437871986452524,7806,0.6747373815014092,0.3046057885212088,0.8022676510345952,0.8841372914886364,0.7585190878811171,0.7610373572090151,0.9360167078033036,0.8395061728395061,0.5300437922268557,0.17644520246103407,0.10736785718964496,sv_complexity_low,0.25,7806,91932,43217
fold_a,42,strict,C,complexity,medium,6022,3182,0.6542807475010864,True,0.7384832681442851,0.656904517919942,0.640888766627558,9204,0.6542807475010864,0.3046057885212088,0.802132386570841,0.8758483328345165,0.7384832681442851,0.7416120839459965,0.9212886084357357,0.8217433163000815,0.5372825194658055,0.17968396383088184,0.09984727334710758,sv_complexity_medium,0.25,9204,91932,43217
fold_a,42,strict,C+T,complexity,high,14004,7742,0.643980502161317,True,0.7586222753609859,0.6975942346176915,0.7208679680965736,21746,0.643980502161317,0.2990438605541297,0.8342562069028363,0.9006235541710509,0.7586222753609859,0.7618278605179736,0.9095258497572122,0.8291507990756111,0.5014212240548848,0.16685719760098103,0.09666049715024404,sv_complexity_high,0.25,21746,91932,43217
fold_a,42,strict,C+T,complexity,low,5267,2539,0.6747373815014092,True,0.8138611324622086,0.7437489124471235,0.778750560564129,7806,0.6747373815014092,0.2990438605541297,0.8741584948619646,0.9280358279877432,0.8138611324622086,0.810890120639061,0.9443706094550978,0.8725550390316639,0.4339827425049652,0.1394391231042856,0.09275529832147107,sv_complexity_low,0.25,7806,91932,43217
fold_a,42,strict,C+T,complexity,medium,6022,3182,0.6542807475010864,True,0.8036723163841808,0.7458492859097618,0.7833381468924429,9204,0.6542807475010864,0.2990438605541297,0.877990788437368,0.925095826098626,0.8036723163841808,0.8,0.9332447691796745,0.8615007281367364,0.4370770010206279,0.14073901403321695,0.08700289768315242,sv_complexity_medium,0.25,9204,91932,43217
fold_a,42,strict,C+S,complexity,high,14004,7742,0.643980502161317,True,0.6998988319690977,0.6247963732692974,0.6247034441669114,21746,0.643980502161317,0.2842584257938669,0.7734046546172623,0.8663871086517165,0.6998988319690977,0.7158028396629343,0.8856041131105399,0.791701244813278,0.5675134997767264,0.19459588323520613,0.1086416260182006,sv_complexity_high,0.25,21746,91932,43217
fold_a,42,strict,C+S,complexity,low,5267,2539,0.6747373815014092,True,0.7800409941070972,0.6923719237536354,0.7122750701902795,7806,0.6747373815014092,0.2842584257938669,0.8372327330627217,0.906413835922767,0.7800409941070972,0.777951769495772,0.9432314410480349,0.8526559684201493,0.4901343057984297,0.16058711938669815,0.10663465425335675,sv_complexity_low,0.25,7806,91932,43217
fold_a,42,strict,C+S,complexity,medium,6022,3182,0.6542807475010864,True,0.762929161234246,0.6879615514118461,0.6918579965197251,9204,0.6542807475010864,0.2842584257938669,0.8270647475076197,0.8934693768932818,0.762929161234246,0.7604449267498643,0.9309199601461309,0.8370912348812901,0.506200087596552,0.1676418585245063,0.09562087247500176,sv_complexity_medium,0.25,9204,91932,43217
fold_a,42,strict,C+S+T,complexity,high,14004,7742,0.643980502161317,True,0.7493332107054171,0.6847217822623067,0.7066728230938483,21746,0.643980502161317,0.2760899661176073,0.8244445150962884,0.8955698057754333,0.7493332107054171,0.7529126500680111,0.909097400742645,0.8236664186588166,0.5117295866384358,0.17175479677504563,0.09634946655649441,sv_complexity_high,0.25,21746,91932,43217
fold_a,42,strict,C+S+T,complexity,low,5267,2539,0.6747373815014092,True,0.8141173456315655,0.7401648765680298,0.7877108894713446,7806,0.6747373815014092,0.2760899661176073,0.8784218890828049,0.9309502880307128,0.8141173456315655,0.8072463768115942,0.9517752041010062,0.8735732334233685,0.43057658638993823,0.13763765622759308,0.09334916762852358,sv_complexity_low,0.25,7806,91932,43217
fold_a,42,strict,C+S+T,complexity,medium,6022,3182,0.6542807475010864,True,0.8030204259017818,0.7406083935688563,0.7868621391989797,9204,0.6542807475010864,0.2760899661176073,0.8783082134833079,0.9263141380846538,0.8030204259017818,0.7944592136560795,0.9428761208900698,0.8623281950034171,0.435476465901573,0.14065259792711957,0.08786728848090236,sv_complexity_medium,0.25,9204,91932,43217
fold_a,42,strict,T,complexity,high,14004,7742,0.643980502161317,True,0.757334682240412,0.6922049562397605,0.7186042756817427,21746,0.643980502161317,0.2848827428040241,0.8328725283568461,0.8998176355342615,0.757334682240412,0.7567519858781995,0.9183804627249358,0.8297687022162005,0.5022805314904253,0.16693776210165415,0.09347944936224833,sv_complexity_high,0.25,21746,91932,43217
fold_a,42,strict,T,complexity,low,5267,2539,0.6747373815014092,True,0.8120676402767102,0.7376260131207015,0.7738336111649682,7806,0.6747373815014092,0.2848827428040241,0.8721754564618793,0.9264365281511471,0.8120676402767102,0.8057611844222723,0.9506360356939434,0.8722236738960021,0.43919864250756674,0.14089254443049942,0.09549392231516317,sv_complexity_low,0.25,7806,91932,43217
fold_a,42,strict,T,complexity,medium,6022,3182,0.6542807475010864,True,0.8001955671447197,0.7377826974673422,0.7823754903844294,9204,0.6542807475010864,0.2848827428040241,0.8766948122962503,0.9247630172102623,0.8001955671447197,0.792968202829528,0.9400531384921953,0.8602689765215409,0.4408509686122862,0.14179475513851914,0.08923051371475031,sv_complexity_medium,0.25,9204,91932,43217
fold_a,42,strict,S,complexity,high,14004,7742,0.643980502161317,True,0.6947024740182103,0.604965157019388,0.6227009931501182,21746,0.643980502161317,0.2507480805018489,0.7714877760135109,0.8656741970462712,0.6947024740182103,0.7011525645927787,0.9165952584975722,0.7945281792578379,0.569760277407014,0.1954379921383943,0.10949203685030844,sv_complexity_high,0.25,21746,91932,43217
fold_a,42,strict,S,complexity,low,5267,2539,0.6747373815014092,True,0.7733794517038176,0.6743798826777682,0.7005802677838264,7806,0.6747373815014092,0.2507480805018489,0.8327174864593825,0.9026099538692205,0.7733794517038176,0.765402124430956,0.9576609075374977,0.8508054313907396,0.49714633535374286,0.16302175529031934,0.10934741634060088,sv_complexity_low,0.25,7806,91932,43217
fold_a,42,strict,S,complexity,medium,6022,3182,0.6542807475010864,True,0.7516297262059974,0.6652465994684063,0.6835556775985073,9204,0.6542807475010864,0.2507480805018489,0.8237916817051076,0.8905991054018307,0.7516297262059974,0.7442468619246861,0.9452009299236134,0.8327724945135333,0.510674045842569,0.16913706217951033,0.0973335625750219,sv_complexity_medium,0.25,9204,91932,43217
fold_a,42,strict,K,complexity,high,14004,7742,0.643980502161317,True,0.6487629908948772,0.5082760610671003,0.4057958483628711,21746,0.643980502161317,0.1621867412069788,0.6748987686361302,0.7884517363204887,0.6487629908948772,0.6478127612148231,0.9961439588688946,0.7850751308458551,0.6518004850932454,0.22980979558718712,0.14280945503923756,sv_complexity_high,0.25,21746,91932,43217
fold_a,42,strict,K,complexity,low,5267,2539,0.6747373815014092,True,0.6757622341788367,0.5041253539898151,0.46465885108997423,7806,0.6747373815014092,0.1621867412069788,0.706483172364914,0.825873536115481,0.6757622341788367,0.6765616933402169,0.9952534649705714,0.8055320783711103,0.6156657669413725,0.21381671071556888,0.14299698082179227,sv_complexity_low,0.25,7806,91932,43217
fold_a,42,strict,K,complexity,medium,6022,3182,0.6542807475010864,True,0.6563450673620165,0.5057274280915504,0.449684342136338,9204,0.6542807475010864,0.1621867412069788,0.7004799967686053,0.8097452821249269,0.6563450673620165,0.6568982548567666,0.9938558618399203,0.7909865856076125,0.6251825967564993,0.21774998611079996,0.1288551420329283,sv_complexity_medium,0.25,9204,91932,43217
fold_b,20260806,1hop,C,complexity,high,17550,10923,0.6163734063849963,True,0.6708811856846837,0.5993727733606888,0.5762500867047189,28473,0.6163734063849963,0.2790009501876743,0.754116909534835,0.8374382642178781,0.6708811856846837,0.6729687433912787,0.9066096866096867,0.7725098924574564,0.5933471502522251,0.20483351252867932,0.10745364788937696,sv_complexity_high,0.25,28473,96295,34393
fold_b,20260806,1hop,C,complexity,low,4052,2147,0.6536538151314728,True,0.742861751895467,0.6560466727144237,0.6130470834453927,6199,0.6536538151314728,0.2790009501876743,0.8006546589722522,0.8659803336275622,0.742861751895467,0.7387334887334888,0.9385488647581441,0.8267391304347826,0.5384566104540214,0.17875387700291145,0.10082767397509713,sv_complexity_low,0.25,6199,96295,34393
fold_b,20260806,1hop,C,complexity,medium,5345,3200,0.6255119953188999,True,0.7197191339964891,0.647915984565014,0.6346804398724938,8545,0.6255119953188999,0.2790009501876743,0.8051851905986904,0.863192206856873,0.7197191339964891,0.7096957634347455,0.933956969130028,0.8065271831327248,0.5414075181712337,0.1809402815137305,0.08778818116354593,sv_complexity_medium,0.25,8545,96295,34393
fold_b,20260806,1hop,C+T,complexity,high,17550,10923,0.6163734063849963,True,0.740315386506515,0.692220641616412,0.6994763439245856,28473,0.6163734063849963,0.2707052097366159,0.8253224188068093,0.8847111335190618,0.740315386506515,0.737356268112555,0.8988603988603988,0.8101376335250616,0.5168100812492449,0.17440670567139727,0.09329331812166604,sv_complexity_high,0.25,28473,96295,34393
fold_b,20260806,1hop,C+T,complexity,low,4052,2147,0.6536538151314728,True,0.8388449749959671,0.7865100571931449,0.8260151910084033,6199,0.6536538151314728,0.2707052097366159,0.9106938168964155,0.939741025180681,0.8388449749959671,0.8247181450755159,0.9568114511352419,0.8858677025019993,0.3620400963773497,0.11285264968695885,0.055775624008057606,sv_complexity_low,0.25,6199,96295,34393
fold_b,20260806,1hop,C+T,complexity,medium,5345,3200,0.6255119953188999,True,0.816500877706261,0.7741876169317119,0.8064399860583725,8545,0.6255119953188999,0.2707052097366159,0.8992757834424696,0.927514096592954,0.816500877706261,0.7997143310585622,0.9427502338634237,0.8653614975098747,0.39512905958280853,0.12569670994374835,0.05853355538532929,sv_complexity_medium,0.25,8545,96295,34393
fold_b,20260806,1hop,C+S,complexity,high,17550,10923,0.6163734063849963,True,0.6756225195799529,0.5970654879416208,0.6006861920689716,28473,0.6163734063849963,0.2293130456114049,0.7671734542731521,0.8468126040799837,0.6756225195799529,0.6697427521437321,0.9345868945868946,0.7803044719314938,0.5768983918412064,0.1982586116628681,0.09584062483939715,sv_complexity_high,0.25,28473,96295,34393
fold_b,20260806,1hop,C+S,complexity,low,4052,2147,0.6536538151314728,True,0.7591547023713502,0.6675242688091605,0.6772826519417499,6199,0.6536538151314728,0.2293130456114049,0.8314987946633219,0.8882280777091365,0.7591547023713502,0.7429276628061515,0.9656959526159921,0.8397896770039703,0.4918593080216864,0.16085907009534572,0.08293527092661337,sv_complexity_low,0.25,6199,96295,34393
fold_b,20260806,1hop,C+S,complexity,medium,5345,3200,0.6255119953188999,True,0.7335283791691047,0.6604592492984097,0.671842659429115,8545,0.6255119953188999,0.2293130456114049,0.8243395404583723,0.8771090123081531,0.7335283791691047,0.7159346846846847,0.9515434985968194,0.8170937424692747,0.509598127426686,0.16866768439757834,0.07479213077222702,sv_complexity_medium,0.25,8545,96295,34393
fold_b,20260806,1hop,C+S+T,complexity,high,17550,10923,0.6163734063849963,True,0.7322375583886489,0.677457587729491,0.690928190980331,28473,0.6163734063849963,0.2475273156369554,0.8204836314705397,0.8814318347233574,0.7322375583886489,0.7244279641855838,0.9128205128205128,0.8077853973376361,0.5211203426803483,0.1757010007202503,0.08626932752492607,sv_complexity_high,0.25,28473,96295,34393
fold_b,20260806,1hop,C+S+T,complexity,low,4052,2147,0.6536538151314728,True,0.8344894337796419,0.7761711858554212,0.8272881747918692,6199,0.6536538151314728,0.2475273156369554,0.9099870063648581,0.940181918257484,0.8344894337796419,0.8150770512286547,0.9659427443237907,0.8841201716738197,0.3660878588770192,0.11398418206308614,0.05664374127552299,sv_complexity_low,0.25,6199,96295,34393
fold_b,20260806,1hop,C+S+T,complexity,medium,5345,3200,0.6255119953188999,True,0.8026916325336454,0.7546214335827877,0.8040701909385523,8545,0.6255119953188999,0.2475273156369554,0.893551829981291,0.9266266367470295,0.8026916325336454,0.783423702556158,0.9461178671655753,0.8571186440677966,0.40548988217402027,0.12959618865007477,0.05765233004436232,sv_complexity_medium,0.25,8545,96295,34393
fold_b,20260806,1hop,T,complexity,high,17550,10923,0.6163734063849963,True,0.7434060337863941,0.703802358545561,0.6930437147117804,28473,0.6163734063849963,0.3036212187635757,0.8223678596588969,0.882243405886165,0.7434060337863941,0.7506851996867658,0.873960113960114,0.8076457269232794,0.5200601489869018,0.17533505512756825,0.09003280158566032,sv_complexity_high,0.25,28473,96295,34393
fold_b,20260806,1hop,T,complexity,low,4052,2147,0.6536538151314728,True,0.8420713018228747,0.7960946447923616,0.8234461074658384,6199,0.6536538151314728,0.3036212187635757,0.9095807828458268,0.9388512328971051,0.8420713018228747,0.8346765410585929,0.945705824284304,0.8867291449728104,0.3652623514639647,0.11384807662453757,0.05711822829717709,sv_complexity_low,0.25,6199,96295,34393
fold_b,20260806,1hop,T,complexity,medium,5345,3200,0.6255119953188999,True,0.820947922761849,0.7853296012628626,0.8083310451368587,8545,0.6255119953188999,0.3036212187635757,0.8992582144527597,0.9282222755339904,0.820947922761849,0.8128587830080367,0.927221702525725,0.8662821185107499,0.39670781597880606,0.1259203187741594,0.06047309457099292,sv_complexity_medium,0.25,8545,96295,34393
fold_b,20260806,1hop,S,complexity,high,17550,10923,0.6163734063849963,True,0.67323429213641,0.5925699946243752,0.5974522382940584,28473,0.6163734063849963,0.2209973802149051,0.765205114903,0.8455719734094054,0.67323429213641,0.6668015211586698,0.9391452991452991,0.7798807608592789,0.5795090717897888,0.19930676332364058,0.09701111293150462,sv_complexity_high,0.25,28473,96295,34393
fold_b,20260806,1hop,S,complexity,low,4052,2147,0.6536538151314728,True,0.7541538957896435,0.659757456741908,0.6661648238429126,6199,0.6536538151314728,0.2209973802149051,0.8276403034423019,0.8843774603630801,0.7541538957896435,0.7381311228334589,0.9669299111549852,0.8371794871794872,0.49638915911735965,0.16238944962662089,0.08455878975130168,sv_complexity_low,0.25,6199,96295,34393
fold_b,20260806,1hop,S,complexity,medium,5345,3200,0.6255119953188999,True,0.7268578115857226,0.6510513622544434,0.6715050079380166,8545,0.6255119953188999,0.2209973802149051,0.8234615586997194,0.876982565874974,0.7268578115857226,0.7097673122474571,0.9530402245088868,0.8136080498322952,0.511373489981343,0.1692830735591751,0.07426267816085783,sv_complexity_medium,0.25,8545,96295,34393
fold_b,20260806,1hop,K,complexity,high,17550,10923,0.6163734063849963,True,0.6249780493801145,0.5274454280194462,0.3826258389002399,28473,0.6163734063849963,0.2743332177494537,0.6647677331061017,0.7631588535913785,0.6249780493801145,0.6303984819734345,0.9464957264957264,0.7567653758542141,0.6635404464776182,0.23373099564926883,0.12135148719701846,sv_complexity_high,0.25,28473,96295,34393
fold_b,20260806,1hop,K,complexity,low,4052,2147,0.6536538151314728,True,0.68656234876593,0.5574714896379668,0.4408720475567719,6199,0.6536538151314728,0.2743332177494537,0.7106745977191711,0.8063481668179366,0.68656234876593,0.6814037502150353,0.9775419545903258,0.8030410542321338,0.6147837549777437,0.21272733560979823,0.12045951000563566,sv_complexity_low,0.25,6199,96295,34393
fold_b,20260806,1hop,K,complexity,medium,5345,3200,0.6255119953188999,True,0.6560561732007022,0.5504377630963517,0.4520080434668593,8545,0.6255119953188999,0.2743332177494537,0.710385757717493,0.794783585616612,0.6560561732007022,0.650827482447342,0.9711880261927035,0.7793709180992417,0.6189793539247357,0.21465721282329667,0.10261876172743423,sv_complexity_medium,0.25,8545,96295,34393
fold_b,20260806,strict,C,complexity,high,17550,10923,0.6163734063849963,True,0.6708811856846837,0.5993727733606888,0.5762500867047189,28473,0.6163734063849963,0.2790009501876743,0.754116909534835,0.8374382642178781,0.6708811856846837,0.6729687433912787,0.9066096866096867,0.7725098924574564,0.5933471502522251,0.20483351252867932,0.10745364788937696,sv_complexity_high,0.25,28473,96295,34393
fold_b,20260806,strict,C,complexity,low,4052,2147,0.6536538151314728,True,0.742861751895467,0.6560466727144237,0.6130470834453927,6199,0.6536538151314728,0.2790009501876743,0.8006546589722522,0.8659803336275622,0.742861751895467,0.7387334887334888,0.9385488647581441,0.8267391304347826,0.5384566104540214,0.17875387700291145,0.10082767397509713,sv_complexity_low,0.25,6199,96295,34393
fold_b,20260806,strict,C,complexity,medium,5345,3200,0.6255119953188999,True,0.7197191339964891,0.647915984565014,0.6346804398724938,8545,0.6255119953188999,0.2790009501876743,0.8051851905986904,0.863192206856873,0.7197191339964891,0.7096957634347455,0.933956969130028,0.8065271831327248,0.5414075181712337,0.1809402815137305,0.08778818116354593,sv_complexity_medium,0.25,8545,96295,34393
fold_b,20260806,strict,C+T,complexity,high,17550,10923,0.6163734063849963,True,0.7241597302707828,0.6663762264366494,0.682178105707807,28473,0.6163734063849963,0.2683954345268254,0.8131223302824513,0.8780750693164182,0.7241597302707828,0.7163513031060336,0.9146438746438746,0.8034436157965864,0.5292279264359255,0.1779299380452903,0.08851836458998665,sv_complexity_high,0.25,28473,96295,34393
fold_b,20260806,strict,C+T,complexity,low,4052,2147,0.6536538151314728,True,0.8009356347798032,0.7346291986200815,0.7814846950767524,6199,0.6536538151314728,0.2683954345268254,0.8837613355213156,0.9243180578044503,0.8009356347798032,0.7884930384930385,0.9503948667324777,0.8619068934646374,0.4186853324921873,0.13388624686623699,0.06949794166939643,sv_complexity_low,0.25,6199,96295,34393
fold_b,20260806,strict,C+T,complexity,medium,5345,3200,0.6255119953188999,True,0.7901696898771211,0.7361469539289056,0.7801428547469743,8545,0.6255119953188999,0.2683954345268254,0.8801476555191768,0.9176661363593116,0.7901696898771211,0.7683590208522212,0.9513564078578111,0.8501212070550865,0.4295083092807913,0.13866269692554703,0.06384090282221945,sv_complexity_medium,0.25,8545,96295,34393
fold_b,20260806,strict,C+S,complexity,high,17550,10923,0.6163734063849963,True,0.6756225195799529,0.5970654879416208,0.6006861920689716,28473,0.6163734063849963,0.2293130456114049,0.7671734542731521,0.8468126040799837,0.6756225195799529,0.6697427521437321,0.9345868945868946,0.7803044719314938,0.5768983918412064,0.1982586116628681,0.09584062483939715,sv_complexity_high,0.25,28473,96295,34393
fold_b,20260806,strict,C+S,complexity,low,4052,2147,0.6536538151314728,True,0.7591547023713502,0.6675242688091605,0.6772826519417499,6199,0.6536538151314728,0.2293130456114049,0.8314987946633219,0.8882280777091365,0.7591547023713502,0.7429276628061515,0.9656959526159921,0.8397896770039703,0.4918593080216864,0.16085907009534572,0.08293527092661337,sv_complexity_low,0.25,6199,96295,34393
fold_b,20260806,strict,C+S,complexity,medium,5345,3200,0.6255119953188999,True,0.7335283791691047,0.6604592492984097,0.671842659429115,8545,0.6255119953188999,0.2293130456114049,0.8243395404583723,0.8771090123081531,0.7335283791691047,0.7159346846846847,0.9515434985968194,0.8170937424692747,0.509598127426686,0.16866768439757834,0.07479213077222702,sv_complexity_medium,0.25,8545,96295,34393
fold_b,20260806,strict,C+S+T,complexity,high,17550,10923,0.6163734063849963,True,0.7283391282969831,0.6796362415697763,0.6795258519545606,28473,0.6163734063849963,0.303713836821137,0.8103325401613417,0.8770575942436577,0.7283391282969831,0.729483282674772,0.8888888888888888,0.8013355592654424,0.5291762492088004,0.17858001593137796,0.08120219308189121,sv_complexity_high,0.25,28473,96295,34393
fold_b,20260806,strict,C+S+T,complexity,low,4052,2147,0.6536538151314728,True,0.8044845942894016,0.7428182693452743,0.7873493660988874,6199,0.6536538151314728,0.303713836821137,0.8830842963229301,0.9263492642384757,0.8044845942894016,0.7954640033291719,0.9434846989141165,0.8631745314969519,0.41646242826768864,0.13360250517104813,0.06588785183637332,sv_complexity_low,0.25,6199,96295,34393
fold_b,20260806,strict,C+S+T,complexity,medium,5345,3200,0.6255119953188999,True,0.7899356348741955,0.7419168030869971,0.7768891449654278,8545,0.6255119953188999,0.303713836821137,0.8748246901309635,0.9164476610754089,0.7899356348741955,0.7762215997510116,0.9332086061739944,0.847506583977572,0.4345933169674675,0.14135741705282764,0.06219966408652357,sv_complexity_medium,0.25,8545,96295,34393
fold_b,20260806,strict,T,complexity,high,17550,10923,0.6163734063849963,True,0.7221929547290415,0.6636054088017834,0.6749642627254587,28473,0.6163734063849963,0.2634386650168954,0.8101360781622614,0.8753076473062265,0.7221929547290415,0.7143365350409107,0.9153276353276353,0.8024376842000099,0.5329927020388524,0.17932397477946183,0.08800149943198649,sv_complexity_high,0.25,28473,96295,34393
fold_b,20260806,strict,T,complexity,low,4052,2147,0.6536538151314728,True,0.8010969511211485,0.7353000306679216,0.7707576869461271,6199,0.6536538151314728,0.2634386650168954,0.8795357603138704,0.9206027994633545,0.8010969511211485,0.7891282051282051,0.9494076999012833,0.8618796908255854,0.4265283863287911,0.13655756958092083,0.07200038482442775,sv_complexity_low,0.25,6199,96295,34393
fold_b,20260806,strict,T,complexity,medium,5345,3200,0.6255119953188999,True,0.78724400234055,0.7324288178203928,0.7691847040850662,8545,0.6255119953188999,0.2634386650168954,0.8769705332086063,0.9135624403829388,0.78724400234055,0.7657073979207474,0.9507951356407858,0.8482724086129194,0.43541742935833916,0.14049658174253604,0.0654254502004197,sv_complexity_medium,0.25,8545,96295,34393
fold_b,20260806,strict,S,complexity,high,17550,10923,0.6163734063849963,True,0.67323429213641,0.5925699946243752,0.5974522382940584,28473,0.6163734063849963,0.2209973802149051,0.765205114903,0.8455719734094054,0.67323429213641,0.6668015211586698,0.9391452991452991,0.7798807608592789,0.5795090717897888,0.19930676332364058,0.09701111293150462,sv_complexity_high,0.25,28473,96295,34393
fold_b,20260806,strict,S,complexity,low,4052,2147,0.6536538151314728,True,0.7541538957896435,0.659757456741908,0.6661648238429126,6199,0.6536538151314728,0.2209973802149051,0.8276403034423019,0.8843774603630801,0.7541538957896435,0.7381311228334589,0.9669299111549852,0.8371794871794872,0.49638915911735965,0.16238944962662089,0.08455878975130168,sv_complexity_low,0.25,6199,96295,34393
fold_b,20260806,strict,S,complexity,medium,5345,3200,0.6255119953188999,True,0.7268578115857226,0.6510513622544434,0.6715050079380166,8545,0.6255119953188999,0.2209973802149051,0.8234615586997194,0.876982565874974,0.7268578115857226,0.7097673122474571,0.9530402245088868,0.8136080498322952,0.511373489981343,0.1692830735591751,0.07426267816085783,sv_complexity_medium,0.25,8545,96295,34393
fold_b,20260806,strict,K,complexity,high,17550,10923,0.6163734063849963,True,0.6249780493801145,0.5274454280194462,0.3826258389002399,28473,0.6163734063849963,0.2743332177494537,0.6647677331061017,0.7631588535913785,0.6249780493801145,0.6303984819734345,0.9464957264957264,0.7567653758542141,0.6635404464776182,0.23373099564926883,0.12135148719701846,sv_complexity_high,0.25,28473,96295,34393
fold_b,20260806,strict,K,complexity,low,4052,2147,0.6536538151314728,True,0.68656234876593,0.5574714896379668,0.4408720475567719,6199,0.6536538151314728,0.2743332177494537,0.7106745977191711,0.8063481668179366,0.68656234876593,0.6814037502150353,0.9775419545903258,0.8030410542321338,0.6147837549777437,0.21272733560979823,0.12045951000563566,sv_complexity_low,0.25,6199,96295,34393
fold_b,20260806,strict,K,complexity,medium,5345,3200,0.6255119953188999,True,0.6560561732007022,0.5504377630963517,0.4520080434668593,8545,0.6255119953188999,0.2743332177494537,0.710385757717493,0.794783585616612,0.6560561732007022,0.650827482447342,0.9711880261927035,0.7793709180992417,0.6189793539247357,0.21465721282329667,0.10261876172743423,sv_complexity_medium,0.25,8545,96295,34393
fold_b,314159,1hop,C,complexity,high,17550,10923,0.6163734063849963,True,0.6708811856846837,0.5993727733606888,0.5762500867047189,28473,0.6163734063849963,0.2790009501876743,0.754116909534835,0.8374382642178781,0.6708811856846837,0.6729687433912787,0.9066096866096867,0.7725098924574564,0.5933471502522251,0.20483351252867932,0.10745364788937696,sv_complexity_high,0.25,28473,96295,34393
fold_b,314159,1hop,C,complexity,low,4052,2147,0.6536538151314728,True,0.742861751895467,0.6560466727144237,0.6130470834453927,6199,0.6536538151314728,0.2790009501876743,0.8006546589722522,0.8659803336275622,0.742861751895467,0.7387334887334888,0.9385488647581441,0.8267391304347826,0.5384566104540214,0.17875387700291145,0.10082767397509713,sv_complexity_low,0.25,6199,96295,34393
fold_b,314159,1hop,C,complexity,medium,5345,3200,0.6255119953188999,True,0.7197191339964891,0.647915984565014,0.6346804398724938,8545,0.6255119953188999,0.2790009501876743,0.8051851905986904,0.863192206856873,0.7197191339964891,0.7096957634347455,0.933956969130028,0.8065271831327248,0.5414075181712337,0.1809402815137305,0.08778818116354593,sv_complexity_medium,0.25,8545,96295,34393
fold_b,314159,1hop,C+T,complexity,high,17550,10923,0.6163734063849963,True,0.7313946545850455,0.6735242579955572,0.697595014621604,28473,0.6163734063849963,0.2418932156274963,0.8225360481151015,0.8839894055670909,0.7313946545850455,0.7203774592717885,0.9221652421652422,0.808876449420232,0.5176912346550409,0.1748037504358199,0.08928002815927841,sv_complexity_high,0.25,28473,96295,34393
fold_b,314159,1hop,C+T,complexity,low,4052,2147,0.6536538151314728,True,0.8343281174382965,0.7770331751506154,0.8328184850616289,6199,0.6536538151314728,0.2418932156274963,0.9089620218942293,0.9420973201205545,0.8343281174382965,0.8162241271168723,0.9634748272458046,0.8837577815506508,0.3721216439446831,0.11702491337078716,0.06880038013917955,sv_complexity_low,0.25,6199,96295,34393
fold_b,314159,1hop,C+T,complexity,medium,5345,3200,0.6255119953188999,True,0.8084259801053247,0.7610235909728718,0.8164327836301216,8545,0.6255119953188999,0.2418932156274963,0.9019992691768008,0.9312562794167805,0.8084259801053247,0.7876202295997518,0.9498596819457437,0.8611652955644136,0.3908759860604806,0.12470884378670943,0.05812981839665051,sv_complexity_medium,0.25,8545,96295,34393
fold_b,314159,1hop,C+S,complexity,high,17550,10923,0.6163734063849963,True,0.6756225195799529,0.5970654879416208,0.6006861920689716,28473,0.6163734063849963,0.2293130456114049,0.7671734542731521,0.8468126040799837,0.6756225195799529,0.6697427521437321,0.9345868945868946,0.7803044719314938,0.5768983918412064,0.1982586116628681,0.09584062483939715,sv_complexity_high,0.25,28473,96295,34393
fold_b,314159,1hop,C+S,complexity,low,4052,2147,0.6536538151314728,True,0.7591547023713502,0.6675242688091605,0.6772826519417499,6199,0.6536538151314728,0.2293130456114049,0.8314987946633219,0.8882280777091365,0.7591547023713502,0.7429276628061515,0.9656959526159921,0.8397896770039703,0.4918593080216864,0.16085907009534572,0.08293527092661337,sv_complexity_low,0.25,6199,96295,34393
fold_b,314159,1hop,C+S,complexity,medium,5345,3200,0.6255119953188999,True,0.7335283791691047,0.6604592492984097,0.671842659429115,8545,0.6255119953188999,0.2293130456114049,0.8243395404583723,0.8771090123081531,0.7335283791691047,0.7159346846846847,0.9515434985968194,0.8170937424692747,0.509598127426686,0.16866768439757834,0.07479213077222702,sv_complexity_medium,0.25,8545,96295,34393
fold_b,314159,1hop,C+S+T,complexity,high,17550,10923,0.6163734063849963,True,0.7316405015277632,0.6813117776259769,0.6919013893047691,28473,0.6163734063849963,0.2664459793142146,0.8187616240385626,0.8818051794814734,0.7316405015277632,0.7294281083584163,0.8975498575498575,0.8048026567888619,0.5227759370211683,0.1764116670149126,0.08577694659455108,sv_complexity_high,0.25,28473,96295,34393
fold_b,314159,1hop,C+S+T,complexity,low,4052,2147,0.6536538151314728,True,0.8323923213421519,0.7758808866201881,0.8303402590849676,6199,0.6536538151314728,0.2664459793142146,0.9062977749434344,0.9412389960082957,0.8323923213421519,0.8161594963273872,0.9597729516288253,0.8821594646705229,0.3775533349444438,0.11863614129089427,0.06915157871323575,sv_complexity_low,0.25,6199,96295,34393
fold_b,314159,1hop,C+S+T,complexity,medium,5345,3200,0.6255119953188999,True,0.8065535400819193,0.7612825947146866,0.8131018799180645,8545,0.6255119953188999,0.2664459793142146,0.8953453870439663,0.9300088959318673,0.8065535400819193,0.7896140571069972,0.9416276894293732,0.8589470091304718,0.4028778596362563,0.12903645077920098,0.05745136593876317,sv_complexity_medium,0.25,8545,96295,34393
fold_b,314159,1hop,T,complexity,high,17550,10923,0.6163734063849963,True,0.7340989709549398,0.6838937676399912,0.6928373816369483,28473,0.6163734063849963,0.2696476651275771,0.8203302005517514,0.8821642510315171,0.7340989709549398,0.7310274575172477,0.8996011396011396,0.8066007612333002,0.5202496941919804,0.1757200179242524,0.08716584692842637,sv_complexity_high,0.25,28473,96295,34393
fold_b,314159,1hop,T,complexity,low,4052,2147,0.6536538151314728,True,0.8380383932892402,0.7858930779236484,0.8331989756743894,6199,0.6536538151314728,0.2696476651275771,0.9079807173718834,0.9422291015926624,0.8380383932892402,0.8245315161839863,0.9555774925962488,0.8852309099222679,0.37240441778494676,0.11712954143725132,0.06487473654969564,sv_complexity_low,0.25,6199,96295,34393
fold_b,314159,1hop,T,complexity,medium,5345,3200,0.6255119953188999,True,0.814979520187244,0.7719055484097288,0.8178427862104962,8545,0.6255119953188999,0.2696476651275771,0.9012898444808232,0.9317843084697002,0.814979520187244,0.7976906042391648,0.9434985968194575,0.8644895860118282,0.3915758496264661,0.12486402372539919,0.05577529625089451,sv_complexity_medium,0.25,8545,96295,34393
fold_b,314159,1hop,S,complexity,high,17550,10923,0.6163734063849963,True,0.67323429213641,0.5925699946243752,0.5974522382940584,28473,0.6163734063849963,0.2209973802149051,0.765205114903,0.8455719734094054,0.67323429213641,0.6668015211586698,0.9391452991452991,0.7798807608592789,0.5795090717897888,0.19930676332364058,0.09701111293150462,sv_complexity_high,0.25,28473,96295,34393
fold_b,314159,1hop,S,complexity,low,4052,2147,0.6536538151314728,True,0.7541538957896435,0.659757456741908,0.6661648238429126,6199,0.6536538151314728,0.2209973802149051,0.8276403034423019,0.8843774603630801,0.7541538957896435,0.7381311228334589,0.9669299111549852,0.8371794871794872,0.49638915911735965,0.16238944962662089,0.08455878975130168,sv_complexity_low,0.25,6199,96295,34393
fold_b,314159,1hop,S,complexity,medium,5345,3200,0.6255119953188999,True,0.7268578115857226,0.6510513622544434,0.6715050079380166,8545,0.6255119953188999,0.2209973802149051,0.8234615586997194,0.876982565874974,0.7268578115857226,0.7097673122474571,0.9530402245088868,0.8136080498322952,0.511373489981343,0.1692830735591751,0.07426267816085783,sv_complexity_medium,0.25,8545,96295,34393
fold_b,314159,1hop,K,complexity,high,17550,10923,0.6163734063849963,True,0.6249780493801145,0.5274454280194462,0.3826258389002399,28473,0.6163734063849963,0.2743332177494537,0.6647677331061017,0.7631588535913785,0.6249780493801145,0.6303984819734345,0.9464957264957264,0.7567653758542141,0.6635404464776182,0.23373099564926883,0.12135148719701846,sv_complexity_high,0.25,28473,96295,34393
fold_b,314159,1hop,K,complexity,low,4052,2147,0.6536538151314728,True,0.68656234876593,0.5574714896379668,0.4408720475567719,6199,0.6536538151314728,0.2743332177494537,0.7106745977191711,0.8063481668179366,0.68656234876593,0.6814037502150353,0.9775419545903258,0.8030410542321338,0.6147837549777437,0.21272733560979823,0.12045951000563566,sv_complexity_low,0.25,6199,96295,34393
fold_b,314159,1hop,K,complexity,medium,5345,3200,0.6255119953188999,True,0.6560561732007022,0.5504377630963517,0.4520080434668593,8545,0.6255119953188999,0.2743332177494537,0.710385757717493,0.794783585616612,0.6560561732007022,0.650827482447342,0.9711880261927035,0.7793709180992417,0.6189793539247357,0.21465721282329667,0.10261876172743423,sv_complexity_medium,0.25,8545,96295,34393
fold_b,314159,strict,C,complexity,high,17550,10923,0.6163734063849963,True,0.6708811856846837,0.5993727733606888,0.5762500867047189,28473,0.6163734063849963,0.2790009501876743,0.754116909534835,0.8374382642178781,0.6708811856846837,0.6729687433912787,0.9066096866096867,0.7725098924574564,0.5933471502522251,0.20483351252867932,0.10745364788937696,sv_complexity_high,0.25,28473,96295,34393
fold_b,314159,strict,C,complexity,low,4052,2147,0.6536538151314728,True,0.742861751895467,0.6560466727144237,0.6130470834453927,6199,0.6536538151314728,0.2790009501876743,0.8006546589722522,0.8659803336275622,0.742861751895467,0.7387334887334888,0.9385488647581441,0.8267391304347826,0.5384566104540214,0.17875387700291145,0.10082767397509713,sv_complexity_low,0.25,6199,96295,34393
fold_b,314159,strict,C,complexity,medium,5345,3200,0.6255119953188999,True,0.7197191339964891,0.647915984565014,0.6346804398724938,8545,0.6255119953188999,0.2790009501876743,0.8051851905986904,0.863192206856873,0.7197191339964891,0.7096957634347455,0.933956969130028,0.8065271831327248,0.5414075181712337,0.1809402815137305,0.08778818116354593,sv_complexity_medium,0.25,8545,96295,34393
fold_b,314159,strict,C+T,complexity,high,17550,10923,0.6163734063849963,True,0.7269694096161275,0.6671862086665712,0.6882016212655541,28473,0.6163734063849963,0.2598907089329496,0.8151499710613508,0.8803858500714237,0.7269694096161275,0.7157295436490423,0.924045584045584,0.8066553919617987,0.5271498739144906,0.1772062873553094,0.08991271462489037,sv_complexity_high,0.25,28473,96295,34393
fold_b,314159,strict,C+T,complexity,low,4052,2147,0.6536538151314728,True,0.8001290530730764,0.731384525619669,0.7883782681496231,6199,0.6536538151314728,0.2598907089329496,0.882557033368262,0.9267056205383515,0.8001290530730764,0.7854678303227116,0.9550839091806516,0.8620113598396258,0.4209137774531784,0.1345715422742165,0.07030017662410427,sv_complexity_low,0.25,6199,96295,34393
fold_b,314159,strict,C+T,complexity,medium,5345,3200,0.6255119953188999,True,0.7851375073142188,0.7283622252104771,0.7706842364828087,8545,0.6255119953188999,0.2598907089329496,0.874928759354537,0.914123997278524,0.7851375073142188,0.7620612397311426,0.9545369504209542,0.8475083056478405,0.4362087753648436,0.1407777789267256,0.06119447262205896,sv_complexity_medium,0.25,8545,96295,34393
fold_b,314159,strict,C+S,complexity,high,17550,10923,0.6163734063849963,True,0.6756225195799529,0.5970654879416208,0.6006861920689716,28473,0.6163734063849963,0.2293130456114049,0.7671734542731521,0.8468126040799837,0.6756225195799529,0.6697427521437321,0.9345868945868946,0.7803044719314938,0.5768983918412064,0.1982586116628681,0.09584062483939715,sv_complexity_high,0.25,28473,96295,34393
fold_b,314159,strict,C+S,complexity,low,4052,2147,0.6536538151314728,True,0.7591547023713502,0.6675242688091605,0.6772826519417499,6199,0.6536538151314728,0.2293130456114049,0.8314987946633219,0.8882280777091365,0.7591547023713502,0.7429276628061515,0.9656959526159921,0.8397896770039703,0.4918593080216864,0.16085907009534572,0.08293527092661337,sv_complexity_low,0.25,6199,96295,34393
fold_b,314159,strict,C+S,complexity,medium,5345,3200,0.6255119953188999,True,0.7335283791691047,0.6604592492984097,0.671842659429115,8545,0.6255119953188999,0.2293130456114049,0.8243395404583723,0.8771090123081531,0.7335283791691047,0.7159346846846847,0.9515434985968194,0.8170937424692747,0.509598127426686,0.16866768439757834,0.07479213077222702,sv_complexity_medium,0.25,8545,96295,34393
fold_b,314159,strict,C+S+T,complexity,high,17550,10923,0.6163734063849963,True,0.7237382783689812,0.6650145345311509,0.6816921035382706,28473,0.6163734063849963,0.2562985718316536,0.8114653911229943,0.8778886259596295,0.7237382783689812,0.7150661810429066,0.9173219373219373,0.8036641373801917,0.5280760830220357,0.1782427504846529,0.08245977338401636,sv_complexity_high,0.25,28473,96295,34393
fold_b,314159,strict,C+S+T,complexity,low,4052,2147,0.6536538151314728,True,0.7981932569769318,0.727714030597114,0.7869854973176507,6199,0.6536538151314728,0.2562985718316536,0.8804560278558524,0.9262232396743016,0.7981932569769318,0.782643794147326,0.9570582428430404,0.8611080270900411,0.41944302905285763,0.13500781974287812,0.06676938649219175,sv_complexity_low,0.25,6199,96295,34393
fold_b,314159,strict,C+S+T,complexity,medium,5345,3200,0.6255119953188999,True,0.7822118197776478,0.7253338400374182,0.7625940348802046,8545,0.6255119953188999,0.2562985718316536,0.8699932179607108,0.911094313822897,0.7822118197776478,0.7603108188882247,0.9519176800748363,0.8453933704411398,0.44115471845883586,0.14334525745614804,0.06052142155933834,sv_complexity_medium,0.25,8545,96295,34393
fold_b,314159,strict,T,complexity,high,17550,10923,0.6163734063849963,True,0.7252133600252871,0.6661592609024634,0.684734299129463,28473,0.6163734063849963,0.2684737847540145,0.8139966948124049,0.8790556930913892,0.7252133600252871,0.7155394025352363,0.9198860398860399,0.8049461507778221,0.5287965105562663,0.17749036205044727,0.08910170723395876,sv_complexity_high,0.25,28473,96295,34393
fold_b,314159,strict,T,complexity,low,4052,2147,0.6536538151314728,True,0.7991611550250041,0.7308631249738495,0.7803864711787128,6199,0.6536538151314728,0.2684737847540145,0.8803255627471652,0.9239376921472329,0.7991611550250041,0.7854382753711613,0.9531095755182626,0.861188538298584,0.4255046693841599,0.13555692961593155,0.07124453282416543,sv_complexity_low,0.25,6199,96295,34393
fold_b,314159,strict,T,complexity,medium,5345,3200,0.6255119953188999,True,0.7826799297834991,0.7258961354069223,0.7668186347510675,8545,0.6255119953188999,0.2684737847540145,0.874043878624883,0.9126763757991124,0.7826799297834991,0.7606875934230194,0.9521047708138447,0.8457000415454923,0.4388552189866293,0.14118369140063042,0.06115109598546063,sv_complexity_medium,0.25,8545,96295,34393
fold_b,314159,strict,S,complexity,high,17550,10923,0.6163734063849963,True,0.67323429213641,0.5925699946243752,0.5974522382940584,28473,0.6163734063849963,0.2209973802149051,0.765205114903,0.8455719734094054,0.67323429213641,0.6668015211586698,0.9391452991452991,0.7798807608592789,0.5795090717897888,0.19930676332364058,0.09701111293150462,sv_complexity_high,0.25,28473,96295,34393
fold_b,314159,strict,S,complexity,low,4052,2147,0.6536538151314728,True,0.7541538957896435,0.659757456741908,0.6661648238429126,6199,0.6536538151314728,0.2209973802149051,0.8276403034423019,0.8843774603630801,0.7541538957896435,0.7381311228334589,0.9669299111549852,0.8371794871794872,0.49638915911735965,0.16238944962662089,0.08455878975130168,sv_complexity_low,0.25,6199,96295,34393
fold_b,314159,strict,S,complexity,medium,5345,3200,0.6255119953188999,True,0.7268578115857226,0.6510513622544434,0.6715050079380166,8545,0.6255119953188999,0.2209973802149051,0.8234615586997194,0.876982565874974,0.7268578115857226,0.7097673122474571,0.9530402245088868,0.8136080498322952,0.511373489981343,0.1692830735591751,0.07426267816085783,sv_complexity_medium,0.25,8545,96295,34393
fold_b,314159,strict,K,complexity,high,17550,10923,0.6163734063849963,True,0.6249780493801145,0.5274454280194462,0.3826258389002399,28473,0.6163734063849963,0.2743332177494537,0.6647677331061017,0.7631588535913785,0.6249780493801145,0.6303984819734345,0.9464957264957264,0.7567653758542141,0.6635404464776182,0.23373099564926883,0.12135148719701846,sv_complexity_high,0.25,28473,96295,34393
fold_b,314159,strict,K,complexity,low,4052,2147,0.6536538151314728,True,0.68656234876593,0.5574714896379668,0.4408720475567719,6199,0.6536538151314728,0.2743332177494537,0.7106745977191711,0.8063481668179366,0.68656234876593,0.6814037502150353,0.9775419545903258,0.8030410542321338,0.6147837549777437,0.21272733560979823,0.12045951000563566,sv_complexity_low,0.25,6199,96295,34393
fold_b,314159,strict,K,complexity,medium,5345,3200,0.6255119953188999,True,0.6560561732007022,0.5504377630963517,0.4520080434668593,8545,0.6255119953188999,0.2743332177494537,0.710385757717493,0.794783585616612,0.6560561732007022,0.650827482447342,0.9711880261927035,0.7793709180992417,0.6189793539247357,0.21465721282329667,0.10261876172743423,sv_complexity_medium,0.25,8545,96295,34393
fold_b,42,1hop,C,complexity,high,17550,10923,0.6163734063849963,True,0.6708811856846837,0.5993727733606888,0.5762500867047189,28473,0.6163734063849963,0.2790009501876743,0.754116909534835,0.8374382642178781,0.6708811856846837,0.6729687433912787,0.9066096866096867,0.7725098924574564,0.5933471502522251,0.20483351252867932,0.10745364788937696,sv_complexity_high,0.25,28473,96295,34393
fold_b,42,1hop,C,complexity,low,4052,2147,0.6536538151314728,True,0.742861751895467,0.6560466727144237,0.6130470834453927,6199,0.6536538151314728,0.2790009501876743,0.8006546589722522,0.8659803336275622,0.742861751895467,0.7387334887334888,0.9385488647581441,0.8267391304347826,0.5384566104540214,0.17875387700291145,0.10082767397509713,sv_complexity_low,0.25,6199,96295,34393
fold_b,42,1hop,C,complexity,medium,5345,3200,0.6255119953188999,True,0.7197191339964891,0.647915984565014,0.6346804398724938,8545,0.6255119953188999,0.2790009501876743,0.8051851905986904,0.863192206856873,0.7197191339964891,0.7096957634347455,0.933956969130028,0.8065271831327248,0.5414075181712337,0.1809402815137305,0.08778818116354593,sv_complexity_medium,0.25,8545,96295,34393
fold_b,42,1hop,C+T,complexity,high,17550,10923,0.6163734063849963,True,0.7317458645032136,0.6740511474650448,0.7082443934341851,28473,0.6163734063849963,0.2366604953226136,0.825860469022604,0.8880747904850772,0.7317458645032136,0.7207769066286529,0.9219373219373219,0.8090404520226011,0.5126488568059132,0.1731151536709073,0.08707971258300756,sv_complexity_high,0.25,28473,96295,34393
fold_b,42,1hop,C+T,complexity,low,4052,2147,0.6536538151314728,True,0.8354573318277142,0.7801961781424619,0.8441442569943786,6199,0.6536538151314728,0.2366604953226136,0.9138600384107671,0.9460199580201534,0.8354573318277142,0.8192923336141533,0.9600197433366239,0.884090909090909,0.36305534761757485,0.1138508577071156,0.06484552277587287,sv_complexity_low,0.25,6199,96295,34393
fold_b,42,1hop,C+T,complexity,medium,5345,3200,0.6255119953188999,True,0.8120538326506729,0.7634218603835361,0.8267132752116698,8545,0.6255119953188999,0.2366604953226136,0.9041247369036483,0.9351062001962953,0.8120538326506729,0.7879254581857384,0.9571562207670721,0.8643351917553641,0.3848025841950302,0.1229725837294724,0.05386455665983499,sv_complexity_medium,0.25,8545,96295,34393
fold_b,42,1hop,C+S,complexity,high,17550,10923,0.6163734063849963,True,0.6756225195799529,0.5970654879416208,0.6006861920689716,28473,0.6163734063849963,0.2293130456114049,0.7671734542731521,0.8468126040799837,0.6756225195799529,0.6697427521437321,0.9345868945868946,0.7803044719314938,0.5768983918412064,0.1982586116628681,0.09584062483939715,sv_complexity_high,0.25,28473,96295,34393
fold_b,42,1hop,C+S,complexity,low,4052,2147,0.6536538151314728,True,0.7591547023713502,0.6675242688091605,0.6772826519417499,6199,0.6536538151314728,0.2293130456114049,0.8314987946633219,0.8882280777091365,0.7591547023713502,0.7429276628061515,0.9656959526159921,0.8397896770039703,0.4918593080216864,0.16085907009534572,0.08293527092661337,sv_complexity_low,0.25,6199,96295,34393
fold_b,42,1hop,C+S,complexity,medium,5345,3200,0.6255119953188999,True,0.7335283791691047,0.6604592492984097,0.671842659429115,8545,0.6255119953188999,0.2293130456114049,0.8243395404583723,0.8771090123081531,0.7335283791691047,0.7159346846846847,0.9515434985968194,0.8170937424692747,0.509598127426686,0.16866768439757834,0.07479213077222702,sv_complexity_medium,0.25,8545,96295,34393
fold_b,42,1hop,C+S+T,complexity,high,17550,10923,0.6163734063849963,True,0.7271098935833948,0.6668680452366252,0.7008839031843456,28473,0.6163734063849963,0.2245165851907949,0.8216325701824192,0.8852511106831948,0.7271098935833948,0.7153046847481508,0.9256980056980056,0.80701405792062,0.5175766020028402,0.17463036622927547,0.08212654139405928,sv_complexity_high,0.25,28473,96295,34393
fold_b,42,1hop,C+S+T,complexity,low,4052,2147,0.6536538151314728,True,0.8278754637844814,0.7677178514431166,0.8361133465752689,6199,0.6536538151314728,0.2245165851907949,0.9106123193086981,0.9432384828354738,0.8278754637844814,0.809454696247149,0.9634748272458046,0.879774647887324,0.3689616726812914,0.11558530953385455,0.06351993031354547,sv_complexity_low,0.25,6199,96295,34393
fold_b,42,1hop,C+S+T,complexity,medium,5345,3200,0.6255119953188999,True,0.8018724400234055,0.7500789289055192,0.8154552565354294,8545,0.6255119953188999,0.2245165851907949,0.8959885991580917,0.9308902072455675,0.8018724400234055,0.7778454047474133,0.9564078578110383,0.8579340438029706,0.39834594472670065,0.12795026810331706,0.05377276727465063,sv_complexity_medium,0.25,8545,96295,34393
fold_b,42,1hop,T,complexity,high,17550,10923,0.6163734063849963,True,0.7357847785621466,0.6838612087252571,0.7058496321822708,28473,0.6163734063849963,0.2577781533300054,0.8252833627153868,0.8871560963834841,0.7357847785621466,0.7299032420782318,0.906951566951567,0.8088523007343039,0.5128597957724861,0.1732145998756937,0.08500871836533253,sv_complexity_high,0.25,28473,96295,34393
fold_b,42,1hop,T,complexity,low,4052,2147,0.6536538151314728,True,0.8348120664623326,0.7850674694274846,0.8458114751715793,6199,0.6536538151314728,0.2577781533300054,0.9138237150853529,0.9465973926751703,0.8348120664623326,0.8258717176065432,0.9469397828232972,0.8822717866176133,0.36343350168329447,0.11416386572064206,0.06476196185517728,sv_complexity_low,0.25,6199,96295,34393
fold_b,42,1hop,T,complexity,medium,5345,3200,0.6255119953188999,True,0.8161497952018725,0.7725901835827877,0.8271904804499433,8545,0.6255119953188999,0.2577781533300054,0.904096673292797,0.9352849078337997,0.8161497952018725,0.7976340694006309,0.9461178671655753,0.8655541292255028,0.3856447171502879,0.12326047015625984,0.05510525479383693,sv_complexity_medium,0.25,8545,96295,34393
fold_b,42,1hop,S,complexity,high,17550,10923,0.6163734063849963,True,0.67323429213641,0.5925699946243752,0.5974522382940584,28473,0.6163734063849963,0.2209973802149051,0.765205114903,0.8455719734094054,0.67323429213641,0.6668015211586698,0.9391452991452991,0.7798807608592789,0.5795090717897888,0.19930676332364058,0.09701111293150462,sv_complexity_high,0.25,28473,96295,34393
fold_b,42,1hop,S,complexity,low,4052,2147,0.6536538151314728,True,0.7541538957896435,0.659757456741908,0.6661648238429126,6199,0.6536538151314728,0.2209973802149051,0.8276403034423019,0.8843774603630801,0.7541538957896435,0.7381311228334589,0.9669299111549852,0.8371794871794872,0.49638915911735965,0.16238944962662089,0.08455878975130168,sv_complexity_low,0.25,6199,96295,34393
fold_b,42,1hop,S,complexity,medium,5345,3200,0.6255119953188999,True,0.7268578115857226,0.6510513622544434,0.6715050079380166,8545,0.6255119953188999,0.2209973802149051,0.8234615586997194,0.876982565874974,0.7268578115857226,0.7097673122474571,0.9530402245088868,0.8136080498322952,0.511373489981343,0.1692830735591751,0.07426267816085783,sv_complexity_medium,0.25,8545,96295,34393
fold_b,42,1hop,K,complexity,high,17550,10923,0.6163734063849963,True,0.6249780493801145,0.5274454280194462,0.3826258389002399,28473,0.6163734063849963,0.2743332177494537,0.6647677331061017,0.7631588535913785,0.6249780493801145,0.6303984819734345,0.9464957264957264,0.7567653758542141,0.6635404464776182,0.23373099564926883,0.12135148719701846,sv_complexity_high,0.25,28473,96295,34393
fold_b,42,1hop,K,complexity,low,4052,2147,0.6536538151314728,True,0.68656234876593,0.5574714896379668,0.4408720475567719,6199,0.6536538151314728,0.2743332177494537,0.7106745977191711,0.8063481668179366,0.68656234876593,0.6814037502150353,0.9775419545903258,0.8030410542321338,0.6147837549777437,0.21272733560979823,0.12045951000563566,sv_complexity_low,0.25,6199,96295,34393
fold_b,42,1hop,K,complexity,medium,5345,3200,0.6255119953188999,True,0.6560561732007022,0.5504377630963517,0.4520080434668593,8545,0.6255119953188999,0.2743332177494537,0.710385757717493,0.794783585616612,0.6560561732007022,0.650827482447342,0.9711880261927035,0.7793709180992417,0.6189793539247357,0.21465721282329667,0.10261876172743423,sv_complexity_medium,0.25,8545,96295,34393
fold_b,42,strict,C,complexity,high,17550,10923,0.6163734063849963,True,0.6708811856846837,0.5993727733606888,0.5762500867047189,28473,0.6163734063849963,0.2790009501876743,0.754116909534835,0.8374382642178781,0.6708811856846837,0.6729687433912787,0.9066096866096867,0.7725098924574564,0.5933471502522251,0.20483351252867932,0.10745364788937696,sv_complexity_high,0.25,28473,96295,34393
fold_b,42,strict,C,complexity,low,4052,2147,0.6536538151314728,True,0.742861751895467,0.6560466727144237,0.6130470834453927,6199,0.6536538151314728,0.2790009501876743,0.8006546589722522,0.8659803336275622,0.742861751895467,0.7387334887334888,0.9385488647581441,0.8267391304347826,0.5384566104540214,0.17875387700291145,0.10082767397509713,sv_complexity_low,0.25,6199,96295,34393
fold_b,42,strict,C,complexity,medium,5345,3200,0.6255119953188999,True,0.7197191339964891,0.647915984565014,0.6346804398724938,8545,0.6255119953188999,0.2790009501876743,0.8051851905986904,0.863192206856873,0.7197191339964891,0.7096957634347455,0.933956969130028,0.8065271831327248,0.5414075181712337,0.1809402815137305,0.08778818116354593,sv_complexity_medium,0.25,8545,96295,34393
fold_b,42,strict,C+T,complexity,high,17550,10923,0.6163734063849963,True,0.7286552172233344,0.6760035399310325,0.6830421689665374,28473,0.6163734063849963,0.2840843061860371,0.8152709734784257,0.8784065469610328,0.7286552172233344,0.7248672404321553,0.9022222222222223,0.8038787632634411,0.5266231268715532,0.17706022313028316,0.08709123848102165,sv_complexity_high,0.25,28473,96295,34393
fold_b,42,strict,C+T,complexity,low,4052,2147,0.6536538151314728,True,0.805129859654783,0.7460490337305756,0.7863146330072861,6199,0.6536538151314728,0.2840843061860371,0.8844148105370748,0.9259908883798424,0.805129859654783,0.7987394957983194,0.9383020730503455,0.8629142078983205,0.42382260467950805,0.13571216085139956,0.08082725666767691,sv_complexity_low,0.25,6199,96295,34393
fold_b,42,strict,C+T,complexity,medium,5345,3200,0.6255119953188999,True,0.7961380924517262,0.7467492984097288,0.7831110628718356,8545,0.6255119953188999,0.2840843061860371,0.8783214745088868,0.9187776946974692,0.7961380924517262,0.7778806108283203,0.9434985968194575,0.8527223537368955,0.43270754589154414,0.13994651615460646,0.06506471991336511,sv_complexity_medium,0.25,8545,96295,34393
fold_b,42,strict,C+S,complexity,high,17550,10923,0.6163734063849963,True,0.6756225195799529,0.5970654879416208,0.6006861920689716,28473,0.6163734063849963,0.2293130456114049,0.7671734542731521,0.8468126040799837,0.6756225195799529,0.6697427521437321,0.9345868945868946,0.7803044719314938,0.5768983918412064,0.1982586116628681,0.09584062483939715,sv_complexity_high,0.25,28473,96295,34393
fold_b,42,strict,C+S,complexity,low,4052,2147,0.6536538151314728,True,0.7591547023713502,0.6675242688091605,0.6772826519417499,6199,0.6536538151314728,0.2293130456114049,0.8314987946633219,0.8882280777091365,0.7591547023713502,0.7429276628061515,0.9656959526159921,0.8397896770039703,0.4918593080216864,0.16085907009534572,0.08293527092661337,sv_complexity_low,0.25,6199,96295,34393
fold_b,42,strict,C+S,complexity,medium,5345,3200,0.6255119953188999,True,0.7335283791691047,0.6604592492984097,0.671842659429115,8545,0.6255119953188999,0.2293130456114049,0.8243395404583723,0.8771090123081531,0.7335283791691047,0.7159346846846847,0.9515434985968194,0.8170937424692747,0.509598127426686,0.16866768439757834,0.07479213077222702,sv_complexity_medium,0.25,8545,96295,34393
fold_b,42,strict,C+S+T,complexity,high,17550,10923,0.6163734063849963,True,0.7298844519369228,0.6776402337731643,0.6802516980285632,28473,0.6163734063849963,0.2823303691159295,0.8121109407917062,0.8773360481005161,0.7298844519369228,0.7260720018344416,0.9021082621082621,0.804573751746919,0.5260436525413452,0.17752966454782687,0.07913148051790944,sv_complexity_high,0.25,28473,96295,34393
fold_b,42,strict,C+S+T,complexity,low,4052,2147,0.6536538151314728,True,0.8031940635586385,0.7401887939322574,0.7889508099161157,6199,0.6536538151314728,0.2823303691159295,0.8833470656960216,0.9269039181948541,0.8031940635586385,0.7932891466445733,0.9452122408687068,0.8626126126126126,0.41999544421449514,0.13465630792896888,0.07597425693104504,sv_complexity_low,0.25,6199,96295,34393
fold_b,42,strict,C+S+T,complexity,medium,5345,3200,0.6255119953188999,True,0.7867758923346987,0.736255846585594,0.7768225464305646,8545,0.6255119953188999,0.2823303691159295,0.8740343486903648,0.9164227207229733,0.7867758923346987,0.7710416987228804,0.937511693171188,0.8461668355285377,0.43684572839517316,0.1419197051734626,0.06175462689287671,sv_complexity_medium,0.25,8545,96295,34393
fold_b,42,strict,T,complexity,high,17550,10923,0.6163734063849963,True,0.7292171530924033,0.6795879548447524,0.6792549244301394,28473,0.6163734063849963,0.2942905130778491,0.8127272492529289,0.8769536592403474,0.7292171530924033,0.7288584984649735,0.8928205128205128,0.8025507068223725,0.5299270743224153,0.17833148916313726,0.08690165684827346,sv_complexity_high,0.25,28473,96295,34393
fold_b,42,strict,T,complexity,low,4052,2147,0.6536538151314728,True,0.8048072269720923,0.7466781399330823,0.7824659991316697,6199,0.6536538151314728,0.2942905130778491,0.8827079590843029,0.9246579287200669,0.8048072269720923,0.799662589624631,0.9358341559723593,0.8624061860359336,0.42815605826759146,0.1366236932392219,0.08182248254525294,sv_complexity_low,0.25,6199,96295,34393
fold_b,42,strict,T,complexity,medium,5345,3200,0.6255119953188999,True,0.7934464599180807,0.7450366873246024,0.7795916584554043,8545,0.6255119953188999,0.2942905130778491,0.8769546012628625,0.917459719959894,0.7934464599180807,0.7776915916847658,0.9378858746492048,0.8503095581375626,0.4363973016859573,0.1407591519945981,0.06522959293808867,sv_complexity_medium,0.25,8545,96295,34393
fold_b,42,strict,S,complexity,high,17550,10923,0.6163734063849963,True,0.67323429213641,0.5925699946243752,0.5974522382940584,28473,0.6163734063849963,0.2209973802149051,0.765205114903,0.8455719734094054,0.67323429213641,0.6668015211586698,0.9391452991452991,0.7798807608592789,0.5795090717897888,0.19930676332364058,0.09701111293150462,sv_complexity_high,0.25,28473,96295,34393
fold_b,42,strict,S,complexity,low,4052,2147,0.6536538151314728,True,0.7541538957896435,0.659757456741908,0.6661648238429126,6199,0.6536538151314728,0.2209973802149051,0.8276403034423019,0.8843774603630801,0.7541538957896435,0.7381311228334589,0.9669299111549852,0.8371794871794872,0.49638915911735965,0.16238944962662089,0.08455878975130168,sv_complexity_low,0.25,6199,96295,34393
fold_b,42,strict,S,complexity,medium,5345,3200,0.6255119953188999,True,0.7268578115857226,0.6510513622544434,0.6715050079380166,8545,0.6255119953188999,0.2209973802149051,0.8234615586997194,0.876982565874974,0.7268578115857226,0.7097673122474571,0.9530402245088868,0.8136080498322952,0.511373489981343,0.1692830735591751,0.07426267816085783,sv_complexity_medium,0.25,8545,96295,34393
fold_b,42,strict,K,complexity,high,17550,10923,0.6163734063849963,True,0.6249780493801145,0.5274454280194462,0.3826258389002399,28473,0.6163734063849963,0.2743332177494537,0.6647677331061017,0.7631588535913785,0.6249780493801145,0.6303984819734345,0.9464957264957264,0.7567653758542141,0.6635404464776182,0.23373099564926883,0.12135148719701846,sv_complexity_high,0.25,28473,96295,34393
fold_b,42,strict,K,complexity,low,4052,2147,0.6536538151314728,True,0.68656234876593,0.5574714896379668,0.4408720475567719,6199,0.6536538151314728,0.2743332177494537,0.7106745977191711,0.8063481668179366,0.68656234876593,0.6814037502150353,0.9775419545903258,0.8030410542321338,0.6147837549777437,0.21272733560979823,0.12045951000563566,sv_complexity_low,0.25,6199,96295,34393
fold_b,42,strict,K,complexity,medium,5345,3200,0.6255119953188999,True,0.6560561732007022,0.5504377630963517,0.4520080434668593,8545,0.6255119953188999,0.2743332177494537,0.710385757717493,0.794783585616612,0.6560561732007022,0.650827482447342,0.9711880261927035,0.7793709180992417,0.6189793539247357,0.21465721282329667,0.10261876172743423,sv_complexity_medium,0.25,8545,96295,34393
fold_c,20260806,1hop,C,complexity,high,10604,6499,0.6200081856984155,True,0.6877156054493364,0.6284636164609719,0.6128118129037087,17103,0.6200081856984155,0.3313372836173381,0.7697626231444712,0.8528716583091389,0.6877156054493364,0.6978422674986843,0.8753300641267446,0.7765739385065886,0.578521880555638,0.19875973851361078,0.10735319322913649,sv_complexity_high,0.25,17103,109681,29831
fold_c,20260806,1hop,C,complexity,low,5767,2943,0.6621125143513203,True,0.7489092996555683,0.6689560760866498,0.6381261931082,8710,0.6621125143513203,0.3313372836173381,0.8013788777124301,0.8777273692672138,0.7489092996555683,0.7564469914040115,0.9155540142188313,0.8284302188750294,0.5391843054308366,0.18017993446160033,0.10595923933629964,sv_complexity_low,0.25,8710,109681,29831
fold_c,20260806,1hop,C,complexity,medium,5537,3043,0.6453379953379953,True,0.7277389277389278,0.6569477249544204,0.6238650009479926,8580,0.6453379953379953,0.3313372836173381,0.7925063435172852,0.8665992072126738,0.7277389277389278,0.7363757199822774,0.9004876286797905,0.810204744881378,0.5506769578608476,0.1854823813484881,0.09875452850755005,sv_complexity_medium,0.25,8580,109681,29831
fold_c,20260806,1hop,C+T,complexity,high,10604,6499,0.6200081856984155,True,0.7385254048997252,0.6851640887327992,0.7211977068499179,17103,0.6200081856984155,0.2809159812725224,0.8336506402720228,0.8940574107944581,0.7385254048997252,0.7337959432667378,0.9074877404752923,0.8114512184838519,0.4984855521908827,0.16751624862990896,0.08368421408327875,sv_complexity_high,0.25,17103,109681,29831
fold_c,20260806,1hop,C+T,complexity,low,5767,2943,0.6621125143513203,True,0.8382319173363949,0.7883221766125602,0.825424372336549,8710,0.6621125143513203,0.2809159812725224,0.9040788330101299,0.9410130801132565,0.8382319173363949,0.834715821812596,0.9422576729668806,0.8852325486682414,0.3860468874301633,0.12168447023746685,0.07955589455018013,sv_complexity_low,0.25,8710,109681,29831
fold_c,20260806,1hop,C+T,complexity,medium,5537,3043,0.6453379953379953,True,0.8208624708624709,0.776983132205767,0.8214286542701857,8580,0.6453379953379953,0.2809159812725224,0.8987321333833379,0.9366675285482722,0.8208624708624709,0.818674314850223,0.9279393173198482,0.8698891052230593,0.401828695022767,0.12824990537352343,0.0774404160626959,sv_complexity_medium,0.25,8580,109681,29831
fold_c,20260806,1hop,C+S,complexity,high,10604,6499,0.6200081856984155,True,0.6874817283517511,0.6144855280233752,0.6305291848742498,17103,0.6200081856984155,0.2584194071711078,0.7795438845044147,0.8596041146288809,0.6874817283517511,0.684876608310483,0.9186156167483969,0.7847101945462601,0.5646718035089494,0.19313587658268827,0.10038037728590922,sv_complexity_high,0.25,17103,109681,29831
fold_c,20260806,1hop,C+S,complexity,low,5767,2943,0.6621125143513203,True,0.773593570608496,0.6899260623837185,0.699930140672155,8710,0.6621125143513203,0.2584194071711078,0.8369185320464585,0.8986101497127614,0.773593570608496,0.765793528505393,0.9479798855557482,0.8472028513869518,0.49446198257277363,0.16162606719124537,0.10117289594908771,sv_complexity_low,0.25,8710,109681,29831
fold_c,20260806,1hop,C+S,complexity,medium,5537,3043,0.6453379953379953,True,0.7423076923076923,0.6619445820549014,0.6761215213339234,8580,0.6453379953379953,0.2584194071711078,0.8221084449006775,0.885132609489409,0.7423076923076923,0.7353523917350694,0.9384143037746072,0.8245655796238991,0.5124781181691563,0.1698088158369536,0.0887286849077898,sv_complexity_medium,0.25,8580,109681,29831
fold_c,20260806,1hop,C+S+T,complexity,high,10604,6499,0.6200081856984155,True,0.7275916505876162,0.6607702072843056,0.7177365392558239,17103,0.6200081856984155,0.2213169144810025,0.8305105944686149,0.8927421954407765,0.7275916505876162,0.7127316968439132,0.9391738966427763,0.8104325182080807,0.5023618798406553,0.16892192928232713,0.08063184551206466,sv_complexity_high,0.25,17103,109681,29831
fold_c,20260806,1hop,C+S+T,complexity,low,5767,2943,0.6621125143513203,True,0.8305396096440872,0.7687029810548152,0.8322312408309012,8710,0.6621125143513203,0.2213169144810025,0.9037954591960857,0.9433130357939543,0.8305396096440872,0.8166789667896679,0.9594243107334837,0.8823154201881678,0.3895860127655459,0.12271645876625983,0.08076058664117272,sv_complexity_low,0.25,8710,109681,29831
fold_c,20260806,1hop,C+S+T,complexity,medium,5537,3043,0.6453379953379953,True,0.8101398601398602,0.7513570613393921,0.8195266429554623,8580,0.6453379953379953,0.2213169144810025,0.8967803960462911,0.9359929574025025,0.8101398601398602,0.79374624173181,0.9535849738125338,0.8663549101649027,0.404096247513404,0.12888743198177632,0.07494102360584848,sv_complexity_medium,0.25,8580,109681,29831
fold_c,20260806,1hop,T,complexity,high,10604,6499,0.6200081856984155,True,0.7385838741741215,0.6859855960197921,0.7155393677906275,17103,0.6200081856984155,0.2854622262717895,0.8312286343098138,0.8919072882693848,0.7385838741741215,0.7347469953303223,0.9051301395699736,0.8110871677863692,0.5027100333180327,0.16875784649514983,0.08407496106810312,sv_complexity_high,0.25,17103,109681,29831
fold_c,20260806,1hop,T,complexity,low,5767,2943,0.6621125143513203,True,0.8373134328358209,0.7892924645779786,0.8219626599113862,8710,0.6621125143513203,0.2854622262717895,0.9027967425238835,0.9398434108058794,0.8373134328358209,0.8365831012070566,0.937402462285417,0.8841278927140404,0.38846022771125926,0.12229291525085577,0.07974948043951041,sv_complexity_low,0.25,8710,109681,29831
fold_c,20260806,1hop,T,complexity,medium,5537,3043,0.6453379953379953,True,0.8202797202797203,0.7784558822787532,0.820713270064306,8580,0.6453379953379953,0.2854622262717895,0.8976217767474816,0.9364138089517113,0.8202797202797203,0.8211931178646085,0.9223406176629944,0.8688329363729159,0.4044218261809128,0.1291218062228042,0.07813341736734089,sv_complexity_medium,0.25,8580,109681,29831
fold_c,20260806,1hop,S,complexity,high,10604,6499,0.6200081856984155,True,0.6874232590773548,0.6158679549632131,0.6276089209462351,17103,0.6200081856984155,0.2588975124429122,0.7781576050147054,0.8584944382406351,0.6874232590773548,0.6861107178252867,0.9139947189739721,0.7838253133845532,0.5667948827393745,0.1939325471935444,0.10084409664961246,sv_complexity_high,0.25,17103,109681,29831
fold_c,20260806,1hop,S,complexity,low,5767,2943,0.6621125143513203,True,0.7722158438576349,0.6886360766711321,0.6921330093678117,8710,0.6621125143513203,0.2588975124429122,0.8339971215418834,0.8959755966210643,0.7722158438576349,0.7651759428010655,0.9464192821224207,0.8462015503875969,0.49720926022886014,0.16249431464029035,0.10072929706406702,sv_complexity_low,0.25,8710,109681,29831
fold_c,20260806,1hop,S,complexity,medium,5537,3043,0.6453379953379953,True,0.7425407925407925,0.662421224978843,0.6659152435564956,8580,0.6453379953379953,0.2588975124429122,0.8179451045756712,0.8815128305527291,0.7425407925407925,0.7356940509915014,0.9380530973451328,0.8246407874890846,0.5167505756595007,0.17134018097648798,0.08968719693495239,sv_complexity_medium,0.25,8580,109681,29831
fold_c,20260806,1hop,K,complexity,high,10604,6499,0.6200081856984155,True,0.633163772437584,0.5266324015608935,0.44939067029925267,17103,0.6200081856984155,0.2740800866186559,0.6954265778288496,0.7907729618356337,0.633163772437584,0.633214373615555,0.9704828366654092,0.7663836759011021,0.6404090900104898,0.22393342736677968,0.1154363868546324,sv_complexity_high,0.25,17103,109681,29831
fold_c,20260806,1hop,K,complexity,low,5767,2943,0.6621125143513203,True,0.6818599311136625,0.5413682757196867,0.4587729204133837,8710,0.6621125143513203,0.2740800866186559,0.7040558661502246,0.8171261429135004,0.6818599311136625,0.6816638370118846,0.9746835443037974,0.8022550488831799,0.6196314035018383,0.21460094472664643,0.12665080796087416,sv_complexity_low,0.25,8710,109681,29831
fold_c,20260806,1hop,K,complexity,medium,5537,3043,0.6453379953379953,True,0.6641025641025641,0.5348912887941552,0.4588771901311169,8580,0.6453379953379953,0.2740800866186559,0.7078037919078245,0.8080842994835651,0.6641025641025641,0.662068123550238,0.9794112335199566,0.7900641025641025,0.6155319162642447,0.21319148148811415,0.10766318488105955,sv_complexity_medium,0.25,8580,109681,29831
fold_c,20260806,strict,C,complexity,high,10604,6499,0.6200081856984155,True,0.6877156054493364,0.6284636164609719,0.6128118129037087,17103,0.6200081856984155,0.3313372836173381,0.7697626231444712,0.8528716583091389,0.6877156054493364,0.6978422674986843,0.8753300641267446,0.7765739385065886,0.578521880555638,0.19875973851361078,0.10735319322913649,sv_complexity_high,0.25,17103,109681,29831
fold_c,20260806,strict,C,complexity,low,5767,2943,0.6621125143513203,True,0.7489092996555683,0.6689560760866498,0.6381261931082,8710,0.6621125143513203,0.3313372836173381,0.8013788777124301,0.8777273692672138,0.7489092996555683,0.7564469914040115,0.9155540142188313,0.8284302188750294,0.5391843054308366,0.18017993446160033,0.10595923933629964,sv_complexity_low,0.25,8710,109681,29831
fold_c,20260806,strict,C,complexity,medium,5537,3043,0.6453379953379953,True,0.7277389277389278,0.6569477249544204,0.6238650009479926,8580,0.6453379953379953,0.3313372836173381,0.7925063435172852,0.8665992072126738,0.7277389277389278,0.7363757199822774,0.9004876286797905,0.810204744881378,0.5506769578608476,0.1854823813484881,0.09875452850755005,sv_complexity_medium,0.25,8580,109681,29831
fold_c,20260806,strict,C+T,complexity,high,10604,6499,0.6200081856984155,True,0.7234988013798749,0.6550869344202854,0.6984044219264607,17103,0.6200081856984155,0.2590993876691197,0.8216296907007543,0.8853961491025006,0.7234988013798749,0.7088814619924625,0.9401169370049038,0.8082863745084526,0.5110952841477058,0.1712737023898636,0.07638660914320271,sv_complexity_high,0.25,17103,109681,29831
fold_c,20260806,strict,C+T,complexity,low,5767,2943,0.6621125143513203,True,0.8053960964408725,0.7356557730808251,0.799288748262488,8710,0.6621125143513203,0.2590993876691197,0.8848096198737224,0.9321821798090129,0.8053960964408725,0.7953292718305773,0.9507542916594417,0.8661243187741885,0.4239998561073317,0.13580204956537215,0.0870884600181876,sv_complexity_low,0.25,8710,109681,29831
fold_c,20260806,strict,C+T,complexity,medium,5537,3043,0.6453379953379953,True,0.7885780885780885,0.7253260131362576,0.7781941859882393,8580,0.6453379953379953,0.2590993876691197,0.8736008073076466,0.9213339053569012,0.7885780885780885,0.7770501562732549,0.9429293841430377,0.851990861618799,0.4436874565700388,0.1436818388390739,0.0815854938629054,sv_complexity_medium,0.25,8580,109681,29831
fold_c,20260806,strict,C+S,complexity,high,10604,6499,0.6200081856984155,True,0.6874817283517511,0.6144855280233752,0.6305291848742498,17103,0.6200081856984155,0.2584194071711078,0.7795438845044147,0.8596041146288809,0.6874817283517511,0.684876608310483,0.9186156167483969,0.7847101945462601,0.5646718035089494,0.19313587658268827,0.10038037728590922,sv_complexity_high,0.25,17103,109681,29831
fold_c,20260806,strict,C+S,complexity,low,5767,2943,0.6621125143513203,True,0.773593570608496,0.6899260623837185,0.699930140672155,8710,0.6621125143513203,0.2584194071711078,0.8369185320464585,0.8986101497127614,0.773593570608496,0.765793528505393,0.9479798855557482,0.8472028513869518,0.49446198257277363,0.16162606719124537,0.10117289594908771,sv_complexity_low,0.25,8710,109681,29831
fold_c,20260806,strict,C+S,complexity,medium,5537,3043,0.6453379953379953,True,0.7423076923076923,0.6619445820549014,0.6761215213339234,8580,0.6453379953379953,0.2584194071711078,0.8221084449006775,0.885132609489409,0.7423076923076923,0.7353523917350694,0.9384143037746072,0.8245655796238991,0.5124781181691563,0.1698088158369536,0.0887286849077898,sv_complexity_medium,0.25,8580,109681,29831
fold_c,20260806,strict,C+S+T,complexity,high,10604,6499,0.6200081856984155,True,0.7164824884523183,0.6436210277308716,0.6968445644162042,17103,0.6200081856984155,0.2294163222122519,0.8201469958904394,0.8848034160171263,0.7164824884523183,0.7007604828019256,0.9471897397208601,0.8055499859646309,0.5121294857604943,0.17192014171203468,0.07442592469565769,sv_complexity_high,0.25,17103,109681,29831
fold_c,20260806,strict,C+S+T,complexity,low,5767,2943,0.6621125143513203,True,0.8010332950631458,0.7242913017996815,0.8059523739688044,8710,0.6621125143513203,0.2294163222122519,0.8862446656404049,0.934433735544224,0.8010332950631458,0.7860992907801418,0.9609849141668112,0.8647889521728954,0.42196036741389725,0.13498988072140689,0.08740714932802071,sv_complexity_low,0.25,8710,109681,29831
fold_c,20260806,strict,C+S+T,complexity,medium,5537,3043,0.6453379953379953,True,0.782983682983683,0.7115182652880205,0.777782742646078,8580,0.6453379953379953,0.2294163222122519,0.873891149380106,0.9211879820363654,0.782983682983683,0.7652663490688609,0.9573776413220155,0.850609756097561,0.4420170579726716,0.14268991059316324,0.07957881635715043,sv_complexity_medium,0.25,8580,109681,29831
fold_c,20260806,strict,T,complexity,high,10604,6499,0.6200081856984155,True,0.721218499678419,0.651907775441064,0.6948808779930858,17103,0.6200081856984155,0.2583129700039248,0.8199273570161304,0.8840572312504862,0.721218499678419,0.7067450758112512,0.9406827612221803,0.8071041346387248,0.5137832292321944,0.17217046928691673,0.07715983808452684,sv_complexity_high,0.25,17103,109681,29831
fold_c,20260806,strict,T,complexity,low,5767,2943,0.6621125143513203,True,0.8059701492537313,0.736754829831064,0.7948360710746929,8710,0.6621125143513203,0.2583129700039248,0.8830318682562468,0.9306776759096236,0.8059701492537313,0.7961644631701293,0.9502340905149992,0.866403162055336,0.4283963383537703,0.13731844113077715,0.08966986906469564,sv_complexity_low,0.25,8710,109681,29831
fold_c,20260806,strict,T,complexity,medium,5537,3043,0.6453379953379953,True,0.7875291375291376,0.7241432490334345,0.7774029821243762,8580,0.6453379953379953,0.2583129700039248,0.8726887403005895,0.9210532954084472,0.7875291375291376,0.7763392857142857,0.9422069712840888,0.8512686628049277,0.4456305825255462,0.14458690255027326,0.08344946679916704,sv_complexity_medium,0.25,8580,109681,29831
fold_c,20260806,strict,S,complexity,high,10604,6499,0.6200081856984155,True,0.6874232590773548,0.6158679549632131,0.6276089209462351,17103,0.6200081856984155,0.2588975124429122,0.7781576050147054,0.8584944382406351,0.6874232590773548,0.6861107178252867,0.9139947189739721,0.7838253133845532,0.5667948827393745,0.1939325471935444,0.10084409664961246,sv_complexity_high,0.25,17103,109681,29831
fold_c,20260806,strict,S,complexity,low,5767,2943,0.6621125143513203,True,0.7722158438576349,0.6886360766711321,0.6921330093678117,8710,0.6621125143513203,0.2588975124429122,0.8339971215418834,0.8959755966210643,0.7722158438576349,0.7651759428010655,0.9464192821224207,0.8462015503875969,0.49720926022886014,0.16249431464029035,0.10072929706406702,sv_complexity_low,0.25,8710,109681,29831
fold_c,20260806,strict,S,complexity,medium,5537,3043,0.6453379953379953,True,0.7425407925407925,0.662421224978843,0.6659152435564956,8580,0.6453379953379953,0.2588975124429122,0.8179451045756712,0.8815128305527291,0.7425407925407925,0.7356940509915014,0.9380530973451328,0.8246407874890846,0.5167505756595007,0.17134018097648798,0.08968719693495239,sv_complexity_medium,0.25,8580,109681,29831
fold_c,20260806,strict,K,complexity,high,10604,6499,0.6200081856984155,True,0.633163772437584,0.5266324015608935,0.44939067029925267,17103,0.6200081856984155,0.2740800866186559,0.6954265778288496,0.7907729618356337,0.633163772437584,0.633214373615555,0.9704828366654092,0.7663836759011021,0.6404090900104898,0.22393342736677968,0.1154363868546324,sv_complexity_high,0.25,17103,109681,29831
fold_c,20260806,strict,K,complexity,low,5767,2943,0.6621125143513203,True,0.6818599311136625,0.5413682757196867,0.4587729204133837,8710,0.6621125143513203,0.2740800866186559,0.7040558661502246,0.8171261429135004,0.6818599311136625,0.6816638370118846,0.9746835443037974,0.8022550488831799,0.6196314035018383,0.21460094472664643,0.12665080796087416,sv_complexity_low,0.25,8710,109681,29831
fold_c,20260806,strict,K,complexity,medium,5537,3043,0.6453379953379953,True,0.6641025641025641,0.5348912887941552,0.4588771901311169,8580,0.6453379953379953,0.2740800866186559,0.7078037919078245,0.8080842994835651,0.6641025641025641,0.662068123550238,0.9794112335199566,0.7900641025641025,0.6155319162642447,0.21319148148811415,0.10766318488105955,sv_complexity_medium,0.25,8580,109681,29831
fold_c,314159,1hop,C,complexity,high,10604,6499,0.6200081856984155,True,0.6877156054493364,0.6284636164609719,0.6128118129037087,17103,0.6200081856984155,0.3313372836173381,0.7697626231444712,0.8528716583091389,0.6877156054493364,0.6978422674986843,0.8753300641267446,0.7765739385065886,0.578521880555638,0.19875973851361078,0.10735319322913649,sv_complexity_high,0.25,17103,109681,29831
fold_c,314159,1hop,C,complexity,low,5767,2943,0.6621125143513203,True,0.7489092996555683,0.6689560760866498,0.6381261931082,8710,0.6621125143513203,0.3313372836173381,0.8013788777124301,0.8777273692672138,0.7489092996555683,0.7564469914040115,0.9155540142188313,0.8284302188750294,0.5391843054308366,0.18017993446160033,0.10595923933629964,sv_complexity_low,0.25,8710,109681,29831
fold_c,314159,1hop,C,complexity,medium,5537,3043,0.6453379953379953,True,0.7277389277389278,0.6569477249544204,0.6238650009479926,8580,0.6453379953379953,0.3313372836173381,0.7925063435172852,0.8665992072126738,0.7277389277389278,0.7363757199822774,0.9004876286797905,0.810204744881378,0.5506769578608476,0.1854823813484881,0.09875452850755005,sv_complexity_medium,0.25,8580,109681,29831
fold_c,314159,1hop,C+T,complexity,high,10604,6499,0.6200081856984155,True,0.7341986785943987,0.6703871222041589,0.7276333041149678,17103,0.6200081856984155,0.2246425981519879,0.8365188310025818,0.8965028850753187,0.7341986785943987,0.7195245687780838,0.936250471520181,0.8137037947709204,0.500783441738436,0.1684171118496135,0.09207042583966557,sv_complexity_high,0.25,17103,109681,29831
fold_c,314159,1hop,C+T,complexity,low,5767,2943,0.6621125143513203,True,0.8342135476463834,0.7760530832596986,0.8306384791891451,8710,0.6621125143513203,0.2246425981519879,0.9044633128570049,0.9427748615675837,0.8342135476463834,0.8227564581155742,0.9554361019594243,0.8841463414634146,0.39219023446365964,0.12476040645055904,0.08883150561474285,sv_complexity_low,0.25,8710,109681,29831
fold_c,314159,1hop,C+T,complexity,medium,5537,3043,0.6453379953379953,True,0.810955710955711,0.7533213512823926,0.8206554445138354,8580,0.6453379953379953,0.2246425981519879,0.8972998899465853,0.9363933004260607,0.810955710955711,0.7955609240525442,0.9515983384504244,0.8666118421052632,0.4028381535188175,0.1291244578890181,0.07521836609194565,sv_complexity_medium,0.25,8580,109681,29831
fold_c,314159,1hop,C+S,complexity,high,10604,6499,0.6200081856984155,True,0.6874817283517511,0.6144855280233752,0.6305291848742498,17103,0.6200081856984155,0.2584194071711078,0.7795438845044147,0.8596041146288809,0.6874817283517511,0.684876608310483,0.9186156167483969,0.7847101945462601,0.5646718035089494,0.19313587658268827,0.10038037728590922,sv_complexity_high,0.25,17103,109681,29831
fold_c,314159,1hop,C+S,complexity,low,5767,2943,0.6621125143513203,True,0.773593570608496,0.6899260623837185,0.699930140672155,8710,0.6621125143513203,0.2584194071711078,0.8369185320464585,0.8986101497127614,0.773593570608496,0.765793528505393,0.9479798855557482,0.8472028513869518,0.49446198257277363,0.16162606719124537,0.10117289594908771,sv_complexity_low,0.25,8710,109681,29831
fold_c,314159,1hop,C+S,complexity,medium,5537,3043,0.6453379953379953,True,0.7423076923076923,0.6619445820549014,0.6761215213339234,8580,0.6453379953379953,0.2584194071711078,0.8221084449006775,0.885132609489409,0.7423076923076923,0.7353523917350694,0.9384143037746072,0.8245655796238991,0.5124781181691563,0.1698088158369536,0.0887286849077898,sv_complexity_medium,0.25,8580,109681,29831
fold_c,314159,1hop,C+S+T,complexity,high,10604,6499,0.6200081856984155,True,0.7406302987779921,0.6903461600946181,0.7215922608924068,17103,0.6200081856984155,0.2665067502366106,0.8326485129679876,0.8942073381009035,0.7406302987779921,0.7387736141220193,0.8998491135420597,0.8113945578231293,0.5060693046945667,0.16995051945061096,0.09012647348892236,sv_complexity_high,0.25,17103,109681,29831
fold_c,314159,1hop,C+S+T,complexity,low,5767,2943,0.6621125143513203,True,0.8318025258323766,0.7803887703721144,0.8363997731727134,8710,0.6621125143513203,0.2665067502366106,0.9041586396077227,0.9447215307057745,0.8318025258323766,0.8295036764705882,0.9389630657187445,0.8808458723058153,0.3943846136171519,0.12492683441649573,0.08700569187061746,sv_complexity_low,0.25,8710,109681,29831
fold_c,314159,1hop,C+S+T,complexity,medium,5537,3043,0.6453379953379953,True,0.8113053613053613,0.7584769113063725,0.8190407279153153,8580,0.6453379953379953,0.2665067502366106,0.8955465609391036,0.9358206218002686,0.8113053613053613,0.8016630736064059,0.9402203359219794,0.8654309699941817,0.40468531917879796,0.1294519769956134,0.07205802389539952,sv_complexity_medium,0.25,8580,109681,29831
fold_c,314159,1hop,T,complexity,high,10604,6499,0.6200081856984155,True,0.7371221423142139,0.6795352231597132,0.7246901301820388,17103,0.6200081856984155,0.2515564040612455,0.8349143346720376,0.8953845030727399,0.7371221423142139,0.7280465949820788,0.9194643530743116,0.8126354392398734,0.500644552579544,0.16810372957814745,0.08715477724148088,sv_complexity_high,0.25,17103,109681,29831
fold_c,314159,1hop,T,complexity,low,5767,2943,0.6621125143513203,True,0.8376578645235362,0.7853096469472783,0.8314792087278933,8710,0.6621125143513203,0.2515564040612455,0.9045713124829833,0.9430589335575419,0.8376578645235362,0.8314298766560073,0.9467660828853823,0.8853575482406356,0.393504219921519,0.12499889108960112,0.09026545768946084,sv_complexity_low,0.25,8710,109681,29831
fold_c,314159,1hop,T,complexity,medium,5537,3043,0.6453379953379953,True,0.8135198135198135,0.7616728403923987,0.8200958142138514,8580,0.6453379953379953,0.2515564040612455,0.896054214438037,0.9361948208219988,0.8135198135198135,0.804109377413873,0.9400397327072422,0.8667776852622814,0.405727609185282,0.13010001220222,0.07616557884744407,sv_complexity_medium,0.25,8580,109681,29831
fold_c,314159,1hop,S,complexity,high,10604,6499,0.6200081856984155,True,0.6874232590773548,0.6158679549632131,0.6276089209462351,17103,0.6200081856984155,0.2588975124429122,0.7781576050147054,0.8584944382406351,0.6874232590773548,0.6861107178252867,0.9139947189739721,0.7838253133845532,0.5667948827393745,0.1939325471935444,0.10084409664961246,sv_complexity_high,0.25,17103,109681,29831
fold_c,314159,1hop,S,complexity,low,5767,2943,0.6621125143513203,True,0.7722158438576349,0.6886360766711321,0.6921330093678117,8710,0.6621125143513203,0.2588975124429122,0.8339971215418834,0.8959755966210643,0.7722158438576349,0.7651759428010655,0.9464192821224207,0.8462015503875969,0.49720926022886014,0.16249431464029035,0.10072929706406702,sv_complexity_low,0.25,8710,109681,29831
fold_c,314159,1hop,S,complexity,medium,5537,3043,0.6453379953379953,True,0.7425407925407925,0.662421224978843,0.6659152435564956,8580,0.6453379953379953,0.2588975124429122,0.8179451045756712,0.8815128305527291,0.7425407925407925,0.7356940509915014,0.9380530973451328,0.8246407874890846,0.5167505756595007,0.17134018097648798,0.08968719693495239,sv_complexity_medium,0.25,8580,109681,29831
fold_c,314159,1hop,K,complexity,high,10604,6499,0.6200081856984155,True,0.633163772437584,0.5266324015608935,0.44939067029925267,17103,0.6200081856984155,0.2740800866186559,0.6954265778288496,0.7907729618356337,0.633163772437584,0.633214373615555,0.9704828366654092,0.7663836759011021,0.6404090900104898,0.22393342736677968,0.1154363868546324,sv_complexity_high,0.25,17103,109681,29831
fold_c,314159,1hop,K,complexity,low,5767,2943,0.6621125143513203,True,0.6818599311136625,0.5413682757196867,0.4587729204133837,8710,0.6621125143513203,0.2740800866186559,0.7040558661502246,0.8171261429135004,0.6818599311136625,0.6816638370118846,0.9746835443037974,0.8022550488831799,0.6196314035018383,0.21460094472664643,0.12665080796087416,sv_complexity_low,0.25,8710,109681,29831
fold_c,314159,1hop,K,complexity,medium,5537,3043,0.6453379953379953,True,0.6641025641025641,0.5348912887941552,0.4588771901311169,8580,0.6453379953379953,0.2740800866186559,0.7078037919078245,0.8080842994835651,0.6641025641025641,0.662068123550238,0.9794112335199566,0.7900641025641025,0.6155319162642447,0.21319148148811415,0.10766318488105955,sv_complexity_medium,0.25,8580,109681,29831
fold_c,314159,strict,C,complexity,high,10604,6499,0.6200081856984155,True,0.6877156054493364,0.6284636164609719,0.6128118129037087,17103,0.6200081856984155,0.3313372836173381,0.7697626231444712,0.8528716583091389,0.6877156054493364,0.6978422674986843,0.8753300641267446,0.7765739385065886,0.578521880555638,0.19875973851361078,0.10735319322913649,sv_complexity_high,0.25,17103,109681,29831
fold_c,314159,strict,C,complexity,low,5767,2943,0.6621125143513203,True,0.7489092996555683,0.6689560760866498,0.6381261931082,8710,0.6621125143513203,0.3313372836173381,0.8013788777124301,0.8777273692672138,0.7489092996555683,0.7564469914040115,0.9155540142188313,0.8284302188750294,0.5391843054308366,0.18017993446160033,0.10595923933629964,sv_complexity_low,0.25,8710,109681,29831
fold_c,314159,strict,C,complexity,medium,5537,3043,0.6453379953379953,True,0.7277389277389278,0.6569477249544204,0.6238650009479926,8580,0.6453379953379953,0.3313372836173381,0.7925063435172852,0.8665992072126738,0.7277389277389278,0.7363757199822774,0.9004876286797905,0.810204744881378,0.5506769578608476,0.1854823813484881,0.09875452850755005,sv_complexity_medium,0.25,8580,109681,29831
fold_c,314159,strict,C+T,complexity,high,10604,6499,0.6200081856984155,True,0.7269484885692569,0.6620980745724802,0.6954568454043806,17103,0.6200081856984155,0.2666724257625071,0.8194376696319063,0.8842760941520826,0.7269484885692569,0.7144095967625379,0.9322897019992455,0.8089354389984453,0.5127389366419053,0.17242675639639193,0.07659449533830823,sv_complexity_high,0.25,17103,109681,29831
fold_c,314159,strict,C+T,complexity,low,5767,2943,0.6621125143513203,True,0.8067738231917336,0.7386096482847533,0.7893503620102281,8710,0.6621125143513203,0.2666724257625071,0.880144454360613,0.9288241234668314,0.8067738231917336,0.797667638483965,0.9488468874631524,0.8667141838916608,0.43319306695429055,0.13897195042649163,0.09134603338722974,sv_complexity_low,0.25,8710,109681,29831
fold_c,314159,strict,C+T,complexity,medium,5537,3043,0.6453379953379953,True,0.7872960372960373,0.7242586855279018,0.7728370698259519,8580,0.6453379953379953,0.2666724257625071,0.8706191627785737,0.9194339397995771,0.7872960372960373,0.776602086438152,0.9411233519956655,0.8509839144280232,0.4474755808461807,0.14530513931223693,0.0822492062077564,sv_complexity_medium,0.25,8580,109681,29831
fold_c,314159,strict,C+S,complexity,high,10604,6499,0.6200081856984155,True,0.6874817283517511,0.6144855280233752,0.6305291848742498,17103,0.6200081856984155,0.2584194071711078,0.7795438845044147,0.8596041146288809,0.6874817283517511,0.684876608310483,0.9186156167483969,0.7847101945462601,0.5646718035089494,0.19313587658268827,0.10038037728590922,sv_complexity_high,0.25,17103,109681,29831
fold_c,314159,strict,C+S,complexity,low,5767,2943,0.6621125143513203,True,0.773593570608496,0.6899260623837185,0.699930140672155,8710,0.6621125143513203,0.2584194071711078,0.8369185320464585,0.8986101497127614,0.773593570608496,0.765793528505393,0.9479798855557482,0.8472028513869518,0.49446198257277363,0.16162606719124537,0.10117289594908771,sv_complexity_low,0.25,8710,109681,29831
fold_c,314159,strict,C+S,complexity,medium,5537,3043,0.6453379953379953,True,0.7423076923076923,0.6619445820549014,0.6761215213339234,8580,0.6453379953379953,0.2584194071711078,0.8221084449006775,0.885132609489409,0.7423076923076923,0.7353523917350694,0.9384143037746072,0.8245655796238991,0.5124781181691563,0.1698088158369536,0.0887286849077898,sv_complexity_medium,0.25,8580,109681,29831
fold_c,314159,strict,C+S+T,complexity,high,10604,6499,0.6200081856984155,True,0.7249605332397825,0.6625499257089084,0.6947943408850761,17103,0.6200081856984155,0.2656132942273266,0.8188498691932353,0.8840243478578091,0.7249605332397825,0.7158641884969998,0.9225763862693324,0.8061804697156983,0.514384473735442,0.17306450017850805,0.07651146676859678,sv_complexity_high,0.25,17103,109681,29831
fold_c,314159,strict,C+S+T,complexity,low,5767,2943,0.6621125143513203,True,0.8057405281285879,0.7389108747374616,0.7997399336923061,8710,0.6621125143513203,0.2656132942273266,0.8821938547918221,0.9323346297194555,0.8057405281285879,0.7985347985347986,0.945032079070574,0.8656289707750953,0.4294585812779203,0.1377052715257298,0.09084672518585711,sv_complexity_low,0.25,8710,109681,29831
fold_c,314159,strict,C+S+T,complexity,medium,5537,3043,0.6453379953379953,True,0.7888111888111888,0.7256546362055971,0.7710651205435917,8580,0.6453379953379953,0.2656132942273266,0.8715262740286702,0.9188054967149358,0.7888111888111888,0.7772815244900998,0.9429293841430377,0.8521299167618737,0.4443571726809136,0.14396544279444748,0.07993426424894308,sv_complexity_medium,0.25,8580,109681,29831
fold_c,314159,strict,T,complexity,high,10604,6499,0.6200081856984155,True,0.7199321756417003,0.6512278257822098,0.6929504679498959,17103,0.6200081856984155,0.2485174535122695,0.8180661691329468,0.8833236912358284,0.7199321756417003,0.7066391811202729,0.9374764239909468,0.8058527885862516,0.5162295132951153,0.1734389253519111,0.07902962899248037,sv_complexity_high,0.25,17103,109681,29831
fold_c,314159,strict,T,complexity,low,5767,2943,0.6621125143513203,True,0.8001148105625717,0.7274246461038443,0.7847207545822779,8710,0.6621125143513203,0.2485174535122695,0.8776398116434674,0.9272598370534608,0.8001148105625717,0.7896402877697841,0.9516212935668459,0.8630966422898483,0.4381033549155327,0.14014677763647368,0.09201177209373268,sv_complexity_low,0.25,8710,109681,29831
fold_c,314159,strict,T,complexity,medium,5537,3043,0.6453379953379953,True,0.781002331002331,0.7136836343278103,0.7672885408986985,8580,0.6453379953379953,0.2485174535122695,0.868087394150818,0.9174660874073123,0.781002331002331,0.768575624082232,0.9452772259346216,0.8478172835506601,0.45271438041877055,0.14683256649925647,0.08466091908926913,sv_complexity_medium,0.25,8580,109681,29831
fold_c,314159,strict,S,complexity,high,10604,6499,0.6200081856984155,True,0.6874232590773548,0.6158679549632131,0.6276089209462351,17103,0.6200081856984155,0.2588975124429122,0.7781576050147054,0.8584944382406351,0.6874232590773548,0.6861107178252867,0.9139947189739721,0.7838253133845532,0.5667948827393745,0.1939325471935444,0.10084409664961246,sv_complexity_high,0.25,17103,109681,29831
fold_c,314159,strict,S,complexity,low,5767,2943,0.6621125143513203,True,0.7722158438576349,0.6886360766711321,0.6921330093678117,8710,0.6621125143513203,0.2588975124429122,0.8339971215418834,0.8959755966210643,0.7722158438576349,0.7651759428010655,0.9464192821224207,0.8462015503875969,0.49720926022886014,0.16249431464029035,0.10072929706406702,sv_complexity_low,0.25,8710,109681,29831
fold_c,314159,strict,S,complexity,medium,5537,3043,0.6453379953379953,True,0.7425407925407925,0.662421224978843,0.6659152435564956,8580,0.6453379953379953,0.2588975124429122,0.8179451045756712,0.8815128305527291,0.7425407925407925,0.7356940509915014,0.9380530973451328,0.8246407874890846,0.5167505756595007,0.17134018097648798,0.08968719693495239,sv_complexity_medium,0.25,8580,109681,29831
fold_c,314159,strict,K,complexity,high,10604,6499,0.6200081856984155,True,0.633163772437584,0.5266324015608935,0.44939067029925267,17103,0.6200081856984155,0.2740800866186559,0.6954265778288496,0.7907729618356337,0.633163772437584,0.633214373615555,0.9704828366654092,0.7663836759011021,0.6404090900104898,0.22393342736677968,0.1154363868546324,sv_complexity_high,0.25,17103,109681,29831
fold_c,314159,strict,K,complexity,low,5767,2943,0.6621125143513203,True,0.6818599311136625,0.5413682757196867,0.4587729204133837,8710,0.6621125143513203,0.2740800866186559,0.7040558661502246,0.8171261429135004,0.6818599311136625,0.6816638370118846,0.9746835443037974,0.8022550488831799,0.6196314035018383,0.21460094472664643,0.12665080796087416,sv_complexity_low,0.25,8710,109681,29831
fold_c,314159,strict,K,complexity,medium,5537,3043,0.6453379953379953,True,0.6641025641025641,0.5348912887941552,0.4588771901311169,8580,0.6453379953379953,0.2740800866186559,0.7078037919078245,0.8080842994835651,0.6641025641025641,0.662068123550238,0.9794112335199566,0.7900641025641025,0.6155319162642447,0.21319148148811415,0.10766318488105955,sv_complexity_medium,0.25,8580,109681,29831
fold_c,42,1hop,C,complexity,high,10604,6499,0.6200081856984155,True,0.6877156054493364,0.6284636164609719,0.6128118129037087,17103,0.6200081856984155,0.3313372836173381,0.7697626231444712,0.8528716583091389,0.6877156054493364,0.6978422674986843,0.8753300641267446,0.7765739385065886,0.578521880555638,0.19875973851361078,0.10735319322913649,sv_complexity_high,0.25,17103,109681,29831
fold_c,42,1hop,C,complexity,low,5767,2943,0.6621125143513203,True,0.7489092996555683,0.6689560760866498,0.6381261931082,8710,0.6621125143513203,0.3313372836173381,0.8013788777124301,0.8777273692672138,0.7489092996555683,0.7564469914040115,0.9155540142188313,0.8284302188750294,0.5391843054308366,0.18017993446160033,0.10595923933629964,sv_complexity_low,0.25,8710,109681,29831
fold_c,42,1hop,C,complexity,medium,5537,3043,0.6453379953379953,True,0.7277389277389278,0.6569477249544204,0.6238650009479926,8580,0.6453379953379953,0.3313372836173381,0.7925063435172852,0.8665992072126738,0.7277389277389278,0.7363757199822774,0.9004876286797905,0.810204744881378,0.5506769578608476,0.1854823813484881,0.09875452850755005,sv_complexity_medium,0.25,8580,109681,29831
fold_c,42,1hop,C+T,complexity,high,10604,6499,0.6200081856984155,True,0.7395193825644624,0.6857274098809503,0.7199583453989327,17103,0.6200081856984155,0.2800376342692536,0.8331393031536813,0.8935864635881228,0.7395193825644624,0.7338556324636799,0.9098453413806111,0.8124289503599849,0.49826231412152794,0.16739933402738003,0.08015320020240738,sv_complexity_high,0.25,17103,109681,29831
fold_c,42,1hop,C+T,complexity,low,5767,2943,0.6621125143513203,True,0.8343283582089552,0.782712146941239,0.8344326042728939,8710,0.6621125143513203,0.2800376342692536,0.905357417780203,0.9440568489523682,0.8343283582089552,0.8305810397553517,0.9419108722039189,0.8827496546680751,0.38477906880242385,0.1218260726798004,0.08105655569809146,sv_complexity_low,0.25,8710,109681,29831
fold_c,42,1hop,C+T,complexity,medium,5537,3043,0.6453379953379953,True,0.8167832167832167,0.7704181192920141,0.8268735176794394,8580,0.6453379953379953,0.2800376342692536,0.8995564211742936,0.9385986147201089,0.8167832167832167,0.8130427917258803,0.9299259526819578,0.8675652906486941,0.39980347398842825,0.127764685153215,0.07566372155032255,sv_complexity_medium,0.25,8580,109681,29831
fold_c,42,1hop,C+S,complexity,high,10604,6499,0.6200081856984155,True,0.6874817283517511,0.6144855280233752,0.6305291848742498,17103,0.6200081856984155,0.2584194071711078,0.7795438845044147,0.8596041146288809,0.6874817283517511,0.684876608310483,0.9186156167483969,0.7847101945462601,0.5646718035089494,0.19313587658268827,0.10038037728590922,sv_complexity_high,0.25,17103,109681,29831
fold_c,42,1hop,C+S,complexity,low,5767,2943,0.6621125143513203,True,0.773593570608496,0.6899260623837185,0.699930140672155,8710,0.6621125143513203,0.2584194071711078,0.8369185320464585,0.8986101497127614,0.773593570608496,0.765793528505393,0.9479798855557482,0.8472028513869518,0.49446198257277363,0.16162606719124537,0.10117289594908771,sv_complexity_low,0.25,8710,109681,29831
fold_c,42,1hop,C+S,complexity,medium,5537,3043,0.6453379953379953,True,0.7423076923076923,0.6619445820549014,0.6761215213339234,8580,0.6453379953379953,0.2584194071711078,0.8221084449006775,0.885132609489409,0.7423076923076923,0.7353523917350694,0.9384143037746072,0.8245655796238991,0.5124781181691563,0.1698088158369536,0.0887286849077898,sv_complexity_medium,0.25,8580,109681,29831
fold_c,42,1hop,C+S+T,complexity,high,10604,6499,0.6200081856984155,True,0.7345494942407764,0.6774009685731183,0.7196153706059467,17103,0.6200081856984155,0.2577299783416251,0.8317697978547494,0.8934561359742763,0.7345494942407764,0.7270820850808868,0.9155035835533761,0.8104858907997996,0.5017830066418891,0.16838826899371212,0.08010572868019303,sv_complexity_high,0.25,17103,109681,29831
fold_c,42,1hop,C+S+T,complexity,low,5767,2943,0.6621125143513203,True,0.8293915040183697,0.7729940365705705,0.8381714679934792,8710,0.6621125143513203,0.2577299783416251,0.9047116589691155,0.9453201642140998,0.8293915040183697,0.822315916277669,0.9469394832668632,0.8802385557704706,0.38956266290238506,0.12325604741470793,0.08126271138777429,sv_complexity_low,0.25,8710,109681,29831
fold_c,42,1hop,C+S+T,complexity,medium,5537,3043,0.6453379953379953,True,0.8144522144522145,0.7610630745599274,0.823494131749136,8580,0.6453379953379953,0.2577299783416251,0.8970111206592689,0.9374000749315409,0.8144522144522145,0.8026699401565137,0.94473541629041,0.8679276588684254,0.4028937152174979,0.12865446121086554,0.07379848418593916,sv_complexity_medium,0.25,8580,109681,29831
fold_c,42,1hop,T,complexity,high,10604,6499,0.6200081856984155,True,0.7353095948079285,0.6754823987371414,0.7129979678183898,17103,0.6200081856984155,0.2666551169465084,0.8301494850294409,0.8909415770830682,0.7353095948079285,0.7244920576283709,0.9247453791022255,0.812461162434235,0.5013916356407152,0.16821172931321915,0.07816142915006356,sv_complexity_high,0.25,17103,109681,29831
fold_c,42,1hop,T,complexity,low,5767,2943,0.6621125143513203,True,0.8338691159586682,0.7798695119412646,0.8346197986983123,8710,0.6621125143513203,0.2666551169465084,0.9049969476701452,0.9441200996061002,0.8338691159586682,0.8274711946634323,0.9464192821224207,0.8829572110329208,0.387591962902098,0.12259122442597775,0.08335820617342857,sv_complexity_low,0.25,8710,109681,29831
fold_c,42,1hop,T,complexity,medium,5537,3043,0.6453379953379953,True,0.8135198135198135,0.7641891779206368,0.8239031222444145,8580,0.6453379953379953,0.2666551169465084,0.8981646843737742,0.9375451283204841,0.8135198135198135,0.8073380171740827,0.9338992234061766,0.8660190922793501,0.40324463643093467,0.12876395449726402,0.07783790648722415,sv_complexity_medium,0.25,8580,109681,29831
fold_c,42,1hop,S,complexity,high,10604,6499,0.6200081856984155,True,0.6874232590773548,0.6158679549632131,0.6276089209462351,17103,0.6200081856984155,0.2588975124429122,0.7781576050147054,0.8584944382406351,0.6874232590773548,0.6861107178252867,0.9139947189739721,0.7838253133845532,0.5667948827393745,0.1939325471935444,0.10084409664961246,sv_complexity_high,0.25,17103,109681,29831
fold_c,42,1hop,S,complexity,low,5767,2943,0.6621125143513203,True,0.7722158438576349,0.6886360766711321,0.6921330093678117,8710,0.6621125143513203,0.2588975124429122,0.8339971215418834,0.8959755966210643,0.7722158438576349,0.7651759428010655,0.9464192821224207,0.8462015503875969,0.49720926022886014,0.16249431464029035,0.10072929706406702,sv_complexity_low,0.25,8710,109681,29831
fold_c,42,1hop,S,complexity,medium,5537,3043,0.6453379953379953,True,0.7425407925407925,0.662421224978843,0.6659152435564956,8580,0.6453379953379953,0.2588975124429122,0.8179451045756712,0.8815128305527291,0.7425407925407925,0.7356940509915014,0.9380530973451328,0.8246407874890846,0.5167505756595007,0.17134018097648798,0.08968719693495239,sv_complexity_medium,0.25,8580,109681,29831
fold_c,42,1hop,K,complexity,high,10604,6499,0.6200081856984155,True,0.633163772437584,0.5266324015608935,0.44939067029925267,17103,0.6200081856984155,0.2740800866186559,0.6954265778288496,0.7907729618356337,0.633163772437584,0.633214373615555,0.9704828366654092,0.7663836759011021,0.6404090900104898,0.22393342736677968,0.1154363868546324,sv_complexity_high,0.25,17103,109681,29831
fold_c,42,1hop,K,complexity,low,5767,2943,0.6621125143513203,True,0.6818599311136625,0.5413682757196867,0.4587729204133837,8710,0.6621125143513203,0.2740800866186559,0.7040558661502246,0.8171261429135004,0.6818599311136625,0.6816638370118846,0.9746835443037974,0.8022550488831799,0.6196314035018383,0.21460094472664643,0.12665080796087416,sv_complexity_low,0.25,8710,109681,29831
fold_c,42,1hop,K,complexity,medium,5537,3043,0.6453379953379953,True,0.6641025641025641,0.5348912887941552,0.4588771901311169,8580,0.6453379953379953,0.2740800866186559,0.7078037919078245,0.8080842994835651,0.6641025641025641,0.662068123550238,0.9794112335199566,0.7900641025641025,0.6155319162642447,0.21319148148811415,0.10766318488105955,sv_complexity_medium,0.25,8580,109681,29831
fold_c,42,strict,C,complexity,high,10604,6499,0.6200081856984155,True,0.6877156054493364,0.6284636164609719,0.6128118129037087,17103,0.6200081856984155,0.3313372836173381,0.7697626231444712,0.8528716583091389,0.6877156054493364,0.6978422674986843,0.8753300641267446,0.7765739385065886,0.578521880555638,0.19875973851361078,0.10735319322913649,sv_complexity_high,0.25,17103,109681,29831
fold_c,42,strict,C,complexity,low,5767,2943,0.6621125143513203,True,0.7489092996555683,0.6689560760866498,0.6381261931082,8710,0.6621125143513203,0.3313372836173381,0.8013788777124301,0.8777273692672138,0.7489092996555683,0.7564469914040115,0.9155540142188313,0.8284302188750294,0.5391843054308366,0.18017993446160033,0.10595923933629964,sv_complexity_low,0.25,8710,109681,29831
fold_c,42,strict,C,complexity,medium,5537,3043,0.6453379953379953,True,0.7277389277389278,0.6569477249544204,0.6238650009479926,8580,0.6453379953379953,0.3313372836173381,0.7925063435172852,0.8665992072126738,0.7277389277389278,0.7363757199822774,0.9004876286797905,0.810204744881378,0.5506769578608476,0.1854823813484881,0.09875452850755005,sv_complexity_medium,0.25,8580,109681,29831
fold_c,42,strict,C+T,complexity,high,10604,6499,0.6200081856984155,True,0.7280009355083903,0.6712562385914462,0.6934672119606717,17103,0.6200081856984155,0.3052103551944469,0.8180985856919403,0.8835200497300126,0.7280009355083903,0.7237930515867048,0.9076763485477178,0.8053719354028952,0.5127257272398928,0.17227053201173037,0.0704875260802811,sv_complexity_high,0.25,17103,109681,29831
fold_c,42,strict,C+T,complexity,low,5767,2943,0.6621125143513203,True,0.8126291618828932,0.7556769181467122,0.7840471726772151,8710,0.6621125143513203,0.3052103551944469,0.8802401987098846,0.9270322421571807,0.8126291618828932,0.8129256848796731,0.9313334489335876,0.8681105543882334,0.43074446393159277,0.13813300945370274,0.08808697008276299,sv_complexity_low,0.25,8710,109681,29831
fold_c,42,strict,C+T,complexity,medium,5537,3043,0.6453379953379953,True,0.794055944055944,0.7446682138520113,0.7846315610688683,8580,0.6453379953379953,0.3052103551944469,0.8742470736255148,0.9236169977077583,0.794055944055944,0.7964768795218622,0.9145746794292938,0.8514501891551072,0.44240128608908275,0.14390738907242628,0.08290857303004232,sv_complexity_medium,0.25,8580,109681,29831
fold_c,42,strict,C+S,complexity,high,10604,6499,0.6200081856984155,True,0.6874817283517511,0.6144855280233752,0.6305291848742498,17103,0.6200081856984155,0.2584194071711078,0.7795438845044147,0.8596041146288809,0.6874817283517511,0.684876608310483,0.9186156167483969,0.7847101945462601,0.5646718035089494,0.19313587658268827,0.10038037728590922,sv_complexity_high,0.25,17103,109681,29831
fold_c,42,strict,C+S,complexity,low,5767,2943,0.6621125143513203,True,0.773593570608496,0.6899260623837185,0.699930140672155,8710,0.6621125143513203,0.2584194071711078,0.8369185320464585,0.8986101497127614,0.773593570608496,0.765793528505393,0.9479798855557482,0.8472028513869518,0.49446198257277363,0.16162606719124537,0.10117289594908771,sv_complexity_low,0.25,8710,109681,29831
fold_c,42,strict,C+S,complexity,medium,5537,3043,0.6453379953379953,True,0.7423076923076923,0.6619445820549014,0.6761215213339234,8580,0.6453379953379953,0.2584194071711078,0.8221084449006775,0.885132609489409,0.7423076923076923,0.7353523917350694,0.9384143037746072,0.8245655796238991,0.5124781181691563,0.1698088158369536,0.0887286849077898,sv_complexity_medium,0.25,8580,109681,29831
fold_c,42,strict,C+S+T,complexity,high,10604,6499,0.6200081856984155,True,0.7272408349412384,0.6726684992131512,0.6922884602220061,17103,0.6200081856984155,0.2986292311464826,0.8174543029543064,0.8830721337182259,0.7272408349412384,0.7258346642330216,0.9000377216144851,0.8036037553151181,0.5146214441602778,0.17320215649994417,0.07192060530987086,sv_complexity_high,0.25,17103,109681,29831
fold_c,42,strict,C+S+T,complexity,low,5767,2943,0.6621125143513203,True,0.8150401836969001,0.7564160939828889,0.7952406100982609,8710,0.6621125143513203,0.2986292311464826,0.8826871885988689,0.9308143645831437,0.8150401836969001,0.8122933573790201,0.9372290619039362,0.8703002978826182,0.4254219413211881,0.13634920282415638,0.08610682089437215,sv_complexity_low,0.25,8710,109681,29831
fold_c,42,strict,C+S+T,complexity,medium,5537,3043,0.6453379953379953,True,0.7976689976689977,0.7450992460068024,0.7829692866271909,8580,0.6453379953379953,0.2986292311464826,0.8748780868950141,0.9230274521219746,0.7976689976689977,0.7945141794514179,0.9259526819577388,0.8552126772310259,0.4396347514110454,0.14252410853876998,0.07890047687423711,sv_complexity_medium,0.25,8580,109681,29831
fold_c,42,strict,T,complexity,high,10604,6499,0.6200081856984155,True,0.7167163655499035,0.647562280567901,0.6897447569976067,17103,0.6200081856984155,0.2539759304426655,0.8162037478533825,0.8821055473149416,0.7167163655499035,0.7044373446929357,0.9356846473029046,0.8037587589614809,0.5163468939407171,0.17343052627304117,0.07255421022786662,sv_complexity_high,0.25,17103,109681,29831
fold_c,42,strict,T,complexity,low,5767,2943,0.6621125143513203,True,0.8044776119402985,0.7354613384023043,0.7807463620265361,8710,0.6621125143513203,0.2539759304426655,0.8792879696017288,0.9259169395458204,0.8044776119402985,0.7956066336921734,0.9483266863187099,0.8652796455976585,0.43235304782457046,0.13849960942042602,0.0881772691287575,sv_complexity_low,0.25,8710,109681,29831
fold_c,42,strict,T,complexity,medium,5537,3043,0.6453379953379953,True,0.7856643356643357,0.7244006516434626,0.7799564854045964,8580,0.6453379953379953,0.2539759304426655,0.873019084531029,0.921958926000721,0.7856643356643357,0.7777110243316311,0.9351634459093372,0.8492004920049201,0.4443793759011678,0.14447062154896978,0.08298700195332007,sv_complexity_medium,0.25,8580,109681,29831
fold_c,42,strict,S,complexity,high,10604,6499,0.6200081856984155,True,0.6874232590773548,0.6158679549632131,0.6276089209462351,17103,0.6200081856984155,0.2588975124429122,0.7781576050147054,0.8584944382406351,0.6874232590773548,0.6861107178252867,0.9139947189739721,0.7838253133845532,0.5667948827393745,0.1939325471935444,0.10084409664961246,sv_complexity_high,0.25,17103,109681,29831
fold_c,42,strict,S,complexity,low,5767,2943,0.6621125143513203,True,0.7722158438576349,0.6886360766711321,0.6921330093678117,8710,0.6621125143513203,0.2588975124429122,0.8339971215418834,0.8959755966210643,0.7722158438576349,0.7651759428010655,0.9464192821224207,0.8462015503875969,0.49720926022886014,0.16249431464029035,0.10072929706406702,sv_complexity_low,0.25,8710,109681,29831
fold_c,42,strict,S,complexity,medium,5537,3043,0.6453379953379953,True,0.7425407925407925,0.662421224978843,0.6659152435564956,8580,0.6453379953379953,0.2588975124429122,0.8179451045756712,0.8815128305527291,0.7425407925407925,0.7356940509915014,0.9380530973451328,0.8246407874890846,0.5167505756595007,0.17134018097648798,0.08968719693495239,sv_complexity_medium,0.25,8580,109681,29831
fold_c,42,strict,K,complexity,high,10604,6499,0.6200081856984155,True,0.633163772437584,0.5266324015608935,0.44939067029925267,17103,0.6200081856984155,0.2740800866186559,0.6954265778288496,0.7907729618356337,0.633163772437584,0.633214373615555,0.9704828366654092,0.7663836759011021,0.6404090900104898,0.22393342736677968,0.1154363868546324,sv_complexity_high,0.25,17103,109681,29831
fold_c,42,strict,K,complexity,low,5767,2943,0.6621125143513203,True,0.6818599311136625,0.5413682757196867,0.4587729204133837,8710,0.6621125143513203,0.2740800866186559,0.7040558661502246,0.8171261429135004,0.6818599311136625,0.6816638370118846,0.9746835443037974,0.8022550488831799,0.6196314035018383,0.21460094472664643,0.12665080796087416,sv_complexity_low,0.25,8710,109681,29831
fold_c,42,strict,K,complexity,medium,5537,3043,0.6453379953379953,True,0.6641025641025641,0.5348912887941552,0.4588771901311169,8580,0.6453379953379953,0.2740800866186559,0.7078037919078245,0.8080842994835651,0.6641025641025641,0.662068123550238,0.9794112335199566,0.7900641025641025,0.6155319162642447,0.21319148148811415,0.10766318488105955,sv_complexity_medium,0.25,8580,109681,29831
fold_d,20260806,1hop,C,complexity,high,11200,6879,0.619503291111234,True,0.6794070468499364,0.6057784886196084,0.5822171479237297,18079,0.619503291111234,0.2831886003716845,0.7608209444375221,0.841034999754817,0.6794070468499364,0.679344218770742,0.9138392857142857,0.7793345008756567,0.5862603732147142,0.20208193145530642,0.10491232223800576,sv_complexity_high,0.25,18079,116366,27708
fold_d,20260806,1hop,C,complexity,low,3850,2235,0.6327033689400164,True,0.7124075595727198,0.6283959441006421,0.19828183661641374,6085,0.6327033689400164,0.2831886003716845,0.6777115546645748,0.7055316195296113,0.7124075595727198,0.7028593508500772,0.944935064935065,0.806115665854199,0.7068934899528504,0.2174866709650853,0.14667779443506895,sv_complexity_low,0.25,6085,116366,27708
fold_d,20260806,1hop,C,complexity,medium,3596,2071,0.6345509087700724,True,0.7210164107993647,0.6488113301490094,0.669569834680228,5667,0.6345509087700724,0.2831886003716845,0.8116338825960924,0.8792445963689346,0.7210164107993647,0.7199301462562759,0.9171301446051168,0.8066528066528067,0.5333930245967532,0.1784489222773404,0.09450129377595466,sv_complexity_medium,0.25,5667,116366,27708
fold_d,20260806,1hop,C+T,complexity,high,11200,6879,0.619503291111234,True,0.743957077271973,0.6914711700205595,0.7158601835276625,18079,0.619503291111234,0.2667909584718411,0.8335539647062489,0.8918857349680176,0.743957077271973,0.7374430873744309,0.9110714285714285,0.8151136318248992,0.4992526774175247,0.16818171793359327,0.08359738850657496,sv_complexity_high,0.25,18079,116366,27708
fold_d,20260806,1hop,C+T,complexity,low,3850,2235,0.6327033689400164,True,0.7880032867707477,0.7357148667886924,0.7437319967972146,6085,0.6327033689400164,0.2667909584718411,0.8626731165925796,0.9058736257751479,0.7880032867707477,0.7769363911726526,0.9327272727272727,0.8477337110481586,0.44976301519854645,0.14728612992415055,0.07894493275893603,sv_complexity_low,0.25,6085,116366,27708
fold_d,20260806,1hop,C+T,complexity,medium,3596,2071,0.6345509087700724,True,0.8245985530262926,0.785718170143445,0.844160936499027,5667,0.6345509087700724,0.2667909584718411,0.9090372961211798,0.9430487558654465,0.8245985530262926,0.8182485322896281,0.9302002224694105,0.870640291514836,0.39057336168332557,0.12399029915084972,0.07874404829852187,sv_complexity_medium,0.25,5667,116366,27708
fold_d,20260806,1hop,C+S,complexity,high,11200,6879,0.619503291111234,True,0.6802920515515238,0.598781189645505,0.617944967289182,18079,0.619503291111234,0.2289536589789537,0.7748186963948248,0.8546293174391439,0.6802920515515238,0.6733623336745138,0.9398214285714286,0.7845855694692904,0.5698988788361458,0.19525624675930292,0.09980205476019337,sv_complexity_high,0.25,18079,116366,27708
fold_d,20260806,1hop,C+S,complexity,low,3850,2235,0.6327033689400164,True,0.7301561216105177,0.6455187541764723,0.5290049201062491,6085,0.6327033689400164,0.2289536589789537,0.7668451146169268,0.8270050939091975,0.7301561216105177,0.7115753162131084,0.9644155844155844,0.8189236876929863,0.5415894495546459,0.1818224801908637,0.08478030560344871,sv_complexity_low,0.25,6085,116366,27708
fold_d,20260806,1hop,C+S,complexity,medium,3596,2071,0.6345509087700724,True,0.7462502205752602,0.6703327077835827,0.7148106528080302,5667,0.6345509087700724,0.2289536589789537,0.837837886830638,0.8957778122402383,0.7462502205752602,0.7299658994032395,0.9524471635150167,0.826496138996139,0.500337392782999,0.16555252176552182,0.09361770507037236,sv_complexity_medium,0.25,5667,116366,27708
fold_d,20260806,1hop,C+S+T,complexity,high,11200,6879,0.619503291111234,True,0.7374854803916145,0.6793495927045043,0.7156277143859944,18079,0.619503291111234,0.2459857189414957,0.8318810743878886,0.8917972812246947,0.7374854803916145,0.7270616380523501,0.9225892857142857,0.8132378403903667,0.5023264162158895,0.16882861433754706,0.08227766854595761,sv_complexity_high,0.25,18079,116366,27708
fold_d,20260806,1hop,C+S+T,complexity,low,3850,2235,0.6327033689400164,True,0.7888249794576828,0.7340181295214852,0.7647559374301856,6085,0.6327033689400164,0.2459857189414957,0.8678897120776314,0.9135956483412432,0.7888249794576828,0.7742142398973701,0.9405194805194805,0.8493022164888003,0.44689278830930257,0.14589237111380765,0.07377909452449506,sv_complexity_low,0.25,6085,116366,27708
fold_d,20260806,1hop,C+S+T,complexity,medium,3596,2071,0.6345509087700724,True,0.8207164284453856,0.7785637805620172,0.8483204834780887,5667,0.6345509087700724,0.2459857189414957,0.9096367738390583,0.9445688585288727,0.8207164284453856,0.8111432706222865,0.9352057842046718,0.8687677602686644,0.3901833005457594,0.12351911493924413,0.07763947076074242,sv_complexity_medium,0.25,5667,116366,27708
fold_d,20260806,1hop,T,complexity,high,11200,6879,0.619503291111234,True,0.7422423806626472,0.6866941441862398,0.7153958275441518,18079,0.619503291111234,0.2583700201005824,0.8333067124582062,0.891709049044539,0.7422423806626472,0.7327733485193622,0.9191071428571429,0.8154309252217997,0.5004155667681311,0.16843730293464293,0.08546260229043696,sv_complexity_high,0.25,18079,116366,27708
fold_d,20260806,1hop,T,complexity,low,3850,2235,0.6327033689400164,True,0.7884963023829088,0.735916790144978,0.7505111103618585,6085,0.6327033689400164,0.2583700201005824,0.8652909149016531,0.9083635713490146,0.7884963023829088,0.7768416504644632,0.934025974025974,0.8482132326925345,0.4431394676903685,0.14521865219922833,0.0762559216504373,sv_complexity_low,0.25,6085,116366,27708
fold_d,20260806,1hop,T,complexity,medium,3596,2071,0.6345509087700724,True,0.8233633315687312,0.7840281653148597,0.8433420241842188,5667,0.6345509087700724,0.2583700201005824,0.9088443406993875,0.9427494851042028,0.8233633315687312,0.8168498168498168,0.9302002224694105,0.8698478741386035,0.39228336187930046,0.12417528095890994,0.07998013826499915,sv_complexity_medium,0.25,5667,116366,27708
fold_d,20260806,1hop,S,complexity,high,11200,6879,0.619503291111234,True,0.6769179711267216,0.5912066875376405,0.6134376568720885,18079,0.619503291111234,0.2165074367948356,0.7725399572716134,0.8529143006594998,0.6769179711267216,0.668342024250801,0.9498214285714286,0.7846000663790242,0.5725851983222601,0.19627306563282604,0.10011752436212012,sv_complexity_high,0.25,18079,116366,27708
fold_d,20260806,1hop,S,complexity,low,3850,2235,0.6327033689400164,True,0.724239934264585,0.6358697231180452,0.6426483107111944,6085,0.6327033689400164,0.2165074367948356,0.811337284639298,0.8687459284206277,0.724239934264585,0.7053706505295008,0.9688311688311688,0.8163711971985117,0.5314925307024032,0.1781528837522962,0.10210047055792837,sv_complexity_low,0.25,6085,116366,27708
fold_d,20260806,1hop,S,complexity,medium,3596,2071,0.6345509087700724,True,0.740956414328569,0.6600182535560462,0.7014340333117524,5667,0.6345509087700724,0.2165074367948356,0.8335790370651655,0.890889338801595,0.740956414328569,0.7225010455876203,0.960789766407119,0.8247791835760324,0.5043566492095064,0.16685105146322968,0.09279065227560665,sv_complexity_medium,0.25,5667,116366,27708
fold_d,20260806,1hop,K,complexity,high,11200,6879,0.619503291111234,True,0.6332208639858399,0.5297474845804,0.39983838382138603,18079,0.619503291111234,0.2856648361751618,0.6731034540942413,0.7716404802426746,0.6332208639858399,0.6344218887908208,0.9626785714285714,0.7648164568185849,0.6524106848915844,0.22913225180716087,0.11648772626132439,sv_complexity_high,0.25,18079,116366,27708
fold_d,20260806,1hop,K,complexity,low,3850,2235,0.6327033689400164,True,0.6619556285949055,0.5478915715157326,0.28711391999897823,6085,0.6327033689400164,0.2856648361751618,0.6397092884743891,0.7381593444860668,0.6619556285949055,0.6563208369659983,0.9776623376623377,0.7853938445487741,0.6340816631648138,0.2220096158912952,0.11601685076582634,sv_complexity_low,0.25,6085,116366,27708
fold_d,20260806,1hop,K,complexity,medium,3596,2071,0.6345509087700724,True,0.6622551614610905,0.5490644548989193,0.48244474974545953,5667,0.6345509087700724,0.2856648361751618,0.7146041607473081,0.8108599041332004,0.6622551614610905,0.6589191232048375,0.9696885428253615,0.7846534653465347,0.617201215872052,0.21451840758067803,0.1098722166369495,sv_complexity_medium,0.25,5667,116366,27708
fold_d,20260806,strict,C,complexity,high,11200,6879,0.619503291111234,True,0.6794070468499364,0.6057784886196084,0.5822171479237297,18079,0.619503291111234,0.2831886003716845,0.7608209444375221,0.841034999754817,0.6794070468499364,0.679344218770742,0.9138392857142857,0.7793345008756567,0.5862603732147142,0.20208193145530642,0.10491232223800576,sv_complexity_high,0.25,18079,116366,27708
fold_d,20260806,strict,C,complexity,low,3850,2235,0.6327033689400164,True,0.7124075595727198,0.6283959441006421,0.19828183661641374,6085,0.6327033689400164,0.2831886003716845,0.6777115546645748,0.7055316195296113,0.7124075595727198,0.7028593508500772,0.944935064935065,0.806115665854199,0.7068934899528504,0.2174866709650853,0.14667779443506895,sv_complexity_low,0.25,6085,116366,27708
fold_d,20260806,strict,C,complexity,medium,3596,2071,0.6345509087700724,True,0.7210164107993647,0.6488113301490094,0.669569834680228,5667,0.6345509087700724,0.2831886003716845,0.8116338825960924,0.8792445963689346,0.7210164107993647,0.7199301462562759,0.9171301446051168,0.8066528066528067,0.5333930245967532,0.1784489222773404,0.09450129377595466,sv_complexity_medium,0.25,5667,116366,27708
fold_d,20260806,strict,C+T,complexity,high,11200,6879,0.619503291111234,True,0.7353835942253443,0.6767277739704691,0.6948324594806455,18079,0.619503291111234,0.2565563899108589,0.8215519152493096,0.8838847551727065,0.7353835942253443,0.7252808988764045,0.9221428571428572,0.8119496855345912,0.5199043175005555,0.175047143614687,0.09351031872577012,sv_complexity_high,0.25,18079,116366,27708
fold_d,20260806,strict,C+T,complexity,low,3850,2235,0.6327033689400164,True,0.7536565324568612,0.72949911386153,0.7058763084066738,6085,0.6327033689400164,0.2565563899108589,0.8124324936808159,0.8919693589628457,0.7536565324568612,0.7963196370052936,0.8205194805194805,0.8082384546501216,0.6411364368272084,0.19006144850195944,0.14124129835267596,sv_complexity_low,0.25,6085,116366,27708
fold_d,20260806,strict,C+T,complexity,medium,3596,2071,0.6345509087700724,True,0.8058937709546498,0.7543930591907205,0.8118912480607082,5667,0.6345509087700724,0.2565563899108589,0.8887004391917839,0.9312558275513899,0.8058937709546498,0.7898281467719461,0.9457730812013349,0.8607947355099975,0.4259970652373207,0.13747296234032746,0.08446481354034176,sv_complexity_medium,0.25,5667,116366,27708
fold_d,20260806,strict,C+S,complexity,high,11200,6879,0.619503291111234,True,0.6802920515515238,0.598781189645505,0.617944967289182,18079,0.619503291111234,0.2289536589789537,0.7748186963948248,0.8546293174391439,0.6802920515515238,0.6733623336745138,0.9398214285714286,0.7845855694692904,0.5698988788361458,0.19525624675930292,0.09980205476019337,sv_complexity_high,0.25,18079,116366,27708
fold_d,20260806,strict,C+S,complexity,low,3850,2235,0.6327033689400164,True,0.7301561216105177,0.6455187541764723,0.5290049201062491,6085,0.6327033689400164,0.2289536589789537,0.7668451146169268,0.8270050939091975,0.7301561216105177,0.7115753162131084,0.9644155844155844,0.8189236876929863,0.5415894495546459,0.1818224801908637,0.08478030560344871,sv_complexity_low,0.25,6085,116366,27708
fold_d,20260806,strict,C+S,complexity,medium,3596,2071,0.6345509087700724,True,0.7462502205752602,0.6703327077835827,0.7148106528080302,5667,0.6345509087700724,0.2289536589789537,0.837837886830638,0.8957778122402383,0.7462502205752602,0.7299658994032395,0.9524471635150167,0.826496138996139,0.500337392782999,0.16555252176552182,0.09361770507037236,sv_complexity_medium,0.25,5667,116366,27708
fold_d,20260806,strict,C+S+T,complexity,high,11200,6879,0.619503291111234,True,0.7337242104098678,0.6770429736984196,0.695301073281991,18079,0.619503291111234,0.2597553314485504,0.8214527716341661,0.8840630611818583,0.7337242104098678,0.7265824581322736,0.9141964285714286,0.809663134588012,0.519865172933953,0.1749126836169163,0.09114683217544467,sv_complexity_high,0.25,18079,116366,27708
fold_d,20260806,strict,C+S+T,complexity,low,3850,2235,0.6327033689400164,True,0.7603944124897288,0.738389842819373,0.720123713005977,6085,0.6327033689400164,0.2597553314485504,0.8249064179668206,0.8972023826735183,0.7603944124897288,0.8041709053916581,0.8212987012987013,0.812644564379337,0.6056890230516956,0.1864888364018804,0.14036248001480056,sv_complexity_low,0.25,6085,116366,27708
fold_d,20260806,strict,C+S+T,complexity,medium,3596,2071,0.6345509087700724,True,0.8058937709546498,0.7560312332657833,0.8145095916260175,5667,0.6345509087700724,0.2597553314485504,0.8902189728487416,0.93221269882786,0.8058937709546498,0.7919981282171268,0.9413236929922135,0.8602287166454892,0.42368581911857817,0.13621201433405833,0.08375189018272416,sv_complexity_medium,0.25,5667,116366,27708
fold_d,20260806,strict,T,complexity,high,11200,6879,0.619503291111234,True,0.7367111012777255,0.6816409738230225,0.6897115142736008,18079,0.619503291111234,0.2753433122708641,0.8197948855730691,0.8819362523750263,0.7367111012777255,0.7301644031451037,0.9120535714285715,0.8110361254466057,0.5217848514283403,0.17562882517810408,0.09301998092426905,sv_complexity_high,0.25,18079,116366,27708
fold_d,20260806,strict,T,complexity,low,3850,2235,0.6327033689400164,True,0.7579293344289236,0.7370048519712948,0.7221638940232857,6085,0.6327033689400164,0.2753433122708641,0.8325024550393677,0.8979517342879283,0.7579293344289236,0.8043533930857875,0.8158441558441558,0.8100580270793036,0.5682337943662092,0.18341427270855568,0.13468763402754297,sv_complexity_low,0.25,6085,116366,27708
fold_d,20260806,strict,T,complexity,medium,3596,2071,0.6345509087700724,True,0.8060702311628728,0.7590370812786782,0.8112983459930074,5667,0.6345509087700724,0.2753433122708641,0.8879041791700526,0.9310391520295603,0.8060702311628728,0.7959232045508414,0.9338153503893215,0.8593730006397953,0.4283428186542073,0.1380339427484779,0.0857483408949474,sv_complexity_medium,0.25,5667,116366,27708
fold_d,20260806,strict,S,complexity,high,11200,6879,0.619503291111234,True,0.6769179711267216,0.5912066875376405,0.6134376568720885,18079,0.619503291111234,0.2165074367948356,0.7725399572716134,0.8529143006594998,0.6769179711267216,0.668342024250801,0.9498214285714286,0.7846000663790242,0.5725851983222601,0.19627306563282604,0.10011752436212012,sv_complexity_high,0.25,18079,116366,27708
fold_d,20260806,strict,S,complexity,low,3850,2235,0.6327033689400164,True,0.724239934264585,0.6358697231180452,0.6426483107111944,6085,0.6327033689400164,0.2165074367948356,0.811337284639298,0.8687459284206277,0.724239934264585,0.7053706505295008,0.9688311688311688,0.8163711971985117,0.5314925307024032,0.1781528837522962,0.10210047055792837,sv_complexity_low,0.25,6085,116366,27708
fold_d,20260806,strict,S,complexity,medium,3596,2071,0.6345509087700724,True,0.740956414328569,0.6600182535560462,0.7014340333117524,5667,0.6345509087700724,0.2165074367948356,0.8335790370651655,0.890889338801595,0.740956414328569,0.7225010455876203,0.960789766407119,0.8247791835760324,0.5043566492095064,0.16685105146322968,0.09279065227560665,sv_complexity_medium,0.25,5667,116366,27708
fold_d,20260806,strict,K,complexity,high,11200,6879,0.619503291111234,True,0.6332208639858399,0.5297474845804,0.39983838382138603,18079,0.619503291111234,0.2856648361751618,0.6731034540942413,0.7716404802426746,0.6332208639858399,0.6344218887908208,0.9626785714285714,0.7648164568185849,0.6524106848915844,0.22913225180716087,0.11648772626132439,sv_complexity_high,0.25,18079,116366,27708
fold_d,20260806,strict,K,complexity,low,3850,2235,0.6327033689400164,True,0.6619556285949055,0.5478915715157326,0.28711391999897823,6085,0.6327033689400164,0.2856648361751618,0.6397092884743891,0.7381593444860668,0.6619556285949055,0.6563208369659983,0.9776623376623377,0.7853938445487741,0.6340816631648138,0.2220096158912952,0.11601685076582634,sv_complexity_low,0.25,6085,116366,27708
fold_d,20260806,strict,K,complexity,medium,3596,2071,0.6345509087700724,True,0.6622551614610905,0.5490644548989193,0.48244474974545953,5667,0.6345509087700724,0.2856648361751618,0.7146041607473081,0.8108599041332004,0.6622551614610905,0.6589191232048375,0.9696885428253615,0.7846534653465347,0.617201215872052,0.21451840758067803,0.1098722166369495,sv_complexity_medium,0.25,5667,116366,27708
fold_d,314159,1hop,C,complexity,high,11200,6879,0.619503291111234,True,0.6794070468499364,0.6057784886196084,0.5822171479237297,18079,0.619503291111234,0.2831886003716845,0.7608209444375221,0.841034999754817,0.6794070468499364,0.679344218770742,0.9138392857142857,0.7793345008756567,0.5862603732147142,0.20208193145530642,0.10491232223800576,sv_complexity_high,0.25,18079,116366,27708
fold_d,314159,1hop,C,complexity,low,3850,2235,0.6327033689400164,True,0.7124075595727198,0.6283959441006421,0.19828183661641374,6085,0.6327033689400164,0.2831886003716845,0.6777115546645748,0.7055316195296113,0.7124075595727198,0.7028593508500772,0.944935064935065,0.806115665854199,0.7068934899528504,0.2174866709650853,0.14667779443506895,sv_complexity_low,0.25,6085,116366,27708
fold_d,314159,1hop,C,complexity,medium,3596,2071,0.6345509087700724,True,0.7210164107993647,0.6488113301490094,0.669569834680228,5667,0.6345509087700724,0.2831886003716845,0.8116338825960924,0.8792445963689346,0.7210164107993647,0.7199301462562759,0.9171301446051168,0.8066528066528067,0.5333930245967532,0.1784489222773404,0.09450129377595466,sv_complexity_medium,0.25,5667,116366,27708
fold_d,314159,1hop,C+T,complexity,high,11200,6879,0.619503291111234,True,0.7479949112229659,0.7016284616223288,0.7143260252270689,18079,0.619503291111234,0.2917651292806949,0.8333772947687579,0.8913019927837273,0.7479949112229659,0.7475778804590848,0.895625,0.8149321634576326,0.5001811074503629,0.16814918471207072,0.08320935262375208,sv_complexity_high,0.25,18079,116366,27708
fold_d,314159,1hop,C+T,complexity,low,3850,2235,0.6327033689400164,True,0.780772391125719,0.7638780905895,0.7643946663689579,6085,0.6327033689400164,0.2917651292806949,0.857577210261774,0.9134629546975548,0.780772391125719,0.8262448132780082,0.8275324675324676,0.82688813911238,0.5295281420769019,0.16969979340134406,0.13235340043342717,sv_complexity_low,0.25,6085,116366,27708
fold_d,314159,1hop,C+T,complexity,medium,3596,2071,0.6345509087700724,True,0.8249514734427387,0.7876344309815778,0.8488775179312706,5667,0.6345509087700724,0.2917651292806949,0.910577381166584,0.9447724262635718,0.8249514734427387,0.8208477082306554,0.9263070077864294,0.8703945649333682,0.3847413281202705,0.12217230031234995,0.07460746437766855,sv_complexity_medium,0.25,5667,116366,27708
fold_d,314159,1hop,C+S,complexity,high,11200,6879,0.619503291111234,True,0.6802920515515238,0.598781189645505,0.617944967289182,18079,0.619503291111234,0.2289536589789537,0.7748186963948248,0.8546293174391439,0.6802920515515238,0.6733623336745138,0.9398214285714286,0.7845855694692904,0.5698988788361458,0.19525624675930292,0.09980205476019337,sv_complexity_high,0.25,18079,116366,27708
fold_d,314159,1hop,C+S,complexity,low,3850,2235,0.6327033689400164,True,0.7301561216105177,0.6455187541764723,0.5290049201062491,6085,0.6327033689400164,0.2289536589789537,0.7668451146169268,0.8270050939091975,0.7301561216105177,0.7115753162131084,0.9644155844155844,0.8189236876929863,0.5415894495546459,0.1818224801908637,0.08478030560344871,sv_complexity_low,0.25,6085,116366,27708
fold_d,314159,1hop,C+S,complexity,medium,3596,2071,0.6345509087700724,True,0.7462502205752602,0.6703327077835827,0.7148106528080302,5667,0.6345509087700724,0.2289536589789537,0.837837886830638,0.8957778122402383,0.7462502205752602,0.7299658994032395,0.9524471635150167,0.826496138996139,0.500337392782999,0.16555252176552182,0.09361770507037236,sv_complexity_medium,0.25,5667,116366,27708
fold_d,314159,1hop,C+S+T,complexity,high,11200,6879,0.619503291111234,True,0.7395873665578848,0.6844110764126846,0.7117525894421525,18079,0.619503291111234,0.258672198671866,0.8315274165161048,0.8903228089370301,0.7395873665578848,0.7316916488222698,0.9152678571428572,0.813248710829036,0.5029376038885162,0.16875716573752148,0.08175632688678465,sv_complexity_high,0.25,18079,116366,27708
fold_d,314159,1hop,C+S+T,complexity,low,3850,2235,0.6327033689400164,True,0.7740345110928513,0.7513274644818269,0.7674257646285957,6085,0.6327033689400164,0.258672198671866,0.8647146634126499,0.9145762668767315,0.7740345110928513,0.8117913832199547,0.8368831168831169,0.8241463102698555,0.49648897395280606,0.16370659711766572,0.12638777462496303,sv_complexity_low,0.25,6085,116366,27708
fold_d,314159,1hop,C+S+T,complexity,medium,3596,2071,0.6345509087700724,True,0.8198341274042703,0.7764351613386622,0.8487929537321265,5667,0.6345509087700724,0.258672198671866,0.909121487526513,0.944741522353844,0.8198341274042703,0.808827056848165,0.9377085650723026,0.8685125563425627,0.38871342188493996,0.12324186383184789,0.07463834163174732,sv_complexity_medium,0.25,5667,116366,27708
fold_d,314159,1hop,T,complexity,high,11200,6879,0.619503291111234,True,0.7466120913767355,0.7009330220858514,0.7105301629324191,18079,0.619503291111234,0.2940764168046478,0.8314525185346707,0.8898576796732182,0.7466120913767355,0.747661453266482,0.8920535714285714,0.8134999796441803,0.5035864392079272,0.16925002573854644,0.08435875037658873,sv_complexity_high,0.25,18079,116366,27708
fold_d,314159,1hop,T,complexity,low,3850,2235,0.6327033689400164,True,0.7796220213640098,0.7617490339637991,0.7724350853958282,6085,0.6327033689400164,0.2940764168046478,0.8662862372526803,0.9164161735184349,0.7796220213640098,0.823741935483871,0.8290909090909091,0.8264077669902913,0.4903923567976671,0.16162437163157056,0.11972396021842237,sv_complexity_low,0.25,6085,116366,27708
fold_d,314159,1hop,T,complexity,medium,3596,2071,0.6345509087700724,True,0.8247750132345156,0.7867786864422028,0.8480560306478513,5667,0.6345509087700724,0.2940764168046478,0.9102526332976874,0.9444722144823893,0.8247750132345156,0.8197003193318595,0.9279755283648499,0.8704838920046954,0.3867912448393894,0.12259731106182505,0.07587002810032055,sv_complexity_medium,0.25,5667,116366,27708
fold_d,314159,1hop,S,complexity,high,11200,6879,0.619503291111234,True,0.6769179711267216,0.5912066875376405,0.6134376568720885,18079,0.619503291111234,0.2165074367948356,0.7725399572716134,0.8529143006594998,0.6769179711267216,0.668342024250801,0.9498214285714286,0.7846000663790242,0.5725851983222601,0.19627306563282604,0.10011752436212012,sv_complexity_high,0.25,18079,116366,27708
fold_d,314159,1hop,S,complexity,low,3850,2235,0.6327033689400164,True,0.724239934264585,0.6358697231180452,0.6426483107111944,6085,0.6327033689400164,0.2165074367948356,0.811337284639298,0.8687459284206277,0.724239934264585,0.7053706505295008,0.9688311688311688,0.8163711971985117,0.5314925307024032,0.1781528837522962,0.10210047055792837,sv_complexity_low,0.25,6085,116366,27708
fold_d,314159,1hop,S,complexity,medium,3596,2071,0.6345509087700724,True,0.740956414328569,0.6600182535560462,0.7014340333117524,5667,0.6345509087700724,0.2165074367948356,0.8335790370651655,0.890889338801595,0.740956414328569,0.7225010455876203,0.960789766407119,0.8247791835760324,0.5043566492095064,0.16685105146322968,0.09279065227560665,sv_complexity_medium,0.25,5667,116366,27708
fold_d,314159,1hop,K,complexity,high,11200,6879,0.619503291111234,True,0.6332208639858399,0.5297474845804,0.39983838382138603,18079,0.619503291111234,0.2856648361751618,0.6731034540942413,0.7716404802426746,0.6332208639858399,0.6344218887908208,0.9626785714285714,0.7648164568185849,0.6524106848915844,0.22913225180716087,0.11648772626132439,sv_complexity_high,0.25,18079,116366,27708
fold_d,314159,1hop,K,complexity,low,3850,2235,0.6327033689400164,True,0.6619556285949055,0.5478915715157326,0.28711391999897823,6085,0.6327033689400164,0.2856648361751618,0.6397092884743891,0.7381593444860668,0.6619556285949055,0.6563208369659983,0.9776623376623377,0.7853938445487741,0.6340816631648138,0.2220096158912952,0.11601685076582634,sv_complexity_low,0.25,6085,116366,27708
fold_d,314159,1hop,K,complexity,medium,3596,2071,0.6345509087700724,True,0.6622551614610905,0.5490644548989193,0.48244474974545953,5667,0.6345509087700724,0.2856648361751618,0.7146041607473081,0.8108599041332004,0.6622551614610905,0.6589191232048375,0.9696885428253615,0.7846534653465347,0.617201215872052,0.21451840758067803,0.1098722166369495,sv_complexity_medium,0.25,5667,116366,27708
fold_d,314159,strict,C,complexity,high,11200,6879,0.619503291111234,True,0.6794070468499364,0.6057784886196084,0.5822171479237297,18079,0.619503291111234,0.2831886003716845,0.7608209444375221,0.841034999754817,0.6794070468499364,0.679344218770742,0.9138392857142857,0.7793345008756567,0.5862603732147142,0.20208193145530642,0.10491232223800576,sv_complexity_high,0.25,18079,116366,27708
fold_d,314159,strict,C,complexity,low,3850,2235,0.6327033689400164,True,0.7124075595727198,0.6283959441006421,0.19828183661641374,6085,0.6327033689400164,0.2831886003716845,0.6777115546645748,0.7055316195296113,0.7124075595727198,0.7028593508500772,0.944935064935065,0.806115665854199,0.7068934899528504,0.2174866709650853,0.14667779443506895,sv_complexity_low,0.25,6085,116366,27708
fold_d,314159,strict,C,complexity,medium,3596,2071,0.6345509087700724,True,0.7210164107993647,0.6488113301490094,0.669569834680228,5667,0.6345509087700724,0.2831886003716845,0.8116338825960924,0.8792445963689346,0.7210164107993647,0.7199301462562759,0.9171301446051168,0.8066528066528067,0.5333930245967532,0.1784489222773404,0.09450129377595466,sv_complexity_medium,0.25,5667,116366,27708
fold_d,314159,strict,C+T,complexity,high,11200,6879,0.619503291111234,True,0.7282482438187953,0.6618551544036716,0.686565659858585,18079,0.619503291111234,0.2402170797406448,0.8176356483500509,0.8807392651234696,0.7282482438187953,0.7129598265700156,0.9396428571428571,0.8107545934286045,0.5195336968951615,0.17498576972934501,0.08486600101346922,sv_complexity_high,0.25,18079,116366,27708
fold_d,314159,strict,C+T,complexity,low,3850,2235,0.6327033689400164,True,0.7534921939194741,0.6806644585839217,0.7011021539863826,6085,0.6327033689400164,0.2402170797406448,0.8391500624654987,0.8902158281281126,0.7534921939194741,0.7348121502797762,0.9550649350649351,0.830585046306754,0.47571303312525026,0.15692876756721955,0.07569709561689962,sv_complexity_low,0.25,6085,116366,27708
fold_d,314159,strict,C+T,complexity,medium,3596,2071,0.6345509087700724,True,0.7960119992941591,0.739951547644816,0.809457331990819,5667,0.6345509087700724,0.2402170797406448,0.8870731415183671,0.930366355135519,0.7960119992941591,0.7785388127853882,0.9482758620689655,0.8550651955867603,0.4293303690655746,0.13842291248339098,0.08551334747294322,sv_complexity_medium,0.25,5667,116366,27708
fold_d,314159,strict,C+S,complexity,high,11200,6879,0.619503291111234,True,0.6802920515515238,0.598781189645505,0.617944967289182,18079,0.619503291111234,0.2289536589789537,0.7748186963948248,0.8546293174391439,0.6802920515515238,0.6733623336745138,0.9398214285714286,0.7845855694692904,0.5698988788361458,0.19525624675930292,0.09980205476019337,sv_complexity_high,0.25,18079,116366,27708
fold_d,314159,strict,C+S,complexity,low,3850,2235,0.6327033689400164,True,0.7301561216105177,0.6455187541764723,0.5290049201062491,6085,0.6327033689400164,0.2289536589789537,0.7668451146169268,0.8270050939091975,0.7301561216105177,0.7115753162131084,0.9644155844155844,0.8189236876929863,0.5415894495546459,0.1818224801908637,0.08478030560344871,sv_complexity_low,0.25,6085,116366,27708
fold_d,314159,strict,C+S,complexity,medium,3596,2071,0.6345509087700724,True,0.7462502205752602,0.6703327077835827,0.7148106528080302,5667,0.6345509087700724,0.2289536589789537,0.837837886830638,0.8957778122402383,0.7462502205752602,0.7299658994032395,0.9524471635150167,0.826496138996139,0.500337392782999,0.16555252176552182,0.09361770507037236,sv_complexity_medium,0.25,5667,116366,27708
fold_d,314159,strict,C+S+T,complexity,high,11200,6879,0.619503291111234,True,0.7295204380773272,0.6683221125890391,0.6878671489541968,18079,0.619503291111234,0.2566094251169084,0.8176363297717691,0.8812344774410045,0.7295204380773272,0.7191580994720755,0.924375,0.8089545241443976,0.5191694511394969,0.1748870229094504,0.08280425965646512,sv_complexity_high,0.25,18079,116366,27708
fold_d,314159,strict,C+S+T,complexity,low,3850,2235,0.6327033689400164,True,0.7592440427280197,0.6892451843458555,0.7358176055654895,6085,0.6327033689400164,0.2566094251169084,0.8531797553676748,0.9029666965388445,0.7592440427280197,0.74076317383404,0.9529870129870129,0.8335794615471999,0.4723602184057572,0.15570276104308872,0.08751557895322806,sv_complexity_low,0.25,6085,116366,27708
fold_d,314159,strict,C+S+T,complexity,medium,3596,2071,0.6345509087700724,True,0.8002470442915123,0.7470768663502394,0.811791506797479,5667,0.6345509087700724,0.2566094251169084,0.8887690545157477,0.9312193771973847,0.8002470442915123,0.784526558891455,0.9446607341490545,0.857178904870048,0.42729862949305586,0.13720364274356586,0.08524453017630806,sv_complexity_medium,0.25,5667,116366,27708
fold_d,314159,strict,T,complexity,high,11200,6879,0.619503291111234,True,0.7327285801205818,0.6720611254750484,0.6852052092593075,18079,0.619503291111234,0.2729805126099819,0.8168234520694453,0.8802216181478387,0.7327285801205818,0.7215418870025049,0.9258928571428572,0.8110433286407007,0.5208871161229108,0.17524015141563615,0.0854783113284826,sv_complexity_high,0.25,18079,116366,27708
fold_d,314159,strict,T,complexity,low,3850,2235,0.6327033689400164,True,0.7554642563681183,0.686727388942154,0.6162633761967193,6085,0.6327033689400164,0.2729805126099819,0.8055782561957059,0.8590548308627227,0.7554642563681183,0.740040650406504,0.9457142857142857,0.8303306727480045,0.5091495601108408,0.16803874212717348,0.0919739611026834,sv_complexity_low,0.25,6085,116366,27708
fold_d,314159,strict,T,complexity,medium,3596,2071,0.6345509087700724,True,0.8000705840832892,0.7497022417203728,0.8059513559717267,5667,0.6345509087700724,0.2729805126099819,0.8861610679605914,0.9290850993854678,0.8000705840832892,0.7880701754385965,0.9368743047830923,0.856053868631686,0.4315746189234195,0.13874809915613806,0.08610371157191425,sv_complexity_medium,0.25,5667,116366,27708
fold_d,314159,strict,S,complexity,high,11200,6879,0.619503291111234,True,0.6769179711267216,0.5912066875376405,0.6134376568720885,18079,0.619503291111234,0.2165074367948356,0.7725399572716134,0.8529143006594998,0.6769179711267216,0.668342024250801,0.9498214285714286,0.7846000663790242,0.5725851983222601,0.19627306563282604,0.10011752436212012,sv_complexity_high,0.25,18079,116366,27708
fold_d,314159,strict,S,complexity,low,3850,2235,0.6327033689400164,True,0.724239934264585,0.6358697231180452,0.6426483107111944,6085,0.6327033689400164,0.2165074367948356,0.811337284639298,0.8687459284206277,0.724239934264585,0.7053706505295008,0.9688311688311688,0.8163711971985117,0.5314925307024032,0.1781528837522962,0.10210047055792837,sv_complexity_low,0.25,6085,116366,27708
fold_d,314159,strict,S,complexity,medium,3596,2071,0.6345509087700724,True,0.740956414328569,0.6600182535560462,0.7014340333117524,5667,0.6345509087700724,0.2165074367948356,0.8335790370651655,0.890889338801595,0.740956414328569,0.7225010455876203,0.960789766407119,0.8247791835760324,0.5043566492095064,0.16685105146322968,0.09279065227560665,sv_complexity_medium,0.25,5667,116366,27708
fold_d,314159,strict,K,complexity,high,11200,6879,0.619503291111234,True,0.6332208639858399,0.5297474845804,0.39983838382138603,18079,0.619503291111234,0.2856648361751618,0.6731034540942413,0.7716404802426746,0.6332208639858399,0.6344218887908208,0.9626785714285714,0.7648164568185849,0.6524106848915844,0.22913225180716087,0.11648772626132439,sv_complexity_high,0.25,18079,116366,27708
fold_d,314159,strict,K,complexity,low,3850,2235,0.6327033689400164,True,0.6619556285949055,0.5478915715157326,0.28711391999897823,6085,0.6327033689400164,0.2856648361751618,0.6397092884743891,0.7381593444860668,0.6619556285949055,0.6563208369659983,0.9776623376623377,0.7853938445487741,0.6340816631648138,0.2220096158912952,0.11601685076582634,sv_complexity_low,0.25,6085,116366,27708
fold_d,314159,strict,K,complexity,medium,3596,2071,0.6345509087700724,True,0.6622551614610905,0.5490644548989193,0.48244474974545953,5667,0.6345509087700724,0.2856648361751618,0.7146041607473081,0.8108599041332004,0.6622551614610905,0.6589191232048375,0.9696885428253615,0.7846534653465347,0.617201215872052,0.21451840758067803,0.1098722166369495,sv_complexity_medium,0.25,5667,116366,27708
fold_d,42,1hop,C,complexity,high,11200,6879,0.619503291111234,True,0.6794070468499364,0.6057784886196084,0.5822171479237297,18079,0.619503291111234,0.2831886003716845,0.7608209444375221,0.841034999754817,0.6794070468499364,0.679344218770742,0.9138392857142857,0.7793345008756567,0.5862603732147142,0.20208193145530642,0.10491232223800576,sv_complexity_high,0.25,18079,116366,27708
fold_d,42,1hop,C,complexity,low,3850,2235,0.6327033689400164,True,0.7124075595727198,0.6283959441006421,0.19828183661641374,6085,0.6327033689400164,0.2831886003716845,0.6777115546645748,0.7055316195296113,0.7124075595727198,0.7028593508500772,0.944935064935065,0.806115665854199,0.7068934899528504,0.2174866709650853,0.14667779443506895,sv_complexity_low,0.25,6085,116366,27708
fold_d,42,1hop,C,complexity,medium,3596,2071,0.6345509087700724,True,0.7210164107993647,0.6488113301490094,0.669569834680228,5667,0.6345509087700724,0.2831886003716845,0.8116338825960924,0.8792445963689346,0.7210164107993647,0.7199301462562759,0.9171301446051168,0.8066528066528067,0.5333930245967532,0.1784489222773404,0.09450129377595466,sv_complexity_medium,0.25,5667,116366,27708
fold_d,42,1hop,C+T,complexity,high,11200,6879,0.619503291111234,True,0.7491011670999502,0.6992964742591323,0.7197673584557779,18079,0.619503291111234,0.2714647185154204,0.8367766740909186,0.8933724021692182,0.7491011670999502,0.7437810945273632,0.9076785714285714,0.8175969116937429,0.49598097100171035,0.16667074417802769,0.08330009838001161,sv_complexity_high,0.25,18079,116366,27708
fold_d,42,1hop,C+T,complexity,low,3850,2235,0.6327033689400164,True,0.7955628594905505,0.7446918852959121,0.7738435986033708,6085,0.6327033689400164,0.2714647185154204,0.8762376013248496,0.9169335156743688,0.7955628594905505,0.7830147697654214,0.9363636363636364,0.8528507215519281,0.4259513156746093,0.13895975197206537,0.06961776044486667,sv_complexity_low,0.25,6085,116366,27708
fold_d,42,1hop,C+T,complexity,medium,3596,2071,0.6345509087700724,True,0.8291865184400917,0.7904595427399617,0.858178022368269,5667,0.6345509087700724,0.2714647185154204,0.9142391701923216,0.9481712871580528,0.8291865184400917,0.8211143695014663,0.9343715239154616,0.8740894901144641,0.3797857097136164,0.12075310341539705,0.07709203929488054,sv_complexity_medium,0.25,5667,116366,27708
fold_d,42,1hop,C+S,complexity,high,11200,6879,0.619503291111234,True,0.6802920515515238,0.598781189645505,0.617944967289182,18079,0.619503291111234,0.2289536589789537,0.7748186963948248,0.8546293174391439,0.6802920515515238,0.6733623336745138,0.9398214285714286,0.7845855694692904,0.5698988788361458,0.19525624675930292,0.09980205476019337,sv_complexity_high,0.25,18079,116366,27708
fold_d,42,1hop,C+S,complexity,low,3850,2235,0.6327033689400164,True,0.7301561216105177,0.6455187541764723,0.5290049201062491,6085,0.6327033689400164,0.2289536589789537,0.7668451146169268,0.8270050939091975,0.7301561216105177,0.7115753162131084,0.9644155844155844,0.8189236876929863,0.5415894495546459,0.1818224801908637,0.08478030560344871,sv_complexity_low,0.25,6085,116366,27708
fold_d,42,1hop,C+S,complexity,medium,3596,2071,0.6345509087700724,True,0.7462502205752602,0.6703327077835827,0.7148106528080302,5667,0.6345509087700724,0.2289536589789537,0.837837886830638,0.8957778122402383,0.7462502205752602,0.7299658994032395,0.9524471635150167,0.826496138996139,0.500337392782999,0.16555252176552182,0.09361770507037236,sv_complexity_medium,0.25,5667,116366,27708
fold_d,42,1hop,C+S+T,complexity,high,11200,6879,0.619503291111234,True,0.7401958072902263,0.6823222722364131,0.7187621295270139,18079,0.619503291111234,0.2426989970862272,0.8354929210018067,0.8929899158701438,0.7401958072902263,0.7288982752551918,0.9244642857142857,0.8151151348159811,0.4970396736499654,0.16676346787108628,0.08021003316099955,sv_complexity_high,0.25,18079,116366,27708
fold_d,42,1hop,C+S+T,complexity,low,3850,2235,0.6327033689400164,True,0.790961380443714,0.7365510328597578,0.780048503057482,6085,0.6327033689400164,0.2426989970862272,0.87824823498649,0.9192125561764128,0.790961380443714,0.7758989726027398,0.9415584415584416,0.8507392630837831,0.4337829895915706,0.14159765533677984,0.08195748580264618,sv_complexity_low,0.25,6085,116366,27708
fold_d,42,1hop,C+S+T,complexity,medium,3596,2071,0.6345509087700724,True,0.8247750132345156,0.781249848938866,0.8579409167603166,5667,0.6345509087700724,0.2426989970862272,0.913340457152617,0.9480846371291011,0.8247750132345156,0.8114381430964346,0.942992213570634,0.8722829581993569,0.38237734451044103,0.12121616353644213,0.07668696695478124,sv_complexity_medium,0.25,5667,116366,27708
fold_d,42,1hop,T,complexity,high,11200,6879,0.619503291111234,True,0.7437911388904254,0.6866261642576786,0.7184465886565754,18079,0.619503291111234,0.2446956866038731,0.8357656714015742,0.892869853607422,0.7437911388904254,0.731757233592096,0.9258035714285714,0.8174221521482066,0.49718597514369556,0.16714808347135643,0.08366622638661297,sv_complexity_high,0.25,18079,116366,27708
fold_d,42,1hop,T,complexity,low,3850,2235,0.6327033689400164,True,0.7932621199671323,0.7326447601615387,0.7156343369882198,6085,0.6327033689400164,0.2446956866038731,0.8497382840872775,0.8955534499866346,0.7932621199671323,0.7695507487520798,0.961038961038961,0.8547008547008547,0.45239489842310243,0.14860835539345663,0.08169125294987911,sv_complexity_low,0.25,6085,116366,27708
fold_d,42,1hop,T,complexity,medium,3596,2071,0.6345509087700724,True,0.826539615316746,0.7835617556714392,0.8584315795123695,5667,0.6345509087700724,0.2446956866038731,0.9144326627203679,0.9482639493859392,0.826539615316746,0.81323423639415,0.9432703003337041,0.8734389082013647,0.3810323296699898,0.12091248221493543,0.07901212078925168,sv_complexity_medium,0.25,5667,116366,27708
fold_d,42,1hop,S,complexity,high,11200,6879,0.619503291111234,True,0.6769179711267216,0.5912066875376405,0.6134376568720885,18079,0.619503291111234,0.2165074367948356,0.7725399572716134,0.8529143006594998,0.6769179711267216,0.668342024250801,0.9498214285714286,0.7846000663790242,0.5725851983222601,0.19627306563282604,0.10011752436212012,sv_complexity_high,0.25,18079,116366,27708
fold_d,42,1hop,S,complexity,low,3850,2235,0.6327033689400164,True,0.724239934264585,0.6358697231180452,0.6426483107111944,6085,0.6327033689400164,0.2165074367948356,0.811337284639298,0.8687459284206277,0.724239934264585,0.7053706505295008,0.9688311688311688,0.8163711971985117,0.5314925307024032,0.1781528837522962,0.10210047055792837,sv_complexity_low,0.25,6085,116366,27708
fold_d,42,1hop,S,complexity,medium,3596,2071,0.6345509087700724,True,0.740956414328569,0.6600182535560462,0.7014340333117524,5667,0.6345509087700724,0.2165074367948356,0.8335790370651655,0.890889338801595,0.740956414328569,0.7225010455876203,0.960789766407119,0.8247791835760324,0.5043566492095064,0.16685105146322968,0.09279065227560665,sv_complexity_medium,0.25,5667,116366,27708
fold_d,42,1hop,K,complexity,high,11200,6879,0.619503291111234,True,0.6332208639858399,0.5297474845804,0.39983838382138603,18079,0.619503291111234,0.2856648361751618,0.6731034540942413,0.7716404802426746,0.6332208639858399,0.6344218887908208,0.9626785714285714,0.7648164568185849,0.6524106848915844,0.22913225180716087,0.11648772626132439,sv_complexity_high,0.25,18079,116366,27708
fold_d,42,1hop,K,complexity,low,3850,2235,0.6327033689400164,True,0.6619556285949055,0.5478915715157326,0.28711391999897823,6085,0.6327033689400164,0.2856648361751618,0.6397092884743891,0.7381593444860668,0.6619556285949055,0.6563208369659983,0.9776623376623377,0.7853938445487741,0.6340816631648138,0.2220096158912952,0.11601685076582634,sv_complexity_low,0.25,6085,116366,27708
fold_d,42,1hop,K,complexity,medium,3596,2071,0.6345509087700724,True,0.6622551614610905,0.5490644548989193,0.48244474974545953,5667,0.6345509087700724,0.2856648361751618,0.7146041607473081,0.8108599041332004,0.6622551614610905,0.6589191232048375,0.9696885428253615,0.7846534653465347,0.617201215872052,0.21451840758067803,0.1098722166369495,sv_complexity_medium,0.25,5667,116366,27708
fold_d,42,strict,C,complexity,high,11200,6879,0.619503291111234,True,0.6794070468499364,0.6057784886196084,0.5822171479237297,18079,0.619503291111234,0.2831886003716845,0.7608209444375221,0.841034999754817,0.6794070468499364,0.679344218770742,0.9138392857142857,0.7793345008756567,0.5862603732147142,0.20208193145530642,0.10491232223800576,sv_complexity_high,0.25,18079,116366,27708
fold_d,42,strict,C,complexity,low,3850,2235,0.6327033689400164,True,0.7124075595727198,0.6283959441006421,0.19828183661641374,6085,0.6327033689400164,0.2831886003716845,0.6777115546645748,0.7055316195296113,0.7124075595727198,0.7028593508500772,0.944935064935065,0.806115665854199,0.7068934899528504,0.2174866709650853,0.14667779443506895,sv_complexity_low,0.25,6085,116366,27708
fold_d,42,strict,C,complexity,medium,3596,2071,0.6345509087700724,True,0.7210164107993647,0.6488113301490094,0.669569834680228,5667,0.6345509087700724,0.2831886003716845,0.8116338825960924,0.8792445963689346,0.7210164107993647,0.7199301462562759,0.9171301446051168,0.8066528066528067,0.5333930245967532,0.1784489222773404,0.09450129377595466,sv_complexity_medium,0.25,5667,116366,27708
fold_d,42,strict,C+T,complexity,high,11200,6879,0.619503291111234,True,0.7364898501023287,0.6825560453138952,0.6842073434707441,18079,0.619503291111234,0.2896807349076401,0.8170616316740389,0.8798419334993777,0.7364898501023287,0.7313776243888409,0.9082142857142858,0.8102596781902183,0.520984568357413,0.17528618599073126,0.08399155424666191,sv_complexity_high,0.25,18079,116366,27708
fold_d,42,strict,C+T,complexity,low,3850,2235,0.6327033689400164,True,0.7702547247329499,0.711553792963189,0.6907107904851286,6085,0.6327033689400164,0.2896807349076401,0.8342558470612162,0.8863991153219823,0.7702547247329499,0.7591966173361522,0.9327272727272727,0.8370629370629371,0.4801149910781861,0.15943264972280327,0.09031246547059504,sv_complexity_low,0.25,6085,116366,27708
fold_d,42,strict,C+T,complexity,medium,3596,2071,0.6345509087700724,True,0.8080112934533262,0.7626142760693919,0.8074326243465597,5667,0.6345509087700724,0.2896807349076401,0.8862355243150686,0.9296264275669182,0.8080112934533262,0.7992840095465393,0.9313125695216907,0.8602620087336245,0.42851103006746,0.138450447714796,0.08359081916236077,sv_complexity_medium,0.25,5667,116366,27708
fold_d,42,strict,C+S,complexity,high,11200,6879,0.619503291111234,True,0.6802920515515238,0.598781189645505,0.617944967289182,18079,0.619503291111234,0.2289536589789537,0.7748186963948248,0.8546293174391439,0.6802920515515238,0.6733623336745138,0.9398214285714286,0.7845855694692904,0.5698988788361458,0.19525624675930292,0.09980205476019337,sv_complexity_high,0.25,18079,116366,27708
fold_d,42,strict,C+S,complexity,low,3850,2235,0.6327033689400164,True,0.7301561216105177,0.6455187541764723,0.5290049201062491,6085,0.6327033689400164,0.2289536589789537,0.7668451146169268,0.8270050939091975,0.7301561216105177,0.7115753162131084,0.9644155844155844,0.8189236876929863,0.5415894495546459,0.1818224801908637,0.08478030560344871,sv_complexity_low,0.25,6085,116366,27708
fold_d,42,strict,C+S,complexity,medium,3596,2071,0.6345509087700724,True,0.7462502205752602,0.6703327077835827,0.7148106528080302,5667,0.6345509087700724,0.2289536589789537,0.837837886830638,0.8957778122402383,0.7462502205752602,0.7299658994032395,0.9524471635150167,0.826496138996139,0.500337392782999,0.16555252176552182,0.09361770507037236,sv_complexity_medium,0.25,5667,116366,27708
fold_d,42,strict,C+S+T,complexity,high,11200,6879,0.619503291111234,True,0.7338348359975663,0.6754216897181899,0.6878529578039357,18079,0.619503291111234,0.2649598376405409,0.8181430933690528,0.8812290777550348,0.7338348359975663,0.7246764209341587,0.9198214285714286,0.8106704438149197,0.5186994446844322,0.1745361880527348,0.08115431998344323,sv_complexity_high,0.25,18079,116366,27708
fold_d,42,strict,C+S+T,complexity,low,3850,2235,0.6327033689400164,True,0.7699260476581758,0.7081972166535925,0.7151023037355473,6085,0.6327033689400164,0.2649598376405409,0.843618640866963,0.895358035965316,0.7699260476581758,0.7555277430120985,0.9407792207792208,0.8380379453956501,0.4686986706918376,0.15527746574792825,0.0856086871384177,sv_complexity_low,0.25,6085,116366,27708
fold_d,42,strict,C+S+T,complexity,medium,3596,2071,0.6345509087700724,True,0.8058937709546498,0.755724075626709,0.8076384071038446,5667,0.6345509087700724,0.2649598376405409,0.887747612696977,0.9297016306885587,0.8058937709546498,0.791588785046729,0.9421579532814238,0.8603351955307262,0.42684027238661926,0.13724431719428112,0.08383324064449404,sv_complexity_medium,0.25,5667,116366,27708
fold_d,42,strict,T,complexity,high,11200,6879,0.619503291111234,True,0.7321201393882405,0.6729160761011775,0.6751508727401454,18079,0.619503291111234,0.2672623024688038,0.8128774751832699,0.8763959761922374,0.7321201393882405,0.7228180862250263,0.920625,0.8098173964264677,0.5267657195333899,0.1773807529734753,0.08557599105578409,sv_complexity_high,0.25,18079,116366,27708
fold_d,42,strict,T,complexity,low,3850,2235,0.6327033689400164,True,0.7664749383730485,0.7034053865597489,0.7466655665701957,6085,0.6327033689400164,0.2672623024688038,0.8580163862982655,0.9069511160697432,0.7664749383730485,0.7521278804235001,0.941038961038961,0.836044767508942,0.46165371852204146,0.1522372958163701,0.08308647741460772,sv_complexity_low,0.25,6085,116366,27708
fold_d,42,strict,T,complexity,medium,3596,2071,0.6345509087700724,True,0.8025410269984119,0.751546463182172,0.8044108484749954,5667,0.6345509087700724,0.2672623024688038,0.8849091404205219,0.9285221223207545,0.8025410269984119,0.7886273595898392,0.9410456062291435,0.8581209585393685,0.4312963026544203,0.13900820485062682,0.08412631212749085,sv_complexity_medium,0.25,5667,116366,27708
fold_d,42,strict,S,complexity,high,11200,6879,0.619503291111234,True,0.6769179711267216,0.5912066875376405,0.6134376568720885,18079,0.619503291111234,0.2165074367948356,0.7725399572716134,0.8529143006594998,0.6769179711267216,0.668342024250801,0.9498214285714286,0.7846000663790242,0.5725851983222601,0.19627306563282604,0.10011752436212012,sv_complexity_high,0.25,18079,116366,27708
fold_d,42,strict,S,complexity,low,3850,2235,0.6327033689400164,True,0.724239934264585,0.6358697231180452,0.6426483107111944,6085,0.6327033689400164,0.2165074367948356,0.811337284639298,0.8687459284206277,0.724239934264585,0.7053706505295008,0.9688311688311688,0.8163711971985117,0.5314925307024032,0.1781528837522962,0.10210047055792837,sv_complexity_low,0.25,6085,116366,27708
fold_d,42,strict,S,complexity,medium,3596,2071,0.6345509087700724,True,0.740956414328569,0.6600182535560462,0.7014340333117524,5667,0.6345509087700724,0.2165074367948356,0.8335790370651655,0.890889338801595,0.740956414328569,0.7225010455876203,0.960789766407119,0.8247791835760324,0.5043566492095064,0.16685105146322968,0.09279065227560665,sv_complexity_medium,0.25,5667,116366,27708
fold_d,42,strict,K,complexity,high,11200,6879,0.619503291111234,True,0.6332208639858399,0.5297474845804,0.39983838382138603,18079,0.619503291111234,0.2856648361751618,0.6731034540942413,0.7716404802426746,0.6332208639858399,0.6344218887908208,0.9626785714285714,0.7648164568185849,0.6524106848915844,0.22913225180716087,0.11648772626132439,sv_complexity_high,0.25,18079,116366,27708
fold_d,42,strict,K,complexity,low,3850,2235,0.6327033689400164,True,0.6619556285949055,0.5478915715157326,0.28711391999897823,6085,0.6327033689400164,0.2856648361751618,0.6397092884743891,0.7381593444860668,0.6619556285949055,0.6563208369659983,0.9776623376623377,0.7853938445487741,0.6340816631648138,0.2220096158912952,0.11601685076582634,sv_complexity_low,0.25,6085,116366,27708
fold_d,42,strict,K,complexity,medium,3596,2071,0.6345509087700724,True,0.6622551614610905,0.5490644548989193,0.48244474974545953,5667,0.6345509087700724,0.2856648361751618,0.7146041607473081,0.8108599041332004,0.6622551614610905,0.6589191232048375,0.9696885428253615,0.7846534653465347,0.617201215872052,0.21451840758067803,0.1098722166369495,sv_complexity_medium,0.25,5667,116366,27708
fold_e,20260806,1hop,C,complexity,high,10712,6130,0.6360289751810949,True,0.6922574516090726,0.6164239126859299,0.5981361224641807,16842,0.6360289751810949,0.286786811681311,0.7648946174313815,0.8537331926555889,0.6922574516090726,0.7025423107919995,0.8951643017176998,0.787241903041747,0.583432493216295,0.20088734367118402,0.11607235433721759,sv_complexity_high,0.25,16842,107441,38756
fold_e,20260806,1hop,C,complexity,low,2102,1066,0.663510101010101,True,0.7629419191919192,0.6722530851525305,0.6563241121131812,3168,0.663510101010101,0.286786811681311,0.813778488458236,0.8843565351997005,0.7629419191919192,0.7557743279060962,0.9495718363463368,0.8416613957410921,0.518381007213652,0.1713437354097144,0.1023913531742823,sv_complexity_low,0.25,3168,107441,38756
fold_e,20260806,1hop,C,complexity,medium,4978,2720,0.6466614705118212,True,0.732138217718888,0.6583942139531587,0.6425723256215474,7698,0.6466614705118212,0.286786811681311,0.8001488534847446,0.873707031136738,0.732138217718888,0.7373819602735265,0.9098031337886702,0.814568345323741,0.5420680911380461,0.18194098424707908,0.10006737615418035,sv_complexity_medium,0.25,7698,107441,38756
fold_e,20260806,1hop,C+T,complexity,high,10712,6130,0.6360289751810949,True,0.7496140600878756,0.6807725049859468,0.7232113338768403,16842,0.6360289751810949,0.2394318107967009,0.8359660903842194,0.8992569455328958,0.7496140600878756,0.7403597069054845,0.9338125466766244,0.8259092597944103,0.49527628442386856,0.16653479672383478,0.09032396031007853,sv_complexity_high,0.25,16842,107441,38756
fold_e,20260806,1hop,C+T,complexity,low,2102,1066,0.663510101010101,True,0.8402777777777778,0.7827763427308576,0.8459842444015265,3168,0.663510101010101,0.2394318107967009,0.9120548552883612,0.9481752539558167,0.8402777777777778,0.8278553820870994,0.9586108468125595,0.8884479717813051,0.36535593429976465,0.11453986220663949,0.06935385680777438,sv_complexity_low,0.25,3168,107441,38756
fold_e,20260806,1hop,C+T,complexity,medium,4978,2720,0.6466614705118212,True,0.8157963107300598,0.7617678816203057,0.8173646842329292,7698,0.6466614705118212,0.2394318107967009,0.897113660399877,0.935467906094254,0.8157963107300598,0.8038579720040969,0.9459622338288469,0.869139904023625,0.4023088551444141,0.12839539166597344,0.07442503949763914,sv_complexity_medium,0.25,7698,107441,38756
fold_e,20260806,1hop,C+S,complexity,high,10712,6130,0.6360289751810949,True,0.6881605510034438,0.5957585035215343,0.62908419652605,16842,0.6360289751810949,0.2332431453983942,0.7768204188073444,0.8649973948880588,0.6881605510034438,0.6872427983539094,0.9353995519044063,0.7923454056618694,0.5670536971241651,0.1944159139474194,0.11026426693136501,sv_complexity_high,0.25,16842,107441,38756
fold_e,20260806,1hop,C+S,complexity,low,2102,1066,0.663510101010101,True,0.7698863636363636,0.6767926731086091,0.729038849750979,3168,0.663510101010101,0.2332431453983942,0.8493681975354483,0.9088243099225201,0.7698863636363636,0.7572124391157737,0.961465271170314,0.8472018444770488,0.4755721311714208,0.15430170533853577,0.09432080268101312,sv_complexity_low,0.25,3168,107441,38756
fold_e,20260806,1hop,C+S,complexity,medium,4978,2720,0.6466614705118212,True,0.7474668745128605,0.6650767051497176,0.7024687913503436,7698,0.6466614705118212,0.2332431453983942,0.8330772309928391,0.8948707602588899,0.7474668745128605,0.737625313283208,0.9459622338288469,0.8289033620841401,0.5018151414469693,0.1654992679443078,0.09306737558076265,sv_complexity_medium,0.25,7698,107441,38756
fold_e,20260806,1hop,C+S+T,complexity,high,10712,6130,0.6360289751810949,True,0.7473577959862249,0.6844415465511381,0.721222379552866,16842,0.6360289751810949,0.2558445344348055,0.8324523380648556,0.8985330237892809,0.7473577959862249,0.7453081072866803,0.9157020164301718,0.8217651740459934,0.50220398911938,0.16905329025461666,0.09422253163076676,sv_complexity_high,0.25,16842,107441,38756
fold_e,20260806,1hop,C+S+T,complexity,low,2102,1066,0.663510101010101,True,0.8377525252525253,0.7813357420700021,0.8545624182304655,3168,0.663510101010101,0.2558445344348055,0.9139774413004322,0.9510617228010342,0.8377525252525253,0.8278282411230388,0.9538534728829686,0.8863837312113174,0.36905416275665576,0.11549684884871768,0.07529074526763571,sv_complexity_low,0.25,3168,107441,38756
fold_e,20260806,1hop,C+S+T,complexity,medium,4978,2720,0.6466614705118212,True,0.8190439075084438,0.7670305225344457,0.8200888346819855,7698,0.6466614705118212,0.2558445344348055,0.8973321216292864,0.9364304534080281,0.8190439075084438,0.8081485301701908,0.9443551627159502,0.870958777211672,0.4035791448169654,0.12858467791720832,0.07619134787771133,sv_complexity_medium,0.25,7698,107441,38756
fold_e,20260806,1hop,T,complexity,high,10712,6130,0.6360289751810949,True,0.749198432490203,0.6785966280745657,0.7182186212062432,16842,0.6360289751810949,0.2287469368377632,0.8343634146029456,0.8974397427855523,0.749198432490203,0.7383541513592946,0.9381067961165048,0.8263300715401694,0.5002280920504675,0.16801980730571064,0.09358863831068955,sv_complexity_high,0.25,16842,107441,38756
fold_e,20260806,1hop,T,complexity,low,2102,1066,0.663510101010101,True,0.8390151515151515,0.7802066467565063,0.8478666358970602,3168,0.663510101010101,0.2287469368377632,0.9112493149560055,0.9488086596800083,0.8390151515151515,0.82569558101473,0.9600380589914367,0.8878134623845139,0.3676123815363836,0.11523145439665952,0.07049198098932903,sv_complexity_low,0.25,3168,107441,38756
fold_e,20260806,1hop,T,complexity,medium,4978,2720,0.6466614705118212,True,0.8141075604053001,0.7582942151348285,0.8169813260921674,7698,0.6466614705118212,0.2287469368377632,0.8966599729988418,0.9353324508925299,0.8141075604053001,0.8007461421061557,0.9485737243873041,0.8684137931034482,0.4039398373683824,0.1287103435353521,0.07542627958566891,sv_complexity_medium,0.25,7698,107441,38756
fold_e,20260806,1hop,S,complexity,high,10712,6130,0.6360289751810949,True,0.6824605153782212,0.5810898298869284,0.6257878661677756,16842,0.6360289751810949,0.2087839690352355,0.7746489658957587,0.863797626149416,0.6824605153782212,0.6779930979559331,0.9536967886482449,0.7925523661753298,0.569205310425976,0.1952705586955764,0.11005657919878849,sv_complexity_high,0.25,16842,107441,38756
fold_e,20260806,1hop,S,complexity,low,2102,1066,0.663510101010101,True,0.7629419191919192,0.6625437580219321,0.7261538334441672,3168,0.663510101010101,0.2087839690352355,0.8480463080814662,0.9078535310768567,0.7629419191919192,0.7478899082568807,0.9695528068506185,0.8444168220426767,0.4790470107224236,0.15528189283041582,0.09391771884271803,sv_complexity_low,0.25,3168,107441,38756
fold_e,20260806,1hop,S,complexity,medium,4978,2720,0.6466614705118212,True,0.7411015848272279,0.6504827860232081,0.6940852661370484,7698,0.6466614705118212,0.2087839690352355,0.8299825482121334,0.8919085377880971,0.7411015848272279,0.7272727272727273,0.9594214543993572,0.827371156344738,0.5056803062702255,0.16675548039908053,0.09322252791071534,sv_complexity_medium,0.25,7698,107441,38756
fold_e,20260806,1hop,K,complexity,high,10712,6130,0.6360289751810949,True,0.6470727942049638,0.5343953724809851,0.42108609273972614,16842,0.6360289751810949,0.3022449455518995,0.6811445245350003,0.7892921118925615,0.6470727942049638,0.6532724701041532,0.948562359970127,0.7736998400974644,0.6507159810479192,0.2285021735482565,0.13519624139986872,sv_complexity_high,0.25,16842,107441,38756
fold_e,20260806,1hop,K,complexity,low,2102,1066,0.663510101010101,True,0.6941287878787878,0.5586741297040432,0.45871660293197064,3168,0.663510101010101,0.3022449455518995,0.7017467952436971,0.8178636043956694,0.6941287878787878,0.6915793033479878,0.972882968601332,0.80846016999407,0.6080901575995337,0.21110296188383273,0.12140144161991741,sv_complexity_low,0.25,3168,107441,38756
fold_e,20260806,1hop,K,complexity,medium,4978,2720,0.6466614705118212,True,0.679786957651338,0.5614667773497506,0.46159607541035846,7698,0.6466614705118212,0.3022449455518995,0.7095724865880462,0.8097611490148318,0.679786957651338,0.6771464824474834,0.9648453194053837,0.7957915665644935,0.6129968737252708,0.21283352770649222,0.11249067753677847,sv_complexity_medium,0.25,7698,107441,38756
fold_e,20260806,strict,C,complexity,high,10712,6130,0.6360289751810949,True,0.6922574516090726,0.6164239126859299,0.5981361224641807,16842,0.6360289751810949,0.286786811681311,0.7648946174313815,0.8537331926555889,0.6922574516090726,0.7025423107919995,0.8951643017176998,0.787241903041747,0.583432493216295,0.20088734367118402,0.11607235433721759,sv_complexity_high,0.25,16842,107441,38756
fold_e,20260806,strict,C,complexity,low,2102,1066,0.663510101010101,True,0.7629419191919192,0.6722530851525305,0.6563241121131812,3168,0.663510101010101,0.286786811681311,0.813778488458236,0.8843565351997005,0.7629419191919192,0.7557743279060962,0.9495718363463368,0.8416613957410921,0.518381007213652,0.1713437354097144,0.1023913531742823,sv_complexity_low,0.25,3168,107441,38756
fold_e,20260806,strict,C,complexity,medium,4978,2720,0.6466614705118212,True,0.732138217718888,0.6583942139531587,0.6425723256215474,7698,0.6466614705118212,0.286786811681311,0.8001488534847446,0.873707031136738,0.732138217718888,0.7373819602735265,0.9098031337886702,0.814568345323741,0.5420680911380461,0.18194098424707908,0.10006737615418035,sv_complexity_medium,0.25,7698,107441,38756
fold_e,20260806,strict,C+T,complexity,high,10712,6130,0.6360289751810949,True,0.7408265051656573,0.669956746835736,0.7129674985324053,16842,0.6360289751810949,0.2396819907375451,0.8266864271990858,0.8955284862845057,0.7408265051656573,0.7335688525796717,0.9304518297236744,0.8203629779003251,0.5128550938545475,0.17212843004021747,0.09711176506699933,sv_complexity_high,0.25,16842,107441,38756
fold_e,20260806,strict,C+T,complexity,low,2102,1066,0.663510101010101,True,0.8207070707070707,0.7534644928532284,0.8216465918713834,3168,0.663510101010101,0.2396819907375451,0.895747237956168,0.9399858797142976,0.8207070707070707,0.8070456365092074,0.9590865842055185,0.8765217391304347,0.40501124703780794,0.12935705531008584,0.08711706932177765,sv_complexity_low,0.25,3168,107441,38756
fold_e,20260806,strict,C+T,complexity,medium,4978,2720,0.6466614705118212,True,0.7925435177968303,0.7310313910618487,0.7859535370382857,7698,0.6466614705118212,0.2396819907375451,0.87507555302153,0.924369137534962,0.7925435177968303,0.7824561403508772,0.9407392527119325,0.8543281948371796,0.4444912668781032,0.1431729981324561,0.08361911196940522,sv_complexity_medium,0.25,7698,107441,38756
fold_e,20260806,strict,C+S,complexity,high,10712,6130,0.6360289751810949,True,0.6881605510034438,0.5957585035215343,0.62908419652605,16842,0.6360289751810949,0.2332431453983942,0.7768204188073444,0.8649973948880588,0.6881605510034438,0.6872427983539094,0.9353995519044063,0.7923454056618694,0.5670536971241651,0.1944159139474194,0.11026426693136501,sv_complexity_high,0.25,16842,107441,38756
fold_e,20260806,strict,C+S,complexity,low,2102,1066,0.663510101010101,True,0.7698863636363636,0.6767926731086091,0.729038849750979,3168,0.663510101010101,0.2332431453983942,0.8493681975354483,0.9088243099225201,0.7698863636363636,0.7572124391157737,0.961465271170314,0.8472018444770488,0.4755721311714208,0.15430170533853577,0.09432080268101312,sv_complexity_low,0.25,3168,107441,38756
fold_e,20260806,strict,C+S,complexity,medium,4978,2720,0.6466614705118212,True,0.7474668745128605,0.6650767051497176,0.7024687913503436,7698,0.6466614705118212,0.2332431453983942,0.8330772309928391,0.8948707602588899,0.7474668745128605,0.737625313283208,0.9459622338288469,0.8289033620841401,0.5018151414469693,0.1654992679443078,0.09306737558076265,sv_complexity_medium,0.25,7698,107441,38756
fold_e,20260806,strict,C+S+T,complexity,high,10712,6130,0.6360289751810949,True,0.7341170882318014,0.660460665540133,0.708575992613306,16842,0.6360289751810949,0.227175682576546,0.8226770650713262,0.8939301053746328,0.7341170882318014,0.7272528433945756,0.9311986557132188,0.8166857704273784,0.5167420012427547,0.17416156774132024,0.09841472056473423,sv_complexity_high,0.25,16842,107441,38756
fold_e,20260806,strict,C+S+T,complexity,low,2102,1066,0.663510101010101,True,0.8150252525252525,0.7443281927512974,0.832031843660191,3168,0.663510101010101,0.227175682576546,0.8989613661964038,0.9434804120396981,0.8150252525252525,0.8005551149881047,0.9605137963843958,0.8732698961937716,0.4035862684641538,0.1282171488851,0.08960580695478397,sv_complexity_low,0.25,3168,107441,38756
fold_e,20260806,strict,C+S+T,complexity,medium,4978,2720,0.6466614705118212,True,0.7886464016627696,0.723348763973247,0.7870841141896683,7698,0.6466614705118212,0.227175682576546,0.8760290129511025,0.9247686140031044,0.7886464016627696,0.7761661447173233,0.9459622338288469,0.8526935264825714,0.4415780086988683,0.14239493968312952,0.08431160738703534,sv_complexity_medium,0.25,7698,107441,38756
fold_e,20260806,strict,T,complexity,high,10712,6130,0.6360289751810949,True,0.7437358983493647,0.6778262124957511,0.7115425058033045,16842,0.6360289751810949,0.2592558842483213,0.8263024148795027,0.8950098302205354,0.7437358983493647,0.7401622108741364,0.9200896191187453,0.82037622773431,0.5136812411991415,0.17223752693397457,0.09691455069315907,sv_complexity_high,0.25,16842,107441,38756
fold_e,20260806,strict,T,complexity,low,2102,1066,0.663510101010101,True,0.82260101010101,0.7602087175083856,0.8181990415680929,3168,0.663510101010101,0.2592558842483213,0.8934738737162676,0.9388258138609807,0.82260101010101,0.8132628152969894,0.9509990485252141,0.8767543859649123,0.4098197457132254,0.13089671242733208,0.08822624844832502,sv_complexity_low,0.25,3168,107441,38756
fold_e,20260806,strict,T,complexity,medium,4978,2720,0.6466614705118212,True,0.7943621719927254,0.7365232759435634,0.7824575928984597,7698,0.6466614705118212,0.2592558842483213,0.8736018629026541,0.923133885773423,0.7943621719927254,0.7876631079478055,0.9337083165930092,0.8544903024175016,0.447939143646212,0.1440375175488981,0.08487675170249201,sv_complexity_medium,0.25,7698,107441,38756
fold_e,20260806,strict,S,complexity,high,10712,6130,0.6360289751810949,True,0.6824605153782212,0.5810898298869284,0.6257878661677756,16842,0.6360289751810949,0.2087839690352355,0.7746489658957587,0.863797626149416,0.6824605153782212,0.6779930979559331,0.9536967886482449,0.7925523661753298,0.569205310425976,0.1952705586955764,0.11005657919878849,sv_complexity_high,0.25,16842,107441,38756
fold_e,20260806,strict,S,complexity,low,2102,1066,0.663510101010101,True,0.7629419191919192,0.6625437580219321,0.7261538334441672,3168,0.663510101010101,0.2087839690352355,0.8480463080814662,0.9078535310768567,0.7629419191919192,0.7478899082568807,0.9695528068506185,0.8444168220426767,0.4790470107224236,0.15528189283041582,0.09391771884271803,sv_complexity_low,0.25,3168,107441,38756
fold_e,20260806,strict,S,complexity,medium,4978,2720,0.6466614705118212,True,0.7411015848272279,0.6504827860232081,0.6940852661370484,7698,0.6466614705118212,0.2087839690352355,0.8299825482121334,0.8919085377880971,0.7411015848272279,0.7272727272727273,0.9594214543993572,0.827371156344738,0.5056803062702255,0.16675548039908053,0.09322252791071534,sv_complexity_medium,0.25,7698,107441,38756
fold_e,20260806,strict,K,complexity,high,10712,6130,0.6360289751810949,True,0.6470727942049638,0.5343953724809851,0.42108609273972614,16842,0.6360289751810949,0.3022449455518995,0.6811445245350003,0.7892921118925615,0.6470727942049638,0.6532724701041532,0.948562359970127,0.7736998400974644,0.6507159810479192,0.2285021735482565,0.13519624139986872,sv_complexity_high,0.25,16842,107441,38756
fold_e,20260806,strict,K,complexity,low,2102,1066,0.663510101010101,True,0.6941287878787878,0.5586741297040432,0.45871660293197064,3168,0.663510101010101,0.3022449455518995,0.7017467952436971,0.8178636043956694,0.6941287878787878,0.6915793033479878,0.972882968601332,0.80846016999407,0.6080901575995337,0.21110296188383273,0.12140144161991741,sv_complexity_low,0.25,3168,107441,38756
fold_e,20260806,strict,K,complexity,medium,4978,2720,0.6466614705118212,True,0.679786957651338,0.5614667773497506,0.46159607541035846,7698,0.6466614705118212,0.3022449455518995,0.7095724865880462,0.8097611490148318,0.679786957651338,0.6771464824474834,0.9648453194053837,0.7957915665644935,0.6129968737252708,0.21283352770649222,0.11249067753677847,sv_complexity_medium,0.25,7698,107441,38756
fold_e,314159,1hop,C,complexity,high,10712,6130,0.6360289751810949,True,0.6922574516090726,0.6164239126859299,0.5981361224641807,16842,0.6360289751810949,0.286786811681311,0.7648946174313815,0.8537331926555889,0.6922574516090726,0.7025423107919995,0.8951643017176998,0.787241903041747,0.583432493216295,0.20088734367118402,0.11607235433721759,sv_complexity_high,0.25,16842,107441,38756
fold_e,314159,1hop,C,complexity,low,2102,1066,0.663510101010101,True,0.7629419191919192,0.6722530851525305,0.6563241121131812,3168,0.663510101010101,0.286786811681311,0.813778488458236,0.8843565351997005,0.7629419191919192,0.7557743279060962,0.9495718363463368,0.8416613957410921,0.518381007213652,0.1713437354097144,0.1023913531742823,sv_complexity_low,0.25,3168,107441,38756
fold_e,314159,1hop,C,complexity,medium,4978,2720,0.6466614705118212,True,0.732138217718888,0.6583942139531587,0.6425723256215474,7698,0.6466614705118212,0.286786811681311,0.8001488534847446,0.873707031136738,0.732138217718888,0.7373819602735265,0.9098031337886702,0.814568345323741,0.5420680911380461,0.18194098424707908,0.10006737615418035,sv_complexity_medium,0.25,7698,107441,38756
fold_e,314159,1hop,C+T,complexity,high,10712,6130,0.6360289751810949,True,0.747417171357321,0.6739516110364556,0.7262355993680432,16842,0.6360289751810949,0.229391819084083,0.8362439190942573,0.9003576905430534,0.747417171357321,0.7345634171146302,0.9439880507841673,0.8262112917722036,0.4924525302993718,0.1653346520438466,0.08463003634488683,sv_complexity_high,0.25,16842,107441,38756
fold_e,314159,1hop,C+T,complexity,low,2102,1066,0.663510101010101,True,0.8405934343434344,0.781858339149885,0.8422835621424696,3168,0.663510101010101,0.229391819084083,0.911272521658101,0.9469300117562729,0.8405934343434344,0.8265848670756646,0.961465271170314,0.8889377611612052,0.3727312093823207,0.11733340450662723,0.07894190093424196,sv_complexity_low,0.25,3168,107441,38756
fold_e,314159,1hop,C+T,complexity,medium,4978,2720,0.6466614705118212,True,0.8143673681475708,0.7571609936662491,0.8140981698577232,7698,0.6466614705118212,0.229391819084083,0.8951196293101411,0.9343137207083667,0.8143673681475708,0.7991906929691451,0.9521896343913219,0.8690072417270144,0.4050704469539898,0.12954935245548302,0.07397895280570274,sv_complexity_medium,0.25,7698,107441,38756
fold_e,314159,1hop,C+S,complexity,high,10712,6130,0.6360289751810949,True,0.6881605510034438,0.5957585035215343,0.62908419652605,16842,0.6360289751810949,0.2332431453983942,0.7768204188073444,0.8649973948880588,0.6881605510034438,0.6872427983539094,0.9353995519044063,0.7923454056618694,0.5670536971241651,0.1944159139474194,0.11026426693136501,sv_complexity_high,0.25,16842,107441,38756
fold_e,314159,1hop,C+S,complexity,low,2102,1066,0.663510101010101,True,0.7698863636363636,0.6767926731086091,0.729038849750979,3168,0.663510101010101,0.2332431453983942,0.8493681975354483,0.9088243099225201,0.7698863636363636,0.7572124391157737,0.961465271170314,0.8472018444770488,0.4755721311714208,0.15430170533853577,0.09432080268101312,sv_complexity_low,0.25,3168,107441,38756
fold_e,314159,1hop,C+S,complexity,medium,4978,2720,0.6466614705118212,True,0.7474668745128605,0.6650767051497176,0.7024687913503436,7698,0.6466614705118212,0.2332431453983942,0.8330772309928391,0.8948707602588899,0.7474668745128605,0.737625313283208,0.9459622338288469,0.8289033620841401,0.5018151414469693,0.1654992679443078,0.09306737558076265,sv_complexity_medium,0.25,7698,107441,38756
fold_e,314159,1hop,C+S+T,complexity,high,10712,6130,0.6360289751810949,True,0.750029687685548,0.6936594412572018,0.7245212695355314,16842,0.6360289751810949,0.292267625691999,0.833608304083664,0.8997337241570365,0.750029687685548,0.7540240662603532,0.9008588498879762,0.8209272649936198,0.49731673381904135,0.16717101403300205,0.0881416064715914,sv_complexity_high,0.25,16842,107441,38756
fold_e,314159,1hop,C+S+T,complexity,low,2102,1066,0.663510101010101,True,0.8399621212121212,0.7890113587881102,0.848800842953843,3168,0.663510101010101,0.292267625691999,0.9125654027344636,0.9491230109181807,0.8399621212121212,0.835506941522928,0.9448144624167459,0.8868050904219692,0.3772270683938042,0.11818770067396178,0.08503382979397571,sv_complexity_low,0.25,3168,107441,38756
fold_e,314159,1hop,C+S+T,complexity,medium,4978,2720,0.6466614705118212,True,0.8164458300857366,0.7692741444709663,0.8161994271768003,7698,0.6466614705118212,0.292267625691999,0.89512029399948,0.9350561758795657,0.8164458300857366,0.8129938542581212,0.9300924065889916,0.8676098566476155,0.4063251927737414,0.12950577733968796,0.07467877180271329,sv_complexity_medium,0.25,7698,107441,38756
fold_e,314159,1hop,T,complexity,high,10712,6130,0.6360289751810949,True,0.7490203063769149,0.6779332565389915,0.7252385977496943,16842,0.6360289751810949,0.2296132590924676,0.835256697067642,0.8999948108422768,0.7490203063769149,0.7377722372955928,0.9392270351008215,0.8263994414555013,0.4954760973138702,0.16643226616131884,0.08611607159353726,sv_complexity_high,0.25,16842,107441,38756
fold_e,314159,1hop,T,complexity,low,2102,1066,0.663510101010101,True,0.8390151515151515,0.7790507744790542,0.8457469141880968,3168,0.663510101010101,0.2296132590924676,0.9115795641781346,0.9480953947362725,0.8390151515151515,0.8243683781581093,0.9624167459562322,0.8880597014925373,0.3727924894610488,0.11737620879234051,0.07861106113242104,sv_complexity_low,0.25,3168,107441,38756
fold_e,314159,1hop,T,complexity,medium,4978,2720,0.6466614705118212,True,0.813328137178488,0.7559405501855222,0.8142321615510436,7698,0.6466614705118212,0.2296132590924676,0.894361144920001,0.9343610651362482,0.813328137178488,0.7984156413281644,0.9515869827239856,0.8682980478416277,0.40704729772631715,0.1300565310837549,0.07497883084311562,sv_complexity_medium,0.25,7698,107441,38756
fold_e,314159,1hop,S,complexity,high,10712,6130,0.6360289751810949,True,0.6824605153782212,0.5810898298869284,0.6257878661677756,16842,0.6360289751810949,0.2087839690352355,0.7746489658957587,0.863797626149416,0.6824605153782212,0.6779930979559331,0.9536967886482449,0.7925523661753298,0.569205310425976,0.1952705586955764,0.11005657919878849,sv_complexity_high,0.25,16842,107441,38756
fold_e,314159,1hop,S,complexity,low,2102,1066,0.663510101010101,True,0.7629419191919192,0.6625437580219321,0.7261538334441672,3168,0.663510101010101,0.2087839690352355,0.8480463080814662,0.9078535310768567,0.7629419191919192,0.7478899082568807,0.9695528068506185,0.8444168220426767,0.4790470107224236,0.15528189283041582,0.09391771884271803,sv_complexity_low,0.25,3168,107441,38756
fold_e,314159,1hop,S,complexity,medium,4978,2720,0.6466614705118212,True,0.7411015848272279,0.6504827860232081,0.6940852661370484,7698,0.6466614705118212,0.2087839690352355,0.8299825482121334,0.8919085377880971,0.7411015848272279,0.7272727272727273,0.9594214543993572,0.827371156344738,0.5056803062702255,0.16675548039908053,0.09322252791071534,sv_complexity_medium,0.25,7698,107441,38756
fold_e,314159,1hop,K,complexity,high,10712,6130,0.6360289751810949,True,0.6470727942049638,0.5343953724809851,0.42108609273972614,16842,0.6360289751810949,0.3022449455518995,0.6811445245350003,0.7892921118925615,0.6470727942049638,0.6532724701041532,0.948562359970127,0.7736998400974644,0.6507159810479192,0.2285021735482565,0.13519624139986872,sv_complexity_high,0.25,16842,107441,38756
fold_e,314159,1hop,K,complexity,low,2102,1066,0.663510101010101,True,0.6941287878787878,0.5586741297040432,0.45871660293197064,3168,0.663510101010101,0.3022449455518995,0.7017467952436971,0.8178636043956694,0.6941287878787878,0.6915793033479878,0.972882968601332,0.80846016999407,0.6080901575995337,0.21110296188383273,0.12140144161991741,sv_complexity_low,0.25,3168,107441,38756
fold_e,314159,1hop,K,complexity,medium,4978,2720,0.6466614705118212,True,0.679786957651338,0.5614667773497506,0.46159607541035846,7698,0.6466614705118212,0.3022449455518995,0.7095724865880462,0.8097611490148318,0.679786957651338,0.6771464824474834,0.9648453194053837,0.7957915665644935,0.6129968737252708,0.21283352770649222,0.11249067753677847,sv_complexity_medium,0.25,7698,107441,38756
fold_e,314159,strict,C,complexity,high,10712,6130,0.6360289751810949,True,0.6922574516090726,0.6164239126859299,0.5981361224641807,16842,0.6360289751810949,0.286786811681311,0.7648946174313815,0.8537331926555889,0.6922574516090726,0.7025423107919995,0.8951643017176998,0.787241903041747,0.583432493216295,0.20088734367118402,0.11607235433721759,sv_complexity_high,0.25,16842,107441,38756
fold_e,314159,strict,C,complexity,low,2102,1066,0.663510101010101,True,0.7629419191919192,0.6722530851525305,0.6563241121131812,3168,0.663510101010101,0.286786811681311,0.813778488458236,0.8843565351997005,0.7629419191919192,0.7557743279060962,0.9495718363463368,0.8416613957410921,0.518381007213652,0.1713437354097144,0.1023913531742823,sv_complexity_low,0.25,3168,107441,38756
fold_e,314159,strict,C,complexity,medium,4978,2720,0.6466614705118212,True,0.732138217718888,0.6583942139531587,0.6425723256215474,7698,0.6466614705118212,0.286786811681311,0.8001488534847446,0.873707031136738,0.732138217718888,0.7373819602735265,0.9098031337886702,0.814568345323741,0.5420680911380461,0.18194098424707908,0.10006737615418035,sv_complexity_medium,0.25,7698,107441,38756
fold_e,314159,strict,C+T,complexity,high,10712,6130,0.6360289751810949,True,0.7463484146775917,0.6829153656096988,0.7105170963205969,16842,0.6360289751810949,0.269002461307513,0.8268764535999328,0.8946366108802553,0.7463484146775917,0.7441983922341878,0.916075429424944,0.8212402711523977,0.5110407356728018,0.17162017240229363,0.09644089760731628,sv_complexity_high,0.25,16842,107441,38756
fold_e,314159,strict,C+T,complexity,low,2102,1066,0.663510101010101,True,0.82260101010101,0.7590528452309335,0.81977295057786,3168,0.663510101010101,0.269002461307513,0.8964429927363022,0.9393554183446966,0.82260101010101,0.8119935170178282,0.9533777354900095,0.8770240700218819,0.40148753006346816,0.12792856276288667,0.08330916340241432,sv_complexity_low,0.25,3168,107441,38756
fold_e,314159,strict,C+T,complexity,medium,4978,2720,0.6466614705118212,True,0.7918939984411536,0.7346148789969986,0.7804336354448835,7698,0.6466614705118212,0.269002461307513,0.8725389138680785,0.9224187436230298,0.7918939984411536,0.786977218633118,0.9298915226998795,0.8524861878453038,0.44638972919773884,0.1441096786629961,0.08240413273376328,sv_complexity_medium,0.25,7698,107441,38756
fold_e,314159,strict,C+S,complexity,high,10712,6130,0.6360289751810949,True,0.6881605510034438,0.5957585035215343,0.62908419652605,16842,0.6360289751810949,0.2332431453983942,0.7768204188073444,0.8649973948880588,0.6881605510034438,0.6872427983539094,0.9353995519044063,0.7923454056618694,0.5670536971241651,0.1944159139474194,0.11026426693136501,sv_complexity_high,0.25,16842,107441,38756
fold_e,314159,strict,C+S,complexity,low,2102,1066,0.663510101010101,True,0.7698863636363636,0.6767926731086091,0.729038849750979,3168,0.663510101010101,0.2332431453983942,0.8493681975354483,0.9088243099225201,0.7698863636363636,0.7572124391157737,0.961465271170314,0.8472018444770488,0.4755721311714208,0.15430170533853577,0.09432080268101312,sv_complexity_low,0.25,3168,107441,38756
fold_e,314159,strict,C+S,complexity,medium,4978,2720,0.6466614705118212,True,0.7474668745128605,0.6650767051497176,0.7024687913503436,7698,0.6466614705118212,0.2332431453983942,0.8330772309928391,0.8948707602588899,0.7474668745128605,0.737625313283208,0.9459622338288469,0.8289033620841401,0.5018151414469693,0.1654992679443078,0.09306737558076265,sv_complexity_medium,0.25,7698,107441,38756
fold_e,314159,strict,C+S+T,complexity,high,10712,6130,0.6360289751810949,True,0.7398171238570241,0.6732104197454456,0.7081490554032224,16842,0.6360289751810949,0.2553181484131962,0.8229059785065186,0.8937747126007454,0.7398171238570241,0.7372919478182636,0.9180358476474981,0.8177962577962578,0.5148746452918734,0.17366715397860008,0.09705245144256765,sv_complexity_high,0.25,16842,107441,38756
fold_e,314159,strict,C+S+T,complexity,low,2102,1066,0.663510101010101,True,0.8153409090909091,0.749883073924057,0.8345398086055739,3168,0.663510101010101,0.2553181484131962,0.9009629442521463,0.9443243169108402,0.8153409090909091,0.8062171982236577,0.9500475737392959,0.8722428477833588,0.39940509763818977,0.12644163693594984,0.08442605426548082,sv_complexity_low,0.25,3168,107441,38756
fold_e,314159,strict,C+S+T,complexity,medium,4978,2720,0.6466614705118212,True,0.7941023642504547,0.7353218130361827,0.7829891901070922,7698,0.6466614705118212,0.2553181484131962,0.8749147351286838,0.9233217195494012,0.7941023642504547,0.786425797737633,0.9357171554841301,0.8546004953673975,0.44291105514791845,0.14282429676379232,0.08328509035842051,sv_complexity_medium,0.25,7698,107441,38756
fold_e,314159,strict,T,complexity,high,10712,6130,0.6360289751810949,True,0.7447452796579979,0.6801199612089078,0.7057593480758951,16842,0.6360289751810949,0.2723388824855599,0.8260143371096982,0.8929049283758008,0.7447452796579979,0.7420548048614781,0.9176624346527259,0.8205684711381944,0.5127046920775873,0.17179740000647248,0.09614656293637587,sv_complexity_high,0.25,16842,107441,38756
fold_e,314159,strict,T,complexity,low,2102,1066,0.663510101010101,True,0.82260101010101,0.7583593218644622,0.8149058036465077,3168,0.663510101010101,0.2723388824855599,0.8934441959145494,0.9377176725653968,0.82260101010101,0.8112368633791431,0.9548049476688868,0.8771853146853147,0.40649419027400047,0.1294818497538715,0.0844394106280906,sv_complexity_low,0.25,3168,107441,38756
fold_e,314159,strict,T,complexity,medium,4978,2720,0.6466614705118212,True,0.7903351519875292,0.7322422334743459,0.773919345921231,7698,0.6466614705118212,0.2723388824855599,0.8712293650887434,0.9201169941420821,0.7903351519875292,0.7851814174296372,0.9302932904781036,0.8515998528870908,0.44948521069906333,0.14462728361213723,0.08273239734442926,sv_complexity_medium,0.25,7698,107441,38756
fold_e,314159,strict,S,complexity,high,10712,6130,0.6360289751810949,True,0.6824605153782212,0.5810898298869284,0.6257878661677756,16842,0.6360289751810949,0.2087839690352355,0.7746489658957587,0.863797626149416,0.6824605153782212,0.6779930979559331,0.9536967886482449,0.7925523661753298,0.569205310425976,0.1952705586955764,0.11005657919878849,sv_complexity_high,0.25,16842,107441,38756
fold_e,314159,strict,S,complexity,low,2102,1066,0.663510101010101,True,0.7629419191919192,0.6625437580219321,0.7261538334441672,3168,0.663510101010101,0.2087839690352355,0.8480463080814662,0.9078535310768567,0.7629419191919192,0.7478899082568807,0.9695528068506185,0.8444168220426767,0.4790470107224236,0.15528189283041582,0.09391771884271803,sv_complexity_low,0.25,3168,107441,38756
fold_e,314159,strict,S,complexity,medium,4978,2720,0.6466614705118212,True,0.7411015848272279,0.6504827860232081,0.6940852661370484,7698,0.6466614705118212,0.2087839690352355,0.8299825482121334,0.8919085377880971,0.7411015848272279,0.7272727272727273,0.9594214543993572,0.827371156344738,0.5056803062702255,0.16675548039908053,0.09322252791071534,sv_complexity_medium,0.25,7698,107441,38756
fold_e,314159,strict,K,complexity,high,10712,6130,0.6360289751810949,True,0.6470727942049638,0.5343953724809851,0.42108609273972614,16842,0.6360289751810949,0.3022449455518995,0.6811445245350003,0.7892921118925615,0.6470727942049638,0.6532724701041532,0.948562359970127,0.7736998400974644,0.6507159810479192,0.2285021735482565,0.13519624139986872,sv_complexity_high,0.25,16842,107441,38756
fold_e,314159,strict,K,complexity,low,2102,1066,0.663510101010101,True,0.6941287878787878,0.5586741297040432,0.45871660293197064,3168,0.663510101010101,0.3022449455518995,0.7017467952436971,0.8178636043956694,0.6941287878787878,0.6915793033479878,0.972882968601332,0.80846016999407,0.6080901575995337,0.21110296188383273,0.12140144161991741,sv_complexity_low,0.25,3168,107441,38756
fold_e,314159,strict,K,complexity,medium,4978,2720,0.6466614705118212,True,0.679786957651338,0.5614667773497506,0.46159607541035846,7698,0.6466614705118212,0.3022449455518995,0.7095724865880462,0.8097611490148318,0.679786957651338,0.6771464824474834,0.9648453194053837,0.7957915665644935,0.6129968737252708,0.21283352770649222,0.11249067753677847,sv_complexity_medium,0.25,7698,107441,38756
fold_e,42,1hop,C,complexity,high,10712,6130,0.6360289751810949,True,0.6922574516090726,0.6164239126859299,0.5981361224641807,16842,0.6360289751810949,0.286786811681311,0.7648946174313815,0.8537331926555889,0.6922574516090726,0.7025423107919995,0.8951643017176998,0.787241903041747,0.583432493216295,0.20088734367118402,0.11607235433721759,sv_complexity_high,0.25,16842,107441,38756
fold_e,42,1hop,C,complexity,low,2102,1066,0.663510101010101,True,0.7629419191919192,0.6722530851525305,0.6563241121131812,3168,0.663510101010101,0.286786811681311,0.813778488458236,0.8843565351997005,0.7629419191919192,0.7557743279060962,0.9495718363463368,0.8416613957410921,0.518381007213652,0.1713437354097144,0.1023913531742823,sv_complexity_low,0.25,3168,107441,38756
fold_e,42,1hop,C,complexity,medium,4978,2720,0.6466614705118212,True,0.732138217718888,0.6583942139531587,0.6425723256215474,7698,0.6466614705118212,0.286786811681311,0.8001488534847446,0.873707031136738,0.732138217718888,0.7373819602735265,0.9098031337886702,0.814568345323741,0.5420680911380461,0.18194098424707908,0.10006737615418035,sv_complexity_medium,0.25,7698,107441,38756
fold_e,42,1hop,C+T,complexity,high,10712,6130,0.6360289751810949,True,0.7515734473340459,0.6885929335397968,0.7227633428600903,16842,0.6360289751810949,0.2426686670051031,0.8358433224862849,0.8990938897834196,0.7515734473340459,0.7475728155339806,0.9200896191187453,0.8249079343823233,0.501095720069554,0.16788780146485713,0.09485900909984042,sv_complexity_high,0.25,16842,107441,38756
fold_e,42,1hop,C+T,complexity,low,2102,1066,0.663510101010101,True,0.8465909090909091,0.791001333492805,0.8540778400160628,3168,0.663510101010101,0.2426686670051031,0.9169572711060493,0.9508986671266171,0.8465909090909091,0.8333333333333334,0.9609895337773549,0.8926204153778171,0.3546635279794049,0.1110026287594321,0.06895132746759623,sv_complexity_low,0.25,3168,107441,38756
fold_e,42,1hop,C+T,complexity,medium,4978,2720,0.6466614705118212,True,0.8167056378280073,0.7631380279110439,0.825222540771617,7698,0.6466614705118212,0.2426686670051031,0.8995213498215678,0.938244389568563,0.8167056378280073,0.8049239186185673,0.9457613499397348,0.8696776577075829,0.40034671456346743,0.12768989202111178,0.07803752929135602,sv_complexity_medium,0.25,7698,107441,38756
fold_e,42,1hop,C+S,complexity,high,10712,6130,0.6360289751810949,True,0.6881605510034438,0.5957585035215343,0.62908419652605,16842,0.6360289751810949,0.2332431453983942,0.7768204188073444,0.8649973948880588,0.6881605510034438,0.6872427983539094,0.9353995519044063,0.7923454056618694,0.5670536971241651,0.1944159139474194,0.11026426693136501,sv_complexity_high,0.25,16842,107441,38756
fold_e,42,1hop,C+S,complexity,low,2102,1066,0.663510101010101,True,0.7698863636363636,0.6767926731086091,0.729038849750979,3168,0.663510101010101,0.2332431453983942,0.8493681975354483,0.9088243099225201,0.7698863636363636,0.7572124391157737,0.961465271170314,0.8472018444770488,0.4755721311714208,0.15430170533853577,0.09432080268101312,sv_complexity_low,0.25,3168,107441,38756
fold_e,42,1hop,C+S,complexity,medium,4978,2720,0.6466614705118212,True,0.7474668745128605,0.6650767051497176,0.7024687913503436,7698,0.6466614705118212,0.2332431453983942,0.8330772309928391,0.8948707602588899,0.7474668745128605,0.737625313283208,0.9459622338288469,0.8289033620841401,0.5018151414469693,0.1654992679443078,0.09306737558076265,sv_complexity_medium,0.25,7698,107441,38756
fold_e,42,1hop,C+S+T,complexity,high,10712,6130,0.6360289751810949,True,0.7515140719629497,0.6940936785383165,0.7235164006309235,16842,0.6360289751810949,0.2662599714624803,0.8345050587409708,0.8993679809920176,0.7515140719629497,0.7536727555382822,0.9051530993278566,0.8224965008270773,0.5039138179241346,0.1689789492391017,0.09695287603965069,sv_complexity_high,0.25,16842,107441,38756
fold_e,42,1hop,C+S+T,complexity,low,2102,1066,0.663510101010101,True,0.8450126262626263,0.7935107812982543,0.86471008345836,3168,0.663510101010101,0.2662599714624803,0.9190864860233174,0.9544763096485517,0.8450126262626263,0.8374528697109342,0.9509990485252141,0.890621519269325,0.3589195768622621,0.11196270718440501,0.07301299611444059,sv_complexity_low,0.25,3168,107441,38756
fold_e,42,1hop,C+S+T,complexity,medium,4978,2720,0.6466614705118212,True,0.8180046765393608,0.7690619608630918,0.825842771300403,7698,0.6466614705118212,0.2662599714624803,0.898717851192305,0.9384635409115479,0.8180046765393608,0.8115310921442257,0.9359180393732422,0.8692975090959978,0.40297201785487224,0.12843034203482198,0.07891557377040316,sv_complexity_medium,0.25,7698,107441,38756
fold_e,42,1hop,T,complexity,high,10712,6130,0.6360289751810949,True,0.7518109488184301,0.6871049467170723,0.7198370045698014,16842,0.6360289751810949,0.2353102619748218,0.8341446207817428,0.8980287874369364,0.7518109488184301,0.7458596808190304,0.9249439880507841,0.8258043007167861,0.5024145200553524,0.16846422740027,0.09316367099805783,sv_complexity_high,0.25,16842,107441,38756
fold_e,42,1hop,T,complexity,low,2102,1066,0.663510101010101,True,0.8488005050505051,0.7922040654571809,0.8532108536377627,3168,0.663510101010101,0.2353102619748218,0.9167680472274239,0.9506069349677573,0.8488005050505051,0.833264887063655,0.9652711703139867,0.8944236279479832,0.3560774074146056,0.11110594594473464,0.06867285986558486,sv_complexity_low,0.25,3168,107441,38756
fold_e,42,1hop,T,complexity,medium,4978,2720,0.6466614705118212,True,0.815536502987789,0.7616503793160494,0.8243002266085048,7698,0.6466614705118212,0.2353102619748218,0.8986414488455085,0.9379185004384428,0.815536502987789,0.8038947728049197,0.9453595821615106,0.8689069423929099,0.40348623433588643,0.128477075426447,0.07976970260099214,sv_complexity_medium,0.25,7698,107441,38756
fold_e,42,1hop,S,complexity,high,10712,6130,0.6360289751810949,True,0.6824605153782212,0.5810898298869284,0.6257878661677756,16842,0.6360289751810949,0.2087839690352355,0.7746489658957587,0.863797626149416,0.6824605153782212,0.6779930979559331,0.9536967886482449,0.7925523661753298,0.569205310425976,0.1952705586955764,0.11005657919878849,sv_complexity_high,0.25,16842,107441,38756
fold_e,42,1hop,S,complexity,low,2102,1066,0.663510101010101,True,0.7629419191919192,0.6625437580219321,0.7261538334441672,3168,0.663510101010101,0.2087839690352355,0.8480463080814662,0.9078535310768567,0.7629419191919192,0.7478899082568807,0.9695528068506185,0.8444168220426767,0.4790470107224236,0.15528189283041582,0.09391771884271803,sv_complexity_low,0.25,3168,107441,38756
fold_e,42,1hop,S,complexity,medium,4978,2720,0.6466614705118212,True,0.7411015848272279,0.6504827860232081,0.6940852661370484,7698,0.6466614705118212,0.2087839690352355,0.8299825482121334,0.8919085377880971,0.7411015848272279,0.7272727272727273,0.9594214543993572,0.827371156344738,0.5056803062702255,0.16675548039908053,0.09322252791071534,sv_complexity_medium,0.25,7698,107441,38756
fold_e,42,1hop,K,complexity,high,10712,6130,0.6360289751810949,True,0.6470727942049638,0.5343953724809851,0.42108609273972614,16842,0.6360289751810949,0.3022449455518995,0.6811445245350003,0.7892921118925615,0.6470727942049638,0.6532724701041532,0.948562359970127,0.7736998400974644,0.6507159810479192,0.2285021735482565,0.13519624139986872,sv_complexity_high,0.25,16842,107441,38756
fold_e,42,1hop,K,complexity,low,2102,1066,0.663510101010101,True,0.6941287878787878,0.5586741297040432,0.45871660293197064,3168,0.663510101010101,0.3022449455518995,0.7017467952436971,0.8178636043956694,0.6941287878787878,0.6915793033479878,0.972882968601332,0.80846016999407,0.6080901575995337,0.21110296188383273,0.12140144161991741,sv_complexity_low,0.25,3168,107441,38756
fold_e,42,1hop,K,complexity,medium,4978,2720,0.6466614705118212,True,0.679786957651338,0.5614667773497506,0.46159607541035846,7698,0.6466614705118212,0.3022449455518995,0.7095724865880462,0.8097611490148318,0.679786957651338,0.6771464824474834,0.9648453194053837,0.7957915665644935,0.6129968737252708,0.21283352770649222,0.11249067753677847,sv_complexity_medium,0.25,7698,107441,38756
fold_e,42,strict,C,complexity,high,10712,6130,0.6360289751810949,True,0.6922574516090726,0.6164239126859299,0.5981361224641807,16842,0.6360289751810949,0.286786811681311,0.7648946174313815,0.8537331926555889,0.6922574516090726,0.7025423107919995,0.8951643017176998,0.787241903041747,0.583432493216295,0.20088734367118402,0.11607235433721759,sv_complexity_high,0.25,16842,107441,38756
fold_e,42,strict,C,complexity,low,2102,1066,0.663510101010101,True,0.7629419191919192,0.6722530851525305,0.6563241121131812,3168,0.663510101010101,0.286786811681311,0.813778488458236,0.8843565351997005,0.7629419191919192,0.7557743279060962,0.9495718363463368,0.8416613957410921,0.518381007213652,0.1713437354097144,0.1023913531742823,sv_complexity_low,0.25,3168,107441,38756
fold_e,42,strict,C,complexity,medium,4978,2720,0.6466614705118212,True,0.732138217718888,0.6583942139531587,0.6425723256215474,7698,0.6466614705118212,0.286786811681311,0.8001488534847446,0.873707031136738,0.732138217718888,0.7373819602735265,0.9098031337886702,0.814568345323741,0.5420680911380461,0.18194098424707908,0.10006737615418035,sv_complexity_medium,0.25,7698,107441,38756
fold_e,42,strict,C+T,complexity,high,10712,6130,0.6360289751810949,True,0.7481890511815699,0.6896655364781246,0.7090670037864534,16842,0.6360289751810949,0.2884496001300641,0.8259041711388915,0.8941088192145208,0.7481890511815699,0.7505614497018509,0.9047796863330844,0.8204867724867725,0.5122871408196711,0.17209278640789782,0.09667112558226193,sv_complexity_high,0.25,16842,107441,38756
fold_e,42,strict,C+T,complexity,low,2102,1066,0.663510101010101,True,0.8282828282828283,0.7721191110762019,0.8252586753227754,3168,0.663510101010101,0.2884496001300641,0.8971204499243997,0.9412013093099996,0.8282828282828283,0.8232365145228215,0.9438629876308278,0.8794326241134752,0.4023205777044221,0.12808438589611948,0.08719089000106368,sv_complexity_low,0.25,3168,107441,38756
fold_e,42,strict,C+T,complexity,medium,4978,2720,0.6466614705118212,True,0.8011171732917641,0.7496675076217711,0.7864214881870919,7698,0.6466614705118212,0.2884496001300641,0.8748853041618415,0.9245344827057534,0.8011171732917641,0.7990629880270692,0.9250703093611893,0.8574620612605902,0.44318939281950065,0.14306782013235578,0.08229866948157297,sv_complexity_medium,0.25,7698,107441,38756
fold_e,42,strict,C+S,complexity,high,10712,6130,0.6360289751810949,True,0.6881605510034438,0.5957585035215343,0.62908419652605,16842,0.6360289751810949,0.2332431453983942,0.7768204188073444,0.8649973948880588,0.6881605510034438,0.6872427983539094,0.9353995519044063,0.7923454056618694,0.5670536971241651,0.1944159139474194,0.11026426693136501,sv_complexity_high,0.25,16842,107441,38756
fold_e,42,strict,C+S,complexity,low,2102,1066,0.663510101010101,True,0.7698863636363636,0.6767926731086091,0.729038849750979,3168,0.663510101010101,0.2332431453983942,0.8493681975354483,0.9088243099225201,0.7698863636363636,0.7572124391157737,0.961465271170314,0.8472018444770488,0.4755721311714208,0.15430170533853577,0.09432080268101312,sv_complexity_low,0.25,3168,107441,38756
fold_e,42,strict,C+S,complexity,medium,4978,2720,0.6466614705118212,True,0.7474668745128605,0.6650767051497176,0.7024687913503436,7698,0.6466614705118212,0.2332431453983942,0.8330772309928391,0.8948707602588899,0.7474668745128605,0.737625313283208,0.9459622338288469,0.8289033620841401,0.5018151414469693,0.1654992679443078,0.09306737558076265,sv_complexity_medium,0.25,7698,107441,38756
fold_e,42,strict,C+S+T,complexity,high,10712,6130,0.6360289751810949,True,0.7353639710248189,0.6632551257481966,0.7055662898432294,16842,0.6360289751810949,0.2355907404067743,0.8212935486052141,0.8928346607730078,0.7353639710248189,0.7294065869581163,0.9283047050037341,0.816923392893818,0.5170222692051835,0.17459931244044832,0.09801729286064431,sv_complexity_high,0.25,16842,107441,38756
fold_e,42,strict,C+S+T,complexity,low,2102,1066,0.663510101010101,True,0.8150252525252525,0.7466399373062017,0.8316816585733958,3168,0.663510101010101,0.2355907404067743,0.8984338600064622,0.9433625782952146,0.8150252525252525,0.8029576338928857,0.955756422454805,0.8727193744569939,0.4038816225422055,0.128068948241856,0.08672917820199225,sv_complexity_low,0.25,3168,107441,38756
fold_e,42,strict,C+S+T,complexity,medium,4978,2720,0.6466614705118212,True,0.7951415952195375,0.7319562693498451,0.7861898164200251,7698,0.6466614705118212,0.2355907404067743,0.8763624654361545,0.9244526241442541,0.7951415952195375,0.7819598739844139,0.9473684210526315,0.8567535652647834,0.44037504402781863,0.1420406261994143,0.08370594638841627,sv_complexity_medium,0.25,7698,107441,38756
fold_e,42,strict,T,complexity,high,10712,6130,0.6360289751810949,True,0.746585916161976,0.6833114087720986,0.7045802318612229,16842,0.6360289751810949,0.271431897606418,0.824252481094825,0.892475764238766,0.746585916161976,0.7444984064349673,0.9158887229275579,0.8213478442863122,0.5147801614373266,0.1729180571409651,0.09693748582589927,sv_complexity_high,0.25,16842,107441,38756
fold_e,42,strict,T,complexity,low,2102,1066,0.663510101010101,True,0.8244949494949495,0.76533472097511,0.8213311909039404,3168,0.663510101010101,0.271431897606418,0.8952188392007612,0.9398797504746214,0.8244949494949495,0.8178453947368421,0.9462416745956232,0.8773709748566387,0.4070681595891772,0.12986973459295628,0.09039553159100899,sv_complexity_low,0.25,3168,107441,38756
fold_e,42,strict,T,complexity,medium,4978,2720,0.6466614705118212,True,0.7995583268381398,0.7448767961383027,0.7817302350781049,7698,0.6466614705118212,0.271431897606418,0.8736217297284522,0.9228768822307671,0.7995583268381398,0.7942436182970705,0.9312977099236641,0.8573277854831253,0.44477352299078354,0.14360366759722717,0.08296613190479601,sv_complexity_medium,0.25,7698,107441,38756
fold_e,42,strict,S,complexity,high,10712,6130,0.6360289751810949,True,0.6824605153782212,0.5810898298869284,0.6257878661677756,16842,0.6360289751810949,0.2087839690352355,0.7746489658957587,0.863797626149416,0.6824605153782212,0.6779930979559331,0.9536967886482449,0.7925523661753298,0.569205310425976,0.1952705586955764,0.11005657919878849,sv_complexity_high,0.25,16842,107441,38756
fold_e,42,strict,S,complexity,low,2102,1066,0.663510101010101,True,0.7629419191919192,0.6625437580219321,0.7261538334441672,3168,0.663510101010101,0.2087839690352355,0.8480463080814662,0.9078535310768567,0.7629419191919192,0.7478899082568807,0.9695528068506185,0.8444168220426767,0.4790470107224236,0.15528189283041582,0.09391771884271803,sv_complexity_low,0.25,3168,107441,38756
fold_e,42,strict,S,complexity,medium,4978,2720,0.6466614705118212,True,0.7411015848272279,0.6504827860232081,0.6940852661370484,7698,0.6466614705118212,0.2087839690352355,0.8299825482121334,0.8919085377880971,0.7411015848272279,0.7272727272727273,0.9594214543993572,0.827371156344738,0.5056803062702255,0.16675548039908053,0.09322252791071534,sv_complexity_medium,0.25,7698,107441,38756
fold_e,42,strict,K,complexity,high,10712,6130,0.6360289751810949,True,0.6470727942049638,0.5343953724809851,0.42108609273972614,16842,0.6360289751810949,0.3022449455518995,0.6811445245350003,0.7892921118925615,0.6470727942049638,0.6532724701041532,0.948562359970127,0.7736998400974644,0.6507159810479192,0.2285021735482565,0.13519624139986872,sv_complexity_high,0.25,16842,107441,38756
fold_e,42,strict,K,complexity,low,2102,1066,0.663510101010101,True,0.6941287878787878,0.5586741297040432,0.45871660293197064,3168,0.663510101010101,0.3022449455518995,0.7017467952436971,0.8178636043956694,0.6941287878787878,0.6915793033479878,0.972882968601332,0.80846016999407,0.6080901575995337,0.21110296188383273,0.12140144161991741,sv_complexity_low,0.25,3168,107441,38756
fold_e,42,strict,K,complexity,medium,4978,2720,0.6466614705118212,True,0.679786957651338,0.5614667773497506,0.46159607541035846,7698,0.6466614705118212,0.3022449455518995,0.7095724865880462,0.8097611490148318,0.679786957651338,0.6771464824474834,0.9648453194053837,0.7957915665644935,0.6129968737252708,0.21283352770649222,0.11249067753677847,sv_complexity_medium,0.25,7698,107441,38756
fold_a,20260806,1hop,C,complexity,high,14004,7742,0.643980502161317,True,0.7079922744412765,0.631311321834386,0.6111380176982224,21746,0.643980502161317,0.3046057885212088,0.7725775069174243,0.8615575523323663,0.7079922744412765,0.7188608029280568,0.8976006855184233,0.7983486821213084,0.573796168442959,0.19690319784582272,0.11712417237961557,sv_complexity_high,0.5,21746,91932,43217
fold_a,20260806,1hop,C,complexity,low,5267,2539,0.6747373815014092,True,0.7585190878811171,0.6631639269619117,0.6437871986452524,7806,0.6747373815014092,0.3046057885212088,0.8022676510345952,0.8841372914886364,0.7585190878811171,0.7610373572090151,0.9360167078033036,0.8395061728395061,0.5300437922268557,0.17644520246103407,0.10736785718964496,sv_complexity_low,0.5,7806,91932,43217
fold_a,20260806,1hop,C,complexity,medium,6022,3182,0.6542807475010864,True,0.7384832681442851,0.656904517919942,0.640888766627558,9204,0.6542807475010864,0.3046057885212088,0.802132386570841,0.8758483328345165,0.7384832681442851,0.7416120839459965,0.9212886084357357,0.8217433163000815,0.5372825194658055,0.17968396383088184,0.09984727334710758,sv_complexity_medium,0.5,9204,91932,43217
fold_a,20260806,1hop,C+T,complexity,high,14004,7742,0.643980502161317,True,0.7624390692541158,0.6916341520609198,0.7363893314072572,21746,0.643980502161317,0.242263479276438,0.8460626096348749,0.9061494621426922,0.7624390692541158,0.7536739380022962,0.9375178520422737,0.8356033604887984,0.4792204229575341,0.15932136768749425,0.08555612381617547,sv_complexity_high,0.5,21746,91932,43217
fold_a,20260806,1hop,C+T,complexity,low,5267,2539,0.6747373815014092,True,0.8344862925954394,0.7659685664596787,0.8212174517378535,7806,0.6747373815014092,0.242263479276438,0.899132036527868,0.9418487202104036,0.8344862925954394,0.8226984900146128,0.9620277197645719,0.8869245580255557,0.38644281188700025,0.1218594604266344,0.0798193182862347,sv_complexity_low,0.5,7806,91932,43217
fold_a,20260806,1hop,C+T,complexity,medium,6022,3182,0.6542807475010864,True,0.8169274228596263,0.7623518396092601,0.8123459999442074,9204,0.6542807475010864,0.242263479276438,0.89489434403625,0.9351243993722803,0.8169274228596263,0.8108960573476702,0.9392228495516439,0.8703546972378241,0.4080986138200116,0.13016272123835168,0.08220071502004318,sv_complexity_medium,0.5,9204,91932,43217
fold_a,20260806,1hop,C+S,complexity,high,14004,7742,0.643980502161317,True,0.6998988319690977,0.6247963732692974,0.6247034441669114,21746,0.643980502161317,0.2842584257938669,0.7734046546172623,0.8663871086517165,0.6998988319690977,0.7158028396629343,0.8856041131105399,0.791701244813278,0.5675134997767264,0.19459588323520613,0.1086416260182006,sv_complexity_high,0.5,21746,91932,43217
fold_a,20260806,1hop,C+S,complexity,low,5267,2539,0.6747373815014092,True,0.7800409941070972,0.6923719237536354,0.7122750701902795,7806,0.6747373815014092,0.2842584257938669,0.8372327330627217,0.906413835922767,0.7800409941070972,0.777951769495772,0.9432314410480349,0.8526559684201493,0.4901343057984297,0.16058711938669815,0.10663465425335675,sv_complexity_low,0.5,7806,91932,43217
fold_a,20260806,1hop,C+S,complexity,medium,6022,3182,0.6542807475010864,True,0.762929161234246,0.6879615514118461,0.6918579965197251,9204,0.6542807475010864,0.2842584257938669,0.8270647475076197,0.8934693768932818,0.762929161234246,0.7604449267498643,0.9309199601461309,0.8370912348812901,0.506200087596552,0.1676418585245063,0.09562087247500176,sv_complexity_medium,0.5,9204,91932,43217
fold_a,20260806,1hop,C+S+T,complexity,high,14004,7742,0.643980502161317,True,0.7569667984916766,0.6870099427620451,0.7197843686874937,21746,0.643980502161317,0.2425474475418678,0.8365012199710296,0.900237771653572,0.7569667984916766,0.7516015467189935,0.9299485861182519,0.8313172257508538,0.49370616706205595,0.16482946394271733,0.08854006998745488,sv_complexity_high,0.5,21746,91932,43217
fold_a,20260806,1hop,C+S+T,complexity,low,5267,2539,0.6747373815014092,True,0.8367922111196515,0.7679833107416463,0.8315482768386322,7806,0.6747373815014092,0.2425474475418678,0.901747996117226,0.9452089514339338,0.8367922111196515,0.8235294117647058,0.964875640782229,0.8886168910648715,0.38840206716262515,0.12223587869859237,0.08506208379995898,sv_complexity_low,0.5,7806,91932,43217
fold_a,20260806,1hop,C+S+T,complexity,medium,6022,3182,0.6542807475010864,True,0.8168187744458931,0.7604161861149805,0.8169742481040013,9204,0.6542807475010864,0.2425474475418678,0.8945612369144689,0.9367244738664637,0.8168187744458931,0.8086560364464692,0.9432082364662903,0.870764985436149,0.41436744332212605,0.1311242207382801,0.08546136565620607,sv_complexity_medium,0.5,9204,91932,43217
fold_a,20260806,1hop,T,complexity,high,14004,7742,0.643980502161317,True,0.7623011128483399,0.6911516165695287,0.7381162352602227,21746,0.643980502161317,0.24433335228082,0.846089657485026,0.9067642735852407,0.7623011128483399,0.753253454107665,0.9382319337332191,0.8356281998282825,0.4783507466571214,0.15899702748901334,0.08427469978342422,sv_complexity_high,0.5,21746,91932,43217
fold_a,20260806,1hop,T,complexity,low,5267,2539,0.6747373815014092,True,0.8352549321035101,0.7681701062438677,0.818871027780478,7806,0.6747373815014092,0.24433335228082,0.8986673658910366,0.9410855162099198,0.8352549321035101,0.8245556823740421,0.9601291057528004,0.8871929824561403,0.3891297729123061,0.12277161605128087,0.08354295801062246,sv_complexity_low,0.5,7806,91932,43217
fold_a,20260806,1hop,T,complexity,medium,6022,3182,0.6542807475010864,True,0.8173620165145589,0.7637214249616063,0.8115854142061876,9204,0.6542807475010864,0.24433335228082,0.8945838337159308,0.9348614502394708,0.8173620165145589,0.8122572291756581,0.9375622716705414,0.8704231866183613,0.4080806244961248,0.13045142860519227,0.08332324636862422,sv_complexity_medium,0.5,9204,91932,43217
fold_a,20260806,1hop,S,complexity,high,14004,7742,0.643980502161317,True,0.6947024740182103,0.604965157019388,0.6227009931501182,21746,0.643980502161317,0.2507480805018489,0.7714877760135109,0.8656741970462712,0.6947024740182103,0.7011525645927787,0.9165952584975722,0.7945281792578379,0.569760277407014,0.1954379921383943,0.10949203685030844,sv_complexity_high,0.5,21746,91932,43217
fold_a,20260806,1hop,S,complexity,low,5267,2539,0.6747373815014092,True,0.7733794517038176,0.6743798826777682,0.7005802677838264,7806,0.6747373815014092,0.2507480805018489,0.8327174864593825,0.9026099538692205,0.7733794517038176,0.765402124430956,0.9576609075374977,0.8508054313907396,0.49714633535374286,0.16302175529031934,0.10934741634060088,sv_complexity_low,0.5,7806,91932,43217
fold_a,20260806,1hop,S,complexity,medium,6022,3182,0.6542807475010864,True,0.7516297262059974,0.6652465994684063,0.6835556775985073,9204,0.6542807475010864,0.2507480805018489,0.8237916817051076,0.8905991054018307,0.7516297262059974,0.7442468619246861,0.9452009299236134,0.8327724945135333,0.510674045842569,0.16913706217951033,0.0973335625750219,sv_complexity_medium,0.5,9204,91932,43217
fold_a,20260806,1hop,K,complexity,high,14004,7742,0.643980502161317,True,0.6487629908948772,0.5082760610671003,0.4057958483628711,21746,0.643980502161317,0.1621867412069788,0.6748987686361302,0.7884517363204887,0.6487629908948772,0.6478127612148231,0.9961439588688946,0.7850751308458551,0.6518004850932454,0.22980979558718712,0.14280945503923756,sv_complexity_high,0.5,21746,91932,43217
fold_a,20260806,1hop,K,complexity,low,5267,2539,0.6747373815014092,True,0.6757622341788367,0.5041253539898151,0.46465885108997423,7806,0.6747373815014092,0.1621867412069788,0.706483172364914,0.825873536115481,0.6757622341788367,0.6765616933402169,0.9952534649705714,0.8055320783711103,0.6156657669413725,0.21381671071556888,0.14299698082179227,sv_complexity_low,0.5,7806,91932,43217
fold_a,20260806,1hop,K,complexity,medium,6022,3182,0.6542807475010864,True,0.6563450673620165,0.5057274280915504,0.449684342136338,9204,0.6542807475010864,0.1621867412069788,0.7004799967686053,0.8097452821249269,0.6563450673620165,0.6568982548567666,0.9938558618399203,0.7909865856076125,0.6251825967564993,0.21774998611079996,0.1288551420329283,sv_complexity_medium,0.5,9204,91932,43217
fold_a,20260806,strict,C,complexity,high,14004,7742,0.643980502161317,True,0.7079922744412765,0.631311321834386,0.6111380176982224,21746,0.643980502161317,0.3046057885212088,0.7725775069174243,0.8615575523323663,0.7079922744412765,0.7188608029280568,0.8976006855184233,0.7983486821213084,0.573796168442959,0.19690319784582272,0.11712417237961557,sv_complexity_high,0.5,21746,91932,43217
fold_a,20260806,strict,C,complexity,low,5267,2539,0.6747373815014092,True,0.7585190878811171,0.6631639269619117,0.6437871986452524,7806,0.6747373815014092,0.3046057885212088,0.8022676510345952,0.8841372914886364,0.7585190878811171,0.7610373572090151,0.9360167078033036,0.8395061728395061,0.5300437922268557,0.17644520246103407,0.10736785718964496,sv_complexity_low,0.5,7806,91932,43217
fold_a,20260806,strict,C,complexity,medium,6022,3182,0.6542807475010864,True,0.7384832681442851,0.656904517919942,0.640888766627558,9204,0.6542807475010864,0.3046057885212088,0.802132386570841,0.8758483328345165,0.7384832681442851,0.7416120839459965,0.9212886084357357,0.8217433163000815,0.5372825194658055,0.17968396383088184,0.09984727334710758,sv_complexity_medium,0.5,9204,91932,43217
fold_a,20260806,strict,C+T,complexity,high,14004,7742,0.643980502161317,True,0.7582543916122505,0.697193087098929,0.7229019824802987,21746,0.643980502161317,0.3007941713737386,0.8360499013419865,0.9013477029505413,0.7582543916122505,0.7615886117590766,0.909240217080834,0.8288904078377762,0.4983231824952257,0.16610203371547114,0.09712984527277951,sv_complexity_high,0.5,21746,91932,43217
fold_a,20260806,strict,C+T,complexity,low,5267,2539,0.6747373815014092,True,0.8175762234178837,0.7471138861069386,0.7860802113430384,7806,0.6747373815014092,0.3007941713737386,0.8815129882322573,0.9304198893927715,0.8175762234178837,0.8123882295561697,0.948737421682172,0.8752846382904186,0.4163838333672349,0.1334686686438114,0.08179193903311732,sv_complexity_low,0.5,7806,91932,43217
fold_a,20260806,strict,C+T,complexity,medium,6022,3182,0.6542807475010864,True,0.807257714037375,0.7508864939178596,0.7994070439869861,9204,0.6542807475010864,0.3007941713737386,0.8831797029162503,0.9306511531906334,0.807257714037375,0.8036020583190394,0.9335768847558951,0.8637271470271931,0.4240818464612253,0.13647413941766362,0.07797223322262105,sv_complexity_medium,0.5,9204,91932,43217
fold_a,20260806,strict,C+S,complexity,high,14004,7742,0.643980502161317,True,0.6998988319690977,0.6247963732692974,0.6247034441669114,21746,0.643980502161317,0.2842584257938669,0.7734046546172623,0.8663871086517165,0.6998988319690977,0.7158028396629343,0.8856041131105399,0.791701244813278,0.5675134997767264,0.19459588323520613,0.1086416260182006,sv_complexity_high,0.5,21746,91932,43217
fold_a,20260806,strict,C+S,complexity,low,5267,2539,0.6747373815014092,True,0.7800409941070972,0.6923719237536354,0.7122750701902795,7806,0.6747373815014092,0.2842584257938669,0.8372327330627217,0.906413835922767,0.7800409941070972,0.777951769495772,0.9432314410480349,0.8526559684201493,0.4901343057984297,0.16058711938669815,0.10663465425335675,sv_complexity_low,0.5,7806,91932,43217
fold_a,20260806,strict,C+S,complexity,medium,6022,3182,0.6542807475010864,True,0.762929161234246,0.6879615514118461,0.6918579965197251,9204,0.6542807475010864,0.2842584257938669,0.8270647475076197,0.8934693768932818,0.762929161234246,0.7604449267498643,0.9309199601461309,0.8370912348812901,0.506200087596552,0.1676418585245063,0.09562087247500176,sv_complexity_medium,0.5,9204,91932,43217
fold_a,20260806,strict,C+S+T,complexity,high,14004,7742,0.643980502161317,True,0.7488733560194979,0.6882056099261155,0.7103553322404641,21746,0.643980502161317,0.2911897988194207,0.8260868153624189,0.8968808508325978,0.7488733560194979,0.7568087536824385,0.8988860325621251,0.8217514769722885,0.5090165520849695,0.17106615103217013,0.09682340407734405,sv_complexity_high,0.5,21746,91932,43217
fold_a,20260806,strict,C+S+T,complexity,low,5267,2539,0.6747373815014092,True,0.8201383551114527,0.7512564390421144,0.7940646718513399,7806,0.6747373815014092,0.2911897988194207,0.8844635794759151,0.9330169359250002,0.8201383551114527,0.8152440019585442,0.9483576988798177,0.8767772511848341,0.4156325918598727,0.1326001456776174,0.08480272216480923,sv_complexity_low,0.5,7806,91932,43217
fold_a,20260806,strict,C+S+T,complexity,medium,6022,3182,0.6542807475010864,True,0.8080182529335072,0.7499114915120568,0.7985578042444248,9204,0.6542807475010864,0.2911897988194207,0.8826552796878656,0.9303575546616427,0.8080182529335072,0.8019872249822569,0.9382265028229824,0.8647738578097498,0.4243236044075699,0.1369358069938558,0.08081749500142087,sv_complexity_medium,0.5,9204,91932,43217
fold_a,20260806,strict,T,complexity,high,14004,7742,0.643980502161317,True,0.7544375977191208,0.6832557380549868,0.7206708739634899,21746,0.643980502161317,0.2713634647241471,0.8353884027009001,0.9005533848167635,0.7544375977191208,0.7490227638537594,0.9304484433019138,0.8299363057324841,0.4978840891585825,0.16562858920558515,0.09372437369817382,sv_complexity_high,0.5,21746,91932,43217
fold_a,20260806,strict,T,complexity,low,5267,2539,0.6747373815014092,True,0.812580066615424,0.7364757775661892,0.7847270485433535,7806,0.6747373815014092,0.2713634647241471,0.8795450549928799,0.9299797561172911,0.812580066615424,0.8044174135723432,0.9542434023163091,0.8729483282674773,0.42271593383840494,0.13587811301246358,0.08785234548340289,sv_complexity_low,0.5,7806,91932,43217
fold_a,20260806,strict,T,complexity,medium,6022,3182,0.6542807475010864,True,0.8014993481095176,0.7383344142919498,0.7986634960176732,9204,0.6542807475010864,0.2713634647241471,0.882579609105603,0.9303940943424854,0.8014993481095176,0.7928242356554517,0.94304217867818,0.8614334470989761,0.4269883121854885,0.13737983246630803,0.08150774067876565,sv_complexity_medium,0.5,9204,91932,43217
fold_a,20260806,strict,S,complexity,high,14004,7742,0.643980502161317,True,0.6947024740182103,0.604965157019388,0.6227009931501182,21746,0.643980502161317,0.2507480805018489,0.7714877760135109,0.8656741970462712,0.6947024740182103,0.7011525645927787,0.9165952584975722,0.7945281792578379,0.569760277407014,0.1954379921383943,0.10949203685030844,sv_complexity_high,0.5,21746,91932,43217
fold_a,20260806,strict,S,complexity,low,5267,2539,0.6747373815014092,True,0.7733794517038176,0.6743798826777682,0.7005802677838264,7806,0.6747373815014092,0.2507480805018489,0.8327174864593825,0.9026099538692205,0.7733794517038176,0.765402124430956,0.9576609075374977,0.8508054313907396,0.49714633535374286,0.16302175529031934,0.10934741634060088,sv_complexity_low,0.5,7806,91932,43217
fold_a,20260806,strict,S,complexity,medium,6022,3182,0.6542807475010864,True,0.7516297262059974,0.6652465994684063,0.6835556775985073,9204,0.6542807475010864,0.2507480805018489,0.8237916817051076,0.8905991054018307,0.7516297262059974,0.7442468619246861,0.9452009299236134,0.8327724945135333,0.510674045842569,0.16913706217951033,0.0973335625750219,sv_complexity_medium,0.5,9204,91932,43217
fold_a,20260806,strict,K,complexity,high,14004,7742,0.643980502161317,True,0.6487629908948772,0.5082760610671003,0.4057958483628711,21746,0.643980502161317,0.1621867412069788,0.6748987686361302,0.7884517363204887,0.6487629908948772,0.6478127612148231,0.9961439588688946,0.7850751308458551,0.6518004850932454,0.22980979558718712,0.14280945503923756,sv_complexity_high,0.5,21746,91932,43217
fold_a,20260806,strict,K,complexity,low,5267,2539,0.6747373815014092,True,0.6757622341788367,0.5041253539898151,0.46465885108997423,7806,0.6747373815014092,0.1621867412069788,0.706483172364914,0.825873536115481,0.6757622341788367,0.6765616933402169,0.9952534649705714,0.8055320783711103,0.6156657669413725,0.21381671071556888,0.14299698082179227,sv_complexity_low,0.5,7806,91932,43217
fold_a,20260806,strict,K,complexity,medium,6022,3182,0.6542807475010864,True,0.6563450673620165,0.5057274280915504,0.449684342136338,9204,0.6542807475010864,0.1621867412069788,0.7004799967686053,0.8097452821249269,0.6563450673620165,0.6568982548567666,0.9938558618399203,0.7909865856076125,0.6251825967564993,0.21774998611079996,0.1288551420329283,sv_complexity_medium,0.5,9204,91932,43217
fold_a,314159,1hop,C,complexity,high,14004,7742,0.643980502161317,True,0.7079922744412765,0.631311321834386,0.6111380176982224,21746,0.643980502161317,0.3046057885212088,0.7725775069174243,0.8615575523323663,0.7079922744412765,0.7188608029280568,0.8976006855184233,0.7983486821213084,0.573796168442959,0.19690319784582272,0.11712417237961557,sv_complexity_high,0.5,21746,91932,43217
fold_a,314159,1hop,C,complexity,low,5267,2539,0.6747373815014092,True,0.7585190878811171,0.6631639269619117,0.6437871986452524,7806,0.6747373815014092,0.3046057885212088,0.8022676510345952,0.8841372914886364,0.7585190878811171,0.7610373572090151,0.9360167078033036,0.8395061728395061,0.5300437922268557,0.17644520246103407,0.10736785718964496,sv_complexity_low,0.5,7806,91932,43217
fold_a,314159,1hop,C,complexity,medium,6022,3182,0.6542807475010864,True,0.7384832681442851,0.656904517919942,0.640888766627558,9204,0.6542807475010864,0.3046057885212088,0.802132386570841,0.8758483328345165,0.7384832681442851,0.7416120839459965,0.9212886084357357,0.8217433163000815,0.5372825194658055,0.17968396383088184,0.09984727334710758,sv_complexity_medium,0.5,9204,91932,43217
fold_a,314159,1hop,C+T,complexity,high,14004,7742,0.643980502161317,True,0.7636806769060976,0.7058823692179029,0.7261182501445849,21746,0.643980502161317,0.2868183151095898,0.8395915371561182,0.9024927569492953,0.7636806769060976,0.7681974950081685,0.9065981148243359,0.8316792768006289,0.4913561846021373,0.1645106233744691,0.09489379058297216,sv_complexity_high,0.5,21746,91932,43217
fold_a,314159,1hop,C+T,complexity,low,5267,2539,0.6747373815014092,True,0.8416602613374328,0.7836263497713625,0.8215006779428973,7806,0.6747373815014092,0.2868183151095898,0.8996908526960432,0.9419408431074835,0.8416602613374328,0.8374351247279425,0.9496867286880577,0.8900355871886121,0.38812459548118516,0.12262732524823267,0.08433722217812818,sv_complexity_low,0.5,7806,91932,43217
fold_a,314159,1hop,C+T,complexity,medium,6022,3182,0.6542807475010864,True,0.8218166014776185,0.7743878980507466,0.8127645149769889,9204,0.6542807475010864,0.2868183151095898,0.8950123118646671,0.935269088076573,0.8218166014776185,0.8223955267804591,0.9280969777482564,0.872054922764862,0.40471265213995744,0.1293612855802951,0.08023156835488468,sv_complexity_medium,0.5,9204,91932,43217
fold_a,314159,1hop,C+S,complexity,high,14004,7742,0.643980502161317,True,0.6998988319690977,0.6247963732692974,0.6247034441669114,21746,0.643980502161317,0.2842584257938669,0.7734046546172623,0.8663871086517165,0.6998988319690977,0.7158028396629343,0.8856041131105399,0.791701244813278,0.5675134997767264,0.19459588323520613,0.1086416260182006,sv_complexity_high,0.5,21746,91932,43217
fold_a,314159,1hop,C+S,complexity,low,5267,2539,0.6747373815014092,True,0.7800409941070972,0.6923719237536354,0.7122750701902795,7806,0.6747373815014092,0.2842584257938669,0.8372327330627217,0.906413835922767,0.7800409941070972,0.777951769495772,0.9432314410480349,0.8526559684201493,0.4901343057984297,0.16058711938669815,0.10663465425335675,sv_complexity_low,0.5,7806,91932,43217
fold_a,314159,1hop,C+S,complexity,medium,6022,3182,0.6542807475010864,True,0.762929161234246,0.6879615514118461,0.6918579965197251,9204,0.6542807475010864,0.2842584257938669,0.8270647475076197,0.8934693768932818,0.762929161234246,0.7604449267498643,0.9309199601461309,0.8370912348812901,0.506200087596552,0.1676418585245063,0.09562087247500176,sv_complexity_medium,0.5,9204,91932,43217
fold_a,314159,1hop,C+S+T,complexity,high,14004,7742,0.643980502161317,True,0.7513565713234618,0.6849065838737738,0.7121937534453138,21746,0.643980502161317,0.2565015018018423,0.8306677942184433,0.8975353646267644,0.7513565713234618,0.752126224411989,0.915666952299343,0.8258783370366792,0.5044018072704907,0.16912752461586456,0.09498494461964524,sv_complexity_high,0.5,21746,91932,43217
fold_a,314159,1hop,C+S+T,complexity,low,5267,2539,0.6747373815014092,True,0.8383294901357929,0.7719784014148601,0.8279580581635246,7806,0.6747373815014092,0.2565015018018423,0.901370292321501,0.9440411875066858,0.8383294901357929,0.8268320548392362,0.9618378583633947,0.8892399508513252,0.3889408774132878,0.12266894785617434,0.08451112275773871,sv_complexity_low,0.5,7806,91932,43217
fold_a,314159,1hop,C+S+T,complexity,medium,6022,3182,0.6542807475010864,True,0.8243155149934811,0.7676272794849641,0.8170396715281408,9204,0.6542807475010864,0.2565015018018423,0.8962151088163847,0.9367470920037532,0.8243155149934811,0.8122784630653622,0.9513450680836931,0.8763288718929254,0.4054362208328735,0.12906527340890067,0.08215621232492712,sv_complexity_medium,0.5,9204,91932,43217
fold_a,314159,1hop,T,complexity,high,14004,7742,0.643980502161317,True,0.7636346914375057,0.7046048805777232,0.7246751724905294,21746,0.643980502161317,0.2886121782855917,0.8388674203207689,0.9019789931675563,0.7636346914375057,0.7667950878882736,0.9095972579263067,0.8321139273582441,0.491149521734466,0.16437732110731215,0.09363264323252864,sv_complexity_high,0.5,21746,91932,43217
fold_a,314159,1hop,T,complexity,low,5267,2539,0.6747373815014092,True,0.8416602613374328,0.7854622997996024,0.8201744031568593,7806,0.6747373815014092,0.2886121782855917,0.8987967692603698,0.9415094554977281,0.8416602613374328,0.8394812194711133,0.9462692234668691,0.8896822563370225,0.3907241353516389,0.12360887494536071,0.08683040116935747,sv_complexity_low,0.5,7806,91932,43217
fold_a,314159,1hop,T,complexity,medium,6022,3182,0.6542807475010864,True,0.8282268578878749,0.7792124978159904,0.8130259695861333,9204,0.6542807475010864,0.2886121782855917,0.8952846998675086,0.9353594779686089,0.8282268578878749,0.8238296631179817,0.9380604450348722,0.8772420218961099,0.4040480692179591,0.12895237591457015,0.08038348204578545,sv_complexity_medium,0.5,9204,91932,43217
fold_a,314159,1hop,S,complexity,high,14004,7742,0.643980502161317,True,0.6947024740182103,0.604965157019388,0.6227009931501182,21746,0.643980502161317,0.2507480805018489,0.7714877760135109,0.8656741970462712,0.6947024740182103,0.7011525645927787,0.9165952584975722,0.7945281792578379,0.569760277407014,0.1954379921383943,0.10949203685030844,sv_complexity_high,0.5,21746,91932,43217
fold_a,314159,1hop,S,complexity,low,5267,2539,0.6747373815014092,True,0.7733794517038176,0.6743798826777682,0.7005802677838264,7806,0.6747373815014092,0.2507480805018489,0.8327174864593825,0.9026099538692205,0.7733794517038176,0.765402124430956,0.9576609075374977,0.8508054313907396,0.49714633535374286,0.16302175529031934,0.10934741634060088,sv_complexity_low,0.5,7806,91932,43217
fold_a,314159,1hop,S,complexity,medium,6022,3182,0.6542807475010864,True,0.7516297262059974,0.6652465994684063,0.6835556775985073,9204,0.6542807475010864,0.2507480805018489,0.8237916817051076,0.8905991054018307,0.7516297262059974,0.7442468619246861,0.9452009299236134,0.8327724945135333,0.510674045842569,0.16913706217951033,0.0973335625750219,sv_complexity_medium,0.5,9204,91932,43217
fold_a,314159,1hop,K,complexity,high,14004,7742,0.643980502161317,True,0.6487629908948772,0.5082760610671003,0.4057958483628711,21746,0.643980502161317,0.1621867412069788,0.6748987686361302,0.7884517363204887,0.6487629908948772,0.6478127612148231,0.9961439588688946,0.7850751308458551,0.6518004850932454,0.22980979558718712,0.14280945503923756,sv_complexity_high,0.5,21746,91932,43217
fold_a,314159,1hop,K,complexity,low,5267,2539,0.6747373815014092,True,0.6757622341788367,0.5041253539898151,0.46465885108997423,7806,0.6747373815014092,0.1621867412069788,0.706483172364914,0.825873536115481,0.6757622341788367,0.6765616933402169,0.9952534649705714,0.8055320783711103,0.6156657669413725,0.21381671071556888,0.14299698082179227,sv_complexity_low,0.5,7806,91932,43217
fold_a,314159,1hop,K,complexity,medium,6022,3182,0.6542807475010864,True,0.6563450673620165,0.5057274280915504,0.449684342136338,9204,0.6542807475010864,0.1621867412069788,0.7004799967686053,0.8097452821249269,0.6563450673620165,0.6568982548567666,0.9938558618399203,0.7909865856076125,0.6251825967564993,0.21774998611079996,0.1288551420329283,sv_complexity_medium,0.5,9204,91932,43217
fold_a,314159,strict,C,complexity,high,14004,7742,0.643980502161317,True,0.7079922744412765,0.631311321834386,0.6111380176982224,21746,0.643980502161317,0.3046057885212088,0.7725775069174243,0.8615575523323663,0.7079922744412765,0.7188608029280568,0.8976006855184233,0.7983486821213084,0.573796168442959,0.19690319784582272,0.11712417237961557,sv_complexity_high,0.5,21746,91932,43217
fold_a,314159,strict,C,complexity,low,5267,2539,0.6747373815014092,True,0.7585190878811171,0.6631639269619117,0.6437871986452524,7806,0.6747373815014092,0.3046057885212088,0.8022676510345952,0.8841372914886364,0.7585190878811171,0.7610373572090151,0.9360167078033036,0.8395061728395061,0.5300437922268557,0.17644520246103407,0.10736785718964496,sv_complexity_low,0.5,7806,91932,43217
fold_a,314159,strict,C,complexity,medium,6022,3182,0.6542807475010864,True,0.7384832681442851,0.656904517919942,0.640888766627558,9204,0.6542807475010864,0.3046057885212088,0.802132386570841,0.8758483328345165,0.7384832681442851,0.7416120839459965,0.9212886084357357,0.8217433163000815,0.5372825194658055,0.17968396383088184,0.09984727334710758,sv_complexity_medium,0.5,9204,91932,43217
fold_a,314159,strict,C+T,complexity,high,14004,7742,0.643980502161317,True,0.7590361445783133,0.6955763958203328,0.7315302042129375,21746,0.643980502161317,0.2987734319972691,0.8388754262999442,0.9044195181190362,0.7590361445783133,0.7594434576672587,0.9159525849757212,0.8303877775619861,0.49031255736313273,0.163767098420441,0.09190438303601936,sv_complexity_high,0.5,21746,91932,43217
fold_a,314159,strict,C+T,complexity,low,5267,2539,0.6747373815014092,True,0.813989239046887,0.7424158820146366,0.7943433846202425,7806,0.6747373815014092,0.2987734319972691,0.8835677761457059,0.9331075907700225,0.813989239046887,0.8095083563199741,0.9472185304727548,0.8729658792650918,0.419094329440714,0.13447390817902163,0.0903804446392282,sv_complexity_low,0.5,7806,91932,43217
fold_a,314159,strict,C+T,complexity,medium,6022,3182,0.6542807475010864,True,0.8060625814863103,0.7477500265629837,0.7992825372718249,9204,0.6542807475010864,0.2987734319972691,0.8820290925729897,0.9306081088221367,0.8060625814863103,0.8007097232079489,0.93673198272999,0.8633963419300528,0.4262974322176105,0.138422435368727,0.08377543019499376,sv_complexity_medium,0.5,9204,91932,43217
fold_a,314159,strict,C+S,complexity,high,14004,7742,0.643980502161317,True,0.6998988319690977,0.6247963732692974,0.6247034441669114,21746,0.643980502161317,0.2842584257938669,0.7734046546172623,0.8663871086517165,0.6998988319690977,0.7158028396629343,0.8856041131105399,0.791701244813278,0.5675134997767264,0.19459588323520613,0.1086416260182006,sv_complexity_high,0.5,21746,91932,43217
fold_a,314159,strict,C+S,complexity,low,5267,2539,0.6747373815014092,True,0.7800409941070972,0.6923719237536354,0.7122750701902795,7806,0.6747373815014092,0.2842584257938669,0.8372327330627217,0.906413835922767,0.7800409941070972,0.777951769495772,0.9432314410480349,0.8526559684201493,0.4901343057984297,0.16058711938669815,0.10663465425335675,sv_complexity_low,0.5,7806,91932,43217
fold_a,314159,strict,C+S,complexity,medium,6022,3182,0.6542807475010864,True,0.762929161234246,0.6879615514118461,0.6918579965197251,9204,0.6542807475010864,0.2842584257938669,0.8270647475076197,0.8934693768932818,0.762929161234246,0.7604449267498643,0.9309199601461309,0.8370912348812901,0.506200087596552,0.1676418585245063,0.09562087247500176,sv_complexity_medium,0.5,9204,91932,43217
fold_a,314159,strict,C+S+T,complexity,high,14004,7742,0.643980502161317,True,0.7475397774303321,0.6796906054298543,0.716199533534505,21746,0.643980502161317,0.2736761664458552,0.8283035907517585,0.8989615004425705,0.7475397774303321,0.7486274967877584,0.9153099114538703,0.8236201246546295,0.5029424196647523,0.16917972066516357,0.09303647863481271,sv_complexity_high,0.5,21746,91932,43217
fold_a,314159,strict,C+S+T,complexity,low,5267,2539,0.6747373815014092,True,0.8137330258775302,0.7368201677525308,0.798258678654724,7806,0.6747373815014092,0.2736761664458552,0.8852648259956526,0.9343810895598699,0.8137330258775302,0.8042125418860699,0.956901461932789,0.8739379226634298,0.4186451841243794,0.1335933387810345,0.09045783132874147,sv_complexity_low,0.5,7806,91932,43217
fold_a,314159,strict,C+S+T,complexity,medium,6022,3182,0.6542807475010864,True,0.8023685354193829,0.738405805572319,0.7994367408474774,9204,0.6542807475010864,0.2736761664458552,0.8815265355335485,0.930661419967044,0.8023685354193829,0.7924029497704188,0.9456991032879442,0.8622908622908623,0.42688493769239505,0.1386660856500033,0.08445352819451665,sv_complexity_medium,0.5,9204,91932,43217
fold_a,314159,strict,T,complexity,high,14004,7742,0.643980502161317,True,0.7566449002115332,0.6868177715914064,0.7283494402177002,21746,0.643980502161317,0.2797701770734362,0.8372968049280824,0.9032871041187085,0.7566449002115332,0.7515592515592515,0.929305912596401,0.8310344827586207,0.49272367707928316,0.1646351460466871,0.09291839881480916,sv_complexity_high,0.5,21746,91932,43217
fold_a,314159,strict,T,complexity,low,5267,2539,0.6747373815014092,True,0.8119395336920318,0.7348791546015442,0.7887792385455182,7806,0.6747373815014092,0.2797701770734362,0.8821925709080737,0.931297782048049,0.8119395336920318,0.8031923383878691,0.955382570723372,0.8727020464793618,0.42118080027139776,0.13512003561117708,0.09024325321827074,sv_complexity_low,0.5,7806,91932,43217
fold_a,314159,strict,T,complexity,medium,6022,3182,0.6542807475010864,True,0.8024771838331161,0.739007569354437,0.7986224113264679,9204,0.6542807475010864,0.2797701770734362,0.8809567099558063,0.9303798905737528,0.8024771838331161,0.7930025090604962,0.9447027565592826,0.8622309790845711,0.42772572004901416,0.1390708896629104,0.0838367874383761,sv_complexity_medium,0.5,9204,91932,43217
fold_a,314159,strict,S,complexity,high,14004,7742,0.643980502161317,True,0.6947024740182103,0.604965157019388,0.6227009931501182,21746,0.643980502161317,0.2507480805018489,0.7714877760135109,0.8656741970462712,0.6947024740182103,0.7011525645927787,0.9165952584975722,0.7945281792578379,0.569760277407014,0.1954379921383943,0.10949203685030844,sv_complexity_high,0.5,21746,91932,43217
fold_a,314159,strict,S,complexity,low,5267,2539,0.6747373815014092,True,0.7733794517038176,0.6743798826777682,0.7005802677838264,7806,0.6747373815014092,0.2507480805018489,0.8327174864593825,0.9026099538692205,0.7733794517038176,0.765402124430956,0.9576609075374977,0.8508054313907396,0.49714633535374286,0.16302175529031934,0.10934741634060088,sv_complexity_low,0.5,7806,91932,43217
fold_a,314159,strict,S,complexity,medium,6022,3182,0.6542807475010864,True,0.7516297262059974,0.6652465994684063,0.6835556775985073,9204,0.6542807475010864,0.2507480805018489,0.8237916817051076,0.8905991054018307,0.7516297262059974,0.7442468619246861,0.9452009299236134,0.8327724945135333,0.510674045842569,0.16913706217951033,0.0973335625750219,sv_complexity_medium,0.5,9204,91932,43217
fold_a,314159,strict,K,complexity,high,14004,7742,0.643980502161317,True,0.6487629908948772,0.5082760610671003,0.4057958483628711,21746,0.643980502161317,0.1621867412069788,0.6748987686361302,0.7884517363204887,0.6487629908948772,0.6478127612148231,0.9961439588688946,0.7850751308458551,0.6518004850932454,0.22980979558718712,0.14280945503923756,sv_complexity_high,0.5,21746,91932,43217
fold_a,314159,strict,K,complexity,low,5267,2539,0.6747373815014092,True,0.6757622341788367,0.5041253539898151,0.46465885108997423,7806,0.6747373815014092,0.1621867412069788,0.706483172364914,0.825873536115481,0.6757622341788367,0.6765616933402169,0.9952534649705714,0.8055320783711103,0.6156657669413725,0.21381671071556888,0.14299698082179227,sv_complexity_low,0.5,7806,91932,43217
fold_a,314159,strict,K,complexity,medium,6022,3182,0.6542807475010864,True,0.6563450673620165,0.5057274280915504,0.449684342136338,9204,0.6542807475010864,0.1621867412069788,0.7004799967686053,0.8097452821249269,0.6563450673620165,0.6568982548567666,0.9938558618399203,0.7909865856076125,0.6251825967564993,0.21774998611079996,0.1288551420329283,sv_complexity_medium,0.5,9204,91932,43217
fold_a,42,1hop,C,complexity,high,14004,7742,0.643980502161317,True,0.7079922744412765,0.631311321834386,0.6111380176982224,21746,0.643980502161317,0.3046057885212088,0.7725775069174243,0.8615575523323663,0.7079922744412765,0.7188608029280568,0.8976006855184233,0.7983486821213084,0.573796168442959,0.19690319784582272,0.11712417237961557,sv_complexity_high,0.5,21746,91932,43217
fold_a,42,1hop,C,complexity,low,5267,2539,0.6747373815014092,True,0.7585190878811171,0.6631639269619117,0.6437871986452524,7806,0.6747373815014092,0.3046057885212088,0.8022676510345952,0.8841372914886364,0.7585190878811171,0.7610373572090151,0.9360167078033036,0.8395061728395061,0.5300437922268557,0.17644520246103407,0.10736785718964496,sv_complexity_low,0.5,7806,91932,43217
fold_a,42,1hop,C,complexity,medium,6022,3182,0.6542807475010864,True,0.7384832681442851,0.656904517919942,0.640888766627558,9204,0.6542807475010864,0.3046057885212088,0.802132386570841,0.8758483328345165,0.7384832681442851,0.7416120839459965,0.9212886084357357,0.8217433163000815,0.5372825194658055,0.17968396383088184,0.09984727334710758,sv_complexity_medium,0.5,9204,91932,43217
fold_a,42,1hop,C+T,complexity,high,14004,7742,0.643980502161317,True,0.7676814126735951,0.7027219443741616,0.7405190021864264,21746,0.643980502161317,0.2634966124633702,0.8477979701854382,0.9076197054597311,0.7676814126735951,0.7625527921163773,0.9283061982290775,0.8373051655287904,0.478172892569517,0.15899383846135054,0.08788566675723711,sv_complexity_high,0.5,21746,91932,43217
fold_a,42,1hop,C+T,complexity,low,5267,2539,0.6747373815014092,True,0.8341019728414041,0.7702736494285127,0.8340830676994047,7806,0.6747373815014092,0.2634966124633702,0.9040774063212704,0.9460334241466549,0.8341019728414041,0.8273986152324432,0.9529143725080691,0.8857319332921556,0.37788320169178913,0.11913225625801789,0.07181600905896147,sv_complexity_low,0.5,7806,91932,43217
fold_a,42,1hop,C+T,complexity,medium,6022,3182,0.6542807475010864,True,0.8231203824424164,0.7748655098913454,0.8256550778736069,9204,0.6542807475010864,0.2634966124633702,0.8993216471513105,0.9397256038454821,0.8231203824424164,0.8220463207270595,0.9312520757223514,0.873248209280598,0.3984987048143925,0.12808544343261868,0.07878285630935505,sv_complexity_medium,0.5,9204,91932,43217
fold_a,42,1hop,C+S,complexity,high,14004,7742,0.643980502161317,True,0.6998988319690977,0.6247963732692974,0.6247034441669114,21746,0.643980502161317,0.2842584257938669,0.7734046546172623,0.8663871086517165,0.6998988319690977,0.7158028396629343,0.8856041131105399,0.791701244813278,0.5675134997767264,0.19459588323520613,0.1086416260182006,sv_complexity_high,0.5,21746,91932,43217
fold_a,42,1hop,C+S,complexity,low,5267,2539,0.6747373815014092,True,0.7800409941070972,0.6923719237536354,0.7122750701902795,7806,0.6747373815014092,0.2842584257938669,0.8372327330627217,0.906413835922767,0.7800409941070972,0.777951769495772,0.9432314410480349,0.8526559684201493,0.4901343057984297,0.16058711938669815,0.10663465425335675,sv_complexity_low,0.5,7806,91932,43217
fold_a,42,1hop,C+S,complexity,medium,6022,3182,0.6542807475010864,True,0.762929161234246,0.6879615514118461,0.6918579965197251,9204,0.6542807475010864,0.2842584257938669,0.8270647475076197,0.8934693768932818,0.762929161234246,0.7604449267498643,0.9309199601461309,0.8370912348812901,0.506200087596552,0.1676418585245063,0.09562087247500176,sv_complexity_medium,0.5,9204,91932,43217
fold_a,42,1hop,C+S+T,complexity,high,14004,7742,0.643980502161317,True,0.758576289892394,0.6887216450907372,0.7265044305845834,21746,0.643980502161317,0.2454570175803399,0.8391610266941483,0.9026302447156187,0.758576289892394,0.7525678015002886,0.9313053413310483,0.8324503733963107,0.4901121844242152,0.16357935035712273,0.08828041975382171,sv_complexity_high,0.5,21746,91932,43217
fold_a,42,1hop,C+S+T,complexity,low,5267,2539,0.6747373815014092,True,0.8356392518575455,0.7693728733597534,0.8387388984863525,7806,0.6747373815014092,0.2454570175803399,0.9047035227104222,0.947547791859704,0.8356392518575455,0.8255966001961426,0.9589899373457376,0.8873078612209047,0.381388170512539,0.12058627510191941,0.07938593667648303,sv_complexity_low,0.5,7806,91932,43217
fold_a,42,1hop,C+S+T,complexity,medium,6022,3182,0.6542807475010864,True,0.8246414602346805,0.7680986811191564,0.8273022979858345,9204,0.6542807475010864,0.2454570175803399,0.9004622898523557,0.9402950795513826,0.8246414602346805,0.8126241134751773,0.9513450680836931,0.8765299877600979,0.3971683436243586,0.12650859552023114,0.07941731827049711,sv_complexity_medium,0.5,9204,91932,43217
fold_a,42,1hop,T,complexity,high,14004,7742,0.643980502161317,True,0.7634507495631381,0.6942678793991103,0.7384569310431154,21746,0.643980502161317,0.2543224737728146,0.8464536574448855,0.9068855679267819,0.7634507495631381,0.7558623079588772,0.9345187089403028,0.835749409285395,0.47989736800066085,0.15941548727644997,0.08774070281050438,sv_complexity_high,0.5,21746,91932,43217
fold_a,42,1hop,T,complexity,low,5267,2539,0.6747373815014092,True,0.8326928004099411,0.7692294117220384,0.8308183746994732,7806,0.6747373815014092,0.2543224737728146,0.9027491990712869,0.9449715415529032,0.8326928004099411,0.827085053674649,0.9508258970951206,0.8846493552375906,0.3824266532504159,0.12057694117275852,0.07465328547257044,sv_complexity_low,0.5,7806,91932,43217
fold_a,42,1hop,T,complexity,medium,6022,3182,0.6542807475010864,True,0.8257279443720121,0.7731529541482196,0.8254367129280609,9204,0.6542807475010864,0.2543224737728146,0.8997969105945287,0.9396501108797359,0.8257279443720121,0.8180247624532104,0.9435403520425107,0.8763109191856878,0.3966271686899121,0.12710186479073168,0.07777384318055809,sv_complexity_medium,0.5,9204,91932,43217
fold_a,42,1hop,S,complexity,high,14004,7742,0.643980502161317,True,0.6947024740182103,0.604965157019388,0.6227009931501182,21746,0.643980502161317,0.2507480805018489,0.7714877760135109,0.8656741970462712,0.6947024740182103,0.7011525645927787,0.9165952584975722,0.7945281792578379,0.569760277407014,0.1954379921383943,0.10949203685030844,sv_complexity_high,0.5,21746,91932,43217
fold_a,42,1hop,S,complexity,low,5267,2539,0.6747373815014092,True,0.7733794517038176,0.6743798826777682,0.7005802677838264,7806,0.6747373815014092,0.2507480805018489,0.8327174864593825,0.9026099538692205,0.7733794517038176,0.765402124430956,0.9576609075374977,0.8508054313907396,0.49714633535374286,0.16302175529031934,0.10934741634060088,sv_complexity_low,0.5,7806,91932,43217
fold_a,42,1hop,S,complexity,medium,6022,3182,0.6542807475010864,True,0.7516297262059974,0.6652465994684063,0.6835556775985073,9204,0.6542807475010864,0.2507480805018489,0.8237916817051076,0.8905991054018307,0.7516297262059974,0.7442468619246861,0.9452009299236134,0.8327724945135333,0.510674045842569,0.16913706217951033,0.0973335625750219,sv_complexity_medium,0.5,9204,91932,43217
fold_a,42,1hop,K,complexity,high,14004,7742,0.643980502161317,True,0.6487629908948772,0.5082760610671003,0.4057958483628711,21746,0.643980502161317,0.1621867412069788,0.6748987686361302,0.7884517363204887,0.6487629908948772,0.6478127612148231,0.9961439588688946,0.7850751308458551,0.6518004850932454,0.22980979558718712,0.14280945503923756,sv_complexity_high,0.5,21746,91932,43217
fold_a,42,1hop,K,complexity,low,5267,2539,0.6747373815014092,True,0.6757622341788367,0.5041253539898151,0.46465885108997423,7806,0.6747373815014092,0.1621867412069788,0.706483172364914,0.825873536115481,0.6757622341788367,0.6765616933402169,0.9952534649705714,0.8055320783711103,0.6156657669413725,0.21381671071556888,0.14299698082179227,sv_complexity_low,0.5,7806,91932,43217
fold_a,42,1hop,K,complexity,medium,6022,3182,0.6542807475010864,True,0.6563450673620165,0.5057274280915504,0.449684342136338,9204,0.6542807475010864,0.1621867412069788,0.7004799967686053,0.8097452821249269,0.6563450673620165,0.6568982548567666,0.9938558618399203,0.7909865856076125,0.6251825967564993,0.21774998611079996,0.1288551420329283,sv_complexity_medium,0.5,9204,91932,43217
fold_a,42,strict,C,complexity,high,14004,7742,0.643980502161317,True,0.7079922744412765,0.631311321834386,0.6111380176982224,21746,0.643980502161317,0.3046057885212088,0.7725775069174243,0.8615575523323663,0.7079922744412765,0.7188608029280568,0.8976006855184233,0.7983486821213084,0.573796168442959,0.19690319784582272,0.11712417237961557,sv_complexity_high,0.5,21746,91932,43217
fold_a,42,strict,C,complexity,low,5267,2539,0.6747373815014092,True,0.7585190878811171,0.6631639269619117,0.6437871986452524,7806,0.6747373815014092,0.3046057885212088,0.8022676510345952,0.8841372914886364,0.7585190878811171,0.7610373572090151,0.9360167078033036,0.8395061728395061,0.5300437922268557,0.17644520246103407,0.10736785718964496,sv_complexity_low,0.5,7806,91932,43217
fold_a,42,strict,C,complexity,medium,6022,3182,0.6542807475010864,True,0.7384832681442851,0.656904517919942,0.640888766627558,9204,0.6542807475010864,0.3046057885212088,0.802132386570841,0.8758483328345165,0.7384832681442851,0.7416120839459965,0.9212886084357357,0.8217433163000815,0.5372825194658055,0.17968396383088184,0.09984727334710758,sv_complexity_medium,0.5,9204,91932,43217
fold_a,42,strict,C+T,complexity,high,14004,7742,0.643980502161317,True,0.7586682608295778,0.6909878352651355,0.7280966193980142,21746,0.643980502161317,0.2763817290126646,0.8374081876521828,0.9031970949774407,0.7586682608295778,0.7548311990686846,0.926021136818052,0.831708568496665,0.4960619916942527,0.16542921384405615,0.09770454734641981,sv_complexity_high,0.5,21746,91932,43217
fold_a,42,strict,C+T,complexity,low,5267,2539,0.6747373815014092,True,0.8148859851396362,0.7395104940860678,0.7941696288050819,7806,0.6747373815014092,0.2763817290126646,0.8822922874021539,0.933051074498604,0.8148859851396362,0.80625,0.9551927093221948,0.8744242634917876,0.41610956677322486,0.1342970229019936,0.08616549184849617,sv_complexity_low,0.5,7806,91932,43217
fold_a,42,strict,C+T,complexity,medium,6022,3182,0.6542807475010864,True,0.805193394176445,0.7418243415459052,0.7953001282333312,9204,0.6542807475010864,0.2763817290126646,0.8825786697466508,0.9292313133462038,0.805193394176445,0.7945396294748572,0.9471936233809366,0.8641769562911901,0.4242880135679766,0.13718723829674706,0.08147742093702211,sv_complexity_medium,0.5,9204,91932,43217
fold_a,42,strict,C+S,complexity,high,14004,7742,0.643980502161317,True,0.6998988319690977,0.6247963732692974,0.6247034441669114,21746,0.643980502161317,0.2842584257938669,0.7734046546172623,0.8663871086517165,0.6998988319690977,0.7158028396629343,0.8856041131105399,0.791701244813278,0.5675134997767264,0.19459588323520613,0.1086416260182006,sv_complexity_high,0.5,21746,91932,43217
fold_a,42,strict,C+S,complexity,low,5267,2539,0.6747373815014092,True,0.7800409941070972,0.6923719237536354,0.7122750701902795,7806,0.6747373815014092,0.2842584257938669,0.8372327330627217,0.906413835922767,0.7800409941070972,0.777951769495772,0.9432314410480349,0.8526559684201493,0.4901343057984297,0.16058711938669815,0.10663465425335675,sv_complexity_low,0.5,7806,91932,43217
fold_a,42,strict,C+S,complexity,medium,6022,3182,0.6542807475010864,True,0.762929161234246,0.6879615514118461,0.6918579965197251,9204,0.6542807475010864,0.2842584257938669,0.8270647475076197,0.8934693768932818,0.762929161234246,0.7604449267498643,0.9309199601461309,0.8370912348812901,0.506200087596552,0.1676418585245063,0.09562087247500176,sv_complexity_medium,0.5,9204,91932,43217
fold_a,42,strict,C+S+T,complexity,high,14004,7742,0.643980502161317,True,0.7501149636714798,0.6803616134770809,0.7142762929185049,21746,0.643980502161317,0.2623315955021548,0.8270976670798047,0.8982767892842392,0.7501149636714798,0.7481181239143022,0.9225935447015139,0.8262454434993924,0.5069622715514374,0.17058458494657844,0.0973962368942228,sv_complexity_high,0.5,21746,91932,43217
fold_a,42,strict,C+S+T,complexity,low,5267,2539,0.6747373815014092,True,0.8138611324622086,0.7358951262152083,0.8029389337082029,7806,0.6747373815014092,0.2623315955021548,0.8858599095051318,0.9359034015738057,0.8138611324622086,0.8032760814249363,0.9589899373457376,0.8742535698831675,0.41498042190605705,0.13296742937881986,0.08795806844780676,sv_complexity_low,0.5,7806,91932,43217
fold_a,42,strict,C+S+T,complexity,medium,6022,3182,0.6542807475010864,True,0.8068231203824424,0.7420323051806064,0.7979676664026203,9204,0.6542807475010864,0.2623315955021548,0.8826538706494373,0.9301535326481027,0.8068231203824424,0.7938244253669343,0.9520092992361342,0.8657505285412262,0.42375378887059323,0.13697170045166482,0.0818837829526763,sv_complexity_medium,0.5,9204,91932,43217
fold_a,42,strict,T,complexity,high,14004,7742,0.643980502161317,True,0.7546675250620803,0.6837519242942803,0.7242679330623832,21746,0.643980502161317,0.2679342275834778,0.8352903294560045,0.9018340079908476,0.7546675250620803,0.7494102077219633,0.9300199942873465,0.8300035050823694,0.49820241346012717,0.16616803130765379,0.09610983585992641,sv_complexity_high,0.5,21746,91932,43217
fold_a,42,strict,T,complexity,low,5267,2539,0.6747373815014092,True,0.8137330258775302,0.7368201677525308,0.7831585233414949,7806,0.6747373815014092,0.2679342275834778,0.8788185491074384,0.9294695735029536,0.8137330258775302,0.8042125418860699,0.956901461932789,0.8739379226634298,0.4246533491639934,0.1371199586328473,0.09160061900897956,sv_complexity_low,0.5,7806,91932,43217
fold_a,42,strict,T,complexity,medium,6022,3182,0.6542807475010864,True,0.8016079965232508,0.7375281833778973,0.7929070337244549,9204,0.6542807475010864,0.2679342275834778,0.8813907981649519,0.9284039745014359,0.8016079965232508,0.7918753478018921,0.9452009299236134,0.861771385314156,0.4286455933191402,0.1384973944313698,0.08439303598899653,sv_complexity_medium,0.5,9204,91932,43217
fold_a,42,strict,S,complexity,high,14004,7742,0.643980502161317,True,0.6947024740182103,0.604965157019388,0.6227009931501182,21746,0.643980502161317,0.2507480805018489,0.7714877760135109,0.8656741970462712,0.6947024740182103,0.7011525645927787,0.9165952584975722,0.7945281792578379,0.569760277407014,0.1954379921383943,0.10949203685030844,sv_complexity_high,0.5,21746,91932,43217
fold_a,42,strict,S,complexity,low,5267,2539,0.6747373815014092,True,0.7733794517038176,0.6743798826777682,0.7005802677838264,7806,0.6747373815014092,0.2507480805018489,0.8327174864593825,0.9026099538692205,0.7733794517038176,0.765402124430956,0.9576609075374977,0.8508054313907396,0.49714633535374286,0.16302175529031934,0.10934741634060088,sv_complexity_low,0.5,7806,91932,43217
fold_a,42,strict,S,complexity,medium,6022,3182,0.6542807475010864,True,0.7516297262059974,0.6652465994684063,0.6835556775985073,9204,0.6542807475010864,0.2507480805018489,0.8237916817051076,0.8905991054018307,0.7516297262059974,0.7442468619246861,0.9452009299236134,0.8327724945135333,0.510674045842569,0.16913706217951033,0.0973335625750219,sv_complexity_medium,0.5,9204,91932,43217
fold_a,42,strict,K,complexity,high,14004,7742,0.643980502161317,True,0.6487629908948772,0.5082760610671003,0.4057958483628711,21746,0.643980502161317,0.1621867412069788,0.6748987686361302,0.7884517363204887,0.6487629908948772,0.6478127612148231,0.9961439588688946,0.7850751308458551,0.6518004850932454,0.22980979558718712,0.14280945503923756,sv_complexity_high,0.5,21746,91932,43217
fold_a,42,strict,K,complexity,low,5267,2539,0.6747373815014092,True,0.6757622341788367,0.5041253539898151,0.46465885108997423,7806,0.6747373815014092,0.1621867412069788,0.706483172364914,0.825873536115481,0.6757622341788367,0.6765616933402169,0.9952534649705714,0.8055320783711103,0.6156657669413725,0.21381671071556888,0.14299698082179227,sv_complexity_low,0.5,7806,91932,43217
fold_a,42,strict,K,complexity,medium,6022,3182,0.6542807475010864,True,0.6563450673620165,0.5057274280915504,0.449684342136338,9204,0.6542807475010864,0.1621867412069788,0.7004799967686053,0.8097452821249269,0.6563450673620165,0.6568982548567666,0.9938558618399203,0.7909865856076125,0.6251825967564993,0.21774998611079996,0.1288551420329283,sv_complexity_medium,0.5,9204,91932,43217
fold_b,20260806,1hop,C,complexity,high,17550,10923,0.6163734063849963,True,0.6708811856846837,0.5993727733606888,0.5762500867047189,28473,0.6163734063849963,0.2790009501876743,0.754116909534835,0.8374382642178781,0.6708811856846837,0.6729687433912787,0.9066096866096867,0.7725098924574564,0.5933471502522251,0.20483351252867932,0.10745364788937696,sv_complexity_high,0.5,28473,96295,34393
fold_b,20260806,1hop,C,complexity,low,4052,2147,0.6536538151314728,True,0.742861751895467,0.6560466727144237,0.6130470834453927,6199,0.6536538151314728,0.2790009501876743,0.8006546589722522,0.8659803336275622,0.742861751895467,0.7387334887334888,0.9385488647581441,0.8267391304347826,0.5384566104540214,0.17875387700291145,0.10082767397509713,sv_complexity_low,0.5,6199,96295,34393
fold_b,20260806,1hop,C,complexity,medium,5345,3200,0.6255119953188999,True,0.7197191339964891,0.647915984565014,0.6346804398724938,8545,0.6255119953188999,0.2790009501876743,0.8051851905986904,0.863192206856873,0.7197191339964891,0.7096957634347455,0.933956969130028,0.8065271831327248,0.5414075181712337,0.1809402815137305,0.08778818116354593,sv_complexity_medium,0.5,8545,96295,34393
fold_b,20260806,1hop,C+T,complexity,high,17550,10923,0.6163734063849963,True,0.7429494608927756,0.6970538446671377,0.7016918410093727,28473,0.6163734063849963,0.2777157146764246,0.82726541631879,0.8855610571188627,0.7429494608927756,0.7417875880323297,0.8942450142450142,0.8109127547988736,0.5139250373146136,0.17316042140991025,0.09026639955545777,sv_complexity_high,0.5,28473,96295,34393
fold_b,20260806,1hop,C+T,complexity,low,4052,2147,0.6536538151314728,True,0.8314244232940797,0.7751405114967922,0.8246108580466686,6199,0.6536538151314728,0.2777157146764246,0.907401095952892,0.9392546398170991,0.8314244232940797,0.8159277159067031,0.9582922013820335,0.8813982521847691,0.3679657574285233,0.1148769407073841,0.05356901501427282,sv_complexity_low,0.5,6199,96295,34393
fold_b,20260806,1hop,C+T,complexity,medium,5345,3200,0.6255119953188999,True,0.8172030427150381,0.7746234798877456,0.8120559652753084,8545,0.6255119953188999,0.2777157146764246,0.9006985208138449,0.9296172134442349,0.8172030427150381,0.7997147837109808,0.9442469597754911,0.8659917638984214,0.3926061509895441,0.12490816747229352,0.05629221926354371,sv_complexity_medium,0.5,8545,96295,34393
fold_b,20260806,1hop,C+S,complexity,high,17550,10923,0.6163734063849963,True,0.6756225195799529,0.5970654879416208,0.6006861920689716,28473,0.6163734063849963,0.2293130456114049,0.7671734542731521,0.8468126040799837,0.6756225195799529,0.6697427521437321,0.9345868945868946,0.7803044719314938,0.5768983918412064,0.1982586116628681,0.09584062483939715,sv_complexity_high,0.5,28473,96295,34393
fold_b,20260806,1hop,C+S,complexity,low,4052,2147,0.6536538151314728,True,0.7591547023713502,0.6675242688091605,0.6772826519417499,6199,0.6536538151314728,0.2293130456114049,0.8314987946633219,0.8882280777091365,0.7591547023713502,0.7429276628061515,0.9656959526159921,0.8397896770039703,0.4918593080216864,0.16085907009534572,0.08293527092661337,sv_complexity_low,0.5,6199,96295,34393
fold_b,20260806,1hop,C+S,complexity,medium,5345,3200,0.6255119953188999,True,0.7335283791691047,0.6604592492984097,0.671842659429115,8545,0.6255119953188999,0.2293130456114049,0.8243395404583723,0.8771090123081531,0.7335283791691047,0.7159346846846847,0.9515434985968194,0.8170937424692747,0.509598127426686,0.16866768439757834,0.07479213077222702,sv_complexity_medium,0.5,8545,96295,34393
fold_b,20260806,1hop,C+S+T,complexity,high,17550,10923,0.6163734063849963,True,0.739367119727461,0.695461517334629,0.6937931250352358,28473,0.6163734063849963,0.2891709309324633,0.8217944988136326,0.8825308996157721,0.739367119727461,0.7422857962971823,0.884102564102564,0.8070111564767378,0.519485406430141,0.17501770439153463,0.08397849210837242,sv_complexity_high,0.5,28473,96295,34393
fold_b,20260806,1hop,C+S+T,complexity,low,4052,2147,0.6536538151314728,True,0.8306178415873527,0.7757278918539655,0.8222816699788507,6199,0.6536538151314728,0.2891709309324633,0.9060511556564844,0.9384479344159691,0.8306178415873527,0.8172020287404903,0.9543435340572557,0.880464480874317,0.37151041826264525,0.1159538659362998,0.05349721360139338,sv_complexity_low,0.5,6199,96295,34393
fold_b,20260806,1hop,C+S+T,complexity,medium,5345,3200,0.6255119953188999,True,0.8087770626097133,0.7663205975210476,0.8064440089010617,8545,0.6255119953188999,0.2891709309324633,0.8941145053788586,0.9275156030992858,0.8087770626097133,0.7950389569088885,0.9354536950420954,0.8595495960116899,0.4034670192313682,0.1289298547227367,0.055156738776729185,sv_complexity_medium,0.5,8545,96295,34393
fold_b,20260806,1hop,T,complexity,high,17550,10923,0.6163734063849963,True,0.7439328486636463,0.6986639577274019,0.6978470848471908,28473,0.6163734063849963,0.2795483170925968,0.8258626599613508,0.8840861064090846,0.7439328486636463,0.7432080034137784,0.8931623931623932,0.8113144069770452,0.5150439928668776,0.17352365139112758,0.08769487989647222,sv_complexity_high,0.5,28473,96295,34393
fold_b,20260806,1hop,T,complexity,low,4052,2147,0.6536538151314728,True,0.8317470559767705,0.7759347393985316,0.8216325509462222,6199,0.6536538151314728,0.2795483170925968,0.9060089125486055,0.9382231145154927,0.8317470559767705,0.8166701747000631,0.9575518262586377,0.8815176644325798,0.36999681886882885,0.11568593814910347,0.05332380378413208,sv_complexity_low,0.5,6199,96295,34393
fold_b,20260806,1hop,T,complexity,medium,5345,3200,0.6255119953188999,True,0.8153306026916325,0.774067323433115,0.8124257168695557,8545,0.6255119953188999,0.2795483170925968,0.9001721234798878,0.9297556809809921,0.8153306026916325,0.8006384676775739,0.9384471468662301,0.8640826873385012,0.3940421105400304,0.12546533878952265,0.057605053362056555,sv_complexity_medium,0.5,8545,96295,34393
fold_b,20260806,1hop,S,complexity,high,17550,10923,0.6163734063849963,True,0.67323429213641,0.5925699946243752,0.5974522382940584,28473,0.6163734063849963,0.2209973802149051,0.765205114903,0.8455719734094054,0.67323429213641,0.6668015211586698,0.9391452991452991,0.7798807608592789,0.5795090717897888,0.19930676332364058,0.09701111293150462,sv_complexity_high,0.5,28473,96295,34393
fold_b,20260806,1hop,S,complexity,low,4052,2147,0.6536538151314728,True,0.7541538957896435,0.659757456741908,0.6661648238429126,6199,0.6536538151314728,0.2209973802149051,0.8276403034423019,0.8843774603630801,0.7541538957896435,0.7381311228334589,0.9669299111549852,0.8371794871794872,0.49638915911735965,0.16238944962662089,0.08455878975130168,sv_complexity_low,0.5,6199,96295,34393
fold_b,20260806,1hop,S,complexity,medium,5345,3200,0.6255119953188999,True,0.7268578115857226,0.6510513622544434,0.6715050079380166,8545,0.6255119953188999,0.2209973802149051,0.8234615586997194,0.876982565874974,0.7268578115857226,0.7097673122474571,0.9530402245088868,0.8136080498322952,0.511373489981343,0.1692830735591751,0.07426267816085783,sv_complexity_medium,0.5,8545,96295,34393
fold_b,20260806,1hop,K,complexity,high,17550,10923,0.6163734063849963,True,0.6249780493801145,0.5274454280194462,0.3826258389002399,28473,0.6163734063849963,0.2743332177494537,0.6647677331061017,0.7631588535913785,0.6249780493801145,0.6303984819734345,0.9464957264957264,0.7567653758542141,0.6635404464776182,0.23373099564926883,0.12135148719701846,sv_complexity_high,0.5,28473,96295,34393
fold_b,20260806,1hop,K,complexity,low,4052,2147,0.6536538151314728,True,0.68656234876593,0.5574714896379668,0.4408720475567719,6199,0.6536538151314728,0.2743332177494537,0.7106745977191711,0.8063481668179366,0.68656234876593,0.6814037502150353,0.9775419545903258,0.8030410542321338,0.6147837549777437,0.21272733560979823,0.12045951000563566,sv_complexity_low,0.5,6199,96295,34393
fold_b,20260806,1hop,K,complexity,medium,5345,3200,0.6255119953188999,True,0.6560561732007022,0.5504377630963517,0.4520080434668593,8545,0.6255119953188999,0.2743332177494537,0.710385757717493,0.794783585616612,0.6560561732007022,0.650827482447342,0.9711880261927035,0.7793709180992417,0.6189793539247357,0.21465721282329667,0.10261876172743423,sv_complexity_medium,0.5,8545,96295,34393
fold_b,20260806,strict,C,complexity,high,17550,10923,0.6163734063849963,True,0.6708811856846837,0.5993727733606888,0.5762500867047189,28473,0.6163734063849963,0.2790009501876743,0.754116909534835,0.8374382642178781,0.6708811856846837,0.6729687433912787,0.9066096866096867,0.7725098924574564,0.5933471502522251,0.20483351252867932,0.10745364788937696,sv_complexity_high,0.5,28473,96295,34393
fold_b,20260806,strict,C,complexity,low,4052,2147,0.6536538151314728,True,0.742861751895467,0.6560466727144237,0.6130470834453927,6199,0.6536538151314728,0.2790009501876743,0.8006546589722522,0.8659803336275622,0.742861751895467,0.7387334887334888,0.9385488647581441,0.8267391304347826,0.5384566104540214,0.17875387700291145,0.10082767397509713,sv_complexity_low,0.5,6199,96295,34393
fold_b,20260806,strict,C,complexity,medium,5345,3200,0.6255119953188999,True,0.7197191339964891,0.647915984565014,0.6346804398724938,8545,0.6255119953188999,0.2790009501876743,0.8051851905986904,0.863192206856873,0.7197191339964891,0.7096957634347455,0.933956969130028,0.8065271831327248,0.5414075181712337,0.1809402815137305,0.08778818116354593,sv_complexity_medium,0.5,8545,96295,34393
fold_b,20260806,strict,C+T,complexity,high,17550,10923,0.6163734063849963,True,0.7284444912724335,0.675677035284286,0.6927093066210316,28473,0.6163734063849963,0.2894447502400798,0.8173971830265889,0.8821151180494338,0.7284444912724335,0.7246065153733529,0.9023931623931624,0.8037862254479013,0.5234515037789231,0.17612796845989445,0.08909959624483597,sv_complexity_high,0.5,28473,96295,34393
fold_b,20260806,strict,C+T,complexity,low,4052,2147,0.6536538151314728,True,0.8081948701403452,0.7490504783873915,0.7938451852768178,6199,0.6536538151314728,0.2894447502400798,0.8873285504556278,0.9285990664283478,0.8081948701403452,0.8002936857562408,0.9415103652517275,0.865177457761651,0.4125848771038135,0.13208103117612405,0.07140990862340868,sv_complexity_low,0.5,6199,96295,34393
fold_b,20260806,strict,C+T,complexity,medium,5345,3200,0.6255119953188999,True,0.7929783499122294,0.7431575947146867,0.7821854168017551,8545,0.6255119953188999,0.2894447502400798,0.8813141662768942,0.9184310513476438,0.7929783499122294,0.7755007704160246,0.9416276894293732,0.8505280946345585,0.42689841503213594,0.13775783960975033,0.06302888118982203,sv_complexity_medium,0.5,8545,96295,34393
fold_b,20260806,strict,C+S,complexity,high,17550,10923,0.6163734063849963,True,0.6756225195799529,0.5970654879416208,0.6006861920689716,28473,0.6163734063849963,0.2293130456114049,0.7671734542731521,0.8468126040799837,0.6756225195799529,0.6697427521437321,0.9345868945868946,0.7803044719314938,0.5768983918412064,0.1982586116628681,0.09584062483939715,sv_complexity_high,0.5,28473,96295,34393
fold_b,20260806,strict,C+S,complexity,low,4052,2147,0.6536538151314728,True,0.7591547023713502,0.6675242688091605,0.6772826519417499,6199,0.6536538151314728,0.2293130456114049,0.8314987946633219,0.8882280777091365,0.7591547023713502,0.7429276628061515,0.9656959526159921,0.8397896770039703,0.4918593080216864,0.16085907009534572,0.08293527092661337,sv_complexity_low,0.5,6199,96295,34393
fold_b,20260806,strict,C+S,complexity,medium,5345,3200,0.6255119953188999,True,0.7335283791691047,0.6604592492984097,0.671842659429115,8545,0.6255119953188999,0.2293130456114049,0.8243395404583723,0.8771090123081531,0.7335283791691047,0.7159346846846847,0.9515434985968194,0.8170937424692747,0.509598127426686,0.16866768439757834,0.07479213077222702,sv_complexity_medium,0.5,8545,96295,34393
fold_b,20260806,strict,C+S+T,complexity,high,17550,10923,0.6163734063849963,True,0.7315351385523127,0.6818485654437316,0.6857904925213975,28473,0.6163734063849963,0.292806796019716,0.8138317275578102,0.8794608769645357,0.7315351385523127,0.7301579925650558,0.8953276353276354,0.8043511645764013,0.5252348949213989,0.17714468550907236,0.08168401974389758,sv_complexity_high,0.5,28473,96295,34393
fold_b,20260806,strict,C+S+T,complexity,low,4052,2147,0.6536538151314728,True,0.8078722374576545,0.7477088142917112,0.7925664868528012,6199,0.6536538151314728,0.292806796019716,0.8863474183541302,0.9281561941075922,0.8078722374576545,0.7989550679205851,0.9434846989141165,0.8652257553468372,0.4116055992885452,0.13179903742953059,0.06870688489087716,sv_complexity_low,0.5,6199,96295,34393
fold_b,20260806,strict,C+S+T,complexity,medium,5345,3200,0.6255119953188999,True,0.7888823873610299,0.7401970299345182,0.7748657864632325,8545,0.6255119953188999,0.292806796019716,0.8750967902245088,0.9156899375871672,0.7888823873610299,0.7747090768037238,0.9341440598690365,0.8469889737065309,0.4341453452378073,0.14107432890912555,0.06207418921740809,sv_complexity_medium,0.5,8545,96295,34393
fold_b,20260806,strict,T,complexity,high,17550,10923,0.6163734063849963,True,0.7294981210269378,0.6782602303146109,0.6898379485015216,28473,0.6163734063849963,0.2964163214522587,0.8162796660279037,0.8810135887149974,0.7294981210269378,0.727058932029881,0.8984045584045584,0.803700683046182,0.5244649990078698,0.17654305843347207,0.08828997336489097,sv_complexity_high,0.5,28473,96295,34393
fold_b,20260806,strict,T,complexity,low,4052,2147,0.6536538151314728,True,0.8072269720922729,0.749186001174301,0.7925549343729271,6199,0.6536538151314728,0.2964163214522587,0.8857879127007955,0.9281521929502621,0.8072269720922729,0.8010537407797682,0.9380552813425469,0.8641582357621916,0.4164364084662529,0.13340327886165979,0.07425893009518149,sv_complexity_low,0.5,6199,96295,34393
fold_b,20260806,strict,T,complexity,medium,5345,3200,0.6255119953188999,True,0.7933294324166179,0.7448177326941066,0.7777946346053035,8545,0.6255119953188999,0.2964163214522587,0.8803121199719364,0.9167867560839054,0.7933294324166179,0.7774848813769577,0.9380729653882133,0.8502628455146685,0.42976740827510285,0.13854674107478784,0.06477075493732262,sv_complexity_medium,0.5,8545,96295,34393
fold_b,20260806,strict,S,complexity,high,17550,10923,0.6163734063849963,True,0.67323429213641,0.5925699946243752,0.5974522382940584,28473,0.6163734063849963,0.2209973802149051,0.765205114903,0.8455719734094054,0.67323429213641,0.6668015211586698,0.9391452991452991,0.7798807608592789,0.5795090717897888,0.19930676332364058,0.09701111293150462,sv_complexity_high,0.5,28473,96295,34393
fold_b,20260806,strict,S,complexity,low,4052,2147,0.6536538151314728,True,0.7541538957896435,0.659757456741908,0.6661648238429126,6199,0.6536538151314728,0.2209973802149051,0.8276403034423019,0.8843774603630801,0.7541538957896435,0.7381311228334589,0.9669299111549852,0.8371794871794872,0.49638915911735965,0.16238944962662089,0.08455878975130168,sv_complexity_low,0.5,6199,96295,34393
fold_b,20260806,strict,S,complexity,medium,5345,3200,0.6255119953188999,True,0.7268578115857226,0.6510513622544434,0.6715050079380166,8545,0.6255119953188999,0.2209973802149051,0.8234615586997194,0.876982565874974,0.7268578115857226,0.7097673122474571,0.9530402245088868,0.8136080498322952,0.511373489981343,0.1692830735591751,0.07426267816085783,sv_complexity_medium,0.5,8545,96295,34393
fold_b,20260806,strict,K,complexity,high,17550,10923,0.6163734063849963,True,0.6249780493801145,0.5274454280194462,0.3826258389002399,28473,0.6163734063849963,0.2743332177494537,0.6647677331061017,0.7631588535913785,0.6249780493801145,0.6303984819734345,0.9464957264957264,0.7567653758542141,0.6635404464776182,0.23373099564926883,0.12135148719701846,sv_complexity_high,0.5,28473,96295,34393
fold_b,20260806,strict,K,complexity,low,4052,2147,0.6536538151314728,True,0.68656234876593,0.5574714896379668,0.4408720475567719,6199,0.6536538151314728,0.2743332177494537,0.7106745977191711,0.8063481668179366,0.68656234876593,0.6814037502150353,0.9775419545903258,0.8030410542321338,0.6147837549777437,0.21272733560979823,0.12045951000563566,sv_complexity_low,0.5,6199,96295,34393
fold_b,20260806,strict,K,complexity,medium,5345,3200,0.6255119953188999,True,0.6560561732007022,0.5504377630963517,0.4520080434668593,8545,0.6255119953188999,0.2743332177494537,0.710385757717493,0.794783585616612,0.6560561732007022,0.650827482447342,0.9711880261927035,0.7793709180992417,0.6189793539247357,0.21465721282329667,0.10261876172743423,sv_complexity_medium,0.5,8545,96295,34393
fold_b,314159,1hop,C,complexity,high,17550,10923,0.6163734063849963,True,0.6708811856846837,0.5993727733606888,0.5762500867047189,28473,0.6163734063849963,0.2790009501876743,0.754116909534835,0.8374382642178781,0.6708811856846837,0.6729687433912787,0.9066096866096867,0.7725098924574564,0.5933471502522251,0.20483351252867932,0.10745364788937696,sv_complexity_high,0.5,28473,96295,34393
fold_b,314159,1hop,C,complexity,low,4052,2147,0.6536538151314728,True,0.742861751895467,0.6560466727144237,0.6130470834453927,6199,0.6536538151314728,0.2790009501876743,0.8006546589722522,0.8659803336275622,0.742861751895467,0.7387334887334888,0.9385488647581441,0.8267391304347826,0.5384566104540214,0.17875387700291145,0.10082767397509713,sv_complexity_low,0.5,6199,96295,34393
fold_b,314159,1hop,C,complexity,medium,5345,3200,0.6255119953188999,True,0.7197191339964891,0.647915984565014,0.6346804398724938,8545,0.6255119953188999,0.2790009501876743,0.8051851905986904,0.863192206856873,0.7197191339964891,0.7096957634347455,0.933956969130028,0.8065271831327248,0.5414075181712337,0.1809402815137305,0.08778818116354593,sv_complexity_medium,0.5,8545,96295,34393
fold_b,314159,1hop,C+T,complexity,high,17550,10923,0.6163734063849963,True,0.7358550205457802,0.6861479462687922,0.6948020581063324,28473,0.6163734063849963,0.2753527577017577,0.8221139872398685,0.8829179531730225,0.7358550205457802,0.7326806180687672,0.8997150997150997,0.8076519782102759,0.5173238499341049,0.17459077222025995,0.08751572041541753,sv_complexity_high,0.5,28473,96295,34393
fold_b,314159,1hop,C+T,complexity,low,4052,2147,0.6536538151314728,True,0.8361025971930957,0.7852882255871619,0.8193946239571078,6199,0.6536538151314728,0.2753527577017577,0.9080577894911562,0.9374480170407986,0.8361025971930957,0.8251928020565553,0.9506416584402764,0.8834862385321101,0.373910904656829,0.11664291313850031,0.06448732223776268,sv_complexity_low,0.5,6199,96295,34393
fold_b,314159,1hop,C+T,complexity,medium,5345,3200,0.6255119953188999,True,0.8170860152135752,0.7747180484097287,0.8093734346450017,8545,0.6255119953188999,0.2753527577017577,0.9002007132834425,0.9286126379009954,0.8170860152135752,0.7999682741116751,0.9434985968194575,0.8658253927375741,0.39320655593853043,0.1248243339108066,0.054614934359117295,sv_complexity_medium,0.5,8545,96295,34393
fold_b,314159,1hop,C+S,complexity,high,17550,10923,0.6163734063849963,True,0.6756225195799529,0.5970654879416208,0.6006861920689716,28473,0.6163734063849963,0.2293130456114049,0.7671734542731521,0.8468126040799837,0.6756225195799529,0.6697427521437321,0.9345868945868946,0.7803044719314938,0.5768983918412064,0.1982586116628681,0.09584062483939715,sv_complexity_high,0.5,28473,96295,34393
fold_b,314159,1hop,C+S,complexity,low,4052,2147,0.6536538151314728,True,0.7591547023713502,0.6675242688091605,0.6772826519417499,6199,0.6536538151314728,0.2293130456114049,0.8314987946633219,0.8882280777091365,0.7591547023713502,0.7429276628061515,0.9656959526159921,0.8397896770039703,0.4918593080216864,0.16085907009534572,0.08293527092661337,sv_complexity_low,0.5,6199,96295,34393
fold_b,314159,1hop,C+S,complexity,medium,5345,3200,0.6255119953188999,True,0.7335283791691047,0.6604592492984097,0.671842659429115,8545,0.6255119953188999,0.2293130456114049,0.8243395404583723,0.8771090123081531,0.7335283791691047,0.7159346846846847,0.9515434985968194,0.8170937424692747,0.509598127426686,0.16866768439757834,0.07479213077222702,sv_complexity_medium,0.5,8545,96295,34393
fold_b,314159,1hop,C+S+T,complexity,high,17550,10923,0.6163734063849963,True,0.7323429213640993,0.681259320292553,0.6860274032293439,28473,0.6163734063849963,0.2659563980822814,0.8175541298804139,0.879551762212416,0.7323429213640993,0.7289159404251395,0.9007407407407407,0.8057700639702322,0.5227834397116101,0.176228116765544,0.08178883519960568,sv_complexity_high,0.5,28473,96295,34393
fold_b,314159,1hop,C+S+T,complexity,low,4052,2147,0.6536538151314728,True,0.8306178415873527,0.77605635357033,0.8196645291567939,6199,0.6536538151314728,0.2659563980822814,0.9061419064964036,0.937541497676986,0.8306178415873527,0.8176047397376217,0.9536031589338598,0.8803827751196173,0.3768737197628681,0.11767617611061386,0.06148902320638386,sv_complexity_low,0.5,6199,96295,34393
fold_b,314159,1hop,C+S+T,complexity,medium,5345,3200,0.6255119953188999,True,0.8073727325921591,0.762564458606174,0.8048485325957747,8545,0.6255119953188999,0.2659563980822814,0.8933410021047707,0.9269181163612029,0.8073727325921591,0.790756170413457,0.941066417212348,0.8593883478558004,0.404550388422818,0.1292413482938941,0.05209099530964422,sv_complexity_medium,0.5,8545,96295,34393
fold_b,314159,1hop,T,complexity,high,17550,10923,0.6163734063849963,True,0.7340638499631229,0.681116971872259,0.6933684714889226,28473,0.6163734063849963,0.2651735610354317,0.8217592299163297,0.8823679912223334,0.7340638499631229,0.7276626813908916,0.9086039886039886,0.8081289276302452,0.5172291520790583,0.17450328648872615,0.08616865990780886,sv_complexity_high,0.5,28473,96295,34393
fold_b,314159,1hop,T,complexity,low,4052,2147,0.6536538151314728,True,0.8361025971930957,0.7847407893932211,0.817423665849039,6199,0.6536538151314728,0.2651735610354317,0.9071703393840024,0.9367653832195333,0.8361025971930957,0.824497648567764,0.9518756169792695,0.8836197021764032,0.375180006423974,0.11710802595565602,0.06429711292749146,sv_complexity_low,0.5,6199,96295,34393
fold_b,314159,1hop,T,complexity,medium,5345,3200,0.6255119953188999,True,0.8159157401989467,0.7720895696913003,0.8110941830094288,8545,0.6255119953188999,0.2651735610354317,0.9006074310102898,0.929257037522548,0.8159157401989467,0.7971014492753623,0.9466791393826005,0.8654750705550329,0.3928777175480102,0.12466442241483039,0.05523435118970053,sv_complexity_medium,0.5,8545,96295,34393
fold_b,314159,1hop,S,complexity,high,17550,10923,0.6163734063849963,True,0.67323429213641,0.5925699946243752,0.5974522382940584,28473,0.6163734063849963,0.2209973802149051,0.765205114903,0.8455719734094054,0.67323429213641,0.6668015211586698,0.9391452991452991,0.7798807608592789,0.5795090717897888,0.19930676332364058,0.09701111293150462,sv_complexity_high,0.5,28473,96295,34393
fold_b,314159,1hop,S,complexity,low,4052,2147,0.6536538151314728,True,0.7541538957896435,0.659757456741908,0.6661648238429126,6199,0.6536538151314728,0.2209973802149051,0.8276403034423019,0.8843774603630801,0.7541538957896435,0.7381311228334589,0.9669299111549852,0.8371794871794872,0.49638915911735965,0.16238944962662089,0.08455878975130168,sv_complexity_low,0.5,6199,96295,34393
fold_b,314159,1hop,S,complexity,medium,5345,3200,0.6255119953188999,True,0.7268578115857226,0.6510513622544434,0.6715050079380166,8545,0.6255119953188999,0.2209973802149051,0.8234615586997194,0.876982565874974,0.7268578115857226,0.7097673122474571,0.9530402245088868,0.8136080498322952,0.511373489981343,0.1692830735591751,0.07426267816085783,sv_complexity_medium,0.5,8545,96295,34393
fold_b,314159,1hop,K,complexity,high,17550,10923,0.6163734063849963,True,0.6249780493801145,0.5274454280194462,0.3826258389002399,28473,0.6163734063849963,0.2743332177494537,0.6647677331061017,0.7631588535913785,0.6249780493801145,0.6303984819734345,0.9464957264957264,0.7567653758542141,0.6635404464776182,0.23373099564926883,0.12135148719701846,sv_complexity_high,0.5,28473,96295,34393
fold_b,314159,1hop,K,complexity,low,4052,2147,0.6536538151314728,True,0.68656234876593,0.5574714896379668,0.4408720475567719,6199,0.6536538151314728,0.2743332177494537,0.7106745977191711,0.8063481668179366,0.68656234876593,0.6814037502150353,0.9775419545903258,0.8030410542321338,0.6147837549777437,0.21272733560979823,0.12045951000563566,sv_complexity_low,0.5,6199,96295,34393
fold_b,314159,1hop,K,complexity,medium,5345,3200,0.6255119953188999,True,0.6560561732007022,0.5504377630963517,0.4520080434668593,8545,0.6255119953188999,0.2743332177494537,0.710385757717493,0.794783585616612,0.6560561732007022,0.650827482447342,0.9711880261927035,0.7793709180992417,0.6189793539247357,0.21465721282329667,0.10261876172743423,sv_complexity_medium,0.5,8545,96295,34393
fold_b,314159,strict,C,complexity,high,17550,10923,0.6163734063849963,True,0.6708811856846837,0.5993727733606888,0.5762500867047189,28473,0.6163734063849963,0.2790009501876743,0.754116909534835,0.8374382642178781,0.6708811856846837,0.6729687433912787,0.9066096866096867,0.7725098924574564,0.5933471502522251,0.20483351252867932,0.10745364788937696,sv_complexity_high,0.5,28473,96295,34393
fold_b,314159,strict,C,complexity,low,4052,2147,0.6536538151314728,True,0.742861751895467,0.6560466727144237,0.6130470834453927,6199,0.6536538151314728,0.2790009501876743,0.8006546589722522,0.8659803336275622,0.742861751895467,0.7387334887334888,0.9385488647581441,0.8267391304347826,0.5384566104540214,0.17875387700291145,0.10082767397509713,sv_complexity_low,0.5,6199,96295,34393
fold_b,314159,strict,C,complexity,medium,5345,3200,0.6255119953188999,True,0.7197191339964891,0.647915984565014,0.6346804398724938,8545,0.6255119953188999,0.2790009501876743,0.8051851905986904,0.863192206856873,0.7197191339964891,0.7096957634347455,0.933956969130028,0.8065271831327248,0.5414075181712337,0.1809402815137305,0.08778818116354593,sv_complexity_medium,0.5,8545,96295,34393
fold_b,314159,strict,C+T,complexity,high,17550,10923,0.6163734063849963,True,0.728163523337899,0.6711451645590618,0.6885071257846987,28473,0.6163734063849963,0.2726572754994557,0.8167169956595939,0.8805030497294372,0.728163523337899,0.7195023717891346,0.9161253561253562,0.8059955885301785,0.5235480532689147,0.17606633375574107,0.08764325284403393,sv_complexity_high,0.5,28473,96295,34393
fold_b,314159,strict,C+T,complexity,low,4052,2147,0.6536538151314728,True,0.805129859654783,0.7425454420893545,0.8018819388130562,6199,0.6536538151314728,0.2726572754994557,0.8904972433354745,0.9313825653543526,0.805129859654783,0.7947761194029851,0.9461994076999013,0.8639026588553402,0.4088265606394409,0.13065702780198005,0.07295822056456706,sv_complexity_low,0.5,6199,96295,34393
fold_b,314159,strict,C+T,complexity,medium,5345,3200,0.6255119953188999,True,0.7898186073727326,0.7368695919083255,0.7828659034504236,8545,0.6255119953188999,0.2726572754994557,0.8804968428437792,0.9186858854349158,0.7898186073727326,0.7695579523013824,0.9478016838166511,0.8494299128101945,0.4280466139049045,0.138082788042636,0.06229587171750318,sv_complexity_medium,0.5,8545,96295,34393
fold_b,314159,strict,C+S,complexity,high,17550,10923,0.6163734063849963,True,0.6756225195799529,0.5970654879416208,0.6006861920689716,28473,0.6163734063849963,0.2293130456114049,0.7671734542731521,0.8468126040799837,0.6756225195799529,0.6697427521437321,0.9345868945868946,0.7803044719314938,0.5768983918412064,0.1982586116628681,0.09584062483939715,sv_complexity_high,0.5,28473,96295,34393
fold_b,314159,strict,C+S,complexity,low,4052,2147,0.6536538151314728,True,0.7591547023713502,0.6675242688091605,0.6772826519417499,6199,0.6536538151314728,0.2293130456114049,0.8314987946633219,0.8882280777091365,0.7591547023713502,0.7429276628061515,0.9656959526159921,0.8397896770039703,0.4918593080216864,0.16085907009534572,0.08293527092661337,sv_complexity_low,0.5,6199,96295,34393
fold_b,314159,strict,C+S,complexity,medium,5345,3200,0.6255119953188999,True,0.7335283791691047,0.6604592492984097,0.671842659429115,8545,0.6255119953188999,0.2293130456114049,0.8243395404583723,0.8771090123081531,0.7335283791691047,0.7159346846846847,0.9515434985968194,0.8170937424692747,0.509598127426686,0.16866768439757834,0.07479213077222702,sv_complexity_medium,0.5,8545,96295,34393
fold_b,314159,strict,C+S+T,complexity,high,17550,10923,0.6163734063849963,True,0.7256348119270888,0.6732076986457651,0.6849925196310489,28473,0.6163734063849963,0.2827367193376861,0.813190426745311,0.8791547533428141,0.7256348119270888,0.7233691164327003,0.8984615384615384,0.8014638609332113,0.5251207051259621,0.17723349434032204,0.08098592809190527,sv_complexity_high,0.5,28473,96295,34393
fold_b,314159,strict,C+S+T,complexity,low,4052,2147,0.6536538151314728,True,0.8059364413615099,0.7439288320303681,0.8022449317949464,6199,0.6536538151314728,0.2827367193376861,0.889540307626381,0.9315082865887643,0.8059364413615099,0.7958463136033229,0.945705824284304,0.8643284087064396,0.407730482244772,0.13074417738520114,0.07055278723797247,sv_complexity_low,0.5,6199,96295,34393
fold_b,314159,strict,C+S+T,complexity,medium,5345,3200,0.6255119953188999,True,0.7884142773551784,0.7378163002806362,0.775129081156559,8545,0.6255119953188999,0.2827367193376861,0.8750421246492048,0.9157885382915142,0.7884142773551784,0.7718677940046118,0.9393826005612722,0.8474261603375527,0.4342137662273393,0.14093166175129704,0.06068188584195871,sv_complexity_medium,0.5,8545,96295,34393
fold_b,314159,strict,T,complexity,high,17550,10923,0.6163734063849963,True,0.728163523337899,0.6711797344425743,0.6853332254212395,28473,0.6163734063849963,0.275100055519244,0.8158259539125602,0.8792854571445299,0.728163523337899,0.7195416703965626,0.916011396011396,0.8059761355660283,0.524770602550118,0.17635912272820264,0.08743928973227089,sv_complexity_high,0.5,28473,96295,34393
fold_b,314159,strict,T,complexity,low,4052,2147,0.6536538151314728,True,0.8043232779480561,0.7416000011034934,0.7990096658514011,6199,0.6536538151314728,0.275100055519244,0.8895655385438761,0.9303877645721823,0.8043232779480561,0.7941968911917099,0.945705824284304,0.8633547369606849,0.4110735255934325,0.13126316732656332,0.07332457098106855,sv_complexity_low,0.5,6199,96295,34393
fold_b,314159,strict,T,complexity,medium,5345,3200,0.6255119953188999,True,0.7874780573434758,0.7346851613657623,0.7812275215723664,8545,0.6255119953188999,0.275100055519244,0.8801817703461178,0.9180723310744965,0.7874780573434758,0.7684466757949187,0.9449953227315248,0.8476254405101528,0.42897603753164526,0.13822186592122812,0.06227821947670724,sv_complexity_medium,0.5,8545,96295,34393
fold_b,314159,strict,S,complexity,high,17550,10923,0.6163734063849963,True,0.67323429213641,0.5925699946243752,0.5974522382940584,28473,0.6163734063849963,0.2209973802149051,0.765205114903,0.8455719734094054,0.67323429213641,0.6668015211586698,0.9391452991452991,0.7798807608592789,0.5795090717897888,0.19930676332364058,0.09701111293150462,sv_complexity_high,0.5,28473,96295,34393
fold_b,314159,strict,S,complexity,low,4052,2147,0.6536538151314728,True,0.7541538957896435,0.659757456741908,0.6661648238429126,6199,0.6536538151314728,0.2209973802149051,0.8276403034423019,0.8843774603630801,0.7541538957896435,0.7381311228334589,0.9669299111549852,0.8371794871794872,0.49638915911735965,0.16238944962662089,0.08455878975130168,sv_complexity_low,0.5,6199,96295,34393
fold_b,314159,strict,S,complexity,medium,5345,3200,0.6255119953188999,True,0.7268578115857226,0.6510513622544434,0.6715050079380166,8545,0.6255119953188999,0.2209973802149051,0.8234615586997194,0.876982565874974,0.7268578115857226,0.7097673122474571,0.9530402245088868,0.8136080498322952,0.511373489981343,0.1692830735591751,0.07426267816085783,sv_complexity_medium,0.5,8545,96295,34393
fold_b,314159,strict,K,complexity,high,17550,10923,0.6163734063849963,True,0.6249780493801145,0.5274454280194462,0.3826258389002399,28473,0.6163734063849963,0.2743332177494537,0.6647677331061017,0.7631588535913785,0.6249780493801145,0.6303984819734345,0.9464957264957264,0.7567653758542141,0.6635404464776182,0.23373099564926883,0.12135148719701846,sv_complexity_high,0.5,28473,96295,34393
fold_b,314159,strict,K,complexity,low,4052,2147,0.6536538151314728,True,0.68656234876593,0.5574714896379668,0.4408720475567719,6199,0.6536538151314728,0.2743332177494537,0.7106745977191711,0.8063481668179366,0.68656234876593,0.6814037502150353,0.9775419545903258,0.8030410542321338,0.6147837549777437,0.21272733560979823,0.12045951000563566,sv_complexity_low,0.5,6199,96295,34393
fold_b,314159,strict,K,complexity,medium,5345,3200,0.6255119953188999,True,0.6560561732007022,0.5504377630963517,0.4520080434668593,8545,0.6255119953188999,0.2743332177494537,0.710385757717493,0.794783585616612,0.6560561732007022,0.650827482447342,0.9711880261927035,0.7793709180992417,0.6189793539247357,0.21465721282329667,0.10261876172743423,sv_complexity_medium,0.5,8545,96295,34393
fold_b,42,1hop,C,complexity,high,17550,10923,0.6163734063849963,True,0.6708811856846837,0.5993727733606888,0.5762500867047189,28473,0.6163734063849963,0.2790009501876743,0.754116909534835,0.8374382642178781,0.6708811856846837,0.6729687433912787,0.9066096866096867,0.7725098924574564,0.5933471502522251,0.20483351252867932,0.10745364788937696,sv_complexity_high,0.5,28473,96295,34393
fold_b,42,1hop,C,complexity,low,4052,2147,0.6536538151314728,True,0.742861751895467,0.6560466727144237,0.6130470834453927,6199,0.6536538151314728,0.2790009501876743,0.8006546589722522,0.8659803336275622,0.742861751895467,0.7387334887334888,0.9385488647581441,0.8267391304347826,0.5384566104540214,0.17875387700291145,0.10082767397509713,sv_complexity_low,0.5,6199,96295,34393
fold_b,42,1hop,C,complexity,medium,5345,3200,0.6255119953188999,True,0.7197191339964891,0.647915984565014,0.6346804398724938,8545,0.6255119953188999,0.2790009501876743,0.8051851905986904,0.863192206856873,0.7197191339964891,0.7096957634347455,0.933956969130028,0.8065271831327248,0.5414075181712337,0.1809402815137305,0.08778818116354593,sv_complexity_medium,0.5,8545,96295,34393
fold_b,42,1hop,C+T,complexity,high,17550,10923,0.6163734063849963,True,0.7404207494819653,0.6908541765943579,0.7009844617705949,28473,0.6163734063849963,0.2679935364233901,0.8252981046032405,0.8852896876310964,0.7404207494819653,0.7355437050776722,0.9038176638176638,0.8110443563850185,0.5142354157220518,0.17345094804908706,0.08636693228131716,sv_complexity_high,0.5,28473,96295,34393
fold_b,42,1hop,C+T,complexity,low,4052,2147,0.6536538151314728,True,0.8362639135344411,0.7855211086798495,0.8360532160617938,6199,0.6536538151314728,0.2679935364233901,0.9101865547601719,0.9432176568615376,0.8362639135344411,0.8253696164559674,0.9506416584402764,0.8835875673815805,0.3695428990708588,0.11604647425395116,0.06544622496975809,sv_complexity_low,0.5,6199,96295,34393
fold_b,42,1hop,C+T,complexity,medium,5345,3200,0.6255119953188999,True,0.8195435927442949,0.7771841382132834,0.8180258961236039,8545,0.6255119953188999,0.2679935364233901,0.9010171012628623,0.9318528809356972,0.8195435927442949,0.8013948327785703,0.9459307764265669,0.8676849150506264,0.39160122444486306,0.12502732832172184,0.056929196914978525,sv_complexity_medium,0.5,8545,96295,34393
fold_b,42,1hop,C+S,complexity,high,17550,10923,0.6163734063849963,True,0.6756225195799529,0.5970654879416208,0.6006861920689716,28473,0.6163734063849963,0.2293130456114049,0.7671734542731521,0.8468126040799837,0.6756225195799529,0.6697427521437321,0.9345868945868946,0.7803044719314938,0.5768983918412064,0.1982586116628681,0.09584062483939715,sv_complexity_high,0.5,28473,96295,34393
fold_b,42,1hop,C+S,complexity,low,4052,2147,0.6536538151314728,True,0.7591547023713502,0.6675242688091605,0.6772826519417499,6199,0.6536538151314728,0.2293130456114049,0.8314987946633219,0.8882280777091365,0.7591547023713502,0.7429276628061515,0.9656959526159921,0.8397896770039703,0.4918593080216864,0.16085907009534572,0.08293527092661337,sv_complexity_low,0.5,6199,96295,34393
fold_b,42,1hop,C+S,complexity,medium,5345,3200,0.6255119953188999,True,0.7335283791691047,0.6604592492984097,0.671842659429115,8545,0.6255119953188999,0.2293130456114049,0.8243395404583723,0.8771090123081531,0.7335283791691047,0.7159346846846847,0.9515434985968194,0.8170937424692747,0.509598127426686,0.16866768439757834,0.07479213077222702,sv_complexity_medium,0.5,8545,96295,34393
fold_b,42,1hop,C+S+T,complexity,high,17550,10923,0.6163734063849963,True,0.7341340919467566,0.6823666129104196,0.6953090220534862,28473,0.6163734063849963,0.2611561063841671,0.8215393483470019,0.8831124380251547,0.7341340919467566,0.7291303149967857,0.9047863247863248,0.8075162733930025,0.517207623230348,0.17419231402375976,0.0787339266602503,sv_complexity_high,0.5,28473,96295,34393
fold_b,42,1hop,C+S+T,complexity,low,4052,2147,0.6536538151314728,True,0.832876270366188,0.7786597934352256,0.8362829352588576,6199,0.6536538151314728,0.2611561063841671,0.9093224964147959,0.9432972192290316,0.832876270366188,0.81922099915326,0.9550839091806516,0.881950774840474,0.3730823559488895,0.11713499242835708,0.06531827148658678,sv_complexity_low,0.5,6199,96295,34393
fold_b,42,1hop,C+S+T,complexity,medium,5345,3200,0.6255119953188999,True,0.8057343475716794,0.759185570626754,0.8099582253479066,8545,0.6255119953188999,0.2611561063841671,0.8933439253975679,0.9288316350044823,0.8057343475716794,0.7873070325900514,0.9446211412535079,0.8588195271304644,0.4045518021107577,0.12988984354783148,0.05531629039875999,sv_complexity_medium,0.5,8545,96295,34393
fold_b,42,1hop,T,complexity,high,17550,10923,0.6163734063849963,True,0.742317283040073,0.7006375553505463,0.6948078938645174,28473,0.6163734063849963,0.3009165977035002,0.8229386357180921,0.8829201919250561,0.742317283040073,0.7471086377933704,0.8797150997150998,0.8080073269658511,0.5159118710833402,0.17385631186240963,0.08054701633239716,sv_complexity_high,0.5,28473,96295,34393
fold_b,42,1hop,T,complexity,low,4052,2147,0.6536538151314728,True,0.8401355057267301,0.7955992796946634,0.8314126358456024,6199,0.6536538151314728,0.3009165977035002,0.9086760331802083,0.9416104096080833,0.8401355057267301,0.8355623766717825,0.9405231984205331,0.8849413676999884,0.3713187504649747,0.1165347815059071,0.06395536517410152,sv_complexity_low,0.5,6199,96295,34393
fold_b,42,1hop,T,complexity,medium,5345,3200,0.6255119953188999,True,0.822469280280866,0.7854797123479889,0.8190543013509792,8545,0.6255119953188999,0.3009165977035002,0.9010653355940131,0.9322380063573006,0.822469280280866,0.8115234375,0.9328344246959775,0.8679606580207154,0.3920095406978222,0.12513300139533298,0.05750104990168264,sv_complexity_medium,0.5,8545,96295,34393
fold_b,42,1hop,S,complexity,high,17550,10923,0.6163734063849963,True,0.67323429213641,0.5925699946243752,0.5974522382940584,28473,0.6163734063849963,0.2209973802149051,0.765205114903,0.8455719734094054,0.67323429213641,0.6668015211586698,0.9391452991452991,0.7798807608592789,0.5795090717897888,0.19930676332364058,0.09701111293150462,sv_complexity_high,0.5,28473,96295,34393
fold_b,42,1hop,S,complexity,low,4052,2147,0.6536538151314728,True,0.7541538957896435,0.659757456741908,0.6661648238429126,6199,0.6536538151314728,0.2209973802149051,0.8276403034423019,0.8843774603630801,0.7541538957896435,0.7381311228334589,0.9669299111549852,0.8371794871794872,0.49638915911735965,0.16238944962662089,0.08455878975130168,sv_complexity_low,0.5,6199,96295,34393
fold_b,42,1hop,S,complexity,medium,5345,3200,0.6255119953188999,True,0.7268578115857226,0.6510513622544434,0.6715050079380166,8545,0.6255119953188999,0.2209973802149051,0.8234615586997194,0.876982565874974,0.7268578115857226,0.7097673122474571,0.9530402245088868,0.8136080498322952,0.511373489981343,0.1692830735591751,0.07426267816085783,sv_complexity_medium,0.5,8545,96295,34393
fold_b,42,1hop,K,complexity,high,17550,10923,0.6163734063849963,True,0.6249780493801145,0.5274454280194462,0.3826258389002399,28473,0.6163734063849963,0.2743332177494537,0.6647677331061017,0.7631588535913785,0.6249780493801145,0.6303984819734345,0.9464957264957264,0.7567653758542141,0.6635404464776182,0.23373099564926883,0.12135148719701846,sv_complexity_high,0.5,28473,96295,34393
fold_b,42,1hop,K,complexity,low,4052,2147,0.6536538151314728,True,0.68656234876593,0.5574714896379668,0.4408720475567719,6199,0.6536538151314728,0.2743332177494537,0.7106745977191711,0.8063481668179366,0.68656234876593,0.6814037502150353,0.9775419545903258,0.8030410542321338,0.6147837549777437,0.21272733560979823,0.12045951000563566,sv_complexity_low,0.5,6199,96295,34393
fold_b,42,1hop,K,complexity,medium,5345,3200,0.6255119953188999,True,0.6560561732007022,0.5504377630963517,0.4520080434668593,8545,0.6255119953188999,0.2743332177494537,0.710385757717493,0.794783585616612,0.6560561732007022,0.650827482447342,0.9711880261927035,0.7793709180992417,0.6189793539247357,0.21465721282329667,0.10261876172743423,sv_complexity_medium,0.5,8545,96295,34393
fold_b,42,strict,C,complexity,high,17550,10923,0.6163734063849963,True,0.6708811856846837,0.5993727733606888,0.5762500867047189,28473,0.6163734063849963,0.2790009501876743,0.754116909534835,0.8374382642178781,0.6708811856846837,0.6729687433912787,0.9066096866096867,0.7725098924574564,0.5933471502522251,0.20483351252867932,0.10745364788937696,sv_complexity_high,0.5,28473,96295,34393
fold_b,42,strict,C,complexity,low,4052,2147,0.6536538151314728,True,0.742861751895467,0.6560466727144237,0.6130470834453927,6199,0.6536538151314728,0.2790009501876743,0.8006546589722522,0.8659803336275622,0.742861751895467,0.7387334887334888,0.9385488647581441,0.8267391304347826,0.5384566104540214,0.17875387700291145,0.10082767397509713,sv_complexity_low,0.5,6199,96295,34393
fold_b,42,strict,C,complexity,medium,5345,3200,0.6255119953188999,True,0.7197191339964891,0.647915984565014,0.6346804398724938,8545,0.6255119953188999,0.2790009501876743,0.8051851905986904,0.863192206856873,0.7197191339964891,0.7096957634347455,0.933956969130028,0.8065271831327248,0.5414075181712337,0.1809402815137305,0.08778818116354593,sv_complexity_medium,0.5,8545,96295,34393
fold_b,42,strict,C+T,complexity,high,17550,10923,0.6163734063849963,True,0.7226144066308433,0.662599063686677,0.6773609187678956,28473,0.6163734063849963,0.2493057363838123,0.8119540278452665,0.8762270682998533,0.7226144066308433,0.7130120056497176,0.9204558404558405,0.80356165746406,0.5323174183615819,0.17880591097299978,0.08846766596436607,sv_complexity_high,0.5,28473,96295,34393
fold_b,42,strict,C+T,complexity,low,4052,2147,0.6536538151314728,True,0.8019035328278754,0.7333988034452904,0.7988312492484877,6199,0.6536538151314728,0.2493057363838123,0.888508196427348,0.930325970662446,0.8019035328278754,0.7866423061307348,0.9563178677196447,0.8632212073958565,0.41420507378463994,0.13218579713404408,0.07494138498544699,sv_complexity_low,0.5,6199,96295,34393
fold_b,42,strict,C+T,complexity,medium,5345,3200,0.6255119953188999,True,0.7853715623171446,0.7288628391019645,0.7834938989769589,8545,0.6255119953188999,0.2493057363838123,0.8790739300748363,0.9189210622265966,0.7853715623171446,0.7625243008823089,0.9539756782039289,0.8475731382978723,0.43144579068882893,0.13920869028755373,0.06382652140601205,sv_complexity_medium,0.5,8545,96295,34393
fold_b,42,strict,C+S,complexity,high,17550,10923,0.6163734063849963,True,0.6756225195799529,0.5970654879416208,0.6006861920689716,28473,0.6163734063849963,0.2293130456114049,0.7671734542731521,0.8468126040799837,0.6756225195799529,0.6697427521437321,0.9345868945868946,0.7803044719314938,0.5768983918412064,0.1982586116628681,0.09584062483939715,sv_complexity_high,0.5,28473,96295,34393
fold_b,42,strict,C+S,complexity,low,4052,2147,0.6536538151314728,True,0.7591547023713502,0.6675242688091605,0.6772826519417499,6199,0.6536538151314728,0.2293130456114049,0.8314987946633219,0.8882280777091365,0.7591547023713502,0.7429276628061515,0.9656959526159921,0.8397896770039703,0.4918593080216864,0.16085907009534572,0.08293527092661337,sv_complexity_low,0.5,6199,96295,34393
fold_b,42,strict,C+S,complexity,medium,5345,3200,0.6255119953188999,True,0.7335283791691047,0.6604592492984097,0.671842659429115,8545,0.6255119953188999,0.2293130456114049,0.8243395404583723,0.8771090123081531,0.7335283791691047,0.7159346846846847,0.9515434985968194,0.8170937424692747,0.509598127426686,0.16866768439757834,0.07479213077222702,sv_complexity_medium,0.5,8545,96295,34393
fold_b,42,strict,C+S+T,complexity,high,17550,10923,0.6163734063849963,True,0.7264777157306922,0.675844657747981,0.6760677572368928,28473,0.6163734063849963,0.2880927648123532,0.8104387328757923,0.8757309771467208,0.7264777157306922,0.7260140766808668,0.8933903133903134,0.8010524702396158,0.5302115596620728,0.17874563390571804,0.08105266782669952,sv_complexity_high,0.5,28473,96295,34393
fold_b,42,strict,C+S+T,complexity,low,4052,2147,0.6536538151314728,True,0.8030327472172931,0.7389705256904766,0.7935056821325195,6199,0.6536538151314728,0.2880927648123532,0.8859064807709374,0.9284814808095692,0.8030327472172931,0.7920363111202806,0.9474333662388944,0.8627935723114957,0.4139240226467241,0.13242428217903957,0.06999425073806696,sv_complexity_low,0.5,6199,96295,34393
fold_b,42,strict,C+S+T,complexity,medium,5345,3200,0.6255119953188999,True,0.7849034523112931,0.7341947789990646,0.7750850970934202,8545,0.6255119953188999,0.2880927648123532,0.8737913061272217,0.9157720667874716,0.7849034523112931,0.7697277341947393,0.9362020579981291,0.8448421408070235,0.437593469940831,0.14193292843203786,0.06196144567553493,sv_complexity_medium,0.5,8545,96295,34393
fold_b,42,strict,T,complexity,high,17550,10923,0.6163734063849963,True,0.7279527973869983,0.6780610505081804,0.6727107981992898,28473,0.6163734063849963,0.2972003619894406,0.8104546223982276,0.87444315838622,0.7279527973869983,0.7277881040892193,0.8924216524216524,0.8017404658305606,0.5333423925100155,0.17919627269551672,0.08692117963309169,sv_complexity_high,0.5,28473,96295,34393
fold_b,42,strict,T,complexity,low,4052,2147,0.6536538151314728,True,0.8083561864816906,0.7508161828231132,0.7981227404518817,6199,0.6536538151314728,0.2972003619894406,0.8882929002612062,0.9300805813437958,0.8083561864816906,0.8022372308991136,0.9380552813425469,0.8648464163822526,0.4159350623852729,0.1324911566744904,0.07643153817887204,sv_complexity_low,0.5,6199,96295,34393
fold_b,42,strict,T,complexity,medium,5345,3200,0.6255119953188999,True,0.7939145699239322,0.7468530753040225,0.7804386047412193,8545,0.6255119953188999,0.2972003619894406,0.8779528765201123,0.9177768911845409,0.7939145699239322,0.7798251093066834,0.934331150608045,0.8501149033960337,0.4332660378989676,0.1398391014099743,0.06399894813500918,sv_complexity_medium,0.5,8545,96295,34393
fold_b,42,strict,S,complexity,high,17550,10923,0.6163734063849963,True,0.67323429213641,0.5925699946243752,0.5974522382940584,28473,0.6163734063849963,0.2209973802149051,0.765205114903,0.8455719734094054,0.67323429213641,0.6668015211586698,0.9391452991452991,0.7798807608592789,0.5795090717897888,0.19930676332364058,0.09701111293150462,sv_complexity_high,0.5,28473,96295,34393
fold_b,42,strict,S,complexity,low,4052,2147,0.6536538151314728,True,0.7541538957896435,0.659757456741908,0.6661648238429126,6199,0.6536538151314728,0.2209973802149051,0.8276403034423019,0.8843774603630801,0.7541538957896435,0.7381311228334589,0.9669299111549852,0.8371794871794872,0.49638915911735965,0.16238944962662089,0.08455878975130168,sv_complexity_low,0.5,6199,96295,34393
fold_b,42,strict,S,complexity,medium,5345,3200,0.6255119953188999,True,0.7268578115857226,0.6510513622544434,0.6715050079380166,8545,0.6255119953188999,0.2209973802149051,0.8234615586997194,0.876982565874974,0.7268578115857226,0.7097673122474571,0.9530402245088868,0.8136080498322952,0.511373489981343,0.1692830735591751,0.07426267816085783,sv_complexity_medium,0.5,8545,96295,34393
fold_b,42,strict,K,complexity,high,17550,10923,0.6163734063849963,True,0.6249780493801145,0.5274454280194462,0.3826258389002399,28473,0.6163734063849963,0.2743332177494537,0.6647677331061017,0.7631588535913785,0.6249780493801145,0.6303984819734345,0.9464957264957264,0.7567653758542141,0.6635404464776182,0.23373099564926883,0.12135148719701846,sv_complexity_high,0.5,28473,96295,34393
fold_b,42,strict,K,complexity,low,4052,2147,0.6536538151314728,True,0.68656234876593,0.5574714896379668,0.4408720475567719,6199,0.6536538151314728,0.2743332177494537,0.7106745977191711,0.8063481668179366,0.68656234876593,0.6814037502150353,0.9775419545903258,0.8030410542321338,0.6147837549777437,0.21272733560979823,0.12045951000563566,sv_complexity_low,0.5,6199,96295,34393
fold_b,42,strict,K,complexity,medium,5345,3200,0.6255119953188999,True,0.6560561732007022,0.5504377630963517,0.4520080434668593,8545,0.6255119953188999,0.2743332177494537,0.710385757717493,0.794783585616612,0.6560561732007022,0.650827482447342,0.9711880261927035,0.7793709180992417,0.6189793539247357,0.21465721282329667,0.10261876172743423,sv_complexity_medium,0.5,8545,96295,34393
fold_c,20260806,1hop,C,complexity,high,10604,6499,0.6200081856984155,True,0.6877156054493364,0.6284636164609719,0.6128118129037087,17103,0.6200081856984155,0.3313372836173381,0.7697626231444712,0.8528716583091389,0.6877156054493364,0.6978422674986843,0.8753300641267446,0.7765739385065886,0.578521880555638,0.19875973851361078,0.10735319322913649,sv_complexity_high,0.5,17103,109681,29831
fold_c,20260806,1hop,C,complexity,low,5767,2943,0.6621125143513203,True,0.7489092996555683,0.6689560760866498,0.6381261931082,8710,0.6621125143513203,0.3313372836173381,0.8013788777124301,0.8777273692672138,0.7489092996555683,0.7564469914040115,0.9155540142188313,0.8284302188750294,0.5391843054308366,0.18017993446160033,0.10595923933629964,sv_complexity_low,0.5,8710,109681,29831
fold_c,20260806,1hop,C,complexity,medium,5537,3043,0.6453379953379953,True,0.7277389277389278,0.6569477249544204,0.6238650009479926,8580,0.6453379953379953,0.3313372836173381,0.7925063435172852,0.8665992072126738,0.7277389277389278,0.7363757199822774,0.9004876286797905,0.810204744881378,0.5506769578608476,0.1854823813484881,0.09875452850755005,sv_complexity_medium,0.5,8580,109681,29831
fold_c,20260806,1hop,C+T,complexity,high,10604,6499,0.6200081856984155,True,0.7385838741741215,0.6837816617929613,0.7144049425846015,17103,0.6200081856984155,0.3012178475616963,0.8310264443666551,0.8914762159771575,0.7385838741741215,0.7321171750813715,0.9121086382497171,0.8122611799286165,0.5014039561001017,0.1676953177129133,0.07920359663195589,sv_complexity_high,0.5,17103,109681,29831
fold_c,20260806,1hop,C+T,complexity,low,5767,2943,0.6621125143513203,True,0.8351320321469575,0.7824039090561841,0.817598381049915,8710,0.6621125143513203,0.3012178475616963,0.9016794796173833,0.9383687755947072,0.8351320321469575,0.8296544375095144,0.945032079070574,0.8835927367055771,0.3950595012923502,0.12353903290876835,0.08823677825083104,sv_complexity_low,0.5,8710,109681,29831
fold_c,20260806,1hop,C+T,complexity,medium,5537,3043,0.6453379953379953,True,0.8158508158508159,0.7682155078870427,0.8091027057348469,8580,0.6453379953379953,0.3012178475616963,0.8944423173926712,0.9322959829313682,0.8158508158508159,0.810840534171249,0.9320931912588044,0.867249201814821,0.4126054216157789,0.1305384170900963,0.08148637038997782,sv_complexity_medium,0.5,8580,109681,29831
fold_c,20260806,1hop,C+S,complexity,high,10604,6499,0.6200081856984155,True,0.6874817283517511,0.6144855280233752,0.6305291848742498,17103,0.6200081856984155,0.2584194071711078,0.7795438845044147,0.8596041146288809,0.6874817283517511,0.684876608310483,0.9186156167483969,0.7847101945462601,0.5646718035089494,0.19313587658268827,0.10038037728590922,sv_complexity_high,0.5,17103,109681,29831
fold_c,20260806,1hop,C+S,complexity,low,5767,2943,0.6621125143513203,True,0.773593570608496,0.6899260623837185,0.699930140672155,8710,0.6621125143513203,0.2584194071711078,0.8369185320464585,0.8986101497127614,0.773593570608496,0.765793528505393,0.9479798855557482,0.8472028513869518,0.49446198257277363,0.16162606719124537,0.10117289594908771,sv_complexity_low,0.5,8710,109681,29831
fold_c,20260806,1hop,C+S,complexity,medium,5537,3043,0.6453379953379953,True,0.7423076923076923,0.6619445820549014,0.6761215213339234,8580,0.6453379953379953,0.2584194071711078,0.8221084449006775,0.885132609489409,0.7423076923076923,0.7353523917350694,0.9384143037746072,0.8245655796238991,0.5124781181691563,0.1698088158369536,0.0887286849077898,sv_complexity_medium,0.5,8580,109681,29831
fold_c,20260806,1hop,C+S+T,complexity,high,10604,6499,0.6200081856984155,True,0.734841840612758,0.6792152220963803,0.7131040629784431,17103,0.6200081856984155,0.281230124748803,0.8290109440857019,0.8909818923754255,0.734841840612758,0.7290015847860539,0.9109769898151641,0.8098931041710333,0.5040166372850362,0.16885400614315246,0.07837339867198961,sv_complexity_high,0.5,17103,109681,29831
fold_c,20260806,1hop,C+S+T,complexity,low,5767,2943,0.6621125143513203,True,0.8340987370838117,0.7792109675770746,0.8266636047966057,8710,0.6621125143513203,0.281230124748803,0.9031921814162752,0.9414318012533193,0.8340987370838117,0.8265336959806588,0.9485000867001907,0.8833266047638272,0.39385394384636946,0.12317689170872284,0.08350593331090661,sv_complexity_low,0.5,8710,109681,29831
fold_c,20260806,1hop,C+S+T,complexity,medium,5537,3043,0.6453379953379953,True,0.8137529137529137,0.7625935428801471,0.8095422952566114,8580,0.6453379953379953,0.281230124748803,0.8934809302175412,0.9324518886323856,0.8137529137529137,0.8051123160340821,0.9385949069893444,0.8667444963308872,0.41192227097733153,0.13057631542258694,0.07747477301714525,sv_complexity_medium,0.5,8580,109681,29831
fold_c,20260806,1hop,T,complexity,high,10604,6499,0.6200081856984155,True,0.7327954160088873,0.6712807106266936,0.7110333306664216,17103,0.6200081856984155,0.281028699374822,0.8298085670145465,0.8901950310472475,0.7327954160088873,0.7212201202522364,0.9275745001886081,0.811484200973517,0.505620774635561,0.16878069558903308,0.0820999154825339,sv_complexity_high,0.5,17103,109681,29831
fold_c,20260806,1hop,T,complexity,low,5767,2943,0.6621125143513203,True,0.8334098737083812,0.7765277100938879,0.8142455292301859,8710,0.6621125143513203,0.281028699374822,0.9005742068493916,0.9372358889235863,0.8334098737083812,0.8238295318127251,0.9519680943298076,0.8832756817633336,0.399728632227873,0.12458366008134553,0.09071391596365846,sv_complexity_low,0.5,8710,109681,29831
fold_c,20260806,1hop,T,complexity,medium,5537,3043,0.6453379953379953,True,0.8115384615384615,0.7595456336487232,0.8051581295961218,8580,0.6453379953379953,0.281028699374822,0.8923033889484008,0.930896991650466,0.8115384615384615,0.8028430160692213,0.9384143037746072,0.86535098675993,0.418141370341632,0.13217596866134732,0.08477200942015274,sv_complexity_medium,0.5,8580,109681,29831
fold_c,20260806,1hop,S,complexity,high,10604,6499,0.6200081856984155,True,0.6874232590773548,0.6158679549632131,0.6276089209462351,17103,0.6200081856984155,0.2588975124429122,0.7781576050147054,0.8584944382406351,0.6874232590773548,0.6861107178252867,0.9139947189739721,0.7838253133845532,0.5667948827393745,0.1939325471935444,0.10084409664961246,sv_complexity_high,0.5,17103,109681,29831
fold_c,20260806,1hop,S,complexity,low,5767,2943,0.6621125143513203,True,0.7722158438576349,0.6886360766711321,0.6921330093678117,8710,0.6621125143513203,0.2588975124429122,0.8339971215418834,0.8959755966210643,0.7722158438576349,0.7651759428010655,0.9464192821224207,0.8462015503875969,0.49720926022886014,0.16249431464029035,0.10072929706406702,sv_complexity_low,0.5,8710,109681,29831
fold_c,20260806,1hop,S,complexity,medium,5537,3043,0.6453379953379953,True,0.7425407925407925,0.662421224978843,0.6659152435564956,8580,0.6453379953379953,0.2588975124429122,0.8179451045756712,0.8815128305527291,0.7425407925407925,0.7356940509915014,0.9380530973451328,0.8246407874890846,0.5167505756595007,0.17134018097648798,0.08968719693495239,sv_complexity_medium,0.5,8580,109681,29831
fold_c,20260806,1hop,K,complexity,high,10604,6499,0.6200081856984155,True,0.633163772437584,0.5266324015608935,0.44939067029925267,17103,0.6200081856984155,0.2740800866186559,0.6954265778288496,0.7907729618356337,0.633163772437584,0.633214373615555,0.9704828366654092,0.7663836759011021,0.6404090900104898,0.22393342736677968,0.1154363868546324,sv_complexity_high,0.5,17103,109681,29831
fold_c,20260806,1hop,K,complexity,low,5767,2943,0.6621125143513203,True,0.6818599311136625,0.5413682757196867,0.4587729204133837,8710,0.6621125143513203,0.2740800866186559,0.7040558661502246,0.8171261429135004,0.6818599311136625,0.6816638370118846,0.9746835443037974,0.8022550488831799,0.6196314035018383,0.21460094472664643,0.12665080796087416,sv_complexity_low,0.5,8710,109681,29831
fold_c,20260806,1hop,K,complexity,medium,5537,3043,0.6453379953379953,True,0.6641025641025641,0.5348912887941552,0.4588771901311169,8580,0.6453379953379953,0.2740800866186559,0.7078037919078245,0.8080842994835651,0.6641025641025641,0.662068123550238,0.9794112335199566,0.7900641025641025,0.6155319162642447,0.21319148148811415,0.10766318488105955,sv_complexity_medium,0.5,8580,109681,29831
fold_c,20260806,strict,C,complexity,high,10604,6499,0.6200081856984155,True,0.6877156054493364,0.6284636164609719,0.6128118129037087,17103,0.6200081856984155,0.3313372836173381,0.7697626231444712,0.8528716583091389,0.6877156054493364,0.6978422674986843,0.8753300641267446,0.7765739385065886,0.578521880555638,0.19875973851361078,0.10735319322913649,sv_complexity_high,0.5,17103,109681,29831
fold_c,20260806,strict,C,complexity,low,5767,2943,0.6621125143513203,True,0.7489092996555683,0.6689560760866498,0.6381261931082,8710,0.6621125143513203,0.3313372836173381,0.8013788777124301,0.8777273692672138,0.7489092996555683,0.7564469914040115,0.9155540142188313,0.8284302188750294,0.5391843054308366,0.18017993446160033,0.10595923933629964,sv_complexity_low,0.5,8710,109681,29831
fold_c,20260806,strict,C,complexity,medium,5537,3043,0.6453379953379953,True,0.7277389277389278,0.6569477249544204,0.6238650009479926,8580,0.6453379953379953,0.3313372836173381,0.7925063435172852,0.8665992072126738,0.7277389277389278,0.7363757199822774,0.9004876286797905,0.810204744881378,0.5506769578608476,0.1854823813484881,0.09875452850755005,sv_complexity_medium,0.5,8580,109681,29831
fold_c,20260806,strict,C+T,complexity,high,10604,6499,0.6200081856984155,True,0.724668186867801,0.6590976129630017,0.702743289478108,17103,0.6200081856984155,0.2649659033713389,0.8221640415445048,0.8870448832554654,0.724668186867801,0.7124018159544571,0.9322897019992455,0.8076467464564356,0.5104194849042029,0.17114777323584363,0.07608813509818087,sv_complexity_high,0.5,17103,109681,29831
fold_c,20260806,strict,C+T,complexity,low,5767,2943,0.6621125143513203,True,0.8098737083811711,0.7448606937393978,0.8038217797058383,8710,0.6621125143513203,0.2649659033713389,0.886575675950687,0.9337138344057729,0.8098737083811711,0.8025909023995289,0.9453788798335356,0.8681528662420382,0.41758129345188943,0.1336075693122691,0.08209435313397301,sv_complexity_low,0.5,8710,109681,29831
fold_c,20260806,strict,C+T,complexity,medium,5537,3043,0.6453379953379953,True,0.7879953379953379,0.728130941900664,0.7855834594984796,8580,0.6453379953379953,0.2649659033713389,0.8750711833653222,0.9239545999130389,0.7879953379953379,0.7805614246906127,0.9340798266209138,0.850448080243361,0.4392707162069822,0.1428837105662299,0.080491409121662,sv_complexity_medium,0.5,8580,109681,29831
fold_c,20260806,strict,C+S,complexity,high,10604,6499,0.6200081856984155,True,0.6874817283517511,0.6144855280233752,0.6305291848742498,17103,0.6200081856984155,0.2584194071711078,0.7795438845044147,0.8596041146288809,0.6874817283517511,0.684876608310483,0.9186156167483969,0.7847101945462601,0.5646718035089494,0.19313587658268827,0.10038037728590922,sv_complexity_high,0.5,17103,109681,29831
fold_c,20260806,strict,C+S,complexity,low,5767,2943,0.6621125143513203,True,0.773593570608496,0.6899260623837185,0.699930140672155,8710,0.6621125143513203,0.2584194071711078,0.8369185320464585,0.8986101497127614,0.773593570608496,0.765793528505393,0.9479798855557482,0.8472028513869518,0.49446198257277363,0.16162606719124537,0.10117289594908771,sv_complexity_low,0.5,8710,109681,29831
fold_c,20260806,strict,C+S,complexity,medium,5537,3043,0.6453379953379953,True,0.7423076923076923,0.6619445820549014,0.6761215213339234,8580,0.6453379953379953,0.2584194071711078,0.8221084449006775,0.885132609489409,0.7423076923076923,0.7353523917350694,0.9384143037746072,0.8245655796238991,0.5124781181691563,0.1698088158369536,0.0887286849077898,sv_complexity_medium,0.5,8580,109681,29831
fold_c,20260806,strict,C+S+T,complexity,high,10604,6499,0.6200081856984155,True,0.7193474828977372,0.650577608231403,0.6977388437527536,17103,0.6200081856984155,0.2396449507184963,0.8196475211431711,0.8851432348447141,0.7193474828977372,0.7062544420753376,0.9370992078460958,0.8054632406581828,0.5133131724572806,0.17236549573700666,0.07399883401697699,sv_complexity_high,0.5,17103,109681,29831
fold_c,20260806,strict,C+S+T,complexity,low,5767,2943,0.6621125143513203,True,0.808036739380023,0.7362355714002142,0.8111666593307345,8710,0.6621125143513203,0.2396449507184963,0.8887108338590434,0.9361955773146213,0.808036739380023,0.7945619335347432,0.9576903069186752,0.8685327881742413,0.41563820295885096,0.13282015516406387,0.08299164316406052,sv_complexity_low,0.5,8710,109681,29831
fold_c,20260806,strict,C+S+T,complexity,medium,5537,3043,0.6453379953379953,True,0.7872960372960373,0.7217423479996636,0.7845040313554038,8580,0.6453379953379953,0.2396449507184963,0.8764984116947317,0.923571767763927,0.7872960372960373,0.7738270876364709,0.9472638612967311,0.8518067397482745,0.43656620408288743,0.14122027860257436,0.07786973830475434,sv_complexity_medium,0.5,8580,109681,29831
fold_c,20260806,strict,T,complexity,high,10604,6499,0.6200081856984155,True,0.7194644214465299,0.6508208267424017,0.6996254726864162,17103,0.6200081856984155,0.2572051282478773,0.8205260113429516,0.8858601383961304,0.7194644214465299,0.7064428957474044,0.9368162957374576,0.8054812292224114,0.5137089479339447,0.17223815062012035,0.07818697825630556,sv_complexity_high,0.5,17103,109681,29831
fold_c,20260806,strict,T,complexity,low,5767,2943,0.6621125143513203,True,0.8079219288174512,0.7402254004632612,0.7977525771361837,8710,0.6621125143513203,0.2572051282478773,0.8834203546358914,0.9316631268096198,0.8079219288174512,0.7987448920023351,0.9490202878446332,0.8674221412156272,0.4254792310815208,0.13602451873659982,0.08649144843772667,sv_complexity_low,0.5,8710,109681,29831
fold_c,20260806,strict,T,complexity,medium,5537,3043,0.6453379953379953,True,0.786946386946387,0.7250239196880117,0.7822385327933873,8580,0.6453379953379953,0.2572051282478773,0.872685030901667,0.9227682815023633,0.786946386946387,0.7776613265458902,0.9380530973451328,0.8503601833660773,0.4449972974130843,0.14466195278757743,0.08354486290239889,sv_complexity_medium,0.5,8580,109681,29831
fold_c,20260806,strict,S,complexity,high,10604,6499,0.6200081856984155,True,0.6874232590773548,0.6158679549632131,0.6276089209462351,17103,0.6200081856984155,0.2588975124429122,0.7781576050147054,0.8584944382406351,0.6874232590773548,0.6861107178252867,0.9139947189739721,0.7838253133845532,0.5667948827393745,0.1939325471935444,0.10084409664961246,sv_complexity_high,0.5,17103,109681,29831
fold_c,20260806,strict,S,complexity,low,5767,2943,0.6621125143513203,True,0.7722158438576349,0.6886360766711321,0.6921330093678117,8710,0.6621125143513203,0.2588975124429122,0.8339971215418834,0.8959755966210643,0.7722158438576349,0.7651759428010655,0.9464192821224207,0.8462015503875969,0.49720926022886014,0.16249431464029035,0.10072929706406702,sv_complexity_low,0.5,8710,109681,29831
fold_c,20260806,strict,S,complexity,medium,5537,3043,0.6453379953379953,True,0.7425407925407925,0.662421224978843,0.6659152435564956,8580,0.6453379953379953,0.2588975124429122,0.8179451045756712,0.8815128305527291,0.7425407925407925,0.7356940509915014,0.9380530973451328,0.8246407874890846,0.5167505756595007,0.17134018097648798,0.08968719693495239,sv_complexity_medium,0.5,8580,109681,29831
fold_c,20260806,strict,K,complexity,high,10604,6499,0.6200081856984155,True,0.633163772437584,0.5266324015608935,0.44939067029925267,17103,0.6200081856984155,0.2740800866186559,0.6954265778288496,0.7907729618356337,0.633163772437584,0.633214373615555,0.9704828366654092,0.7663836759011021,0.6404090900104898,0.22393342736677968,0.1154363868546324,sv_complexity_high,0.5,17103,109681,29831
fold_c,20260806,strict,K,complexity,low,5767,2943,0.6621125143513203,True,0.6818599311136625,0.5413682757196867,0.4587729204133837,8710,0.6621125143513203,0.2740800866186559,0.7040558661502246,0.8171261429135004,0.6818599311136625,0.6816638370118846,0.9746835443037974,0.8022550488831799,0.6196314035018383,0.21460094472664643,0.12665080796087416,sv_complexity_low,0.5,8710,109681,29831
fold_c,20260806,strict,K,complexity,medium,5537,3043,0.6453379953379953,True,0.6641025641025641,0.5348912887941552,0.4588771901311169,8580,0.6453379953379953,0.2740800866186559,0.7078037919078245,0.8080842994835651,0.6641025641025641,0.662068123550238,0.9794112335199566,0.7900641025641025,0.6155319162642447,0.21319148148811415,0.10766318488105955,sv_complexity_medium,0.5,8580,109681,29831
fold_c,314159,1hop,C,complexity,high,10604,6499,0.6200081856984155,True,0.6877156054493364,0.6284636164609719,0.6128118129037087,17103,0.6200081856984155,0.3313372836173381,0.7697626231444712,0.8528716583091389,0.6877156054493364,0.6978422674986843,0.8753300641267446,0.7765739385065886,0.578521880555638,0.19875973851361078,0.10735319322913649,sv_complexity_high,0.5,17103,109681,29831
fold_c,314159,1hop,C,complexity,low,5767,2943,0.6621125143513203,True,0.7489092996555683,0.6689560760866498,0.6381261931082,8710,0.6621125143513203,0.3313372836173381,0.8013788777124301,0.8777273692672138,0.7489092996555683,0.7564469914040115,0.9155540142188313,0.8284302188750294,0.5391843054308366,0.18017993446160033,0.10595923933629964,sv_complexity_low,0.5,8710,109681,29831
fold_c,314159,1hop,C,complexity,medium,5537,3043,0.6453379953379953,True,0.7277389277389278,0.6569477249544204,0.6238650009479926,8580,0.6453379953379953,0.3313372836173381,0.7925063435172852,0.8665992072126738,0.7277389277389278,0.7363757199822774,0.9004876286797905,0.810204744881378,0.5506769578608476,0.1854823813484881,0.09875452850755005,sv_complexity_medium,0.5,8580,109681,29831
fold_c,314159,1hop,C+T,complexity,high,10604,6499,0.6200081856984155,True,0.734081740045606,0.6728541471342631,0.7165327375259877,17103,0.6200081856984155,0.2570275712919899,0.8322012471639864,0.8922847606373966,0.734081740045606,0.722254844392249,0.9279517163334591,0.8122833085685983,0.5000712406853715,0.16770574351095627,0.08023726869765754,sv_complexity_high,0.5,17103,109681,29831
fold_c,314159,1hop,C+T,complexity,low,5767,2943,0.6621125143513203,True,0.835361653272101,0.7819117536411282,0.8244447516174535,8710,0.6621125143513203,0.2570275712919899,0.9029663131313935,0.9406820785315919,0.835361653272101,0.8289054197662061,0.9467660828853823,0.8839242350655658,0.38834756238178636,0.12229503499297001,0.0815961079253851,sv_complexity_low,0.5,8710,109681,29831
fold_c,314159,1hop,C+T,complexity,medium,5537,3043,0.6453379953379953,True,0.8151515151515152,0.7641952316596783,0.811622623491585,8580,0.6453379953379953,0.2570275712919899,0.8954853410192871,0.9331897020145563,0.8151515151515152,0.806136680613668,0.9394979230630305,0.8677231025854879,0.40566139009625773,0.1293222689257014,0.07486735879250442,sv_complexity_medium,0.5,8580,109681,29831
fold_c,314159,1hop,C+S,complexity,high,10604,6499,0.6200081856984155,True,0.6874817283517511,0.6144855280233752,0.6305291848742498,17103,0.6200081856984155,0.2584194071711078,0.7795438845044147,0.8596041146288809,0.6874817283517511,0.684876608310483,0.9186156167483969,0.7847101945462601,0.5646718035089494,0.19313587658268827,0.10038037728590922,sv_complexity_high,0.5,17103,109681,29831
fold_c,314159,1hop,C+S,complexity,low,5767,2943,0.6621125143513203,True,0.773593570608496,0.6899260623837185,0.699930140672155,8710,0.6621125143513203,0.2584194071711078,0.8369185320464585,0.8986101497127614,0.773593570608496,0.765793528505393,0.9479798855557482,0.8472028513869518,0.49446198257277363,0.16162606719124537,0.10117289594908771,sv_complexity_low,0.5,8710,109681,29831
fold_c,314159,1hop,C+S,complexity,medium,5537,3043,0.6453379953379953,True,0.7423076923076923,0.6619445820549014,0.6761215213339234,8580,0.6453379953379953,0.2584194071711078,0.8221084449006775,0.885132609489409,0.7423076923076923,0.7353523917350694,0.9384143037746072,0.8245655796238991,0.5124781181691563,0.1698088158369536,0.0887286849077898,sv_complexity_medium,0.5,8580,109681,29831
fold_c,314159,1hop,C+S+T,complexity,high,10604,6499,0.6200081856984155,True,0.7336139858504356,0.675753049434701,0.7141643969363418,17103,0.6200081856984155,0.2606539227705621,0.8300495799226054,0.891384810599853,0.7336139858504356,0.725739026575097,0.9168238400603546,0.8101666666666667,0.5044878257077337,0.16918899796599496,0.08183395002155838,sv_complexity_high,0.5,17103,109681,29831
fold_c,314159,1hop,C+S+T,complexity,low,5767,2943,0.6621125143513203,True,0.8334098737083812,0.7771932658904246,0.8320680841290611,8710,0.6621125143513203,0.2606539227705621,0.9037319733275686,0.9432579071862028,0.8334098737083812,0.8246089049338147,0.9505808912779609,0.8831252517116391,0.3922380273312908,0.123110714490125,0.08369510267332166,sv_complexity_low,0.5,8710,109681,29831
fold_c,314159,1hop,C+S+T,complexity,medium,5537,3043,0.6453379953379953,True,0.8111888111888111,0.7567583912983793,0.8119822590805543,8580,0.6453379953379953,0.2606539227705621,0.8942516839632477,0.933317251093488,0.8111888111888111,0.7996022640354903,0.9440130034314611,0.8658273977140964,0.40871314958171157,0.1300834344012937,0.07560335432472516,sv_complexity_medium,0.5,8580,109681,29831
fold_c,314159,1hop,T,complexity,high,10604,6499,0.6200081856984155,True,0.7361281646494767,0.678942119116605,0.7121312413295144,17103,0.6200081856984155,0.2834745354609485,0.8305436422363444,0.8906122281120572,0.7361281646494767,0.7279395254846194,0.9172010562052055,0.8116837054037137,0.5004560366478142,0.1675201355869044,0.0754017632022084,sv_complexity_high,0.5,17103,109681,29831
fold_c,314159,1hop,T,complexity,low,5767,2943,0.6621125143513203,True,0.8405281285878301,0.7930511815117838,0.8228937876528123,8710,0.6621125143513203,0.2834745354609485,0.902691777257282,0.9401580272172476,0.8405281285878301,0.8389594301641375,0.9394832668631871,0.8863803680981595,0.3898792536375355,0.12255263214034756,0.08290145290261476,sv_complexity_low,0.5,8710,109681,29831
fold_c,314159,1hop,T,complexity,medium,5537,3043,0.6453379953379953,True,0.8186480186480186,0.7732691336286331,0.810045171512691,8580,0.6453379953379953,0.2834745354609485,0.8941473756655478,0.9326302397334637,0.8186480186480186,0.8154016796070354,0.9293841430377461,0.8686698176907495,0.4083408198694042,0.13017670804799183,0.07460560095372487,sv_complexity_medium,0.5,8580,109681,29831
fold_c,314159,1hop,S,complexity,high,10604,6499,0.6200081856984155,True,0.6874232590773548,0.6158679549632131,0.6276089209462351,17103,0.6200081856984155,0.2588975124429122,0.7781576050147054,0.8584944382406351,0.6874232590773548,0.6861107178252867,0.9139947189739721,0.7838253133845532,0.5667948827393745,0.1939325471935444,0.10084409664961246,sv_complexity_high,0.5,17103,109681,29831
fold_c,314159,1hop,S,complexity,low,5767,2943,0.6621125143513203,True,0.7722158438576349,0.6886360766711321,0.6921330093678117,8710,0.6621125143513203,0.2588975124429122,0.8339971215418834,0.8959755966210643,0.7722158438576349,0.7651759428010655,0.9464192821224207,0.8462015503875969,0.49720926022886014,0.16249431464029035,0.10072929706406702,sv_complexity_low,0.5,8710,109681,29831
fold_c,314159,1hop,S,complexity,medium,5537,3043,0.6453379953379953,True,0.7425407925407925,0.662421224978843,0.6659152435564956,8580,0.6453379953379953,0.2588975124429122,0.8179451045756712,0.8815128305527291,0.7425407925407925,0.7356940509915014,0.9380530973451328,0.8246407874890846,0.5167505756595007,0.17134018097648798,0.08968719693495239,sv_complexity_medium,0.5,8580,109681,29831
fold_c,314159,1hop,K,complexity,high,10604,6499,0.6200081856984155,True,0.633163772437584,0.5266324015608935,0.44939067029925267,17103,0.6200081856984155,0.2740800866186559,0.6954265778288496,0.7907729618356337,0.633163772437584,0.633214373615555,0.9704828366654092,0.7663836759011021,0.6404090900104898,0.22393342736677968,0.1154363868546324,sv_complexity_high,0.5,17103,109681,29831
fold_c,314159,1hop,K,complexity,low,5767,2943,0.6621125143513203,True,0.6818599311136625,0.5413682757196867,0.4587729204133837,8710,0.6621125143513203,0.2740800866186559,0.7040558661502246,0.8171261429135004,0.6818599311136625,0.6816638370118846,0.9746835443037974,0.8022550488831799,0.6196314035018383,0.21460094472664643,0.12665080796087416,sv_complexity_low,0.5,8710,109681,29831
fold_c,314159,1hop,K,complexity,medium,5537,3043,0.6453379953379953,True,0.6641025641025641,0.5348912887941552,0.4588771901311169,8580,0.6453379953379953,0.2740800866186559,0.7078037919078245,0.8080842994835651,0.6641025641025641,0.662068123550238,0.9794112335199566,0.7900641025641025,0.6155319162642447,0.21319148148811415,0.10766318488105955,sv_complexity_medium,0.5,8580,109681,29831
fold_c,314159,strict,C,complexity,high,10604,6499,0.6200081856984155,True,0.6877156054493364,0.6284636164609719,0.6128118129037087,17103,0.6200081856984155,0.3313372836173381,0.7697626231444712,0.8528716583091389,0.6877156054493364,0.6978422674986843,0.8753300641267446,0.7765739385065886,0.578521880555638,0.19875973851361078,0.10735319322913649,sv_complexity_high,0.5,17103,109681,29831
fold_c,314159,strict,C,complexity,low,5767,2943,0.6621125143513203,True,0.7489092996555683,0.6689560760866498,0.6381261931082,8710,0.6621125143513203,0.3313372836173381,0.8013788777124301,0.8777273692672138,0.7489092996555683,0.7564469914040115,0.9155540142188313,0.8284302188750294,0.5391843054308366,0.18017993446160033,0.10595923933629964,sv_complexity_low,0.5,8710,109681,29831
fold_c,314159,strict,C,complexity,medium,5537,3043,0.6453379953379953,True,0.7277389277389278,0.6569477249544204,0.6238650009479926,8580,0.6453379953379953,0.3313372836173381,0.7925063435172852,0.8665992072126738,0.7277389277389278,0.7363757199822774,0.9004876286797905,0.810204744881378,0.5506769578608476,0.1854823813484881,0.09875452850755005,sv_complexity_medium,0.5,8580,109681,29831
fold_c,314159,strict,C+T,complexity,high,10604,6499,0.6200081856984155,True,0.7280594047827866,0.6669253050508481,0.699507553696695,17103,0.6200081856984155,0.2744736748068331,0.8205982738603141,0.8858153301452857,0.7280594047827866,0.7189730008092401,0.9216333459072048,0.8077860891846097,0.5123753470825415,0.1721621439346041,0.07496135119312106,sv_complexity_high,0.5,17103,109681,29831
fold_c,314159,strict,C+T,complexity,low,5767,2943,0.6621125143513203,True,0.8104477611940298,0.7464589173370392,0.7967479119626593,8710,0.6621125143513203,0.2744736748068331,0.8834982758062984,0.9313236630202189,0.8104477611940298,0.8039881831610044,0.9438182764002081,0.8683098029831698,0.4240917453461147,0.13613044507884323,0.08533539409073629,sv_complexity_low,0.5,8710,109681,29831
fold_c,314159,strict,C+T,complexity,medium,5537,3043,0.6453379953379953,True,0.7938228438228438,0.7361984987795485,0.7846203833692141,8580,0.6453379953379953,0.2744736748068331,0.8768711024232703,0.9236130334023914,0.7938228438228438,0.786322188449848,0.9344410330503883,0.8540067673516547,0.43737969642283214,0.14163716080439093,0.08070736519248485,sv_complexity_medium,0.5,8580,109681,29831
fold_c,314159,strict,C+S,complexity,high,10604,6499,0.6200081856984155,True,0.6874817283517511,0.6144855280233752,0.6305291848742498,17103,0.6200081856984155,0.2584194071711078,0.7795438845044147,0.8596041146288809,0.6874817283517511,0.684876608310483,0.9186156167483969,0.7847101945462601,0.5646718035089494,0.19313587658268827,0.10038037728590922,sv_complexity_high,0.5,17103,109681,29831
fold_c,314159,strict,C+S,complexity,low,5767,2943,0.6621125143513203,True,0.773593570608496,0.6899260623837185,0.699930140672155,8710,0.6621125143513203,0.2584194071711078,0.8369185320464585,0.8986101497127614,0.773593570608496,0.765793528505393,0.9479798855557482,0.8472028513869518,0.49446198257277363,0.16162606719124537,0.10117289594908771,sv_complexity_low,0.5,8710,109681,29831
fold_c,314159,strict,C+S,complexity,medium,5537,3043,0.6453379953379953,True,0.7423076923076923,0.6619445820549014,0.6761215213339234,8580,0.6453379953379953,0.2584194071711078,0.8221084449006775,0.885132609489409,0.7423076923076923,0.7353523917350694,0.9384143037746072,0.8245655796238991,0.5124781181691563,0.1698088158369536,0.0887286849077898,sv_complexity_medium,0.5,8580,109681,29831
fold_c,314159,strict,C+S+T,complexity,high,10604,6499,0.6200081856984155,True,0.7269484885692569,0.6659996338118699,0.6966489606973854,17103,0.6200081856984155,0.270975639585509,0.8192819134348441,0.8847290882051282,0.7269484885692569,0.7185474366529169,0.9199358732553753,0.8068651778329198,0.5136123091453498,0.1726611054980435,0.07376989820194967,sv_complexity_high,0.5,17103,109681,29831
fold_c,314159,strict,C+S+T,complexity,low,5767,2943,0.6621125143513203,True,0.8096440872560275,0.7441049320359473,0.8053212405496152,8710,0.6621125143513203,0.270975639585509,0.8860449871175242,0.9342204834601053,0.8096440872560275,0.8019103600293902,0.9462458817409398,0.868119630925867,0.4208826233082449,0.13459429824425093,0.08536721354923445,sv_complexity_low,0.5,8710,109681,29831
fold_c,314159,strict,C+S+T,complexity,medium,5537,3043,0.6453379953379953,True,0.7968531468531469,0.7374361916616154,0.7858756491252927,8580,0.6453379953379953,0.270975639585509,0.8776231904735989,0.9240582284718258,0.7968531468531469,0.7858649789029536,0.9418457648546145,0.8568142610695803,0.4365059233815072,0.14073905646910195,0.07934825189584763,sv_complexity_medium,0.5,8580,109681,29831
fold_c,314159,strict,T,complexity,high,10604,6499,0.6200081856984155,True,0.726597672922879,0.6661932480225463,0.6945451921060052,17103,0.6200081856984155,0.2790796405626249,0.8184530855775681,0.883929673361219,0.726597672922879,0.718939282020978,0.9178611844586948,0.8063126501532599,0.5157683443474581,0.1731563043460635,0.0756502076194337,sv_complexity_high,0.5,17103,109681,29831
fold_c,314159,strict,T,complexity,low,5767,2943,0.6621125143513203,True,0.8109070034443169,0.7489687744387452,0.7913599314893617,8710,0.6621125143513203,0.2790796405626249,0.8817049104949419,0.9295031318453721,0.8109070034443169,0.8064564117822077,0.9400034680076296,0.8681239490751862,0.4278357338231039,0.13752011213542314,0.0878731178811255,sv_complexity_low,0.5,8710,109681,29831
fold_c,314159,strict,T,complexity,medium,5537,3043,0.6453379953379953,True,0.7961538461538461,0.7413349776554712,0.7789899901920628,8580,0.6453379953379953,0.2790796405626249,0.875404524790091,0.9216161468711477,0.7961538461538461,0.790937019969278,0.9299259526819578,0.8548186270440774,0.44121871949121366,0.14275622101873595,0.08309352058234296,sv_complexity_medium,0.5,8580,109681,29831
fold_c,314159,strict,S,complexity,high,10604,6499,0.6200081856984155,True,0.6874232590773548,0.6158679549632131,0.6276089209462351,17103,0.6200081856984155,0.2588975124429122,0.7781576050147054,0.8584944382406351,0.6874232590773548,0.6861107178252867,0.9139947189739721,0.7838253133845532,0.5667948827393745,0.1939325471935444,0.10084409664961246,sv_complexity_high,0.5,17103,109681,29831
fold_c,314159,strict,S,complexity,low,5767,2943,0.6621125143513203,True,0.7722158438576349,0.6886360766711321,0.6921330093678117,8710,0.6621125143513203,0.2588975124429122,0.8339971215418834,0.8959755966210643,0.7722158438576349,0.7651759428010655,0.9464192821224207,0.8462015503875969,0.49720926022886014,0.16249431464029035,0.10072929706406702,sv_complexity_low,0.5,8710,109681,29831
fold_c,314159,strict,S,complexity,medium,5537,3043,0.6453379953379953,True,0.7425407925407925,0.662421224978843,0.6659152435564956,8580,0.6453379953379953,0.2588975124429122,0.8179451045756712,0.8815128305527291,0.7425407925407925,0.7356940509915014,0.9380530973451328,0.8246407874890846,0.5167505756595007,0.17134018097648798,0.08968719693495239,sv_complexity_medium,0.5,8580,109681,29831
fold_c,314159,strict,K,complexity,high,10604,6499,0.6200081856984155,True,0.633163772437584,0.5266324015608935,0.44939067029925267,17103,0.6200081856984155,0.2740800866186559,0.6954265778288496,0.7907729618356337,0.633163772437584,0.633214373615555,0.9704828366654092,0.7663836759011021,0.6404090900104898,0.22393342736677968,0.1154363868546324,sv_complexity_high,0.5,17103,109681,29831
fold_c,314159,strict,K,complexity,low,5767,2943,0.6621125143513203,True,0.6818599311136625,0.5413682757196867,0.4587729204133837,8710,0.6621125143513203,0.2740800866186559,0.7040558661502246,0.8171261429135004,0.6818599311136625,0.6816638370118846,0.9746835443037974,0.8022550488831799,0.6196314035018383,0.21460094472664643,0.12665080796087416,sv_complexity_low,0.5,8710,109681,29831
fold_c,314159,strict,K,complexity,medium,5537,3043,0.6453379953379953,True,0.6641025641025641,0.5348912887941552,0.4588771901311169,8580,0.6453379953379953,0.2740800866186559,0.7078037919078245,0.8080842994835651,0.6641025641025641,0.662068123550238,0.9794112335199566,0.7900641025641025,0.6155319162642447,0.21319148148811415,0.10766318488105955,sv_complexity_medium,0.5,8580,109681,29831
fold_c,42,1hop,C,complexity,high,10604,6499,0.6200081856984155,True,0.6877156054493364,0.6284636164609719,0.6128118129037087,17103,0.6200081856984155,0.3313372836173381,0.7697626231444712,0.8528716583091389,0.6877156054493364,0.6978422674986843,0.8753300641267446,0.7765739385065886,0.578521880555638,0.19875973851361078,0.10735319322913649,sv_complexity_high,0.5,17103,109681,29831
fold_c,42,1hop,C,complexity,low,5767,2943,0.6621125143513203,True,0.7489092996555683,0.6689560760866498,0.6381261931082,8710,0.6621125143513203,0.3313372836173381,0.8013788777124301,0.8777273692672138,0.7489092996555683,0.7564469914040115,0.9155540142188313,0.8284302188750294,0.5391843054308366,0.18017993446160033,0.10595923933629964,sv_complexity_low,0.5,8710,109681,29831
fold_c,42,1hop,C,complexity,medium,5537,3043,0.6453379953379953,True,0.7277389277389278,0.6569477249544204,0.6238650009479926,8580,0.6453379953379953,0.3313372836173381,0.7925063435172852,0.8665992072126738,0.7277389277389278,0.7363757199822774,0.9004876286797905,0.810204744881378,0.5506769578608476,0.1854823813484881,0.09875452850755005,sv_complexity_medium,0.5,8580,109681,29831
fold_c,42,1hop,C+T,complexity,high,10604,6499,0.6200081856984155,True,0.7397532596620476,0.6804955310711702,0.7264571311529515,17103,0.6200081856984155,0.2765121333323388,0.8361448507094119,0.8960559489775497,0.7397532596620476,0.7276359600443951,0.9273858921161826,0.8154566938927816,0.4946229768265189,0.1656599937797898,0.08116510750972421,sv_complexity_high,0.5,17103,109681,29831
fold_c,42,1hop,C+T,complexity,low,5767,2943,0.6621125143513203,True,0.8388059701492537,0.7869253991257863,0.8341803391932805,8710,0.6621125143513203,0.2765121333323388,0.9071513428277553,0.9439716117389007,0.8388059701492537,0.8325964323829852,0.9469394832668632,0.8860944345286387,0.3840188030465108,0.12066187570666345,0.08489611452544794,sv_complexity_low,0.5,8710,109681,29831
fold_c,42,1hop,C+T,complexity,medium,5537,3043,0.6453379953379953,True,0.8187645687645687,0.7719532466172805,0.8232654394725536,8580,0.6453379953379953,0.2765121333323388,0.8987923146714561,0.9373189664702775,0.8187645687645687,0.8135433070866142,0.9329962073324906,0.8691848237570455,0.4028709451837213,0.12879867807044762,0.08012741918785259,sv_complexity_medium,0.5,8580,109681,29831
fold_c,42,1hop,C+S,complexity,high,10604,6499,0.6200081856984155,True,0.6874817283517511,0.6144855280233752,0.6305291848742498,17103,0.6200081856984155,0.2584194071711078,0.7795438845044147,0.8596041146288809,0.6874817283517511,0.684876608310483,0.9186156167483969,0.7847101945462601,0.5646718035089494,0.19313587658268827,0.10038037728590922,sv_complexity_high,0.5,17103,109681,29831
fold_c,42,1hop,C+S,complexity,low,5767,2943,0.6621125143513203,True,0.773593570608496,0.6899260623837185,0.699930140672155,8710,0.6621125143513203,0.2584194071711078,0.8369185320464585,0.8986101497127614,0.773593570608496,0.765793528505393,0.9479798855557482,0.8472028513869518,0.49446198257277363,0.16162606719124537,0.10117289594908771,sv_complexity_low,0.5,8710,109681,29831
fold_c,42,1hop,C+S,complexity,medium,5537,3043,0.6453379953379953,True,0.7423076923076923,0.6619445820549014,0.6761215213339234,8580,0.6453379953379953,0.2584194071711078,0.8221084449006775,0.885132609489409,0.7423076923076923,0.7353523917350694,0.9384143037746072,0.8245655796238991,0.5124781181691563,0.1698088158369536,0.0887286849077898,sv_complexity_medium,0.5,8580,109681,29831
fold_c,42,1hop,C+S+T,complexity,high,10604,6499,0.6200081856984155,True,0.7389931590948956,0.6849456469785068,0.7216825060531328,17103,0.6200081856984155,0.2863857656396069,0.832990366913077,0.8942416305232597,0.7389931590948956,0.733247226865218,0.9101282534892493,0.8121686442817471,0.49918634192392447,0.16732523689369436,0.08138873547384615,sv_complexity_high,0.5,17103,109681,29831
fold_c,42,1hop,C+S+T,complexity,low,5767,2943,0.6621125143513203,True,0.8368541905855339,0.7873649687982422,0.842666607117889,8710,0.6621125143513203,0.2863857656396069,0.9083845889659734,0.9468390154704877,0.8368541905855339,0.8345135467980296,0.9400034680076296,0.8841229715404061,0.3873163994669388,0.12139638058976919,0.08576134672750317,sv_complexity_low,0.5,8710,109681,29831
fold_c,42,1hop,C+S+T,complexity,medium,5537,3043,0.6453379953379953,True,0.8193473193473193,0.7707765362534988,0.8227897816047588,8580,0.6453379953379953,0.2863857656396069,0.897804813327912,0.9371502686973521,0.8193473193473193,0.8115330520393812,0.9378724941303955,0.8701407506702413,0.40515691596457093,0.12912854655016132,0.07900315400763547,sv_complexity_medium,0.5,8580,109681,29831
fold_c,42,1hop,T,complexity,high,10604,6499,0.6200081856984155,True,0.7337893936736245,0.6706229330816005,0.7189431575989563,17103,0.6200081856984155,0.2758756989077387,0.8323024944962952,0.8932007005341529,0.7337893936736245,0.7199883661746528,0.9337985665786496,0.8130722174323604,0.5005905186019339,0.1674503608358971,0.08174826809314517,sv_complexity_high,0.5,17103,109681,29831
fold_c,42,1hop,T,complexity,low,5767,2943,0.6621125143513203,True,0.8388059701492537,0.787507760447756,0.8306452050080189,8710,0.6621125143513203,0.2758756989077387,0.9064370605223894,0.9427771341376119,0.8388059701492537,0.8333078686019862,0.9457256805964973,0.8859649122807017,0.38793005443677053,0.12154769617792674,0.0888267718713112,sv_complexity_low,0.5,8710,109681,29831
fold_c,42,1hop,T,complexity,medium,5537,3043,0.6453379953379953,True,0.8191142191142191,0.7727422209304942,0.8195384979429932,8580,0.6453379953379953,0.2758756989077387,0.8972175412905065,0.9359971619161455,0.8191142191142191,0.8143240258715886,0.9322737944735416,0.8693162681037386,0.4075502692043206,0.12998587908266693,0.08297212507150582,sv_complexity_medium,0.5,8580,109681,29831
fold_c,42,1hop,S,complexity,high,10604,6499,0.6200081856984155,True,0.6874232590773548,0.6158679549632131,0.6276089209462351,17103,0.6200081856984155,0.2588975124429122,0.7781576050147054,0.8584944382406351,0.6874232590773548,0.6861107178252867,0.9139947189739721,0.7838253133845532,0.5667948827393745,0.1939325471935444,0.10084409664961246,sv_complexity_high,0.5,17103,109681,29831
fold_c,42,1hop,S,complexity,low,5767,2943,0.6621125143513203,True,0.7722158438576349,0.6886360766711321,0.6921330093678117,8710,0.6621125143513203,0.2588975124429122,0.8339971215418834,0.8959755966210643,0.7722158438576349,0.7651759428010655,0.9464192821224207,0.8462015503875969,0.49720926022886014,0.16249431464029035,0.10072929706406702,sv_complexity_low,0.5,8710,109681,29831
fold_c,42,1hop,S,complexity,medium,5537,3043,0.6453379953379953,True,0.7425407925407925,0.662421224978843,0.6659152435564956,8580,0.6453379953379953,0.2588975124429122,0.8179451045756712,0.8815128305527291,0.7425407925407925,0.7356940509915014,0.9380530973451328,0.8246407874890846,0.5167505756595007,0.17134018097648798,0.08968719693495239,sv_complexity_medium,0.5,8580,109681,29831
fold_c,42,1hop,K,complexity,high,10604,6499,0.6200081856984155,True,0.633163772437584,0.5266324015608935,0.44939067029925267,17103,0.6200081856984155,0.2740800866186559,0.6954265778288496,0.7907729618356337,0.633163772437584,0.633214373615555,0.9704828366654092,0.7663836759011021,0.6404090900104898,0.22393342736677968,0.1154363868546324,sv_complexity_high,0.5,17103,109681,29831
fold_c,42,1hop,K,complexity,low,5767,2943,0.6621125143513203,True,0.6818599311136625,0.5413682757196867,0.4587729204133837,8710,0.6621125143513203,0.2740800866186559,0.7040558661502246,0.8171261429135004,0.6818599311136625,0.6816638370118846,0.9746835443037974,0.8022550488831799,0.6196314035018383,0.21460094472664643,0.12665080796087416,sv_complexity_low,0.5,8710,109681,29831
fold_c,42,1hop,K,complexity,medium,5537,3043,0.6453379953379953,True,0.6641025641025641,0.5348912887941552,0.4588771901311169,8580,0.6453379953379953,0.2740800866186559,0.7078037919078245,0.8080842994835651,0.6641025641025641,0.662068123550238,0.9794112335199566,0.7900641025641025,0.6155319162642447,0.21319148148811415,0.10766318488105955,sv_complexity_medium,0.5,8580,109681,29831
fold_c,42,strict,C,complexity,high,10604,6499,0.6200081856984155,True,0.6877156054493364,0.6284636164609719,0.6128118129037087,17103,0.6200081856984155,0.3313372836173381,0.7697626231444712,0.8528716583091389,0.6877156054493364,0.6978422674986843,0.8753300641267446,0.7765739385065886,0.578521880555638,0.19875973851361078,0.10735319322913649,sv_complexity_high,0.5,17103,109681,29831
fold_c,42,strict,C,complexity,low,5767,2943,0.6621125143513203,True,0.7489092996555683,0.6689560760866498,0.6381261931082,8710,0.6621125143513203,0.3313372836173381,0.8013788777124301,0.8777273692672138,0.7489092996555683,0.7564469914040115,0.9155540142188313,0.8284302188750294,0.5391843054308366,0.18017993446160033,0.10595923933629964,sv_complexity_low,0.5,8710,109681,29831
fold_c,42,strict,C,complexity,medium,5537,3043,0.6453379953379953,True,0.7277389277389278,0.6569477249544204,0.6238650009479926,8580,0.6453379953379953,0.3313372836173381,0.7925063435172852,0.8665992072126738,0.7277389277389278,0.7363757199822774,0.9004876286797905,0.810204744881378,0.5506769578608476,0.1854823813484881,0.09875452850755005,sv_complexity_medium,0.5,8580,109681,29831
fold_c,42,strict,C+T,complexity,high,10604,6499,0.6200081856984155,True,0.7217447231479858,0.653314979137608,0.6937714979730727,17103,0.6200081856984155,0.2558859776541466,0.8188461327277289,0.8836356759239314,0.7217447231479858,0.7079035356050366,0.9384194643530743,0.8070232350675155,0.5112770432150446,0.17184190170261993,0.07000221407873387,sv_complexity_high,0.5,17103,109681,29831
fold_c,42,strict,C+T,complexity,low,5767,2943,0.6621125143513203,True,0.8104477611940298,0.7438798886254594,0.8032571352072629,8710,0.6621125143513203,0.2558859776541466,0.8857852106031006,0.933523048095864,0.8104477611940298,0.8012295081967213,0.949193688226114,0.8689578537979205,0.41781384974755154,0.13432236327452754,0.08169908089871919,sv_complexity_low,0.5,8710,109681,29831
fold_c,42,strict,C+T,complexity,medium,5537,3043,0.6453379953379953,True,0.7897435897435897,0.7288933865927841,0.7947154294277058,8580,0.6453379953379953,0.2558859776541466,0.879256602032715,0.9271933626746514,0.7897435897435897,0.7803815532522157,0.93823370055987,0.8520583893718222,0.4318995397716618,0.14039244480606644,0.07862809075527676,sv_complexity_medium,0.5,8580,109681,29831
fold_c,42,strict,C+S,complexity,high,10604,6499,0.6200081856984155,True,0.6874817283517511,0.6144855280233752,0.6305291848742498,17103,0.6200081856984155,0.2584194071711078,0.7795438845044147,0.8596041146288809,0.6874817283517511,0.684876608310483,0.9186156167483969,0.7847101945462601,0.5646718035089494,0.19313587658268827,0.10038037728590922,sv_complexity_high,0.5,17103,109681,29831
fold_c,42,strict,C+S,complexity,low,5767,2943,0.6621125143513203,True,0.773593570608496,0.6899260623837185,0.699930140672155,8710,0.6621125143513203,0.2584194071711078,0.8369185320464585,0.8986101497127614,0.773593570608496,0.765793528505393,0.9479798855557482,0.8472028513869518,0.49446198257277363,0.16162606719124537,0.10117289594908771,sv_complexity_low,0.5,8710,109681,29831
fold_c,42,strict,C+S,complexity,medium,5537,3043,0.6453379953379953,True,0.7423076923076923,0.6619445820549014,0.6761215213339234,8580,0.6453379953379953,0.2584194071711078,0.8221084449006775,0.885132609489409,0.7423076923076923,0.7353523917350694,0.9384143037746072,0.8245655796238991,0.5124781181691563,0.1698088158369536,0.0887286849077898,sv_complexity_medium,0.5,8580,109681,29831
fold_c,42,strict,C+S+T,complexity,high,10604,6499,0.6200081856984155,True,0.7266561421972754,0.6669254066246677,0.6925343623754492,17103,0.6200081856984155,0.2765772539048967,0.8181545746323506,0.8831655745236534,0.7266561421972754,0.7197065144889943,0.9157864956620143,0.8059924471925966,0.512781759124759,0.17247860070614315,0.06869176128789327,sv_complexity_high,0.5,17103,109681,29831
fold_c,42,strict,C+S+T,complexity,low,5767,2943,0.6621125143513203,True,0.8138920780711826,0.7514725628216974,0.8097682523116319,8710,0.6621125143513203,0.2765772539048967,0.887282593306109,0.9357230730830233,0.8138920780711826,0.8074755265499852,0.9439916767816889,0.870413302422256,0.4152403261599706,0.1330938961571823,0.08142499326580056,sv_complexity_low,0.5,8710,109681,29831
fold_c,42,strict,C+S+T,complexity,medium,5537,3043,0.6453379953379953,True,0.7996503496503496,0.744340065585734,0.7916831082659479,8580,0.6453379953379953,0.2765772539048967,0.879420231037983,0.9261179135726433,0.7996503496503496,0.7922535211267606,0.9346216362651255,0.8575689783743475,0.4304211409778016,0.13930247113537123,0.07598975933888642,sv_complexity_medium,0.5,8580,109681,29831
fold_c,42,strict,T,complexity,high,10604,6499,0.6200081856984155,True,0.7189381979769631,0.6501581954197869,0.6893120478070808,17103,0.6200081856984155,0.2612159021776674,0.8161947368045306,0.8819411213645687,0.7189381979769631,0.706020328381548,0.9367219917012448,0.8051716451181453,0.515619761544079,0.1732038795947436,0.0722567503771675,sv_complexity_high,0.5,17103,109681,29831
fold_c,42,strict,T,complexity,low,5767,2943,0.6621125143513203,True,0.8081515499425947,0.7428946350817548,0.7992642863228332,8710,0.6621125143513203,0.2612159021776674,0.8842761028997811,0.9321739144257288,0.8081515499425947,0.8014424492198999,0.9441650771631698,0.8669691903510867,0.42231211216373166,0.13580640097588884,0.08525385763082309,sv_complexity_low,0.5,8710,109681,29831
fold_c,42,strict,T,complexity,medium,5537,3043,0.6453379953379953,True,0.791025641025641,0.7321070020928726,0.7888535039221956,8580,0.6453379953379953,0.2612159021776674,0.8771656286977143,0.9251143604236878,0.791025641025641,0.7832929782082324,0.9348022394798627,0.8523672293124742,0.4370106362435817,0.14207322366236952,0.08147846884883043,sv_complexity_medium,0.5,8580,109681,29831
fold_c,42,strict,S,complexity,high,10604,6499,0.6200081856984155,True,0.6874232590773548,0.6158679549632131,0.6276089209462351,17103,0.6200081856984155,0.2588975124429122,0.7781576050147054,0.8584944382406351,0.6874232590773548,0.6861107178252867,0.9139947189739721,0.7838253133845532,0.5667948827393745,0.1939325471935444,0.10084409664961246,sv_complexity_high,0.5,17103,109681,29831
fold_c,42,strict,S,complexity,low,5767,2943,0.6621125143513203,True,0.7722158438576349,0.6886360766711321,0.6921330093678117,8710,0.6621125143513203,0.2588975124429122,0.8339971215418834,0.8959755966210643,0.7722158438576349,0.7651759428010655,0.9464192821224207,0.8462015503875969,0.49720926022886014,0.16249431464029035,0.10072929706406702,sv_complexity_low,0.5,8710,109681,29831
fold_c,42,strict,S,complexity,medium,5537,3043,0.6453379953379953,True,0.7425407925407925,0.662421224978843,0.6659152435564956,8580,0.6453379953379953,0.2588975124429122,0.8179451045756712,0.8815128305527291,0.7425407925407925,0.7356940509915014,0.9380530973451328,0.8246407874890846,0.5167505756595007,0.17134018097648798,0.08968719693495239,sv_complexity_medium,0.5,8580,109681,29831
fold_c,42,strict,K,complexity,high,10604,6499,0.6200081856984155,True,0.633163772437584,0.5266324015608935,0.44939067029925267,17103,0.6200081856984155,0.2740800866186559,0.6954265778288496,0.7907729618356337,0.633163772437584,0.633214373615555,0.9704828366654092,0.7663836759011021,0.6404090900104898,0.22393342736677968,0.1154363868546324,sv_complexity_high,0.5,17103,109681,29831
fold_c,42,strict,K,complexity,low,5767,2943,0.6621125143513203,True,0.6818599311136625,0.5413682757196867,0.4587729204133837,8710,0.6621125143513203,0.2740800866186559,0.7040558661502246,0.8171261429135004,0.6818599311136625,0.6816638370118846,0.9746835443037974,0.8022550488831799,0.6196314035018383,0.21460094472664643,0.12665080796087416,sv_complexity_low,0.5,8710,109681,29831
fold_c,42,strict,K,complexity,medium,5537,3043,0.6453379953379953,True,0.6641025641025641,0.5348912887941552,0.4588771901311169,8580,0.6453379953379953,0.2740800866186559,0.7078037919078245,0.8080842994835651,0.6641025641025641,0.662068123550238,0.9794112335199566,0.7900641025641025,0.6155319162642447,0.21319148148811415,0.10766318488105955,sv_complexity_medium,0.5,8580,109681,29831
fold_d,20260806,1hop,C,complexity,high,11200,6879,0.619503291111234,True,0.6794070468499364,0.6057784886196084,0.5822171479237297,18079,0.619503291111234,0.2831886003716845,0.7608209444375221,0.841034999754817,0.6794070468499364,0.679344218770742,0.9138392857142857,0.7793345008756567,0.5862603732147142,0.20208193145530642,0.10491232223800576,sv_complexity_high,0.5,18079,116366,27708
fold_d,20260806,1hop,C,complexity,low,3850,2235,0.6327033689400164,True,0.7124075595727198,0.6283959441006421,0.19828183661641374,6085,0.6327033689400164,0.2831886003716845,0.6777115546645748,0.7055316195296113,0.7124075595727198,0.7028593508500772,0.944935064935065,0.806115665854199,0.7068934899528504,0.2174866709650853,0.14667779443506895,sv_complexity_low,0.5,6085,116366,27708
fold_d,20260806,1hop,C,complexity,medium,3596,2071,0.6345509087700724,True,0.7210164107993647,0.6488113301490094,0.669569834680228,5667,0.6345509087700724,0.2831886003716845,0.8116338825960924,0.8792445963689346,0.7210164107993647,0.7199301462562759,0.9171301446051168,0.8066528066528067,0.5333930245967532,0.1784489222773404,0.09450129377595466,sv_complexity_medium,0.5,5667,116366,27708
fold_d,20260806,1hop,C+T,complexity,high,11200,6879,0.619503291111234,True,0.7412467503733614,0.6791324203580255,0.7167201858136582,18079,0.619503291111234,0.2216342291184845,0.8353498613793534,0.8922129630074758,0.7412467503733614,0.7247105843439912,0.9390178571428571,0.8180616054760423,0.5007262231013789,0.16805550601210315,0.08784379862628336,sv_complexity_high,0.5,18079,116366,27708
fold_d,20260806,1hop,C+T,complexity,low,3850,2235,0.6327033689400164,True,0.7850451930977814,0.7263389407013568,0.7433485488398969,6085,0.6327033689400164,0.2216342291184845,0.86132421046515,0.9057327866322382,0.7850451930977814,0.7673538073201515,0.9475324675324676,0.8479776847977685,0.4447588143348768,0.14708355558395275,0.09018873109582998,sv_complexity_low,0.5,6085,116366,27708
fold_d,20260806,1hop,C+T,complexity,medium,3596,2071,0.6345509087700724,True,0.8196576671960473,0.7720982968897788,0.843557709219071,5667,0.6345509087700724,0.2216342291184845,0.907192067585154,0.9428283070041814,0.8196576671960473,0.8028235294117647,0.9488320355951056,0.8697425439714505,0.39173574113104137,0.12449110346122562,0.07518372170444854,sv_complexity_medium,0.5,5667,116366,27708
fold_d,20260806,1hop,C+S,complexity,high,11200,6879,0.619503291111234,True,0.6802920515515238,0.598781189645505,0.617944967289182,18079,0.619503291111234,0.2289536589789537,0.7748186963948248,0.8546293174391439,0.6802920515515238,0.6733623336745138,0.9398214285714286,0.7845855694692904,0.5698988788361458,0.19525624675930292,0.09980205476019337,sv_complexity_high,0.5,18079,116366,27708
fold_d,20260806,1hop,C+S,complexity,low,3850,2235,0.6327033689400164,True,0.7301561216105177,0.6455187541764723,0.5290049201062491,6085,0.6327033689400164,0.2289536589789537,0.7668451146169268,0.8270050939091975,0.7301561216105177,0.7115753162131084,0.9644155844155844,0.8189236876929863,0.5415894495546459,0.1818224801908637,0.08478030560344871,sv_complexity_low,0.5,6085,116366,27708
fold_d,20260806,1hop,C+S,complexity,medium,3596,2071,0.6345509087700724,True,0.7462502205752602,0.6703327077835827,0.7148106528080302,5667,0.6345509087700724,0.2289536589789537,0.837837886830638,0.8957778122402383,0.7462502205752602,0.7299658994032395,0.9524471635150167,0.826496138996139,0.500337392782999,0.16555252176552182,0.09361770507037236,sv_complexity_medium,0.5,5667,116366,27708
fold_d,20260806,1hop,C+S+T,complexity,high,11200,6879,0.619503291111234,True,0.73709829083467,0.6738773414948186,0.7154041943400316,18079,0.619503291111234,0.2190009882159514,0.8338575607957968,0.8917122325828352,0.73709829083467,0.7211967336855829,0.9383928571428571,0.815582198424708,0.5026911649275513,0.1684346301225331,0.0852461951944047,sv_complexity_high,0.5,18079,116366,27708
fold_d,20260806,1hop,C+S+T,complexity,low,3850,2235,0.6327033689400164,True,0.7820870994248151,0.7215613469304745,0.7507395055119661,6085,0.6327033689400164,0.2190009882159514,0.8611243208692875,0.9084474601181995,0.7820870994248151,0.7635756056808688,0.9496103896103896,0.8464922435749016,0.4500132559268634,0.14835574773412702,0.09101418677205052,sv_complexity_low,0.5,6085,116366,27708
fold_d,20260806,1hop,C+S+T,complexity,medium,3596,2071,0.6345509087700724,True,0.8170107640727016,0.7683744720916905,0.8406641278880612,5667,0.6345509087700724,0.2190009882159514,0.907258937313792,0.941770850336364,0.8170107640727016,0.7998593859854699,0.9491101223581757,0.868116494976472,0.3925185226616225,0.12421471380082941,0.07534096308485902,sv_complexity_medium,0.5,5667,116366,27708
fold_d,20260806,1hop,T,complexity,high,11200,6879,0.619503291111234,True,0.7437911388904254,0.6857288162212115,0.7170795057608522,18079,0.619503291111234,0.243453667177365,0.8349342330695907,0.8923496830648212,0.7437911388904254,0.7307151889841226,0.9286607142857143,0.8178815758433593,0.5027171148847106,0.16865069379499845,0.09054078895470348,sv_complexity_high,0.5,18079,116366,27708
fold_d,20260806,1hop,T,complexity,low,3850,2235,0.6327033689400164,True,0.7840591618734594,0.7211490746390075,0.7687189196992559,6085,0.6327033689400164,0.243453667177365,0.8733472210116505,0.9150512383776231,0.7840591618734594,0.761875258157786,0.9581818181818181,0.8488265071329959,0.4322940959076227,0.1412611596407202,0.06358654740821154,sv_complexity_low,0.5,6085,116366,27708
fold_d,20260806,1hop,T,complexity,medium,3596,2071,0.6345509087700724,True,0.8196576671960473,0.7753746450399044,0.8405326034666151,5667,0.6345509087700724,0.243453667177365,0.9061520284623346,0.941722784856072,0.8196576671960473,0.8074534161490683,0.9399332591768632,0.8686712927268054,0.3947329237883113,0.1249556302454924,0.07649522658706455,sv_complexity_medium,0.5,5667,116366,27708
fold_d,20260806,1hop,S,complexity,high,11200,6879,0.619503291111234,True,0.6769179711267216,0.5912066875376405,0.6134376568720885,18079,0.619503291111234,0.2165074367948356,0.7725399572716134,0.8529143006594998,0.6769179711267216,0.668342024250801,0.9498214285714286,0.7846000663790242,0.5725851983222601,0.19627306563282604,0.10011752436212012,sv_complexity_high,0.5,18079,116366,27708
fold_d,20260806,1hop,S,complexity,low,3850,2235,0.6327033689400164,True,0.724239934264585,0.6358697231180452,0.6426483107111944,6085,0.6327033689400164,0.2165074367948356,0.811337284639298,0.8687459284206277,0.724239934264585,0.7053706505295008,0.9688311688311688,0.8163711971985117,0.5314925307024032,0.1781528837522962,0.10210047055792837,sv_complexity_low,0.5,6085,116366,27708
fold_d,20260806,1hop,S,complexity,medium,3596,2071,0.6345509087700724,True,0.740956414328569,0.6600182535560462,0.7014340333117524,5667,0.6345509087700724,0.2165074367948356,0.8335790370651655,0.890889338801595,0.740956414328569,0.7225010455876203,0.960789766407119,0.8247791835760324,0.5043566492095064,0.16685105146322968,0.09279065227560665,sv_complexity_medium,0.5,5667,116366,27708
fold_d,20260806,1hop,K,complexity,high,11200,6879,0.619503291111234,True,0.6332208639858399,0.5297474845804,0.39983838382138603,18079,0.619503291111234,0.2856648361751618,0.6731034540942413,0.7716404802426746,0.6332208639858399,0.6344218887908208,0.9626785714285714,0.7648164568185849,0.6524106848915844,0.22913225180716087,0.11648772626132439,sv_complexity_high,0.5,18079,116366,27708
fold_d,20260806,1hop,K,complexity,low,3850,2235,0.6327033689400164,True,0.6619556285949055,0.5478915715157326,0.28711391999897823,6085,0.6327033689400164,0.2856648361751618,0.6397092884743891,0.7381593444860668,0.6619556285949055,0.6563208369659983,0.9776623376623377,0.7853938445487741,0.6340816631648138,0.2220096158912952,0.11601685076582634,sv_complexity_low,0.5,6085,116366,27708
fold_d,20260806,1hop,K,complexity,medium,3596,2071,0.6345509087700724,True,0.6622551614610905,0.5490644548989193,0.48244474974545953,5667,0.6345509087700724,0.2856648361751618,0.7146041607473081,0.8108599041332004,0.6622551614610905,0.6589191232048375,0.9696885428253615,0.7846534653465347,0.617201215872052,0.21451840758067803,0.1098722166369495,sv_complexity_medium,0.5,5667,116366,27708
fold_d,20260806,strict,C,complexity,high,11200,6879,0.619503291111234,True,0.6794070468499364,0.6057784886196084,0.5822171479237297,18079,0.619503291111234,0.2831886003716845,0.7608209444375221,0.841034999754817,0.6794070468499364,0.679344218770742,0.9138392857142857,0.7793345008756567,0.5862603732147142,0.20208193145530642,0.10491232223800576,sv_complexity_high,0.5,18079,116366,27708
fold_d,20260806,strict,C,complexity,low,3850,2235,0.6327033689400164,True,0.7124075595727198,0.6283959441006421,0.19828183661641374,6085,0.6327033689400164,0.2831886003716845,0.6777115546645748,0.7055316195296113,0.7124075595727198,0.7028593508500772,0.944935064935065,0.806115665854199,0.7068934899528504,0.2174866709650853,0.14667779443506895,sv_complexity_low,0.5,6085,116366,27708
fold_d,20260806,strict,C,complexity,medium,3596,2071,0.6345509087700724,True,0.7210164107993647,0.6488113301490094,0.669569834680228,5667,0.6345509087700724,0.2831886003716845,0.8116338825960924,0.8792445963689346,0.7210164107993647,0.7199301462562759,0.9171301446051168,0.8066528066528067,0.5333930245967532,0.1784489222773404,0.09450129377595466,sv_complexity_medium,0.5,5667,116366,27708
fold_d,20260806,strict,C+T,complexity,high,11200,6879,0.619503291111234,True,0.7367664140715747,0.6829755544825867,0.69179981971203,18079,0.619503291111234,0.2835034273372688,0.8199261533549311,0.8827308457215031,0.7367664140715747,0.7317073170731707,0.9080357142857143,0.8103908522251883,0.5194456830503293,0.17537903798551768,0.09192011183892536,sv_complexity_high,0.5,18079,116366,27708
fold_d,20260806,strict,C+T,complexity,low,3850,2235,0.6327033689400164,True,0.7705834018077239,0.7132211859728639,0.7013282652355838,6085,0.6327033689400164,0.2835034273372688,0.8377384003021586,0.890298878028189,0.7705834018077239,0.76095278604849,0.9293506493506494,0.8367633302151544,0.4721042989503178,0.1572033657256575,0.0825582217409532,sv_complexity_low,0.5,6085,116366,27708
fold_d,20260806,strict,C+T,complexity,medium,3596,2071,0.6345509087700724,True,0.8057173107464267,0.7621377285454249,0.8100745259900165,5667,0.6345509087700724,0.2835034273372688,0.8878092456396373,0.9305919081216383,0.8057173107464267,0.8005299927728258,0.9240823136818688,0.8578804698593003,0.42523209143116697,0.13792214379313325,0.08330019190434122,sv_complexity_medium,0.5,5667,116366,27708
fold_d,20260806,strict,C+S,complexity,high,11200,6879,0.619503291111234,True,0.6802920515515238,0.598781189645505,0.617944967289182,18079,0.619503291111234,0.2289536589789537,0.7748186963948248,0.8546293174391439,0.6802920515515238,0.6733623336745138,0.9398214285714286,0.7845855694692904,0.5698988788361458,0.19525624675930292,0.09980205476019337,sv_complexity_high,0.5,18079,116366,27708
fold_d,20260806,strict,C+S,complexity,low,3850,2235,0.6327033689400164,True,0.7301561216105177,0.6455187541764723,0.5290049201062491,6085,0.6327033689400164,0.2289536589789537,0.7668451146169268,0.8270050939091975,0.7301561216105177,0.7115753162131084,0.9644155844155844,0.8189236876929863,0.5415894495546459,0.1818224801908637,0.08478030560344871,sv_complexity_low,0.5,6085,116366,27708
fold_d,20260806,strict,C+S,complexity,medium,3596,2071,0.6345509087700724,True,0.7462502205752602,0.6703327077835827,0.7148106528080302,5667,0.6345509087700724,0.2289536589789537,0.837837886830638,0.8957778122402383,0.7462502205752602,0.7299658994032395,0.9524471635150167,0.826496138996139,0.500337392782999,0.16555252176552182,0.09361770507037236,sv_complexity_medium,0.5,5667,116366,27708
fold_d,20260806,strict,C+S+T,complexity,high,11200,6879,0.619503291111234,True,0.7316223242435975,0.6704391730525616,0.6918629853544546,18079,0.619503291111234,0.2492181253871478,0.8196889796585882,0.8827548800405605,0.7316223242435975,0.7203554568175506,0.9264285714285714,0.8104983596313076,0.519279772561736,0.17511299615387685,0.08800140961947744,sv_complexity_high,0.5,18079,116366,27708
fold_d,20260806,strict,C+S+T,complexity,low,3850,2235,0.6327033689400164,True,0.7671322925225965,0.698575786629478,0.7202786578817083,6085,0.6327033689400164,0.2492181253871478,0.8446394142769981,0.8972592934043744,0.7671322925225965,0.7465045592705167,0.9568831168831169,0.8387023335230507,0.4637977097912094,0.15387090116253424,0.07900168028364518,sv_complexity_low,0.5,6085,116366,27708
fold_d,20260806,strict,C+S+T,complexity,medium,3596,2071,0.6345509087700724,True,0.8073054526204341,0.7566316509196065,0.8146940285552218,5667,0.6345509087700724,0.2492181253871478,0.8903801718632594,0.9322801011360269,0.8073054526204341,0.7917054986020503,0.9449388209121246,0.8615618661257607,0.42165139003945046,0.13603964089033782,0.08250189626346639,sv_complexity_medium,0.5,5667,116366,27708
fold_d,20260806,strict,T,complexity,high,11200,6879,0.619503291111234,True,0.7329498312959788,0.6710338854796171,0.6845459885305367,18079,0.619503291111234,0.2581757238185183,0.8163333346312794,0.8799707868301102,0.7329498312959788,0.7203014797400082,0.9300892857142857,0.8118618969682799,0.5237900794381556,0.17682413870108227,0.09233712963939046,sv_complexity_high,0.5,18079,116366,27708
fold_d,20260806,strict,T,complexity,low,3850,2235,0.6327033689400164,True,0.7645028759244042,0.6960286469682443,0.689423885132646,6085,0.6327033689400164,0.2581757238185183,0.8304387692844069,0.8859264393215224,0.7645028759244042,0.7451815784134713,0.954025974025974,0.8367695637316324,0.48135367848445726,0.16057700979612047,0.09233496973697378,sv_complexity_low,0.5,6085,116366,27708
fold_d,20260806,strict,T,complexity,medium,3596,2071,0.6345509087700724,True,0.8037762484559732,0.7557961150030428,0.8094537455971368,5667,0.6345509087700724,0.2581757238185183,0.8870107029163257,0.930365044491207,0.8037762484559732,0.7933396315540859,0.9340934371523916,0.8579821200510855,0.427729635276096,0.13851192947204,0.0841451546926379,sv_complexity_medium,0.5,5667,116366,27708
fold_d,20260806,strict,S,complexity,high,11200,6879,0.619503291111234,True,0.6769179711267216,0.5912066875376405,0.6134376568720885,18079,0.619503291111234,0.2165074367948356,0.7725399572716134,0.8529143006594998,0.6769179711267216,0.668342024250801,0.9498214285714286,0.7846000663790242,0.5725851983222601,0.19627306563282604,0.10011752436212012,sv_complexity_high,0.5,18079,116366,27708
fold_d,20260806,strict,S,complexity,low,3850,2235,0.6327033689400164,True,0.724239934264585,0.6358697231180452,0.6426483107111944,6085,0.6327033689400164,0.2165074367948356,0.811337284639298,0.8687459284206277,0.724239934264585,0.7053706505295008,0.9688311688311688,0.8163711971985117,0.5314925307024032,0.1781528837522962,0.10210047055792837,sv_complexity_low,0.5,6085,116366,27708
fold_d,20260806,strict,S,complexity,medium,3596,2071,0.6345509087700724,True,0.740956414328569,0.6600182535560462,0.7014340333117524,5667,0.6345509087700724,0.2165074367948356,0.8335790370651655,0.890889338801595,0.740956414328569,0.7225010455876203,0.960789766407119,0.8247791835760324,0.5043566492095064,0.16685105146322968,0.09279065227560665,sv_complexity_medium,0.5,5667,116366,27708
fold_d,20260806,strict,K,complexity,high,11200,6879,0.619503291111234,True,0.6332208639858399,0.5297474845804,0.39983838382138603,18079,0.619503291111234,0.2856648361751618,0.6731034540942413,0.7716404802426746,0.6332208639858399,0.6344218887908208,0.9626785714285714,0.7648164568185849,0.6524106848915844,0.22913225180716087,0.11648772626132439,sv_complexity_high,0.5,18079,116366,27708
fold_d,20260806,strict,K,complexity,low,3850,2235,0.6327033689400164,True,0.6619556285949055,0.5478915715157326,0.28711391999897823,6085,0.6327033689400164,0.2856648361751618,0.6397092884743891,0.7381593444860668,0.6619556285949055,0.6563208369659983,0.9776623376623377,0.7853938445487741,0.6340816631648138,0.2220096158912952,0.11601685076582634,sv_complexity_low,0.5,6085,116366,27708
fold_d,20260806,strict,K,complexity,medium,3596,2071,0.6345509087700724,True,0.6622551614610905,0.5490644548989193,0.48244474974545953,5667,0.6345509087700724,0.2856648361751618,0.7146041607473081,0.8108599041332004,0.6622551614610905,0.6589191232048375,0.9696885428253615,0.7846534653465347,0.617201215872052,0.21451840758067803,0.1098722166369495,sv_complexity_medium,0.5,5667,116366,27708
fold_d,314159,1hop,C,complexity,high,11200,6879,0.619503291111234,True,0.6794070468499364,0.6057784886196084,0.5822171479237297,18079,0.619503291111234,0.2831886003716845,0.7608209444375221,0.841034999754817,0.6794070468499364,0.679344218770742,0.9138392857142857,0.7793345008756567,0.5862603732147142,0.20208193145530642,0.10491232223800576,sv_complexity_high,0.5,18079,116366,27708
fold_d,314159,1hop,C,complexity,low,3850,2235,0.6327033689400164,True,0.7124075595727198,0.6283959441006421,0.19828183661641374,6085,0.6327033689400164,0.2831886003716845,0.6777115546645748,0.7055316195296113,0.7124075595727198,0.7028593508500772,0.944935064935065,0.806115665854199,0.7068934899528504,0.2174866709650853,0.14667779443506895,sv_complexity_low,0.5,6085,116366,27708
fold_d,314159,1hop,C,complexity,medium,3596,2071,0.6345509087700724,True,0.7210164107993647,0.6488113301490094,0.669569834680228,5667,0.6345509087700724,0.2831886003716845,0.8116338825960924,0.8792445963689346,0.7210164107993647,0.7199301462562759,0.9171301446051168,0.8066528066528067,0.5333930245967532,0.1784489222773404,0.09450129377595466,sv_complexity_medium,0.5,5667,116366,27708
fold_d,314159,1hop,C+T,complexity,high,11200,6879,0.619503291111234,True,0.745727086675148,0.6941896792515523,0.7156832378248534,18079,0.619503291111234,0.2794108733796171,0.8337084138059934,0.8918184077104467,0.745727086675148,0.7396385279814183,0.9098214285714286,0.815950674620651,0.499436713305597,0.16783561937402447,0.08370603460704715,sv_complexity_high,0.5,18079,116366,27708
fold_d,314159,1hop,C+T,complexity,low,3850,2235,0.6327033689400164,True,0.79063270336894,0.7352590139167321,0.6745188172631822,6085,0.6327033689400164,0.2794108733796171,0.8306654464104128,0.8804518581073479,0.79063270336894,0.7745098039215687,0.9438961038961039,0.8508546007960665,0.477326476313201,0.15743411453392517,0.09909425086030318,sv_complexity_low,0.5,6085,116366,27708
fold_d,314159,1hop,C+T,complexity,medium,3596,2071,0.6345509087700724,True,0.8286571378154226,0.7916805866704193,0.8510988141947304,5667,0.6345509087700724,0.2794108733796171,0.9106494876811996,0.9455841969644057,0.8286571378154226,0.8235149124969189,0.9290878754171301,0.8731216516398798,0.3865274362773697,0.12249126505287926,0.07618894914080498,sv_complexity_medium,0.5,5667,116366,27708
fold_d,314159,1hop,C+S,complexity,high,11200,6879,0.619503291111234,True,0.6802920515515238,0.598781189645505,0.617944967289182,18079,0.619503291111234,0.2289536589789537,0.7748186963948248,0.8546293174391439,0.6802920515515238,0.6733623336745138,0.9398214285714286,0.7845855694692904,0.5698988788361458,0.19525624675930292,0.09980205476019337,sv_complexity_high,0.5,18079,116366,27708
fold_d,314159,1hop,C+S,complexity,low,3850,2235,0.6327033689400164,True,0.7301561216105177,0.6455187541764723,0.5290049201062491,6085,0.6327033689400164,0.2289536589789537,0.7668451146169268,0.8270050939091975,0.7301561216105177,0.7115753162131084,0.9644155844155844,0.8189236876929863,0.5415894495546459,0.1818224801908637,0.08478030560344871,sv_complexity_low,0.5,6085,116366,27708
fold_d,314159,1hop,C+S,complexity,medium,3596,2071,0.6345509087700724,True,0.7462502205752602,0.6703327077835827,0.7148106528080302,5667,0.6345509087700724,0.2289536589789537,0.837837886830638,0.8957778122402383,0.7462502205752602,0.7299658994032395,0.9524471635150167,0.826496138996139,0.500337392782999,0.16555252176552182,0.09361770507037236,sv_complexity_medium,0.5,5667,116366,27708
fold_d,314159,1hop,C+S+T,complexity,high,11200,6879,0.619503291111234,True,0.7395873665578848,0.6825042118351919,0.7120928471456129,18079,0.619503291111234,0.2538571737805925,0.831403125194692,0.8904522758733708,0.7395873665578848,0.7294641594797115,0.9213392857142857,0.814250769352166,0.5023630663525667,0.16863360563631102,0.08188263247561534,sv_complexity_high,0.5,18079,116366,27708
fold_d,314159,1hop,C+S+T,complexity,low,3850,2235,0.6327033689400164,True,0.7857025472473295,0.7322075016705889,0.743221889790553,6085,0.6327033689400164,0.2538571737805925,0.8564162235974317,0.905686265190121,0.7857025472473295,0.7741171403962102,0.9337662337662338,0.846479868142218,0.4561411270596776,0.150431007276343,0.09397871080350169,sv_complexity_low,0.5,6085,116366,27708
fold_d,314159,1hop,C+S+T,complexity,medium,3596,2071,0.6345509087700724,True,0.8233633315687312,0.7829019206382541,0.849549380386391,5667,0.6345509087700724,0.2538571737805925,0.9094124648396817,0.9450179577872271,0.8233633315687312,0.8151566674763177,0.9332591768631813,0.8702191105925061,0.39053045811570297,0.12356911576335197,0.07650254763361977,sv_complexity_medium,0.5,5667,116366,27708
fold_d,314159,1hop,T,complexity,high,11200,6879,0.619503291111234,True,0.744454892416616,0.690218470292609,0.7132752335881001,18079,0.619503291111234,0.2726483602712501,0.8319196168982201,0.8909021700233719,0.744454892416616,0.735605843597823,0.9171428571428571,0.8164043872198379,0.501430811322059,0.1685117124759829,0.08340297799199393,sv_complexity_high,0.5,18079,116366,27708
fold_d,314159,1hop,T,complexity,low,3850,2235,0.6327033689400164,True,0.7881676253081348,0.7320909962520701,0.7664049883039235,6085,0.6327033689400164,0.2726483602712501,0.8672615125366803,0.9142013391716136,0.7881676253081348,0.7722730172230491,0.9433766233766234,0.8492926458552554,0.44235159680521763,0.14493349588122334,0.07898734673975487,sv_complexity_low,0.5,6085,116366,27708
fold_d,314159,1hop,T,complexity,medium,3596,2071,0.6345509087700724,True,0.8281277571907535,0.7915706141648884,0.8495828635102264,5667,0.6345509087700724,0.2726483602712501,0.9095624517611444,0.9450301941644043,0.8281277571907535,0.8238636363636364,0.9274193548387096,0.8725798011512297,0.39100207758227956,0.12384296124738473,0.07908301714756642,sv_complexity_medium,0.5,5667,116366,27708
fold_d,314159,1hop,S,complexity,high,11200,6879,0.619503291111234,True,0.6769179711267216,0.5912066875376405,0.6134376568720885,18079,0.619503291111234,0.2165074367948356,0.7725399572716134,0.8529143006594998,0.6769179711267216,0.668342024250801,0.9498214285714286,0.7846000663790242,0.5725851983222601,0.19627306563282604,0.10011752436212012,sv_complexity_high,0.5,18079,116366,27708
fold_d,314159,1hop,S,complexity,low,3850,2235,0.6327033689400164,True,0.724239934264585,0.6358697231180452,0.6426483107111944,6085,0.6327033689400164,0.2165074367948356,0.811337284639298,0.8687459284206277,0.724239934264585,0.7053706505295008,0.9688311688311688,0.8163711971985117,0.5314925307024032,0.1781528837522962,0.10210047055792837,sv_complexity_low,0.5,6085,116366,27708
fold_d,314159,1hop,S,complexity,medium,3596,2071,0.6345509087700724,True,0.740956414328569,0.6600182535560462,0.7014340333117524,5667,0.6345509087700724,0.2165074367948356,0.8335790370651655,0.890889338801595,0.740956414328569,0.7225010455876203,0.960789766407119,0.8247791835760324,0.5043566492095064,0.16685105146322968,0.09279065227560665,sv_complexity_medium,0.5,5667,116366,27708
fold_d,314159,1hop,K,complexity,high,11200,6879,0.619503291111234,True,0.6332208639858399,0.5297474845804,0.39983838382138603,18079,0.619503291111234,0.2856648361751618,0.6731034540942413,0.7716404802426746,0.6332208639858399,0.6344218887908208,0.9626785714285714,0.7648164568185849,0.6524106848915844,0.22913225180716087,0.11648772626132439,sv_complexity_high,0.5,18079,116366,27708
fold_d,314159,1hop,K,complexity,low,3850,2235,0.6327033689400164,True,0.6619556285949055,0.5478915715157326,0.28711391999897823,6085,0.6327033689400164,0.2856648361751618,0.6397092884743891,0.7381593444860668,0.6619556285949055,0.6563208369659983,0.9776623376623377,0.7853938445487741,0.6340816631648138,0.2220096158912952,0.11601685076582634,sv_complexity_low,0.5,6085,116366,27708
fold_d,314159,1hop,K,complexity,medium,3596,2071,0.6345509087700724,True,0.6622551614610905,0.5490644548989193,0.48244474974545953,5667,0.6345509087700724,0.2856648361751618,0.7146041607473081,0.8108599041332004,0.6622551614610905,0.6589191232048375,0.9696885428253615,0.7846534653465347,0.617201215872052,0.21451840758067803,0.1098722166369495,sv_complexity_medium,0.5,5667,116366,27708
fold_d,314159,strict,C,complexity,high,11200,6879,0.619503291111234,True,0.6794070468499364,0.6057784886196084,0.5822171479237297,18079,0.619503291111234,0.2831886003716845,0.7608209444375221,0.841034999754817,0.6794070468499364,0.679344218770742,0.9138392857142857,0.7793345008756567,0.5862603732147142,0.20208193145530642,0.10491232223800576,sv_complexity_high,0.5,18079,116366,27708
fold_d,314159,strict,C,complexity,low,3850,2235,0.6327033689400164,True,0.7124075595727198,0.6283959441006421,0.19828183661641374,6085,0.6327033689400164,0.2831886003716845,0.6777115546645748,0.7055316195296113,0.7124075595727198,0.7028593508500772,0.944935064935065,0.806115665854199,0.7068934899528504,0.2174866709650853,0.14667779443506895,sv_complexity_low,0.5,6085,116366,27708
fold_d,314159,strict,C,complexity,medium,3596,2071,0.6345509087700724,True,0.7210164107993647,0.6488113301490094,0.669569834680228,5667,0.6345509087700724,0.2831886003716845,0.8116338825960924,0.8792445963689346,0.7210164107993647,0.7199301462562759,0.9171301446051168,0.8066528066528067,0.5333930245967532,0.1784489222773404,0.09450129377595466,sv_complexity_medium,0.5,5667,116366,27708
fold_d,314159,strict,C+T,complexity,high,11200,6879,0.619503291111234,True,0.7325626417390343,0.6695716583078936,0.6945165467323519,18079,0.619503291111234,0.2531183062592021,0.820892727348244,0.8837645514116848,0.7325626417390343,0.7189241246474514,0.933125,0.8121381668415122,0.5160233068138849,0.17408444362617262,0.0880842934339169,sv_complexity_high,0.5,18079,116366,27708
fold_d,314159,strict,C+T,complexity,low,3850,2235,0.6327033689400164,True,0.7641741988496302,0.6995226473749964,0.6324390212918428,6085,0.6327033689400164,0.2531183062592021,0.813313867340713,0.8649960908113835,0.7641741988496302,0.7491231689704972,0.9431168831168831,0.8350005749108889,0.5060692126371986,0.1679239101420729,0.1000174267344848,sv_complexity_low,0.5,6085,116366,27708
fold_d,314159,strict,C+T,complexity,medium,3596,2071,0.6345509087700724,True,0.8060702311628728,0.7524843849784271,0.8157683499080425,5667,0.6345509087700724,0.2531183062592021,0.8901872835797487,0.9326727108981041,0.8060702311628728,0.7872095698182655,0.9516129032258065,0.8616391791514542,0.4212533634960895,0.1361855013256123,0.08324893943120297,sv_complexity_medium,0.5,5667,116366,27708
fold_d,314159,strict,C+S,complexity,high,11200,6879,0.619503291111234,True,0.6802920515515238,0.598781189645505,0.617944967289182,18079,0.619503291111234,0.2289536589789537,0.7748186963948248,0.8546293174391439,0.6802920515515238,0.6733623336745138,0.9398214285714286,0.7845855694692904,0.5698988788361458,0.19525624675930292,0.09980205476019337,sv_complexity_high,0.5,18079,116366,27708
fold_d,314159,strict,C+S,complexity,low,3850,2235,0.6327033689400164,True,0.7301561216105177,0.6455187541764723,0.5290049201062491,6085,0.6327033689400164,0.2289536589789537,0.7668451146169268,0.8270050939091975,0.7301561216105177,0.7115753162131084,0.9644155844155844,0.8189236876929863,0.5415894495546459,0.1818224801908637,0.08478030560344871,sv_complexity_low,0.5,6085,116366,27708
fold_d,314159,strict,C+S,complexity,medium,3596,2071,0.6345509087700724,True,0.7462502205752602,0.6703327077835827,0.7148106528080302,5667,0.6345509087700724,0.2289536589789537,0.837837886830638,0.8957778122402383,0.7462502205752602,0.7299658994032395,0.9524471635150167,0.826496138996139,0.500337392782999,0.16555252176552182,0.09361770507037236,sv_complexity_medium,0.5,5667,116366,27708
fold_d,314159,strict,C+S+T,complexity,high,11200,6879,0.619503291111234,True,0.7306266939543117,0.6709255394264116,0.6954116926110493,18079,0.619503291111234,0.2579758069425604,0.8201470313376114,0.8841051514725045,0.7306266939543117,0.721421575486218,0.9207142857142857,0.8089746607044794,0.516377828130255,0.17417889276721213,0.08549968499142067,sv_complexity_high,0.5,18079,116366,27708
fold_d,314159,strict,C+S+T,complexity,low,3850,2235,0.6327033689400164,True,0.7687756778964667,0.7055050989279177,0.7040368234177254,6085,0.6327033689400164,0.2579758069425604,0.8389139138266656,0.8912937223235196,0.7687756778964667,0.753160621761658,0.9438961038961039,0.8378097982708934,0.4734740165307195,0.15715749466578188,0.08494178398262671,sv_complexity_low,0.5,6085,116366,27708
fold_d,314159,strict,C+S+T,complexity,medium,3596,2071,0.6345509087700724,True,0.8053643903299806,0.753156842008584,0.8213577937211993,5667,0.6345509087700724,0.2579758069425604,0.8934461757766154,0.934715368060103,0.8053643903299806,0.7886084741838388,0.9471635150166852,0.8606443461781428,0.4179616926339127,0.13436440875586939,0.08266153878304792,sv_complexity_medium,0.5,5667,116366,27708
fold_d,314159,strict,T,complexity,high,11200,6879,0.619503291111234,True,0.7342220255545108,0.6765474113762382,0.6892109324630606,18079,0.619503291111234,0.2778169031533563,0.81903674874878,0.8817457826435862,0.7342220255545108,0.7257324391104836,0.9178571428571428,0.8105657401931796,0.5189962955661926,0.1751171980772859,0.09010505940405092,sv_complexity_high,0.5,18079,116366,27708
fold_d,314159,strict,T,complexity,low,3850,2235,0.6327033689400164,True,0.7649958915365653,0.7041134257241639,0.568246670623569,6085,0.6327033689400164,0.2778169031533563,0.7936098666434237,0.8414184566711055,0.7649958915365653,0.7537751677852349,0.9335064935064935,0.8340682292875378,0.5313846158112865,0.1730479038255147,0.10806622021551691,sv_complexity_low,0.5,6085,116366,27708
fold_d,314159,strict,T,complexity,medium,3596,2071,0.6345509087700724,True,0.8046585494970884,0.7547507719559637,0.8161713122097451,5667,0.6345509087700724,0.2778169031533563,0.8902818142804736,0.9328199731050613,0.8046585494970884,0.7912473671893283,0.9402113459399333,0.8593213877239801,0.4220586037225751,0.13640110196751454,0.08386886471941438,sv_complexity_medium,0.5,5667,116366,27708
fold_d,314159,strict,S,complexity,high,11200,6879,0.619503291111234,True,0.6769179711267216,0.5912066875376405,0.6134376568720885,18079,0.619503291111234,0.2165074367948356,0.7725399572716134,0.8529143006594998,0.6769179711267216,0.668342024250801,0.9498214285714286,0.7846000663790242,0.5725851983222601,0.19627306563282604,0.10011752436212012,sv_complexity_high,0.5,18079,116366,27708
fold_d,314159,strict,S,complexity,low,3850,2235,0.6327033689400164,True,0.724239934264585,0.6358697231180452,0.6426483107111944,6085,0.6327033689400164,0.2165074367948356,0.811337284639298,0.8687459284206277,0.724239934264585,0.7053706505295008,0.9688311688311688,0.8163711971985117,0.5314925307024032,0.1781528837522962,0.10210047055792837,sv_complexity_low,0.5,6085,116366,27708
fold_d,314159,strict,S,complexity,medium,3596,2071,0.6345509087700724,True,0.740956414328569,0.6600182535560462,0.7014340333117524,5667,0.6345509087700724,0.2165074367948356,0.8335790370651655,0.890889338801595,0.740956414328569,0.7225010455876203,0.960789766407119,0.8247791835760324,0.5043566492095064,0.16685105146322968,0.09279065227560665,sv_complexity_medium,0.5,5667,116366,27708
fold_d,314159,strict,K,complexity,high,11200,6879,0.619503291111234,True,0.6332208639858399,0.5297474845804,0.39983838382138603,18079,0.619503291111234,0.2856648361751618,0.6731034540942413,0.7716404802426746,0.6332208639858399,0.6344218887908208,0.9626785714285714,0.7648164568185849,0.6524106848915844,0.22913225180716087,0.11648772626132439,sv_complexity_high,0.5,18079,116366,27708
fold_d,314159,strict,K,complexity,low,3850,2235,0.6327033689400164,True,0.6619556285949055,0.5478915715157326,0.28711391999897823,6085,0.6327033689400164,0.2856648361751618,0.6397092884743891,0.7381593444860668,0.6619556285949055,0.6563208369659983,0.9776623376623377,0.7853938445487741,0.6340816631648138,0.2220096158912952,0.11601685076582634,sv_complexity_low,0.5,6085,116366,27708
fold_d,314159,strict,K,complexity,medium,3596,2071,0.6345509087700724,True,0.6622551614610905,0.5490644548989193,0.48244474974545953,5667,0.6345509087700724,0.2856648361751618,0.7146041607473081,0.8108599041332004,0.6622551614610905,0.6589191232048375,0.9696885428253615,0.7846534653465347,0.617201215872052,0.21451840758067803,0.1098722166369495,sv_complexity_medium,0.5,5667,116366,27708
fold_d,42,1hop,C,complexity,high,11200,6879,0.619503291111234,True,0.6794070468499364,0.6057784886196084,0.5822171479237297,18079,0.619503291111234,0.2831886003716845,0.7608209444375221,0.841034999754817,0.6794070468499364,0.679344218770742,0.9138392857142857,0.7793345008756567,0.5862603732147142,0.20208193145530642,0.10491232223800576,sv_complexity_high,0.5,18079,116366,27708
fold_d,42,1hop,C,complexity,low,3850,2235,0.6327033689400164,True,0.7124075595727198,0.6283959441006421,0.19828183661641374,6085,0.6327033689400164,0.2831886003716845,0.6777115546645748,0.7055316195296113,0.7124075595727198,0.7028593508500772,0.944935064935065,0.806115665854199,0.7068934899528504,0.2174866709650853,0.14667779443506895,sv_complexity_low,0.5,6085,116366,27708
fold_d,42,1hop,C,complexity,medium,3596,2071,0.6345509087700724,True,0.7210164107993647,0.6488113301490094,0.669569834680228,5667,0.6345509087700724,0.2831886003716845,0.8116338825960924,0.8792445963689346,0.7210164107993647,0.7199301462562759,0.9171301446051168,0.8066528066528067,0.5333930245967532,0.1784489222773404,0.09450129377595466,sv_complexity_medium,0.5,5667,116366,27708
fold_d,42,1hop,C+T,complexity,high,11200,6879,0.619503291111234,True,0.7433486365396316,0.6831563453990406,0.7205906559345868,18079,0.619503291111234,0.2384042298739445,0.8363830459680601,0.8936856641503415,0.7433486365396316,0.7280311457174639,0.935,0.8186366479049406,0.4954663369352457,0.1663923351405279,0.08291681341970054,sv_complexity_high,0.5,18079,116366,27708
fold_d,42,1hop,C+T,complexity,low,3850,2235,0.6327033689400164,True,0.7870172555464257,0.724143641593306,0.7534813234656107,6085,0.6327033689400164,0.2384042298739445,0.8666728841628171,0.909454520615553,0.7870172555464257,0.7635163021048287,0.961038961038961,0.8509659613615456,0.43586027775083686,0.14342319806991422,0.07978453550871431,sv_complexity_low,0.5,6085,116366,27708
fold_d,42,1hop,C+T,complexity,medium,3596,2071,0.6345509087700724,True,0.8258337744838539,0.7840294409422133,0.8483611941917732,5667,0.6345509087700724,0.2384042298739445,0.9098451710656564,0.944583736222192,0.8258337744838539,0.8145647455992283,0.939377085650723,0.8725300271212708,0.38696695440797885,0.12312269799390992,0.07634803750648264,sv_complexity_medium,0.5,5667,116366,27708
fold_d,42,1hop,C+S,complexity,high,11200,6879,0.619503291111234,True,0.6802920515515238,0.598781189645505,0.617944967289182,18079,0.619503291111234,0.2289536589789537,0.7748186963948248,0.8546293174391439,0.6802920515515238,0.6733623336745138,0.9398214285714286,0.7845855694692904,0.5698988788361458,0.19525624675930292,0.09980205476019337,sv_complexity_high,0.5,18079,116366,27708
fold_d,42,1hop,C+S,complexity,low,3850,2235,0.6327033689400164,True,0.7301561216105177,0.6455187541764723,0.5290049201062491,6085,0.6327033689400164,0.2289536589789537,0.7668451146169268,0.8270050939091975,0.7301561216105177,0.7115753162131084,0.9644155844155844,0.8189236876929863,0.5415894495546459,0.1818224801908637,0.08478030560344871,sv_complexity_low,0.5,6085,116366,27708
fold_d,42,1hop,C+S,complexity,medium,3596,2071,0.6345509087700724,True,0.7462502205752602,0.6703327077835827,0.7148106528080302,5667,0.6345509087700724,0.2289536589789537,0.837837886830638,0.8957778122402383,0.7462502205752602,0.7299658994032395,0.9524471635150167,0.826496138996139,0.500337392782999,0.16555252176552182,0.09361770507037236,sv_complexity_medium,0.5,5667,116366,27708
fold_d,42,1hop,C+S+T,complexity,high,11200,6879,0.619503291111234,True,0.7404723712594723,0.6804984113139367,0.7163461195006855,18079,0.619503291111234,0.240509357468698,0.8342606769048658,0.8920706320064835,0.7404723712594723,0.726664809139036,0.9314285714285714,0.8164031929879481,0.4982168472695442,0.16691144344381806,0.0799783776517696,sv_complexity_high,0.5,18079,116366,27708
fold_d,42,1hop,C+S+T,complexity,low,3850,2235,0.6327033689400164,True,0.7822514379622021,0.71784363287719,0.7522567866585476,6085,0.6327033689400164,0.240509357468698,0.8635603009965426,0.9090047523717097,0.7822514379622021,0.7591870252514884,0.9605194805194806,0.8480678821236097,0.4415122414673118,0.14518360400586194,0.08134291338861394,sv_complexity_low,0.5,6085,116366,27708
fold_d,42,1hop,C+S+T,complexity,medium,3596,2071,0.6345509087700724,True,0.8221281101111699,0.7799832852533718,0.8504360146716222,5667,0.6345509087700724,0.240509357468698,0.910546564695254,0.9453419774810181,0.8221281101111699,0.8119575699132112,0.9365962180200222,0.8698347107438017,0.3875439048764457,0.12284283903661425,0.07682568269694996,sv_complexity_medium,0.5,5667,116366,27708
fold_d,42,1hop,T,complexity,high,11200,6879,0.619503291111234,True,0.7448420819735605,0.6866891990114843,0.7182253187411118,18079,0.619503291111234,0.2490775986197884,0.835266968049758,0.892785661132812,0.7448420819735605,0.7312039312039312,0.93,0.818707015130674,0.49778030668593976,0.16694034132757837,0.08394173273594131,sv_complexity_high,0.5,18079,116366,27708
fold_d,42,1hop,T,complexity,low,3850,2235,0.6327033689400164,True,0.7866885784716516,0.7251038670501758,0.7724150872348768,6085,0.6327033689400164,0.2490775986197884,0.8735600104593393,0.91640882826129,0.7866885784716516,0.7648401826484018,0.9571428571428572,0.850253807106599,0.42930549178270677,0.13986810663971738,0.06180182012208304,sv_complexity_low,0.5,6085,116366,27708
fold_d,42,1hop,T,complexity,medium,3596,2071,0.6345509087700724,True,0.8277748367743074,0.7888352662892242,0.8464368491090501,5667,0.6345509087700724,0.2490775986197884,0.9093586199377064,0.9438804860604981,0.8277748367743074,0.819980459208598,0.9335372636262514,0.8730819245773732,0.39011123460920777,0.12337602299180893,0.07838192859115693,sv_complexity_medium,0.5,5667,116366,27708
fold_d,42,1hop,S,complexity,high,11200,6879,0.619503291111234,True,0.6769179711267216,0.5912066875376405,0.6134376568720885,18079,0.619503291111234,0.2165074367948356,0.7725399572716134,0.8529143006594998,0.6769179711267216,0.668342024250801,0.9498214285714286,0.7846000663790242,0.5725851983222601,0.19627306563282604,0.10011752436212012,sv_complexity_high,0.5,18079,116366,27708
fold_d,42,1hop,S,complexity,low,3850,2235,0.6327033689400164,True,0.724239934264585,0.6358697231180452,0.6426483107111944,6085,0.6327033689400164,0.2165074367948356,0.811337284639298,0.8687459284206277,0.724239934264585,0.7053706505295008,0.9688311688311688,0.8163711971985117,0.5314925307024032,0.1781528837522962,0.10210047055792837,sv_complexity_low,0.5,6085,116366,27708
fold_d,42,1hop,S,complexity,medium,3596,2071,0.6345509087700724,True,0.740956414328569,0.6600182535560462,0.7014340333117524,5667,0.6345509087700724,0.2165074367948356,0.8335790370651655,0.890889338801595,0.740956414328569,0.7225010455876203,0.960789766407119,0.8247791835760324,0.5043566492095064,0.16685105146322968,0.09279065227560665,sv_complexity_medium,0.5,5667,116366,27708
fold_d,42,1hop,K,complexity,high,11200,6879,0.619503291111234,True,0.6332208639858399,0.5297474845804,0.39983838382138603,18079,0.619503291111234,0.2856648361751618,0.6731034540942413,0.7716404802426746,0.6332208639858399,0.6344218887908208,0.9626785714285714,0.7648164568185849,0.6524106848915844,0.22913225180716087,0.11648772626132439,sv_complexity_high,0.5,18079,116366,27708
fold_d,42,1hop,K,complexity,low,3850,2235,0.6327033689400164,True,0.6619556285949055,0.5478915715157326,0.28711391999897823,6085,0.6327033689400164,0.2856648361751618,0.6397092884743891,0.7381593444860668,0.6619556285949055,0.6563208369659983,0.9776623376623377,0.7853938445487741,0.6340816631648138,0.2220096158912952,0.11601685076582634,sv_complexity_low,0.5,6085,116366,27708
fold_d,42,1hop,K,complexity,medium,3596,2071,0.6345509087700724,True,0.6622551614610905,0.5490644548989193,0.48244474974545953,5667,0.6345509087700724,0.2856648361751618,0.7146041607473081,0.8108599041332004,0.6622551614610905,0.6589191232048375,0.9696885428253615,0.7846534653465347,0.617201215872052,0.21451840758067803,0.1098722166369495,sv_complexity_medium,0.5,5667,116366,27708
fold_d,42,strict,C,complexity,high,11200,6879,0.619503291111234,True,0.6794070468499364,0.6057784886196084,0.5822171479237297,18079,0.619503291111234,0.2831886003716845,0.7608209444375221,0.841034999754817,0.6794070468499364,0.679344218770742,0.9138392857142857,0.7793345008756567,0.5862603732147142,0.20208193145530642,0.10491232223800576,sv_complexity_high,0.5,18079,116366,27708
fold_d,42,strict,C,complexity,low,3850,2235,0.6327033689400164,True,0.7124075595727198,0.6283959441006421,0.19828183661641374,6085,0.6327033689400164,0.2831886003716845,0.6777115546645748,0.7055316195296113,0.7124075595727198,0.7028593508500772,0.944935064935065,0.806115665854199,0.7068934899528504,0.2174866709650853,0.14667779443506895,sv_complexity_low,0.5,6085,116366,27708
fold_d,42,strict,C,complexity,medium,3596,2071,0.6345509087700724,True,0.7210164107993647,0.6488113301490094,0.669569834680228,5667,0.6345509087700724,0.2831886003716845,0.8116338825960924,0.8792445963689346,0.7210164107993647,0.7199301462562759,0.9171301446051168,0.8066528066528067,0.5333930245967532,0.1784489222773404,0.09450129377595466,sv_complexity_medium,0.5,5667,116366,27708
fold_d,42,strict,C+T,complexity,high,11200,6879,0.619503291111234,True,0.733779523203717,0.6745357830768592,0.6899871475849486,18079,0.619503291111234,0.2639611413420855,0.8192995568811912,0.8820411299428542,0.733779523203717,0.7237127845884413,0.9224107142857143,0.8110696761530912,0.5200751809201416,0.1754312448885305,0.0909657640605272,sv_complexity_high,0.5,18079,116366,27708
fold_d,42,strict,C+T,complexity,low,3850,2235,0.6327033689400164,True,0.7613804437140509,0.6904642784508557,0.7378633553624498,6085,0.6327033689400164,0.2639611413420855,0.8547149539498533,0.9037180935472597,0.7613804437140509,0.7409565916398714,0.9576623376623377,0.8354860639021074,0.46052735036555165,0.1518038740175896,0.0698596449791087,sv_complexity_low,0.5,6085,116366,27708
fold_d,42,strict,C+T,complexity,medium,3596,2071,0.6345509087700724,True,0.8005999647079584,0.7489931271883723,0.8108017957152738,5667,0.6345509087700724,0.2639611413420855,0.888740722160843,0.9308576881818126,0.8005999647079584,0.7867441860465116,0.9407675194660734,0.8568895643363729,0.42678383466618824,0.13751649427280843,0.08513838135146423,sv_complexity_medium,0.5,5667,116366,27708
fold_d,42,strict,C+S,complexity,high,11200,6879,0.619503291111234,True,0.6802920515515238,0.598781189645505,0.617944967289182,18079,0.619503291111234,0.2289536589789537,0.7748186963948248,0.8546293174391439,0.6802920515515238,0.6733623336745138,0.9398214285714286,0.7845855694692904,0.5698988788361458,0.19525624675930292,0.09980205476019337,sv_complexity_high,0.5,18079,116366,27708
fold_d,42,strict,C+S,complexity,low,3850,2235,0.6327033689400164,True,0.7301561216105177,0.6455187541764723,0.5290049201062491,6085,0.6327033689400164,0.2289536589789537,0.7668451146169268,0.8270050939091975,0.7301561216105177,0.7115753162131084,0.9644155844155844,0.8189236876929863,0.5415894495546459,0.1818224801908637,0.08478030560344871,sv_complexity_low,0.5,6085,116366,27708
fold_d,42,strict,C+S,complexity,medium,3596,2071,0.6345509087700724,True,0.7462502205752602,0.6703327077835827,0.7148106528080302,5667,0.6345509087700724,0.2289536589789537,0.837837886830638,0.8957778122402383,0.7462502205752602,0.7299658994032395,0.9524471635150167,0.826496138996139,0.500337392782999,0.16555252176552182,0.09361770507037236,sv_complexity_medium,0.5,5667,116366,27708
fold_d,42,strict,C+S+T,complexity,high,11200,6879,0.619503291111234,True,0.7354389070191936,0.6825771369385085,0.6922055558083685,18079,0.619503291111234,0.2834989068789071,0.8185493115693726,0.8828852269708373,0.7354389070191936,0.7320459969624648,0.90375,0.8088864026851,0.5197573112823759,0.17539710719396243,0.08705098847870553,sv_complexity_high,0.5,18079,116366,27708
fold_d,42,strict,C+S+T,complexity,low,3850,2235,0.6327033689400164,True,0.7684470008216927,0.7014916180016851,0.7412009512244983,6085,0.6327033689400164,0.2834989068789071,0.8566725936256138,0.9049439812632298,0.7684470008216927,0.7489292270038752,0.9537662337662338,0.8390266194447618,0.4622312425065473,0.1523698585499475,0.0807004455268113,sv_complexity_low,0.5,6085,116366,27708
fold_d,42,strict,C+S+T,complexity,medium,3596,2071,0.6345509087700724,True,0.8025410269984119,0.7553347407307545,0.8132788701276347,5667,0.6345509087700724,0.2834989068789071,0.8892614466742114,0.9317629327747188,0.8025410269984119,0.793692198245198,0.9307563959955506,0.8567771662613592,0.42569962333649486,0.13699550683834866,0.08446162200082781,sv_complexity_medium,0.5,5667,116366,27708
fold_d,42,strict,T,complexity,high,11200,6879,0.619503291111234,True,0.7289673101388351,0.6681561052790065,0.682818019379628,18079,0.619503291111234,0.262231051154447,0.8152541573214546,0.8793133002551281,0.7289673101388351,0.7192677154392315,0.9225892857142857,0.808339200500665,0.52416710940132,0.17724012557863475,0.09127684213726946,sv_complexity_high,0.5,18079,116366,27708
fold_d,42,strict,T,complexity,low,3850,2235,0.6327033689400164,True,0.7597370583401808,0.6893532641854789,0.7397596377607272,6085,0.6327033689400164,0.262231051154447,0.8548842790319301,0.9044145916836853,0.7597370583401808,0.7406287787182587,0.9545454545454546,0.8340898774398547,0.4628270082018916,0.15285075821555763,0.07729468307168855,sv_complexity_low,0.5,6085,116366,27708
fold_d,42,strict,T,complexity,medium,3596,2071,0.6345509087700724,True,0.8009528851244044,0.7482473551545281,0.8040338981263897,5667,0.6345509087700724,0.262231051154447,0.8866555414057897,0.9283843661584177,0.8009528851244044,0.7855159648310968,0.9441045606229144,0.8575397827734277,0.4305158227126366,0.13881657008927473,0.08636051564180092,sv_complexity_medium,0.5,5667,116366,27708
fold_d,42,strict,S,complexity,high,11200,6879,0.619503291111234,True,0.6769179711267216,0.5912066875376405,0.6134376568720885,18079,0.619503291111234,0.2165074367948356,0.7725399572716134,0.8529143006594998,0.6769179711267216,0.668342024250801,0.9498214285714286,0.7846000663790242,0.5725851983222601,0.19627306563282604,0.10011752436212012,sv_complexity_high,0.5,18079,116366,27708
fold_d,42,strict,S,complexity,low,3850,2235,0.6327033689400164,True,0.724239934264585,0.6358697231180452,0.6426483107111944,6085,0.6327033689400164,0.2165074367948356,0.811337284639298,0.8687459284206277,0.724239934264585,0.7053706505295008,0.9688311688311688,0.8163711971985117,0.5314925307024032,0.1781528837522962,0.10210047055792837,sv_complexity_low,0.5,6085,116366,27708
fold_d,42,strict,S,complexity,medium,3596,2071,0.6345509087700724,True,0.740956414328569,0.6600182535560462,0.7014340333117524,5667,0.6345509087700724,0.2165074367948356,0.8335790370651655,0.890889338801595,0.740956414328569,0.7225010455876203,0.960789766407119,0.8247791835760324,0.5043566492095064,0.16685105146322968,0.09279065227560665,sv_complexity_medium,0.5,5667,116366,27708
fold_d,42,strict,K,complexity,high,11200,6879,0.619503291111234,True,0.6332208639858399,0.5297474845804,0.39983838382138603,18079,0.619503291111234,0.2856648361751618,0.6731034540942413,0.7716404802426746,0.6332208639858399,0.6344218887908208,0.9626785714285714,0.7648164568185849,0.6524106848915844,0.22913225180716087,0.11648772626132439,sv_complexity_high,0.5,18079,116366,27708
fold_d,42,strict,K,complexity,low,3850,2235,0.6327033689400164,True,0.6619556285949055,0.5478915715157326,0.28711391999897823,6085,0.6327033689400164,0.2856648361751618,0.6397092884743891,0.7381593444860668,0.6619556285949055,0.6563208369659983,0.9776623376623377,0.7853938445487741,0.6340816631648138,0.2220096158912952,0.11601685076582634,sv_complexity_low,0.5,6085,116366,27708
fold_d,42,strict,K,complexity,medium,3596,2071,0.6345509087700724,True,0.6622551614610905,0.5490644548989193,0.48244474974545953,5667,0.6345509087700724,0.2856648361751618,0.7146041607473081,0.8108599041332004,0.6622551614610905,0.6589191232048375,0.9696885428253615,0.7846534653465347,0.617201215872052,0.21451840758067803,0.1098722166369495,sv_complexity_medium,0.5,5667,116366,27708
fold_e,20260806,1hop,C,complexity,high,10712,6130,0.6360289751810949,True,0.6922574516090726,0.6164239126859299,0.5981361224641807,16842,0.6360289751810949,0.286786811681311,0.7648946174313815,0.8537331926555889,0.6922574516090726,0.7025423107919995,0.8951643017176998,0.787241903041747,0.583432493216295,0.20088734367118402,0.11607235433721759,sv_complexity_high,0.5,16842,107441,38756
fold_e,20260806,1hop,C,complexity,low,2102,1066,0.663510101010101,True,0.7629419191919192,0.6722530851525305,0.6563241121131812,3168,0.663510101010101,0.286786811681311,0.813778488458236,0.8843565351997005,0.7629419191919192,0.7557743279060962,0.9495718363463368,0.8416613957410921,0.518381007213652,0.1713437354097144,0.1023913531742823,sv_complexity_low,0.5,3168,107441,38756
fold_e,20260806,1hop,C,complexity,medium,4978,2720,0.6466614705118212,True,0.732138217718888,0.6583942139531587,0.6425723256215474,7698,0.6466614705118212,0.286786811681311,0.8001488534847446,0.873707031136738,0.732138217718888,0.7373819602735265,0.9098031337886702,0.814568345323741,0.5420680911380461,0.18194098424707908,0.10006737615418035,sv_complexity_medium,0.5,7698,107441,38756
fold_e,20260806,1hop,C+T,complexity,high,10712,6130,0.6360289751810949,True,0.7539484621778886,0.687947958533492,0.7273514184781454,16842,0.6360289751810949,0.2371707762182612,0.8374860960006434,0.9007638163680698,0.7539484621778886,0.7456612806702573,0.9305451829723674,0.827906976744186,0.4958057861634306,0.1664848594849929,0.09080273953361041,sv_complexity_high,0.5,16842,107441,38756
fold_e,20260806,1hop,C+T,complexity,low,2102,1066,0.663510101010101,True,0.8446969696969697,0.7884182490364755,0.8403507868944611,3168,0.663510101010101,0.2371707762182612,0.9106236265648905,0.9462796524083004,0.8446969696969697,0.8315485996705108,0.9605137963843958,0.8913907284768212,0.3653418118947869,0.1145078563957009,0.06662151019684635,sv_complexity_low,0.5,3168,107441,38756
fold_e,20260806,1hop,C+T,complexity,medium,4978,2720,0.6466614705118212,True,0.8160561184723305,0.7595506995486021,0.8152911129974956,7698,0.6466614705118212,0.2371707762182612,0.8957980555621204,0.9347352334831369,0.8160561184723305,0.8009462656302805,0.9521896343913219,0.8700440528634361,0.40335950821548316,0.12856328793387123,0.07315660144559664,sv_complexity_medium,0.5,7698,107441,38756
fold_e,20260806,1hop,C+S,complexity,high,10712,6130,0.6360289751810949,True,0.6881605510034438,0.5957585035215343,0.62908419652605,16842,0.6360289751810949,0.2332431453983942,0.7768204188073444,0.8649973948880588,0.6881605510034438,0.6872427983539094,0.9353995519044063,0.7923454056618694,0.5670536971241651,0.1944159139474194,0.11026426693136501,sv_complexity_high,0.5,16842,107441,38756
fold_e,20260806,1hop,C+S,complexity,low,2102,1066,0.663510101010101,True,0.7698863636363636,0.6767926731086091,0.729038849750979,3168,0.663510101010101,0.2332431453983942,0.8493681975354483,0.9088243099225201,0.7698863636363636,0.7572124391157737,0.961465271170314,0.8472018444770488,0.4755721311714208,0.15430170533853577,0.09432080268101312,sv_complexity_low,0.5,3168,107441,38756
fold_e,20260806,1hop,C+S,complexity,medium,4978,2720,0.6466614705118212,True,0.7474668745128605,0.6650767051497176,0.7024687913503436,7698,0.6466614705118212,0.2332431453983942,0.8330772309928391,0.8948707602588899,0.7474668745128605,0.737625313283208,0.9459622338288469,0.8289033620841401,0.5018151414469693,0.1654992679443078,0.09306737558076265,sv_complexity_medium,0.5,7698,107441,38756
fold_e,20260806,1hop,C+S+T,complexity,high,10712,6130,0.6360289751810949,True,0.746585916161976,0.6802411376852293,0.7251992157986837,16842,0.6360289751810949,0.2344977536680939,0.8340176801611098,0.8999804769532082,0.746585916161976,0.7412760221656433,0.9241038088125467,0.8226543671569849,0.5023909392966506,0.16891790070664886,0.09496130247316632,sv_complexity_high,0.5,16842,107441,38756
fold_e,20260806,1hop,C+S+T,complexity,low,2102,1066,0.663510101010101,True,0.8428030303030303,0.7853728156691653,0.8526087081267723,3168,0.663510101010101,0.2344977536680939,0.9136784318695853,0.9504043190855869,0.8428030303030303,0.8292282430213465,0.9609895337773549,0.8902600264433671,0.36728294218208946,0.11498052206253229,0.07193938102898106,sv_complexity_low,0.5,3168,107441,38756
fold_e,20260806,1hop,C+S+T,complexity,medium,4978,2720,0.6466614705118212,True,0.8178747726682255,0.7610402683572424,0.8195062534360591,7698,0.6466614705118212,0.2344977536680939,0.8962562480797864,0.9362246050072851,0.8178747726682255,0.8015177065767285,0.954801124949779,0.8714704803813714,0.40430877085179645,0.1287787932515329,0.07497473132626786,sv_complexity_medium,0.5,7698,107441,38756
fold_e,20260806,1hop,T,complexity,high,10712,6130,0.6360289751810949,True,0.755076594228714,0.6926028743663248,0.7260282673017707,16842,0.6360289751810949,0.2501658761013503,0.8366781335319996,0.9002822276784144,0.755076594228714,0.7500569432844887,0.9222367438386856,0.8272830046476574,0.4966250138672946,0.1667417683661159,0.09001027036794301,sv_complexity_high,0.5,16842,107441,38756
fold_e,20260806,1hop,T,complexity,low,2102,1066,0.663510101010101,True,0.8472222222222222,0.7937888154406685,0.8383913690634793,3168,0.663510101010101,0.2501658761013503,0.909719011465896,0.9456203281002743,0.8472222222222222,0.8362427265170407,0.9571836346336822,0.8926353149955635,0.3658899018029228,0.1145613773028132,0.06596596547863796,sv_complexity_low,0.5,3168,107441,38756
fold_e,20260806,1hop,T,complexity,medium,4978,2720,0.6466614705118212,True,0.8174850610548194,0.7641575875026587,0.8136606837809325,7698,0.6466614705118212,0.2501658761013503,0.8949625410630303,0.9341591400213219,0.8174850610548194,0.8056458511548332,0.9459622338288469,0.8701838676891804,0.40529625661117574,0.12896096535876178,0.07393091215883153,sv_complexity_medium,0.5,7698,107441,38756
fold_e,20260806,1hop,S,complexity,high,10712,6130,0.6360289751810949,True,0.6824605153782212,0.5810898298869284,0.6257878661677756,16842,0.6360289751810949,0.2087839690352355,0.7746489658957587,0.863797626149416,0.6824605153782212,0.6779930979559331,0.9536967886482449,0.7925523661753298,0.569205310425976,0.1952705586955764,0.11005657919878849,sv_complexity_high,0.5,16842,107441,38756
fold_e,20260806,1hop,S,complexity,low,2102,1066,0.663510101010101,True,0.7629419191919192,0.6625437580219321,0.7261538334441672,3168,0.663510101010101,0.2087839690352355,0.8480463080814662,0.9078535310768567,0.7629419191919192,0.7478899082568807,0.9695528068506185,0.8444168220426767,0.4790470107224236,0.15528189283041582,0.09391771884271803,sv_complexity_low,0.5,3168,107441,38756
fold_e,20260806,1hop,S,complexity,medium,4978,2720,0.6466614705118212,True,0.7411015848272279,0.6504827860232081,0.6940852661370484,7698,0.6466614705118212,0.2087839690352355,0.8299825482121334,0.8919085377880971,0.7411015848272279,0.7272727272727273,0.9594214543993572,0.827371156344738,0.5056803062702255,0.16675548039908053,0.09322252791071534,sv_complexity_medium,0.5,7698,107441,38756
fold_e,20260806,1hop,K,complexity,high,10712,6130,0.6360289751810949,True,0.6470727942049638,0.5343953724809851,0.42108609273972614,16842,0.6360289751810949,0.3022449455518995,0.6811445245350003,0.7892921118925615,0.6470727942049638,0.6532724701041532,0.948562359970127,0.7736998400974644,0.6507159810479192,0.2285021735482565,0.13519624139986872,sv_complexity_high,0.5,16842,107441,38756
fold_e,20260806,1hop,K,complexity,low,2102,1066,0.663510101010101,True,0.6941287878787878,0.5586741297040432,0.45871660293197064,3168,0.663510101010101,0.3022449455518995,0.7017467952436971,0.8178636043956694,0.6941287878787878,0.6915793033479878,0.972882968601332,0.80846016999407,0.6080901575995337,0.21110296188383273,0.12140144161991741,sv_complexity_low,0.5,3168,107441,38756
fold_e,20260806,1hop,K,complexity,medium,4978,2720,0.6466614705118212,True,0.679786957651338,0.5614667773497506,0.46159607541035846,7698,0.6466614705118212,0.3022449455518995,0.7095724865880462,0.8097611490148318,0.679786957651338,0.6771464824474834,0.9648453194053837,0.7957915665644935,0.6129968737252708,0.21283352770649222,0.11249067753677847,sv_complexity_medium,0.5,7698,107441,38756
fold_e,20260806,strict,C,complexity,high,10712,6130,0.6360289751810949,True,0.6922574516090726,0.6164239126859299,0.5981361224641807,16842,0.6360289751810949,0.286786811681311,0.7648946174313815,0.8537331926555889,0.6922574516090726,0.7025423107919995,0.8951643017176998,0.787241903041747,0.583432493216295,0.20088734367118402,0.11607235433721759,sv_complexity_high,0.5,16842,107441,38756
fold_e,20260806,strict,C,complexity,low,2102,1066,0.663510101010101,True,0.7629419191919192,0.6722530851525305,0.6563241121131812,3168,0.663510101010101,0.286786811681311,0.813778488458236,0.8843565351997005,0.7629419191919192,0.7557743279060962,0.9495718363463368,0.8416613957410921,0.518381007213652,0.1713437354097144,0.1023913531742823,sv_complexity_low,0.5,3168,107441,38756
fold_e,20260806,strict,C,complexity,medium,4978,2720,0.6466614705118212,True,0.732138217718888,0.6583942139531587,0.6425723256215474,7698,0.6466614705118212,0.286786811681311,0.8001488534847446,0.873707031136738,0.732138217718888,0.7373819602735265,0.9098031337886702,0.814568345323741,0.5420680911380461,0.18194098424707908,0.10006737615418035,sv_complexity_medium,0.5,7698,107441,38756
fold_e,20260806,strict,C+T,complexity,high,10712,6130,0.6360289751810949,True,0.7426671416696354,0.6796725204585243,0.7096865227048436,16842,0.6360289751810949,0.2783530882172778,0.8247398292168561,0.894334306150142,0.7426671416696354,0.742620206938527,0.9112210604929052,0.818326626425218,0.5140365048890126,0.17292501116925665,0.09878843780393023,sv_complexity_high,0.5,16842,107441,38756
fold_e,20260806,strict,C+T,complexity,low,2102,1066,0.663510101010101,True,0.8279671717171717,0.7661018809924613,0.8294210251546296,3168,0.663510101010101,0.2783530882172778,0.8992376152078876,0.9426018979844808,0.8279671717171717,0.8165921106140708,0.9552806850618458,0.8805086603814953,0.39422273541462083,0.1255706157370675,0.07799125468763257,sv_complexity_low,0.5,3168,107441,38756
fold_e,20260806,strict,C+T,complexity,medium,4978,2720,0.6466614705118212,True,0.7920239023122889,0.7352989920355446,0.7814758873564609,7698,0.6466614705118212,0.2783530882172778,0.8737093948668259,0.9227870113808228,0.7920239023122889,0.7876980746294088,0.9286862193652069,0.8524015856918964,0.44404867671161014,0.1433973458789115,0.0810510410492707,sv_complexity_medium,0.5,7698,107441,38756
fold_e,20260806,strict,C+S,complexity,high,10712,6130,0.6360289751810949,True,0.6881605510034438,0.5957585035215343,0.62908419652605,16842,0.6360289751810949,0.2332431453983942,0.7768204188073444,0.8649973948880588,0.6881605510034438,0.6872427983539094,0.9353995519044063,0.7923454056618694,0.5670536971241651,0.1944159139474194,0.11026426693136501,sv_complexity_high,0.5,16842,107441,38756
fold_e,20260806,strict,C+S,complexity,low,2102,1066,0.663510101010101,True,0.7698863636363636,0.6767926731086091,0.729038849750979,3168,0.663510101010101,0.2332431453983942,0.8493681975354483,0.9088243099225201,0.7698863636363636,0.7572124391157737,0.961465271170314,0.8472018444770488,0.4755721311714208,0.15430170533853577,0.09432080268101312,sv_complexity_low,0.5,3168,107441,38756
fold_e,20260806,strict,C+S,complexity,medium,4978,2720,0.6466614705118212,True,0.7474668745128605,0.6650767051497176,0.7024687913503436,7698,0.6466614705118212,0.2332431453983942,0.8330772309928391,0.8948707602588899,0.7474668745128605,0.737625313283208,0.9459622338288469,0.8289033620841401,0.5018151414469693,0.1654992679443078,0.09306737558076265,sv_complexity_medium,0.5,7698,107441,38756
fold_e,20260806,strict,C+S+T,complexity,high,10712,6130,0.6360289751810949,True,0.7383921149507184,0.6714970602102565,0.70229747816097,16842,0.6360289751810949,0.2540344964004641,0.81950934415764,0.8916449080350758,0.7383921149507184,0.7362151633203476,0.9173823749066468,0.8168744804655029,0.5200779250605221,0.17568452941738416,0.09967361739987485,sv_complexity_high,0.5,16842,107441,38756
fold_e,20260806,strict,C+S+T,complexity,low,2102,1066,0.663510101010101,True,0.8188131313131313,0.7529619784963129,0.8386014485221928,3168,0.663510101010101,0.2540344964004641,0.9023964043892799,0.9456910177161166,0.8188131313131313,0.8075684380032206,0.9543292102759277,0.8748364587876145,0.39719787560069103,0.12594545524410866,0.08535518448336453,sv_complexity_low,0.5,3168,107441,38756
fold_e,20260806,strict,C+S+T,complexity,medium,4978,2720,0.6466614705118212,True,0.7944920758638607,0.7345391782667265,0.7844416112849844,7698,0.6466614705118212,0.2540344964004641,0.8752769538912392,0.9238349159125951,0.7944920758638607,0.7852822580645161,0.9389312977099237,0.8552607502287283,0.44109927579530034,0.1426336048679724,0.0836371614821882,sv_complexity_medium,0.5,7698,107441,38756
fold_e,20260806,strict,T,complexity,high,10712,6130,0.6360289751810949,True,0.7417171357320983,0.6824844177742149,0.7043338508010996,16842,0.6360289751810949,0.2952885367697731,0.8225663356306658,0.8923860886718169,0.7417171357320983,0.746131228721758,0.9002053771471247,0.8159587070570317,0.5161155203157344,0.17357074688953303,0.09826603145092781,sv_complexity_high,0.5,16842,107441,38756
fold_e,20260806,strict,T,complexity,low,2102,1066,0.663510101010101,True,0.8241792929292929,0.7660215501005921,0.8211270852387478,3168,0.663510101010101,0.2952885367697731,0.896015007595732,0.9398110709799574,0.8241792929292929,0.8188196450680973,0.9438629876308278,0.8769060773480662,0.40139902596204374,0.12800470036320127,0.08189348489422606,sv_complexity_low,0.5,3168,107441,38756
fold_e,20260806,strict,T,complexity,medium,4978,2720,0.6466614705118212,True,0.7926734216679657,0.740470570510245,0.7749085546801382,7698,0.6466614705118212,0.2952885367697731,0.8708503075296007,0.9204665197103112,0.7926734216679657,0.7934744880249913,0.9184411410204901,0.8513966480446927,0.4501958124884726,0.14546061346675734,0.08436387162391391,sv_complexity_medium,0.5,7698,107441,38756
fold_e,20260806,strict,S,complexity,high,10712,6130,0.6360289751810949,True,0.6824605153782212,0.5810898298869284,0.6257878661677756,16842,0.6360289751810949,0.2087839690352355,0.7746489658957587,0.863797626149416,0.6824605153782212,0.6779930979559331,0.9536967886482449,0.7925523661753298,0.569205310425976,0.1952705586955764,0.11005657919878849,sv_complexity_high,0.5,16842,107441,38756
fold_e,20260806,strict,S,complexity,low,2102,1066,0.663510101010101,True,0.7629419191919192,0.6625437580219321,0.7261538334441672,3168,0.663510101010101,0.2087839690352355,0.8480463080814662,0.9078535310768567,0.7629419191919192,0.7478899082568807,0.9695528068506185,0.8444168220426767,0.4790470107224236,0.15528189283041582,0.09391771884271803,sv_complexity_low,0.5,3168,107441,38756
fold_e,20260806,strict,S,complexity,medium,4978,2720,0.6466614705118212,True,0.7411015848272279,0.6504827860232081,0.6940852661370484,7698,0.6466614705118212,0.2087839690352355,0.8299825482121334,0.8919085377880971,0.7411015848272279,0.7272727272727273,0.9594214543993572,0.827371156344738,0.5056803062702255,0.16675548039908053,0.09322252791071534,sv_complexity_medium,0.5,7698,107441,38756
fold_e,20260806,strict,K,complexity,high,10712,6130,0.6360289751810949,True,0.6470727942049638,0.5343953724809851,0.42108609273972614,16842,0.6360289751810949,0.3022449455518995,0.6811445245350003,0.7892921118925615,0.6470727942049638,0.6532724701041532,0.948562359970127,0.7736998400974644,0.6507159810479192,0.2285021735482565,0.13519624139986872,sv_complexity_high,0.5,16842,107441,38756
fold_e,20260806,strict,K,complexity,low,2102,1066,0.663510101010101,True,0.6941287878787878,0.5586741297040432,0.45871660293197064,3168,0.663510101010101,0.3022449455518995,0.7017467952436971,0.8178636043956694,0.6941287878787878,0.6915793033479878,0.972882968601332,0.80846016999407,0.6080901575995337,0.21110296188383273,0.12140144161991741,sv_complexity_low,0.5,3168,107441,38756
fold_e,20260806,strict,K,complexity,medium,4978,2720,0.6466614705118212,True,0.679786957651338,0.5614667773497506,0.46159607541035846,7698,0.6466614705118212,0.3022449455518995,0.7095724865880462,0.8097611490148318,0.679786957651338,0.6771464824474834,0.9648453194053837,0.7957915665644935,0.6129968737252708,0.21283352770649222,0.11249067753677847,sv_complexity_medium,0.5,7698,107441,38756
fold_e,314159,1hop,C,complexity,high,10712,6130,0.6360289751810949,True,0.6922574516090726,0.6164239126859299,0.5981361224641807,16842,0.6360289751810949,0.286786811681311,0.7648946174313815,0.8537331926555889,0.6922574516090726,0.7025423107919995,0.8951643017176998,0.787241903041747,0.583432493216295,0.20088734367118402,0.11607235433721759,sv_complexity_high,0.5,16842,107441,38756
fold_e,314159,1hop,C,complexity,low,2102,1066,0.663510101010101,True,0.7629419191919192,0.6722530851525305,0.6563241121131812,3168,0.663510101010101,0.286786811681311,0.813778488458236,0.8843565351997005,0.7629419191919192,0.7557743279060962,0.9495718363463368,0.8416613957410921,0.518381007213652,0.1713437354097144,0.1023913531742823,sv_complexity_low,0.5,3168,107441,38756
fold_e,314159,1hop,C,complexity,medium,4978,2720,0.6466614705118212,True,0.732138217718888,0.6583942139531587,0.6425723256215474,7698,0.6466614705118212,0.286786811681311,0.8001488534847446,0.873707031136738,0.732138217718888,0.7373819602735265,0.9098031337886702,0.814568345323741,0.5420680911380461,0.18194098424707908,0.10006737615418035,sv_complexity_medium,0.5,7698,107441,38756
fold_e,314159,1hop,C+T,complexity,high,10712,6130,0.6360289751810949,True,0.7518109488184301,0.6847324645135824,0.724327599058401,16842,0.6360289751810949,0.2514644736830099,0.8375792741168143,0.8996632337149981,0.7518109488184301,0.7433681073025336,0.9312920089619119,0.8267860102768109,0.4918621152167657,0.16425455547555629,0.08406119900146608,sv_complexity_high,0.5,16842,107441,38756
fold_e,314159,1hop,C+T,complexity,low,2102,1066,0.663510101010101,True,0.8491161616161617,0.7986836444519023,0.8378600484569492,3168,0.663510101010101,0.2514644736830099,0.9111408682519819,0.9454415440830517,0.8491161616161617,0.8408900083963057,0.9529019980970505,0.8933987511150758,0.37372742271812753,0.11706858230408579,0.08257298850943105,sv_complexity_low,0.5,3168,107441,38756
fold_e,314159,1hop,C+T,complexity,medium,4978,2720,0.6466614705118212,True,0.8196934268641205,0.7682831665209273,0.8135787610806432,7698,0.6466614705118212,0.2514644736830099,0.8946659419091059,0.93413019357487,0.8196934268641205,0.8092694693314956,0.9435516271595018,0.871266926358746,0.40883363095403996,0.13032304576188256,0.07800502237796662,sv_complexity_medium,0.5,7698,107441,38756
fold_e,314159,1hop,C+S,complexity,high,10712,6130,0.6360289751810949,True,0.6881605510034438,0.5957585035215343,0.62908419652605,16842,0.6360289751810949,0.2332431453983942,0.7768204188073444,0.8649973948880588,0.6881605510034438,0.6872427983539094,0.9353995519044063,0.7923454056618694,0.5670536971241651,0.1944159139474194,0.11026426693136501,sv_complexity_high,0.5,16842,107441,38756
fold_e,314159,1hop,C+S,complexity,low,2102,1066,0.663510101010101,True,0.7698863636363636,0.6767926731086091,0.729038849750979,3168,0.663510101010101,0.2332431453983942,0.8493681975354483,0.9088243099225201,0.7698863636363636,0.7572124391157737,0.961465271170314,0.8472018444770488,0.4755721311714208,0.15430170533853577,0.09432080268101312,sv_complexity_low,0.5,3168,107441,38756
fold_e,314159,1hop,C+S,complexity,medium,4978,2720,0.6466614705118212,True,0.7474668745128605,0.6650767051497176,0.7024687913503436,7698,0.6466614705118212,0.2332431453983942,0.8330772309928391,0.8948707602588899,0.7474668745128605,0.737625313283208,0.9459622338288469,0.8289033620841401,0.5018151414469693,0.1654992679443078,0.09306737558076265,sv_complexity_medium,0.5,7698,107441,38756
fold_e,314159,1hop,C+S+T,complexity,high,10712,6130,0.6360289751810949,True,0.7443296520603254,0.6730944515580398,0.7225715118749122,16842,0.6360289751810949,0.2325712682630113,0.834350561398721,0.8990240688631523,0.7443296520603254,0.7350998238402818,0.934932785660941,0.823060486522025,0.4985961544982014,0.16681334347793048,0.08884697204489077,sv_complexity_high,0.5,16842,107441,38756
fold_e,314159,1hop,C+S+T,complexity,low,2102,1066,0.663510101010101,True,0.8415404040404041,0.7846525153387376,0.8505438622235212,3168,0.663510101010101,0.2325712682630113,0.9138618540726869,0.9497095192961722,0.8415404040404041,0.8292181069958847,0.9586108468125595,0.8892321270962048,0.3761418292892272,0.11753646824044281,0.08586346405364524,sv_complexity_low,0.5,3168,107441,38756
fold_e,314159,1hop,C+S+T,complexity,medium,4978,2720,0.6466614705118212,True,0.8141075604053001,0.7579606887954057,0.8187382946620217,7698,0.6466614705118212,0.2325712682630113,0.8954478381348522,0.9359532555833592,0.8141075604053001,0.8003386960203218,0.9493772599437525,0.8685105209960489,0.40928038184706106,0.13027750758535017,0.07955873735468359,sv_complexity_medium,0.5,7698,107441,38756
fold_e,314159,1hop,T,complexity,high,10712,6130,0.6360289751810949,True,0.7560859755373471,0.6953850752978471,0.7231835502594343,16842,0.6360289751810949,0.2745170236300189,0.8366874917002414,0.8992468331011954,0.7560859755373471,0.7525623374636683,0.9185026138909634,0.8272933658454553,0.49306276370654833,0.16455348833355846,0.08288194613371903,sv_complexity_high,0.5,16842,107441,38756
fold_e,314159,1hop,T,complexity,low,2102,1066,0.663510101010101,True,0.8503787878787878,0.8024092127037057,0.8388171743631074,3168,0.663510101010101,0.2745170236300189,0.9110083222803976,0.9457636072825355,0.8503787878787878,0.844623200677392,0.9490960989533778,0.8938172043010753,0.3728504790770284,0.1167473334742637,0.0818035709875825,sv_complexity_low,0.5,3168,107441,38756
fold_e,314159,1hop,T,complexity,medium,4978,2720,0.6466614705118212,True,0.8217718888022864,0.7752266590645901,0.8152116778366453,7698,0.6466614705118212,0.2745170236300189,0.8939827889773828,0.9347071659802124,0.8217718888022864,0.8167603654251581,0.9339092004821213,0.871415182755389,0.4105421479876991,0.13078910093936005,0.07820165117014595,sv_complexity_medium,0.5,7698,107441,38756
fold_e,314159,1hop,S,complexity,high,10712,6130,0.6360289751810949,True,0.6824605153782212,0.5810898298869284,0.6257878661677756,16842,0.6360289751810949,0.2087839690352355,0.7746489658957587,0.863797626149416,0.6824605153782212,0.6779930979559331,0.9536967886482449,0.7925523661753298,0.569205310425976,0.1952705586955764,0.11005657919878849,sv_complexity_high,0.5,16842,107441,38756
fold_e,314159,1hop,S,complexity,low,2102,1066,0.663510101010101,True,0.7629419191919192,0.6625437580219321,0.7261538334441672,3168,0.663510101010101,0.2087839690352355,0.8480463080814662,0.9078535310768567,0.7629419191919192,0.7478899082568807,0.9695528068506185,0.8444168220426767,0.4790470107224236,0.15528189283041582,0.09391771884271803,sv_complexity_low,0.5,3168,107441,38756
fold_e,314159,1hop,S,complexity,medium,4978,2720,0.6466614705118212,True,0.7411015848272279,0.6504827860232081,0.6940852661370484,7698,0.6466614705118212,0.2087839690352355,0.8299825482121334,0.8919085377880971,0.7411015848272279,0.7272727272727273,0.9594214543993572,0.827371156344738,0.5056803062702255,0.16675548039908053,0.09322252791071534,sv_complexity_medium,0.5,7698,107441,38756
fold_e,314159,1hop,K,complexity,high,10712,6130,0.6360289751810949,True,0.6470727942049638,0.5343953724809851,0.42108609273972614,16842,0.6360289751810949,0.3022449455518995,0.6811445245350003,0.7892921118925615,0.6470727942049638,0.6532724701041532,0.948562359970127,0.7736998400974644,0.6507159810479192,0.2285021735482565,0.13519624139986872,sv_complexity_high,0.5,16842,107441,38756
fold_e,314159,1hop,K,complexity,low,2102,1066,0.663510101010101,True,0.6941287878787878,0.5586741297040432,0.45871660293197064,3168,0.663510101010101,0.3022449455518995,0.7017467952436971,0.8178636043956694,0.6941287878787878,0.6915793033479878,0.972882968601332,0.80846016999407,0.6080901575995337,0.21110296188383273,0.12140144161991741,sv_complexity_low,0.5,3168,107441,38756
fold_e,314159,1hop,K,complexity,medium,4978,2720,0.6466614705118212,True,0.679786957651338,0.5614667773497506,0.46159607541035846,7698,0.6466614705118212,0.3022449455518995,0.7095724865880462,0.8097611490148318,0.679786957651338,0.6771464824474834,0.9648453194053837,0.7957915665644935,0.6129968737252708,0.21283352770649222,0.11249067753677847,sv_complexity_medium,0.5,7698,107441,38756
fold_e,314159,strict,C,complexity,high,10712,6130,0.6360289751810949,True,0.6922574516090726,0.6164239126859299,0.5981361224641807,16842,0.6360289751810949,0.286786811681311,0.7648946174313815,0.8537331926555889,0.6922574516090726,0.7025423107919995,0.8951643017176998,0.787241903041747,0.583432493216295,0.20088734367118402,0.11607235433721759,sv_complexity_high,0.5,16842,107441,38756
fold_e,314159,strict,C,complexity,low,2102,1066,0.663510101010101,True,0.7629419191919192,0.6722530851525305,0.6563241121131812,3168,0.663510101010101,0.286786811681311,0.813778488458236,0.8843565351997005,0.7629419191919192,0.7557743279060962,0.9495718363463368,0.8416613957410921,0.518381007213652,0.1713437354097144,0.1023913531742823,sv_complexity_low,0.5,3168,107441,38756
fold_e,314159,strict,C,complexity,medium,4978,2720,0.6466614705118212,True,0.732138217718888,0.6583942139531587,0.6425723256215474,7698,0.6466614705118212,0.286786811681311,0.8001488534847446,0.873707031136738,0.732138217718888,0.7373819602735265,0.9098031337886702,0.814568345323741,0.5420680911380461,0.18194098424707908,0.10006737615418035,sv_complexity_medium,0.5,7698,107441,38756
fold_e,314159,strict,C+T,complexity,high,10712,6130,0.6360289751810949,True,0.7441515259470372,0.6796531949654425,0.7150411803069611,16842,0.6360289751810949,0.269296941012993,0.8266874932231327,0.896283246365139,0.7441515259470372,0.7418599380524288,0.9167289021657954,0.8200759948223307,0.5098519373759157,0.17167377102190517,0.09633381511212726,sv_complexity_high,0.5,16842,107441,38756
fold_e,314159,strict,C+T,complexity,low,2102,1066,0.663510101010101,True,0.8244949494949495,0.7630229764202056,0.8384776615367531,3168,0.663510101010101,0.269296941012993,0.9015872937950633,0.9456493646458898,0.8244949494949495,0.8152528548123981,0.9509990485252141,0.8779095300834431,0.39557248153274943,0.12604475115453695,0.08477799949518204,sv_complexity_low,0.5,3168,107441,38756
fold_e,314159,strict,C+T,complexity,medium,4978,2720,0.6466614705118212,True,0.792413613925695,0.7366842784723371,0.7867249081047263,7698,0.6466614705118212,0.269296941012993,0.8739915924184057,0.9246416926532678,0.792413613925695,0.7890865549093398,0.926677380474086,0.8523651145602366,0.4451919606593662,0.14398583224564956,0.08352590624768623,sv_complexity_medium,0.5,7698,107441,38756
fold_e,314159,strict,C+S,complexity,high,10712,6130,0.6360289751810949,True,0.6881605510034438,0.5957585035215343,0.62908419652605,16842,0.6360289751810949,0.2332431453983942,0.7768204188073444,0.8649973948880588,0.6881605510034438,0.6872427983539094,0.9353995519044063,0.7923454056618694,0.5670536971241651,0.1944159139474194,0.11026426693136501,sv_complexity_high,0.5,16842,107441,38756
fold_e,314159,strict,C+S,complexity,low,2102,1066,0.663510101010101,True,0.7698863636363636,0.6767926731086091,0.729038849750979,3168,0.663510101010101,0.2332431453983942,0.8493681975354483,0.9088243099225201,0.7698863636363636,0.7572124391157737,0.961465271170314,0.8472018444770488,0.4755721311714208,0.15430170533853577,0.09432080268101312,sv_complexity_low,0.5,3168,107441,38756
fold_e,314159,strict,C+S,complexity,medium,4978,2720,0.6466614705118212,True,0.7474668745128605,0.6650767051497176,0.7024687913503436,7698,0.6466614705118212,0.2332431453983942,0.8330772309928391,0.8948707602588899,0.7474668745128605,0.737625313283208,0.9459622338288469,0.8289033620841401,0.5018151414469693,0.1654992679443078,0.09306737558076265,sv_complexity_medium,0.5,7698,107441,38756
fold_e,314159,strict,C+S+T,complexity,high,10712,6130,0.6360289751810949,True,0.7383327395796224,0.6689732330499131,0.7107967160578998,16842,0.6360289751810949,0.2498947831491478,0.8228864931098296,0.894738384362601,0.7383327395796224,0.7337089480317296,0.9239171023151606,0.8179000867732739,0.5135931987023604,0.173481382071819,0.09652511084941702,sv_complexity_high,0.5,16842,107441,38756
fold_e,314159,strict,C+S+T,complexity,low,2102,1066,0.663510101010101,True,0.8191287878787878,0.7552804172922063,0.8459867618088969,3168,0.663510101010101,0.2498947831491478,0.9048456040258274,0.9481761010379685,0.8191287878787878,0.8098905553303608,0.950523311132255,0.8745896257386737,0.3947993437598562,0.12464016400764985,0.08582994003204046,sv_complexity_low,0.5,3168,107441,38756
fold_e,314159,strict,C+S+T,complexity,medium,4978,2720,0.6466614705118212,True,0.7929332294102365,0.7320831511592183,0.7905654867834025,7698,0.6466614705118212,0.2498947831491478,0.8767385318932714,0.9259987170759749,0.7929332294102365,0.7834170854271357,0.93953394937726,0.8544026306174644,0.43993302592912065,0.1420114693649828,0.08326946685013907,sv_complexity_medium,0.5,7698,107441,38756
fold_e,314159,strict,T,complexity,high,10712,6130,0.6360289751810949,True,0.7433796461227883,0.6737083138910852,0.7124853891677645,16842,0.6360289751810949,0.25744072650517,0.8261033729610006,0.8953530124449826,0.7433796461227883,0.7361419068736141,0.929798356982823,0.82171438000165,0.5100882675427193,0.17144623346443028,0.09540469070707272,sv_complexity_high,0.5,16842,107441,38756
fold_e,314159,strict,T,complexity,low,2102,1066,0.663510101010101,True,0.8244949494949495,0.7607112318653011,0.8338134340821209,3168,0.663510101010101,0.25744072650517,0.8997887743826571,0.9440798992208147,0.8244949494949495,0.8127022653721683,0.955756422454805,0.8784433756012243,0.39909005459998675,0.1270821339869457,0.08621532424177254,sv_complexity_low,0.5,3168,107441,38756
fold_e,314159,strict,T,complexity,medium,4978,2720,0.6466614705118212,True,0.7911145752143414,0.7324279772174036,0.7828943584687195,7698,0.6466614705118212,0.25744072650517,0.8726492892255335,0.9232882118777497,0.7911145752143414,0.7849171457558336,0.9325030132583367,0.8523687109805361,0.44761944221706074,0.14466596708637236,0.08318674408083813,sv_complexity_medium,0.5,7698,107441,38756
fold_e,314159,strict,S,complexity,high,10712,6130,0.6360289751810949,True,0.6824605153782212,0.5810898298869284,0.6257878661677756,16842,0.6360289751810949,0.2087839690352355,0.7746489658957587,0.863797626149416,0.6824605153782212,0.6779930979559331,0.9536967886482449,0.7925523661753298,0.569205310425976,0.1952705586955764,0.11005657919878849,sv_complexity_high,0.5,16842,107441,38756
fold_e,314159,strict,S,complexity,low,2102,1066,0.663510101010101,True,0.7629419191919192,0.6625437580219321,0.7261538334441672,3168,0.663510101010101,0.2087839690352355,0.8480463080814662,0.9078535310768567,0.7629419191919192,0.7478899082568807,0.9695528068506185,0.8444168220426767,0.4790470107224236,0.15528189283041582,0.09391771884271803,sv_complexity_low,0.5,3168,107441,38756
fold_e,314159,strict,S,complexity,medium,4978,2720,0.6466614705118212,True,0.7411015848272279,0.6504827860232081,0.6940852661370484,7698,0.6466614705118212,0.2087839690352355,0.8299825482121334,0.8919085377880971,0.7411015848272279,0.7272727272727273,0.9594214543993572,0.827371156344738,0.5056803062702255,0.16675548039908053,0.09322252791071534,sv_complexity_medium,0.5,7698,107441,38756
fold_e,314159,strict,K,complexity,high,10712,6130,0.6360289751810949,True,0.6470727942049638,0.5343953724809851,0.42108609273972614,16842,0.6360289751810949,0.3022449455518995,0.6811445245350003,0.7892921118925615,0.6470727942049638,0.6532724701041532,0.948562359970127,0.7736998400974644,0.6507159810479192,0.2285021735482565,0.13519624139986872,sv_complexity_high,0.5,16842,107441,38756
fold_e,314159,strict,K,complexity,low,2102,1066,0.663510101010101,True,0.6941287878787878,0.5586741297040432,0.45871660293197064,3168,0.663510101010101,0.3022449455518995,0.7017467952436971,0.8178636043956694,0.6941287878787878,0.6915793033479878,0.972882968601332,0.80846016999407,0.6080901575995337,0.21110296188383273,0.12140144161991741,sv_complexity_low,0.5,3168,107441,38756
fold_e,314159,strict,K,complexity,medium,4978,2720,0.6466614705118212,True,0.679786957651338,0.5614667773497506,0.46159607541035846,7698,0.6466614705118212,0.3022449455518995,0.7095724865880462,0.8097611490148318,0.679786957651338,0.6771464824474834,0.9648453194053837,0.7957915665644935,0.6129968737252708,0.21283352770649222,0.11249067753677847,sv_complexity_medium,0.5,7698,107441,38756
fold_e,42,1hop,C,complexity,high,10712,6130,0.6360289751810949,True,0.6922574516090726,0.6164239126859299,0.5981361224641807,16842,0.6360289751810949,0.286786811681311,0.7648946174313815,0.8537331926555889,0.6922574516090726,0.7025423107919995,0.8951643017176998,0.787241903041747,0.583432493216295,0.20088734367118402,0.11607235433721759,sv_complexity_high,0.5,16842,107441,38756
fold_e,42,1hop,C,complexity,low,2102,1066,0.663510101010101,True,0.7629419191919192,0.6722530851525305,0.6563241121131812,3168,0.663510101010101,0.286786811681311,0.813778488458236,0.8843565351997005,0.7629419191919192,0.7557743279060962,0.9495718363463368,0.8416613957410921,0.518381007213652,0.1713437354097144,0.1023913531742823,sv_complexity_low,0.5,3168,107441,38756
fold_e,42,1hop,C,complexity,medium,4978,2720,0.6466614705118212,True,0.732138217718888,0.6583942139531587,0.6425723256215474,7698,0.6466614705118212,0.286786811681311,0.8001488534847446,0.873707031136738,0.732138217718888,0.7373819602735265,0.9098031337886702,0.814568345323741,0.5420680911380461,0.18194098424707908,0.10006737615418035,sv_complexity_medium,0.5,7698,107441,38756
fold_e,42,1hop,C+T,complexity,high,10712,6130,0.6360289751810949,True,0.7578672366702291,0.7103224783658034,0.7254685712114861,16842,0.6360289751810949,0.3045662190225153,0.8380104808438524,0.9000785145188464,0.7578672366702291,0.7690622972096042,0.8850821508588499,0.8230034722222223,0.4948822953926186,0.16585551104138313,0.09114903883835548,sv_complexity_high,0.5,16842,107441,38756
fold_e,42,1hop,C+T,complexity,low,2102,1066,0.663510101010101,True,0.8465909090909091,0.8009418350788939,0.8317374381294401,3168,0.663510101010101,0.3045662190225153,0.9076446893247385,0.9433813475523937,0.8465909090909091,0.8455945252352438,0.9405328258801142,0.8905405405405405,0.37215107344955134,0.1170313587701188,0.06908131815695093,sv_complexity_low,0.5,3168,107441,38756
fold_e,42,1hop,C+T,complexity,medium,4978,2720,0.6466614705118212,True,0.823460639127046,0.7822857336988633,0.8059828682818612,7698,0.6466614705118212,0.3045662190225153,0.8943580430364193,0.9314462719831985,0.823460639127046,0.8250404167415125,0.9226597026918442,0.8711237553342817,0.4065561123691316,0.12927259539201316,0.07428115731017342,sv_complexity_medium,0.5,7698,107441,38756
fold_e,42,1hop,C+S,complexity,high,10712,6130,0.6360289751810949,True,0.6881605510034438,0.5957585035215343,0.62908419652605,16842,0.6360289751810949,0.2332431453983942,0.7768204188073444,0.8649973948880588,0.6881605510034438,0.6872427983539094,0.9353995519044063,0.7923454056618694,0.5670536971241651,0.1944159139474194,0.11026426693136501,sv_complexity_high,0.5,16842,107441,38756
fold_e,42,1hop,C+S,complexity,low,2102,1066,0.663510101010101,True,0.7698863636363636,0.6767926731086091,0.729038849750979,3168,0.663510101010101,0.2332431453983942,0.8493681975354483,0.9088243099225201,0.7698863636363636,0.7572124391157737,0.961465271170314,0.8472018444770488,0.4755721311714208,0.15430170533853577,0.09432080268101312,sv_complexity_low,0.5,3168,107441,38756
fold_e,42,1hop,C+S,complexity,medium,4978,2720,0.6466614705118212,True,0.7474668745128605,0.6650767051497176,0.7024687913503436,7698,0.6466614705118212,0.2332431453983942,0.8330772309928391,0.8948707602588899,0.7474668745128605,0.737625313283208,0.9459622338288469,0.8289033620841401,0.5018151414469693,0.1654992679443078,0.09306737558076265,sv_complexity_medium,0.5,7698,107441,38756
fold_e,42,1hop,C+S+T,complexity,high,10712,6130,0.6360289751810949,True,0.7505046906543166,0.6920441559343427,0.7223736087854902,16842,0.6360289751810949,0.2648138720206129,0.8343193421230568,0.8989520378728806,0.7505046906543166,0.7519349845201239,0.9069268110530246,0.822190250507786,0.5019299209353596,0.16849378775890966,0.09484271491114853,sv_complexity_high,0.5,16842,107441,38756
fold_e,42,1hop,C+S+T,complexity,low,2102,1066,0.663510101010101,True,0.8393308080808081,0.7862238768402469,0.8451584525498681,3168,0.663510101010101,0.2648138720206129,0.9108668506541614,0.9478973833390655,0.8393308080808081,0.8325678496868476,0.9486203615604186,0.8868134311763398,0.3741638918192705,0.1172186120307629,0.07492914967182719,sv_complexity_low,0.5,3168,107441,38756
fold_e,42,1hop,C+S+T,complexity,medium,4978,2720,0.6466614705118212,True,0.8152766952455183,0.7644512324817432,0.8126835240893436,7698,0.6466614705118212,0.2648138720206129,0.8953076625386996,0.9338138718528208,0.8152766952455183,0.8076124567474049,0.9377259943752511,0.86781929726715,0.40786252388708644,0.1295479277333553,0.07659821464235061,sv_complexity_medium,0.5,7698,107441,38756
fold_e,42,1hop,T,complexity,high,10712,6130,0.6360289751810949,True,0.755195344970906,0.6985925436795739,0.7155006429787254,16842,0.6360289751810949,0.2730476276503797,0.8334282526221146,0.8964504774646471,0.755195344970906,0.7566809505259057,0.9066467513069455,0.8249033847199219,0.5011585186947232,0.16785208564209217,0.08952014344235339,sv_complexity_high,0.5,16842,107441,38756
fold_e,42,1hop,T,complexity,low,2102,1066,0.663510101010101,True,0.8484848484848485,0.7989014304254145,0.8282228733098824,3168,0.663510101010101,0.2730476276503797,0.9070547035522321,0.9421987319912672,0.8484848484848485,0.8416175231676495,0.950523311132255,0.8927613941018767,0.37386947853073527,0.11720296241498608,0.06875463763651889,sv_complexity_low,0.5,3168,107441,38756
fold_e,42,1hop,T,complexity,medium,4978,2720,0.6466614705118212,True,0.8203429462197973,0.7722874028076477,0.8018478228463136,7698,0.6466614705118212,0.2730476276503797,0.8920880550894524,0.9299852011096353,0.8203429462197973,0.8139737991266376,0.9361189232623544,0.8707838923666262,0.411576268288196,0.13078989651890321,0.07536447435028151,sv_complexity_medium,0.5,7698,107441,38756
fold_e,42,1hop,S,complexity,high,10712,6130,0.6360289751810949,True,0.6824605153782212,0.5810898298869284,0.6257878661677756,16842,0.6360289751810949,0.2087839690352355,0.7746489658957587,0.863797626149416,0.6824605153782212,0.6779930979559331,0.9536967886482449,0.7925523661753298,0.569205310425976,0.1952705586955764,0.11005657919878849,sv_complexity_high,0.5,16842,107441,38756
fold_e,42,1hop,S,complexity,low,2102,1066,0.663510101010101,True,0.7629419191919192,0.6625437580219321,0.7261538334441672,3168,0.663510101010101,0.2087839690352355,0.8480463080814662,0.9078535310768567,0.7629419191919192,0.7478899082568807,0.9695528068506185,0.8444168220426767,0.4790470107224236,0.15528189283041582,0.09391771884271803,sv_complexity_low,0.5,3168,107441,38756
fold_e,42,1hop,S,complexity,medium,4978,2720,0.6466614705118212,True,0.7411015848272279,0.6504827860232081,0.6940852661370484,7698,0.6466614705118212,0.2087839690352355,0.8299825482121334,0.8919085377880971,0.7411015848272279,0.7272727272727273,0.9594214543993572,0.827371156344738,0.5056803062702255,0.16675548039908053,0.09322252791071534,sv_complexity_medium,0.5,7698,107441,38756
fold_e,42,1hop,K,complexity,high,10712,6130,0.6360289751810949,True,0.6470727942049638,0.5343953724809851,0.42108609273972614,16842,0.6360289751810949,0.3022449455518995,0.6811445245350003,0.7892921118925615,0.6470727942049638,0.6532724701041532,0.948562359970127,0.7736998400974644,0.6507159810479192,0.2285021735482565,0.13519624139986872,sv_complexity_high,0.5,16842,107441,38756
fold_e,42,1hop,K,complexity,low,2102,1066,0.663510101010101,True,0.6941287878787878,0.5586741297040432,0.45871660293197064,3168,0.663510101010101,0.3022449455518995,0.7017467952436971,0.8178636043956694,0.6941287878787878,0.6915793033479878,0.972882968601332,0.80846016999407,0.6080901575995337,0.21110296188383273,0.12140144161991741,sv_complexity_low,0.5,3168,107441,38756
fold_e,42,1hop,K,complexity,medium,4978,2720,0.6466614705118212,True,0.679786957651338,0.5614667773497506,0.46159607541035846,7698,0.6466614705118212,0.3022449455518995,0.7095724865880462,0.8097611490148318,0.679786957651338,0.6771464824474834,0.9648453194053837,0.7957915665644935,0.6129968737252708,0.21283352770649222,0.11249067753677847,sv_complexity_medium,0.5,7698,107441,38756
fold_e,42,strict,C,complexity,high,10712,6130,0.6360289751810949,True,0.6922574516090726,0.6164239126859299,0.5981361224641807,16842,0.6360289751810949,0.286786811681311,0.7648946174313815,0.8537331926555889,0.6922574516090726,0.7025423107919995,0.8951643017176998,0.787241903041747,0.583432493216295,0.20088734367118402,0.11607235433721759,sv_complexity_high,0.5,16842,107441,38756
fold_e,42,strict,C,complexity,low,2102,1066,0.663510101010101,True,0.7629419191919192,0.6722530851525305,0.6563241121131812,3168,0.663510101010101,0.286786811681311,0.813778488458236,0.8843565351997005,0.7629419191919192,0.7557743279060962,0.9495718363463368,0.8416613957410921,0.518381007213652,0.1713437354097144,0.1023913531742823,sv_complexity_low,0.5,3168,107441,38756
fold_e,42,strict,C,complexity,medium,4978,2720,0.6466614705118212,True,0.732138217718888,0.6583942139531587,0.6425723256215474,7698,0.6466614705118212,0.286786811681311,0.8001488534847446,0.873707031136738,0.732138217718888,0.7373819602735265,0.9098031337886702,0.814568345323741,0.5420680911380461,0.18194098424707908,0.10006737615418035,sv_complexity_medium,0.5,7698,107441,38756
fold_e,42,strict,C+T,complexity,high,10712,6130,0.6360289751810949,True,0.7429640185251157,0.6774287530442601,0.7123802950225062,16842,0.6360289751810949,0.2698937707323636,0.8259016431390083,0.8953147612212304,0.7429640185251157,0.7401248965465352,0.9183159073935773,0.8196475440569929,0.5100571839732925,0.17144432852698713,0.09438939587251088,sv_complexity_high,0.5,16842,107441,38756
fold_e,42,strict,C+T,complexity,low,2102,1066,0.663510101010101,True,0.8203914141414141,0.7573877643555766,0.829624992664951,3168,0.663510101010101,0.2698937707323636,0.8981210158109046,0.9426705309914261,0.8203914141414141,0.8114587566030069,0.9500475737392959,0.8753013368397984,0.3979843338403325,0.12737081710010248,0.08373398106218231,sv_complexity_low,0.5,3168,107441,38756
fold_e,42,strict,C+T,complexity,medium,4978,2720,0.6466614705118212,True,0.7978695765133801,0.740902840143691,0.7959419897289759,7698,0.6466614705118212,0.2698937707323636,0.8789817845579373,0.9278984427205527,0.7978695765133801,0.7905910326086957,0.9351145038167938,0.8568010307380821,0.43644887200076,0.14092802716570862,0.08099607235671867,sv_complexity_medium,0.5,7698,107441,38756
fold_e,42,strict,C+S,complexity,high,10712,6130,0.6360289751810949,True,0.6881605510034438,0.5957585035215343,0.62908419652605,16842,0.6360289751810949,0.2332431453983942,0.7768204188073444,0.8649973948880588,0.6881605510034438,0.6872427983539094,0.9353995519044063,0.7923454056618694,0.5670536971241651,0.1944159139474194,0.11026426693136501,sv_complexity_high,0.5,16842,107441,38756
fold_e,42,strict,C+S,complexity,low,2102,1066,0.663510101010101,True,0.7698863636363636,0.6767926731086091,0.729038849750979,3168,0.663510101010101,0.2332431453983942,0.8493681975354483,0.9088243099225201,0.7698863636363636,0.7572124391157737,0.961465271170314,0.8472018444770488,0.4755721311714208,0.15430170533853577,0.09432080268101312,sv_complexity_low,0.5,3168,107441,38756
fold_e,42,strict,C+S,complexity,medium,4978,2720,0.6466614705118212,True,0.7474668745128605,0.6650767051497176,0.7024687913503436,7698,0.6466614705118212,0.2332431453983942,0.8330772309928391,0.8948707602588899,0.7474668745128605,0.737625313283208,0.9459622338288469,0.8289033620841401,0.5018151414469693,0.1654992679443078,0.09306737558076265,sv_complexity_medium,0.5,7698,107441,38756
fold_e,42,strict,C+S+T,complexity,high,10712,6130,0.6360289751810949,True,0.7420733879586747,0.6788917492175384,0.7072757931462995,16842,0.6360289751810949,0.2697766599257226,0.8217010286827475,0.8934568704421575,0.7420733879586747,0.7420924574209246,0.9111277072442121,0.817968488099229,0.5149065175122765,0.17384731644032075,0.09580406732430131,sv_complexity_high,0.5,16842,107441,38756
fold_e,42,strict,C+S+T,complexity,low,2102,1066,0.663510101010101,True,0.8232323232323232,0.7641520717337014,0.8384189914853392,3168,0.663510101010101,0.2697766599257226,0.9014284171422553,0.9456296227662158,0.8232323232323232,0.817283950617284,0.9448144624167459,0.8764342453662842,0.39878479101067565,0.12657628790426687,0.08727233792325213,sv_complexity_low,0.5,3168,107441,38756
fold_e,42,strict,C+S+T,complexity,medium,4978,2720,0.6466614705118212,True,0.7979994803845155,0.7410032820882471,0.7945932609413773,7698,0.6466614705118212,0.2697766599257226,0.8795550421856168,0.9274218848740642,0.7979994803845155,0.7906265919510953,0.9353153877059059,0.8569062298702493,0.4354166817847011,0.14042261668162745,0.08303598182305326,sv_complexity_medium,0.5,7698,107441,38756
fold_e,42,strict,T,complexity,high,10712,6130,0.6360289751810949,True,0.7421327633297709,0.6807526769386714,0.7075114787180548,16842,0.6360289751810949,0.2889328240732123,0.8236552563513713,0.8935426531612443,0.7421327633297709,0.7440416890183156,0.9063666915608664,0.8172214974117251,0.5132679979023749,0.17239737400824123,0.09404684666078014,sv_complexity_high,0.5,16842,107441,38756
fold_e,42,strict,T,complexity,low,2102,1066,0.663510101010101,True,0.8207070707070707,0.7636361688948076,0.8243929608128799,3168,0.663510101010101,0.2889328240732123,0.8955325759617839,0.9409100051220107,0.8207070707070707,0.8182572614107884,0.9381541389153187,0.874113475177305,0.40416462742147985,0.12937597995849331,0.08657400057654883,sv_complexity_low,0.5,3168,107441,38756
fold_e,42,strict,T,complexity,medium,4978,2720,0.6466614705118212,True,0.7996882307092751,0.7476454487982417,0.7928624714046564,7698,0.6466614705118212,0.2889328240732123,0.8781984112447712,0.9268103302443057,0.7996882307092751,0.7975406996882577,0.9250703093611893,0.8565848214285714,0.4382259578517019,0.14138698331325233,0.08213803892060981,sv_complexity_medium,0.5,7698,107441,38756
fold_e,42,strict,S,complexity,high,10712,6130,0.6360289751810949,True,0.6824605153782212,0.5810898298869284,0.6257878661677756,16842,0.6360289751810949,0.2087839690352355,0.7746489658957587,0.863797626149416,0.6824605153782212,0.6779930979559331,0.9536967886482449,0.7925523661753298,0.569205310425976,0.1952705586955764,0.11005657919878849,sv_complexity_high,0.5,16842,107441,38756
fold_e,42,strict,S,complexity,low,2102,1066,0.663510101010101,True,0.7629419191919192,0.6625437580219321,0.7261538334441672,3168,0.663510101010101,0.2087839690352355,0.8480463080814662,0.9078535310768567,0.7629419191919192,0.7478899082568807,0.9695528068506185,0.8444168220426767,0.4790470107224236,0.15528189283041582,0.09391771884271803,sv_complexity_low,0.5,3168,107441,38756
fold_e,42,strict,S,complexity,medium,4978,2720,0.6466614705118212,True,0.7411015848272279,0.6504827860232081,0.6940852661370484,7698,0.6466614705118212,0.2087839690352355,0.8299825482121334,0.8919085377880971,0.7411015848272279,0.7272727272727273,0.9594214543993572,0.827371156344738,0.5056803062702255,0.16675548039908053,0.09322252791071534,sv_complexity_medium,0.5,7698,107441,38756
fold_e,42,strict,K,complexity,high,10712,6130,0.6360289751810949,True,0.6470727942049638,0.5343953724809851,0.42108609273972614,16842,0.6360289751810949,0.3022449455518995,0.6811445245350003,0.7892921118925615,0.6470727942049638,0.6532724701041532,0.948562359970127,0.7736998400974644,0.6507159810479192,0.2285021735482565,0.13519624139986872,sv_complexity_high,0.5,16842,107441,38756
fold_e,42,strict,K,complexity,low,2102,1066,0.663510101010101,True,0.6941287878787878,0.5586741297040432,0.45871660293197064,3168,0.663510101010101,0.3022449455518995,0.7017467952436971,0.8178636043956694,0.6941287878787878,0.6915793033479878,0.972882968601332,0.80846016999407,0.6080901575995337,0.21110296188383273,0.12140144161991741,sv_complexity_low,0.5,3168,107441,38756
fold_e,42,strict,K,complexity,medium,4978,2720,0.6466614705118212,True,0.679786957651338,0.5614667773497506,0.46159607541035846,7698,0.6466614705118212,0.3022449455518995,0.7095724865880462,0.8097611490148318,0.679786957651338,0.6771464824474834,0.9648453194053837,0.7957915665644935,0.6129968737252708,0.21283352770649222,0.11249067753677847,sv_complexity_medium,0.5,7698,107441,38756
fold_a,20260806,1hop,C,complexity,high,14004,7742,0.643980502161317,True,0.7079922744412765,0.631311321834386,0.6111380176982224,21746,0.643980502161317,0.3046057885212088,0.7725775069174243,0.8615575523323663,0.7079922744412765,0.7188608029280568,0.8976006855184233,0.7983486821213084,0.573796168442959,0.19690319784582272,0.11712417237961557,sv_complexity_high,1.0,21746,91932,43217
fold_a,20260806,1hop,C,complexity,low,5267,2539,0.6747373815014092,True,0.7585190878811171,0.6631639269619117,0.6437871986452524,7806,0.6747373815014092,0.3046057885212088,0.8022676510345952,0.8841372914886364,0.7585190878811171,0.7610373572090151,0.9360167078033036,0.8395061728395061,0.5300437922268557,0.17644520246103407,0.10736785718964496,sv_complexity_low,1.0,7806,91932,43217
fold_a,20260806,1hop,C,complexity,medium,6022,3182,0.6542807475010864,True,0.7384832681442851,0.656904517919942,0.640888766627558,9204,0.6542807475010864,0.3046057885212088,0.802132386570841,0.8758483328345165,0.7384832681442851,0.7416120839459965,0.9212886084357357,0.8217433163000815,0.5372825194658055,0.17968396383088184,0.09984727334710758,sv_complexity_medium,1.0,9204,91932,43217
fold_a,20260806,1hop,C+T,complexity,high,14004,7742,0.643980502161317,True,0.7688310493883933,0.7089282292375261,0.730975946802113,21746,0.643980502161317,0.2910607591052193,0.8455273389062326,0.9042221916739611,0.7688310493883933,0.7686920083807244,0.9169522993430449,0.8363020612849653,0.47774186626366033,0.15872520397870052,0.0822216763276159,sv_complexity_high,1.0,21746,91932,43217
fold_a,20260806,1hop,C+T,complexity,low,5267,2539,0.6747373815014092,True,0.8361516781962592,0.7773003907226497,0.8210091880310104,7806,0.6747373815014092,0.2910607591052193,0.8986924165288446,0.9417809798117776,0.8361516781962592,0.8337797120857047,0.9456996392633378,0.8862200871808558,0.38446051695650924,0.12182584683729315,0.07524146603232806,sv_complexity_low,1.0,7806,91932,43217
fold_a,20260806,1hop,C+T,complexity,medium,6022,3182,0.6542807475010864,True,0.8210560625814863,0.7769932101047469,0.8174834858330006,9204,0.6542807475010864,0.2910607591052193,0.8964613513283893,0.9369005271534776,0.8210560625814863,0.826346412054304,0.9197940883427432,0.8705697445972496,0.40554916761629717,0.129807845298452,0.08151688122249817,sv_complexity_medium,1.0,9204,91932,43217
fold_a,20260806,1hop,C+S,complexity,high,14004,7742,0.643980502161317,True,0.6998988319690977,0.6247963732692974,0.6247034441669114,21746,0.643980502161317,0.2842584257938669,0.7734046546172623,0.8663871086517165,0.6998988319690977,0.7158028396629343,0.8856041131105399,0.791701244813278,0.5675134997767264,0.19459588323520613,0.1086416260182006,sv_complexity_high,1.0,21746,91932,43217
fold_a,20260806,1hop,C+S,complexity,low,5267,2539,0.6747373815014092,True,0.7800409941070972,0.6923719237536354,0.7122750701902795,7806,0.6747373815014092,0.2842584257938669,0.8372327330627217,0.906413835922767,0.7800409941070972,0.777951769495772,0.9432314410480349,0.8526559684201493,0.4901343057984297,0.16058711938669815,0.10663465425335675,sv_complexity_low,1.0,7806,91932,43217
fold_a,20260806,1hop,C+S,complexity,medium,6022,3182,0.6542807475010864,True,0.762929161234246,0.6879615514118461,0.6918579965197251,9204,0.6542807475010864,0.2842584257938669,0.8270647475076197,0.8934693768932818,0.762929161234246,0.7604449267498643,0.9309199601461309,0.8370912348812901,0.506200087596552,0.1676418585245063,0.09562087247500176,sv_complexity_medium,1.0,9204,91932,43217
fold_a,20260806,1hop,C+S+T,complexity,high,14004,7742,0.643980502161317,True,0.7590361445783133,0.6912157105203215,0.7169398542962694,21746,0.643980502161317,0.2579766035628639,0.8363542807380346,0.8992250690684134,0.7590361445783133,0.754885993485342,0.9267352185089974,0.8320297474035133,0.49238007756283475,0.1642840274534959,0.08588148544773319,sv_complexity_high,1.0,21746,91932,43217
fold_a,20260806,1hop,C+S+T,complexity,low,5267,2539,0.6747373815014092,True,0.8328209069946195,0.7660604312613115,0.8276963656528418,7806,0.6747373815014092,0.2579766035628639,0.900052927884897,0.9439560687154196,0.8328209069946195,0.8236928104575163,0.9570913233339662,0.8853956265917274,0.3865203607237038,0.12222219286344575,0.07675799111465048,sv_complexity_low,1.0,7806,91932,43217
fold_a,20260806,1hop,C+S+T,complexity,medium,6022,3182,0.6542807475010864,True,0.8212733594089526,0.7663399402275461,0.8217594459099656,9204,0.6542807475010864,0.2579766035628639,0.8978979964726027,0.9383788088750011,0.8212733594089526,0.8127769043875946,0.9443706409830621,0.8736462093862816,0.40261169955963894,0.12818953297848346,0.08136601298276629,sv_complexity_medium,1.0,9204,91932,43217
fold_a,20260806,1hop,T,complexity,high,14004,7742,0.643980502161317,True,0.7670376161133082,0.700893666503079,0.7296416232523599,21746,0.643980502161317,0.2728965799965187,0.8447379797970407,0.9037471464738237,0.7670376161133082,0.7609482657946981,0.9305912596401028,0.8372630902666238,0.47775315338091495,0.1586680620306442,0.0806448440468899,sv_complexity_high,1.0,21746,91932,43217
fold_a,20260806,1hop,T,complexity,low,5267,2539,0.6747373815014092,True,0.8346143991801178,0.7733053000494358,0.8185809096555288,7806,0.6747373815014092,0.2728965799965187,0.8975888424608759,0.9409911516289249,0.8346143991801178,0.830342306414091,0.948737421682172,0.8856003544528135,0.3887363481094385,0.12322425480428176,0.08037172005974831,sv_complexity_low,1.0,7806,91932,43217
fold_a,20260806,1hop,T,complexity,medium,6022,3182,0.6542807475010864,True,0.8243155149934811,0.7748154629338351,0.8188490171708795,9204,0.6542807475010864,0.2728965799965187,0.8969854614371233,0.937372617626873,0.8243155149934811,0.8211109491179472,0.9352374626369977,0.874466268146883,0.4047864999793851,0.12954290220738043,0.0830898696923102,sv_complexity_medium,1.0,9204,91932,43217
fold_a,20260806,1hop,S,complexity,high,14004,7742,0.643980502161317,True,0.6947024740182103,0.604965157019388,0.6227009931501182,21746,0.643980502161317,0.2507480805018489,0.7714877760135109,0.8656741970462712,0.6947024740182103,0.7011525645927787,0.9165952584975722,0.7945281792578379,0.569760277407014,0.1954379921383943,0.10949203685030844,sv_complexity_high,1.0,21746,91932,43217
fold_a,20260806,1hop,S,complexity,low,5267,2539,0.6747373815014092,True,0.7733794517038176,0.6743798826777682,0.7005802677838264,7806,0.6747373815014092,0.2507480805018489,0.8327174864593825,0.9026099538692205,0.7733794517038176,0.765402124430956,0.9576609075374977,0.8508054313907396,0.49714633535374286,0.16302175529031934,0.10934741634060088,sv_complexity_low,1.0,7806,91932,43217
fold_a,20260806,1hop,S,complexity,medium,6022,3182,0.6542807475010864,True,0.7516297262059974,0.6652465994684063,0.6835556775985073,9204,0.6542807475010864,0.2507480805018489,0.8237916817051076,0.8905991054018307,0.7516297262059974,0.7442468619246861,0.9452009299236134,0.8327724945135333,0.510674045842569,0.16913706217951033,0.0973335625750219,sv_complexity_medium,1.0,9204,91932,43217
fold_a,20260806,1hop,K,complexity,high,14004,7742,0.643980502161317,True,0.6487629908948772,0.5082760610671003,0.4057958483628711,21746,0.643980502161317,0.1621867412069788,0.6748987686361302,0.7884517363204887,0.6487629908948772,0.6478127612148231,0.9961439588688946,0.7850751308458551,0.6518004850932454,0.22980979558718712,0.14280945503923756,sv_complexity_high,1.0,21746,91932,43217
fold_a,20260806,1hop,K,complexity,low,5267,2539,0.6747373815014092,True,0.6757622341788367,0.5041253539898151,0.46465885108997423,7806,0.6747373815014092,0.1621867412069788,0.706483172364914,0.825873536115481,0.6757622341788367,0.6765616933402169,0.9952534649705714,0.8055320783711103,0.6156657669413725,0.21381671071556888,0.14299698082179227,sv_complexity_low,1.0,7806,91932,43217
fold_a,20260806,1hop,K,complexity,medium,6022,3182,0.6542807475010864,True,0.6563450673620165,0.5057274280915504,0.449684342136338,9204,0.6542807475010864,0.1621867412069788,0.7004799967686053,0.8097452821249269,0.6563450673620165,0.6568982548567666,0.9938558618399203,0.7909865856076125,0.6251825967564993,0.21774998611079996,0.1288551420329283,sv_complexity_medium,1.0,9204,91932,43217
fold_a,20260806,strict,C,complexity,high,14004,7742,0.643980502161317,True,0.7079922744412765,0.631311321834386,0.6111380176982224,21746,0.643980502161317,0.3046057885212088,0.7725775069174243,0.8615575523323663,0.7079922744412765,0.7188608029280568,0.8976006855184233,0.7983486821213084,0.573796168442959,0.19690319784582272,0.11712417237961557,sv_complexity_high,1.0,21746,91932,43217
fold_a,20260806,strict,C,complexity,low,5267,2539,0.6747373815014092,True,0.7585190878811171,0.6631639269619117,0.6437871986452524,7806,0.6747373815014092,0.3046057885212088,0.8022676510345952,0.8841372914886364,0.7585190878811171,0.7610373572090151,0.9360167078033036,0.8395061728395061,0.5300437922268557,0.17644520246103407,0.10736785718964496,sv_complexity_low,1.0,7806,91932,43217
fold_a,20260806,strict,C,complexity,medium,6022,3182,0.6542807475010864,True,0.7384832681442851,0.656904517919942,0.640888766627558,9204,0.6542807475010864,0.3046057885212088,0.802132386570841,0.8758483328345165,0.7384832681442851,0.7416120839459965,0.9212886084357357,0.8217433163000815,0.5372825194658055,0.17968396383088184,0.09984727334710758,sv_complexity_medium,1.0,9204,91932,43217
fold_a,20260806,strict,C+T,complexity,high,14004,7742,0.643980502161317,True,0.7598638830129679,0.697720762293181,0.7224383958724808,21746,0.643980502161317,0.2903006194014813,0.835202157615077,0.9011826570792213,0.7598638830129679,0.7613068317067365,0.9135247072265067,0.8304985717995326,0.49982282056210164,0.16691354094031383,0.09999062268832724,sv_complexity_high,1.0,21746,91932,43217
fold_a,20260806,strict,C+T,complexity,low,5267,2539,0.6747373815014092,True,0.8169356904944914,0.7471492187229514,0.7896662795523545,7806,0.6747373815014092,0.2903006194014813,0.8822652551467284,0.9315863033286482,0.8169356904944914,0.8127444589308996,0.9468388076704006,0.8746821012014382,0.4143609371508052,0.13296757550323787,0.07921027875262572,sv_complexity_low,1.0,7806,91932,43217
fold_a,20260806,strict,C+T,complexity,medium,6022,3182,0.6542807475010864,True,0.807257714037375,0.7501454440777697,0.7968520354547576,9204,0.6542807475010864,0.2903006194014813,0.8821498523849595,0.929767837550743,0.807257714037375,0.8027366020524516,0.9352374626369977,0.8639361865316766,0.42652575771140505,0.13771105794381103,0.0818136047471439,sv_complexity_medium,1.0,9204,91932,43217
fold_a,20260806,strict,C+S,complexity,high,14004,7742,0.643980502161317,True,0.6998988319690977,0.6247963732692974,0.6247034441669114,21746,0.643980502161317,0.2842584257938669,0.7734046546172623,0.8663871086517165,0.6998988319690977,0.7158028396629343,0.8856041131105399,0.791701244813278,0.5675134997767264,0.19459588323520613,0.1086416260182006,sv_complexity_high,1.0,21746,91932,43217
fold_a,20260806,strict,C+S,complexity,low,5267,2539,0.6747373815014092,True,0.7800409941070972,0.6923719237536354,0.7122750701902795,7806,0.6747373815014092,0.2842584257938669,0.8372327330627217,0.906413835922767,0.7800409941070972,0.777951769495772,0.9432314410480349,0.8526559684201493,0.4901343057984297,0.16058711938669815,0.10663465425335675,sv_complexity_low,1.0,7806,91932,43217
fold_a,20260806,strict,C+S,complexity,medium,6022,3182,0.6542807475010864,True,0.762929161234246,0.6879615514118461,0.6918579965197251,9204,0.6542807475010864,0.2842584257938669,0.8270647475076197,0.8934693768932818,0.762929161234246,0.7604449267498643,0.9309199601461309,0.8370912348812901,0.506200087596552,0.1676418585245063,0.09562087247500176,sv_complexity_medium,1.0,9204,91932,43217
fold_a,20260806,strict,C+S+T,complexity,high,14004,7742,0.643980502161317,True,0.7445507219718569,0.6763302063528219,0.7110342008553395,21746,0.643980502161317,0.2598872940568559,0.8255634429207998,0.8971225412959642,0.7445507219718569,0.746628524724152,0.9132390745501285,0.8215719654386021,0.5109683965174386,0.17194522113371896,0.09898382409929331,sv_complexity_high,1.0,21746,91932,43217
fold_a,20260806,strict,C+S+T,complexity,low,5267,2539,0.6747373815014092,True,0.81539841147835,0.7392782335456756,0.7994866949998385,7806,0.6747373815014092,0.2598872940568559,0.8855364945543278,0.9347805173718409,0.81539841147835,0.8057864450127877,0.9570913233339662,0.8749457606526079,0.4131846586219124,0.1319498252481136,0.08360511056992904,sv_complexity_low,1.0,7806,91932,43217
fold_a,20260806,strict,C+S+T,complexity,medium,6022,3182,0.6542807475010864,True,0.8075836592785746,0.7445402370232257,0.7990505238338959,9204,0.6542807475010864,0.2598872940568559,0.882912116081387,0.9305278973098062,0.8075836592785746,0.796154382053783,0.9488542012620392,0.8658231684218501,0.42514383226507907,0.13742635043317755,0.08375555487641848,sv_complexity_medium,1.0,9204,91932,43217
fold_a,20260806,strict,T,complexity,high,14004,7742,0.643980502161317,True,0.7597259266071922,0.6945236280057563,0.7197797561991691,21746,0.643980502161317,0.2850055654753299,0.8337319121133859,0.9002361295177949,0.7597259266071922,0.75797825448134,0.9209511568123393,0.8315548534769013,0.5001877592379795,0.16677303625814582,0.09609837694361191,sv_complexity_high,1.0,21746,91932,43217
fold_a,20260806,strict,T,complexity,low,5267,2539,0.6747373815014092,True,0.8148859851396362,0.7437943774852943,0.7852665856035272,7806,0.6747373815014092,0.2850055654753299,0.8808177021715461,0.9301552473542603,0.8148859851396362,0.8104288499025342,0.9472185304727548,0.873500831655432,0.41982165705526536,0.13471911541488188,0.08360803486378755,sv_complexity_low,1.0,7806,91932,43217
fold_a,20260806,strict,T,complexity,medium,6022,3182,0.6542807475010864,True,0.8043242068665798,0.7480518739062991,0.7940130240505529,9204,0.6542807475010864,0.2850055654753299,0.8799102118964175,0.9287863366502455,0.8043242068665798,0.8021474588403722,0.9304217867818001,0.8615360959483355,0.43175447184085103,0.13957517646275722,0.08493933151074673,sv_complexity_medium,1.0,9204,91932,43217
fold_a,20260806,strict,S,complexity,high,14004,7742,0.643980502161317,True,0.6947024740182103,0.604965157019388,0.6227009931501182,21746,0.643980502161317,0.2507480805018489,0.7714877760135109,0.8656741970462712,0.6947024740182103,0.7011525645927787,0.9165952584975722,0.7945281792578379,0.569760277407014,0.1954379921383943,0.10949203685030844,sv_complexity_high,1.0,21746,91932,43217
fold_a,20260806,strict,S,complexity,low,5267,2539,0.6747373815014092,True,0.7733794517038176,0.6743798826777682,0.7005802677838264,7806,0.6747373815014092,0.2507480805018489,0.8327174864593825,0.9026099538692205,0.7733794517038176,0.765402124430956,0.9576609075374977,0.8508054313907396,0.49714633535374286,0.16302175529031934,0.10934741634060088,sv_complexity_low,1.0,7806,91932,43217
fold_a,20260806,strict,S,complexity,medium,6022,3182,0.6542807475010864,True,0.7516297262059974,0.6652465994684063,0.6835556775985073,9204,0.6542807475010864,0.2507480805018489,0.8237916817051076,0.8905991054018307,0.7516297262059974,0.7442468619246861,0.9452009299236134,0.8327724945135333,0.510674045842569,0.16913706217951033,0.0973335625750219,sv_complexity_medium,1.0,9204,91932,43217
fold_a,20260806,strict,K,complexity,high,14004,7742,0.643980502161317,True,0.6487629908948772,0.5082760610671003,0.4057958483628711,21746,0.643980502161317,0.1621867412069788,0.6748987686361302,0.7884517363204887,0.6487629908948772,0.6478127612148231,0.9961439588688946,0.7850751308458551,0.6518004850932454,0.22980979558718712,0.14280945503923756,sv_complexity_high,1.0,21746,91932,43217
fold_a,20260806,strict,K,complexity,low,5267,2539,0.6747373815014092,True,0.6757622341788367,0.5041253539898151,0.46465885108997423,7806,0.6747373815014092,0.1621867412069788,0.706483172364914,0.825873536115481,0.6757622341788367,0.6765616933402169,0.9952534649705714,0.8055320783711103,0.6156657669413725,0.21381671071556888,0.14299698082179227,sv_complexity_low,1.0,7806,91932,43217
fold_a,20260806,strict,K,complexity,medium,6022,3182,0.6542807475010864,True,0.6563450673620165,0.5057274280915504,0.449684342136338,9204,0.6542807475010864,0.1621867412069788,0.7004799967686053,0.8097452821249269,0.6563450673620165,0.6568982548567666,0.9938558618399203,0.7909865856076125,0.6251825967564993,0.21774998611079996,0.1288551420329283,sv_complexity_medium,1.0,9204,91932,43217
fold_a,314159,1hop,C,complexity,high,14004,7742,0.643980502161317,True,0.7079922744412765,0.631311321834386,0.6111380176982224,21746,0.643980502161317,0.3046057885212088,0.7725775069174243,0.8615575523323663,0.7079922744412765,0.7188608029280568,0.8976006855184233,0.7983486821213084,0.573796168442959,0.19690319784582272,0.11712417237961557,sv_complexity_high,1.0,21746,91932,43217
fold_a,314159,1hop,C,complexity,low,5267,2539,0.6747373815014092,True,0.7585190878811171,0.6631639269619117,0.6437871986452524,7806,0.6747373815014092,0.3046057885212088,0.8022676510345952,0.8841372914886364,0.7585190878811171,0.7610373572090151,0.9360167078033036,0.8395061728395061,0.5300437922268557,0.17644520246103407,0.10736785718964496,sv_complexity_low,1.0,7806,91932,43217
fold_a,314159,1hop,C,complexity,medium,6022,3182,0.6542807475010864,True,0.7384832681442851,0.656904517919942,0.640888766627558,9204,0.6542807475010864,0.3046057885212088,0.802132386570841,0.8758483328345165,0.7384832681442851,0.7416120839459965,0.9212886084357357,0.8217433163000815,0.5372825194658055,0.17968396383088184,0.09984727334710758,sv_complexity_medium,1.0,9204,91932,43217
fold_a,314159,1hop,C+T,complexity,high,14004,7742,0.643980502161317,True,0.7588522027039456,0.685008364956951,0.7300112390259754,21746,0.643980502161317,0.2402501491185814,0.8416918292378507,0.9038787368959396,0.7588522027039456,0.748750567923671,0.9414453013424736,0.8341136277363027,0.4857038268731702,0.16216733744569833,0.08978783299197385,sv_complexity_high,1.0,21746,91932,43217
fold_a,314159,1hop,C+T,complexity,low,5267,2539,0.6747373815014092,True,0.8328209069946195,0.7642244812330716,0.8264379989899945,7806,0.6747373815014092,0.2402501491185814,0.9006012751298091,0.9435467690796305,0.8328209069946195,0.821799870045484,0.9605088285551547,0.885756806443141,0.3828852303166535,0.1208344499287531,0.07622137938727869,sv_complexity_low,1.0,7806,91932,43217
fold_a,314159,1hop,C+T,complexity,medium,6022,3182,0.6542807475010864,True,0.8210560625814863,0.7652105176473192,0.8104364919374525,9204,0.6542807475010864,0.2402501491185814,0.8957800551549827,0.9344642456915443,0.8210560625814863,0.8115653040877367,0.946197276652275,0.8737253699302308,0.40194148620163866,0.1278556163860017,0.07705966844019056,sv_complexity_medium,1.0,9204,91932,43217
fold_a,314159,1hop,C+S,complexity,high,14004,7742,0.643980502161317,True,0.6998988319690977,0.6247963732692974,0.6247034441669114,21746,0.643980502161317,0.2842584257938669,0.7734046546172623,0.8663871086517165,0.6998988319690977,0.7158028396629343,0.8856041131105399,0.791701244813278,0.5675134997767264,0.19459588323520613,0.1086416260182006,sv_complexity_high,1.0,21746,91932,43217
fold_a,314159,1hop,C+S,complexity,low,5267,2539,0.6747373815014092,True,0.7800409941070972,0.6923719237536354,0.7122750701902795,7806,0.6747373815014092,0.2842584257938669,0.8372327330627217,0.906413835922767,0.7800409941070972,0.777951769495772,0.9432314410480349,0.8526559684201493,0.4901343057984297,0.16058711938669815,0.10663465425335675,sv_complexity_low,1.0,7806,91932,43217
fold_a,314159,1hop,C+S,complexity,medium,6022,3182,0.6542807475010864,True,0.762929161234246,0.6879615514118461,0.6918579965197251,9204,0.6542807475010864,0.2842584257938669,0.8270647475076197,0.8934693768932818,0.762929161234246,0.7604449267498643,0.9309199601461309,0.8370912348812901,0.506200087596552,0.1676418585245063,0.09562087247500176,sv_complexity_medium,1.0,9204,91932,43217
fold_a,314159,1hop,C+S+T,complexity,high,14004,7742,0.643980502161317,True,0.7502989055458475,0.6771833780967182,0.7152306208567767,21746,0.643980502161317,0.2377270652432009,0.8326709907439813,0.8986165486375961,0.7502989055458475,0.7449154478976234,0.9310911168237647,0.8276628157928145,0.4996570073775589,0.16735585538510975,0.09214172047331638,sv_complexity_high,1.0,21746,91932,43217
fold_a,314159,1hop,C+S+T,complexity,low,5267,2539,0.6747373815014092,True,0.831796054317192,0.7592831494529277,0.8294748589946184,7806,0.6747373815014092,0.2377270652432009,0.9005638113401322,0.9445345461167481,0.831796054317192,0.8173354735152488,0.9667742547940004,0.8857962946855702,0.3870885259216749,0.12225436040953622,0.08055339911105133,sv_complexity_low,1.0,7806,91932,43217
fold_a,314159,1hop,C+S+T,complexity,medium,6022,3182,0.6542807475010864,True,0.8183398522381573,0.7579474464153123,0.8152539027044642,9204,0.6542807475010864,0.2377270652432009,0.8965797366496739,0.9361297173408958,0.8183398522381573,0.804792600896861,0.9536698771172368,0.8729290165678675,0.4019322170597902,0.127416498071562,0.07658738954903156,sv_complexity_medium,1.0,9204,91932,43217
fold_a,314159,1hop,T,complexity,high,14004,7742,0.643980502161317,True,0.7638186333118735,0.6974702618456947,0.7282935669664815,21746,0.643980502161317,0.2731124727233814,0.8409840010652011,0.903267212151867,0.7638186333118735,0.7589953271028037,0.9278777492145102,0.8349826500449814,0.4853739945119547,0.1620033087278296,0.08821355232054666,sv_complexity_high,1.0,21746,91932,43217
fold_a,314159,1hop,T,complexity,low,5267,2539,0.6747373815014092,True,0.8352549321035101,0.7726579840906764,0.8261933920163298,7806,0.6747373815014092,0.2731124727233814,0.9000871388305599,0.9434672075748733,0.8352549321035101,0.8292803970223325,0.9517752041010062,0.8863154172560113,0.3856177449828184,0.1217724482544217,0.07944776673423945,sv_complexity_low,1.0,7806,91932,43217
fold_a,314159,1hop,T,complexity,medium,6022,3182,0.6542807475010864,True,0.8254019991308127,0.7761644867624493,0.8113325823366986,9204,0.6542807475010864,0.2731124727233814,0.8954184541449839,0.9347740413945431,0.8254019991308127,0.8220277169948942,0.9357356360013285,0.8752038518288421,0.40367851024184687,0.12856765965859215,0.07897185705861409,sv_complexity_medium,1.0,9204,91932,43217
fold_a,314159,1hop,S,complexity,high,14004,7742,0.643980502161317,True,0.6947024740182103,0.604965157019388,0.6227009931501182,21746,0.643980502161317,0.2507480805018489,0.7714877760135109,0.8656741970462712,0.6947024740182103,0.7011525645927787,0.9165952584975722,0.7945281792578379,0.569760277407014,0.1954379921383943,0.10949203685030844,sv_complexity_high,1.0,21746,91932,43217
fold_a,314159,1hop,S,complexity,low,5267,2539,0.6747373815014092,True,0.7733794517038176,0.6743798826777682,0.7005802677838264,7806,0.6747373815014092,0.2507480805018489,0.8327174864593825,0.9026099538692205,0.7733794517038176,0.765402124430956,0.9576609075374977,0.8508054313907396,0.49714633535374286,0.16302175529031934,0.10934741634060088,sv_complexity_low,1.0,7806,91932,43217
fold_a,314159,1hop,S,complexity,medium,6022,3182,0.6542807475010864,True,0.7516297262059974,0.6652465994684063,0.6835556775985073,9204,0.6542807475010864,0.2507480805018489,0.8237916817051076,0.8905991054018307,0.7516297262059974,0.7442468619246861,0.9452009299236134,0.8327724945135333,0.510674045842569,0.16913706217951033,0.0973335625750219,sv_complexity_medium,1.0,9204,91932,43217
fold_a,314159,1hop,K,complexity,high,14004,7742,0.643980502161317,True,0.6487629908948772,0.5082760610671003,0.4057958483628711,21746,0.643980502161317,0.1621867412069788,0.6748987686361302,0.7884517363204887,0.6487629908948772,0.6478127612148231,0.9961439588688946,0.7850751308458551,0.6518004850932454,0.22980979558718712,0.14280945503923756,sv_complexity_high,1.0,21746,91932,43217
fold_a,314159,1hop,K,complexity,low,5267,2539,0.6747373815014092,True,0.6757622341788367,0.5041253539898151,0.46465885108997423,7806,0.6747373815014092,0.1621867412069788,0.706483172364914,0.825873536115481,0.6757622341788367,0.6765616933402169,0.9952534649705714,0.8055320783711103,0.6156657669413725,0.21381671071556888,0.14299698082179227,sv_complexity_low,1.0,7806,91932,43217
fold_a,314159,1hop,K,complexity,medium,6022,3182,0.6542807475010864,True,0.6563450673620165,0.5057274280915504,0.449684342136338,9204,0.6542807475010864,0.1621867412069788,0.7004799967686053,0.8097452821249269,0.6563450673620165,0.6568982548567666,0.9938558618399203,0.7909865856076125,0.6251825967564993,0.21774998611079996,0.1288551420329283,sv_complexity_medium,1.0,9204,91932,43217
fold_a,314159,strict,C,complexity,high,14004,7742,0.643980502161317,True,0.7079922744412765,0.631311321834386,0.6111380176982224,21746,0.643980502161317,0.3046057885212088,0.7725775069174243,0.8615575523323663,0.7079922744412765,0.7188608029280568,0.8976006855184233,0.7983486821213084,0.573796168442959,0.19690319784582272,0.11712417237961557,sv_complexity_high,1.0,21746,91932,43217
fold_a,314159,strict,C,complexity,low,5267,2539,0.6747373815014092,True,0.7585190878811171,0.6631639269619117,0.6437871986452524,7806,0.6747373815014092,0.3046057885212088,0.8022676510345952,0.8841372914886364,0.7585190878811171,0.7610373572090151,0.9360167078033036,0.8395061728395061,0.5300437922268557,0.17644520246103407,0.10736785718964496,sv_complexity_low,1.0,7806,91932,43217
fold_a,314159,strict,C,complexity,medium,6022,3182,0.6542807475010864,True,0.7384832681442851,0.656904517919942,0.640888766627558,9204,0.6542807475010864,0.3046057885212088,0.802132386570841,0.8758483328345165,0.7384832681442851,0.7416120839459965,0.9212886084357357,0.8217433163000815,0.5372825194658055,0.17968396383088184,0.09984727334710758,sv_complexity_medium,1.0,9204,91932,43217
fold_a,314159,strict,C+T,complexity,high,14004,7742,0.643980502161317,True,0.7600018394187437,0.6972503003349009,0.7283730018606835,21746,0.643980502161317,0.2950178775862505,0.8369779123889096,0.9032954925230117,0.7600018394187437,0.760728913159613,0.9151670951156813,0.8308320637904768,0.4931757865990127,0.16514403779059414,0.09417781726756139,sv_complexity_high,1.0,21746,91932,43217
fold_a,314159,strict,C+T,complexity,low,5267,2539,0.6747373815014092,True,0.8143735588009223,0.741374710207118,0.7965054284013708,7806,0.6747373815014092,0.2950178775862505,0.884859454331304,0.9338108227915809,0.8143735588009223,0.8083010335917312,0.9502563128915892,0.8735491753207086,0.41422805906676896,0.13321378151506355,0.08585472952369051,sv_complexity_low,1.0,7806,91932,43217
fold_a,314159,strict,C+T,complexity,medium,6022,3182,0.6542807475010864,True,0.8060625814863103,0.7475277116109568,0.7991218659783637,9204,0.6542807475010864,0.2950178775862505,0.8820612917104078,0.9305525616626633,0.8060625814863103,0.8004538363352716,0.9372301560943208,0.8634590377113134,0.4235009183244446,0.13774100091756955,0.08080641033136664,sv_complexity_medium,1.0,9204,91932,43217
fold_a,314159,strict,C+S,complexity,high,14004,7742,0.643980502161317,True,0.6998988319690977,0.6247963732692974,0.6247034441669114,21746,0.643980502161317,0.2842584257938669,0.7734046546172623,0.8663871086517165,0.6998988319690977,0.7158028396629343,0.8856041131105399,0.791701244813278,0.5675134997767264,0.19459588323520613,0.1086416260182006,sv_complexity_high,1.0,21746,91932,43217
fold_a,314159,strict,C+S,complexity,low,5267,2539,0.6747373815014092,True,0.7800409941070972,0.6923719237536354,0.7122750701902795,7806,0.6747373815014092,0.2842584257938669,0.8372327330627217,0.906413835922767,0.7800409941070972,0.777951769495772,0.9432314410480349,0.8526559684201493,0.4901343057984297,0.16058711938669815,0.10663465425335675,sv_complexity_low,1.0,7806,91932,43217
fold_a,314159,strict,C+S,complexity,medium,6022,3182,0.6542807475010864,True,0.762929161234246,0.6879615514118461,0.6918579965197251,9204,0.6542807475010864,0.2842584257938669,0.8270647475076197,0.8934693768932818,0.762929161234246,0.7604449267498643,0.9309199601461309,0.8370912348812901,0.506200087596552,0.1676418585245063,0.09562087247500176,sv_complexity_medium,1.0,9204,91932,43217
fold_a,314159,strict,C+S+T,complexity,high,14004,7742,0.643980502161317,True,0.7482295594592109,0.6843558223133059,0.7170086720127686,21746,0.643980502161317,0.2820946110598052,0.8282188638799808,0.8992495695172839,0.7482295594592109,0.7530710343599787,0.9061696658097687,0.8225571220223626,0.5034593228010487,0.16941262511000188,0.09316190192166038,sv_complexity_high,1.0,21746,91932,43217
fold_a,314159,strict,C+S+T,complexity,low,5267,2539,0.6747373815014092,True,0.8166794773251345,0.7442054322794143,0.7992548583810208,7806,0.6747373815014092,0.2820946110598052,0.8858228943835947,0.9347051095861404,0.8166794773251345,0.8099547511312217,0.9515853426998291,0.8750763858577041,0.4144610499507621,0.13246855200564842,0.0862692149403204,sv_complexity_low,1.0,7806,91932,43217
fold_a,314159,strict,C+S+T,complexity,medium,6022,3182,0.6542807475010864,True,0.8069317687961756,0.7462652131791644,0.8019793863900727,9204,0.6542807475010864,0.2820946110598052,0.8834977802947959,0.9315404614833998,0.8069317687961756,0.7984812262691604,0.9428761208900698,0.8646919972588136,0.4221338941135029,0.13683764895660339,0.08133112233779526,sv_complexity_medium,1.0,9204,91932,43217
fold_a,314159,strict,T,complexity,high,14004,7742,0.643980502161317,True,0.7586682608295778,0.6935580405081886,0.7264522012937299,21746,0.643980502161317,0.2883659431922277,0.8363254942622217,0.9026116500697166,0.7586682608295778,0.7574991177508529,0.9196658097686375,0.8307424369476876,0.49343121341554674,0.16518891102656882,0.09316113945397904,sv_complexity_high,1.0,21746,91932,43217
fold_a,314159,strict,T,complexity,low,5267,2539,0.6747373815014092,True,0.8137330258775302,0.7402880733614284,0.7952792959801501,7806,0.6747373815014092,0.2883659431922277,0.8846395321647572,0.9334120077496286,0.8137330258775302,0.8075496047749637,0.9504461742927662,0.8731903017617303,0.41566060253553155,0.13360689435000947,0.08741780962567712,sv_complexity_low,1.0,7806,91932,43217
fold_a,314159,strict,T,complexity,medium,6022,3182,0.6542807475010864,True,0.8034550195567145,0.7439788134894451,0.8001232968640521,9204,0.6542807475010864,0.2883659431922277,0.8819358872902855,0.9308987755998929,0.8034550195567145,0.7979912293110766,0.93673198272999,0.8618134596287526,0.4241043773624218,0.1379325491538999,0.08093825134743858,sv_complexity_medium,1.0,9204,91932,43217
fold_a,314159,strict,S,complexity,high,14004,7742,0.643980502161317,True,0.6947024740182103,0.604965157019388,0.6227009931501182,21746,0.643980502161317,0.2507480805018489,0.7714877760135109,0.8656741970462712,0.6947024740182103,0.7011525645927787,0.9165952584975722,0.7945281792578379,0.569760277407014,0.1954379921383943,0.10949203685030844,sv_complexity_high,1.0,21746,91932,43217
fold_a,314159,strict,S,complexity,low,5267,2539,0.6747373815014092,True,0.7733794517038176,0.6743798826777682,0.7005802677838264,7806,0.6747373815014092,0.2507480805018489,0.8327174864593825,0.9026099538692205,0.7733794517038176,0.765402124430956,0.9576609075374977,0.8508054313907396,0.49714633535374286,0.16302175529031934,0.10934741634060088,sv_complexity_low,1.0,7806,91932,43217
fold_a,314159,strict,S,complexity,medium,6022,3182,0.6542807475010864,True,0.7516297262059974,0.6652465994684063,0.6835556775985073,9204,0.6542807475010864,0.2507480805018489,0.8237916817051076,0.8905991054018307,0.7516297262059974,0.7442468619246861,0.9452009299236134,0.8327724945135333,0.510674045842569,0.16913706217951033,0.0973335625750219,sv_complexity_medium,1.0,9204,91932,43217
fold_a,314159,strict,K,complexity,high,14004,7742,0.643980502161317,True,0.6487629908948772,0.5082760610671003,0.4057958483628711,21746,0.643980502161317,0.1621867412069788,0.6748987686361302,0.7884517363204887,0.6487629908948772,0.6478127612148231,0.9961439588688946,0.7850751308458551,0.6518004850932454,0.22980979558718712,0.14280945503923756,sv_complexity_high,1.0,21746,91932,43217
fold_a,314159,strict,K,complexity,low,5267,2539,0.6747373815014092,True,0.6757622341788367,0.5041253539898151,0.46465885108997423,7806,0.6747373815014092,0.1621867412069788,0.706483172364914,0.825873536115481,0.6757622341788367,0.6765616933402169,0.9952534649705714,0.8055320783711103,0.6156657669413725,0.21381671071556888,0.14299698082179227,sv_complexity_low,1.0,7806,91932,43217
fold_a,314159,strict,K,complexity,medium,6022,3182,0.6542807475010864,True,0.6563450673620165,0.5057274280915504,0.449684342136338,9204,0.6542807475010864,0.1621867412069788,0.7004799967686053,0.8097452821249269,0.6563450673620165,0.6568982548567666,0.9938558618399203,0.7909865856076125,0.6251825967564993,0.21774998611079996,0.1288551420329283,sv_complexity_medium,1.0,9204,91932,43217
fold_a,42,1hop,C,complexity,high,14004,7742,0.643980502161317,True,0.7079922744412765,0.631311321834386,0.6111380176982224,21746,0.643980502161317,0.3046057885212088,0.7725775069174243,0.8615575523323663,0.7079922744412765,0.7188608029280568,0.8976006855184233,0.7983486821213084,0.573796168442959,0.19690319784582272,0.11712417237961557,sv_complexity_high,1.0,21746,91932,43217
fold_a,42,1hop,C,complexity,low,5267,2539,0.6747373815014092,True,0.7585190878811171,0.6631639269619117,0.6437871986452524,7806,0.6747373815014092,0.3046057885212088,0.8022676510345952,0.8841372914886364,0.7585190878811171,0.7610373572090151,0.9360167078033036,0.8395061728395061,0.5300437922268557,0.17644520246103407,0.10736785718964496,sv_complexity_low,1.0,7806,91932,43217
fold_a,42,1hop,C,complexity,medium,6022,3182,0.6542807475010864,True,0.7384832681442851,0.656904517919942,0.640888766627558,9204,0.6542807475010864,0.3046057885212088,0.802132386570841,0.8758483328345165,0.7384832681442851,0.7416120839459965,0.9212886084357357,0.8217433163000815,0.5372825194658055,0.17968396383088184,0.09984727334710758,sv_complexity_medium,1.0,9204,91932,43217
fold_a,42,1hop,C+T,complexity,high,14004,7742,0.643980502161317,True,0.7660259358042858,0.7122949925145939,0.7332986529465039,21746,0.643980502161317,0.3035416162375767,0.8428138653745533,0.905049120349114,0.7660259358042858,0.7741697416974169,0.8988860325621251,0.8318794607454402,0.4860119951618347,0.16265108775172618,0.09397872947249523,sv_complexity_high,1.0,21746,91932,43217
fold_a,42,1hop,C+T,complexity,low,5267,2539,0.6747373815014092,True,0.8401229823212913,0.7841191369449574,0.8298658317599394,7806,0.6747373815014092,0.3035416162375767,0.9026644007928564,0.9446617149421581,0.8401229823212913,0.838927306459774,0.9443706094550978,0.8885316184351554,0.38241754071833467,0.12114945978904067,0.08043763521566819,sv_complexity_low,1.0,7806,91932,43217
fold_a,42,1hop,C+T,complexity,medium,6022,3182,0.6542807475010864,True,0.8198609300304216,0.7756352623660865,0.8188881052544468,9204,0.6542807475010864,0.3035416162375767,0.8960513211457423,0.9373861311299054,0.8198609300304216,0.8254773269689738,0.918963799402192,0.8697155429828697,0.4049652884731541,0.12935271938768067,0.0793675804197519,sv_complexity_medium,1.0,9204,91932,43217
fold_a,42,1hop,C+S,complexity,high,14004,7742,0.643980502161317,True,0.6998988319690977,0.6247963732692974,0.6247034441669114,21746,0.643980502161317,0.2842584257938669,0.7734046546172623,0.8663871086517165,0.6998988319690977,0.7158028396629343,0.8856041131105399,0.791701244813278,0.5675134997767264,0.19459588323520613,0.1086416260182006,sv_complexity_high,1.0,21746,91932,43217
fold_a,42,1hop,C+S,complexity,low,5267,2539,0.6747373815014092,True,0.7800409941070972,0.6923719237536354,0.7122750701902795,7806,0.6747373815014092,0.2842584257938669,0.8372327330627217,0.906413835922767,0.7800409941070972,0.777951769495772,0.9432314410480349,0.8526559684201493,0.4901343057984297,0.16058711938669815,0.10663465425335675,sv_complexity_low,1.0,7806,91932,43217
fold_a,42,1hop,C+S,complexity,medium,6022,3182,0.6542807475010864,True,0.762929161234246,0.6879615514118461,0.6918579965197251,9204,0.6542807475010864,0.2842584257938669,0.8270647475076197,0.8934693768932818,0.762929161234246,0.7604449267498643,0.9309199601461309,0.8370912348812901,0.506200087596552,0.1676418585245063,0.09562087247500176,sv_complexity_medium,1.0,9204,91932,43217
fold_a,42,1hop,C+S+T,complexity,high,14004,7742,0.643980502161317,True,0.7555872344339188,0.6937649507971705,0.7206857009215792,21746,0.643980502161317,0.2720954584615113,0.8347492894416778,0.9005586635029369,0.7555872344339188,0.7592957326171292,0.908454727220794,0.8272050456776878,0.4979582743917654,0.16682792664923562,0.09313914588336925,sv_complexity_high,1.0,21746,91932,43217
fold_a,42,1hop,C+S+T,complexity,low,5267,2539,0.6747373815014092,True,0.8385857033051499,0.7753301767535614,0.834428196070621,7806,0.6747373815014092,0.2720954584615113,0.9032474450405832,0.9461456815043949,0.8385857033051499,0.8302291082907532,0.9563318777292577,0.8888300688194812,0.3857006704639434,0.12194972515603722,0.08471600907567198,sv_complexity_low,1.0,7806,91932,43217
fold_a,42,1hop,C+S+T,complexity,medium,6022,3182,0.6542807475010864,True,0.8209474141677532,0.7663872734814167,0.8232174476335968,9204,0.6542807475010864,0.2720954584615113,0.8980786143244726,0.938882868141037,0.8209474141677532,0.8130546807901518,0.9432082364662903,0.8733087330873309,0.40197900225812044,0.12789375289137145,0.0797983959237535,sv_complexity_medium,1.0,9204,91932,43217
fold_a,42,1hop,T,complexity,high,14004,7742,0.643980502161317,True,0.7629449094086269,0.7037805322035532,0.729803735554469,21746,0.643980502161317,0.2879309682292247,0.8406316042410586,0.903804861614214,0.7629449094086269,0.7662634651260757,0.909240217080834,0.8316514810097645,0.4888291933817736,0.1636107597865485,0.09453513588769494,sv_complexity_high,1.0,21746,91932,43217
fold_a,42,1hop,T,complexity,low,5267,2539,0.6747373815014092,True,0.8392262362285422,0.7832506275932551,0.8291456856332923,7806,0.6747373815014092,0.2879309682292247,0.9025750410550042,0.9444274783273032,0.8392262362285422,0.838508268646642,0.9434213024492121,0.8878763512909854,0.3867546164818563,0.12259251571151085,0.08663992119961123,sv_complexity_low,1.0,7806,91932,43217
fold_a,42,1hop,T,complexity,medium,6022,3182,0.6542807475010864,True,0.8207301173402868,0.7734835041261864,0.8178155200285333,9204,0.6542807475010864,0.2879309682292247,0.8961326800683268,0.9370153177673612,0.8207301173402868,0.8220388921626399,0.9266024576552641,0.8711943793911007,0.40551040254428034,0.12944373550470675,0.08147779876525885,sv_complexity_medium,1.0,9204,91932,43217
fold_a,42,1hop,S,complexity,high,14004,7742,0.643980502161317,True,0.6947024740182103,0.604965157019388,0.6227009931501182,21746,0.643980502161317,0.2507480805018489,0.7714877760135109,0.8656741970462712,0.6947024740182103,0.7011525645927787,0.9165952584975722,0.7945281792578379,0.569760277407014,0.1954379921383943,0.10949203685030844,sv_complexity_high,1.0,21746,91932,43217
fold_a,42,1hop,S,complexity,low,5267,2539,0.6747373815014092,True,0.7733794517038176,0.6743798826777682,0.7005802677838264,7806,0.6747373815014092,0.2507480805018489,0.8327174864593825,0.9026099538692205,0.7733794517038176,0.765402124430956,0.9576609075374977,0.8508054313907396,0.49714633535374286,0.16302175529031934,0.10934741634060088,sv_complexity_low,1.0,7806,91932,43217
fold_a,42,1hop,S,complexity,medium,6022,3182,0.6542807475010864,True,0.7516297262059974,0.6652465994684063,0.6835556775985073,9204,0.6542807475010864,0.2507480805018489,0.8237916817051076,0.8905991054018307,0.7516297262059974,0.7442468619246861,0.9452009299236134,0.8327724945135333,0.510674045842569,0.16913706217951033,0.0973335625750219,sv_complexity_medium,1.0,9204,91932,43217
fold_a,42,1hop,K,complexity,high,14004,7742,0.643980502161317,True,0.6487629908948772,0.5082760610671003,0.4057958483628711,21746,0.643980502161317,0.1621867412069788,0.6748987686361302,0.7884517363204887,0.6487629908948772,0.6478127612148231,0.9961439588688946,0.7850751308458551,0.6518004850932454,0.22980979558718712,0.14280945503923756,sv_complexity_high,1.0,21746,91932,43217
fold_a,42,1hop,K,complexity,low,5267,2539,0.6747373815014092,True,0.6757622341788367,0.5041253539898151,0.46465885108997423,7806,0.6747373815014092,0.1621867412069788,0.706483172364914,0.825873536115481,0.6757622341788367,0.6765616933402169,0.9952534649705714,0.8055320783711103,0.6156657669413725,0.21381671071556888,0.14299698082179227,sv_complexity_low,1.0,7806,91932,43217
fold_a,42,1hop,K,complexity,medium,6022,3182,0.6542807475010864,True,0.6563450673620165,0.5057274280915504,0.449684342136338,9204,0.6542807475010864,0.1621867412069788,0.7004799967686053,0.8097452821249269,0.6563450673620165,0.6568982548567666,0.9938558618399203,0.7909865856076125,0.6251825967564993,0.21774998611079996,0.1288551420329283,sv_complexity_medium,1.0,9204,91932,43217
fold_a,42,strict,C,complexity,high,14004,7742,0.643980502161317,True,0.7079922744412765,0.631311321834386,0.6111380176982224,21746,0.643980502161317,0.3046057885212088,0.7725775069174243,0.8615575523323663,0.7079922744412765,0.7188608029280568,0.8976006855184233,0.7983486821213084,0.573796168442959,0.19690319784582272,0.11712417237961557,sv_complexity_high,1.0,21746,91932,43217
fold_a,42,strict,C,complexity,low,5267,2539,0.6747373815014092,True,0.7585190878811171,0.6631639269619117,0.6437871986452524,7806,0.6747373815014092,0.3046057885212088,0.8022676510345952,0.8841372914886364,0.7585190878811171,0.7610373572090151,0.9360167078033036,0.8395061728395061,0.5300437922268557,0.17644520246103407,0.10736785718964496,sv_complexity_low,1.0,7806,91932,43217
fold_a,42,strict,C,complexity,medium,6022,3182,0.6542807475010864,True,0.7384832681442851,0.656904517919942,0.640888766627558,9204,0.6542807475010864,0.3046057885212088,0.802132386570841,0.8758483328345165,0.7384832681442851,0.7416120839459965,0.9212886084357357,0.8217433163000815,0.5372825194658055,0.17968396383088184,0.09984727334710758,sv_complexity_medium,1.0,9204,91932,43217
fold_a,42,strict,C+T,complexity,high,14004,7742,0.643980502161317,True,0.7612434470707257,0.6926118407620334,0.7294505620802573,21746,0.643980502161317,0.2668194159630396,0.8378916362679268,0.9036791249712752,0.7612434470707257,0.7552427296952844,0.9309483004855755,0.8339410221966354,0.49366305298902524,0.16505323017089857,0.0947769901553463,sv_complexity_high,1.0,21746,91932,43217
fold_a,42,strict,C+T,complexity,low,5267,2539,0.6747373815014092,True,0.8166794773251345,0.7393095655374413,0.8014187605620996,7806,0.6747373815014092,0.2668194159630396,0.8855555255612595,0.9354089460757329,0.8166794773251345,0.8052196053469128,0.9606986899563319,0.8761146221106397,0.40967976447971605,0.1318213719524309,0.08460510212171743,sv_complexity_low,1.0,7806,91932,43217
fold_a,42,strict,C+T,complexity,medium,6022,3182,0.6542807475010864,True,0.8071490656236419,0.7433929666229064,0.8064483990197643,9204,0.6542807475010864,0.2668194159630396,0.8856965586689158,0.9330854851891449,0.8071490656236419,0.795135510771369,0.950016605778811,0.8657032609518045,0.41992881080939676,0.13616242129262748,0.08306200103650853,sv_complexity_medium,1.0,9204,91932,43217
fold_a,42,strict,C+S,complexity,high,14004,7742,0.643980502161317,True,0.6998988319690977,0.6247963732692974,0.6247034441669114,21746,0.643980502161317,0.2842584257938669,0.7734046546172623,0.8663871086517165,0.6998988319690977,0.7158028396629343,0.8856041131105399,0.791701244813278,0.5675134997767264,0.19459588323520613,0.1086416260182006,sv_complexity_high,1.0,21746,91932,43217
fold_a,42,strict,C+S,complexity,low,5267,2539,0.6747373815014092,True,0.7800409941070972,0.6923719237536354,0.7122750701902795,7806,0.6747373815014092,0.2842584257938669,0.8372327330627217,0.906413835922767,0.7800409941070972,0.777951769495772,0.9432314410480349,0.8526559684201493,0.4901343057984297,0.16058711938669815,0.10663465425335675,sv_complexity_low,1.0,7806,91932,43217
fold_a,42,strict,C+S,complexity,medium,6022,3182,0.6542807475010864,True,0.762929161234246,0.6879615514118461,0.6918579965197251,9204,0.6542807475010864,0.2842584257938669,0.8270647475076197,0.8934693768932818,0.762929161234246,0.7604449267498643,0.9309199601461309,0.8370912348812901,0.506200087596552,0.1676418585245063,0.09562087247500176,sv_complexity_medium,1.0,9204,91932,43217
fold_a,42,strict,C+S+T,complexity,high,14004,7742,0.643980502161317,True,0.748137588522027,0.676804828099821,0.7137569225770991,21746,0.643980502161317,0.2472439607547396,0.8270894259019326,0.8980918833160996,0.748137588522027,0.7454943283238326,0.9245215652670665,0.8254120047177329,0.5078469641429282,0.1709976112061568,0.09692166325768674,sv_complexity_high,1.0,21746,91932,43217
fold_a,42,strict,C+S+T,complexity,low,5267,2539,0.6747373815014092,True,0.8146297719702793,0.7354447381808287,0.803869267664959,7806,0.6747373815014092,0.2472439607547396,0.8866086618525074,0.9362060044326583,0.8146297719702793,0.8025023756731073,0.9620277197645719,0.8750539677057249,0.4132889958307999,0.13209446972227362,0.08680976889441175,sv_complexity_low,1.0,7806,91932,43217
fold_a,42,strict,C+S+T,complexity,medium,6022,3182,0.6542807475010864,True,0.8078009561060409,0.74151978049895,0.8045133819774166,9204,0.6542807475010864,0.2472439607547396,0.8854002431060968,0.9324165125436918,0.8078009561060409,0.7927047487955953,0.956326801727001,0.8668623466546248,0.42176979899808376,0.1364259320235013,0.08461946160719465,sv_complexity_medium,1.0,9204,91932,43217
fold_a,42,strict,T,complexity,high,14004,7742,0.643980502161317,True,0.7590361445783133,0.6935260073680096,0.725695058208133,21746,0.643980502161317,0.2796812845880792,0.8354857103970957,0.9023420923685903,0.7590361445783133,0.7572804133395961,0.9210225649814339,0.8311638097693002,0.49615389540015864,0.16599215579393883,0.09365677713791944,sv_complexity_high,1.0,21746,91932,43217
fold_a,42,strict,T,complexity,low,5267,2539,0.6747373815014092,True,0.816807583909813,0.7429743990707185,0.7962059489410281,7806,0.6747373815014092,0.2796812845880792,0.8831003013330004,0.9337134133181233,0.816807583909813,0.8086886564762671,0.9542434023163091,0.8754572374150845,0.4161489137392289,0.13414813000942197,0.08994347624249051,sv_complexity_low,1.0,7806,91932,43217
fold_a,42,strict,T,complexity,medium,6022,3182,0.6542807475010864,True,0.8069317687961756,0.7453759533710567,0.8060788066729522,9204,0.6542807475010864,0.2796812845880792,0.8851256893590046,0.9329577099992757,0.8069317687961756,0.7974772249474422,0.9448688143473929,0.8649388158394771,0.4227990077582425,0.1370479412313599,0.0855339678470293,sv_complexity_medium,1.0,9204,91932,43217
fold_a,42,strict,S,complexity,high,14004,7742,0.643980502161317,True,0.6947024740182103,0.604965157019388,0.6227009931501182,21746,0.643980502161317,0.2507480805018489,0.7714877760135109,0.8656741970462712,0.6947024740182103,0.7011525645927787,0.9165952584975722,0.7945281792578379,0.569760277407014,0.1954379921383943,0.10949203685030844,sv_complexity_high,1.0,21746,91932,43217
fold_a,42,strict,S,complexity,low,5267,2539,0.6747373815014092,True,0.7733794517038176,0.6743798826777682,0.7005802677838264,7806,0.6747373815014092,0.2507480805018489,0.8327174864593825,0.9026099538692205,0.7733794517038176,0.765402124430956,0.9576609075374977,0.8508054313907396,0.49714633535374286,0.16302175529031934,0.10934741634060088,sv_complexity_low,1.0,7806,91932,43217
fold_a,42,strict,S,complexity,medium,6022,3182,0.6542807475010864,True,0.7516297262059974,0.6652465994684063,0.6835556775985073,9204,0.6542807475010864,0.2507480805018489,0.8237916817051076,0.8905991054018307,0.7516297262059974,0.7442468619246861,0.9452009299236134,0.8327724945135333,0.510674045842569,0.16913706217951033,0.0973335625750219,sv_complexity_medium,1.0,9204,91932,43217
fold_a,42,strict,K,complexity,high,14004,7742,0.643980502161317,True,0.6487629908948772,0.5082760610671003,0.4057958483628711,21746,0.643980502161317,0.1621867412069788,0.6748987686361302,0.7884517363204887,0.6487629908948772,0.6478127612148231,0.9961439588688946,0.7850751308458551,0.6518004850932454,0.22980979558718712,0.14280945503923756,sv_complexity_high,1.0,21746,91932,43217
fold_a,42,strict,K,complexity,low,5267,2539,0.6747373815014092,True,0.6757622341788367,0.5041253539898151,0.46465885108997423,7806,0.6747373815014092,0.1621867412069788,0.706483172364914,0.825873536115481,0.6757622341788367,0.6765616933402169,0.9952534649705714,0.8055320783711103,0.6156657669413725,0.21381671071556888,0.14299698082179227,sv_complexity_low,1.0,7806,91932,43217
fold_a,42,strict,K,complexity,medium,6022,3182,0.6542807475010864,True,0.6563450673620165,0.5057274280915504,0.449684342136338,9204,0.6542807475010864,0.1621867412069788,0.7004799967686053,0.8097452821249269,0.6563450673620165,0.6568982548567666,0.9938558618399203,0.7909865856076125,0.6251825967564993,0.21774998611079996,0.1288551420329283,sv_complexity_medium,1.0,9204,91932,43217
fold_b,20260806,1hop,C,complexity,high,17550,10923,0.6163734063849963,True,0.6708811856846837,0.5993727733606888,0.5762500867047189,28473,0.6163734063849963,0.2790009501876743,0.754116909534835,0.8374382642178781,0.6708811856846837,0.6729687433912787,0.9066096866096867,0.7725098924574564,0.5933471502522251,0.20483351252867932,0.10745364788937696,sv_complexity_high,1.0,28473,96295,34393
fold_b,20260806,1hop,C,complexity,low,4052,2147,0.6536538151314728,True,0.742861751895467,0.6560466727144237,0.6130470834453927,6199,0.6536538151314728,0.2790009501876743,0.8006546589722522,0.8659803336275622,0.742861751895467,0.7387334887334888,0.9385488647581441,0.8267391304347826,0.5384566104540214,0.17875387700291145,0.10082767397509713,sv_complexity_low,1.0,6199,96295,34393
fold_b,20260806,1hop,C,complexity,medium,5345,3200,0.6255119953188999,True,0.7197191339964891,0.647915984565014,0.6346804398724938,8545,0.6255119953188999,0.2790009501876743,0.8051851905986904,0.863192206856873,0.7197191339964891,0.7096957634347455,0.933956969130028,0.8065271831327248,0.5414075181712337,0.1809402815137305,0.08778818116354593,sv_complexity_medium,1.0,8545,96295,34393
fold_b,20260806,1hop,C+T,complexity,high,17550,10923,0.6163734063849963,True,0.7420363151055386,0.693512943361886,0.6985442719875318,28473,0.6163734063849963,0.2667749235713255,0.8257854111127021,0.8843535659368458,0.7420363151055386,0.7378233512001864,0.901994301994302,0.8116908088706576,0.5170449674537617,0.17414725483757176,0.09205811319436055,sv_complexity_high,1.0,28473,96295,34393
fold_b,20260806,1hop,C+T,complexity,low,4052,2147,0.6536538151314728,True,0.833682852072915,0.7779629258392642,0.8291038802489239,6199,0.6536538151314728,0.2667749235713255,0.9085102217975816,0.9408107809153798,0.833682852072915,0.8177992846623185,0.959279368213228,0.8829074389551391,0.3674281147333332,0.11487179151774458,0.054883920769912886,sv_complexity_low,1.0,6199,96295,34393
fold_b,20260806,1hop,C+T,complexity,medium,5345,3200,0.6255119953188999,True,0.8133411351667642,0.7705959132366698,0.8129097315937609,8545,0.6255119953188999,0.2667749235713255,0.9010600736669786,0.929936938689296,0.8133411351667642,0.7972415979708307,0.9408793264733396,0.863125375439801,0.39294870557176276,0.12468350823419272,0.056003240694472926,sv_complexity_medium,1.0,8545,96295,34393
fold_b,20260806,1hop,C+S,complexity,high,17550,10923,0.6163734063849963,True,0.6756225195799529,0.5970654879416208,0.6006861920689716,28473,0.6163734063849963,0.2293130456114049,0.7671734542731521,0.8468126040799837,0.6756225195799529,0.6697427521437321,0.9345868945868946,0.7803044719314938,0.5768983918412064,0.1982586116628681,0.09584062483939715,sv_complexity_high,1.0,28473,96295,34393
fold_b,20260806,1hop,C+S,complexity,low,4052,2147,0.6536538151314728,True,0.7591547023713502,0.6675242688091605,0.6772826519417499,6199,0.6536538151314728,0.2293130456114049,0.8314987946633219,0.8882280777091365,0.7591547023713502,0.7429276628061515,0.9656959526159921,0.8397896770039703,0.4918593080216864,0.16085907009534572,0.08293527092661337,sv_complexity_low,1.0,6199,96295,34393
fold_b,20260806,1hop,C+S,complexity,medium,5345,3200,0.6255119953188999,True,0.7335283791691047,0.6604592492984097,0.671842659429115,8545,0.6255119953188999,0.2293130456114049,0.8243395404583723,0.8771090123081531,0.7335283791691047,0.7159346846846847,0.9515434985968194,0.8170937424692747,0.509598127426686,0.16866768439757834,0.07479213077222702,sv_complexity_medium,1.0,8545,96295,34393
fold_b,20260806,1hop,C+S+T,complexity,high,17550,10923,0.6163734063849963,True,0.7372598602184526,0.6913840786046224,0.6935513189067177,28473,0.6163734063849963,0.2810799817795805,0.8205253427710628,0.8824381363543735,0.7372598602184526,0.7384098119998106,0.8884900284900284,0.8065275299350868,0.5209937463098296,0.17560052321534853,0.08437807175018357,sv_complexity_high,1.0,28473,96295,34393
fold_b,20260806,1hop,C+S+T,complexity,low,4052,2147,0.6536538151314728,True,0.8330375867075335,0.7783452403339723,0.8255104218611,6199,0.6536538151314728,0.2810799817795805,0.9060671907953936,0.9395662003122732,0.8330375867075335,0.818719628142827,0.9563178677196447,0.8821855435401252,0.37184000209355983,0.11626562918681134,0.05023257700682056,sv_complexity_low,1.0,6199,96295,34393
fold_b,20260806,1hop,C+S+T,complexity,medium,5345,3200,0.6255119953188999,True,0.8088940901111761,0.7657243919550982,0.8066977334293142,8545,0.6255119953188999,0.2810799817795805,0.8944615586997193,0.9276106198916098,0.8088940901111761,0.79404309252218,0.9376987839101965,0.859912498927683,0.4031106882598673,0.12874198774978143,0.053319195862955554,sv_complexity_medium,1.0,8545,96295,34393
fold_b,20260806,1hop,T,complexity,high,17550,10923,0.6163734063849963,True,0.7438274856881958,0.7033318466248979,0.6948471318008798,28473,0.6163734063849963,0.3008006843286542,0.8245222931929881,0.8829352446409233,0.7438274856881958,0.7496835134871944,0.8773219373219373,0.8084961142617098,0.5188455715113865,0.1746957286739615,0.09195030178953208,sv_complexity_high,1.0,28473,96295,34393
fold_b,20260806,1hop,T,complexity,low,4052,2147,0.6536538151314728,True,0.8393289240200033,0.7893984512469705,0.8279390105441414,6199,0.6536538151314728,0.3008006843286542,0.907217467749255,0.9404073327372595,0.8393289240200033,0.8280377844568484,0.9518756169792695,0.8856486796785304,0.3696036157125011,0.11578507948253611,0.0517522869650982,sv_complexity_low,1.0,6199,96295,34393
fold_b,20260806,1hop,T,complexity,medium,5345,3200,0.6255119953188999,True,0.8175541252194266,0.7798577818054255,0.8123165008226941,8545,0.6255119953188999,0.3008006843286542,0.9005470942469598,0.9297147808815238,0.8175541252194266,0.807504873294347,0.9300280636108512,0.8644465698634901,0.3946131443913297,0.12517247094109735,0.056827841228700854,sv_complexity_medium,1.0,8545,96295,34393
fold_b,20260806,1hop,S,complexity,high,17550,10923,0.6163734063849963,True,0.67323429213641,0.5925699946243752,0.5974522382940584,28473,0.6163734063849963,0.2209973802149051,0.765205114903,0.8455719734094054,0.67323429213641,0.6668015211586698,0.9391452991452991,0.7798807608592789,0.5795090717897888,0.19930676332364058,0.09701111293150462,sv_complexity_high,1.0,28473,96295,34393
fold_b,20260806,1hop,S,complexity,low,4052,2147,0.6536538151314728,True,0.7541538957896435,0.659757456741908,0.6661648238429126,6199,0.6536538151314728,0.2209973802149051,0.8276403034423019,0.8843774603630801,0.7541538957896435,0.7381311228334589,0.9669299111549852,0.8371794871794872,0.49638915911735965,0.16238944962662089,0.08455878975130168,sv_complexity_low,1.0,6199,96295,34393
fold_b,20260806,1hop,S,complexity,medium,5345,3200,0.6255119953188999,True,0.7268578115857226,0.6510513622544434,0.6715050079380166,8545,0.6255119953188999,0.2209973802149051,0.8234615586997194,0.876982565874974,0.7268578115857226,0.7097673122474571,0.9530402245088868,0.8136080498322952,0.511373489981343,0.1692830735591751,0.07426267816085783,sv_complexity_medium,1.0,8545,96295,34393
fold_b,20260806,1hop,K,complexity,high,17550,10923,0.6163734063849963,True,0.6249780493801145,0.5274454280194462,0.3826258389002399,28473,0.6163734063849963,0.2743332177494537,0.6647677331061017,0.7631588535913785,0.6249780493801145,0.6303984819734345,0.9464957264957264,0.7567653758542141,0.6635404464776182,0.23373099564926883,0.12135148719701846,sv_complexity_high,1.0,28473,96295,34393
fold_b,20260806,1hop,K,complexity,low,4052,2147,0.6536538151314728,True,0.68656234876593,0.5574714896379668,0.4408720475567719,6199,0.6536538151314728,0.2743332177494537,0.7106745977191711,0.8063481668179366,0.68656234876593,0.6814037502150353,0.9775419545903258,0.8030410542321338,0.6147837549777437,0.21272733560979823,0.12045951000563566,sv_complexity_low,1.0,6199,96295,34393
fold_b,20260806,1hop,K,complexity,medium,5345,3200,0.6255119953188999,True,0.6560561732007022,0.5504377630963517,0.4520080434668593,8545,0.6255119953188999,0.2743332177494537,0.710385757717493,0.794783585616612,0.6560561732007022,0.650827482447342,0.9711880261927035,0.7793709180992417,0.6189793539247357,0.21465721282329667,0.10261876172743423,sv_complexity_medium,1.0,8545,96295,34393
fold_b,20260806,strict,C,complexity,high,17550,10923,0.6163734063849963,True,0.6708811856846837,0.5993727733606888,0.5762500867047189,28473,0.6163734063849963,0.2790009501876743,0.754116909534835,0.8374382642178781,0.6708811856846837,0.6729687433912787,0.9066096866096867,0.7725098924574564,0.5933471502522251,0.20483351252867932,0.10745364788937696,sv_complexity_high,1.0,28473,96295,34393
fold_b,20260806,strict,C,complexity,low,4052,2147,0.6536538151314728,True,0.742861751895467,0.6560466727144237,0.6130470834453927,6199,0.6536538151314728,0.2790009501876743,0.8006546589722522,0.8659803336275622,0.742861751895467,0.7387334887334888,0.9385488647581441,0.8267391304347826,0.5384566104540214,0.17875387700291145,0.10082767397509713,sv_complexity_low,1.0,6199,96295,34393
fold_b,20260806,strict,C,complexity,medium,5345,3200,0.6255119953188999,True,0.7197191339964891,0.647915984565014,0.6346804398724938,8545,0.6255119953188999,0.2790009501876743,0.8051851905986904,0.863192206856873,0.7197191339964891,0.7096957634347455,0.933956969130028,0.8065271831327248,0.5414075181712337,0.1809402815137305,0.08778818116354593,sv_complexity_medium,1.0,8545,96295,34393
fold_b,20260806,strict,C+T,complexity,high,17550,10923,0.6163734063849963,True,0.7299546939205563,0.673583397692159,0.6917737715881112,28473,0.6163734063849963,0.2762479368278627,0.8174203835029616,0.881756221931547,0.7299546939205563,0.7212673338419423,0.9157834757834757,0.8069690959756985,0.5209725933068142,0.17536479333312568,0.08604071500741087,sv_complexity_high,1.0,28473,96295,34393
fold_b,20260806,strict,C+T,complexity,low,4052,2147,0.6536538151314728,True,0.8052911759961284,0.741464478316584,0.7977355448586553,6199,0.6536538151314728,0.2762479368278627,0.8893385752336532,0.9299464776272839,0.8052911759961284,0.7934805034041675,0.9491609081934848,0.8643667827845826,0.40520480948645976,0.13010934242479416,0.06666343235687695,sv_complexity_low,1.0,6199,96295,34393
fold_b,20260806,strict,C+T,complexity,medium,5345,3200,0.6255119953188999,True,0.7897015798712698,0.7371522743217961,0.7800357357530151,8545,0.6255119953188999,0.2762479368278627,0.8801986669784845,0.9176260215810004,0.7897015798712698,0.7700152207001522,0.9464920486435922,0.8491817037347881,0.4251808224182339,0.1375853760044171,0.05907891738139485,sv_complexity_medium,1.0,8545,96295,34393
fold_b,20260806,strict,C+S,complexity,high,17550,10923,0.6163734063849963,True,0.6756225195799529,0.5970654879416208,0.6006861920689716,28473,0.6163734063849963,0.2293130456114049,0.7671734542731521,0.8468126040799837,0.6756225195799529,0.6697427521437321,0.9345868945868946,0.7803044719314938,0.5768983918412064,0.1982586116628681,0.09584062483939715,sv_complexity_high,1.0,28473,96295,34393
fold_b,20260806,strict,C+S,complexity,low,4052,2147,0.6536538151314728,True,0.7591547023713502,0.6675242688091605,0.6772826519417499,6199,0.6536538151314728,0.2293130456114049,0.8314987946633219,0.8882280777091365,0.7591547023713502,0.7429276628061515,0.9656959526159921,0.8397896770039703,0.4918593080216864,0.16085907009534572,0.08293527092661337,sv_complexity_low,1.0,6199,96295,34393
fold_b,20260806,strict,C+S,complexity,medium,5345,3200,0.6255119953188999,True,0.7335283791691047,0.6604592492984097,0.671842659429115,8545,0.6255119953188999,0.2293130456114049,0.8243395404583723,0.8771090123081531,0.7335283791691047,0.7159346846846847,0.9515434985968194,0.8170937424692747,0.509598127426686,0.16866768439757834,0.07479213077222702,sv_complexity_medium,1.0,8545,96295,34393
fold_b,20260806,strict,C+S+T,complexity,high,17550,10923,0.6163734063849963,True,0.7316053805359464,0.6844291469971229,0.6849628246290205,28473,0.6163734063849963,0.3040463953179895,0.8137036724045787,0.8791433615503386,0.7316053805359464,0.7333490343853039,0.8871225071225072,0.80293965961836,0.5248303876333349,0.1769558494183455,0.08027960046929082,sv_complexity_high,1.0,28473,96295,34393
fold_b,20260806,strict,C+S+T,complexity,low,4052,2147,0.6536538151314728,True,0.809808033553799,0.7509413603591135,0.7978294514962684,6199,0.6536538151314728,0.3040463953179895,0.8876017225532448,0.929979001832955,0.809808033553799,0.8014690451206715,0.942497532082922,0.8662810479755019,0.4068607048424882,0.13061019438502428,0.06425110261830529,sv_complexity_low,1.0,6199,96295,34393
fold_b,20260806,strict,C+S+T,complexity,medium,5345,3200,0.6255119953188999,True,0.7906377998829724,0.7423526660430309,0.7773567204363871,8545,0.6255119953188999,0.3040463953179895,0.8752689721702526,0.9166227624805663,0.7906377998829724,0.776258545680547,0.9347053320860618,0.848145318733554,0.432694694666866,0.14054771634117358,0.058355396265929026,sv_complexity_medium,1.0,8545,96295,34393
fold_b,20260806,strict,T,complexity,high,17550,10923,0.6163734063849963,True,0.7251782390334703,0.665249238844405,0.6851653378524553,28473,0.6163734063849963,0.2624682427968596,0.8155268360001492,0.8792210510084069,0.7251782390334703,0.7145567665357632,0.9227350427350427,0.8054111854375451,0.5233334521056195,0.17622664190735945,0.08544992967854251,sv_complexity_high,1.0,28473,96295,34393
fold_b,20260806,strict,T,complexity,low,4052,2147,0.6536538151314728,True,0.8019035328278754,0.7370118823252998,0.7927413684758611,6199,0.6536538151314728,0.2624682427968596,0.8871118174490819,0.9282167636905426,0.8019035328278754,0.7905349794238683,0.9481737413622903,0.8622082585278277,0.4097622842224471,0.13156939277222002,0.06830915392286178,sv_complexity_low,1.0,6199,96295,34393
fold_b,20260806,strict,T,complexity,medium,5345,3200,0.6255119953188999,True,0.7867758923346987,0.7324935687558466,0.7758678330766241,8545,0.6255119953188999,0.2624682427968596,0.8785925222170252,0.9160651920240137,0.7867758923346987,0.7661278138691645,0.9487371375116932,0.8477097960548312,0.4293779593594557,0.13874702531156352,0.06059645037854984,sv_complexity_medium,1.0,8545,96295,34393
fold_b,20260806,strict,S,complexity,high,17550,10923,0.6163734063849963,True,0.67323429213641,0.5925699946243752,0.5974522382940584,28473,0.6163734063849963,0.2209973802149051,0.765205114903,0.8455719734094054,0.67323429213641,0.6668015211586698,0.9391452991452991,0.7798807608592789,0.5795090717897888,0.19930676332364058,0.09701111293150462,sv_complexity_high,1.0,28473,96295,34393
fold_b,20260806,strict,S,complexity,low,4052,2147,0.6536538151314728,True,0.7541538957896435,0.659757456741908,0.6661648238429126,6199,0.6536538151314728,0.2209973802149051,0.8276403034423019,0.8843774603630801,0.7541538957896435,0.7381311228334589,0.9669299111549852,0.8371794871794872,0.49638915911735965,0.16238944962662089,0.08455878975130168,sv_complexity_low,1.0,6199,96295,34393
fold_b,20260806,strict,S,complexity,medium,5345,3200,0.6255119953188999,True,0.7268578115857226,0.6510513622544434,0.6715050079380166,8545,0.6255119953188999,0.2209973802149051,0.8234615586997194,0.876982565874974,0.7268578115857226,0.7097673122474571,0.9530402245088868,0.8136080498322952,0.511373489981343,0.1692830735591751,0.07426267816085783,sv_complexity_medium,1.0,8545,96295,34393
fold_b,20260806,strict,K,complexity,high,17550,10923,0.6163734063849963,True,0.6249780493801145,0.5274454280194462,0.3826258389002399,28473,0.6163734063849963,0.2743332177494537,0.6647677331061017,0.7631588535913785,0.6249780493801145,0.6303984819734345,0.9464957264957264,0.7567653758542141,0.6635404464776182,0.23373099564926883,0.12135148719701846,sv_complexity_high,1.0,28473,96295,34393
fold_b,20260806,strict,K,complexity,low,4052,2147,0.6536538151314728,True,0.68656234876593,0.5574714896379668,0.4408720475567719,6199,0.6536538151314728,0.2743332177494537,0.7106745977191711,0.8063481668179366,0.68656234876593,0.6814037502150353,0.9775419545903258,0.8030410542321338,0.6147837549777437,0.21272733560979823,0.12045951000563566,sv_complexity_low,1.0,6199,96295,34393
fold_b,20260806,strict,K,complexity,medium,5345,3200,0.6255119953188999,True,0.6560561732007022,0.5504377630963517,0.4520080434668593,8545,0.6255119953188999,0.2743332177494537,0.710385757717493,0.794783585616612,0.6560561732007022,0.650827482447342,0.9711880261927035,0.7793709180992417,0.6189793539247357,0.21465721282329667,0.10261876172743423,sv_complexity_medium,1.0,8545,96295,34393
fold_b,314159,1hop,C,complexity,high,17550,10923,0.6163734063849963,True,0.6708811856846837,0.5993727733606888,0.5762500867047189,28473,0.6163734063849963,0.2790009501876743,0.754116909534835,0.8374382642178781,0.6708811856846837,0.6729687433912787,0.9066096866096867,0.7725098924574564,0.5933471502522251,0.20483351252867932,0.10745364788937696,sv_complexity_high,1.0,28473,96295,34393
fold_b,314159,1hop,C,complexity,low,4052,2147,0.6536538151314728,True,0.742861751895467,0.6560466727144237,0.6130470834453927,6199,0.6536538151314728,0.2790009501876743,0.8006546589722522,0.8659803336275622,0.742861751895467,0.7387334887334888,0.9385488647581441,0.8267391304347826,0.5384566104540214,0.17875387700291145,0.10082767397509713,sv_complexity_low,1.0,6199,96295,34393
fold_b,314159,1hop,C,complexity,medium,5345,3200,0.6255119953188999,True,0.7197191339964891,0.647915984565014,0.6346804398724938,8545,0.6255119953188999,0.2790009501876743,0.8051851905986904,0.863192206856873,0.7197191339964891,0.7096957634347455,0.933956969130028,0.8065271831327248,0.5414075181712337,0.1809402815137305,0.08778818116354593,sv_complexity_medium,1.0,8545,96295,34393
fold_b,314159,1hop,C+T,complexity,high,17550,10923,0.6163734063849963,True,0.7345204228567415,0.6821268850876101,0.6918502920204058,28473,0.6163734063849963,0.2631546141018698,0.8212219778282216,0.8817855772043302,0.7345204228567415,0.7285956161625406,0.9072364672364672,0.8081618150902216,0.519154989224421,0.1752566216022841,0.08753998530019316,sv_complexity_high,1.0,28473,96295,34393
fold_b,314159,1hop,C+T,complexity,low,4052,2147,0.6536538151314728,True,0.8348120664623326,0.7813449033086871,0.8260111059460987,6199,0.6536538151314728,0.2631546141018698,0.908374986378753,0.9397396103349369,0.8348120664623326,0.8211709800593976,0.9553307008884502,0.8831850330823636,0.3707043286136636,0.11551527215267442,0.06008089496059171,sv_complexity_low,1.0,6199,96295,34393
fold_b,314159,1hop,C+T,complexity,medium,5345,3200,0.6255119953188999,True,0.8140433001755413,0.7694014557998129,0.8112312046612103,8545,0.6255119953188999,0.2631546141018698,0.8992118510289991,0.9293083504875217,0.8140433001755413,0.7948194662480377,0.9472404115996258,0.8643619291506616,0.3937816376888442,0.12536475052366766,0.052761705378665674,sv_complexity_medium,1.0,8545,96295,34393
fold_b,314159,1hop,C+S,complexity,high,17550,10923,0.6163734063849963,True,0.6756225195799529,0.5970654879416208,0.6006861920689716,28473,0.6163734063849963,0.2293130456114049,0.7671734542731521,0.8468126040799837,0.6756225195799529,0.6697427521437321,0.9345868945868946,0.7803044719314938,0.5768983918412064,0.1982586116628681,0.09584062483939715,sv_complexity_high,1.0,28473,96295,34393
fold_b,314159,1hop,C+S,complexity,low,4052,2147,0.6536538151314728,True,0.7591547023713502,0.6675242688091605,0.6772826519417499,6199,0.6536538151314728,0.2293130456114049,0.8314987946633219,0.8882280777091365,0.7591547023713502,0.7429276628061515,0.9656959526159921,0.8397896770039703,0.4918593080216864,0.16085907009534572,0.08293527092661337,sv_complexity_low,1.0,6199,96295,34393
fold_b,314159,1hop,C+S,complexity,medium,5345,3200,0.6255119953188999,True,0.7335283791691047,0.6604592492984097,0.671842659429115,8545,0.6255119953188999,0.2293130456114049,0.8243395404583723,0.8771090123081531,0.7335283791691047,0.7159346846846847,0.9515434985968194,0.8170937424692747,0.509598127426686,0.16866768439757834,0.07479213077222702,sv_complexity_medium,1.0,8545,96295,34393
fold_b,314159,1hop,C+S+T,complexity,high,17550,10923,0.6163734063849963,True,0.7304463878059917,0.6809999444440532,0.6877122249083255,28473,0.6163734063849963,0.2745869662689245,0.8170397704939497,0.8801981046139725,0.7304463878059917,0.7298114963928322,0.8934472934472935,0.8033815806327654,0.5235327856072768,0.17664718797232193,0.0821120512872028,sv_complexity_high,1.0,28473,96295,34393
fold_b,314159,1hop,C+S+T,complexity,low,4052,2147,0.6536538151314728,True,0.8338441684142603,0.7799476047525623,0.8256568549243765,6199,0.6536538151314728,0.2745869662689245,0.9068294058929308,0.9396169168450776,0.8338441684142603,0.8201271186440678,0.9553307008884502,0.8825809393524852,0.3735715385441676,0.11639761266475375,0.05906797328322541,sv_complexity_low,1.0,6199,96295,34393
fold_b,314159,1hop,C+S+T,complexity,medium,5345,3200,0.6255119953188999,True,0.8084259801053247,0.7644723456501403,0.804618738511385,8545,0.6255119953188999,0.2745869662689245,0.8926967083723107,0.9268320612330523,0.8084259801053247,0.7926136363636364,0.9395696913002807,0.8598578888793768,0.4054629538873579,0.1297911821190649,0.052388857213773454,sv_complexity_medium,1.0,8545,96295,34393
fold_b,314159,1hop,T,complexity,high,17550,10923,0.6163734063849963,True,0.7383837319565905,0.6948193610127145,0.6892352791846598,28473,0.6163734063849963,0.2942153158609785,0.8203654146755859,0.8807823887378934,0.7383837319565905,0.7421489188282111,0.881994301994302,0.8060509802900513,0.5210780865499928,0.17574672041435482,0.08699691125227114,sv_complexity_high,1.0,28473,96295,34393
fold_b,314159,1hop,T,complexity,low,4052,2147,0.6536538151314728,True,0.8381997096305855,0.7905054505678624,0.8221068390949673,6199,0.6536538151314728,0.2942153158609785,0.9073329897177403,0.9383873824063389,0.8381997096305855,0.8303358613217768,0.945705824284304,0.8842736817814699,0.3722220019597184,0.11586352043734086,0.05927291680834946,sv_complexity_low,1.0,6199,96295,34393
fold_b,314159,1hop,T,complexity,medium,5345,3200,0.6255119953188999,True,0.8169689877121123,0.7768818697380729,0.8094848967275687,8545,0.6255119953188999,0.2942153158609785,0.8988859038821327,0.9286543791138935,0.8169689877121123,0.8034023431230942,0.9365762394761459,0.8648928818244644,0.3950936630819247,0.12559389927921003,0.05316051798533514,sv_complexity_medium,1.0,8545,96295,34393
fold_b,314159,1hop,S,complexity,high,17550,10923,0.6163734063849963,True,0.67323429213641,0.5925699946243752,0.5974522382940584,28473,0.6163734063849963,0.2209973802149051,0.765205114903,0.8455719734094054,0.67323429213641,0.6668015211586698,0.9391452991452991,0.7798807608592789,0.5795090717897888,0.19930676332364058,0.09701111293150462,sv_complexity_high,1.0,28473,96295,34393
fold_b,314159,1hop,S,complexity,low,4052,2147,0.6536538151314728,True,0.7541538957896435,0.659757456741908,0.6661648238429126,6199,0.6536538151314728,0.2209973802149051,0.8276403034423019,0.8843774603630801,0.7541538957896435,0.7381311228334589,0.9669299111549852,0.8371794871794872,0.49638915911735965,0.16238944962662089,0.08455878975130168,sv_complexity_low,1.0,6199,96295,34393
fold_b,314159,1hop,S,complexity,medium,5345,3200,0.6255119953188999,True,0.7268578115857226,0.6510513622544434,0.6715050079380166,8545,0.6255119953188999,0.2209973802149051,0.8234615586997194,0.876982565874974,0.7268578115857226,0.7097673122474571,0.9530402245088868,0.8136080498322952,0.511373489981343,0.1692830735591751,0.07426267816085783,sv_complexity_medium,1.0,8545,96295,34393
fold_b,314159,1hop,K,complexity,high,17550,10923,0.6163734063849963,True,0.6249780493801145,0.5274454280194462,0.3826258389002399,28473,0.6163734063849963,0.2743332177494537,0.6647677331061017,0.7631588535913785,0.6249780493801145,0.6303984819734345,0.9464957264957264,0.7567653758542141,0.6635404464776182,0.23373099564926883,0.12135148719701846,sv_complexity_high,1.0,28473,96295,34393
fold_b,314159,1hop,K,complexity,low,4052,2147,0.6536538151314728,True,0.68656234876593,0.5574714896379668,0.4408720475567719,6199,0.6536538151314728,0.2743332177494537,0.7106745977191711,0.8063481668179366,0.68656234876593,0.6814037502150353,0.9775419545903258,0.8030410542321338,0.6147837549777437,0.21272733560979823,0.12045951000563566,sv_complexity_low,1.0,6199,96295,34393
fold_b,314159,1hop,K,complexity,medium,5345,3200,0.6255119953188999,True,0.6560561732007022,0.5504377630963517,0.4520080434668593,8545,0.6255119953188999,0.2743332177494537,0.710385757717493,0.794783585616612,0.6560561732007022,0.650827482447342,0.9711880261927035,0.7793709180992417,0.6189793539247357,0.21465721282329667,0.10261876172743423,sv_complexity_medium,1.0,8545,96295,34393
fold_b,314159,strict,C,complexity,high,17550,10923,0.6163734063849963,True,0.6708811856846837,0.5993727733606888,0.5762500867047189,28473,0.6163734063849963,0.2790009501876743,0.754116909534835,0.8374382642178781,0.6708811856846837,0.6729687433912787,0.9066096866096867,0.7725098924574564,0.5933471502522251,0.20483351252867932,0.10745364788937696,sv_complexity_high,1.0,28473,96295,34393
fold_b,314159,strict,C,complexity,low,4052,2147,0.6536538151314728,True,0.742861751895467,0.6560466727144237,0.6130470834453927,6199,0.6536538151314728,0.2790009501876743,0.8006546589722522,0.8659803336275622,0.742861751895467,0.7387334887334888,0.9385488647581441,0.8267391304347826,0.5384566104540214,0.17875387700291145,0.10082767397509713,sv_complexity_low,1.0,6199,96295,34393
fold_b,314159,strict,C,complexity,medium,5345,3200,0.6255119953188999,True,0.7197191339964891,0.647915984565014,0.6346804398724938,8545,0.6255119953188999,0.2790009501876743,0.8051851905986904,0.863192206856873,0.7197191339964891,0.7096957634347455,0.933956969130028,0.8065271831327248,0.5414075181712337,0.1809402815137305,0.08778818116354593,sv_complexity_medium,1.0,8545,96295,34393
fold_b,314159,strict,C+T,complexity,high,17550,10923,0.6163734063849963,True,0.7332911881431532,0.6835841958198453,0.6886947504309432,28473,0.6163734063849963,0.2945802582241448,0.8170046972161775,0.8805750275333541,0.7332911881431532,0.7311693136435404,0.8971509971509971,0.8057005424214513,0.5236618237382034,0.1764185105512448,0.08932590017112321,sv_complexity_high,1.0,28473,96295,34393
fold_b,314159,strict,C+T,complexity,low,4052,2147,0.6536538151314728,True,0.8117438296499435,0.7547213426204566,0.8058058091695764,6199,0.6536538151314728,0.2945802582241448,0.8914648691371739,0.9327415828822521,0.8117438296499435,0.8046462513199577,0.9402764067127345,0.8671901672925914,0.40558211886321743,0.130071231478556,0.07136230127659116,sv_complexity_low,1.0,6199,96295,34393
fold_b,314159,strict,C+T,complexity,medium,5345,3200,0.6255119953188999,True,0.7970743124634289,0.7481874123012161,0.7855531837962465,8545,0.6255119953188999,0.2945802582241448,0.8808717259120674,0.9196922396896418,0.7970743124634289,0.7791003246251352,0.9429373246024322,0.8532249873031996,0.42437021381942336,0.13759456328634137,0.06072650858517331,sv_complexity_medium,1.0,8545,96295,34393
fold_b,314159,strict,C+S,complexity,high,17550,10923,0.6163734063849963,True,0.6756225195799529,0.5970654879416208,0.6006861920689716,28473,0.6163734063849963,0.2293130456114049,0.7671734542731521,0.8468126040799837,0.6756225195799529,0.6697427521437321,0.9345868945868946,0.7803044719314938,0.5768983918412064,0.1982586116628681,0.09584062483939715,sv_complexity_high,1.0,28473,96295,34393
fold_b,314159,strict,C+S,complexity,low,4052,2147,0.6536538151314728,True,0.7591547023713502,0.6675242688091605,0.6772826519417499,6199,0.6536538151314728,0.2293130456114049,0.8314987946633219,0.8882280777091365,0.7591547023713502,0.7429276628061515,0.9656959526159921,0.8397896770039703,0.4918593080216864,0.16085907009534572,0.08293527092661337,sv_complexity_low,1.0,6199,96295,34393
fold_b,314159,strict,C+S,complexity,medium,5345,3200,0.6255119953188999,True,0.7335283791691047,0.6604592492984097,0.671842659429115,8545,0.6255119953188999,0.2293130456114049,0.8243395404583723,0.8771090123081531,0.7335283791691047,0.7159346846846847,0.9515434985968194,0.8170937424692747,0.509598127426686,0.16866768439757834,0.07479213077222702,sv_complexity_medium,1.0,8545,96295,34393
fold_b,314159,strict,C+S+T,complexity,high,17550,10923,0.6163734063849963,True,0.7251079970498366,0.6678022849926173,0.6849847334162474,28473,0.6163734063849963,0.2590198588855949,0.8141865787787237,0.8791517663437527,0.7251079970498366,0.7174292231316248,0.914017094017094,0.8038788243253402,0.5246128256401061,0.17701964822756153,0.08148118133805073,sv_complexity_high,1.0,28473,96295,34393
fold_b,314159,strict,C+S+T,complexity,low,4052,2147,0.6536538151314728,True,0.805129859654783,0.7398082611196504,0.8028875788299753,6199,0.6536538151314728,0.2590198588855949,0.8898864137429072,0.9317308649375636,0.805129859654783,0.7917521542880591,0.9523692003948667,0.8646650235267758,0.4053773807241418,0.13004228416467217,0.0700278060832984,sv_complexity_low,1.0,6199,96295,34393
fold_b,314159,strict,C+S+T,complexity,medium,5345,3200,0.6255119953188999,True,0.7858396723229959,0.7316197965388214,0.7792355497857547,8545,0.6255119953188999,0.2590198588855949,0.8761608103367633,0.9173263615347472,0.7858396723229959,0.7656840513983371,0.9476145930776426,0.846989966555184,0.4307305030342242,0.14020055074007143,0.05931535117399067,sv_complexity_medium,1.0,8545,96295,34393
fold_b,314159,strict,T,complexity,high,17550,10923,0.6163734063849963,True,0.7289361851578688,0.6751079389447969,0.6825126806220749,28473,0.6163734063849963,0.2832507294056483,0.8146100898467465,0.8782034211510878,0.7289361851578688,0.7236375216085889,0.9063817663817664,0.8047657593848022,0.5262661668177437,0.17728855105249464,0.08890662771315687,sv_complexity_high,1.0,28473,96295,34393
fold_b,314159,strict,T,complexity,low,4052,2147,0.6536538151314728,True,0.8073882884336183,0.7495283715057766,0.7987407644280673,6199,0.6536538151314728,0.2832507294056483,0.8887011928304193,0.930294631590105,0.8073882884336183,0.8013496415014761,0.9378084896347483,0.8642256083693427,0.41146729522079684,0.13166453664904976,0.07126881053460955,sv_complexity_low,1.0,6199,96295,34393
fold_b,314159,strict,T,complexity,medium,5345,3200,0.6255119953188999,True,0.791691047396138,0.7416896632366698,0.7828703589815489,8545,0.6255119953188999,0.2832507294056483,0.8788765493451824,0.9186875539778767,0.791691047396138,0.7745264130602187,0.9408793264733396,0.8496367629667173,0.4283053959801944,0.13882970054976174,0.06082626799848561,sv_complexity_medium,1.0,8545,96295,34393
fold_b,314159,strict,S,complexity,high,17550,10923,0.6163734063849963,True,0.67323429213641,0.5925699946243752,0.5974522382940584,28473,0.6163734063849963,0.2209973802149051,0.765205114903,0.8455719734094054,0.67323429213641,0.6668015211586698,0.9391452991452991,0.7798807608592789,0.5795090717897888,0.19930676332364058,0.09701111293150462,sv_complexity_high,1.0,28473,96295,34393
fold_b,314159,strict,S,complexity,low,4052,2147,0.6536538151314728,True,0.7541538957896435,0.659757456741908,0.6661648238429126,6199,0.6536538151314728,0.2209973802149051,0.8276403034423019,0.8843774603630801,0.7541538957896435,0.7381311228334589,0.9669299111549852,0.8371794871794872,0.49638915911735965,0.16238944962662089,0.08455878975130168,sv_complexity_low,1.0,6199,96295,34393
fold_b,314159,strict,S,complexity,medium,5345,3200,0.6255119953188999,True,0.7268578115857226,0.6510513622544434,0.6715050079380166,8545,0.6255119953188999,0.2209973802149051,0.8234615586997194,0.876982565874974,0.7268578115857226,0.7097673122474571,0.9530402245088868,0.8136080498322952,0.511373489981343,0.1692830735591751,0.07426267816085783,sv_complexity_medium,1.0,8545,96295,34393
fold_b,314159,strict,K,complexity,high,17550,10923,0.6163734063849963,True,0.6249780493801145,0.5274454280194462,0.3826258389002399,28473,0.6163734063849963,0.2743332177494537,0.6647677331061017,0.7631588535913785,0.6249780493801145,0.6303984819734345,0.9464957264957264,0.7567653758542141,0.6635404464776182,0.23373099564926883,0.12135148719701846,sv_complexity_high,1.0,28473,96295,34393
fold_b,314159,strict,K,complexity,low,4052,2147,0.6536538151314728,True,0.68656234876593,0.5574714896379668,0.4408720475567719,6199,0.6536538151314728,0.2743332177494537,0.7106745977191711,0.8063481668179366,0.68656234876593,0.6814037502150353,0.9775419545903258,0.8030410542321338,0.6147837549777437,0.21272733560979823,0.12045951000563566,sv_complexity_low,1.0,6199,96295,34393
fold_b,314159,strict,K,complexity,medium,5345,3200,0.6255119953188999,True,0.6560561732007022,0.5504377630963517,0.4520080434668593,8545,0.6255119953188999,0.2743332177494537,0.710385757717493,0.794783585616612,0.6560561732007022,0.650827482447342,0.9711880261927035,0.7793709180992417,0.6189793539247357,0.21465721282329667,0.10261876172743423,sv_complexity_medium,1.0,8545,96295,34393
fold_b,42,1hop,C,complexity,high,17550,10923,0.6163734063849963,True,0.6708811856846837,0.5993727733606888,0.5762500867047189,28473,0.6163734063849963,0.2790009501876743,0.754116909534835,0.8374382642178781,0.6708811856846837,0.6729687433912787,0.9066096866096867,0.7725098924574564,0.5933471502522251,0.20483351252867932,0.10745364788937696,sv_complexity_high,1.0,28473,96295,34393
fold_b,42,1hop,C,complexity,low,4052,2147,0.6536538151314728,True,0.742861751895467,0.6560466727144237,0.6130470834453927,6199,0.6536538151314728,0.2790009501876743,0.8006546589722522,0.8659803336275622,0.742861751895467,0.7387334887334888,0.9385488647581441,0.8267391304347826,0.5384566104540214,0.17875387700291145,0.10082767397509713,sv_complexity_low,1.0,6199,96295,34393
fold_b,42,1hop,C,complexity,medium,5345,3200,0.6255119953188999,True,0.7197191339964891,0.647915984565014,0.6346804398724938,8545,0.6255119953188999,0.2790009501876743,0.8051851905986904,0.863192206856873,0.7197191339964891,0.7096957634347455,0.933956969130028,0.8065271831327248,0.5414075181712337,0.1809402815137305,0.08778818116354593,sv_complexity_medium,1.0,8545,96295,34393
fold_b,42,1hop,C+T,complexity,high,17550,10923,0.6163734063849963,True,0.7376110701366206,0.6932937634146092,0.6952344343332479,28473,0.6163734063849963,0.2851905638419928,0.8222192853209973,0.8830838241921142,0.7376110701366206,0.7406752949042457,0.8837037037037037,0.8058925926888202,0.5210791347741066,0.1760225665373607,0.09388190282864707,sv_complexity_high,1.0,28473,96295,34393
fold_b,42,1hop,C+T,complexity,low,4052,2147,0.6536538151314728,True,0.8428778835296016,0.7949598282412476,0.8321385835856768,6199,0.6536538151314728,0.2851905638419928,0.9117673665727011,0.941861838838272,0.8428778835296016,0.8325410544511668,0.950888450148075,0.8877880184331797,0.3635266188848479,0.11349671424833693,0.05875996769091477,sv_complexity_low,1.0,6199,96295,34393
fold_b,42,1hop,C+T,complexity,medium,5345,3200,0.6255119953188999,True,0.8154476301930954,0.7749133243685687,0.8120951837189992,8545,0.6255119953188999,0.2851905638419928,0.8987901952759588,0.9296319002809593,0.8154476301930954,0.8018263377122717,0.9363891487371375,0.8638991973763701,0.39283517114218747,0.12547059146690212,0.05198904208483359,sv_complexity_medium,1.0,8545,96295,34393
fold_b,42,1hop,C+S,complexity,high,17550,10923,0.6163734063849963,True,0.6756225195799529,0.5970654879416208,0.6006861920689716,28473,0.6163734063849963,0.2293130456114049,0.7671734542731521,0.8468126040799837,0.6756225195799529,0.6697427521437321,0.9345868945868946,0.7803044719314938,0.5768983918412064,0.1982586116628681,0.09584062483939715,sv_complexity_high,1.0,28473,96295,34393
fold_b,42,1hop,C+S,complexity,low,4052,2147,0.6536538151314728,True,0.7591547023713502,0.6675242688091605,0.6772826519417499,6199,0.6536538151314728,0.2293130456114049,0.8314987946633219,0.8882280777091365,0.7591547023713502,0.7429276628061515,0.9656959526159921,0.8397896770039703,0.4918593080216864,0.16085907009534572,0.08293527092661337,sv_complexity_low,1.0,6199,96295,34393
fold_b,42,1hop,C+S,complexity,medium,5345,3200,0.6255119953188999,True,0.7335283791691047,0.6604592492984097,0.671842659429115,8545,0.6255119953188999,0.2293130456114049,0.8243395404583723,0.8771090123081531,0.7335283791691047,0.7159346846846847,0.9515434985968194,0.8170937424692747,0.509598127426686,0.16866768439757834,0.07479213077222702,sv_complexity_medium,1.0,8545,96295,34393
fold_b,42,1hop,C+S+T,complexity,high,17550,10923,0.6163734063849963,True,0.7258455378779897,0.6680375918140269,0.6908257603618608,28473,0.6163734063849963,0.2329785631651131,0.818482628855237,0.8813925396141118,0.7258455378779897,0.7172865935242173,0.9164102564102564,0.8047132993095166,0.5240452668874855,0.1767931290368933,0.08694063426274777,sv_complexity_high,1.0,28473,96295,34393
fold_b,42,1hop,C+S+T,complexity,low,4052,2147,0.6536538151314728,True,0.8319083723181159,0.77135018398454,0.8309831843970112,6199,0.6536538151314728,0.2329785631651131,0.909343819126392,0.9414616707372775,0.8319083723181159,0.8110789582472095,0.9684106614017769,0.8827896512935883,0.3690138388689721,0.11531541119082052,0.059721871755408815,sv_complexity_low,1.0,6199,96295,34393
fold_b,42,1hop,C+S+T,complexity,medium,5345,3200,0.6255119953188999,True,0.803744880046811,0.7541465446679139,0.8022699056962729,8545,0.6255119953188999,0.2329785631651131,0.8919616756314314,0.9259524515187915,0.803744880046811,0.7818936366430986,0.9517305893358279,0.8584929541810817,0.4043614439466724,0.12958128707940922,0.05235947785500114,sv_complexity_medium,1.0,8545,96295,34393
fold_b,42,1hop,T,complexity,high,17550,10923,0.6163734063849963,True,0.7387700628665753,0.6949253320250299,0.6927870141838782,28473,0.6163734063849963,0.2875411444437616,0.8219889550604556,0.8821449287370667,0.7387700628665753,0.7420065096687727,0.8833048433048433,0.8065137089641538,0.5218578949235468,0.1759351460567379,0.09263463263360952,sv_complexity_high,1.0,28473,96295,34393
fold_b,42,1hop,T,complexity,low,4052,2147,0.6536538151314728,True,0.8412647201161477,0.7921930483592202,0.8277311384791245,6199,0.6536538151314728,0.2875411444437616,0.9093889933886949,0.9403353370406001,0.8412647201161477,0.8301764959104606,0.9518756169792695,0.8868705449528628,0.36645536658733174,0.11437117276519823,0.05631368487177493,sv_complexity_low,1.0,6199,96295,34393
fold_b,42,1hop,T,complexity,medium,5345,3200,0.6255119953188999,True,0.8173200702165009,0.7778522567820393,0.8094569281035596,8545,0.6255119953188999,0.2875411444437616,0.8976636751637044,0.9286439051996946,0.8173200702165009,0.8045717965228589,0.9350795135640786,0.8649303452453059,0.3948099296354365,0.1258425687920211,0.050799854823182326,sv_complexity_medium,1.0,8545,96295,34393
fold_b,42,1hop,S,complexity,high,17550,10923,0.6163734063849963,True,0.67323429213641,0.5925699946243752,0.5974522382940584,28473,0.6163734063849963,0.2209973802149051,0.765205114903,0.8455719734094054,0.67323429213641,0.6668015211586698,0.9391452991452991,0.7798807608592789,0.5795090717897888,0.19930676332364058,0.09701111293150462,sv_complexity_high,1.0,28473,96295,34393
fold_b,42,1hop,S,complexity,low,4052,2147,0.6536538151314728,True,0.7541538957896435,0.659757456741908,0.6661648238429126,6199,0.6536538151314728,0.2209973802149051,0.8276403034423019,0.8843774603630801,0.7541538957896435,0.7381311228334589,0.9669299111549852,0.8371794871794872,0.49638915911735965,0.16238944962662089,0.08455878975130168,sv_complexity_low,1.0,6199,96295,34393
fold_b,42,1hop,S,complexity,medium,5345,3200,0.6255119953188999,True,0.7268578115857226,0.6510513622544434,0.6715050079380166,8545,0.6255119953188999,0.2209973802149051,0.8234615586997194,0.876982565874974,0.7268578115857226,0.7097673122474571,0.9530402245088868,0.8136080498322952,0.511373489981343,0.1692830735591751,0.07426267816085783,sv_complexity_medium,1.0,8545,96295,34393
fold_b,42,1hop,K,complexity,high,17550,10923,0.6163734063849963,True,0.6249780493801145,0.5274454280194462,0.3826258389002399,28473,0.6163734063849963,0.2743332177494537,0.6647677331061017,0.7631588535913785,0.6249780493801145,0.6303984819734345,0.9464957264957264,0.7567653758542141,0.6635404464776182,0.23373099564926883,0.12135148719701846,sv_complexity_high,1.0,28473,96295,34393
fold_b,42,1hop,K,complexity,low,4052,2147,0.6536538151314728,True,0.68656234876593,0.5574714896379668,0.4408720475567719,6199,0.6536538151314728,0.2743332177494537,0.7106745977191711,0.8063481668179366,0.68656234876593,0.6814037502150353,0.9775419545903258,0.8030410542321338,0.6147837549777437,0.21272733560979823,0.12045951000563566,sv_complexity_low,1.0,6199,96295,34393
fold_b,42,1hop,K,complexity,medium,5345,3200,0.6255119953188999,True,0.6560561732007022,0.5504377630963517,0.4520080434668593,8545,0.6255119953188999,0.2743332177494537,0.710385757717493,0.794783585616612,0.6560561732007022,0.650827482447342,0.9711880261927035,0.7793709180992417,0.6189793539247357,0.21465721282329667,0.10261876172743423,sv_complexity_medium,1.0,8545,96295,34393
fold_b,42,strict,C,complexity,high,17550,10923,0.6163734063849963,True,0.6708811856846837,0.5993727733606888,0.5762500867047189,28473,0.6163734063849963,0.2790009501876743,0.754116909534835,0.8374382642178781,0.6708811856846837,0.6729687433912787,0.9066096866096867,0.7725098924574564,0.5933471502522251,0.20483351252867932,0.10745364788937696,sv_complexity_high,1.0,28473,96295,34393
fold_b,42,strict,C,complexity,low,4052,2147,0.6536538151314728,True,0.742861751895467,0.6560466727144237,0.6130470834453927,6199,0.6536538151314728,0.2790009501876743,0.8006546589722522,0.8659803336275622,0.742861751895467,0.7387334887334888,0.9385488647581441,0.8267391304347826,0.5384566104540214,0.17875387700291145,0.10082767397509713,sv_complexity_low,1.0,6199,96295,34393
fold_b,42,strict,C,complexity,medium,5345,3200,0.6255119953188999,True,0.7197191339964891,0.647915984565014,0.6346804398724938,8545,0.6255119953188999,0.2790009501876743,0.8051851905986904,0.863192206856873,0.7197191339964891,0.7096957634347455,0.933956969130028,0.8065271831327248,0.5414075181712337,0.1809402815137305,0.08778818116354593,sv_complexity_medium,1.0,8545,96295,34393
fold_b,42,strict,C+T,complexity,high,17550,10923,0.6163734063849963,True,0.7297790889614723,0.6749620224242581,0.6938350108970202,28473,0.6163734063849963,0.2806806729980898,0.8180414859468234,0.8825469681462491,0.7297790889614723,0.7229662473984255,0.9104843304843305,0.8059618682538081,0.5210458492414712,0.17546093433380736,0.0876722717755325,sv_complexity_high,1.0,28473,96295,34393
fold_b,42,strict,C+T,complexity,low,4052,2147,0.6536538151314728,True,0.8075496047749637,0.7446153543754204,0.8066774270833255,6199,0.6536538151314728,0.2806806729980898,0.8927810149472784,0.9330434644213421,0.8075496047749637,0.7956566701137538,0.9494076999012833,0.8657589737819287,0.40253398742360225,0.12884121480155675,0.06924171406406807,sv_complexity_low,1.0,6199,96295,34393
fold_b,42,strict,C+T,complexity,medium,5345,3200,0.6255119953188999,True,0.796957284961966,0.7475295252572498,0.7873434828689962,8545,0.6255119953188999,0.2806806729980898,0.880758799111319,0.9203626852171782,0.796957284961966,0.7782917052112241,0.9444340505144996,0.8533513650578988,0.4256272605548629,0.13823769695363258,0.06495417348908573,sv_complexity_medium,1.0,8545,96295,34393
fold_b,42,strict,C+S,complexity,high,17550,10923,0.6163734063849963,True,0.6756225195799529,0.5970654879416208,0.6006861920689716,28473,0.6163734063849963,0.2293130456114049,0.7671734542731521,0.8468126040799837,0.6756225195799529,0.6697427521437321,0.9345868945868946,0.7803044719314938,0.5768983918412064,0.1982586116628681,0.09584062483939715,sv_complexity_high,1.0,28473,96295,34393
fold_b,42,strict,C+S,complexity,low,4052,2147,0.6536538151314728,True,0.7591547023713502,0.6675242688091605,0.6772826519417499,6199,0.6536538151314728,0.2293130456114049,0.8314987946633219,0.8882280777091365,0.7591547023713502,0.7429276628061515,0.9656959526159921,0.8397896770039703,0.4918593080216864,0.16085907009534572,0.08293527092661337,sv_complexity_low,1.0,6199,96295,34393
fold_b,42,strict,C+S,complexity,medium,5345,3200,0.6255119953188999,True,0.7335283791691047,0.6604592492984097,0.671842659429115,8545,0.6255119953188999,0.2293130456114049,0.8243395404583723,0.8771090123081531,0.7335283791691047,0.7159346846846847,0.9515434985968194,0.8170937424692747,0.509598127426686,0.16866768439757834,0.07479213077222702,sv_complexity_medium,1.0,8545,96295,34393
fold_b,42,strict,C+S+T,complexity,high,17550,10923,0.6163734063849963,True,0.7291469111087697,0.6780271848549794,0.6892655945589592,28473,0.6163734063849963,0.2872360442724772,0.8148933834432323,0.88079401852167,0.7291469111087697,0.7269958467928012,0.8976638176638176,0.8033656297807241,0.5222113609179171,0.17644390355615808,0.08045295499908729,sv_complexity_high,1.0,28473,96295,34393
fold_b,42,strict,C+S+T,complexity,low,4052,2147,0.6536538151314728,True,0.8151314728181965,0.7533711149559683,0.802609401222081,6199,0.6536538151314728,0.2872360442724772,0.8896558870684823,0.9316345191843536,0.8151314728181965,0.8009527754763878,0.9543435340572557,0.870945945945946,0.4036033557084483,0.12945194293736031,0.06491820632410801,sv_complexity_low,1.0,6199,96295,34393
fold_b,42,strict,C+S+T,complexity,medium,5345,3200,0.6255119953188999,True,0.7907548273844354,0.7415056419550983,0.7809329136310396,8545,0.6255119953188999,0.2872360442724772,0.8769304256314312,0.9179620039343858,0.7907548273844354,0.7750115973403433,0.9376987839101965,0.8486285133762276,0.4320135955716207,0.1405199919146812,0.06322106003069958,sv_complexity_medium,1.0,8545,96295,34393
fold_b,42,strict,T,complexity,high,17550,10923,0.6163734063849963,True,0.7245460611807677,0.6636474670009413,0.6899529871396429,28473,0.6163734063849963,0.2540456813868583,0.8163328536742435,0.881057720595874,0.7245460611807677,0.7131439111150147,0.9252991452991453,0.805485975050222,0.5223015552756701,0.17616469660469877,0.08687089273977174,sv_complexity_high,1.0,28473,96295,34393
fold_b,42,strict,T,complexity,low,4052,2147,0.6536538151314728,True,0.8049685433134377,0.7377140949675642,0.8064544999737316,6199,0.6536538151314728,0.2540456813868583,0.8916152201170531,0.9329662544674305,0.8049685433134377,0.7895701772255042,0.9565646594274433,0.8650820220957482,0.4047291766890018,0.1297213427285481,0.07067638060144635,sv_complexity_low,1.0,6199,96295,34393
fold_b,42,strict,T,complexity,medium,5345,3200,0.6255119953188999,True,0.7902867173785839,0.7352372252104771,0.7863812818503436,8545,0.6255119953188999,0.2540456813868583,0.8805578519644527,0.9200023524776009,0.7902867173785839,0.7671026913246128,0.9545369504209542,0.8506168722907635,0.4263878186270762,0.1385647461444447,0.0653848005079973,sv_complexity_medium,1.0,8545,96295,34393
fold_b,42,strict,S,complexity,high,17550,10923,0.6163734063849963,True,0.67323429213641,0.5925699946243752,0.5974522382940584,28473,0.6163734063849963,0.2209973802149051,0.765205114903,0.8455719734094054,0.67323429213641,0.6668015211586698,0.9391452991452991,0.7798807608592789,0.5795090717897888,0.19930676332364058,0.09701111293150462,sv_complexity_high,1.0,28473,96295,34393
fold_b,42,strict,S,complexity,low,4052,2147,0.6536538151314728,True,0.7541538957896435,0.659757456741908,0.6661648238429126,6199,0.6536538151314728,0.2209973802149051,0.8276403034423019,0.8843774603630801,0.7541538957896435,0.7381311228334589,0.9669299111549852,0.8371794871794872,0.49638915911735965,0.16238944962662089,0.08455878975130168,sv_complexity_low,1.0,6199,96295,34393
fold_b,42,strict,S,complexity,medium,5345,3200,0.6255119953188999,True,0.7268578115857226,0.6510513622544434,0.6715050079380166,8545,0.6255119953188999,0.2209973802149051,0.8234615586997194,0.876982565874974,0.7268578115857226,0.7097673122474571,0.9530402245088868,0.8136080498322952,0.511373489981343,0.1692830735591751,0.07426267816085783,sv_complexity_medium,1.0,8545,96295,34393
fold_b,42,strict,K,complexity,high,17550,10923,0.6163734063849963,True,0.6249780493801145,0.5274454280194462,0.3826258389002399,28473,0.6163734063849963,0.2743332177494537,0.6647677331061017,0.7631588535913785,0.6249780493801145,0.6303984819734345,0.9464957264957264,0.7567653758542141,0.6635404464776182,0.23373099564926883,0.12135148719701846,sv_complexity_high,1.0,28473,96295,34393
fold_b,42,strict,K,complexity,low,4052,2147,0.6536538151314728,True,0.68656234876593,0.5574714896379668,0.4408720475567719,6199,0.6536538151314728,0.2743332177494537,0.7106745977191711,0.8063481668179366,0.68656234876593,0.6814037502150353,0.9775419545903258,0.8030410542321338,0.6147837549777437,0.21272733560979823,0.12045951000563566,sv_complexity_low,1.0,6199,96295,34393
fold_b,42,strict,K,complexity,medium,5345,3200,0.6255119953188999,True,0.6560561732007022,0.5504377630963517,0.4520080434668593,8545,0.6255119953188999,0.2743332177494537,0.710385757717493,0.794783585616612,0.6560561732007022,0.650827482447342,0.9711880261927035,0.7793709180992417,0.6189793539247357,0.21465721282329667,0.10261876172743423,sv_complexity_medium,1.0,8545,96295,34393
fold_c,20260806,1hop,C,complexity,high,10604,6499,0.6200081856984155,True,0.6877156054493364,0.6284636164609719,0.6128118129037087,17103,0.6200081856984155,0.3313372836173381,0.7697626231444712,0.8528716583091389,0.6877156054493364,0.6978422674986843,0.8753300641267446,0.7765739385065886,0.578521880555638,0.19875973851361078,0.10735319322913649,sv_complexity_high,1.0,17103,109681,29831
fold_c,20260806,1hop,C,complexity,low,5767,2943,0.6621125143513203,True,0.7489092996555683,0.6689560760866498,0.6381261931082,8710,0.6621125143513203,0.3313372836173381,0.8013788777124301,0.8777273692672138,0.7489092996555683,0.7564469914040115,0.9155540142188313,0.8284302188750294,0.5391843054308366,0.18017993446160033,0.10595923933629964,sv_complexity_low,1.0,8710,109681,29831
fold_c,20260806,1hop,C,complexity,medium,5537,3043,0.6453379953379953,True,0.7277389277389278,0.6569477249544204,0.6238650009479926,8580,0.6453379953379953,0.3313372836173381,0.7925063435172852,0.8665992072126738,0.7277389277389278,0.7363757199822774,0.9004876286797905,0.810204744881378,0.5506769578608476,0.1854823813484881,0.09875452850755005,sv_complexity_medium,1.0,8580,109681,29831
fold_c,20260806,1hop,C+T,complexity,high,10604,6499,0.6200081856984155,True,0.7289949131731275,0.6663097241725202,0.7159163336018619,17103,0.6200081856984155,0.2610911022814111,0.8307732280897,0.8920505321919254,0.7289949131731275,0.7178308152689584,0.9274801961523953,0.8092984982513886,0.4966297552781211,0.16634229808824466,0.0678529153761446,sv_complexity_high,1.0,17103,109681,29831
fold_c,20260806,1hop,C+T,complexity,low,5767,2943,0.6621125143513203,True,0.8355912743972446,0.7813364037515051,0.8275028262770832,8710,0.6621125143513203,0.2610911022814111,0.9040291637877077,0.9417153636892601,0.8355912743972446,0.828061147268049,0.9486734870816715,0.8842734766445773,0.3858264944145801,0.12116188790677063,0.07737726521942115,sv_complexity_low,1.0,8710,109681,29831
fold_c,20260806,1hop,C+T,complexity,medium,5537,3043,0.6453379953379953,True,0.8144522144522145,0.7632833723789609,0.8147512193097636,8580,0.6453379953379953,0.2610911022814111,0.8960210672492659,0.9342992960792087,0.8144522144522145,0.8054824221774818,0.9393173198482933,0.8672669668167418,0.4052706699576785,0.12882661051464792,0.07321830986534425,sv_complexity_medium,1.0,8580,109681,29831
fold_c,20260806,1hop,C+S,complexity,high,10604,6499,0.6200081856984155,True,0.6874817283517511,0.6144855280233752,0.6305291848742498,17103,0.6200081856984155,0.2584194071711078,0.7795438845044147,0.8596041146288809,0.6874817283517511,0.684876608310483,0.9186156167483969,0.7847101945462601,0.5646718035089494,0.19313587658268827,0.10038037728590922,sv_complexity_high,1.0,17103,109681,29831
fold_c,20260806,1hop,C+S,complexity,low,5767,2943,0.6621125143513203,True,0.773593570608496,0.6899260623837185,0.699930140672155,8710,0.6621125143513203,0.2584194071711078,0.8369185320464585,0.8986101497127614,0.773593570608496,0.765793528505393,0.9479798855557482,0.8472028513869518,0.49446198257277363,0.16162606719124537,0.10117289594908771,sv_complexity_low,1.0,8710,109681,29831
fold_c,20260806,1hop,C+S,complexity,medium,5537,3043,0.6453379953379953,True,0.7423076923076923,0.6619445820549014,0.6761215213339234,8580,0.6453379953379953,0.2584194071711078,0.8221084449006775,0.885132609489409,0.7423076923076923,0.7353523917350694,0.9384143037746072,0.8245655796238991,0.5124781181691563,0.1698088158369536,0.0887286849077898,sv_complexity_medium,1.0,8580,109681,29831
fold_c,20260806,1hop,C+S+T,complexity,high,10604,6499,0.6200081856984155,True,0.7327369467344911,0.6777857954991654,0.7096319496602583,17103,0.6200081856984155,0.2824348160814155,0.82701335707336,0.8896625177361878,0.7327369467344911,0.7285746760627415,0.9067333081855904,0.8079492458300072,0.5033486560198102,0.16892516609349192,0.06987880564072632,sv_complexity_high,1.0,17103,109681,29831
fold_c,20260806,1hop,C+S+T,complexity,low,5767,2943,0.6621125143513203,True,0.83398392652124,0.7834503800638228,0.835291827490813,8710,0.6621125143513203,0.2824348160814155,0.904978181777688,0.9443471697250818,0.83398392652124,0.8317211730385383,0.9393098664817062,0.8822475570032573,0.38818149057789775,0.12174489923659715,0.07908080494345768,sv_complexity_low,1.0,8710,109681,29831
fold_c,20260806,1hop,C+S+T,complexity,medium,5537,3043,0.6453379953379953,True,0.8163170163170164,0.7671705256977959,0.8111027246217047,8580,0.6453379953379953,0.2824348160814155,0.8937602924691901,0.9330053136391431,0.8163170163170164,0.8091150304354612,0.9362470651977606,0.8680509042196919,0.40799506664217583,0.12958112825627963,0.07104487831955275,sv_complexity_medium,1.0,8580,109681,29831
fold_c,20260806,1hop,T,complexity,high,10604,6499,0.6200081856984155,True,0.7268900192948605,0.6607702580712154,0.7139211483668709,17103,0.6200081856984155,0.2474594558486068,0.8301675941904187,0.8912923781346135,0.7268900192948605,0.7130647130647131,0.936250471520181,0.8095568149386391,0.4967128143581763,0.16621633121981583,0.06426884580536178,sv_complexity_high,1.0,17103,109681,29831
fold_c,20260806,1hop,T,complexity,low,5767,2943,0.6621125143513203,True,0.8342135476463834,0.77829933407301,0.8281756160532057,8710,0.6621125143513203,0.2474594558486068,0.9040644271680395,0.9419426909350843,0.8342135476463834,0.8253800993527021,0.9507542916594417,0.8836422240128928,0.38626770899701274,0.12133675263543812,0.0779346247454484,sv_complexity_low,1.0,8710,109681,29831
fold_c,20260806,1hop,T,complexity,medium,5537,3043,0.6453379953379953,True,0.8122377622377622,0.7592733340926225,0.8141515540550235,8580,0.6453379953379953,0.2474594558486068,0.8949782810241811,0.9340866175978364,0.8122377622377622,0.802,0.94148455842514,0.8661626651158927,0.4072930141681402,0.12965864182208686,0.07337103832947492,sv_complexity_medium,1.0,8580,109681,29831
fold_c,20260806,1hop,S,complexity,high,10604,6499,0.6200081856984155,True,0.6874232590773548,0.6158679549632131,0.6276089209462351,17103,0.6200081856984155,0.2588975124429122,0.7781576050147054,0.8584944382406351,0.6874232590773548,0.6861107178252867,0.9139947189739721,0.7838253133845532,0.5667948827393745,0.1939325471935444,0.10084409664961246,sv_complexity_high,1.0,17103,109681,29831
fold_c,20260806,1hop,S,complexity,low,5767,2943,0.6621125143513203,True,0.7722158438576349,0.6886360766711321,0.6921330093678117,8710,0.6621125143513203,0.2588975124429122,0.8339971215418834,0.8959755966210643,0.7722158438576349,0.7651759428010655,0.9464192821224207,0.8462015503875969,0.49720926022886014,0.16249431464029035,0.10072929706406702,sv_complexity_low,1.0,8710,109681,29831
fold_c,20260806,1hop,S,complexity,medium,5537,3043,0.6453379953379953,True,0.7425407925407925,0.662421224978843,0.6659152435564956,8580,0.6453379953379953,0.2588975124429122,0.8179451045756712,0.8815128305527291,0.7425407925407925,0.7356940509915014,0.9380530973451328,0.8246407874890846,0.5167505756595007,0.17134018097648798,0.08968719693495239,sv_complexity_medium,1.0,8580,109681,29831
fold_c,20260806,1hop,K,complexity,high,10604,6499,0.6200081856984155,True,0.633163772437584,0.5266324015608935,0.44939067029925267,17103,0.6200081856984155,0.2740800866186559,0.6954265778288496,0.7907729618356337,0.633163772437584,0.633214373615555,0.9704828366654092,0.7663836759011021,0.6404090900104898,0.22393342736677968,0.1154363868546324,sv_complexity_high,1.0,17103,109681,29831
fold_c,20260806,1hop,K,complexity,low,5767,2943,0.6621125143513203,True,0.6818599311136625,0.5413682757196867,0.4587729204133837,8710,0.6621125143513203,0.2740800866186559,0.7040558661502246,0.8171261429135004,0.6818599311136625,0.6816638370118846,0.9746835443037974,0.8022550488831799,0.6196314035018383,0.21460094472664643,0.12665080796087416,sv_complexity_low,1.0,8710,109681,29831
fold_c,20260806,1hop,K,complexity,medium,5537,3043,0.6453379953379953,True,0.6641025641025641,0.5348912887941552,0.4588771901311169,8580,0.6453379953379953,0.2740800866186559,0.7078037919078245,0.8080842994835651,0.6641025641025641,0.662068123550238,0.9794112335199566,0.7900641025641025,0.6155319162642447,0.21319148148811415,0.10766318488105955,sv_complexity_medium,1.0,8580,109681,29831
fold_c,20260806,strict,C,complexity,high,10604,6499,0.6200081856984155,True,0.6877156054493364,0.6284636164609719,0.6128118129037087,17103,0.6200081856984155,0.3313372836173381,0.7697626231444712,0.8528716583091389,0.6877156054493364,0.6978422674986843,0.8753300641267446,0.7765739385065886,0.578521880555638,0.19875973851361078,0.10735319322913649,sv_complexity_high,1.0,17103,109681,29831
fold_c,20260806,strict,C,complexity,low,5767,2943,0.6621125143513203,True,0.7489092996555683,0.6689560760866498,0.6381261931082,8710,0.6621125143513203,0.3313372836173381,0.8013788777124301,0.8777273692672138,0.7489092996555683,0.7564469914040115,0.9155540142188313,0.8284302188750294,0.5391843054308366,0.18017993446160033,0.10595923933629964,sv_complexity_low,1.0,8710,109681,29831
fold_c,20260806,strict,C,complexity,medium,5537,3043,0.6453379953379953,True,0.7277389277389278,0.6569477249544204,0.6238650009479926,8580,0.6453379953379953,0.3313372836173381,0.7925063435172852,0.8665992072126738,0.7277389277389278,0.7363757199822774,0.9004876286797905,0.810204744881378,0.5506769578608476,0.1854823813484881,0.09875452850755005,sv_complexity_medium,1.0,8580,109681,29831
fold_c,20260806,strict,C+T,complexity,high,10604,6499,0.6200081856984155,True,0.7187043208793779,0.6473784754860873,0.7030729936522637,17103,0.6200081856984155,0.2321922091829874,0.8208359638534183,0.8871701681427856,0.7187043208793779,0.7034201840016855,0.944549226706903,0.8063438393108723,0.5117988826199527,0.1725139134774616,0.08144562495938772,sv_complexity_high,1.0,17103,109681,29831
fold_c,20260806,strict,C+T,complexity,low,5767,2943,0.6621125143513203,True,0.8101033295063146,0.7408743703925241,0.8093091964614648,8710,0.6621125143513203,0.2321922091829874,0.8885980912053011,0.935567963856038,0.8101033295063146,0.7982596084118927,0.9543956996705393,0.8693729268677934,0.4149717083684413,0.13311894654870027,0.08270667246291068,sv_complexity_low,1.0,8710,109681,29831
fold_c,20260806,strict,C+T,complexity,medium,5537,3043,0.6453379953379953,True,0.791025641025641,0.7256681384176749,0.7899941205215958,8580,0.6453379953379953,0.2321922091829874,0.8797869570530542,0.9255188937933818,0.791025641025641,0.7760247714538484,0.950514719162001,0.8544524717915415,0.4308282895933427,0.14005147119529832,0.0785685459843388,sv_complexity_medium,1.0,8580,109681,29831
fold_c,20260806,strict,C+S,complexity,high,10604,6499,0.6200081856984155,True,0.6874817283517511,0.6144855280233752,0.6305291848742498,17103,0.6200081856984155,0.2584194071711078,0.7795438845044147,0.8596041146288809,0.6874817283517511,0.684876608310483,0.9186156167483969,0.7847101945462601,0.5646718035089494,0.19313587658268827,0.10038037728590922,sv_complexity_high,1.0,17103,109681,29831
fold_c,20260806,strict,C+S,complexity,low,5767,2943,0.6621125143513203,True,0.773593570608496,0.6899260623837185,0.699930140672155,8710,0.6621125143513203,0.2584194071711078,0.8369185320464585,0.8986101497127614,0.773593570608496,0.765793528505393,0.9479798855557482,0.8472028513869518,0.49446198257277363,0.16162606719124537,0.10117289594908771,sv_complexity_low,1.0,8710,109681,29831
fold_c,20260806,strict,C+S,complexity,medium,5537,3043,0.6453379953379953,True,0.7423076923076923,0.6619445820549014,0.6761215213339234,8580,0.6453379953379953,0.2584194071711078,0.8221084449006775,0.885132609489409,0.7423076923076923,0.7353523917350694,0.9384143037746072,0.8245655796238991,0.5124781181691563,0.1698088158369536,0.0887286849077898,sv_complexity_medium,1.0,8580,109681,29831
fold_c,20260806,strict,C+S+T,complexity,high,10604,6499,0.6200081856984155,True,0.7258375723557271,0.6678735546988659,0.6993058352316605,17103,0.6200081856984155,0.2771335919174799,0.8194895448326234,0.8857386787797791,0.7258375723557271,0.7211876449031486,0.9093738211995473,0.8044212721584985,0.5143352080215131,0.17327099689371325,0.07893619881981688,sv_complexity_high,1.0,17103,109681,29831
fold_c,20260806,strict,C+S+T,complexity,low,5767,2943,0.6621125143513203,True,0.8176808266360505,0.7581606149462173,0.8142162436588236,8710,0.6621125143513203,0.2771335919174799,0.8901150057555611,0.937225993695513,0.8176808266360505,0.8126589854855604,0.941737471822438,0.8724497991967871,0.4136529392403957,0.13228114380540587,0.08309914768166031,sv_complexity_low,1.0,8710,109681,29831
fold_c,20260806,strict,C+S+T,complexity,medium,5537,3043,0.6453379953379953,True,0.7987179487179488,0.742951563381075,0.7909664604429633,8580,0.6453379953379953,0.2771335919174799,0.8803396574925022,0.9258637458191069,0.7987179487179488,0.7911953531030266,0.9348022394798627,0.8570245881281563,0.42985146958801806,0.13881510458852342,0.07593119149706745,sv_complexity_medium,1.0,8580,109681,29831
fold_c,20260806,strict,T,complexity,high,10604,6499,0.6200081856984155,True,0.7211015611296264,0.6524389121989519,0.7005451905399267,17103,0.6200081856984155,0.2481596882119877,0.8190615707990707,0.8862096236519315,0.7211015611296264,0.707320540156361,0.938513768389287,0.806679095404069,0.5157807833325986,0.17393548269001755,0.08492848212059781,sv_complexity_high,1.0,17103,109681,29831
fold_c,20260806,strict,T,complexity,low,5767,2943,0.6621125143513203,True,0.8090700344431687,0.7415915692180679,0.8056281697360458,8710,0.6621125143513203,0.2481596882119877,0.8869307843771853,0.9343241909911806,0.8090700344431687,0.7995620437956205,0.9497138893705566,0.8681937069033844,0.41902205247018964,0.13459326004310257,0.0855692970825846,sv_complexity_low,1.0,8710,109681,29831
fold_c,20260806,strict,T,complexity,medium,5537,3043,0.6453379953379953,True,0.7918414918414919,0.7292606467613001,0.7854985352348268,8580,0.6453379953379953,0.2481596882119877,0.8777446213567248,0.9239244805034473,0.7918414918414919,0.7795498583991654,0.9445548130756728,0.8541564592520007,0.43507204048026427,0.14146155141698297,0.08027844477962838,sv_complexity_medium,1.0,8580,109681,29831
fold_c,20260806,strict,S,complexity,high,10604,6499,0.6200081856984155,True,0.6874232590773548,0.6158679549632131,0.6276089209462351,17103,0.6200081856984155,0.2588975124429122,0.7781576050147054,0.8584944382406351,0.6874232590773548,0.6861107178252867,0.9139947189739721,0.7838253133845532,0.5667948827393745,0.1939325471935444,0.10084409664961246,sv_complexity_high,1.0,17103,109681,29831
fold_c,20260806,strict,S,complexity,low,5767,2943,0.6621125143513203,True,0.7722158438576349,0.6886360766711321,0.6921330093678117,8710,0.6621125143513203,0.2588975124429122,0.8339971215418834,0.8959755966210643,0.7722158438576349,0.7651759428010655,0.9464192821224207,0.8462015503875969,0.49720926022886014,0.16249431464029035,0.10072929706406702,sv_complexity_low,1.0,8710,109681,29831
fold_c,20260806,strict,S,complexity,medium,5537,3043,0.6453379953379953,True,0.7425407925407925,0.662421224978843,0.6659152435564956,8580,0.6453379953379953,0.2588975124429122,0.8179451045756712,0.8815128305527291,0.7425407925407925,0.7356940509915014,0.9380530973451328,0.8246407874890846,0.5167505756595007,0.17134018097648798,0.08968719693495239,sv_complexity_medium,1.0,8580,109681,29831
fold_c,20260806,strict,K,complexity,high,10604,6499,0.6200081856984155,True,0.633163772437584,0.5266324015608935,0.44939067029925267,17103,0.6200081856984155,0.2740800866186559,0.6954265778288496,0.7907729618356337,0.633163772437584,0.633214373615555,0.9704828366654092,0.7663836759011021,0.6404090900104898,0.22393342736677968,0.1154363868546324,sv_complexity_high,1.0,17103,109681,29831
fold_c,20260806,strict,K,complexity,low,5767,2943,0.6621125143513203,True,0.6818599311136625,0.5413682757196867,0.4587729204133837,8710,0.6621125143513203,0.2740800866186559,0.7040558661502246,0.8171261429135004,0.6818599311136625,0.6816638370118846,0.9746835443037974,0.8022550488831799,0.6196314035018383,0.21460094472664643,0.12665080796087416,sv_complexity_low,1.0,8710,109681,29831
fold_c,20260806,strict,K,complexity,medium,5537,3043,0.6453379953379953,True,0.6641025641025641,0.5348912887941552,0.4588771901311169,8580,0.6453379953379953,0.2740800866186559,0.7078037919078245,0.8080842994835651,0.6641025641025641,0.662068123550238,0.9794112335199566,0.7900641025641025,0.6155319162642447,0.21319148148811415,0.10766318488105955,sv_complexity_medium,1.0,8580,109681,29831
fold_c,314159,1hop,C,complexity,high,10604,6499,0.6200081856984155,True,0.6877156054493364,0.6284636164609719,0.6128118129037087,17103,0.6200081856984155,0.3313372836173381,0.7697626231444712,0.8528716583091389,0.6877156054493364,0.6978422674986843,0.8753300641267446,0.7765739385065886,0.578521880555638,0.19875973851361078,0.10735319322913649,sv_complexity_high,1.0,17103,109681,29831
fold_c,314159,1hop,C,complexity,low,5767,2943,0.6621125143513203,True,0.7489092996555683,0.6689560760866498,0.6381261931082,8710,0.6621125143513203,0.3313372836173381,0.8013788777124301,0.8777273692672138,0.7489092996555683,0.7564469914040115,0.9155540142188313,0.8284302188750294,0.5391843054308366,0.18017993446160033,0.10595923933629964,sv_complexity_low,1.0,8710,109681,29831
fold_c,314159,1hop,C,complexity,medium,5537,3043,0.6453379953379953,True,0.7277389277389278,0.6569477249544204,0.6238650009479926,8580,0.6453379953379953,0.3313372836173381,0.7925063435172852,0.8665992072126738,0.7277389277389278,0.7363757199822774,0.9004876286797905,0.810204744881378,0.5506769578608476,0.1854823813484881,0.09875452850755005,sv_complexity_medium,1.0,8580,109681,29831
fold_c,314159,1hop,C+T,complexity,high,10604,6499,0.6200081856984155,True,0.7291118517219202,0.6653616268852318,0.7124884665771758,17103,0.6200081856984155,0.2452580081922956,0.8286859659052093,0.8907479707820304,0.7291118517219202,0.7167646845276991,0.9309694454922671,0.8099437994831193,0.5084302567188398,0.1708937181454219,0.08905136957720666,sv_complexity_high,1.0,17103,109681,29831
fold_c,314159,1hop,C+T,complexity,low,5767,2943,0.6621125143513203,True,0.83398392652124,0.7773771834204253,0.8239166528832575,8710,0.6621125143513203,0.2452580081922956,0.9011088138359246,0.9405036405781202,0.83398392652124,0.8244481153326325,0.9519680943298076,0.8836310960888459,0.39895849878029177,0.12664814438947983,0.0936651740145256,sv_complexity_low,1.0,8710,109681,29831
fold_c,314159,1hop,C+T,complexity,medium,5537,3043,0.6453379953379953,True,0.812004662004662,0.7583526316048741,0.8117782108392799,8580,0.6453379953379953,0.2452580081922956,0.8948673848339949,0.9332448829351898,0.812004662004662,0.8010125805461799,0.9429293841430377,0.8661965989216093,0.4082908974870407,0.13047309213043476,0.07809902107510225,sv_complexity_medium,1.0,8580,109681,29831
fold_c,314159,1hop,C+S,complexity,high,10604,6499,0.6200081856984155,True,0.6874817283517511,0.6144855280233752,0.6305291848742498,17103,0.6200081856984155,0.2584194071711078,0.7795438845044147,0.8596041146288809,0.6874817283517511,0.684876608310483,0.9186156167483969,0.7847101945462601,0.5646718035089494,0.19313587658268827,0.10038037728590922,sv_complexity_high,1.0,17103,109681,29831
fold_c,314159,1hop,C+S,complexity,low,5767,2943,0.6621125143513203,True,0.773593570608496,0.6899260623837185,0.699930140672155,8710,0.6621125143513203,0.2584194071711078,0.8369185320464585,0.8986101497127614,0.773593570608496,0.765793528505393,0.9479798855557482,0.8472028513869518,0.49446198257277363,0.16162606719124537,0.10117289594908771,sv_complexity_low,1.0,8710,109681,29831
fold_c,314159,1hop,C+S,complexity,medium,5537,3043,0.6453379953379953,True,0.7423076923076923,0.6619445820549014,0.6761215213339234,8580,0.6453379953379953,0.2584194071711078,0.8221084449006775,0.885132609489409,0.7423076923076923,0.7353523917350694,0.9384143037746072,0.8245655796238991,0.5124781181691563,0.1698088158369536,0.0887286849077898,sv_complexity_medium,1.0,8580,109681,29831
fold_c,314159,1hop,C+S+T,complexity,high,10604,6499,0.6200081856984155,True,0.731976846167339,0.6755645429360951,0.7108807852652349,17103,0.6200081856984155,0.2599248992280121,0.8276015057651269,0.8901370650434872,0.731976846167339,0.7264520012037315,0.9105997736703131,0.8081687311683964,0.5116744271517087,0.1717586933907666,0.0896381388468333,sv_complexity_high,1.0,17103,109681,29831
fold_c,314159,1hop,C+S+T,complexity,low,5767,2943,0.6621125143513203,True,0.8330654420206659,0.7780146934875753,0.8302620075994452,8710,0.6621125143513203,0.2599248992280121,0.9021279461493714,0.9426476565287218,0.8330654420206659,0.8258045021906633,0.9478064851742674,0.8826093977070887,0.39966106225758624,0.12586899207063265,0.09050499978871225,sv_complexity_low,1.0,8710,109681,29831
fold_c,314159,1hop,C+S+T,complexity,medium,5537,3043,0.6453379953379953,True,0.812004662004662,0.758870701095982,0.809727734830769,8580,0.6453379953379953,0.2599248992280121,0.8933647815184808,0.9325176570035,0.812004662004662,0.801660516605166,0.9416651616398772,0.8660410264928162,0.41068017856071626,0.1309846529459854,0.07729481345431004,sv_complexity_medium,1.0,8580,109681,29831
fold_c,314159,1hop,T,complexity,high,10604,6499,0.6200081856984155,True,0.7268900192948605,0.663123106772832,0.7030459475064974,17103,0.6200081856984155,0.266211485922019,0.8250509944105959,0.887159890828786,0.7268900192948605,0.7155103523428986,0.9288004526593738,0.8083220485042472,0.5101002236335526,0.17113357093371784,0.08250288387832255,sv_complexity_high,1.0,17103,109681,29831
fold_c,314159,1hop,T,complexity,low,5767,2943,0.6621125143513203,True,0.8355912743972446,0.7826675153445786,0.8216913956901609,8710,0.6621125143513203,0.266211485922019,0.9002137956589336,0.9397517540202232,0.8355912743972446,0.8296577946768061,0.9458990809779781,0.8839734240803759,0.4066290331265275,0.12864473590507478,0.10176346674083028,sv_complexity_low,1.0,8710,109681,29831
fold_c,314159,1hop,T,complexity,medium,5537,3043,0.6453379953379953,True,0.8131701631701632,0.7625120844798097,0.8069893882578558,8580,0.6453379953379953,0.266211485922019,0.8930936096196526,0.9315464695184913,0.8131701631701632,0.8054347826086956,0.9367888748419722,0.8661601402688486,0.4141521923620173,0.13231433385919364,0.08382550446691023,sv_complexity_medium,1.0,8580,109681,29831
fold_c,314159,1hop,S,complexity,high,10604,6499,0.6200081856984155,True,0.6874232590773548,0.6158679549632131,0.6276089209462351,17103,0.6200081856984155,0.2588975124429122,0.7781576050147054,0.8584944382406351,0.6874232590773548,0.6861107178252867,0.9139947189739721,0.7838253133845532,0.5667948827393745,0.1939325471935444,0.10084409664961246,sv_complexity_high,1.0,17103,109681,29831
fold_c,314159,1hop,S,complexity,low,5767,2943,0.6621125143513203,True,0.7722158438576349,0.6886360766711321,0.6921330093678117,8710,0.6621125143513203,0.2588975124429122,0.8339971215418834,0.8959755966210643,0.7722158438576349,0.7651759428010655,0.9464192821224207,0.8462015503875969,0.49720926022886014,0.16249431464029035,0.10072929706406702,sv_complexity_low,1.0,8710,109681,29831
fold_c,314159,1hop,S,complexity,medium,5537,3043,0.6453379953379953,True,0.7425407925407925,0.662421224978843,0.6659152435564956,8580,0.6453379953379953,0.2588975124429122,0.8179451045756712,0.8815128305527291,0.7425407925407925,0.7356940509915014,0.9380530973451328,0.8246407874890846,0.5167505756595007,0.17134018097648798,0.08968719693495239,sv_complexity_medium,1.0,8580,109681,29831
fold_c,314159,1hop,K,complexity,high,10604,6499,0.6200081856984155,True,0.633163772437584,0.5266324015608935,0.44939067029925267,17103,0.6200081856984155,0.2740800866186559,0.6954265778288496,0.7907729618356337,0.633163772437584,0.633214373615555,0.9704828366654092,0.7663836759011021,0.6404090900104898,0.22393342736677968,0.1154363868546324,sv_complexity_high,1.0,17103,109681,29831
fold_c,314159,1hop,K,complexity,low,5767,2943,0.6621125143513203,True,0.6818599311136625,0.5413682757196867,0.4587729204133837,8710,0.6621125143513203,0.2740800866186559,0.7040558661502246,0.8171261429135004,0.6818599311136625,0.6816638370118846,0.9746835443037974,0.8022550488831799,0.6196314035018383,0.21460094472664643,0.12665080796087416,sv_complexity_low,1.0,8710,109681,29831
fold_c,314159,1hop,K,complexity,medium,5537,3043,0.6453379953379953,True,0.6641025641025641,0.5348912887941552,0.4588771901311169,8580,0.6453379953379953,0.2740800866186559,0.7078037919078245,0.8080842994835651,0.6641025641025641,0.662068123550238,0.9794112335199566,0.7900641025641025,0.6155319162642447,0.21319148148811415,0.10766318488105955,sv_complexity_medium,1.0,8580,109681,29831
fold_c,314159,strict,C,complexity,high,10604,6499,0.6200081856984155,True,0.6877156054493364,0.6284636164609719,0.6128118129037087,17103,0.6200081856984155,0.3313372836173381,0.7697626231444712,0.8528716583091389,0.6877156054493364,0.6978422674986843,0.8753300641267446,0.7765739385065886,0.578521880555638,0.19875973851361078,0.10735319322913649,sv_complexity_high,1.0,17103,109681,29831
fold_c,314159,strict,C,complexity,low,5767,2943,0.6621125143513203,True,0.7489092996555683,0.6689560760866498,0.6381261931082,8710,0.6621125143513203,0.3313372836173381,0.8013788777124301,0.8777273692672138,0.7489092996555683,0.7564469914040115,0.9155540142188313,0.8284302188750294,0.5391843054308366,0.18017993446160033,0.10595923933629964,sv_complexity_low,1.0,8710,109681,29831
fold_c,314159,strict,C,complexity,medium,5537,3043,0.6453379953379953,True,0.7277389277389278,0.6569477249544204,0.6238650009479926,8580,0.6453379953379953,0.3313372836173381,0.7925063435172852,0.8665992072126738,0.7277389277389278,0.7363757199822774,0.9004876286797905,0.810204744881378,0.5506769578608476,0.1854823813484881,0.09875452850755005,sv_complexity_medium,1.0,8580,109681,29831
fold_c,314159,strict,C+T,complexity,high,10604,6499,0.6200081856984155,True,0.7223878851663451,0.6549654013451508,0.7013182196340073,17103,0.6200081856984155,0.2510737405285294,0.8228816097929699,0.8865033683798991,0.7223878851663451,0.70926243567753,0.9358732553753301,0.806960481379086,0.5089096843963218,0.17128460247999658,0.07870171200226524,sv_complexity_high,1.0,17103,109681,29831
fold_c,314159,strict,C+T,complexity,low,5767,2943,0.6621125143513203,True,0.813662456946039,0.7474722166101304,0.8005293619520226,8710,0.6621125143513203,0.2510737405285294,0.8876452729011499,0.9326013676492311,0.813662456946039,0.8032786885245902,0.9516212935668459,0.8711802524009842,0.414015812798665,0.13273919194209696,0.07939295544068642,sv_complexity_low,1.0,8710,109681,29831
fold_c,314159,strict,C+T,complexity,medium,5537,3043,0.6453379953379953,True,0.794055944055944,0.7337147446114451,0.7839505387158737,8580,0.6453379953379953,0.2510737405285294,0.8791575462438894,0.9233754649548256,0.794055944055944,0.7832882476705741,0.9413039552104028,0.855057009269133,0.43308026667712113,0.14054313386023598,0.080604287753783,sv_complexity_medium,1.0,8580,109681,29831
fold_c,314159,strict,C+S,complexity,high,10604,6499,0.6200081856984155,True,0.6874817283517511,0.6144855280233752,0.6305291848742498,17103,0.6200081856984155,0.2584194071711078,0.7795438845044147,0.8596041146288809,0.6874817283517511,0.684876608310483,0.9186156167483969,0.7847101945462601,0.5646718035089494,0.19313587658268827,0.10038037728590922,sv_complexity_high,1.0,17103,109681,29831
fold_c,314159,strict,C+S,complexity,low,5767,2943,0.6621125143513203,True,0.773593570608496,0.6899260623837185,0.699930140672155,8710,0.6621125143513203,0.2584194071711078,0.8369185320464585,0.8986101497127614,0.773593570608496,0.765793528505393,0.9479798855557482,0.8472028513869518,0.49446198257277363,0.16162606719124537,0.10117289594908771,sv_complexity_low,1.0,8710,109681,29831
fold_c,314159,strict,C+S,complexity,medium,5537,3043,0.6453379953379953,True,0.7423076923076923,0.6619445820549014,0.6761215213339234,8580,0.6453379953379953,0.2584194071711078,0.8221084449006775,0.885132609489409,0.7423076923076923,0.7353523917350694,0.9384143037746072,0.8245655796238991,0.5124781181691563,0.1698088158369536,0.0887286849077898,sv_complexity_medium,1.0,8580,109681,29831
fold_c,314159,strict,C+S+T,complexity,high,10604,6499,0.6200081856984155,True,0.7209261533064375,0.6527739824639476,0.6995877383952573,17103,0.6200081856984155,0.2380509383730101,0.8218003347176588,0.8858457996743716,0.7209261533064375,0.7077306733167082,0.9367219917012448,0.806282722513089,0.5107450627705894,0.17184945242573849,0.07679855722870568,sv_complexity_high,1.0,17103,109681,29831
fold_c,314159,strict,C+S+T,complexity,low,5767,2943,0.6621125143513203,True,0.8129735935706085,0.7449553480760778,0.811879797883762,8710,0.6621125143513203,0.2380509383730101,0.8898975040538157,0.9364365379072229,0.8129735935706085,0.8009892347977887,0.954742500433501,0.8711336128470849,0.41085676204987387,0.13152103235836837,0.07976332884682075,sv_complexity_low,1.0,8710,109681,29831
fold_c,314159,strict,C+S+T,complexity,medium,5537,3043,0.6453379953379953,True,0.7945221445221445,0.7320036730764883,0.7867366462725419,8580,0.6453379953379953,0.2380509383730101,0.8798807009826228,0.9243635914460775,0.7945221445221445,0.7810545129579982,0.9470832580819939,0.8560933801322341,0.43120861167779023,0.13943112583347358,0.07804769542562119,sv_complexity_medium,1.0,8580,109681,29831
fold_c,314159,strict,T,complexity,high,10604,6499,0.6200081856984155,True,0.7212769689528153,0.6499892563919969,0.699513990711346,17103,0.6200081856984155,0.2502322583511673,0.8222223158958557,0.8858177761581616,0.7212769689528153,0.7048501438899417,0.9470011316484346,0.8081767333306507,0.5102808591008718,0.17144677115058632,0.07945222806410461,sv_complexity_high,1.0,17103,109681,29831
fold_c,314159,strict,T,complexity,low,5767,2943,0.6621125143513203,True,0.8115958668197474,0.7436653623634915,0.7981233869509371,8710,0.6621125143513203,0.2502322583511673,0.8864579545907825,0.9317884188055807,0.8115958668197474,0.8003785672684915,0.9531818970001734,0.8701226751088247,0.41757784269385173,0.13390639357560624,0.08321334043386076,sv_complexity_low,1.0,8710,109681,29831
fold_c,314159,strict,T,complexity,medium,5537,3043,0.6453379953379953,True,0.793939393939394,0.7325142940945597,0.7785240850435687,8580,0.6453379953379953,0.2502322583511673,0.87748620979019,0.9214509080172004,0.793939393939394,0.7819841388597935,0.9438324002167239,0.8553191489361702,0.43693984334996294,0.1419542395162904,0.08386025339457857,sv_complexity_medium,1.0,8580,109681,29831
fold_c,314159,strict,S,complexity,high,10604,6499,0.6200081856984155,True,0.6874232590773548,0.6158679549632131,0.6276089209462351,17103,0.6200081856984155,0.2588975124429122,0.7781576050147054,0.8584944382406351,0.6874232590773548,0.6861107178252867,0.9139947189739721,0.7838253133845532,0.5667948827393745,0.1939325471935444,0.10084409664961246,sv_complexity_high,1.0,17103,109681,29831
fold_c,314159,strict,S,complexity,low,5767,2943,0.6621125143513203,True,0.7722158438576349,0.6886360766711321,0.6921330093678117,8710,0.6621125143513203,0.2588975124429122,0.8339971215418834,0.8959755966210643,0.7722158438576349,0.7651759428010655,0.9464192821224207,0.8462015503875969,0.49720926022886014,0.16249431464029035,0.10072929706406702,sv_complexity_low,1.0,8710,109681,29831
fold_c,314159,strict,S,complexity,medium,5537,3043,0.6453379953379953,True,0.7425407925407925,0.662421224978843,0.6659152435564956,8580,0.6453379953379953,0.2588975124429122,0.8179451045756712,0.8815128305527291,0.7425407925407925,0.7356940509915014,0.9380530973451328,0.8246407874890846,0.5167505756595007,0.17134018097648798,0.08968719693495239,sv_complexity_medium,1.0,8580,109681,29831
fold_c,314159,strict,K,complexity,high,10604,6499,0.6200081856984155,True,0.633163772437584,0.5266324015608935,0.44939067029925267,17103,0.6200081856984155,0.2740800866186559,0.6954265778288496,0.7907729618356337,0.633163772437584,0.633214373615555,0.9704828366654092,0.7663836759011021,0.6404090900104898,0.22393342736677968,0.1154363868546324,sv_complexity_high,1.0,17103,109681,29831
fold_c,314159,strict,K,complexity,low,5767,2943,0.6621125143513203,True,0.6818599311136625,0.5413682757196867,0.4587729204133837,8710,0.6621125143513203,0.2740800866186559,0.7040558661502246,0.8171261429135004,0.6818599311136625,0.6816638370118846,0.9746835443037974,0.8022550488831799,0.6196314035018383,0.21460094472664643,0.12665080796087416,sv_complexity_low,1.0,8710,109681,29831
fold_c,314159,strict,K,complexity,medium,5537,3043,0.6453379953379953,True,0.6641025641025641,0.5348912887941552,0.4588771901311169,8580,0.6453379953379953,0.2740800866186559,0.7078037919078245,0.8080842994835651,0.6641025641025641,0.662068123550238,0.9794112335199566,0.7900641025641025,0.6155319162642447,0.21319148148811415,0.10766318488105955,sv_complexity_medium,1.0,8580,109681,29831
fold_c,42,1hop,C,complexity,high,10604,6499,0.6200081856984155,True,0.6877156054493364,0.6284636164609719,0.6128118129037087,17103,0.6200081856984155,0.3313372836173381,0.7697626231444712,0.8528716583091389,0.6877156054493364,0.6978422674986843,0.8753300641267446,0.7765739385065886,0.578521880555638,0.19875973851361078,0.10735319322913649,sv_complexity_high,1.0,17103,109681,29831
fold_c,42,1hop,C,complexity,low,5767,2943,0.6621125143513203,True,0.7489092996555683,0.6689560760866498,0.6381261931082,8710,0.6621125143513203,0.3313372836173381,0.8013788777124301,0.8777273692672138,0.7489092996555683,0.7564469914040115,0.9155540142188313,0.8284302188750294,0.5391843054308366,0.18017993446160033,0.10595923933629964,sv_complexity_low,1.0,8710,109681,29831
fold_c,42,1hop,C,complexity,medium,5537,3043,0.6453379953379953,True,0.7277389277389278,0.6569477249544204,0.6238650009479926,8580,0.6453379953379953,0.3313372836173381,0.7925063435172852,0.8665992072126738,0.7277389277389278,0.7363757199822774,0.9004876286797905,0.810204744881378,0.5506769578608476,0.1854823813484881,0.09875452850755005,sv_complexity_medium,1.0,8580,109681,29831
fold_c,42,1hop,C+T,complexity,high,10604,6499,0.6200081856984155,True,0.7387592819973104,0.6801704730826766,0.7150192151078952,17103,0.6200081856984155,0.2745253022716505,0.8321911260583921,0.8917096345077595,0.7387592819973104,0.7278330610426259,0.9242738589211619,0.814374740340673,0.49608235179954774,0.16624535842229218,0.07196233790576174,sv_complexity_high,1.0,17103,109681,29831
fold_c,42,1hop,C+T,complexity,low,5767,2943,0.6621125143513203,True,0.8412169919632606,0.7922402710631529,0.8232073290539377,8710,0.6621125143513203,0.2745253022716505,0.9040798051835224,0.9402639689329206,0.8412169919632606,0.8374384236453202,0.9432980752557656,0.8872217238848569,0.38602634624241794,0.1217045556690642,0.07995341180050528,sv_complexity_low,1.0,8710,109681,29831
fold_c,42,1hop,C+T,complexity,medium,5537,3043,0.6453379953379953,True,0.8198135198135198,0.7751342787572338,0.8125545495716276,8580,0.6453379953379953,0.2745253022716505,0.8959937957483878,0.933520220786301,0.8198135198135198,0.8169976171564733,0.9288423333935344,0.8693373901284652,0.4041412830521273,0.12887967948324452,0.07236876590058255,sv_complexity_medium,1.0,8580,109681,29831
fold_c,42,1hop,C+S,complexity,high,10604,6499,0.6200081856984155,True,0.6874817283517511,0.6144855280233752,0.6305291848742498,17103,0.6200081856984155,0.2584194071711078,0.7795438845044147,0.8596041146288809,0.6874817283517511,0.684876608310483,0.9186156167483969,0.7847101945462601,0.5646718035089494,0.19313587658268827,0.10038037728590922,sv_complexity_high,1.0,17103,109681,29831
fold_c,42,1hop,C+S,complexity,low,5767,2943,0.6621125143513203,True,0.773593570608496,0.6899260623837185,0.699930140672155,8710,0.6621125143513203,0.2584194071711078,0.8369185320464585,0.8986101497127614,0.773593570608496,0.765793528505393,0.9479798855557482,0.8472028513869518,0.49446198257277363,0.16162606719124537,0.10117289594908771,sv_complexity_low,1.0,8710,109681,29831
fold_c,42,1hop,C+S,complexity,medium,5537,3043,0.6453379953379953,True,0.7423076923076923,0.6619445820549014,0.6761215213339234,8580,0.6453379953379953,0.2584194071711078,0.8221084449006775,0.885132609489409,0.7423076923076923,0.7353523917350694,0.9384143037746072,0.8245655796238991,0.5124781181691563,0.1698088158369536,0.0887286849077898,sv_complexity_medium,1.0,8580,109681,29831
fold_c,42,1hop,C+S+T,complexity,high,10604,6499,0.6200081856984155,True,0.73560194117991,0.6783092706889473,0.7110294079442157,17103,0.6200081856984155,0.2729404777611669,0.8290401102824686,0.8901935404449195,0.73560194117991,0.7275175819242855,0.91701244813278,0.8113475177304964,0.5010479316982427,0.1680437419508377,0.07231602646559289,sv_complexity_high,1.0,17103,109681,29831
fold_c,42,1hop,C+S+T,complexity,low,5767,2943,0.6621125143513203,True,0.8374282433983926,0.787465691853676,0.8325495094637265,8710,0.6621125143513203,0.2729404777611669,0.9056153383272407,0.9434205747820605,0.8374282433983926,0.8342295283453679,0.9415640714409572,0.884652981427175,0.3876559644335211,0.12180549359969021,0.0824393297189981,sv_complexity_low,1.0,8710,109681,29831
fold_c,42,1hop,C+S+T,complexity,medium,5537,3043,0.6453379953379953,True,0.8198135198135198,0.77158180224678,0.8131488233191162,8580,0.6453379953379953,0.2729404777611669,0.895421272281098,0.9337309871049033,0.8198135198135198,0.8122359568142701,0.9375112877009211,0.8703890006706908,0.40433160913417354,0.1287367264367165,0.071898538597214,sv_complexity_medium,1.0,8580,109681,29831
fold_c,42,1hop,T,complexity,high,10604,6499,0.6200081856984155,True,0.7363620417470619,0.6774628850714287,0.7095668082523346,17103,0.6200081856984155,0.2822485928817823,0.8298816493777385,0.8896377645344047,0.7363620417470619,0.7261259924315501,0.9228592983779705,0.8127569453095802,0.49830335883607624,0.16662727876956535,0.06864625684144827,sv_complexity_high,1.0,17103,109681,29831
fold_c,42,1hop,T,complexity,low,5767,2943,0.6621125143513203,True,0.8412169919632606,0.7948192997747328,0.8214704793675236,8710,0.6621125143513203,0.2822485928817823,0.9034417648399765,0.9396771091594285,0.8412169919632606,0.8406900839291265,0.9379226634298595,0.8866486353577575,0.3898962135950694,0.12257529713789352,0.08391917199056423,sv_complexity_low,1.0,8710,109681,29831
fold_c,42,1hop,T,complexity,medium,5537,3043,0.6453379953379953,True,0.818065268065268,0.7746678737743182,0.8061534398627548,8580,0.6453379953379953,0.2822485928817823,0.8941408471234442,0.9312499903848908,0.818065268065268,0.8177749360613811,0.9239660465956294,0.8676333418129398,0.40878764553153984,0.13019437101093495,0.07405163937290471,sv_complexity_medium,1.0,8580,109681,29831
fold_c,42,1hop,S,complexity,high,10604,6499,0.6200081856984155,True,0.6874232590773548,0.6158679549632131,0.6276089209462351,17103,0.6200081856984155,0.2588975124429122,0.7781576050147054,0.8584944382406351,0.6874232590773548,0.6861107178252867,0.9139947189739721,0.7838253133845532,0.5667948827393745,0.1939325471935444,0.10084409664961246,sv_complexity_high,1.0,17103,109681,29831
fold_c,42,1hop,S,complexity,low,5767,2943,0.6621125143513203,True,0.7722158438576349,0.6886360766711321,0.6921330093678117,8710,0.6621125143513203,0.2588975124429122,0.8339971215418834,0.8959755966210643,0.7722158438576349,0.7651759428010655,0.9464192821224207,0.8462015503875969,0.49720926022886014,0.16249431464029035,0.10072929706406702,sv_complexity_low,1.0,8710,109681,29831
fold_c,42,1hop,S,complexity,medium,5537,3043,0.6453379953379953,True,0.7425407925407925,0.662421224978843,0.6659152435564956,8580,0.6453379953379953,0.2588975124429122,0.8179451045756712,0.8815128305527291,0.7425407925407925,0.7356940509915014,0.9380530973451328,0.8246407874890846,0.5167505756595007,0.17134018097648798,0.08968719693495239,sv_complexity_medium,1.0,8580,109681,29831
fold_c,42,1hop,K,complexity,high,10604,6499,0.6200081856984155,True,0.633163772437584,0.5266324015608935,0.44939067029925267,17103,0.6200081856984155,0.2740800866186559,0.6954265778288496,0.7907729618356337,0.633163772437584,0.633214373615555,0.9704828366654092,0.7663836759011021,0.6404090900104898,0.22393342736677968,0.1154363868546324,sv_complexity_high,1.0,17103,109681,29831
fold_c,42,1hop,K,complexity,low,5767,2943,0.6621125143513203,True,0.6818599311136625,0.5413682757196867,0.4587729204133837,8710,0.6621125143513203,0.2740800866186559,0.7040558661502246,0.8171261429135004,0.6818599311136625,0.6816638370118846,0.9746835443037974,0.8022550488831799,0.6196314035018383,0.21460094472664643,0.12665080796087416,sv_complexity_low,1.0,8710,109681,29831
fold_c,42,1hop,K,complexity,medium,5537,3043,0.6453379953379953,True,0.6641025641025641,0.5348912887941552,0.4588771901311169,8580,0.6453379953379953,0.2740800866186559,0.7078037919078245,0.8080842994835651,0.6641025641025641,0.662068123550238,0.9794112335199566,0.7900641025641025,0.6155319162642447,0.21319148148811415,0.10766318488105955,sv_complexity_medium,1.0,8580,109681,29831
fold_c,42,strict,C,complexity,high,10604,6499,0.6200081856984155,True,0.6877156054493364,0.6284636164609719,0.6128118129037087,17103,0.6200081856984155,0.3313372836173381,0.7697626231444712,0.8528716583091389,0.6877156054493364,0.6978422674986843,0.8753300641267446,0.7765739385065886,0.578521880555638,0.19875973851361078,0.10735319322913649,sv_complexity_high,1.0,17103,109681,29831
fold_c,42,strict,C,complexity,low,5767,2943,0.6621125143513203,True,0.7489092996555683,0.6689560760866498,0.6381261931082,8710,0.6621125143513203,0.3313372836173381,0.8013788777124301,0.8777273692672138,0.7489092996555683,0.7564469914040115,0.9155540142188313,0.8284302188750294,0.5391843054308366,0.18017993446160033,0.10595923933629964,sv_complexity_low,1.0,8710,109681,29831
fold_c,42,strict,C,complexity,medium,5537,3043,0.6453379953379953,True,0.7277389277389278,0.6569477249544204,0.6238650009479926,8580,0.6453379953379953,0.3313372836173381,0.7925063435172852,0.8665992072126738,0.7277389277389278,0.7363757199822774,0.9004876286797905,0.810204744881378,0.5506769578608476,0.1854823813484881,0.09875452850755005,sv_complexity_medium,1.0,8580,109681,29831
fold_c,42,strict,C+T,complexity,high,10604,6499,0.6200081856984155,True,0.7191720750745483,0.6484109153199962,0.7017230430431096,17103,0.6200081856984155,0.2497983510404733,0.820511645902753,0.8866571979615956,0.7191720750745483,0.7042174188551714,0.9432289701999246,0.8063852944733342,0.5074059563572925,0.17046731886016941,0.06859324434406021,sv_complexity_high,1.0,17103,109681,29831
fold_c,42,strict,C+T,complexity,low,5767,2943,0.6621125143513203,True,0.8099885189437428,0.7432003099642293,0.8069583482959419,8710,0.6621125143513203,0.2497983510404733,0.8875406611521457,0.9347736416802477,0.8099885189437428,0.8007606787595085,0.949193688226114,0.8686820598270253,0.41646688778543756,0.1335918543161047,0.08365267135045208,sv_complexity_low,1.0,8710,109681,29831
fold_c,42,strict,C+T,complexity,medium,5537,3043,0.6453379953379953,True,0.7965034965034965,0.7360551379299928,0.7972404429416032,8580,0.6453379953379953,0.2497983510404733,0.8814799563964608,0.9280888890292889,0.7965034965034965,0.7844814648056431,0.9440130034314611,0.8568852459016394,0.4292904072977602,0.1394179115177533,0.07968391710317498,sv_complexity_medium,1.0,8580,109681,29831
fold_c,42,strict,C+S,complexity,high,10604,6499,0.6200081856984155,True,0.6874817283517511,0.6144855280233752,0.6305291848742498,17103,0.6200081856984155,0.2584194071711078,0.7795438845044147,0.8596041146288809,0.6874817283517511,0.684876608310483,0.9186156167483969,0.7847101945462601,0.5646718035089494,0.19313587658268827,0.10038037728590922,sv_complexity_high,1.0,17103,109681,29831
fold_c,42,strict,C+S,complexity,low,5767,2943,0.6621125143513203,True,0.773593570608496,0.6899260623837185,0.699930140672155,8710,0.6621125143513203,0.2584194071711078,0.8369185320464585,0.8986101497127614,0.773593570608496,0.765793528505393,0.9479798855557482,0.8472028513869518,0.49446198257277363,0.16162606719124537,0.10117289594908771,sv_complexity_low,1.0,8710,109681,29831
fold_c,42,strict,C+S,complexity,medium,5537,3043,0.6453379953379953,True,0.7423076923076923,0.6619445820549014,0.6761215213339234,8580,0.6453379953379953,0.2584194071711078,0.8221084449006775,0.885132609489409,0.7423076923076923,0.7353523917350694,0.9384143037746072,0.8245655796238991,0.5124781181691563,0.1698088158369536,0.0887286849077898,sv_complexity_medium,1.0,8580,109681,29831
fold_c,42,strict,C+S+T,complexity,high,10604,6499,0.6200081856984155,True,0.7239665555750453,0.6609144203422992,0.6991938884873203,17103,0.6200081856984155,0.2700237695247646,0.8197902831465991,0.8856961399332921,0.7239665555750453,0.7146296971908063,0.9236137306676726,0.8057920934633264,0.5095786341948508,0.17159477535221854,0.07054737748287042,sv_complexity_high,1.0,17103,109681,29831
fold_c,42,strict,C+S+T,complexity,low,5767,2943,0.6621125143513203,True,0.8138920780711826,0.7503910346523252,0.8125695121451145,8710,0.6621125143513203,0.2700237695247646,0.889663887841593,0.9366695837248074,0.8138920780711826,0.8062943262411347,0.9462458817409398,0.8706820901475868,0.4137355294314049,0.13229015462593186,0.08340803264517269,sv_complexity_low,1.0,8710,109681,29831
fold_c,42,strict,C+S+T,complexity,medium,5537,3043,0.6453379953379953,True,0.8011655011655011,0.744403837572009,0.794885470069328,8580,0.6453379953379953,0.2700237695247646,0.8813087008670082,0.9272536696294831,0.8011655011655011,0.7913307984790875,0.9396785262777677,0.8591479524438573,0.4288937165369388,0.1385449083569637,0.07761137584478783,sv_complexity_medium,1.0,8580,109681,29831
fold_c,42,strict,T,complexity,high,10604,6499,0.6200081856984155,True,0.7151961644155996,0.6417199793787733,0.6959511331449816,17103,0.6200081856984155,0.2479523676249288,0.8175715118868359,0.8844639194474206,0.7151961644155996,0.6994919618623425,0.9478498679743493,0.8049493452929164,0.5109514984624332,0.17161212964350595,0.06835856047351244,sv_complexity_high,1.0,17103,109681,29831
fold_c,42,strict,T,complexity,low,5767,2943,0.6621125143513203,True,0.8090700344431687,0.7400108742012933,0.8055169917440658,8710,0.6621125143513203,0.2479523676249288,0.8866078460520421,0.934286625339011,0.8090700344431687,0.7979094076655052,0.9530084966186926,0.8685894903200316,0.42040644589638365,0.13499537878601978,0.08787521941670053,sv_complexity_low,1.0,8710,109681,29831
fold_c,42,strict,T,complexity,medium,5537,3043,0.6453379953379953,True,0.7948717948717948,0.7325706176077986,0.7952480436385355,8580,0.6453379953379953,0.2479523676249288,0.8801198830251437,0.9273822606983757,0.7948717948717948,0.7814875540318974,0.9469026548672567,0.8562796015025315,0.4327776683557261,0.14076870290224858,0.0829205194163292,sv_complexity_medium,1.0,8580,109681,29831
fold_c,42,strict,S,complexity,high,10604,6499,0.6200081856984155,True,0.6874232590773548,0.6158679549632131,0.6276089209462351,17103,0.6200081856984155,0.2588975124429122,0.7781576050147054,0.8584944382406351,0.6874232590773548,0.6861107178252867,0.9139947189739721,0.7838253133845532,0.5667948827393745,0.1939325471935444,0.10084409664961246,sv_complexity_high,1.0,17103,109681,29831
fold_c,42,strict,S,complexity,low,5767,2943,0.6621125143513203,True,0.7722158438576349,0.6886360766711321,0.6921330093678117,8710,0.6621125143513203,0.2588975124429122,0.8339971215418834,0.8959755966210643,0.7722158438576349,0.7651759428010655,0.9464192821224207,0.8462015503875969,0.49720926022886014,0.16249431464029035,0.10072929706406702,sv_complexity_low,1.0,8710,109681,29831
fold_c,42,strict,S,complexity,medium,5537,3043,0.6453379953379953,True,0.7425407925407925,0.662421224978843,0.6659152435564956,8580,0.6453379953379953,0.2588975124429122,0.8179451045756712,0.8815128305527291,0.7425407925407925,0.7356940509915014,0.9380530973451328,0.8246407874890846,0.5167505756595007,0.17134018097648798,0.08968719693495239,sv_complexity_medium,1.0,8580,109681,29831
fold_c,42,strict,K,complexity,high,10604,6499,0.6200081856984155,True,0.633163772437584,0.5266324015608935,0.44939067029925267,17103,0.6200081856984155,0.2740800866186559,0.6954265778288496,0.7907729618356337,0.633163772437584,0.633214373615555,0.9704828366654092,0.7663836759011021,0.6404090900104898,0.22393342736677968,0.1154363868546324,sv_complexity_high,1.0,17103,109681,29831
fold_c,42,strict,K,complexity,low,5767,2943,0.6621125143513203,True,0.6818599311136625,0.5413682757196867,0.4587729204133837,8710,0.6621125143513203,0.2740800866186559,0.7040558661502246,0.8171261429135004,0.6818599311136625,0.6816638370118846,0.9746835443037974,0.8022550488831799,0.6196314035018383,0.21460094472664643,0.12665080796087416,sv_complexity_low,1.0,8710,109681,29831
fold_c,42,strict,K,complexity,medium,5537,3043,0.6453379953379953,True,0.6641025641025641,0.5348912887941552,0.4588771901311169,8580,0.6453379953379953,0.2740800866186559,0.7078037919078245,0.8080842994835651,0.6641025641025641,0.662068123550238,0.9794112335199566,0.7900641025641025,0.6155319162642447,0.21319148148811415,0.10766318488105955,sv_complexity_medium,1.0,8580,109681,29831
fold_d,20260806,1hop,C,complexity,high,11200,6879,0.619503291111234,True,0.6794070468499364,0.6057784886196084,0.5822171479237297,18079,0.619503291111234,0.2831886003716845,0.7608209444375221,0.841034999754817,0.6794070468499364,0.679344218770742,0.9138392857142857,0.7793345008756567,0.5862603732147142,0.20208193145530642,0.10491232223800576,sv_complexity_high,1.0,18079,116366,27708
fold_d,20260806,1hop,C,complexity,low,3850,2235,0.6327033689400164,True,0.7124075595727198,0.6283959441006421,0.19828183661641374,6085,0.6327033689400164,0.2831886003716845,0.6777115546645748,0.7055316195296113,0.7124075595727198,0.7028593508500772,0.944935064935065,0.806115665854199,0.7068934899528504,0.2174866709650853,0.14667779443506895,sv_complexity_low,1.0,6085,116366,27708
fold_d,20260806,1hop,C,complexity,medium,3596,2071,0.6345509087700724,True,0.7210164107993647,0.6488113301490094,0.669569834680228,5667,0.6345509087700724,0.2831886003716845,0.8116338825960924,0.8792445963689346,0.7210164107993647,0.7199301462562759,0.9171301446051168,0.8066528066528067,0.5333930245967532,0.1784489222773404,0.09450129377595466,sv_complexity_medium,1.0,5667,116366,27708
fold_d,20260806,1hop,C+T,complexity,high,11200,6879,0.619503291111234,True,0.7495436694507439,0.6961763934749652,0.718078002289052,18079,0.619503291111234,0.2620660697645993,0.8375059316138143,0.8927296077076381,0.7495436694507439,0.7395863257684573,0.9194642857142857,0.8197739213501035,0.4970527100187186,0.16617293129783725,0.0844346475132839,sv_complexity_high,1.0,18079,116366,27708
fold_d,20260806,1hop,C+T,complexity,low,3850,2235,0.6327033689400164,True,0.7930977814297453,0.7394593102646794,0.7547805665549041,6085,0.6327033689400164,0.2620660697645993,0.8690750457596095,0.9099317282251784,0.7930977814297453,0.7780639622236531,0.9415584415584416,0.8520390175108709,0.4346262641994517,0.14249721862433817,0.07970249503612556,sv_complexity_low,1.0,6085,116366,27708
fold_d,20260806,1hop,C+T,complexity,medium,3596,2071,0.6345509087700724,True,0.8244220928180696,0.7822003927320931,0.8523549771411366,5667,0.6345509087700724,0.2620660697645993,0.9119494190927309,0.9460432605716065,0.8244220928180696,0.8131471225620034,0.9390989988876529,0.8715963350109691,0.3825337335648515,0.12125160683337638,0.07461211392971759,sv_complexity_medium,1.0,5667,116366,27708
fold_d,20260806,1hop,C+S,complexity,high,11200,6879,0.619503291111234,True,0.6802920515515238,0.598781189645505,0.617944967289182,18079,0.619503291111234,0.2289536589789537,0.7748186963948248,0.8546293174391439,0.6802920515515238,0.6733623336745138,0.9398214285714286,0.7845855694692904,0.5698988788361458,0.19525624675930292,0.09980205476019337,sv_complexity_high,1.0,18079,116366,27708
fold_d,20260806,1hop,C+S,complexity,low,3850,2235,0.6327033689400164,True,0.7301561216105177,0.6455187541764723,0.5290049201062491,6085,0.6327033689400164,0.2289536589789537,0.7668451146169268,0.8270050939091975,0.7301561216105177,0.7115753162131084,0.9644155844155844,0.8189236876929863,0.5415894495546459,0.1818224801908637,0.08478030560344871,sv_complexity_low,1.0,6085,116366,27708
fold_d,20260806,1hop,C+S,complexity,medium,3596,2071,0.6345509087700724,True,0.7462502205752602,0.6703327077835827,0.7148106528080302,5667,0.6345509087700724,0.2289536589789537,0.837837886830638,0.8957778122402383,0.7462502205752602,0.7299658994032395,0.9524471635150167,0.826496138996139,0.500337392782999,0.16555252176552182,0.09361770507037236,sv_complexity_medium,1.0,5667,116366,27708
fold_d,20260806,1hop,C+S+T,complexity,high,11200,6879,0.619503291111234,True,0.7382045467116544,0.6758918836832596,0.7191730253631125,18079,0.619503291111234,0.2249670386181834,0.8360963166884721,0.8931462603834753,0.7382045467116544,0.7228002480534693,0.9366071428571429,0.8159296853731576,0.4984121171481118,0.16644493616195896,0.0813331390338631,sv_complexity_high,1.0,18079,116366,27708
fold_d,20260806,1hop,C+S+T,complexity,low,3850,2235,0.6327033689400164,True,0.7876746096959737,0.7301060460792004,0.7587219341377036,6085,0.6327033689400164,0.2249670386181834,0.8673016066707342,0.9113793792601097,0.7876746096959737,0.7701732150401351,0.947012987012987,0.8494874184529357,0.4425213143605075,0.145023639689311,0.0826915687608402,sv_complexity_low,1.0,6085,116366,27708
fold_d,20260806,1hop,C+S+T,complexity,medium,3596,2071,0.6345509087700724,True,0.8244220928180696,0.7786168869428932,0.8482559912502085,5667,0.6345509087700724,0.2249670386181834,0.9108649344273829,0.9445452899028025,0.8244220928180696,0.8079564290788539,0.9488320355951056,0.8727458754316408,0.38709056256229124,0.12247254093972407,0.0768112402292053,sv_complexity_medium,1.0,5667,116366,27708
fold_d,20260806,1hop,T,complexity,high,11200,6879,0.619503291111234,True,0.7462802146136401,0.6897006936224119,0.7173814648666651,18079,0.619503291111234,0.2481756442573962,0.8370949953793118,0.892464577510802,0.7462802146136401,0.7338567083952189,0.9264285714285714,0.8189747030269545,0.4988366435191489,0.16670471038795076,0.0865440591411242,sv_complexity_high,1.0,18079,116366,27708
fold_d,20260806,1hop,T,complexity,low,3850,2235,0.6327033689400164,True,0.7883319638455217,0.7267779424155263,0.77210069866766,6085,0.6327033689400164,0.2481756442573962,0.8751078764635812,0.9162933543997075,0.7883319638455217,0.7657676348547718,0.9587012987012987,0.851441753171857,0.42278123870222406,0.13749200638509876,0.050961665720702716,sv_complexity_low,1.0,6085,116366,27708
fold_d,20260806,1hop,T,complexity,medium,3596,2071,0.6345509087700724,True,0.8242456326098465,0.7804231752754952,0.8510339182739182,5667,0.6345509087700724,0.2481756442573962,0.911664685639766,0.9455604808091203,0.8242456326098465,0.8107074569789675,0.9432703003337041,0.8719794344473007,0.38470800503462577,0.12174980335956062,0.07662065740693762,sv_complexity_medium,1.0,5667,116366,27708
fold_d,20260806,1hop,S,complexity,high,11200,6879,0.619503291111234,True,0.6769179711267216,0.5912066875376405,0.6134376568720885,18079,0.619503291111234,0.2165074367948356,0.7725399572716134,0.8529143006594998,0.6769179711267216,0.668342024250801,0.9498214285714286,0.7846000663790242,0.5725851983222601,0.19627306563282604,0.10011752436212012,sv_complexity_high,1.0,18079,116366,27708
fold_d,20260806,1hop,S,complexity,low,3850,2235,0.6327033689400164,True,0.724239934264585,0.6358697231180452,0.6426483107111944,6085,0.6327033689400164,0.2165074367948356,0.811337284639298,0.8687459284206277,0.724239934264585,0.7053706505295008,0.9688311688311688,0.8163711971985117,0.5314925307024032,0.1781528837522962,0.10210047055792837,sv_complexity_low,1.0,6085,116366,27708
fold_d,20260806,1hop,S,complexity,medium,3596,2071,0.6345509087700724,True,0.740956414328569,0.6600182535560462,0.7014340333117524,5667,0.6345509087700724,0.2165074367948356,0.8335790370651655,0.890889338801595,0.740956414328569,0.7225010455876203,0.960789766407119,0.8247791835760324,0.5043566492095064,0.16685105146322968,0.09279065227560665,sv_complexity_medium,1.0,5667,116366,27708
fold_d,20260806,1hop,K,complexity,high,11200,6879,0.619503291111234,True,0.6332208639858399,0.5297474845804,0.39983838382138603,18079,0.619503291111234,0.2856648361751618,0.6731034540942413,0.7716404802426746,0.6332208639858399,0.6344218887908208,0.9626785714285714,0.7648164568185849,0.6524106848915844,0.22913225180716087,0.11648772626132439,sv_complexity_high,1.0,18079,116366,27708
fold_d,20260806,1hop,K,complexity,low,3850,2235,0.6327033689400164,True,0.6619556285949055,0.5478915715157326,0.28711391999897823,6085,0.6327033689400164,0.2856648361751618,0.6397092884743891,0.7381593444860668,0.6619556285949055,0.6563208369659983,0.9776623376623377,0.7853938445487741,0.6340816631648138,0.2220096158912952,0.11601685076582634,sv_complexity_low,1.0,6085,116366,27708
fold_d,20260806,1hop,K,complexity,medium,3596,2071,0.6345509087700724,True,0.6622551614610905,0.5490644548989193,0.48244474974545953,5667,0.6345509087700724,0.2856648361751618,0.7146041607473081,0.8108599041332004,0.6622551614610905,0.6589191232048375,0.9696885428253615,0.7846534653465347,0.617201215872052,0.21451840758067803,0.1098722166369495,sv_complexity_medium,1.0,5667,116366,27708
fold_d,20260806,strict,C,complexity,high,11200,6879,0.619503291111234,True,0.6794070468499364,0.6057784886196084,0.5822171479237297,18079,0.619503291111234,0.2831886003716845,0.7608209444375221,0.841034999754817,0.6794070468499364,0.679344218770742,0.9138392857142857,0.7793345008756567,0.5862603732147142,0.20208193145530642,0.10491232223800576,sv_complexity_high,1.0,18079,116366,27708
fold_d,20260806,strict,C,complexity,low,3850,2235,0.6327033689400164,True,0.7124075595727198,0.6283959441006421,0.19828183661641374,6085,0.6327033689400164,0.2831886003716845,0.6777115546645748,0.7055316195296113,0.7124075595727198,0.7028593508500772,0.944935064935065,0.806115665854199,0.7068934899528504,0.2174866709650853,0.14667779443506895,sv_complexity_low,1.0,6085,116366,27708
fold_d,20260806,strict,C,complexity,medium,3596,2071,0.6345509087700724,True,0.7210164107993647,0.6488113301490094,0.669569834680228,5667,0.6345509087700724,0.2831886003716845,0.8116338825960924,0.8792445963689346,0.7210164107993647,0.7199301462562759,0.9171301446051168,0.8066528066528067,0.5333930245967532,0.1784489222773404,0.09450129377595466,sv_complexity_medium,1.0,5667,116366,27708
fold_d,20260806,strict,C+T,complexity,high,11200,6879,0.619503291111234,True,0.7303501299850655,0.6777689409278758,0.6893812713874689,18079,0.619503291111234,0.2655486207296068,0.8162819554337216,0.8818105960437191,0.7303501299850655,0.7294160319187523,0.8977678571428571,0.8048829297578547,0.5299433265903177,0.17977225631885546,0.1030867593465989,sv_complexity_high,1.0,18079,116366,27708
fold_d,20260806,strict,C+T,complexity,low,3850,2235,0.6327033689400164,True,0.7671322925225965,0.7052386763125018,0.6760901305642457,6085,0.6327033689400164,0.2655486207296068,0.8281082541619456,0.8810289961891683,0.7671322925225965,0.7538076361360317,0.9384415584415584,0.8360522966562536,0.4884079481472121,0.1630129071149157,0.09548839614272271,sv_complexity_low,1.0,6085,116366,27708
fold_d,20260806,strict,C+T,complexity,medium,3596,2071,0.6345509087700724,True,0.8087171342862185,0.7611227320017038,0.8244040985600438,5667,0.6345509087700724,0.2655486207296068,0.8928717406378353,0.935828637395068,0.8087171342862185,0.7966461974492206,0.9379866518353727,0.8615581098339719,0.4153735326179367,0.13465794715020182,0.08020941397054202,sv_complexity_medium,1.0,5667,116366,27708
fold_d,20260806,strict,C+S,complexity,high,11200,6879,0.619503291111234,True,0.6802920515515238,0.598781189645505,0.617944967289182,18079,0.619503291111234,0.2289536589789537,0.7748186963948248,0.8546293174391439,0.6802920515515238,0.6733623336745138,0.9398214285714286,0.7845855694692904,0.5698988788361458,0.19525624675930292,0.09980205476019337,sv_complexity_high,1.0,18079,116366,27708
fold_d,20260806,strict,C+S,complexity,low,3850,2235,0.6327033689400164,True,0.7301561216105177,0.6455187541764723,0.5290049201062491,6085,0.6327033689400164,0.2289536589789537,0.7668451146169268,0.8270050939091975,0.7301561216105177,0.7115753162131084,0.9644155844155844,0.8189236876929863,0.5415894495546459,0.1818224801908637,0.08478030560344871,sv_complexity_low,1.0,6085,116366,27708
fold_d,20260806,strict,C+S,complexity,medium,3596,2071,0.6345509087700724,True,0.7462502205752602,0.6703327077835827,0.7148106528080302,5667,0.6345509087700724,0.2289536589789537,0.837837886830638,0.8957778122402383,0.7462502205752602,0.7299658994032395,0.9524471635150167,0.826496138996139,0.500337392782999,0.16555252176552182,0.09361770507037236,sv_complexity_medium,1.0,5667,116366,27708
fold_d,20260806,strict,C+S+T,complexity,high,11200,6879,0.619503291111234,True,0.7283588694064937,0.6661507590388969,0.6898246256513892,18079,0.619503291111234,0.2348717966447029,0.817144972795049,0.8819792908820127,0.7283588694064937,0.7174168568070248,0.9264285714285714,0.808634999805167,0.525966856680727,0.17802454059608538,0.09643431558944968,sv_complexity_high,1.0,18079,116366,27708
fold_d,20260806,strict,C+S+T,complexity,low,3850,2235,0.6327033689400164,True,0.7697617091207888,0.7061904761904763,0.7042809997108505,6085,0.6327033689400164,0.2348717966447029,0.8380389319852407,0.8913834074533691,0.7697617091207888,0.7533623008483343,0.9457142857142857,0.8386502360935161,0.47075644957544666,0.1569385436866587,0.09264109664753814,sv_complexity_low,1.0,6085,116366,27708
fold_d,20260806,strict,C+S+T,complexity,medium,3596,2071,0.6345509087700724,True,0.8035997882477501,0.7492067612009481,0.8242723617829073,5667,0.6345509087700724,0.2348717966447029,0.89414441390697,0.935780494309582,0.8035997882477501,0.7848130305115852,0.9513348164627363,0.860087994971716,0.4142581670964643,0.13351956769420092,0.08035399720386943,sv_complexity_medium,1.0,5667,116366,27708
fold_d,20260806,strict,T,complexity,high,11200,6879,0.619503291111234,True,0.726644172797168,0.6662250210267273,0.6798210478256292,18079,0.619503291111234,0.2473071403481817,0.8115963114966878,0.8781729624421983,0.726644172797168,0.7183835845896147,0.9190178571428571,0.80640864932623,0.5350675126676337,0.18201031883614743,0.10440646124762819,sv_complexity_high,1.0,18079,116366,27708
fold_d,20260806,strict,T,complexity,low,3850,2235,0.6327033689400164,True,0.7643385373870173,0.6941157500217903,0.7185775266076361,6085,0.6327033689400164,0.2473071403481817,0.8435664603852523,0.8966344736184169,0.7643385373870173,0.743254128070882,0.9587012987012987,0.8373411978221416,0.4621193609818607,0.154264726626401,0.08538349908571749,sv_complexity_low,1.0,6085,116366,27708
fold_d,20260806,strict,T,complexity,medium,3596,2071,0.6345509087700724,True,0.8043056290806423,0.7524249675990652,0.8218897721688968,5667,0.6345509087700724,0.2473071403481817,0.8918411008744627,0.934909779100368,0.8043056290806423,0.7884481558803061,0.9452169076751946,0.8597445301631466,0.4174383506338518,0.13509166035647793,0.08054803383646396,sv_complexity_medium,1.0,5667,116366,27708
fold_d,20260806,strict,S,complexity,high,11200,6879,0.619503291111234,True,0.6769179711267216,0.5912066875376405,0.6134376568720885,18079,0.619503291111234,0.2165074367948356,0.7725399572716134,0.8529143006594998,0.6769179711267216,0.668342024250801,0.9498214285714286,0.7846000663790242,0.5725851983222601,0.19627306563282604,0.10011752436212012,sv_complexity_high,1.0,18079,116366,27708
fold_d,20260806,strict,S,complexity,low,3850,2235,0.6327033689400164,True,0.724239934264585,0.6358697231180452,0.6426483107111944,6085,0.6327033689400164,0.2165074367948356,0.811337284639298,0.8687459284206277,0.724239934264585,0.7053706505295008,0.9688311688311688,0.8163711971985117,0.5314925307024032,0.1781528837522962,0.10210047055792837,sv_complexity_low,1.0,6085,116366,27708
fold_d,20260806,strict,S,complexity,medium,3596,2071,0.6345509087700724,True,0.740956414328569,0.6600182535560462,0.7014340333117524,5667,0.6345509087700724,0.2165074367948356,0.8335790370651655,0.890889338801595,0.740956414328569,0.7225010455876203,0.960789766407119,0.8247791835760324,0.5043566492095064,0.16685105146322968,0.09279065227560665,sv_complexity_medium,1.0,5667,116366,27708
fold_d,20260806,strict,K,complexity,high,11200,6879,0.619503291111234,True,0.6332208639858399,0.5297474845804,0.39983838382138603,18079,0.619503291111234,0.2856648361751618,0.6731034540942413,0.7716404802426746,0.6332208639858399,0.6344218887908208,0.9626785714285714,0.7648164568185849,0.6524106848915844,0.22913225180716087,0.11648772626132439,sv_complexity_high,1.0,18079,116366,27708
fold_d,20260806,strict,K,complexity,low,3850,2235,0.6327033689400164,True,0.6619556285949055,0.5478915715157326,0.28711391999897823,6085,0.6327033689400164,0.2856648361751618,0.6397092884743891,0.7381593444860668,0.6619556285949055,0.6563208369659983,0.9776623376623377,0.7853938445487741,0.6340816631648138,0.2220096158912952,0.11601685076582634,sv_complexity_low,1.0,6085,116366,27708
fold_d,20260806,strict,K,complexity,medium,3596,2071,0.6345509087700724,True,0.6622551614610905,0.5490644548989193,0.48244474974545953,5667,0.6345509087700724,0.2856648361751618,0.7146041607473081,0.8108599041332004,0.6622551614610905,0.6589191232048375,0.9696885428253615,0.7846534653465347,0.617201215872052,0.21451840758067803,0.1098722166369495,sv_complexity_medium,1.0,5667,116366,27708
fold_d,314159,1hop,C,complexity,high,11200,6879,0.619503291111234,True,0.6794070468499364,0.6057784886196084,0.5822171479237297,18079,0.619503291111234,0.2831886003716845,0.7608209444375221,0.841034999754817,0.6794070468499364,0.679344218770742,0.9138392857142857,0.7793345008756567,0.5862603732147142,0.20208193145530642,0.10491232223800576,sv_complexity_high,1.0,18079,116366,27708
fold_d,314159,1hop,C,complexity,low,3850,2235,0.6327033689400164,True,0.7124075595727198,0.6283959441006421,0.19828183661641374,6085,0.6327033689400164,0.2831886003716845,0.6777115546645748,0.7055316195296113,0.7124075595727198,0.7028593508500772,0.944935064935065,0.806115665854199,0.7068934899528504,0.2174866709650853,0.14667779443506895,sv_complexity_low,1.0,6085,116366,27708
fold_d,314159,1hop,C,complexity,medium,3596,2071,0.6345509087700724,True,0.7210164107993647,0.6488113301490094,0.669569834680228,5667,0.6345509087700724,0.2831886003716845,0.8116338825960924,0.8792445963689346,0.7210164107993647,0.7199301462562759,0.9171301446051168,0.8066528066528067,0.5333930245967532,0.1784489222773404,0.09450129377595466,sv_complexity_medium,1.0,5667,116366,27708
fold_d,314159,1hop,C+T,complexity,high,11200,6879,0.619503291111234,True,0.7370429780408209,0.6785998600814072,0.7054539663473359,18079,0.619503291111234,0.2390679064627805,0.8305585905862563,0.8879262035789216,0.7370429780408209,0.7264614952220348,0.923125,0.8130701478452343,0.5047484649701719,0.1695843257556112,0.08190606507004292,sv_complexity_high,1.0,18079,116366,27708
fold_d,314159,1hop,C+T,complexity,low,3850,2235,0.6327033689400164,True,0.7896466721446179,0.7290368691710973,0.76904194512918,6085,0.6327033689400164,0.2390679064627805,0.8750237368895089,0.915169884529781,0.7896466721446179,0.7675968346522283,0.9574025974025974,0.8520573277854832,0.44072609861379747,0.14471326939768211,0.08732502514736375,sv_complexity_low,1.0,6085,116366,27708
fold_d,314159,1hop,C+T,complexity,medium,3596,2071,0.6345509087700724,True,0.8208928886536087,0.7769622639887981,0.8430433657352849,5667,0.6345509087700724,0.2390679064627805,0.9076398799245258,0.9426403406454518,0.8208928886536087,0.8086582157378618,0.9402113459399333,0.8694869486948695,0.38898888438019624,0.12375662526837941,0.07513995756721717,sv_complexity_medium,1.0,5667,116366,27708
fold_d,314159,1hop,C+S,complexity,high,11200,6879,0.619503291111234,True,0.6802920515515238,0.598781189645505,0.617944967289182,18079,0.619503291111234,0.2289536589789537,0.7748186963948248,0.8546293174391439,0.6802920515515238,0.6733623336745138,0.9398214285714286,0.7845855694692904,0.5698988788361458,0.19525624675930292,0.09980205476019337,sv_complexity_high,1.0,18079,116366,27708
fold_d,314159,1hop,C+S,complexity,low,3850,2235,0.6327033689400164,True,0.7301561216105177,0.6455187541764723,0.5290049201062491,6085,0.6327033689400164,0.2289536589789537,0.7668451146169268,0.8270050939091975,0.7301561216105177,0.7115753162131084,0.9644155844155844,0.8189236876929863,0.5415894495546459,0.1818224801908637,0.08478030560344871,sv_complexity_low,1.0,6085,116366,27708
fold_d,314159,1hop,C+S,complexity,medium,3596,2071,0.6345509087700724,True,0.7462502205752602,0.6703327077835827,0.7148106528080302,5667,0.6345509087700724,0.2289536589789537,0.837837886830638,0.8957778122402383,0.7462502205752602,0.7299658994032395,0.9524471635150167,0.826496138996139,0.500337392782999,0.16555252176552182,0.09361770507037236,sv_complexity_medium,1.0,5667,116366,27708
fold_d,314159,1hop,C+S+T,complexity,high,11200,6879,0.619503291111234,True,0.7339454615852646,0.6749501329096838,0.7059604730756441,18079,0.619503291111234,0.244598912047857,0.828966873818869,0.8881189277220729,0.7339454615852646,0.7240847243652686,0.9217857142857143,0.8110613559588341,0.507186249972054,0.17001600713568568,0.0807850104846925,sv_complexity_high,1.0,18079,116366,27708
fold_d,314159,1hop,C+S+T,complexity,low,3850,2235,0.6327033689400164,True,0.7863599013968776,0.7257825619570586,0.7748928184840552,6085,0.6327033689400164,0.244598912047857,0.8748124582352771,0.9173188906017853,0.7863599013968776,0.7658465387823186,0.954025974025974,0.8496414526948878,0.4522395723944681,0.14935727942755597,0.10039077933258693,sv_complexity_low,1.0,6085,116366,27708
fold_d,314159,1hop,C+S+T,complexity,medium,3596,2071,0.6345509087700724,True,0.8253043938591847,0.7822812943616198,0.847587545311882,5667,0.6345509087700724,0.244598912047857,0.9089336346141349,0.9443010069421047,0.8253043938591847,0.8124700239808154,0.9421579532814238,0.8725212464589235,0.38946513166134933,0.12366605728038682,0.0755005538301136,sv_complexity_medium,1.0,5667,116366,27708
fold_d,314159,1hop,T,complexity,high,11200,6879,0.619503291111234,True,0.740140494496377,0.6856146423898822,0.706459170378413,18079,0.619503291111234,0.2589410678380488,0.8302342338483584,0.8883086804045082,0.740140494496377,0.732779607618502,0.91375,0.8133195581339903,0.505594141756935,0.16990402725477166,0.08420179968227676,sv_complexity_high,1.0,18079,116366,27708
fold_d,314159,1hop,T,complexity,low,3850,2235,0.6327033689400164,True,0.781101068200493,0.761322525349371,0.7662573687439642,6085,0.6327033689400164,0.2589410678380488,0.867869083936198,0.914147119004562,0.781101068200493,0.821337417049515,0.8358441558441558,0.8285272914521112,0.4821080941565475,0.15986825763612905,0.11672888898471231,sv_complexity_low,1.0,6085,116366,27708
fold_d,314159,1hop,T,complexity,medium,3596,2071,0.6345509087700724,True,0.8214222692782778,0.7808605140429116,0.8398885121434934,5667,0.6345509087700724,0.2589410678380488,0.9062935559602949,0.941487402267368,0.8214222692782778,0.8138969873663752,0.9315906562847609,0.8687759336099585,0.3927255798327898,0.12495784561039862,0.07829323544950177,sv_complexity_medium,1.0,5667,116366,27708
fold_d,314159,1hop,S,complexity,high,11200,6879,0.619503291111234,True,0.6769179711267216,0.5912066875376405,0.6134376568720885,18079,0.619503291111234,0.2165074367948356,0.7725399572716134,0.8529143006594998,0.6769179711267216,0.668342024250801,0.9498214285714286,0.7846000663790242,0.5725851983222601,0.19627306563282604,0.10011752436212012,sv_complexity_high,1.0,18079,116366,27708
fold_d,314159,1hop,S,complexity,low,3850,2235,0.6327033689400164,True,0.724239934264585,0.6358697231180452,0.6426483107111944,6085,0.6327033689400164,0.2165074367948356,0.811337284639298,0.8687459284206277,0.724239934264585,0.7053706505295008,0.9688311688311688,0.8163711971985117,0.5314925307024032,0.1781528837522962,0.10210047055792837,sv_complexity_low,1.0,6085,116366,27708
fold_d,314159,1hop,S,complexity,medium,3596,2071,0.6345509087700724,True,0.740956414328569,0.6600182535560462,0.7014340333117524,5667,0.6345509087700724,0.2165074367948356,0.8335790370651655,0.890889338801595,0.740956414328569,0.7225010455876203,0.960789766407119,0.8247791835760324,0.5043566492095064,0.16685105146322968,0.09279065227560665,sv_complexity_medium,1.0,5667,116366,27708
fold_d,314159,1hop,K,complexity,high,11200,6879,0.619503291111234,True,0.6332208639858399,0.5297474845804,0.39983838382138603,18079,0.619503291111234,0.2856648361751618,0.6731034540942413,0.7716404802426746,0.6332208639858399,0.6344218887908208,0.9626785714285714,0.7648164568185849,0.6524106848915844,0.22913225180716087,0.11648772626132439,sv_complexity_high,1.0,18079,116366,27708
fold_d,314159,1hop,K,complexity,low,3850,2235,0.6327033689400164,True,0.6619556285949055,0.5478915715157326,0.28711391999897823,6085,0.6327033689400164,0.2856648361751618,0.6397092884743891,0.7381593444860668,0.6619556285949055,0.6563208369659983,0.9776623376623377,0.7853938445487741,0.6340816631648138,0.2220096158912952,0.11601685076582634,sv_complexity_low,1.0,6085,116366,27708
fold_d,314159,1hop,K,complexity,medium,3596,2071,0.6345509087700724,True,0.6622551614610905,0.5490644548989193,0.48244474974545953,5667,0.6345509087700724,0.2856648361751618,0.7146041607473081,0.8108599041332004,0.6622551614610905,0.6589191232048375,0.9696885428253615,0.7846534653465347,0.617201215872052,0.21451840758067803,0.1098722166369495,sv_complexity_medium,1.0,5667,116366,27708
fold_d,314159,strict,C,complexity,high,11200,6879,0.619503291111234,True,0.6794070468499364,0.6057784886196084,0.5822171479237297,18079,0.619503291111234,0.2831886003716845,0.7608209444375221,0.841034999754817,0.6794070468499364,0.679344218770742,0.9138392857142857,0.7793345008756567,0.5862603732147142,0.20208193145530642,0.10491232223800576,sv_complexity_high,1.0,18079,116366,27708
fold_d,314159,strict,C,complexity,low,3850,2235,0.6327033689400164,True,0.7124075595727198,0.6283959441006421,0.19828183661641374,6085,0.6327033689400164,0.2831886003716845,0.6777115546645748,0.7055316195296113,0.7124075595727198,0.7028593508500772,0.944935064935065,0.806115665854199,0.7068934899528504,0.2174866709650853,0.14667779443506895,sv_complexity_low,1.0,6085,116366,27708
fold_d,314159,strict,C,complexity,medium,3596,2071,0.6345509087700724,True,0.7210164107993647,0.6488113301490094,0.669569834680228,5667,0.6345509087700724,0.2831886003716845,0.8116338825960924,0.8792445963689346,0.7210164107993647,0.7199301462562759,0.9171301446051168,0.8066528066528067,0.5333930245967532,0.1784489222773404,0.09450129377595466,sv_complexity_medium,1.0,5667,116366,27708
fold_d,314159,strict,C+T,complexity,high,11200,6879,0.619503291111234,True,0.73073731954201,0.6661915794446868,0.6981252156464562,18079,0.619503291111234,0.2485503312397189,0.8223158474030695,0.8851376380569707,0.73073731954201,0.7162568306010929,0.93625,0.811609907120743,0.5134866789128842,0.17330148318851984,0.0894270052267562,sv_complexity_high,1.0,18079,116366,27708
fold_d,314159,strict,C+T,complexity,low,3850,2235,0.6327033689400164,True,0.7557929334428923,0.7233045701502078,0.7411584621892514,6085,0.6327033689400164,0.2485503312397189,0.853115372323426,0.9049283751837267,0.7557929334428923,0.7849566055930569,0.8457142857142858,0.8142035508877219,0.4828230018081111,0.16234607313206284,0.1059003619423374,sv_complexity_low,1.0,6085,116366,27708
fold_d,314159,strict,C+T,complexity,medium,3596,2071,0.6345509087700724,True,0.8034233280395271,0.7488629460600302,0.8133538530978893,5667,0.6345509087700724,0.2485503312397189,0.8906524175958159,0.9317903352330561,0.8034233280395271,0.7845025217790005,0.9516129032258065,0.8600150791656195,0.4183435618146691,0.13530190657443647,0.08243730836293313,sv_complexity_medium,1.0,5667,116366,27708
fold_d,314159,strict,C+S,complexity,high,11200,6879,0.619503291111234,True,0.6802920515515238,0.598781189645505,0.617944967289182,18079,0.619503291111234,0.2289536589789537,0.7748186963948248,0.8546293174391439,0.6802920515515238,0.6733623336745138,0.9398214285714286,0.7845855694692904,0.5698988788361458,0.19525624675930292,0.09980205476019337,sv_complexity_high,1.0,18079,116366,27708
fold_d,314159,strict,C+S,complexity,low,3850,2235,0.6327033689400164,True,0.7301561216105177,0.6455187541764723,0.5290049201062491,6085,0.6327033689400164,0.2289536589789537,0.7668451146169268,0.8270050939091975,0.7301561216105177,0.7115753162131084,0.9644155844155844,0.8189236876929863,0.5415894495546459,0.1818224801908637,0.08478030560344871,sv_complexity_low,1.0,6085,116366,27708
fold_d,314159,strict,C+S,complexity,medium,3596,2071,0.6345509087700724,True,0.7462502205752602,0.6703327077835827,0.7148106528080302,5667,0.6345509087700724,0.2289536589789537,0.837837886830638,0.8957778122402383,0.7462502205752602,0.7299658994032395,0.9524471635150167,0.826496138996139,0.500337392782999,0.16555252176552182,0.09361770507037236,sv_complexity_medium,1.0,5667,116366,27708
fold_d,314159,strict,C+S+T,complexity,high,11200,6879,0.619503291111234,True,0.7316776370374468,0.6724748068656159,0.6975243488694209,18079,0.619503291111234,0.2655069371769709,0.8213333605902021,0.8849090102258281,0.7316776370374468,0.722568884526397,0.9201785714285714,0.8094882771079606,0.5137517120728765,0.17318013454949102,0.08395007104900036,sv_complexity_high,1.0,18079,116366,27708
fold_d,314159,strict,C+S+T,complexity,low,3850,2235,0.6327033689400164,True,0.772391125718981,0.7047961881518928,0.7537327697315118,6085,0.6327033689400164,0.2655069371769709,0.8601370754525116,0.9095468759819111,0.772391125718981,0.750355474304286,0.9594805194805195,0.8421292602302519,0.46862056230466365,0.15651979038203878,0.10062966933036946,sv_complexity_low,1.0,6085,116366,27708
fold_d,314159,strict,C+S+T,complexity,medium,3596,2071,0.6345509087700724,True,0.8081877536615493,0.7582483407445044,0.8184816750046053,5667,0.6345509087700724,0.2655069371769709,0.8934710169408684,0.9336642930888543,0.8081877536615493,0.7931759756952559,0.9438264738598443,0.8619682539682539,0.41620636291051105,0.133821341030398,0.08243683082673804,sv_complexity_medium,1.0,5667,116366,27708
fold_d,314159,strict,T,complexity,high,11200,6879,0.619503291111234,True,0.7278057414680016,0.6592265993292215,0.6941684749976639,18079,0.619503291111234,0.240063746635865,0.8206016499491205,0.8836321112621788,0.7278057414680016,0.7104927924907811,0.9461607142857142,0.8115642351139192,0.5150046665959132,0.1736249944474918,0.08823529699245153,sv_complexity_high,1.0,18079,116366,27708
fold_d,314159,strict,T,complexity,low,3850,2235,0.6327033689400164,True,0.7549712407559572,0.7225613759841948,0.7378929680047894,6085,0.6327033689400164,0.240063746635865,0.8490490136261948,0.9037289701710278,0.7549712407559572,0.7845597104945717,0.8446753246753247,0.8135084427767355,0.5033757831106285,0.16882311083639825,0.11364853299804625,sv_complexity_low,1.0,6085,116366,27708
fold_d,314159,strict,T,complexity,medium,3596,2071,0.6345509087700724,True,0.8041291688724193,0.749316733706479,0.8110512612388636,5667,0.6345509087700724,0.240063746635865,0.8899732467374822,0.9309488551307017,0.8041291688724193,0.7845695970695971,0.9530033370411568,0.8606228026117528,0.41996366018675846,0.135736834139747,0.08298844955991592,sv_complexity_medium,1.0,5667,116366,27708
fold_d,314159,strict,S,complexity,high,11200,6879,0.619503291111234,True,0.6769179711267216,0.5912066875376405,0.6134376568720885,18079,0.619503291111234,0.2165074367948356,0.7725399572716134,0.8529143006594998,0.6769179711267216,0.668342024250801,0.9498214285714286,0.7846000663790242,0.5725851983222601,0.19627306563282604,0.10011752436212012,sv_complexity_high,1.0,18079,116366,27708
fold_d,314159,strict,S,complexity,low,3850,2235,0.6327033689400164,True,0.724239934264585,0.6358697231180452,0.6426483107111944,6085,0.6327033689400164,0.2165074367948356,0.811337284639298,0.8687459284206277,0.724239934264585,0.7053706505295008,0.9688311688311688,0.8163711971985117,0.5314925307024032,0.1781528837522962,0.10210047055792837,sv_complexity_low,1.0,6085,116366,27708
fold_d,314159,strict,S,complexity,medium,3596,2071,0.6345509087700724,True,0.740956414328569,0.6600182535560462,0.7014340333117524,5667,0.6345509087700724,0.2165074367948356,0.8335790370651655,0.890889338801595,0.740956414328569,0.7225010455876203,0.960789766407119,0.8247791835760324,0.5043566492095064,0.16685105146322968,0.09279065227560665,sv_complexity_medium,1.0,5667,116366,27708
fold_d,314159,strict,K,complexity,high,11200,6879,0.619503291111234,True,0.6332208639858399,0.5297474845804,0.39983838382138603,18079,0.619503291111234,0.2856648361751618,0.6731034540942413,0.7716404802426746,0.6332208639858399,0.6344218887908208,0.9626785714285714,0.7648164568185849,0.6524106848915844,0.22913225180716087,0.11648772626132439,sv_complexity_high,1.0,18079,116366,27708
fold_d,314159,strict,K,complexity,low,3850,2235,0.6327033689400164,True,0.6619556285949055,0.5478915715157326,0.28711391999897823,6085,0.6327033689400164,0.2856648361751618,0.6397092884743891,0.7381593444860668,0.6619556285949055,0.6563208369659983,0.9776623376623377,0.7853938445487741,0.6340816631648138,0.2220096158912952,0.11601685076582634,sv_complexity_low,1.0,6085,116366,27708
fold_d,314159,strict,K,complexity,medium,3596,2071,0.6345509087700724,True,0.6622551614610905,0.5490644548989193,0.48244474974545953,5667,0.6345509087700724,0.2856648361751618,0.7146041607473081,0.8108599041332004,0.6622551614610905,0.6589191232048375,0.9696885428253615,0.7846534653465347,0.617201215872052,0.21451840758067803,0.1098722166369495,sv_complexity_medium,1.0,5667,116366,27708
fold_d,42,1hop,C,complexity,high,11200,6879,0.619503291111234,True,0.6794070468499364,0.6057784886196084,0.5822171479237297,18079,0.619503291111234,0.2831886003716845,0.7608209444375221,0.841034999754817,0.6794070468499364,0.679344218770742,0.9138392857142857,0.7793345008756567,0.5862603732147142,0.20208193145530642,0.10491232223800576,sv_complexity_high,1.0,18079,116366,27708
fold_d,42,1hop,C,complexity,low,3850,2235,0.6327033689400164,True,0.7124075595727198,0.6283959441006421,0.19828183661641374,6085,0.6327033689400164,0.2831886003716845,0.6777115546645748,0.7055316195296113,0.7124075595727198,0.7028593508500772,0.944935064935065,0.806115665854199,0.7068934899528504,0.2174866709650853,0.14667779443506895,sv_complexity_low,1.0,6085,116366,27708
fold_d,42,1hop,C,complexity,medium,3596,2071,0.6345509087700724,True,0.7210164107993647,0.6488113301490094,0.669569834680228,5667,0.6345509087700724,0.2831886003716845,0.8116338825960924,0.8792445963689346,0.7210164107993647,0.7199301462562759,0.9171301446051168,0.8066528066528067,0.5333930245967532,0.1784489222773404,0.09450129377595466,sv_complexity_medium,1.0,5667,116366,27708
fold_d,42,1hop,C+T,complexity,high,11200,6879,0.619503291111234,True,0.7427401958072902,0.6793843452121363,0.7122323462360957,18079,0.619503291111234,0.2327482061866753,0.8354608227940108,0.8905053548181925,0.7427401958072902,0.7241733415485726,0.9444642857142858,0.8197775797264308,0.4989342200898829,0.16746154799413568,0.08696180851817453,sv_complexity_high,1.0,18079,116366,27708
fold_d,42,1hop,C+T,complexity,low,3850,2235,0.6327033689400164,True,0.7834018077239112,0.7189404108196055,0.6478432657897295,6085,0.6327033689400164,0.2327482061866753,0.8253871989308231,0.8706540179194816,0.7834018077239112,0.7597455888387361,0.9618181818181818,0.848922512608895,0.4750478428954012,0.1553956569123727,0.08773384589167514,sv_complexity_low,1.0,6085,116366,27708
fold_d,42,1hop,C+T,complexity,medium,3596,2071,0.6345509087700724,True,0.8221281101111699,0.7754783065469493,0.8441922712328325,5667,0.6345509087700724,0.2327482061866753,0.9094986703934678,0.9430602071154396,0.8221281101111699,0.8054768649669499,0.9488320355951056,0.8712972420837589,0.3865106319409912,0.12267454791884659,0.07474208142507519,sv_complexity_medium,1.0,5667,116366,27708
fold_d,42,1hop,C+S,complexity,high,11200,6879,0.619503291111234,True,0.6802920515515238,0.598781189645505,0.617944967289182,18079,0.619503291111234,0.2289536589789537,0.7748186963948248,0.8546293174391439,0.6802920515515238,0.6733623336745138,0.9398214285714286,0.7845855694692904,0.5698988788361458,0.19525624675930292,0.09980205476019337,sv_complexity_high,1.0,18079,116366,27708
fold_d,42,1hop,C+S,complexity,low,3850,2235,0.6327033689400164,True,0.7301561216105177,0.6455187541764723,0.5290049201062491,6085,0.6327033689400164,0.2289536589789537,0.7668451146169268,0.8270050939091975,0.7301561216105177,0.7115753162131084,0.9644155844155844,0.8189236876929863,0.5415894495546459,0.1818224801908637,0.08478030560344871,sv_complexity_low,1.0,6085,116366,27708
fold_d,42,1hop,C+S,complexity,medium,3596,2071,0.6345509087700724,True,0.7462502205752602,0.6703327077835827,0.7148106528080302,5667,0.6345509087700724,0.2289536589789537,0.837837886830638,0.8957778122402383,0.7462502205752602,0.7299658994032395,0.9524471635150167,0.826496138996139,0.500337392782999,0.16555252176552182,0.09361770507037236,sv_complexity_medium,1.0,5667,116366,27708
fold_d,42,1hop,C+S+T,complexity,high,11200,6879,0.619503291111234,True,0.7401958072902263,0.6814810084522251,0.7112699111547642,18079,0.619503291111234,0.2471321616755187,0.8334125404959194,0.8901391514372268,0.7401958072902263,0.7279355064844024,0.9271428571428572,0.8155507559395249,0.5012276462012403,0.1678750699539254,0.0841224816929406,sv_complexity_high,1.0,18079,116366,27708
fold_d,42,1hop,C+S+T,complexity,low,3850,2235,0.6327033689400164,True,0.7850451930977814,0.721834451901566,0.7129876211760141,6085,0.6327033689400164,0.2471321616755187,0.8473614573346117,0.8945813201854382,0.7850451930977814,0.7620618556701031,0.96,0.8496551724137931,0.45854974926425013,0.15114094413304482,0.08916008370794433,sv_complexity_low,1.0,6085,116366,27708
fold_d,42,1hop,C+S+T,complexity,medium,3596,2071,0.6345509087700724,True,0.8231868713605082,0.7799984585050507,0.8477724000318965,5667,0.6345509087700724,0.2471321616755187,0.9100575294508787,0.9443685619315436,0.8231868713605082,0.811031175059952,0.9404894327030033,0.8709760494463044,0.3875291217362268,0.12285499866494062,0.07580934338578588,sv_complexity_medium,1.0,5667,116366,27708
fold_d,42,1hop,T,complexity,high,11200,6879,0.619503291111234,True,0.7461695890259417,0.6888823126284966,0.7076015864359058,18079,0.619503291111234,0.2585113979995154,0.8333201462006521,0.8887433659545658,0.7461695890259417,0.7329621537810981,0.9285714285714286,0.819252432155658,0.5015601185097387,0.1683304454807877,0.08673625710422815,sv_complexity_high,1.0,18079,116366,27708
fold_d,42,1hop,T,complexity,low,3850,2235,0.6327033689400164,True,0.7861955628594905,0.7255588483105262,0.649572886341614,6085,0.6327033689400164,0.2585113979995154,0.8247476684389435,0.8712893017212009,0.7861955628594905,0.7656868876381071,0.954025974025974,0.8495431941713889,0.47717640326687644,0.15627861486876388,0.09440618063512728,sv_complexity_low,1.0,6085,116366,27708
fold_d,42,1hop,T,complexity,medium,3596,2071,0.6345509087700724,True,0.8253043938591847,0.7836123107976082,0.8423216250749559,5667,0.6345509087700724,0.2585113979995154,0.9088137256429027,0.9423765811770308,0.8253043938591847,0.8144305019305019,0.9385428253615128,0.872093023255814,0.3889369945284842,0.12341459869745261,0.07642323335131575,sv_complexity_medium,1.0,5667,116366,27708
fold_d,42,1hop,S,complexity,high,11200,6879,0.619503291111234,True,0.6769179711267216,0.5912066875376405,0.6134376568720885,18079,0.619503291111234,0.2165074367948356,0.7725399572716134,0.8529143006594998,0.6769179711267216,0.668342024250801,0.9498214285714286,0.7846000663790242,0.5725851983222601,0.19627306563282604,0.10011752436212012,sv_complexity_high,1.0,18079,116366,27708
fold_d,42,1hop,S,complexity,low,3850,2235,0.6327033689400164,True,0.724239934264585,0.6358697231180452,0.6426483107111944,6085,0.6327033689400164,0.2165074367948356,0.811337284639298,0.8687459284206277,0.724239934264585,0.7053706505295008,0.9688311688311688,0.8163711971985117,0.5314925307024032,0.1781528837522962,0.10210047055792837,sv_complexity_low,1.0,6085,116366,27708
fold_d,42,1hop,S,complexity,medium,3596,2071,0.6345509087700724,True,0.740956414328569,0.6600182535560462,0.7014340333117524,5667,0.6345509087700724,0.2165074367948356,0.8335790370651655,0.890889338801595,0.740956414328569,0.7225010455876203,0.960789766407119,0.8247791835760324,0.5043566492095064,0.16685105146322968,0.09279065227560665,sv_complexity_medium,1.0,5667,116366,27708
fold_d,42,1hop,K,complexity,high,11200,6879,0.619503291111234,True,0.6332208639858399,0.5297474845804,0.39983838382138603,18079,0.619503291111234,0.2856648361751618,0.6731034540942413,0.7716404802426746,0.6332208639858399,0.6344218887908208,0.9626785714285714,0.7648164568185849,0.6524106848915844,0.22913225180716087,0.11648772626132439,sv_complexity_high,1.0,18079,116366,27708
fold_d,42,1hop,K,complexity,low,3850,2235,0.6327033689400164,True,0.6619556285949055,0.5478915715157326,0.28711391999897823,6085,0.6327033689400164,0.2856648361751618,0.6397092884743891,0.7381593444860668,0.6619556285949055,0.6563208369659983,0.9776623376623377,0.7853938445487741,0.6340816631648138,0.2220096158912952,0.11601685076582634,sv_complexity_low,1.0,6085,116366,27708
fold_d,42,1hop,K,complexity,medium,3596,2071,0.6345509087700724,True,0.6622551614610905,0.5490644548989193,0.48244474974545953,5667,0.6345509087700724,0.2856648361751618,0.7146041607473081,0.8108599041332004,0.6622551614610905,0.6589191232048375,0.9696885428253615,0.7846534653465347,0.617201215872052,0.21451840758067803,0.1098722166369495,sv_complexity_medium,1.0,5667,116366,27708
fold_d,42,strict,C,complexity,high,11200,6879,0.619503291111234,True,0.6794070468499364,0.6057784886196084,0.5822171479237297,18079,0.619503291111234,0.2831886003716845,0.7608209444375221,0.841034999754817,0.6794070468499364,0.679344218770742,0.9138392857142857,0.7793345008756567,0.5862603732147142,0.20208193145530642,0.10491232223800576,sv_complexity_high,1.0,18079,116366,27708
fold_d,42,strict,C,complexity,low,3850,2235,0.6327033689400164,True,0.7124075595727198,0.6283959441006421,0.19828183661641374,6085,0.6327033689400164,0.2831886003716845,0.6777115546645748,0.7055316195296113,0.7124075595727198,0.7028593508500772,0.944935064935065,0.806115665854199,0.7068934899528504,0.2174866709650853,0.14667779443506895,sv_complexity_low,1.0,6085,116366,27708
fold_d,42,strict,C,complexity,medium,3596,2071,0.6345509087700724,True,0.7210164107993647,0.6488113301490094,0.669569834680228,5667,0.6345509087700724,0.2831886003716845,0.8116338825960924,0.8792445963689346,0.7210164107993647,0.7199301462562759,0.9171301446051168,0.8066528066528067,0.5333930245967532,0.1784489222773404,0.09450129377595466,sv_complexity_medium,1.0,5667,116366,27708
fold_d,42,strict,C+T,complexity,high,11200,6879,0.619503291111234,True,0.7344432767299076,0.6734450540464769,0.6999934638207258,18079,0.619503291111234,0.2571188044248353,0.8238965835461967,0.8858485003386677,0.7344432767299076,0.7221412205790461,0.9286607142857143,0.8124829121587314,0.5103664293569795,0.17218377604795304,0.08524968633697592,sv_complexity_high,1.0,18079,116366,27708
fold_d,42,strict,C+T,complexity,low,3850,2235,0.6327033689400164,True,0.7646672144617913,0.6953139254481536,0.7249846988018193,6085,0.6327033689400164,0.2571188044248353,0.8493656991777798,0.8989878063799616,0.7646672144617913,0.744341147938561,0.9566233766233766,0.8372357353944078,0.4567954404048913,0.15134581255213528,0.07344334469751154,sv_complexity_low,1.0,6085,116366,27708
fold_d,42,strict,C+T,complexity,medium,3596,2071,0.6345509087700724,True,0.8053643903299806,0.7569451195571666,0.8126650428312158,5667,0.6345509087700724,0.2571188044248353,0.8898674368054208,0.9315386101470704,0.8053643903299806,0.7936395759717314,0.9368743047830923,0.8593291671980615,0.4234023802108848,0.13682467865045211,0.08502272424872118,sv_complexity_medium,1.0,5667,116366,27708
fold_d,42,strict,C+S,complexity,high,11200,6879,0.619503291111234,True,0.6802920515515238,0.598781189645505,0.617944967289182,18079,0.619503291111234,0.2289536589789537,0.7748186963948248,0.8546293174391439,0.6802920515515238,0.6733623336745138,0.9398214285714286,0.7845855694692904,0.5698988788361458,0.19525624675930292,0.09980205476019337,sv_complexity_high,1.0,18079,116366,27708
fold_d,42,strict,C+S,complexity,low,3850,2235,0.6327033689400164,True,0.7301561216105177,0.6455187541764723,0.5290049201062491,6085,0.6327033689400164,0.2289536589789537,0.7668451146169268,0.8270050939091975,0.7301561216105177,0.7115753162131084,0.9644155844155844,0.8189236876929863,0.5415894495546459,0.1818224801908637,0.08478030560344871,sv_complexity_low,1.0,6085,116366,27708
fold_d,42,strict,C+S,complexity,medium,3596,2071,0.6345509087700724,True,0.7462502205752602,0.6703327077835827,0.7148106528080302,5667,0.6345509087700724,0.2289536589789537,0.837837886830638,0.8957778122402383,0.7462502205752602,0.7299658994032395,0.9524471635150167,0.826496138996139,0.500337392782999,0.16555252176552182,0.09361770507037236,sv_complexity_medium,1.0,5667,116366,27708
fold_d,42,strict,C+S+T,complexity,high,11200,6879,0.619503291111234,True,0.7336688976160186,0.6740258654704795,0.6991777793362383,18079,0.619503291111234,0.2593074903674441,0.8225230645027309,0.8855381350768285,0.7336688976160186,0.7232049220443264,0.9235714285714286,0.8111986825079402,0.512191639384984,0.17269153018521272,0.08252965716364356,sv_complexity_high,1.0,18079,116366,27708
fold_d,42,strict,C+S+T,complexity,low,3850,2235,0.6327033689400164,True,0.7709120788824979,0.7038150440163863,0.7402752496489264,6085,0.6327033689400164,0.2593074903674441,0.8559295156744822,0.9046039741931554,0.7709120788824979,0.75010183299389,0.9566233766233766,0.8408675799086758,0.454209051929486,0.14959063306084594,0.07067829554319485,sv_complexity_low,1.0,6085,116366,27708
fold_d,42,strict,C+S+T,complexity,medium,3596,2071,0.6345509087700724,True,0.8048350097053114,0.7543778859390418,0.8144792511564093,5667,0.6345509087700724,0.2593074903674441,0.8918744686004998,0.9322016109308141,0.8048350097053114,0.7906162464985994,0.9418798665183538,0.8596446700507614,0.4209785387875296,0.1349128768750348,0.08398132535747338,sv_complexity_medium,1.0,5667,116366,27708
fold_d,42,strict,T,complexity,high,11200,6879,0.619503291111234,True,0.7324520161513358,0.6744738710464562,0.6927660254407974,18079,0.619503291111234,0.2741200882975753,0.8198568105829336,0.8830984838214085,0.7324520161513358,0.7243811270188306,0.9170535714285715,0.8094093541904724,0.5150028440948228,0.17408388954815132,0.0861717366512166,sv_complexity_high,1.0,18079,116366,27708
fold_d,42,strict,T,complexity,low,3850,2235,0.6327033689400164,True,0.7649958915365653,0.7058026090240855,0.7489222460078557,6085,0.6327033689400164,0.2741200882975753,0.8592050321043609,0.9077799868245781,0.7649958915365653,0.7557058326289096,0.9288311688311688,0.8333721743183408,0.4622856331447732,0.15395913662288632,0.09330569482334386,sv_complexity_low,1.0,6085,116366,27708
fold_d,42,strict,T,complexity,medium,3596,2071,0.6345509087700724,True,0.8050114699135344,0.7597386091848393,0.8099762282146433,5667,0.6345509087700724,0.2741200882975753,0.8884567943672593,0.9305559852889582,0.8050114699135344,0.797752808988764,0.9279755283648499,0.8579508934310323,0.42611336846223435,0.13763843989669078,0.08564495807462728,sv_complexity_medium,1.0,5667,116366,27708
fold_d,42,strict,S,complexity,high,11200,6879,0.619503291111234,True,0.6769179711267216,0.5912066875376405,0.6134376568720885,18079,0.619503291111234,0.2165074367948356,0.7725399572716134,0.8529143006594998,0.6769179711267216,0.668342024250801,0.9498214285714286,0.7846000663790242,0.5725851983222601,0.19627306563282604,0.10011752436212012,sv_complexity_high,1.0,18079,116366,27708
fold_d,42,strict,S,complexity,low,3850,2235,0.6327033689400164,True,0.724239934264585,0.6358697231180452,0.6426483107111944,6085,0.6327033689400164,0.2165074367948356,0.811337284639298,0.8687459284206277,0.724239934264585,0.7053706505295008,0.9688311688311688,0.8163711971985117,0.5314925307024032,0.1781528837522962,0.10210047055792837,sv_complexity_low,1.0,6085,116366,27708
fold_d,42,strict,S,complexity,medium,3596,2071,0.6345509087700724,True,0.740956414328569,0.6600182535560462,0.7014340333117524,5667,0.6345509087700724,0.2165074367948356,0.8335790370651655,0.890889338801595,0.740956414328569,0.7225010455876203,0.960789766407119,0.8247791835760324,0.5043566492095064,0.16685105146322968,0.09279065227560665,sv_complexity_medium,1.0,5667,116366,27708
fold_d,42,strict,K,complexity,high,11200,6879,0.619503291111234,True,0.6332208639858399,0.5297474845804,0.39983838382138603,18079,0.619503291111234,0.2856648361751618,0.6731034540942413,0.7716404802426746,0.6332208639858399,0.6344218887908208,0.9626785714285714,0.7648164568185849,0.6524106848915844,0.22913225180716087,0.11648772626132439,sv_complexity_high,1.0,18079,116366,27708
fold_d,42,strict,K,complexity,low,3850,2235,0.6327033689400164,True,0.6619556285949055,0.5478915715157326,0.28711391999897823,6085,0.6327033689400164,0.2856648361751618,0.6397092884743891,0.7381593444860668,0.6619556285949055,0.6563208369659983,0.9776623376623377,0.7853938445487741,0.6340816631648138,0.2220096158912952,0.11601685076582634,sv_complexity_low,1.0,6085,116366,27708
fold_d,42,strict,K,complexity,medium,3596,2071,0.6345509087700724,True,0.6622551614610905,0.5490644548989193,0.48244474974545953,5667,0.6345509087700724,0.2856648361751618,0.7146041607473081,0.8108599041332004,0.6622551614610905,0.6589191232048375,0.9696885428253615,0.7846534653465347,0.617201215872052,0.21451840758067803,0.1098722166369495,sv_complexity_medium,1.0,5667,116366,27708
fold_e,20260806,1hop,C,complexity,high,10712,6130,0.6360289751810949,True,0.6922574516090726,0.6164239126859299,0.5981361224641807,16842,0.6360289751810949,0.286786811681311,0.7648946174313815,0.8537331926555889,0.6922574516090726,0.7025423107919995,0.8951643017176998,0.787241903041747,0.583432493216295,0.20088734367118402,0.11607235433721759,sv_complexity_high,1.0,16842,107441,38756
fold_e,20260806,1hop,C,complexity,low,2102,1066,0.663510101010101,True,0.7629419191919192,0.6722530851525305,0.6563241121131812,3168,0.663510101010101,0.286786811681311,0.813778488458236,0.8843565351997005,0.7629419191919192,0.7557743279060962,0.9495718363463368,0.8416613957410921,0.518381007213652,0.1713437354097144,0.1023913531742823,sv_complexity_low,1.0,3168,107441,38756
fold_e,20260806,1hop,C,complexity,medium,4978,2720,0.6466614705118212,True,0.732138217718888,0.6583942139531587,0.6425723256215474,7698,0.6466614705118212,0.286786811681311,0.8001488534847446,0.873707031136738,0.732138217718888,0.7373819602735265,0.9098031337886702,0.814568345323741,0.5420680911380461,0.18194098424707908,0.10006737615418035,sv_complexity_medium,1.0,7698,107441,38756
fold_e,20260806,1hop,C+T,complexity,high,10712,6130,0.6360289751810949,True,0.7552547203420021,0.7045704258126453,0.7172411092979257,16842,0.6360289751810949,0.276220587544011,0.8343030624129667,0.8970839567745093,0.7552547203420021,0.7636843790012804,0.8908700522778192,0.8223888314374354,0.5206458211893739,0.17044040713248096,0.10217882161056793,sv_complexity_high,1.0,16842,107441,38756
fold_e,20260806,1hop,C+T,complexity,low,2102,1066,0.663510101010101,True,0.8428030303030303,0.7927703982448593,0.8371289846145715,3168,0.663510101010101,0.276220587544011,0.9117326391554188,0.9451955484845749,0.8428030303030303,0.8381112984822934,0.9457659372026641,0.8886902101028162,0.3638057554002479,0.11360336652802337,0.06514090776873507,sv_complexity_low,1.0,3168,107441,38756
fold_e,20260806,1hop,C+T,complexity,medium,4978,2720,0.6466614705118212,True,0.8152766952455183,0.7672862063668375,0.8059796767067706,7698,0.6466614705118212,0.276220587544011,0.8919884993973483,0.9314451442767493,0.8152766952455183,0.8112745098039216,0.9308959421454399,0.866978484565014,0.41086154244807477,0.13123674224680332,0.07359966989553188,sv_complexity_medium,1.0,7698,107441,38756
fold_e,20260806,1hop,C+S,complexity,high,10712,6130,0.6360289751810949,True,0.6881605510034438,0.5957585035215343,0.62908419652605,16842,0.6360289751810949,0.2332431453983942,0.7768204188073444,0.8649973948880588,0.6881605510034438,0.6872427983539094,0.9353995519044063,0.7923454056618694,0.5670536971241651,0.1944159139474194,0.11026426693136501,sv_complexity_high,1.0,16842,107441,38756
fold_e,20260806,1hop,C+S,complexity,low,2102,1066,0.663510101010101,True,0.7698863636363636,0.6767926731086091,0.729038849750979,3168,0.663510101010101,0.2332431453983942,0.8493681975354483,0.9088243099225201,0.7698863636363636,0.7572124391157737,0.961465271170314,0.8472018444770488,0.4755721311714208,0.15430170533853577,0.09432080268101312,sv_complexity_low,1.0,3168,107441,38756
fold_e,20260806,1hop,C+S,complexity,medium,4978,2720,0.6466614705118212,True,0.7474668745128605,0.6650767051497176,0.7024687913503436,7698,0.6466614705118212,0.2332431453983942,0.8330772309928391,0.8948707602588899,0.7474668745128605,0.737625313283208,0.9459622338288469,0.8289033620841401,0.5018151414469693,0.1654992679443078,0.09306737558076265,sv_complexity_medium,1.0,7698,107441,38756
fold_e,20260806,1hop,C+S+T,complexity,high,10712,6130,0.6360289751810949,True,0.7486046787792424,0.6906900617319297,0.7178817070359793,16842,0.6360289751810949,0.2491237059506716,0.8313156746957567,0.8973171157897253,0.7486046787792424,0.7514751552795031,0.9035660941000747,0.8205323838589352,0.5144540729837069,0.17257191672344444,0.1050770265629796,sv_complexity_high,1.0,16842,107441,38756
fold_e,20260806,1hop,C+S+T,complexity,low,2102,1066,0.663510101010101,True,0.8412247474747475,0.7862640422861815,0.8489900952679553,3168,0.663510101010101,0.2491237059506716,0.9143411617275068,0.94918669241024,0.8412247474747475,0.8313302942395359,0.9543292102759277,0.88859357696567,0.36657589264910273,0.11448314005881494,0.07285839705954819,sv_complexity_low,1.0,3168,107441,38756
fold_e,20260806,1hop,C+S+T,complexity,medium,4978,2720,0.6466614705118212,True,0.815536502987789,0.762984484673741,0.8124949672446296,7698,0.6466614705118212,0.2491237059506716,0.8939755881762107,0.9337472474545846,0.815536502987789,0.8055650979045001,0.9421454399357172,0.8685185185185185,0.40910294347499104,0.130415786056718,0.07579936058716695,sv_complexity_medium,1.0,7698,107441,38756
fold_e,20260806,1hop,T,complexity,high,10712,6130,0.6360289751810949,True,0.752582828642679,0.6913053555829811,0.7157608262989669,16842,0.6360289751810949,0.2410095922142616,0.8334019142136945,0.8965451766543562,0.752582828642679,0.7499809029103964,0.9165421956684092,0.8249380330210477,0.5214769083170913,0.1707101003265765,0.10163829398633271,sv_complexity_high,1.0,16842,107441,38756
fold_e,20260806,1hop,T,complexity,low,2102,1066,0.663510101010101,True,0.8412247474747475,0.7871887401081432,0.8345294577114472,3168,0.663510101010101,0.2410095922142616,0.9108713134814873,0.944320833939521,0.8412247474747475,0.8324324324324325,0.9524262607040913,0.8883958287108942,0.3657796677135407,0.11424334078921904,0.06564888249006705,sv_complexity_low,1.0,3168,107441,38756
fold_e,20260806,1hop,T,complexity,medium,4978,2720,0.6466614705118212,True,0.8116393868537283,0.7579700683005223,0.8076247691432008,7698,0.6466614705118212,0.2410095922142616,0.8921776035142864,0.9320264188191096,0.8116393868537283,0.802054794520548,0.9409401366010446,0.8659641338509891,0.4107977356758907,0.13114900247048603,0.0738055783369874,sv_complexity_medium,1.0,7698,107441,38756
fold_e,20260806,1hop,S,complexity,high,10712,6130,0.6360289751810949,True,0.6824605153782212,0.5810898298869284,0.6257878661677756,16842,0.6360289751810949,0.2087839690352355,0.7746489658957587,0.863797626149416,0.6824605153782212,0.6779930979559331,0.9536967886482449,0.7925523661753298,0.569205310425976,0.1952705586955764,0.11005657919878849,sv_complexity_high,1.0,16842,107441,38756
fold_e,20260806,1hop,S,complexity,low,2102,1066,0.663510101010101,True,0.7629419191919192,0.6625437580219321,0.7261538334441672,3168,0.663510101010101,0.2087839690352355,0.8480463080814662,0.9078535310768567,0.7629419191919192,0.7478899082568807,0.9695528068506185,0.8444168220426767,0.4790470107224236,0.15528189283041582,0.09391771884271803,sv_complexity_low,1.0,3168,107441,38756
fold_e,20260806,1hop,S,complexity,medium,4978,2720,0.6466614705118212,True,0.7411015848272279,0.6504827860232081,0.6940852661370484,7698,0.6466614705118212,0.2087839690352355,0.8299825482121334,0.8919085377880971,0.7411015848272279,0.7272727272727273,0.9594214543993572,0.827371156344738,0.5056803062702255,0.16675548039908053,0.09322252791071534,sv_complexity_medium,1.0,7698,107441,38756
fold_e,20260806,1hop,K,complexity,high,10712,6130,0.6360289751810949,True,0.6470727942049638,0.5343953724809851,0.42108609273972614,16842,0.6360289751810949,0.3022449455518995,0.6811445245350003,0.7892921118925615,0.6470727942049638,0.6532724701041532,0.948562359970127,0.7736998400974644,0.6507159810479192,0.2285021735482565,0.13519624139986872,sv_complexity_high,1.0,16842,107441,38756
fold_e,20260806,1hop,K,complexity,low,2102,1066,0.663510101010101,True,0.6941287878787878,0.5586741297040432,0.45871660293197064,3168,0.663510101010101,0.3022449455518995,0.7017467952436971,0.8178636043956694,0.6941287878787878,0.6915793033479878,0.972882968601332,0.80846016999407,0.6080901575995337,0.21110296188383273,0.12140144161991741,sv_complexity_low,1.0,3168,107441,38756
fold_e,20260806,1hop,K,complexity,medium,4978,2720,0.6466614705118212,True,0.679786957651338,0.5614667773497506,0.46159607541035846,7698,0.6466614705118212,0.3022449455518995,0.7095724865880462,0.8097611490148318,0.679786957651338,0.6771464824474834,0.9648453194053837,0.7957915665644935,0.6129968737252708,0.21283352770649222,0.11249067753677847,sv_complexity_medium,1.0,7698,107441,38756
fold_e,20260806,strict,C,complexity,high,10712,6130,0.6360289751810949,True,0.6922574516090726,0.6164239126859299,0.5981361224641807,16842,0.6360289751810949,0.286786811681311,0.7648946174313815,0.8537331926555889,0.6922574516090726,0.7025423107919995,0.8951643017176998,0.787241903041747,0.583432493216295,0.20088734367118402,0.11607235433721759,sv_complexity_high,1.0,16842,107441,38756
fold_e,20260806,strict,C,complexity,low,2102,1066,0.663510101010101,True,0.7629419191919192,0.6722530851525305,0.6563241121131812,3168,0.663510101010101,0.286786811681311,0.813778488458236,0.8843565351997005,0.7629419191919192,0.7557743279060962,0.9495718363463368,0.8416613957410921,0.518381007213652,0.1713437354097144,0.1023913531742823,sv_complexity_low,1.0,3168,107441,38756
fold_e,20260806,strict,C,complexity,medium,4978,2720,0.6466614705118212,True,0.732138217718888,0.6583942139531587,0.6425723256215474,7698,0.6466614705118212,0.286786811681311,0.8001488534847446,0.873707031136738,0.732138217718888,0.7373819602735265,0.9098031337886702,0.814568345323741,0.5420680911380461,0.18194098424707908,0.10006737615418035,sv_complexity_medium,1.0,7698,107441,38756
fold_e,20260806,strict,C+T,complexity,high,10712,6130,0.6360289751810949,True,0.7436171476071726,0.67427880427433,0.7162900906770971,16842,0.6360289751810949,0.2522009446885248,0.828568165232509,0.8967378135524644,0.7436171476071726,0.7366044997039668,0.9291448842419716,0.8217470277410832,0.5073165900863009,0.17072494720804895,0.09649500786695539,sv_complexity_high,1.0,16842,107441,38756
fold_e,20260806,strict,C+T,complexity,low,2102,1066,0.663510101010101,True,0.8251262626262627,0.7621116670802219,0.8223919198278148,3168,0.663510101010101,0.2522009446885248,0.8975247820801416,0.9402366750430715,0.8251262626262627,0.8138686131386861,0.9548049476688868,0.8787215411558669,0.3972331872805197,0.12664482035145253,0.07990163728522448,sv_complexity_low,1.0,3168,107441,38756
fold_e,20260806,strict,C+T,complexity,medium,4978,2720,0.6466614705118212,True,0.7972200571577033,0.7393166698177864,0.7919951250817928,7698,0.6466614705118212,0.2522009446885248,0.8786822312291731,0.9265038633700281,0.7972200571577033,0.789135217464884,0.9367215749296907,0.8566179847524571,0.438370032976117,0.14186180307004415,0.08580248624565687,sv_complexity_medium,1.0,7698,107441,38756
fold_e,20260806,strict,C+S,complexity,high,10712,6130,0.6360289751810949,True,0.6881605510034438,0.5957585035215343,0.62908419652605,16842,0.6360289751810949,0.2332431453983942,0.7768204188073444,0.8649973948880588,0.6881605510034438,0.6872427983539094,0.9353995519044063,0.7923454056618694,0.5670536971241651,0.1944159139474194,0.11026426693136501,sv_complexity_high,1.0,16842,107441,38756
fold_e,20260806,strict,C+S,complexity,low,2102,1066,0.663510101010101,True,0.7698863636363636,0.6767926731086091,0.729038849750979,3168,0.663510101010101,0.2332431453983942,0.8493681975354483,0.9088243099225201,0.7698863636363636,0.7572124391157737,0.961465271170314,0.8472018444770488,0.4755721311714208,0.15430170533853577,0.09432080268101312,sv_complexity_low,1.0,3168,107441,38756
fold_e,20260806,strict,C+S,complexity,medium,4978,2720,0.6466614705118212,True,0.7474668745128605,0.6650767051497176,0.7024687913503436,7698,0.6466614705118212,0.2332431453983942,0.8330772309928391,0.8948707602588899,0.7474668745128605,0.737625313283208,0.9459622338288469,0.8289033620841401,0.5018151414469693,0.1654992679443078,0.09306737558076265,sv_complexity_medium,1.0,7698,107441,38756
fold_e,20260806,strict,C+S+T,complexity,high,10712,6130,0.6360289751810949,True,0.7348889680560503,0.6615559138750035,0.7089768195885348,16842,0.6360289751810949,0.232625394280297,0.8227529050678174,0.8940759947795819,0.7348889680560503,0.7279760601415955,0.9311053024645257,0.8171056404374718,0.5141125012977669,0.1735892376480852,0.0968233854301251,sv_complexity_high,1.0,16842,107441,38756
fold_e,20260806,strict,C+S+T,complexity,low,2102,1066,0.663510101010101,True,0.8210227272727273,0.7546270593716696,0.8339125462855691,3168,0.663510101010101,0.232625394280297,0.9015573928519788,0.9441132494761416,0.8210227272727273,0.8081091930951425,0.9576593720266413,0.8765512736773351,0.3972220314612759,0.12546992271318147,0.0843811475347387,sv_complexity_low,1.0,3168,107441,38756
fold_e,20260806,strict,C+S+T,complexity,medium,4978,2720,0.6466614705118212,True,0.7931930371525071,0.7319505087089074,0.7911162935421683,7698,0.6466614705118212,0.232625394280297,0.8789321174934418,0.9261933383261494,0.7931930371525071,0.7831103678929766,0.9407392527119325,0.8547180142361744,0.4372586416494412,0.14131822212326883,0.08616975348993464,sv_complexity_medium,1.0,7698,107441,38756
fold_e,20260806,strict,T,complexity,high,10712,6130,0.6360289751810949,True,0.741479634247714,0.6679930391675509,0.7128299007383347,16842,0.6360289751810949,0.2389109054505525,0.8267690592916483,0.895478404674385,0.741479634247714,0.7313682678311499,0.9381067961165048,0.8219368558809096,0.508897939608845,0.1712631576520449,0.09567803309089616,sv_complexity_high,1.0,16842,107441,38756
fold_e,20260806,strict,T,complexity,low,2102,1066,0.663510101010101,True,0.8244949494949495,0.7597865340433394,0.8212161654638738,3168,0.663510101010101,0.2389109054505525,0.8966032082373081,0.9398410455759121,0.8244949494949495,0.8116935483870967,0.9576593720266413,0.8786556089044085,0.3999420162564197,0.1274799035241178,0.08231780872861233,sv_complexity_low,1.0,3168,107441,38756
fold_e,20260806,strict,T,complexity,medium,4978,2720,0.6466614705118212,True,0.7967004416731619,0.7370805071727364,0.7863598836726479,7698,0.6466614705118212,0.2389109054505525,0.8773422913761727,0.9245127154572099,0.7967004416731619,0.7868549336022861,0.9403374849337083,0.8567767914340624,0.441763815313296,0.14281112148004127,0.0874137136408954,sv_complexity_medium,1.0,7698,107441,38756
fold_e,20260806,strict,S,complexity,high,10712,6130,0.6360289751810949,True,0.6824605153782212,0.5810898298869284,0.6257878661677756,16842,0.6360289751810949,0.2087839690352355,0.7746489658957587,0.863797626149416,0.6824605153782212,0.6779930979559331,0.9536967886482449,0.7925523661753298,0.569205310425976,0.1952705586955764,0.11005657919878849,sv_complexity_high,1.0,16842,107441,38756
fold_e,20260806,strict,S,complexity,low,2102,1066,0.663510101010101,True,0.7629419191919192,0.6625437580219321,0.7261538334441672,3168,0.663510101010101,0.2087839690352355,0.8480463080814662,0.9078535310768567,0.7629419191919192,0.7478899082568807,0.9695528068506185,0.8444168220426767,0.4790470107224236,0.15528189283041582,0.09391771884271803,sv_complexity_low,1.0,3168,107441,38756
fold_e,20260806,strict,S,complexity,medium,4978,2720,0.6466614705118212,True,0.7411015848272279,0.6504827860232081,0.6940852661370484,7698,0.6466614705118212,0.2087839690352355,0.8299825482121334,0.8919085377880971,0.7411015848272279,0.7272727272727273,0.9594214543993572,0.827371156344738,0.5056803062702255,0.16675548039908053,0.09322252791071534,sv_complexity_medium,1.0,7698,107441,38756
fold_e,20260806,strict,K,complexity,high,10712,6130,0.6360289751810949,True,0.6470727942049638,0.5343953724809851,0.42108609273972614,16842,0.6360289751810949,0.3022449455518995,0.6811445245350003,0.7892921118925615,0.6470727942049638,0.6532724701041532,0.948562359970127,0.7736998400974644,0.6507159810479192,0.2285021735482565,0.13519624139986872,sv_complexity_high,1.0,16842,107441,38756
fold_e,20260806,strict,K,complexity,low,2102,1066,0.663510101010101,True,0.6941287878787878,0.5586741297040432,0.45871660293197064,3168,0.663510101010101,0.3022449455518995,0.7017467952436971,0.8178636043956694,0.6941287878787878,0.6915793033479878,0.972882968601332,0.80846016999407,0.6080901575995337,0.21110296188383273,0.12140144161991741,sv_complexity_low,1.0,3168,107441,38756
fold_e,20260806,strict,K,complexity,medium,4978,2720,0.6466614705118212,True,0.679786957651338,0.5614667773497506,0.46159607541035846,7698,0.6466614705118212,0.3022449455518995,0.7095724865880462,0.8097611490148318,0.679786957651338,0.6771464824474834,0.9648453194053837,0.7957915665644935,0.6129968737252708,0.21283352770649222,0.11249067753677847,sv_complexity_medium,1.0,7698,107441,38756
fold_e,314159,1hop,C,complexity,high,10712,6130,0.6360289751810949,True,0.6922574516090726,0.6164239126859299,0.5981361224641807,16842,0.6360289751810949,0.286786811681311,0.7648946174313815,0.8537331926555889,0.6922574516090726,0.7025423107919995,0.8951643017176998,0.787241903041747,0.583432493216295,0.20088734367118402,0.11607235433721759,sv_complexity_high,1.0,16842,107441,38756
fold_e,314159,1hop,C,complexity,low,2102,1066,0.663510101010101,True,0.7629419191919192,0.6722530851525305,0.6563241121131812,3168,0.663510101010101,0.286786811681311,0.813778488458236,0.8843565351997005,0.7629419191919192,0.7557743279060962,0.9495718363463368,0.8416613957410921,0.518381007213652,0.1713437354097144,0.1023913531742823,sv_complexity_low,1.0,3168,107441,38756
fold_e,314159,1hop,C,complexity,medium,4978,2720,0.6466614705118212,True,0.732138217718888,0.6583942139531587,0.6425723256215474,7698,0.6466614705118212,0.286786811681311,0.8001488534847446,0.873707031136738,0.732138217718888,0.7373819602735265,0.9098031337886702,0.814568345323741,0.5420680911380461,0.18194098424707908,0.10006737615418035,sv_complexity_medium,1.0,7698,107441,38756
fold_e,314159,1hop,C+T,complexity,high,10712,6130,0.6360289751810949,True,0.7560859755373471,0.6961177536253955,0.7170836104301556,16842,0.6360289751810949,0.2749824422165689,0.8356196249544656,0.8970266317501991,0.7560859755373471,0.7533763044812769,0.9165421956684092,0.826987870619946,0.49592396477580014,0.16621697718787667,0.08911291369557027,sv_complexity_high,1.0,16842,107441,38756
fold_e,314159,1hop,C+T,complexity,low,2102,1066,0.663510101010101,True,0.8497474747474747,0.8056322665985938,0.8361526402201738,3168,0.663510101010101,0.2749824422165689,0.9096708129307743,0.9448670184579246,0.8497474747474747,0.8492268041237113,0.9405328258801142,0.8925507900677201,0.3779106362208888,0.11854659803077951,0.08386168569281571,sv_complexity_low,1.0,3168,107441,38756
fold_e,314159,1hop,C+T,complexity,medium,4978,2720,0.6466614705118212,True,0.8209924655754741,0.7752910600760996,0.8055692656604422,7698,0.6466614705118212,0.2749824422165689,0.8895156334932528,0.9313001302411539,0.8209924655754741,0.8174603174603174,0.931096826034552,0.8705860255447032,0.41562595535436997,0.13340600363983954,0.07712231388626407,sv_complexity_medium,1.0,7698,107441,38756
fold_e,314159,1hop,C+S,complexity,high,10712,6130,0.6360289751810949,True,0.6881605510034438,0.5957585035215343,0.62908419652605,16842,0.6360289751810949,0.2332431453983942,0.7768204188073444,0.8649973948880588,0.6881605510034438,0.6872427983539094,0.9353995519044063,0.7923454056618694,0.5670536971241651,0.1944159139474194,0.11026426693136501,sv_complexity_high,1.0,16842,107441,38756
fold_e,314159,1hop,C+S,complexity,low,2102,1066,0.663510101010101,True,0.7698863636363636,0.6767926731086091,0.729038849750979,3168,0.663510101010101,0.2332431453983942,0.8493681975354483,0.9088243099225201,0.7698863636363636,0.7572124391157737,0.961465271170314,0.8472018444770488,0.4755721311714208,0.15430170533853577,0.09432080268101312,sv_complexity_low,1.0,3168,107441,38756
fold_e,314159,1hop,C+S,complexity,medium,4978,2720,0.6466614705118212,True,0.7474668745128605,0.6650767051497176,0.7024687913503436,7698,0.6466614705118212,0.2332431453983942,0.8330772309928391,0.8948707602588899,0.7474668745128605,0.737625313283208,0.9459622338288469,0.8289033620841401,0.5018151414469693,0.1654992679443078,0.09306737558076265,sv_complexity_medium,1.0,7698,107441,38756
fold_e,314159,1hop,C+S+T,complexity,high,10712,6130,0.6360289751810949,True,0.7446859042869018,0.6723976068673878,0.719590739655569,16842,0.6360289751810949,0.2248333161123976,0.8325221245676511,0.8979391541437263,0.7446859042869018,0.7342539821715621,0.9381067961165048,0.8237560455775064,0.5023901049724477,0.16883915051349518,0.09310817253506058,sv_complexity_high,1.0,16842,107441,38756
fold_e,314159,1hop,C+S+T,complexity,low,2102,1066,0.663510101010101,True,0.8428030303030303,0.7879157346795601,0.8487856315189843,3168,0.663510101010101,0.2248333161123976,0.9126269897515632,0.9491178924240017,0.8428030303030303,0.8322286661143331,0.955756422454805,0.8897254207263064,0.37855782952853045,0.11838312909537403,0.08559588081467734,sv_complexity_low,1.0,3168,107441,38756
fold_e,314159,1hop,C+S+T,complexity,medium,4978,2720,0.6466614705118212,True,0.8143673681475708,0.7579948095148064,0.8123712510127458,7698,0.6466614705118212,0.2248333161123976,0.891772623070924,0.933703533743137,0.8143673681475708,0.8002030113347995,0.9501807955002008,0.8687666452383139,0.4143537954737228,0.1324142743581263,0.07820797676942522,sv_complexity_medium,1.0,7698,107441,38756
fold_e,314159,1hop,T,complexity,high,10712,6130,0.6360289751810949,True,0.7545422158888493,0.6914849958638267,0.7158030164500002,16842,0.6360289751810949,0.2674517036173056,0.8352120839612722,0.8965605326468651,0.7545422158888493,0.7491289198606271,0.9232636295743092,0.8271305511415907,0.4962311749385036,0.16624687824220052,0.08889962056784922,sv_complexity_high,1.0,16842,107441,38756
fold_e,314159,1hop,T,complexity,low,2102,1066,0.663510101010101,True,0.851010101010101,0.8070460902954928,0.8342264811339504,3168,0.663510101010101,0.2674517036173056,0.9088161814978319,0.9442188853815628,0.851010101010101,0.8500859106529209,0.9414843006660324,0.8934537246049662,0.3787986320325333,0.11867782355160919,0.08414277479019247,sv_complexity_low,1.0,3168,107441,38756
fold_e,314159,1hop,T,complexity,medium,4978,2720,0.6466614705118212,True,0.8198233307352559,0.7726360692931251,0.8068313319538598,7698,0.6466614705118212,0.2674517036173056,0.8896919238768227,0.9317460668893867,0.8198233307352559,0.8148342977380326,0.9335074327038971,0.8701432450145118,0.4161013328923605,0.13351090077772232,0.07774562560269624,sv_complexity_medium,1.0,7698,107441,38756
fold_e,314159,1hop,S,complexity,high,10712,6130,0.6360289751810949,True,0.6824605153782212,0.5810898298869284,0.6257878661677756,16842,0.6360289751810949,0.2087839690352355,0.7746489658957587,0.863797626149416,0.6824605153782212,0.6779930979559331,0.9536967886482449,0.7925523661753298,0.569205310425976,0.1952705586955764,0.11005657919878849,sv_complexity_high,1.0,16842,107441,38756
fold_e,314159,1hop,S,complexity,low,2102,1066,0.663510101010101,True,0.7629419191919192,0.6625437580219321,0.7261538334441672,3168,0.663510101010101,0.2087839690352355,0.8480463080814662,0.9078535310768567,0.7629419191919192,0.7478899082568807,0.9695528068506185,0.8444168220426767,0.4790470107224236,0.15528189283041582,0.09391771884271803,sv_complexity_low,1.0,3168,107441,38756
fold_e,314159,1hop,S,complexity,medium,4978,2720,0.6466614705118212,True,0.7411015848272279,0.6504827860232081,0.6940852661370484,7698,0.6466614705118212,0.2087839690352355,0.8299825482121334,0.8919085377880971,0.7411015848272279,0.7272727272727273,0.9594214543993572,0.827371156344738,0.5056803062702255,0.16675548039908053,0.09322252791071534,sv_complexity_medium,1.0,7698,107441,38756
fold_e,314159,1hop,K,complexity,high,10712,6130,0.6360289751810949,True,0.6470727942049638,0.5343953724809851,0.42108609273972614,16842,0.6360289751810949,0.3022449455518995,0.6811445245350003,0.7892921118925615,0.6470727942049638,0.6532724701041532,0.948562359970127,0.7736998400974644,0.6507159810479192,0.2285021735482565,0.13519624139986872,sv_complexity_high,1.0,16842,107441,38756
fold_e,314159,1hop,K,complexity,low,2102,1066,0.663510101010101,True,0.6941287878787878,0.5586741297040432,0.45871660293197064,3168,0.663510101010101,0.3022449455518995,0.7017467952436971,0.8178636043956694,0.6941287878787878,0.6915793033479878,0.972882968601332,0.80846016999407,0.6080901575995337,0.21110296188383273,0.12140144161991741,sv_complexity_low,1.0,3168,107441,38756
fold_e,314159,1hop,K,complexity,medium,4978,2720,0.6466614705118212,True,0.679786957651338,0.5614667773497506,0.46159607541035846,7698,0.6466614705118212,0.3022449455518995,0.7095724865880462,0.8097611490148318,0.679786957651338,0.6771464824474834,0.9648453194053837,0.7957915665644935,0.6129968737252708,0.21283352770649222,0.11249067753677847,sv_complexity_medium,1.0,7698,107441,38756
fold_e,314159,strict,C,complexity,high,10712,6130,0.6360289751810949,True,0.6922574516090726,0.6164239126859299,0.5981361224641807,16842,0.6360289751810949,0.286786811681311,0.7648946174313815,0.8537331926555889,0.6922574516090726,0.7025423107919995,0.8951643017176998,0.787241903041747,0.583432493216295,0.20088734367118402,0.11607235433721759,sv_complexity_high,1.0,16842,107441,38756
fold_e,314159,strict,C,complexity,low,2102,1066,0.663510101010101,True,0.7629419191919192,0.6722530851525305,0.6563241121131812,3168,0.663510101010101,0.286786811681311,0.813778488458236,0.8843565351997005,0.7629419191919192,0.7557743279060962,0.9495718363463368,0.8416613957410921,0.518381007213652,0.1713437354097144,0.1023913531742823,sv_complexity_low,1.0,3168,107441,38756
fold_e,314159,strict,C,complexity,medium,4978,2720,0.6466614705118212,True,0.732138217718888,0.6583942139531587,0.6425723256215474,7698,0.6466614705118212,0.286786811681311,0.8001488534847446,0.873707031136738,0.732138217718888,0.7373819602735265,0.9098031337886702,0.814568345323741,0.5420680911380461,0.18194098424707908,0.10006737615418035,sv_complexity_medium,1.0,7698,107441,38756
fold_e,314159,strict,C+T,complexity,high,10712,6130,0.6360289751810949,True,0.7432015200095,0.6728007162463283,0.7133190546519631,16842,0.6360289751810949,0.252184656301456,0.8269787995229085,0.8956564425256225,0.7432015200095,0.7353179574091814,0.931572068707991,0.8218918585018326,0.5094857567355985,0.17170367964353062,0.09824977822556333,sv_complexity_high,1.0,16842,107441,38756
fold_e,314159,strict,C+T,complexity,low,2102,1066,0.663510101010101,True,0.8248106060606061,0.7627984962057042,0.8364662300884377,3168,0.663510101010101,0.252184656301456,0.901375309497075,0.944972538281021,0.8248106060606061,0.8148148148148148,0.9524262607040913,0.8782627769247642,0.38924493727577203,0.12410883494666917,0.0757273042035553,sv_complexity_low,1.0,3168,107441,38756
fold_e,314159,strict,C+T,complexity,medium,4978,2720,0.6466614705118212,True,0.7963107300597558,0.7370293260936356,0.7978505311247556,7698,0.6466614705118212,0.252184656301456,0.8799387894973177,0.9285728039308048,0.7963107300597558,0.7870370370370371,0.9391321815990358,0.8563839531049643,0.43588524684324076,0.13992781898866496,0.07904880732094323,sv_complexity_medium,1.0,7698,107441,38756
fold_e,314159,strict,C+S,complexity,high,10712,6130,0.6360289751810949,True,0.6881605510034438,0.5957585035215343,0.62908419652605,16842,0.6360289751810949,0.2332431453983942,0.7768204188073444,0.8649973948880588,0.6881605510034438,0.6872427983539094,0.9353995519044063,0.7923454056618694,0.5670536971241651,0.1944159139474194,0.11026426693136501,sv_complexity_high,1.0,16842,107441,38756
fold_e,314159,strict,C+S,complexity,low,2102,1066,0.663510101010101,True,0.7698863636363636,0.6767926731086091,0.729038849750979,3168,0.663510101010101,0.2332431453983942,0.8493681975354483,0.9088243099225201,0.7698863636363636,0.7572124391157737,0.961465271170314,0.8472018444770488,0.4755721311714208,0.15430170533853577,0.09432080268101312,sv_complexity_low,1.0,3168,107441,38756
fold_e,314159,strict,C+S,complexity,medium,4978,2720,0.6466614705118212,True,0.7474668745128605,0.6650767051497176,0.7024687913503436,7698,0.6466614705118212,0.2332431453983942,0.8330772309928391,0.8948707602588899,0.7474668745128605,0.737625313283208,0.9459622338288469,0.8289033620841401,0.5018151414469693,0.1654992679443078,0.09306737558076265,sv_complexity_medium,1.0,7698,107441,38756
fold_e,314159,strict,C+S+T,complexity,high,10712,6130,0.6360289751810949,True,0.7372639828998931,0.6680283854791687,0.7101735390576278,16842,0.6360289751810949,0.2462042587798335,0.8236614697486742,0.8945115659911684,0.7372639828998931,0.7332492394449803,0.9225168035847647,0.8170656083343668,0.513810068766478,0.17353180258423348,0.09837709898696437,sv_complexity_high,1.0,16842,107441,38756
fold_e,314159,strict,C+S+T,complexity,low,2102,1066,0.663510101010101,True,0.8248106060606061,0.7609491005617807,0.8459857408419549,3168,0.663510101010101,0.2462042587798335,0.9056872932595239,0.9481757574929053,0.8248106060606061,0.812778002426203,0.956232159847764,0.8786885245901639,0.3885781123950437,0.1228393806170763,0.0822079721296386,sv_complexity_low,1.0,3168,107441,38756
fold_e,314159,strict,C+S+T,complexity,medium,4978,2720,0.6466614705118212,True,0.8002078461938166,0.7414600713728641,0.7996667821602028,7698,0.6466614705118212,0.2462042587798335,0.8814432768888993,0.9292145554008511,0.8002078461938166,0.7897574123989218,0.941743672157493,0.859080080630383,0.4335013227876223,0.1391523909207599,0.08211988898143187,sv_complexity_medium,1.0,7698,107441,38756
fold_e,314159,strict,T,complexity,high,10712,6130,0.6360289751810949,True,0.743142144638404,0.6753358584904856,0.7084221861377702,16842,0.6360289751810949,0.2668875897101606,0.8257155001114757,0.8938741242741083,0.743142144638404,0.7378930114736999,0.9245705750560119,0.8207508079887296,0.5107791788364786,0.17177239424220014,0.09777287485136285,sv_complexity_high,1.0,16842,107441,38756
fold_e,314159,strict,T,complexity,low,2102,1066,0.663510101010101,True,0.8232323232323232,0.7646144206446821,0.8340594705966305,3168,0.663510101010101,0.2668875897101606,0.9007094556600254,0.9441626880227298,0.8232323232323232,0.8178070898598516,0.9438629876308278,0.8763250883392226,0.3906694389343755,0.12453029546357848,0.07654371325653249,sv_complexity_low,1.0,3168,107441,38756
fold_e,314159,strict,T,complexity,medium,4978,2720,0.6466614705118212,True,0.7973499610288387,0.7429191383262828,0.7971999693874677,7698,0.6466614705118212,0.2668875897101606,0.8794290466286958,0.9283429354032102,0.7973499610288387,0.7933401991074494,0.9284853354760948,0.8556090336912254,0.43866370780952096,0.14058335863154645,0.07969559595821446,sv_complexity_medium,1.0,7698,107441,38756
fold_e,314159,strict,S,complexity,high,10712,6130,0.6360289751810949,True,0.6824605153782212,0.5810898298869284,0.6257878661677756,16842,0.6360289751810949,0.2087839690352355,0.7746489658957587,0.863797626149416,0.6824605153782212,0.6779930979559331,0.9536967886482449,0.7925523661753298,0.569205310425976,0.1952705586955764,0.11005657919878849,sv_complexity_high,1.0,16842,107441,38756
fold_e,314159,strict,S,complexity,low,2102,1066,0.663510101010101,True,0.7629419191919192,0.6625437580219321,0.7261538334441672,3168,0.663510101010101,0.2087839690352355,0.8480463080814662,0.9078535310768567,0.7629419191919192,0.7478899082568807,0.9695528068506185,0.8444168220426767,0.4790470107224236,0.15528189283041582,0.09391771884271803,sv_complexity_low,1.0,3168,107441,38756
fold_e,314159,strict,S,complexity,medium,4978,2720,0.6466614705118212,True,0.7411015848272279,0.6504827860232081,0.6940852661370484,7698,0.6466614705118212,0.2087839690352355,0.8299825482121334,0.8919085377880971,0.7411015848272279,0.7272727272727273,0.9594214543993572,0.827371156344738,0.5056803062702255,0.16675548039908053,0.09322252791071534,sv_complexity_medium,1.0,7698,107441,38756
fold_e,314159,strict,K,complexity,high,10712,6130,0.6360289751810949,True,0.6470727942049638,0.5343953724809851,0.42108609273972614,16842,0.6360289751810949,0.3022449455518995,0.6811445245350003,0.7892921118925615,0.6470727942049638,0.6532724701041532,0.948562359970127,0.7736998400974644,0.6507159810479192,0.2285021735482565,0.13519624139986872,sv_complexity_high,1.0,16842,107441,38756
fold_e,314159,strict,K,complexity,low,2102,1066,0.663510101010101,True,0.6941287878787878,0.5586741297040432,0.45871660293197064,3168,0.663510101010101,0.3022449455518995,0.7017467952436971,0.8178636043956694,0.6941287878787878,0.6915793033479878,0.972882968601332,0.80846016999407,0.6080901575995337,0.21110296188383273,0.12140144161991741,sv_complexity_low,1.0,3168,107441,38756
fold_e,314159,strict,K,complexity,medium,4978,2720,0.6466614705118212,True,0.679786957651338,0.5614667773497506,0.46159607541035846,7698,0.6466614705118212,0.3022449455518995,0.7095724865880462,0.8097611490148318,0.679786957651338,0.6771464824474834,0.9648453194053837,0.7957915665644935,0.6129968737252708,0.21283352770649222,0.11249067753677847,sv_complexity_medium,1.0,7698,107441,38756
fold_e,42,1hop,C,complexity,high,10712,6130,0.6360289751810949,True,0.6922574516090726,0.6164239126859299,0.5981361224641807,16842,0.6360289751810949,0.286786811681311,0.7648946174313815,0.8537331926555889,0.6922574516090726,0.7025423107919995,0.8951643017176998,0.787241903041747,0.583432493216295,0.20088734367118402,0.11607235433721759,sv_complexity_high,1.0,16842,107441,38756
fold_e,42,1hop,C,complexity,low,2102,1066,0.663510101010101,True,0.7629419191919192,0.6722530851525305,0.6563241121131812,3168,0.663510101010101,0.286786811681311,0.813778488458236,0.8843565351997005,0.7629419191919192,0.7557743279060962,0.9495718363463368,0.8416613957410921,0.518381007213652,0.1713437354097144,0.1023913531742823,sv_complexity_low,1.0,3168,107441,38756
fold_e,42,1hop,C,complexity,medium,4978,2720,0.6466614705118212,True,0.732138217718888,0.6583942139531587,0.6425723256215474,7698,0.6466614705118212,0.286786811681311,0.8001488534847446,0.873707031136738,0.732138217718888,0.7373819602735265,0.9098031337886702,0.814568345323741,0.5420680911380461,0.18194098424707908,0.10006737615418035,sv_complexity_medium,1.0,7698,107441,38756
fold_e,42,1hop,C+T,complexity,high,10712,6130,0.6360289751810949,True,0.7524640779004869,0.6853505757139011,0.7183375815572519,16842,0.6360289751810949,0.2442015086261659,0.8375377296368087,0.8974830409064217,0.7524640779004869,0.7436871508379889,0.9320388349514563,0.8272776235654804,0.49574687273768553,0.1660387584411901,0.09147040795992287,sv_complexity_high,1.0,16842,107441,38756
fold_e,42,1hop,C+T,complexity,low,2102,1066,0.663510101010101,True,0.8431186868686869,0.7909276968419249,0.8423904136541739,3168,0.663510101010101,0.2442015086261659,0.9118375155975817,0.9469659662106532,0.8431186868686869,0.835633626097867,0.950523311132255,0.8893834854217672,0.36567493255961525,0.11477879959440762,0.06811274869143154,sv_complexity_low,1.0,3168,107441,38756
fold_e,42,1hop,C+T,complexity,medium,4978,2720,0.6466614705118212,True,0.8181345804104962,0.7679950606196677,0.8157575291368762,7698,0.6466614705118212,0.2442015086261659,0.8972245527379292,0.9349000362759552,0.8181345804104962,0.810051993067591,0.9389312977099237,0.8697432080387049,0.4013626790057528,0.1282013594731054,0.07310489115944444,sv_complexity_medium,1.0,7698,107441,38756
fold_e,42,1hop,C+S,complexity,high,10712,6130,0.6360289751810949,True,0.6881605510034438,0.5957585035215343,0.62908419652605,16842,0.6360289751810949,0.2332431453983942,0.7768204188073444,0.8649973948880588,0.6881605510034438,0.6872427983539094,0.9353995519044063,0.7923454056618694,0.5670536971241651,0.1944159139474194,0.11026426693136501,sv_complexity_high,1.0,16842,107441,38756
fold_e,42,1hop,C+S,complexity,low,2102,1066,0.663510101010101,True,0.7698863636363636,0.6767926731086091,0.729038849750979,3168,0.663510101010101,0.2332431453983942,0.8493681975354483,0.9088243099225201,0.7698863636363636,0.7572124391157737,0.961465271170314,0.8472018444770488,0.4755721311714208,0.15430170533853577,0.09432080268101312,sv_complexity_low,1.0,3168,107441,38756
fold_e,42,1hop,C+S,complexity,medium,4978,2720,0.6466614705118212,True,0.7474668745128605,0.6650767051497176,0.7024687913503436,7698,0.6466614705118212,0.2332431453983942,0.8330772309928391,0.8948707602588899,0.7474668745128605,0.737625313283208,0.9459622338288469,0.8289033620841401,0.5018151414469693,0.1654992679443078,0.09306737558076265,sv_complexity_medium,1.0,7698,107441,38756
fold_e,42,1hop,C+S+T,complexity,high,10712,6130,0.6360289751810949,True,0.742251514071963,0.6675531519589868,0.7218215078498558,16842,0.6360289751810949,0.2149091068603793,0.8334662792227648,0.8987510891295343,0.742251514071963,0.7306160862955187,0.9421209858103062,0.8229969418960245,0.5021419398468449,0.16888801699786857,0.09554403356457498,sv_complexity_high,1.0,16842,107441,38756
fold_e,42,1hop,C+S+T,complexity,low,2102,1066,0.663510101010101,True,0.8421717171717171,0.7839723804542444,0.8495221158451519,3168,0.663510101010101,0.2149091068603793,0.9132772236929716,0.9493657119605214,0.8421717171717171,0.828009828009828,0.961941008563273,0.8899647887323944,0.3701938823349418,0.11609016749221393,0.0757701194333735,sv_complexity_low,1.0,3168,107441,38756
fold_e,42,1hop,C+S+T,complexity,medium,4978,2720,0.6466614705118212,True,0.8144972720187061,0.755260277574268,0.8193027667165522,7698,0.6466614705118212,0.2149091068603793,0.897663912390991,0.9361527053090442,0.8144972720187061,0.7968227424749164,0.9572117316191241,0.8696842489505384,0.4021448710748722,0.12825061270015556,0.07475541025045014,sv_complexity_medium,1.0,7698,107441,38756
fold_e,42,1hop,T,complexity,high,10712,6130,0.6360289751810949,True,0.7511578197363733,0.6874637399534849,0.7148069135049409,16842,0.6360289751810949,0.2536733582848541,0.8340169415587342,0.8961979800371267,0.7511578197363733,0.7465779323905316,0.9215832710978342,0.8249007729266764,0.500685955804783,0.16801842995810995,0.09262451891996137,sv_complexity_high,1.0,16842,107441,38756
fold_e,42,1hop,T,complexity,low,2102,1066,0.663510101010101,True,0.84375,0.7927904809678266,0.8377128391895594,3168,0.663510101010101,0.2536733582848541,0.9101612776539095,0.9453920096515374,0.84375,0.8374632507349853,0.9486203615604186,0.8895828686147669,0.3694320977216757,0.11625543675405613,0.07005519357114305,sv_complexity_low,1.0,3168,107441,38756
fold_e,42,1hop,T,complexity,medium,4978,2720,0.6466614705118212,True,0.820213042348662,0.7726872503722261,0.8143183960040917,7698,0.6466614705118212,0.2536733582848541,0.8964090527733793,0.9343915350910794,0.820213042348662,0.8146008403361344,0.9347127360385697,0.870533208606174,0.4043137220695587,0.12921161426477945,0.07518102395496844,sv_complexity_medium,1.0,7698,107441,38756
fold_e,42,1hop,S,complexity,high,10712,6130,0.6360289751810949,True,0.6824605153782212,0.5810898298869284,0.6257878661677756,16842,0.6360289751810949,0.2087839690352355,0.7746489658957587,0.863797626149416,0.6824605153782212,0.6779930979559331,0.9536967886482449,0.7925523661753298,0.569205310425976,0.1952705586955764,0.11005657919878849,sv_complexity_high,1.0,16842,107441,38756
fold_e,42,1hop,S,complexity,low,2102,1066,0.663510101010101,True,0.7629419191919192,0.6625437580219321,0.7261538334441672,3168,0.663510101010101,0.2087839690352355,0.8480463080814662,0.9078535310768567,0.7629419191919192,0.7478899082568807,0.9695528068506185,0.8444168220426767,0.4790470107224236,0.15528189283041582,0.09391771884271803,sv_complexity_low,1.0,3168,107441,38756
fold_e,42,1hop,S,complexity,medium,4978,2720,0.6466614705118212,True,0.7411015848272279,0.6504827860232081,0.6940852661370484,7698,0.6466614705118212,0.2087839690352355,0.8299825482121334,0.8919085377880971,0.7411015848272279,0.7272727272727273,0.9594214543993572,0.827371156344738,0.5056803062702255,0.16675548039908053,0.09322252791071534,sv_complexity_medium,1.0,7698,107441,38756
fold_e,42,1hop,K,complexity,high,10712,6130,0.6360289751810949,True,0.6470727942049638,0.5343953724809851,0.42108609273972614,16842,0.6360289751810949,0.3022449455518995,0.6811445245350003,0.7892921118925615,0.6470727942049638,0.6532724701041532,0.948562359970127,0.7736998400974644,0.6507159810479192,0.2285021735482565,0.13519624139986872,sv_complexity_high,1.0,16842,107441,38756
fold_e,42,1hop,K,complexity,low,2102,1066,0.663510101010101,True,0.6941287878787878,0.5586741297040432,0.45871660293197064,3168,0.663510101010101,0.3022449455518995,0.7017467952436971,0.8178636043956694,0.6941287878787878,0.6915793033479878,0.972882968601332,0.80846016999407,0.6080901575995337,0.21110296188383273,0.12140144161991741,sv_complexity_low,1.0,3168,107441,38756
fold_e,42,1hop,K,complexity,medium,4978,2720,0.6466614705118212,True,0.679786957651338,0.5614667773497506,0.46159607541035846,7698,0.6466614705118212,0.3022449455518995,0.7095724865880462,0.8097611490148318,0.679786957651338,0.6771464824474834,0.9648453194053837,0.7957915665644935,0.6129968737252708,0.21283352770649222,0.11249067753677847,sv_complexity_medium,1.0,7698,107441,38756
fold_e,42,strict,C,complexity,high,10712,6130,0.6360289751810949,True,0.6922574516090726,0.6164239126859299,0.5981361224641807,16842,0.6360289751810949,0.286786811681311,0.7648946174313815,0.8537331926555889,0.6922574516090726,0.7025423107919995,0.8951643017176998,0.787241903041747,0.583432493216295,0.20088734367118402,0.11607235433721759,sv_complexity_high,1.0,16842,107441,38756
fold_e,42,strict,C,complexity,low,2102,1066,0.663510101010101,True,0.7629419191919192,0.6722530851525305,0.6563241121131812,3168,0.663510101010101,0.286786811681311,0.813778488458236,0.8843565351997005,0.7629419191919192,0.7557743279060962,0.9495718363463368,0.8416613957410921,0.518381007213652,0.1713437354097144,0.1023913531742823,sv_complexity_low,1.0,3168,107441,38756
fold_e,42,strict,C,complexity,medium,4978,2720,0.6466614705118212,True,0.732138217718888,0.6583942139531587,0.6425723256215474,7698,0.6466614705118212,0.286786811681311,0.8001488534847446,0.873707031136738,0.732138217718888,0.7373819602735265,0.9098031337886702,0.814568345323741,0.5420680911380461,0.18194098424707908,0.10006737615418035,sv_complexity_medium,1.0,7698,107441,38756
fold_e,42,strict,C+T,complexity,high,10712,6130,0.6360289751810949,True,0.7432608953805961,0.6760223322900512,0.7114847030648886,16842,0.6360289751810949,0.2657910702589963,0.8255699802145937,0.8949887916985968,0.7432608953805961,0.7385362210604929,0.9231702763256161,0.8205958011783254,0.5109698154253902,0.171898864068,0.0961524386539962,sv_complexity_high,1.0,16842,107441,38756
fold_e,42,strict,C+T,complexity,low,2102,1066,0.663510101010101,True,0.8276515151515151,0.7681757568508862,0.834709324149763,3168,0.663510101010101,0.2657910702589963,0.9002198835023554,0.9443813571791816,0.8276515151515151,0.8191140278917145,0.9500475737392959,0.8797356828193833,0.3928268131047503,0.1261237518281672,0.08174977857614196,sv_complexity_low,1.0,3168,107441,38756
fold_e,42,strict,C+T,complexity,medium,4978,2720,0.6466614705118212,True,0.7963107300597558,0.7386135762058941,0.8012837753414901,7698,0.6466614705118212,0.2657910702589963,0.8811423203270862,0.9297859013937195,0.7963107300597558,0.7888851236868858,0.9353153877059059,0.8558823529411764,0.43198041050274916,0.1394834587829522,0.08057366699422078,sv_complexity_medium,1.0,7698,107441,38756
fold_e,42,strict,C+S,complexity,high,10712,6130,0.6360289751810949,True,0.6881605510034438,0.5957585035215343,0.62908419652605,16842,0.6360289751810949,0.2332431453983942,0.7768204188073444,0.8649973948880588,0.6881605510034438,0.6872427983539094,0.9353995519044063,0.7923454056618694,0.5670536971241651,0.1944159139474194,0.11026426693136501,sv_complexity_high,1.0,16842,107441,38756
fold_e,42,strict,C+S,complexity,low,2102,1066,0.663510101010101,True,0.7698863636363636,0.6767926731086091,0.729038849750979,3168,0.663510101010101,0.2332431453983942,0.8493681975354483,0.9088243099225201,0.7698863636363636,0.7572124391157737,0.961465271170314,0.8472018444770488,0.4755721311714208,0.15430170533853577,0.09432080268101312,sv_complexity_low,1.0,3168,107441,38756
fold_e,42,strict,C+S,complexity,medium,4978,2720,0.6466614705118212,True,0.7474668745128605,0.6650767051497176,0.7024687913503436,7698,0.6466614705118212,0.2332431453983942,0.8330772309928391,0.8948707602588899,0.7474668745128605,0.737625313283208,0.9459622338288469,0.8289033620841401,0.5018151414469693,0.1654992679443078,0.09306737558076265,sv_complexity_medium,1.0,7698,107441,38756
fold_e,42,strict,C+S+T,complexity,high,10712,6130,0.6360289751810949,True,0.7306733167082294,0.6531131252535615,0.7069580457635317,16842,0.6360289751810949,0.2191069314231458,0.821968265682432,0.8933412196016179,0.7306733167082294,0.7217753519103706,0.9382001493651979,0.8158792011690209,0.5160386965016645,0.17421933044122373,0.09812797527231575,sv_complexity_high,1.0,16842,107441,38756
fold_e,42,strict,C+S+T,complexity,low,2102,1066,0.663510101010101,True,0.8251262626262627,0.7579505268813942,0.8467653236951503,3168,0.663510101010101,0.2191069314231458,0.9061340222748637,0.9484380792484313,0.8251262626262627,0.8093525179856115,0.9633682207421503,0.8796698523023457,0.38985042546307963,0.12341816452061376,0.08482450457276876,sv_complexity_low,1.0,3168,107441,38756
fold_e,42,strict,C+S+T,complexity,medium,4978,2720,0.6466614705118212,True,0.7920239023122889,0.7250430570982913,0.8010301178304298,7698,0.6466614705118212,0.2191069314231458,0.8818224452295984,0.9296962744217678,0.7920239023122889,0.7761242845461979,0.9533949377259944,0.8556747498422429,0.4302429767463823,0.13891525978109365,0.08126426036217993,sv_complexity_medium,1.0,7698,107441,38756
fold_e,42,strict,T,complexity,high,10712,6130,0.6360289751810949,True,0.741420258876618,0.6759360452578986,0.705623213904737,16842,0.6360289751810949,0.2802378471646882,0.8230249544046286,0.8928553794820115,0.741420258876618,0.7393268579173256,0.9166355489171023,0.8184887258783812,0.5145726497339455,0.17300289543297595,0.09652482288296155,sv_complexity_high,1.0,16842,107441,38756
fold_e,42,strict,T,complexity,low,2102,1066,0.663510101010101,True,0.8257575757575758,0.7692914636824038,0.8316919962829082,3168,0.663510101010101,0.2802378471646882,0.8977269481580127,0.9433660568300443,0.8257575757575758,0.8215767634854771,0.9419600380589914,0.8776595744680851,0.39895849188875193,0.12820722339361523,0.0836950982963221,sv_complexity_low,1.0,3168,107441,38756
fold_e,42,strict,T,complexity,medium,4978,2720,0.6466614705118212,True,0.798908807482463,0.7463757444520596,0.7999560690571739,7698,0.6466614705118212,0.2802378471646882,0.8802896716139247,0.929316771607627,0.798908807482463,0.7965076071922544,0.9254720771394134,0.8561605649507527,0.43425252304032114,0.14018161540775945,0.08155539257969062,sv_complexity_medium,1.0,7698,107441,38756
fold_e,42,strict,S,complexity,high,10712,6130,0.6360289751810949,True,0.6824605153782212,0.5810898298869284,0.6257878661677756,16842,0.6360289751810949,0.2087839690352355,0.7746489658957587,0.863797626149416,0.6824605153782212,0.6779930979559331,0.9536967886482449,0.7925523661753298,0.569205310425976,0.1952705586955764,0.11005657919878849,sv_complexity_high,1.0,16842,107441,38756
fold_e,42,strict,S,complexity,low,2102,1066,0.663510101010101,True,0.7629419191919192,0.6625437580219321,0.7261538334441672,3168,0.663510101010101,0.2087839690352355,0.8480463080814662,0.9078535310768567,0.7629419191919192,0.7478899082568807,0.9695528068506185,0.8444168220426767,0.4790470107224236,0.15528189283041582,0.09391771884271803,sv_complexity_low,1.0,3168,107441,38756
fold_e,42,strict,S,complexity,medium,4978,2720,0.6466614705118212,True,0.7411015848272279,0.6504827860232081,0.6940852661370484,7698,0.6466614705118212,0.2087839690352355,0.8299825482121334,0.8919085377880971,0.7411015848272279,0.7272727272727273,0.9594214543993572,0.827371156344738,0.5056803062702255,0.16675548039908053,0.09322252791071534,sv_complexity_medium,1.0,7698,107441,38756
fold_e,42,strict,K,complexity,high,10712,6130,0.6360289751810949,True,0.6470727942049638,0.5343953724809851,0.42108609273972614,16842,0.6360289751810949,0.3022449455518995,0.6811445245350003,0.7892921118925615,0.6470727942049638,0.6532724701041532,0.948562359970127,0.7736998400974644,0.6507159810479192,0.2285021735482565,0.13519624139986872,sv_complexity_high,1.0,16842,107441,38756
fold_e,42,strict,K,complexity,low,2102,1066,0.663510101010101,True,0.6941287878787878,0.5586741297040432,0.45871660293197064,3168,0.663510101010101,0.3022449455518995,0.7017467952436971,0.8178636043956694,0.6941287878787878,0.6915793033479878,0.972882968601332,0.80846016999407,0.6080901575995337,0.21110296188383273,0.12140144161991741,sv_complexity_low,1.0,3168,107441,38756
fold_e,42,strict,K,complexity,medium,4978,2720,0.6466614705118212,True,0.679786957651338,0.5614667773497506,0.46159607541035846,7698,0.6466614705118212,0.3022449455518995,0.7095724865880462,0.8097611490148318,0.679786957651338,0.6771464824474834,0.9648453194053837,0.7957915665644935,0.6129968737252708,0.21283352770649222,0.11249067753677847,sv_complexity_medium,1.0,7698,107441,38756
