fold,seed,closure,feature_set,stratum,stratum_value,n,positive_fraction,threshold,auroc,auprc,accuracy,precision,recall,f1,nll,brier,ece,model
fold_a,314159,1hop,coordinate_plus_frozen_sequence_fm_pair,chromosome,chr12,7786,0.6203442075520165,0.2842584257938669,0.8009250582035485,0.8665109989325679,0.7170562548163371,0.7117523778816701,0.91407867494824,0.8003262938457355,0.5390134319631459,0.1816763008034508,0.081671562766565,T_Q
fold_a,314159,1hop,coordinate_plus_frozen_sequence_fm_pair,chromosome,chr17,6605,0.6183194549583648,0.2842584257938669,0.7951545412268579,0.8659233781833762,0.703557910673732,0.7019376899696048,0.9047502448579824,0.790543431750107,0.5470371321962507,0.1855453018953495,0.090134602392525,T_Q
fold_a,314159,1hop,coordinate_plus_frozen_sequence_fm_pair,chromosome,chr2,13840,0.619942196531792,0.2842584257938669,0.7881056839231745,0.8531575928948311,0.7114884393063584,0.7073126638344029,0.912004662004662,0.7967214783892481,0.5542411924874462,0.1876086257861152,0.0870978368930423,T_Q
fold_a,314159,1hop,coordinate_plus_frozen_sequence_fm_pair,chromosome,chr22,3884,0.6251287332646756,0.2842584257938669,0.7829407258721509,0.8552344754706989,0.6979917610710608,0.6990168093878846,0.9077429983525536,0.7898226124350475,0.5590276180979277,0.1892945520365173,0.0861043497104808,T_Q
fold_a,314159,1hop,coordinate_plus_frozen_sequence_fm_pair,chromosome,chr7,11102,0.6327688704737885,0.2842584257938669,0.7919040673441937,0.8685158068173873,0.7157268960547649,0.7169938306225463,0.9098932384341636,0.8020075282308657,0.5480793774750392,0.1859678094233906,0.0946949197585217,T_Q
fold_a,314159,1hop,coordinate_plus_frozen_sequence_fm_pair,sv_class,DEL,16270,0.0,0.2842584257938669,,,0.3812538414259373,0.0,0.0,0.0,0.5516176522040234,0.1846348365419722,0.3768754469010318,T_Q
fold_a,314159,1hop,coordinate_plus_frozen_sequence_fm_pair,sv_class,INS,26947,1.0,0.2842584257938669,,,0.9103425242141984,1.0,0.9103425242141984,0.9530673297330898,0.5478108234500435,0.1867513136061422,0.3686057554655338,T_Q
fold_a,314159,1hop,coordinate_plus_frozen_sequence_fm_pair,length_bin,bp>=1e+06,4,1.0,0.2842584257938669,,,1.0,1.0,1.0,1.0,0.4880686526098495,0.1609551788453583,0.3698240869172646,T_Q
fold_a,314159,1hop,coordinate_plus_frozen_sequence_fm_pair,length_bin,"bp[100,500)",19281,0.6574866448835641,0.2842584257938669,0.8233739563349297,0.8931706006828379,0.7522950054457757,0.7564427134047387,0.9192237911177724,0.8299266434014672,0.5244329294627126,0.1755571744157366,0.1229337863930405,T_Q
fold_a,314159,1hop,coordinate_plus_frozen_sequence_fm_pair,length_bin,"bp[1000,10000)",4713,0.5987693613409718,0.2842584257938669,0.8173090220714256,0.8858439945191616,0.6293231487375345,0.6215788283193847,0.973777462792346,0.7588016015463206,0.5236135565379959,0.177772667028592,0.0882554647735981,T_Q
fold_a,314159,1hop,coordinate_plus_frozen_sequence_fm_pair,length_bin,"bp[10000,100000)",662,0.6525679758308157,0.2842584257938669,0.7225593800322061,0.8443206221695498,0.6555891238670695,0.6588785046728972,0.9791666666666666,0.7877094972067039,0.5848062081607177,0.2032837016376177,0.0743768445487384,T_Q
fold_a,314159,1hop,coordinate_plus_frozen_sequence_fm_pair,length_bin,"bp[100000,1e+06)",37,0.5675675675675675,0.2842584257938669,0.6934523809523809,0.8024519170080844,0.5945945945945946,0.5833333333333334,1.0,0.7368421052631579,0.6481207775435268,0.2300741721837086,0.2969084455739627,T_Q
fold_a,314159,1hop,coordinate_plus_frozen_sequence_fm_pair,length_bin,"bp[50,100)",15326,0.5807125146809343,0.2842584257938669,0.7533577600828096,0.8006111054774561,0.6832833094088477,0.6786786786786787,0.863370786516854,0.7599643952131342,0.6054759593782005,0.2084165581415911,0.1010201917157842,T_Q
fold_a,314159,1hop,coordinate_plus_frozen_sequence_fm_pair,length_bin,"bp[500,1000)",3194,0.6546649968691296,0.2842584257938669,0.8617654212913524,0.9284001881326832,0.7298058860363181,0.721820809248555,0.9555236728837876,0.8223914385676065,0.4585774731751407,0.148939709774178,0.0589320847031526,T_Q
fold_a,314159,1hop,coordinate_plus_frozen_sequence_fm_pair,allele_frequency_bin,"af[0.001,0.01)",11561,0.6030620188565003,0.2842584257938669,0.7376557876745595,0.8110911823087679,0.6677623042989361,0.6639095382682442,0.909495123350545,0.7675361617139744,0.595308117498797,0.205139487778281,0.0592755537885125,T_Q
fold_a,314159,1hop,coordinate_plus_frozen_sequence_fm_pair,allele_frequency_bin,"af[0.01,0.05)",14805,0.6430935494765282,0.2842584257938669,0.7901848962741511,0.8711548901611736,0.7187436676798379,0.7246498364505577,0.9074677029723768,0.8058198097369894,0.5530990106155552,0.1877149844713106,0.1065767625112799,T_Q
fold_a,314159,1hop,coordinate_plus_frozen_sequence_fm_pair,allele_frequency_bin,"af[0.05,0.5)",14697,0.6236646934748589,0.2842584257938669,0.8144202338332813,0.8786567607957563,0.7236170647070831,0.721335646140503,0.9073750818241326,0.8037301894085813,0.5308696702327849,0.1783068797776593,0.096053314349874,T_Q
fold_a,314159,1hop,coordinate_plus_frozen_sequence_fm_pair,allele_frequency_bin,"af[0.5,1)",2154,0.5979572887650882,0.2842584257938669,0.9161015520778046,0.9293122978386904,0.8068709377901578,0.773525721455458,0.9572981366459627,0.8556557945870923,0.4008811136906484,0.1230651174038456,0.0985188844200562,T_Q
fold_a,314159,1hop,coordinate_plus_frozen_sequence_fm_pair,breakpoint_mapping_distance,overlap,43217,0.623527778420529,0.2842584257938669,0.7921017146521927,0.8617182305006181,0.7111553323923456,0.7090294236661079,0.9103425242141984,0.7971728003899585,0.5492439887282269,0.1859545187838721,0.0879527910648576,T_Q
fold_a,314159,1hop,coordinate_plus_frozen_sequence_fm_plus_frozen_pangenomefm_pair,chromosome,chr12,7786,0.6203442075520165,0.2395309260584441,0.8843146339550116,0.9232159501601233,0.7846134086822502,0.7603633360858795,0.9532091097308488,0.8459347726228755,0.4183122432797846,0.1368867300190941,0.0602204553952165,T_Q
fold_a,314159,1hop,coordinate_plus_frozen_sequence_fm_plus_frozen_pangenomefm_pair,chromosome,chr17,6605,0.6183194549583648,0.2395309260584441,0.8650046271456883,0.9120861295278048,0.7659348978046934,0.7466951788491446,0.9404995102840352,0.8324664065886432,0.4498028691235837,0.1493728040487248,0.0674698578168674,T_Q
fold_a,314159,1hop,coordinate_plus_frozen_sequence_fm_plus_frozen_pangenomefm_pair,chromosome,chr2,13840,0.619942196531792,0.2395309260584441,0.8575843769665062,0.9073302566728192,0.7614161849710983,0.7433603836222796,0.9395104895104897,0.830004118616145,0.4598614208840553,0.1533999993629302,0.0675762997944561,T_Q
fold_a,314159,1hop,coordinate_plus_frozen_sequence_fm_plus_frozen_pangenomefm_pair,chromosome,chr22,3884,0.6251287332646756,0.2395309260584441,0.8570752507377303,0.9063114032628778,0.7644181256436663,0.7455371632586822,0.9460461285008236,0.8339081502995099,0.4621205485283556,0.1528065987830054,0.0662089344708269,T_Q
fold_a,314159,1hop,coordinate_plus_frozen_sequence_fm_plus_frozen_pangenomefm_pair,chromosome,chr7,11102,0.6327688704737885,0.2395309260584441,0.864033616232716,0.915830136873682,0.7738245361196181,0.7594252873563219,0.9404982206405694,0.8403179650238474,0.4549350952047025,0.1507662939919974,0.0798308528192283,T_Q
fold_a,314159,1hop,coordinate_plus_frozen_sequence_fm_plus_frozen_pangenomefm_pair,sv_class,DEL,16270,0.0,0.2395309260584441,,,0.4828518746158574,0.0,0.0,0.0,0.458383247908724,0.1531220352527043,0.3016062898672185,T_Q
fold_a,314159,1hop,coordinate_plus_frozen_sequence_fm_plus_frozen_pangenomefm_pair,sv_class,INS,26947,1.0,0.2395309260584441,,,0.9429621108101088,1.0,0.9429621108101088,0.9706438489600244,0.4445793348329981,0.1466388152248598,0.2927192653166088,T_Q
fold_a,314159,1hop,coordinate_plus_frozen_sequence_fm_plus_frozen_pangenomefm_pair,length_bin,bp>=1e+06,4,1.0,0.2395309260584441,,,1.0,1.0,1.0,1.0,0.1917815616752984,0.0370855336688196,0.1688413665713725,T_Q
fold_a,314159,1hop,coordinate_plus_frozen_sequence_fm_plus_frozen_pangenomefm_pair,length_bin,"bp[100,500)",19281,0.6574866448835641,0.2395309260584441,0.8727971642917273,0.9283885446368824,0.7862662724962398,0.7752895752895753,0.9503825826299598,0.8539532905695149,0.4342132275248778,0.1432966557118311,0.0822705797376243,T_Q
fold_a,314159,1hop,coordinate_plus_frozen_sequence_fm_plus_frozen_pangenomefm_pair,length_bin,"bp[1000,10000)",4713,0.5987693613409718,0.2395309260584441,0.9124444710124912,0.9405235652982348,0.7878209208572035,0.7470173535791758,0.9762579730687456,0.8463901689708141,0.3686107345906331,0.1179659533636826,0.0396914666932018,T_Q
fold_a,314159,1hop,coordinate_plus_frozen_sequence_fm_plus_frozen_pangenomefm_pair,length_bin,"bp[10000,100000)",662,0.6525679758308157,0.2395309260584441,0.8084792673107891,0.8789945179363432,0.7235649546827795,0.7142857142857143,0.960648148148148,0.8193484698914116,0.5030517079857273,0.166111832948586,0.0602956261211677,T_Q
fold_a,314159,1hop,coordinate_plus_frozen_sequence_fm_plus_frozen_pangenomefm_pair,length_bin,"bp[100000,1e+06)",37,0.5675675675675675,0.2395309260584441,0.5863095238095238,0.6339414819281767,0.6216216216216216,0.6060606060606061,0.9523809523809524,0.7407407407407407,0.921290832085516,0.2979677097818962,0.3312620768655966,T_Q
fold_a,314159,1hop,coordinate_plus_frozen_sequence_fm_plus_frozen_pangenomefm_pair,length_bin,"bp[50,100)",15326,0.5807125146809343,0.2395309260584441,0.8344076994093518,0.8708463401199883,0.741680803862717,0.7179532421702691,0.91438202247191,0.8043489004200642,0.5085235736713889,0.1715409556662791,0.0840294451514361,T_Q
fold_a,314159,1hop,coordinate_plus_frozen_sequence_fm_plus_frozen_pangenomefm_pair,length_bin,"bp[500,1000)",3194,0.6546649968691296,0.2395309260584441,0.91009758612332,0.952167834564032,0.788979336255479,0.7680665909950813,0.9708273553323769,0.857625686523025,0.3654163241636798,0.1170067135544713,0.0503492291318464,T_Q
fold_a,314159,1hop,coordinate_plus_frozen_sequence_fm_plus_frozen_pangenomefm_pair,allele_frequency_bin,"af[0.001,0.01)",11561,0.6030620188565003,0.2395309260584441,0.8021160850480963,0.8598113758636678,0.7196609289853819,0.7025735693343468,0.9279977051061388,0.7997033557876522,0.5341948052154321,0.181645109036617,0.0665488446963625,T_Q
fold_a,314159,1hop,coordinate_plus_frozen_sequence_fm_plus_frozen_pangenomefm_pair,allele_frequency_bin,"af[0.01,0.05)",14805,0.6430935494765282,0.2395309260584441,0.8598697838421001,0.9166975304525043,0.7709557581898008,0.760319347715305,0.9402373700241572,0.8407607419582062,0.458846476696308,0.152286744525586,0.0826734342978965,T_Q
fold_a,314159,1hop,coordinate_plus_frozen_sequence_fm_plus_frozen_pangenomefm_pair,allele_frequency_bin,"af[0.05,0.5)",14697,0.6236646934748589,0.2395309260584441,0.8946886280344066,0.932996938053084,0.791249914948629,0.7688712522045855,0.9512328169321406,0.8503852530966547,0.4050794326137276,0.1322256467675408,0.0696232786872757,T_Q
fold_a,314159,1hop,coordinate_plus_frozen_sequence_fm_plus_frozen_pangenomefm_pair,allele_frequency_bin,"af[0.5,1)",2154,0.5979572887650882,0.2395309260584441,0.9722325821582776,0.978508865925686,0.88347260909935,0.8454363757495004,0.985248447204969,0.9100035855145212,0.2393101799031266,0.0672455796702039,0.0685696215518792,T_Q
fold_a,314159,1hop,coordinate_plus_frozen_sequence_fm_plus_frozen_pangenomefm_pair,breakpoint_mapping_distance,overlap,43217,0.623527778420529,0.2395309260584441,0.8652509083082777,0.9130596493106596,0.7697433880186038,0.7512417218543046,0.9429621108101088,0.8362541343733031,0.4497761246551065,0.1490795674717309,0.0689722032151008,T_Q
fold_a,314159,1hop,coordinate_plus_frozen_sequence_fm_plus_topology_control_pair,chromosome,chr12,7786,0.6203442075520165,0.2583653300249253,0.8638454755320967,0.9055524522221448,0.7789622399178012,0.7654089124124979,0.9281573498964804,0.8389632263497707,0.4604170093588839,0.1494512289437633,0.0699032998890107,T_Q
fold_a,314159,1hop,coordinate_plus_frozen_sequence_fm_plus_topology_control_pair,chromosome,chr17,6605,0.6183194549583648,0.2583653300249253,0.8479176484620277,0.8976810747639489,0.7598788796366389,0.7504009623095429,0.9165034280117532,0.8251763668430335,0.4855067042608592,0.15996797932921,0.0764790381774177,T_Q
fold_a,314159,1hop,coordinate_plus_frozen_sequence_fm_plus_topology_control_pair,chromosome,chr2,13840,0.619942196531792,0.2583653300249253,0.838856457230982,0.885959234934831,0.7552023121387283,0.7444904878508194,0.9213286713286714,0.8235232836753829,0.4914359819727204,0.1616223571790352,0.0658588564466052,T_Q
fold_a,314159,1hop,coordinate_plus_frozen_sequence_fm_plus_topology_control_pair,chromosome,chr22,3884,0.6251287332646756,0.2583653300249253,0.8402573795644224,0.8921177598050447,0.7551493305870237,0.7482352941176471,0.9168039538714992,0.8239866740699612,0.4952980219240452,0.162786077557213,0.077240637329877,T_Q
fold_a,314159,1hop,coordinate_plus_frozen_sequence_fm_plus_topology_control_pair,chromosome,chr7,11102,0.6327688704737885,0.2583653300249253,0.8483793557645223,0.9031366878527586,0.7695009908124663,0.7621507396102372,0.9241281138790036,0.8353599691179309,0.4817875611037369,0.1584612778798426,0.0795252551078568,T_Q
fold_a,314159,1hop,coordinate_plus_frozen_sequence_fm_plus_topology_control_pair,sv_class,DEL,16270,0.0,0.2583653300249253,,,0.501720958819914,0.0,0.0,0.0,0.4976750464237282,0.1674768302392485,0.3248813517720897,T_Q
fold_a,314159,1hop,coordinate_plus_frozen_sequence_fm_plus_topology_control_pair,sv_class,INS,26947,1.0,0.2583653300249253,,,0.9221434668052102,1.0,0.9221434668052102,0.9594949416943394,0.4738346614549418,0.1530307418133772,0.3122244699163644,T_Q
fold_a,314159,1hop,coordinate_plus_frozen_sequence_fm_plus_topology_control_pair,length_bin,bp>=1e+06,4,1.0,0.2583653300249253,,,1.0,1.0,1.0,1.0,0.1967844583406448,0.0366865913793989,0.1752448260028081,T_Q
fold_a,314159,1hop,coordinate_plus_frozen_sequence_fm_plus_topology_control_pair,length_bin,"bp[100,500)",19281,0.6574866448835641,0.2583653300249253,0.8584353011389015,0.9126339535127856,0.7827394844665733,0.781245858184228,0.9299518813599432,0.8491374653365505,0.4645699400785627,0.151067774148673,0.0909161202227987,T_Q
fold_a,314159,1hop,coordinate_plus_frozen_sequence_fm_plus_topology_control_pair,length_bin,"bp[1000,10000)",4713,0.5987693613409718,0.2583653300249253,0.9037592182897763,0.9351827996236566,0.7604498196477827,0.723292007385914,0.9716513111268604,0.8292756691365493,0.4006763898418203,0.1265876463818364,0.0706301526645888,T_Q
fold_a,314159,1hop,coordinate_plus_frozen_sequence_fm_plus_topology_control_pair,length_bin,"bp[10000,100000)",662,0.6525679758308157,0.2583653300249253,0.8303190418679549,0.8956676715483812,0.7145015105740181,0.7035175879396985,0.9722222222222222,0.8163265306122449,0.4806482982721986,0.1570426758174174,0.0731894626468976,T_Q
fold_a,314159,1hop,coordinate_plus_frozen_sequence_fm_plus_topology_control_pair,length_bin,"bp[100000,1e+06)",37,0.5675675675675675,0.2583653300249253,0.6696428571428572,0.7305305876681643,0.6216216216216216,0.6,1.0,0.75,0.6979526262393537,0.2486391049385381,0.2401401801431515,T_Q
fold_a,314159,1hop,coordinate_plus_frozen_sequence_fm_plus_topology_control_pair,length_bin,"bp[50,100)",15326,0.5807125146809343,0.2583653300249253,0.81035282402599,0.8422738443944622,0.7393318543651312,0.726642639312448,0.8834831460674157,0.7974240657167486,0.547806355332996,0.1838329324517753,0.0900387148497491,T_Q
fold_a,314159,1hop,coordinate_plus_frozen_sequence_fm_plus_topology_control_pair,length_bin,"bp[500,1000)",3194,0.6546649968691296,0.2583653300249253,0.8923836257188236,0.9399363632002048,0.7842830306825297,0.7677616501145913,0.9612625538020086,0.8536844340624337,0.4005491632020028,0.1278929021553564,0.0496055977567038,T_Q
fold_a,314159,1hop,coordinate_plus_frozen_sequence_fm_plus_topology_control_pair,allele_frequency_bin,"af[0.001,0.01)",11561,0.6030620188565003,0.2583653300249253,0.7904499422213337,0.8446657143109331,0.7147305596401695,0.7007650273224044,0.9196787148594378,0.7954348095769755,0.5470980085129115,0.1839750306569728,0.059493202417176,T_Q
fold_a,314159,1hop,coordinate_plus_frozen_sequence_fm_plus_topology_control_pair,allele_frequency_bin,"af[0.01,0.05)",14805,0.6430935494765282,0.2583653300249253,0.8425136721161661,0.9012234907935176,0.7659574468085106,0.7658005617977528,0.916290305640164,0.8343135848515277,0.490539053762849,0.1615642684377022,0.0876623091317942,T_Q
fold_a,314159,1hop,coordinate_plus_frozen_sequence_fm_plus_topology_control_pair,allele_frequency_bin,"af[0.05,0.5)",14697,0.6236646934748589,0.2583653300249253,0.8728232058664603,0.9153235702880212,0.7842416819759135,0.7739694726259025,0.9238490072005237,0.8422937285522455,0.4516130697680895,0.1462506117360466,0.0787880444448574,T_Q
fold_a,314159,1hop,coordinate_plus_frozen_sequence_fm_plus_topology_control_pair,allele_frequency_bin,"af[0.5,1)",2154,0.5979572887650882,0.2583653300249253,0.9590992712980362,0.9656863431708188,0.8741875580315692,0.845213849287169,0.966614906832298,0.9018471568272364,0.2974965523593385,0.0836712457323716,0.0880593761731515,T_Q
fold_a,314159,1hop,coordinate_plus_frozen_sequence_fm_plus_topology_control_pair,breakpoint_mapping_distance,overlap,43217,0.623527778420529,0.2583653300249253,0.8473630520462792,0.8962608313829933,0.7638660712219728,0.7540053404539386,0.9221434668052102,0.829641253359598,0.4828099041474506,0.1584692928161984,0.0723718258440976,T_Q
fold_a,314159,1hop,coordinate_plus_frozen_sequence_fm_plus_topology_control_plus_frozen_pangenomefm_pair,chromosome,chr12,7786,0.6203442075520165,0.2526155615640101,0.8896653330979978,0.9276106736395388,0.7901361417929618,0.7693863789615644,0.944927536231884,0.8481694852257945,0.4091041125366594,0.1336039680341448,0.0584675323184611,T_Q
fold_a,314159,1hop,coordinate_plus_frozen_sequence_fm_plus_topology_control_plus_frozen_pangenomefm_pair,chromosome,chr17,6605,0.6183194549583648,0.2526155615640101,0.8719024639647918,0.9163885538996316,0.7753217259651779,0.7563091482649842,0.939275220372184,0.8379204892966361,0.4394515875487245,0.1451590665441685,0.0624968108583348,T_Q
fold_a,314159,1hop,coordinate_plus_frozen_sequence_fm_plus_topology_control_plus_frozen_pangenomefm_pair,chromosome,chr2,13840,0.619942196531792,0.2526155615640101,0.8630160001595363,0.9109392702062072,0.7671965317919075,0.7504674644727001,0.9355477855477856,0.8328491388254825,0.4500938393742881,0.1497775183220476,0.0633703250577109,T_Q
fold_a,314159,1hop,coordinate_plus_frozen_sequence_fm_plus_topology_control_plus_frozen_pangenomefm_pair,chromosome,chr22,3884,0.6251287332646756,0.2526155615640101,0.8637810140847619,0.911025333250612,0.7739443872296602,0.7588510354041417,0.9357495881383856,0.8380671338989303,0.452837870192913,0.149515755357405,0.0734751730618624,T_Q
fold_a,314159,1hop,coordinate_plus_frozen_sequence_fm_plus_topology_control_plus_frozen_pangenomefm_pair,chromosome,chr7,11102,0.6327688704737885,0.2526155615640101,0.8711587701863679,0.92065204653782,0.7838227346424068,0.7735068007096393,0.9309608540925268,0.8449612403100775,0.4443090115084183,0.1467952106791792,0.0765506176509225,T_Q
fold_a,314159,1hop,coordinate_plus_frozen_sequence_fm_plus_topology_control_plus_frozen_pangenomefm_pair,sv_class,DEL,16270,0.0,0.2526155615640101,,,0.5138291333743086,0.0,0.0,0.0,0.453906534655228,0.1516094403424052,0.2968509680975951,T_Q
fold_a,314159,1hop,coordinate_plus_frozen_sequence_fm_plus_topology_control_plus_frozen_pangenomefm_pair,sv_class,INS,26947,1.0,0.2526155615640101,,,0.9366163209262628,1.0,0.9366163209262628,0.967270915571226,0.4313520134955682,0.1415998445694399,0.2833108038575723,T_Q
fold_a,314159,1hop,coordinate_plus_frozen_sequence_fm_plus_topology_control_plus_frozen_pangenomefm_pair,length_bin,bp>=1e+06,4,1.0,0.2526155615640101,,,1.0,1.0,1.0,1.0,0.098613730750058,0.0107080799584908,0.0926927507444347,T_Q
fold_a,314159,1hop,coordinate_plus_frozen_sequence_fm_plus_topology_control_plus_frozen_pangenomefm_pair,length_bin,"bp[100,500)",19281,0.6574866448835641,0.2526155615640101,0.8794613398445187,0.9323837759912396,0.7943571391525336,0.7849666361376423,0.9465173148221188,0.8582054858205486,0.422558385621414,0.1388576993987657,0.0767300601985054,T_Q
fold_a,314159,1hop,coordinate_plus_frozen_sequence_fm_plus_topology_control_plus_frozen_pangenomefm_pair,length_bin,"bp[1000,10000)",4713,0.5987693613409718,0.2526155615640101,0.9200803275315466,0.9455150251309647,0.8009760237640569,0.7609418282548477,0.9734231041814316,0.8541666666666666,0.3536758372540881,0.1124183553207134,0.0411501099222833,T_Q
fold_a,314159,1hop,coordinate_plus_frozen_sequence_fm_plus_topology_control_plus_frozen_pangenomefm_pair,length_bin,"bp[10000,100000)",662,0.6525679758308157,0.2526155615640101,0.8270581723027376,0.8885539271239073,0.743202416918429,0.7314487632508834,0.9583333333333334,0.8296593186372746,0.4796125664953544,0.1565412434989229,0.0553574921080744,T_Q
fold_a,314159,1hop,coordinate_plus_frozen_sequence_fm_plus_topology_control_plus_frozen_pangenomefm_pair,length_bin,"bp[100000,1e+06)",37,0.5675675675675675,0.2526155615640101,0.6220238095238094,0.6321477355510969,0.6216216216216216,0.6060606060606061,0.9523809523809524,0.7407407407407407,0.852522255436924,0.275103500229619,0.2454674219276653,T_Q
fold_a,314159,1hop,coordinate_plus_frozen_sequence_fm_plus_topology_control_plus_frozen_pangenomefm_pair,length_bin,"bp[50,100)",15326,0.5807125146809343,0.2526155615640101,0.8385634903149775,0.874233773615601,0.7463134542607334,0.726623259178875,0.9028089887640448,0.805190900891873,0.5023668812536878,0.1692263346574334,0.079968813948406,T_Q
fold_a,314159,1hop,coordinate_plus_frozen_sequence_fm_plus_topology_control_plus_frozen_pangenomefm_pair,length_bin,"bp[500,1000)",3194,0.6546649968691296,0.2526155615640101,0.9124571350774572,0.9535812311243542,0.7986850344395742,0.779320987654321,0.9660449545671927,0.8626948537262439,0.35872368593379,0.1151593065951996,0.0497035597262341,T_Q
fold_a,314159,1hop,coordinate_plus_frozen_sequence_fm_plus_topology_control_plus_frozen_pangenomefm_pair,allele_frequency_bin,"af[0.001,0.01)",11561,0.6030620188565003,0.2526155615640101,0.8081207562247871,0.8637559015036752,0.7251102845774587,0.7102637996009754,0.919104991394148,0.8013004876828811,0.5269457183417302,0.1787657996990964,0.0644346649043663,T_Q
fold_a,314159,1hop,coordinate_plus_frozen_sequence_fm_plus_topology_control_plus_frozen_pangenomefm_pair,allele_frequency_bin,"af[0.01,0.05)",14805,0.6430935494765282,0.2526155615640101,0.8661365099865703,0.9207144313908636,0.7810874704491726,0.772002772002772,0.9360361306585444,0.8461428910515072,0.4484627029531455,0.1485622611535772,0.0783172354180053,T_Q
fold_a,314159,1hop,coordinate_plus_frozen_sequence_fm_plus_topology_control_plus_frozen_pangenomefm_pair,allele_frequency_bin,"af[0.05,0.5)",14697,0.6236646934748589,0.2526155615640101,0.900932322699191,0.9374206493348256,0.7983942301149894,0.7793892442122331,0.9439231944141392,0.853801746681798,0.3938072879773637,0.1279081531562208,0.0654243169116313,T_Q
fold_a,314159,1hop,coordinate_plus_frozen_sequence_fm_plus_topology_control_plus_frozen_pangenomefm_pair,allele_frequency_bin,"af[0.5,1)",2154,0.5979572887650882,0.2526155615640101,0.975560512386499,0.981853558672244,0.8904363974001857,0.8549257759784076,0.9836956521739132,0.9148014440433212,0.2272082396157198,0.0632937754627166,0.0635868555277814,T_Q
fold_a,314159,1hop,coordinate_plus_frozen_sequence_fm_plus_topology_control_plus_frozen_pangenomefm_pair,breakpoint_mapping_distance,overlap,43217,0.623527778420529,0.2526155615640101,0.871443597688823,0.9173466057860192,0.7774486891732421,0.761380433798908,0.9366163209262628,0.8399560702875399,0.4398431641832064,0.1453681793272007,0.0648990147401385,T_Q
fold_a,314159,1hop,coordinate_plus_frozen_sequence_fm_pair,chromosome,chr12,7786,0.6203442075520165,0.2842584257938669,0.8009250582035485,0.8665109989325679,0.7170562548163371,0.7117523778816701,0.91407867494824,0.8003262938457355,0.5390134319631459,0.1816763008034508,0.081671562766565,T_Rq
fold_a,314159,1hop,coordinate_plus_frozen_sequence_fm_pair,chromosome,chr17,6605,0.6183194549583648,0.2842584257938669,0.7951545412268579,0.8659233781833762,0.703557910673732,0.7019376899696048,0.9047502448579824,0.790543431750107,0.5470371321962507,0.1855453018953495,0.090134602392525,T_Rq
fold_a,314159,1hop,coordinate_plus_frozen_sequence_fm_pair,chromosome,chr2,13840,0.619942196531792,0.2842584257938669,0.7881056839231745,0.8531575928948311,0.7114884393063584,0.7073126638344029,0.912004662004662,0.7967214783892481,0.5542411924874462,0.1876086257861152,0.0870978368930423,T_Rq
fold_a,314159,1hop,coordinate_plus_frozen_sequence_fm_pair,chromosome,chr22,3884,0.6251287332646756,0.2842584257938669,0.7829407258721509,0.8552344754706989,0.6979917610710608,0.6990168093878846,0.9077429983525536,0.7898226124350475,0.5590276180979277,0.1892945520365173,0.0861043497104808,T_Rq
fold_a,314159,1hop,coordinate_plus_frozen_sequence_fm_pair,chromosome,chr7,11102,0.6327688704737885,0.2842584257938669,0.7919040673441937,0.8685158068173873,0.7157268960547649,0.7169938306225463,0.9098932384341636,0.8020075282308657,0.5480793774750392,0.1859678094233906,0.0946949197585217,T_Rq
fold_a,314159,1hop,coordinate_plus_frozen_sequence_fm_pair,sv_class,DEL,16270,0.0,0.2842584257938669,,,0.3812538414259373,0.0,0.0,0.0,0.5516176522040234,0.1846348365419722,0.3768754469010318,T_Rq
fold_a,314159,1hop,coordinate_plus_frozen_sequence_fm_pair,sv_class,INS,26947,1.0,0.2842584257938669,,,0.9103425242141984,1.0,0.9103425242141984,0.9530673297330898,0.5478108234500435,0.1867513136061422,0.3686057554655338,T_Rq
fold_a,314159,1hop,coordinate_plus_frozen_sequence_fm_pair,length_bin,bp>=1e+06,4,1.0,0.2842584257938669,,,1.0,1.0,1.0,1.0,0.4880686526098495,0.1609551788453583,0.3698240869172646,T_Rq
fold_a,314159,1hop,coordinate_plus_frozen_sequence_fm_pair,length_bin,"bp[100,500)",19281,0.6574866448835641,0.2842584257938669,0.8233739563349297,0.8931706006828379,0.7522950054457757,0.7564427134047387,0.9192237911177724,0.8299266434014672,0.5244329294627126,0.1755571744157366,0.1229337863930405,T_Rq
fold_a,314159,1hop,coordinate_plus_frozen_sequence_fm_pair,length_bin,"bp[1000,10000)",4713,0.5987693613409718,0.2842584257938669,0.8173090220714256,0.8858439945191616,0.6293231487375345,0.6215788283193847,0.973777462792346,0.7588016015463206,0.5236135565379959,0.177772667028592,0.0882554647735981,T_Rq
fold_a,314159,1hop,coordinate_plus_frozen_sequence_fm_pair,length_bin,"bp[10000,100000)",662,0.6525679758308157,0.2842584257938669,0.7225593800322061,0.8443206221695498,0.6555891238670695,0.6588785046728972,0.9791666666666666,0.7877094972067039,0.5848062081607177,0.2032837016376177,0.0743768445487384,T_Rq
fold_a,314159,1hop,coordinate_plus_frozen_sequence_fm_pair,length_bin,"bp[100000,1e+06)",37,0.5675675675675675,0.2842584257938669,0.6934523809523809,0.8024519170080844,0.5945945945945946,0.5833333333333334,1.0,0.7368421052631579,0.6481207775435268,0.2300741721837086,0.2969084455739627,T_Rq
fold_a,314159,1hop,coordinate_plus_frozen_sequence_fm_pair,length_bin,"bp[50,100)",15326,0.5807125146809343,0.2842584257938669,0.7533577600828096,0.8006111054774561,0.6832833094088477,0.6786786786786787,0.863370786516854,0.7599643952131342,0.6054759593782005,0.2084165581415911,0.1010201917157842,T_Rq
fold_a,314159,1hop,coordinate_plus_frozen_sequence_fm_pair,length_bin,"bp[500,1000)",3194,0.6546649968691296,0.2842584257938669,0.8617654212913524,0.9284001881326832,0.7298058860363181,0.721820809248555,0.9555236728837876,0.8223914385676065,0.4585774731751407,0.148939709774178,0.0589320847031526,T_Rq
fold_a,314159,1hop,coordinate_plus_frozen_sequence_fm_pair,allele_frequency_bin,"af[0.001,0.01)",11561,0.6030620188565003,0.2842584257938669,0.7376557876745595,0.8110911823087679,0.6677623042989361,0.6639095382682442,0.909495123350545,0.7675361617139744,0.595308117498797,0.205139487778281,0.0592755537885125,T_Rq
fold_a,314159,1hop,coordinate_plus_frozen_sequence_fm_pair,allele_frequency_bin,"af[0.01,0.05)",14805,0.6430935494765282,0.2842584257938669,0.7901848962741511,0.8711548901611736,0.7187436676798379,0.7246498364505577,0.9074677029723768,0.8058198097369894,0.5530990106155552,0.1877149844713106,0.1065767625112799,T_Rq
fold_a,314159,1hop,coordinate_plus_frozen_sequence_fm_pair,allele_frequency_bin,"af[0.05,0.5)",14697,0.6236646934748589,0.2842584257938669,0.8144202338332813,0.8786567607957563,0.7236170647070831,0.721335646140503,0.9073750818241326,0.8037301894085813,0.5308696702327849,0.1783068797776593,0.096053314349874,T_Rq
fold_a,314159,1hop,coordinate_plus_frozen_sequence_fm_pair,allele_frequency_bin,"af[0.5,1)",2154,0.5979572887650882,0.2842584257938669,0.9161015520778046,0.9293122978386904,0.8068709377901578,0.773525721455458,0.9572981366459627,0.8556557945870923,0.4008811136906484,0.1230651174038456,0.0985188844200562,T_Rq
fold_a,314159,1hop,coordinate_plus_frozen_sequence_fm_pair,breakpoint_mapping_distance,overlap,43217,0.623527778420529,0.2842584257938669,0.7921017146521927,0.8617182305006181,0.7111553323923456,0.7090294236661079,0.9103425242141984,0.7971728003899585,0.5492439887282269,0.1859545187838721,0.0879527910648576,T_Rq
fold_a,314159,1hop,coordinate_plus_frozen_sequence_fm_plus_frozen_pangenomefm_pair,chromosome,chr12,7786,0.6203442075520165,0.2739261051185762,0.8831845325645703,0.9231402269977942,0.7906498844079116,0.7749140893470791,0.9337474120082816,0.8469483568075117,0.4226612684563384,0.1379304508542713,0.0607272606051571,T_Rq
fold_a,314159,1hop,coordinate_plus_frozen_sequence_fm_plus_frozen_pangenomefm_pair,chromosome,chr17,6605,0.6183194549583648,0.2739261051185762,0.8650401271824024,0.910826273046514,0.7683573050719152,0.7548902195608782,0.926052889324192,0.8317572025511326,0.4494692061529599,0.1487356761311161,0.0641979528727202,T_Rq
fold_a,314159,1hop,coordinate_plus_frozen_sequence_fm_plus_frozen_pangenomefm_pair,chromosome,chr2,13840,0.619942196531792,0.2739261051185762,0.8561136407951997,0.9051828797807584,0.7640895953757225,0.7512052178844881,0.9262237762237764,0.8295840075160499,0.4610743298124994,0.1533408991600685,0.0632943315012163,T_Rq
fold_a,314159,1hop,coordinate_plus_frozen_sequence_fm_plus_frozen_pangenomefm_pair,chromosome,chr22,3884,0.6251287332646756,0.2739261051185762,0.8571473830946649,0.9079290940263822,0.7662203913491246,0.7578018995929444,0.9200988467874794,0.8311011904761905,0.463771129795439,0.1534970585202734,0.0726265302213985,T_Rq
fold_a,314159,1hop,coordinate_plus_frozen_sequence_fm_plus_frozen_pangenomefm_pair,chromosome,chr7,11102,0.6327688704737885,0.2739261051185762,0.8617413369156198,0.9141047848019432,0.777067195099982,0.7739643545279383,0.9148754448398576,0.8385413268967317,0.4604156704803764,0.1526449074554956,0.0830775194422748,T_Rq
fold_a,314159,1hop,coordinate_plus_frozen_sequence_fm_plus_frozen_pangenomefm_pair,sv_class,DEL,16270,0.0,0.2739261051185762,,,0.5229870928088507,0.0,0.0,0.0,0.4639353840484684,0.1556404007359964,0.304429393179753,T_Rq
fold_a,314159,1hop,coordinate_plus_frozen_sequence_fm_plus_frozen_pangenomefm_pair,sv_class,INS,26947,1.0,0.2739261051185762,,,0.9240360708056556,1.0,0.9240360708056556,0.960518448511968,0.4455207114252564,0.1461068279757197,0.2933915144864344,T_Rq
fold_a,314159,1hop,coordinate_plus_frozen_sequence_fm_plus_frozen_pangenomefm_pair,length_bin,bp>=1e+06,4,1.0,0.2739261051185762,,,1.0,1.0,1.0,1.0,0.2060676515623403,0.035106378970139,0.185871169772477,T_Rq
fold_a,314159,1hop,coordinate_plus_frozen_sequence_fm_plus_frozen_pangenomefm_pair,length_bin,"bp[100,500)",19281,0.6574866448835641,0.2739261051185762,0.8720490178873332,0.9275035162510826,0.7884964472797054,0.7854724121904256,0.9331860850358916,0.8529814694642729,0.4361596077483692,0.1435979777940382,0.0820277232817169,T_Rq
fold_a,314159,1hop,coordinate_plus_frozen_sequence_fm_plus_frozen_pangenomefm_pair,length_bin,"bp[1000,10000)",4713,0.5987693613409718,0.2739261051185762,0.910222749335601,0.93840014164772,0.7939741141523445,0.7570119411274646,0.9659815733522324,0.8488245368208003,0.3742446074173338,0.1194657531064546,0.0387279526015299,T_Rq
fold_a,314159,1hop,coordinate_plus_frozen_sequence_fm_plus_frozen_pangenomefm_pair,length_bin,"bp[10000,100000)",662,0.6525679758308157,0.2739261051185762,0.8040307971014492,0.8756947588217565,0.7220543806646526,0.7198581560283688,0.9398148148148148,0.8152610441767069,0.5081791033678719,0.1685827192450728,0.0507049120088369,T_Rq
fold_a,314159,1hop,coordinate_plus_frozen_sequence_fm_plus_frozen_pangenomefm_pair,length_bin,"bp[100000,1e+06)",37,0.5675675675675675,0.2739261051185762,0.6071428571428571,0.6355064828655055,0.6216216216216216,0.6060606060606061,0.9523809523809524,0.7407407407407407,0.928822315525515,0.3023453461598401,0.3093012742133983,T_Rq
fold_a,314159,1hop,coordinate_plus_frozen_sequence_fm_plus_frozen_pangenomefm_pair,length_bin,"bp[50,100)",15326,0.5807125146809343,0.2739261051185762,0.8333810677829184,0.8701667445148531,0.7444864935403889,0.7301865878440791,0.8882022471910113,0.8014802798337219,0.5098951441459951,0.1716990556388087,0.0814588510441082,T_Rq
fold_a,314159,1hop,coordinate_plus_frozen_sequence_fm_plus_frozen_pangenomefm_pair,length_bin,"bp[500,1000)",3194,0.6546649968691296,0.2739261051185762,0.90562519592451,0.9494277879876728,0.798058860363181,0.781104199066874,0.9607843137254902,0.8616770319536778,0.3738286899182907,0.1199958105868486,0.0475129833961797,T_Rq
fold_a,314159,1hop,coordinate_plus_frozen_sequence_fm_plus_frozen_pangenomefm_pair,allele_frequency_bin,"af[0.001,0.01)",11561,0.6030620188565003,0.2739261051185762,0.8012646889272371,0.85752483290782,0.7214773808494075,0.7123132639203259,0.9027538726333908,0.7963056680161943,0.5371176966107201,0.1819929776343922,0.0626844471375233,T_Rq
fold_a,314159,1hop,coordinate_plus_frozen_sequence_fm_plus_frozen_pangenomefm_pair,allele_frequency_bin,"af[0.01,0.05)",14805,0.6430935494765282,0.2739261051185762,0.8576081888706752,0.9156136334666576,0.7735900033772374,0.7718339649246497,0.9198613591009348,0.8393712861797968,0.4628636273385919,0.1536126869900092,0.0826902789637668,T_Rq
fold_a,314159,1hop,coordinate_plus_frozen_sequence_fm_plus_frozen_pangenomefm_pair,allele_frequency_bin,"af[0.05,0.5)",14697,0.6236646934748589,0.2739261051185762,0.8936732059828377,0.9319456849473644,0.7956725862420903,0.7799582084128281,0.936613571896138,0.8511376592475091,0.4068649231339095,0.1325347721530642,0.0682269263101528,T_Rq
fold_a,314159,1hop,coordinate_plus_frozen_sequence_fm_plus_frozen_pangenomefm_pair,allele_frequency_bin,"af[0.5,1)",2154,0.5979572887650882,0.2739261051185762,0.9743824681192892,0.9808431858040032,0.8918291550603529,0.858599592114208,0.9805900621118012,0.9155491119971004,0.2375431015234497,0.0665226656381154,0.0722437469032458,T_Rq
fold_a,314159,1hop,coordinate_plus_frozen_sequence_fm_plus_frozen_pangenomefm_pair,breakpoint_mapping_distance,overlap,43217,0.623527778420529,0.2739261051185762,0.8639733635437123,0.9118604911755984,0.773052271097022,0.762377147056122,0.9240360708056556,0.8354583277412427,0.4524533241373757,0.1496959532923706,0.0683285492706889,T_Rq
fold_a,314159,1hop,coordinate_plus_frozen_sequence_fm_plus_topology_control_pair,chromosome,chr12,7786,0.6203442075520165,0.2583653300249253,0.8638454755320967,0.9055524522221448,0.7789622399178012,0.7654089124124979,0.9281573498964804,0.8389632263497707,0.4604170093588839,0.1494512289437633,0.0699032998890107,T_Rq
fold_a,314159,1hop,coordinate_plus_frozen_sequence_fm_plus_topology_control_pair,chromosome,chr17,6605,0.6183194549583648,0.2583653300249253,0.8479176484620277,0.8976810747639489,0.7598788796366389,0.7504009623095429,0.9165034280117532,0.8251763668430335,0.4855067042608592,0.15996797932921,0.0764790381774177,T_Rq
fold_a,314159,1hop,coordinate_plus_frozen_sequence_fm_plus_topology_control_pair,chromosome,chr2,13840,0.619942196531792,0.2583653300249253,0.838856457230982,0.885959234934831,0.7552023121387283,0.7444904878508194,0.9213286713286714,0.8235232836753829,0.4914359819727204,0.1616223571790352,0.0658588564466052,T_Rq
fold_a,314159,1hop,coordinate_plus_frozen_sequence_fm_plus_topology_control_pair,chromosome,chr22,3884,0.6251287332646756,0.2583653300249253,0.8402573795644224,0.8921177598050447,0.7551493305870237,0.7482352941176471,0.9168039538714992,0.8239866740699612,0.4952980219240452,0.162786077557213,0.077240637329877,T_Rq
fold_a,314159,1hop,coordinate_plus_frozen_sequence_fm_plus_topology_control_pair,chromosome,chr7,11102,0.6327688704737885,0.2583653300249253,0.8483793557645223,0.9031366878527586,0.7695009908124663,0.7621507396102372,0.9241281138790036,0.8353599691179309,0.4817875611037369,0.1584612778798426,0.0795252551078568,T_Rq
fold_a,314159,1hop,coordinate_plus_frozen_sequence_fm_plus_topology_control_pair,sv_class,DEL,16270,0.0,0.2583653300249253,,,0.501720958819914,0.0,0.0,0.0,0.4976750464237282,0.1674768302392485,0.3248813517720897,T_Rq
fold_a,314159,1hop,coordinate_plus_frozen_sequence_fm_plus_topology_control_pair,sv_class,INS,26947,1.0,0.2583653300249253,,,0.9221434668052102,1.0,0.9221434668052102,0.9594949416943394,0.4738346614549418,0.1530307418133772,0.3122244699163644,T_Rq
fold_a,314159,1hop,coordinate_plus_frozen_sequence_fm_plus_topology_control_pair,length_bin,bp>=1e+06,4,1.0,0.2583653300249253,,,1.0,1.0,1.0,1.0,0.1967844583406448,0.0366865913793989,0.1752448260028081,T_Rq
fold_a,314159,1hop,coordinate_plus_frozen_sequence_fm_plus_topology_control_pair,length_bin,"bp[100,500)",19281,0.6574866448835641,0.2583653300249253,0.8584353011389015,0.9126339535127856,0.7827394844665733,0.781245858184228,0.9299518813599432,0.8491374653365505,0.4645699400785627,0.151067774148673,0.0909161202227987,T_Rq
fold_a,314159,1hop,coordinate_plus_frozen_sequence_fm_plus_topology_control_pair,length_bin,"bp[1000,10000)",4713,0.5987693613409718,0.2583653300249253,0.9037592182897763,0.9351827996236566,0.7604498196477827,0.723292007385914,0.9716513111268604,0.8292756691365493,0.4006763898418203,0.1265876463818364,0.0706301526645888,T_Rq
fold_a,314159,1hop,coordinate_plus_frozen_sequence_fm_plus_topology_control_pair,length_bin,"bp[10000,100000)",662,0.6525679758308157,0.2583653300249253,0.8303190418679549,0.8956676715483812,0.7145015105740181,0.7035175879396985,0.9722222222222222,0.8163265306122449,0.4806482982721986,0.1570426758174174,0.0731894626468976,T_Rq
fold_a,314159,1hop,coordinate_plus_frozen_sequence_fm_plus_topology_control_pair,length_bin,"bp[100000,1e+06)",37,0.5675675675675675,0.2583653300249253,0.6696428571428572,0.7305305876681643,0.6216216216216216,0.6,1.0,0.75,0.6979526262393537,0.2486391049385381,0.2401401801431515,T_Rq
fold_a,314159,1hop,coordinate_plus_frozen_sequence_fm_plus_topology_control_pair,length_bin,"bp[50,100)",15326,0.5807125146809343,0.2583653300249253,0.81035282402599,0.8422738443944622,0.7393318543651312,0.726642639312448,0.8834831460674157,0.7974240657167486,0.547806355332996,0.1838329324517753,0.0900387148497491,T_Rq
fold_a,314159,1hop,coordinate_plus_frozen_sequence_fm_plus_topology_control_pair,length_bin,"bp[500,1000)",3194,0.6546649968691296,0.2583653300249253,0.8923836257188236,0.9399363632002048,0.7842830306825297,0.7677616501145913,0.9612625538020086,0.8536844340624337,0.4005491632020028,0.1278929021553564,0.0496055977567038,T_Rq
fold_a,314159,1hop,coordinate_plus_frozen_sequence_fm_plus_topology_control_pair,allele_frequency_bin,"af[0.001,0.01)",11561,0.6030620188565003,0.2583653300249253,0.7904499422213337,0.8446657143109331,0.7147305596401695,0.7007650273224044,0.9196787148594378,0.7954348095769755,0.5470980085129115,0.1839750306569728,0.059493202417176,T_Rq
fold_a,314159,1hop,coordinate_plus_frozen_sequence_fm_plus_topology_control_pair,allele_frequency_bin,"af[0.01,0.05)",14805,0.6430935494765282,0.2583653300249253,0.8425136721161661,0.9012234907935176,0.7659574468085106,0.7658005617977528,0.916290305640164,0.8343135848515277,0.490539053762849,0.1615642684377022,0.0876623091317942,T_Rq
fold_a,314159,1hop,coordinate_plus_frozen_sequence_fm_plus_topology_control_pair,allele_frequency_bin,"af[0.05,0.5)",14697,0.6236646934748589,0.2583653300249253,0.8728232058664603,0.9153235702880212,0.7842416819759135,0.7739694726259025,0.9238490072005237,0.8422937285522455,0.4516130697680895,0.1462506117360466,0.0787880444448574,T_Rq
fold_a,314159,1hop,coordinate_plus_frozen_sequence_fm_plus_topology_control_pair,allele_frequency_bin,"af[0.5,1)",2154,0.5979572887650882,0.2583653300249253,0.9590992712980362,0.9656863431708188,0.8741875580315692,0.845213849287169,0.966614906832298,0.9018471568272364,0.2974965523593385,0.0836712457323716,0.0880593761731515,T_Rq
fold_a,314159,1hop,coordinate_plus_frozen_sequence_fm_plus_topology_control_pair,breakpoint_mapping_distance,overlap,43217,0.623527778420529,0.2583653300249253,0.8473630520462792,0.8962608313829933,0.7638660712219728,0.7540053404539386,0.9221434668052102,0.829641253359598,0.4828099041474506,0.1584692928161984,0.0723718258440976,T_Rq
fold_a,314159,1hop,coordinate_plus_frozen_sequence_fm_plus_topology_control_plus_frozen_pangenomefm_pair,chromosome,chr12,7786,0.6203442075520165,0.2358299952566633,0.8890201211978583,0.9282679192784788,0.7873105574107372,0.765207219251337,0.9480331262939958,0.8468651747734418,0.4122870866066563,0.1343190861127469,0.058796924252244,T_Rq
fold_a,314159,1hop,coordinate_plus_frozen_sequence_fm_plus_topology_control_plus_frozen_pangenomefm_pair,chromosome,chr17,6605,0.6183194549583648,0.2358299952566633,0.8719515618267862,0.9156942755725388,0.7683573050719152,0.7469064191802011,0.9458863858961802,0.8347018150388937,0.4395074832562004,0.1447400973845506,0.0606246708927508,T_Rq
fold_a,314159,1hop,coordinate_plus_frozen_sequence_fm_plus_topology_control_plus_frozen_pangenomefm_pair,chromosome,chr2,13840,0.619942196531792,0.2358299952566633,0.8621766731367491,0.9091981032072446,0.7652456647398844,0.7443843403318969,0.9462703962703962,0.8332734643608559,0.450953628402895,0.1495424224995711,0.0580509495601945,T_Rq
fold_a,314159,1hop,coordinate_plus_frozen_sequence_fm_plus_topology_control_plus_frozen_pangenomefm_pair,chromosome,chr22,3884,0.6251287332646756,0.2358299952566633,0.8644214362655466,0.912576245828175,0.7698249227600412,0.752635046113307,0.9411037891268532,0.8363836017569546,0.4527319185686951,0.1495949732878579,0.0666034267955777,T_Rq
fold_a,314159,1hop,coordinate_plus_frozen_sequence_fm_plus_topology_control_plus_frozen_pangenomefm_pair,chromosome,chr7,11102,0.6327688704737885,0.2358299952566633,0.8701292119580635,0.9197032255570902,0.7824716267339218,0.7702861163227017,0.9350889679715304,0.8447244904520028,0.4475439052996368,0.1478293416625419,0.078877656823198,T_Rq
fold_a,314159,1hop,coordinate_plus_frozen_sequence_fm_plus_topology_control_plus_frozen_pangenomefm_pair,sv_class,DEL,16270,0.0,0.2358299952566633,,,0.4952673632452366,0.0,0.0,0.0,0.4584349622767283,0.1535398026140793,0.2990029092390677,T_Rq
fold_a,314159,1hop,coordinate_plus_frozen_sequence_fm_plus_topology_control_plus_frozen_pangenomefm_pair,sv_class,INS,26947,1.0,0.2358299952566633,,,0.9431476602219172,1.0,0.9431476602219172,0.9707421412474696,0.4313103043914983,0.1408549936523316,0.2832136939546414,T_Rq
fold_a,314159,1hop,coordinate_plus_frozen_sequence_fm_plus_topology_control_plus_frozen_pangenomefm_pair,length_bin,bp>=1e+06,4,1.0,0.2358299952566633,,,1.0,1.0,1.0,1.0,0.1059163803989413,0.0102464354368594,0.1004075404864091,T_Rq
fold_a,314159,1hop,coordinate_plus_frozen_sequence_fm_plus_topology_control_plus_frozen_pangenomefm_pair,length_bin,"bp[100,500)",19281,0.6574866448835641,0.2358299952566633,0.8790149830907972,0.9317715856436508,0.7896374669363623,0.7778279084756687,0.9519602429596908,0.8561293984108967,0.4238906170270275,0.1389737888142689,0.0756599600027214,T_Rq
fold_a,314159,1hop,coordinate_plus_frozen_sequence_fm_plus_topology_control_plus_frozen_pangenomefm_pair,length_bin,"bp[1000,10000)",4713,0.5987693613409718,0.2358299952566633,0.918818990773184,0.9438473861368812,0.7992785911309145,0.7578339747113799,0.976966690290574,0.8535603715170279,0.356824088322451,0.1130572884999797,0.0407996075305802,T_Rq
fold_a,314159,1hop,coordinate_plus_frozen_sequence_fm_plus_topology_control_plus_frozen_pangenomefm_pair,length_bin,"bp[10000,100000)",662,0.6525679758308157,0.2358299952566633,0.8230626006441224,0.8867622253284548,0.7386706948640483,0.7267950963222417,0.960648148148148,0.827517447657029,0.4830057723284754,0.1583095300779603,0.0505482929251084,T_Rq
fold_a,314159,1hop,coordinate_plus_frozen_sequence_fm_plus_topology_control_plus_frozen_pangenomefm_pair,length_bin,"bp[100000,1e+06)",37,0.5675675675675675,0.2358299952566633,0.6220238095238095,0.6455730010689099,0.5945945945945946,0.5882352941176471,0.9523809523809524,0.7272727272727273,0.8626240452970965,0.2819563053830612,0.2675110190060598,T_Rq
fold_a,314159,1hop,coordinate_plus_frozen_sequence_fm_plus_topology_control_plus_frozen_pangenomefm_pair,length_bin,"bp[50,100)",15326,0.5807125146809343,0.2358299952566633,0.8384488314676681,0.8742632879799852,0.744943233720475,0.7218025064438717,0.9124719101123596,0.8060145898466577,0.5028636334477963,0.1690186113441991,0.0779123832917162,T_Rq
fold_a,314159,1hop,coordinate_plus_frozen_sequence_fm_plus_topology_control_plus_frozen_pangenomefm_pair,length_bin,"bp[500,1000)",3194,0.6546649968691296,0.2358299952566633,0.9085982622932196,0.9513148860431454,0.798058860363181,0.7765876052027544,0.9708273553323769,0.8629117959617428,0.3655385318779845,0.1176161440946776,0.0536694268147713,T_Rq
fold_a,314159,1hop,coordinate_plus_frozen_sequence_fm_plus_topology_control_plus_frozen_pangenomefm_pair,allele_frequency_bin,"af[0.001,0.01)",11561,0.6030620188565003,0.2358299952566633,0.8080220361569554,0.8622968592981963,0.7255427731165124,0.707754566334901,0.9281411359724612,0.8031026993484331,0.5287738304954409,0.1787637957215457,0.0655501707069562,T_Rq
fold_a,314159,1hop,coordinate_plus_frozen_sequence_fm_plus_topology_control_plus_frozen_pangenomefm_pair,allele_frequency_bin,"af[0.01,0.05)",14805,0.6430935494765282,0.2358299952566633,0.8645004596000029,0.919977444227879,0.7774400540357987,0.7662048913972977,0.9410776178972796,0.8446853641291538,0.4514934639775531,0.1494547098028375,0.0780488762307768,T_Rq
fold_a,314159,1hop,coordinate_plus_frozen_sequence_fm_plus_topology_control_plus_frozen_pangenomefm_pair,allele_frequency_bin,"af[0.05,0.5)",14697,0.6236646934748589,0.2358299952566633,0.9004182109186186,0.93692296602037,0.7940395999183507,0.7719500310091255,0.950578223870827,0.8520021512736518,0.3946378436866974,0.1279465658416495,0.0640809716147985,T_Rq
fold_a,314159,1hop,coordinate_plus_frozen_sequence_fm_plus_topology_control_plus_frozen_pangenomefm_pair,allele_frequency_bin,"af[0.5,1)",2154,0.5979572887650882,0.2358299952566633,0.9773795776971296,0.983419043367616,0.8844011142061281,0.8456420492348636,0.9868012422360248,0.9107846649946256,0.2245813516579472,0.0621709393397985,0.0690603125983908,T_Rq
fold_a,314159,1hop,coordinate_plus_frozen_sequence_fm_plus_topology_control_plus_frozen_pangenomefm_pair,breakpoint_mapping_distance,overlap,43217,0.623527778420529,0.2358299952566633,0.8707582703090673,0.9165923127897604,0.7745331698174329,0.7557914770868647,0.9431476602219172,0.8391389044804701,0.441521984605134,0.1456304718624719,0.0640253159098524,T_Rq
fold_a,314159,1hop,coordinate_plus_frozen_sequence_fm_pair,chromosome,chr12,7786,0.6203442075520165,0.2842584257938669,0.8009250582035485,0.8665109989325679,0.7170562548163371,0.7117523778816701,0.91407867494824,0.8003262938457355,0.5390134319631459,0.1816763008034508,0.081671562766565,Rt_Q
fold_a,314159,1hop,coordinate_plus_frozen_sequence_fm_pair,chromosome,chr17,6605,0.6183194549583648,0.2842584257938669,0.7951545412268579,0.8659233781833762,0.703557910673732,0.7019376899696048,0.9047502448579824,0.790543431750107,0.5470371321962507,0.1855453018953495,0.090134602392525,Rt_Q
fold_a,314159,1hop,coordinate_plus_frozen_sequence_fm_pair,chromosome,chr2,13840,0.619942196531792,0.2842584257938669,0.7881056839231745,0.8531575928948311,0.7114884393063584,0.7073126638344029,0.912004662004662,0.7967214783892481,0.5542411924874462,0.1876086257861152,0.0870978368930423,Rt_Q
fold_a,314159,1hop,coordinate_plus_frozen_sequence_fm_pair,chromosome,chr22,3884,0.6251287332646756,0.2842584257938669,0.7829407258721509,0.8552344754706989,0.6979917610710608,0.6990168093878846,0.9077429983525536,0.7898226124350475,0.5590276180979277,0.1892945520365173,0.0861043497104808,Rt_Q
fold_a,314159,1hop,coordinate_plus_frozen_sequence_fm_pair,chromosome,chr7,11102,0.6327688704737885,0.2842584257938669,0.7919040673441937,0.8685158068173873,0.7157268960547649,0.7169938306225463,0.9098932384341636,0.8020075282308657,0.5480793774750392,0.1859678094233906,0.0946949197585217,Rt_Q
fold_a,314159,1hop,coordinate_plus_frozen_sequence_fm_pair,sv_class,DEL,16270,0.0,0.2842584257938669,,,0.3812538414259373,0.0,0.0,0.0,0.5516176522040234,0.1846348365419722,0.3768754469010318,Rt_Q
fold_a,314159,1hop,coordinate_plus_frozen_sequence_fm_pair,sv_class,INS,26947,1.0,0.2842584257938669,,,0.9103425242141984,1.0,0.9103425242141984,0.9530673297330898,0.5478108234500435,0.1867513136061422,0.3686057554655338,Rt_Q
fold_a,314159,1hop,coordinate_plus_frozen_sequence_fm_pair,length_bin,bp>=1e+06,4,1.0,0.2842584257938669,,,1.0,1.0,1.0,1.0,0.4880686526098495,0.1609551788453583,0.3698240869172646,Rt_Q
fold_a,314159,1hop,coordinate_plus_frozen_sequence_fm_pair,length_bin,"bp[100,500)",19281,0.6574866448835641,0.2842584257938669,0.8233739563349297,0.8931706006828379,0.7522950054457757,0.7564427134047387,0.9192237911177724,0.8299266434014672,0.5244329294627126,0.1755571744157366,0.1229337863930405,Rt_Q
fold_a,314159,1hop,coordinate_plus_frozen_sequence_fm_pair,length_bin,"bp[1000,10000)",4713,0.5987693613409718,0.2842584257938669,0.8173090220714256,0.8858439945191616,0.6293231487375345,0.6215788283193847,0.973777462792346,0.7588016015463206,0.5236135565379959,0.177772667028592,0.0882554647735981,Rt_Q
fold_a,314159,1hop,coordinate_plus_frozen_sequence_fm_pair,length_bin,"bp[10000,100000)",662,0.6525679758308157,0.2842584257938669,0.7225593800322061,0.8443206221695498,0.6555891238670695,0.6588785046728972,0.9791666666666666,0.7877094972067039,0.5848062081607177,0.2032837016376177,0.0743768445487384,Rt_Q
fold_a,314159,1hop,coordinate_plus_frozen_sequence_fm_pair,length_bin,"bp[100000,1e+06)",37,0.5675675675675675,0.2842584257938669,0.6934523809523809,0.8024519170080844,0.5945945945945946,0.5833333333333334,1.0,0.7368421052631579,0.6481207775435268,0.2300741721837086,0.2969084455739627,Rt_Q
fold_a,314159,1hop,coordinate_plus_frozen_sequence_fm_pair,length_bin,"bp[50,100)",15326,0.5807125146809343,0.2842584257938669,0.7533577600828096,0.8006111054774561,0.6832833094088477,0.6786786786786787,0.863370786516854,0.7599643952131342,0.6054759593782005,0.2084165581415911,0.1010201917157842,Rt_Q
fold_a,314159,1hop,coordinate_plus_frozen_sequence_fm_pair,length_bin,"bp[500,1000)",3194,0.6546649968691296,0.2842584257938669,0.8617654212913524,0.9284001881326832,0.7298058860363181,0.721820809248555,0.9555236728837876,0.8223914385676065,0.4585774731751407,0.148939709774178,0.0589320847031526,Rt_Q
fold_a,314159,1hop,coordinate_plus_frozen_sequence_fm_pair,allele_frequency_bin,"af[0.001,0.01)",11561,0.6030620188565003,0.2842584257938669,0.7376557876745595,0.8110911823087679,0.6677623042989361,0.6639095382682442,0.909495123350545,0.7675361617139744,0.595308117498797,0.205139487778281,0.0592755537885125,Rt_Q
fold_a,314159,1hop,coordinate_plus_frozen_sequence_fm_pair,allele_frequency_bin,"af[0.01,0.05)",14805,0.6430935494765282,0.2842584257938669,0.7901848962741511,0.8711548901611736,0.7187436676798379,0.7246498364505577,0.9074677029723768,0.8058198097369894,0.5530990106155552,0.1877149844713106,0.1065767625112799,Rt_Q
fold_a,314159,1hop,coordinate_plus_frozen_sequence_fm_pair,allele_frequency_bin,"af[0.05,0.5)",14697,0.6236646934748589,0.2842584257938669,0.8144202338332813,0.8786567607957563,0.7236170647070831,0.721335646140503,0.9073750818241326,0.8037301894085813,0.5308696702327849,0.1783068797776593,0.096053314349874,Rt_Q
fold_a,314159,1hop,coordinate_plus_frozen_sequence_fm_pair,allele_frequency_bin,"af[0.5,1)",2154,0.5979572887650882,0.2842584257938669,0.9161015520778046,0.9293122978386904,0.8068709377901578,0.773525721455458,0.9572981366459627,0.8556557945870923,0.4008811136906484,0.1230651174038456,0.0985188844200562,Rt_Q
fold_a,314159,1hop,coordinate_plus_frozen_sequence_fm_pair,breakpoint_mapping_distance,overlap,43217,0.623527778420529,0.2842584257938669,0.7921017146521927,0.8617182305006181,0.7111553323923456,0.7090294236661079,0.9103425242141984,0.7971728003899585,0.5492439887282269,0.1859545187838721,0.0879527910648576,Rt_Q
fold_a,314159,1hop,coordinate_plus_frozen_sequence_fm_plus_frozen_pangenomefm_pair,chromosome,chr12,7786,0.6203442075520165,0.2579495078517789,0.8838480250016109,0.92169670249591,0.7882096069868996,0.7688017576474565,0.9418219461697722,0.8465618312087094,0.4201780236454067,0.1372873770127777,0.0632214757425184,Rt_Q
fold_a,314159,1hop,coordinate_plus_frozen_sequence_fm_plus_frozen_pangenomefm_pair,chromosome,chr17,6605,0.6183194549583648,0.2579495078517789,0.8638621184401661,0.9105005237018732,0.7721423164269493,0.7559039491962691,0.932664054848188,0.8350323358544338,0.4543215285527807,0.1503342381447841,0.0702745945390531,Rt_Q
fold_a,314159,1hop,coordinate_plus_frozen_sequence_fm_plus_frozen_pangenomefm_pair,chromosome,chr2,13840,0.619942196531792,0.2579495078517789,0.8584221418632065,0.9064145729676908,0.7639450867052023,0.7479234717685488,0.934032634032634,0.830681523710806,0.4586954483606305,0.1523591794621419,0.0686341603544123,Rt_Q
fold_a,314159,1hop,coordinate_plus_frozen_sequence_fm_plus_frozen_pangenomefm_pair,chromosome,chr22,3884,0.6251287332646756,0.2579495078517789,0.8585255354200988,0.9074097534149664,0.7754891864057673,0.7612491605104097,0.9336902800658978,0.8386977432482426,0.4615844918889261,0.1523963256152518,0.0666941664570086,Rt_Q
fold_a,314159,1hop,coordinate_plus_frozen_sequence_fm_plus_frozen_pangenomefm_pair,chromosome,chr7,11102,0.6327688704737885,0.2579495078517789,0.8628719917390936,0.9152284122071628,0.7755359394703657,0.7694044930464757,0.921423487544484,0.8385801269594507,0.4584630728887497,0.1519298707577852,0.0811486030617073,Rt_Q
fold_a,314159,1hop,coordinate_plus_frozen_sequence_fm_plus_frozen_pangenomefm_pair,sv_class,DEL,16270,0.0,0.2579495078517789,,,0.5113706207744315,0.0,0.0,0.0,0.460204274695427,0.1542409947456027,0.3015865113253093,Rt_Q
fold_a,314159,1hop,coordinate_plus_frozen_sequence_fm_plus_frozen_pangenomefm_pair,sv_class,INS,26947,1.0,0.2579495078517789,,,0.9319033658663302,1.0,0.9319033658663302,0.9647515319157112,0.4459039019526579,0.146200318159923,0.293451181552289,Rt_Q
fold_a,314159,1hop,coordinate_plus_frozen_sequence_fm_plus_frozen_pangenomefm_pair,length_bin,bp>=1e+06,4,1.0,0.2579495078517789,,,1.0,1.0,1.0,1.0,0.3387786770775701,0.0843514506736341,0.2854629288845866,Rt_Q
fold_a,314159,1hop,coordinate_plus_frozen_sequence_fm_plus_frozen_pangenomefm_pair,length_bin,"bp[100,500)",19281,0.6574866448835641,0.2579495078517789,0.8728174882548635,0.9276169699875036,0.7889113635184897,0.7826229723517436,0.9400489074702216,0.8541427752293578,0.4352879512396199,0.1430746230727159,0.0818178305734303,Rt_Q
fold_a,314159,1hop,coordinate_plus_frozen_sequence_fm_plus_frozen_pangenomefm_pair,length_bin,"bp[1000,10000)",4713,0.5987693613409718,0.2579495078517789,0.9115050740180368,0.939717174092027,0.7890939953320603,0.7517906336088154,0.9670446491849752,0.8459392436453813,0.3705261741668132,0.1190864600122417,0.0481639936711109,Rt_Q
fold_a,314159,1hop,coordinate_plus_frozen_sequence_fm_plus_frozen_pangenomefm_pair,length_bin,"bp[10000,100000)",662,0.6525679758308157,0.2579495078517789,0.8163898953301127,0.8896260815973723,0.7280966767371602,0.721830985915493,0.949074074074074,0.82,0.4983708467071233,0.1648574424727104,0.0635675532022485,Rt_Q
fold_a,314159,1hop,coordinate_plus_frozen_sequence_fm_plus_frozen_pangenomefm_pair,length_bin,"bp[100000,1e+06)",37,0.5675675675675675,0.2579495078517789,0.5982142857142857,0.641387540505592,0.6216216216216216,0.6060606060606061,0.9523809523809524,0.7407407407407407,0.8932355355128578,0.2966059813897408,0.311646945602715,Rt_Q
fold_a,314159,1hop,coordinate_plus_frozen_sequence_fm_plus_frozen_pangenomefm_pair,length_bin,"bp[50,100)",15326,0.5807125146809343,0.2579495078517789,0.8340682427777604,0.8678164561108324,0.7468354430379747,0.728472601492809,0.8992134831460674,0.8048878608065976,0.5118975700506103,0.172240039206785,0.0871095154609544,Rt_Q
fold_a,314159,1hop,coordinate_plus_frozen_sequence_fm_plus_frozen_pangenomefm_pair,length_bin,"bp[500,1000)",3194,0.6546649968691296,0.2579495078517789,0.91191342423797,0.9528433620096008,0.7974326862867878,0.7762050497322112,0.9703491152558584,0.8624867162592986,0.3614748465483757,0.1155561582809749,0.0426125319690044,Rt_Q
fold_a,314159,1hop,coordinate_plus_frozen_sequence_fm_plus_frozen_pangenomefm_pair,allele_frequency_bin,"af[0.001,0.01)",11561,0.6030620188565003,0.2579495078517789,0.8007465687548625,0.8584017183309726,0.721304385433786,0.7081945369753497,0.9148020654044752,0.7983477281261735,0.536608245385789,0.1824878896013507,0.0666309533481084,Rt_Q
fold_a,314159,1hop,coordinate_plus_frozen_sequence_fm_plus_frozen_pangenomefm_pair,allele_frequency_bin,"af[0.01,0.05)",14805,0.6430935494765282,0.2579495078517789,0.8586813077685321,0.9153701537703028,0.7739952718676123,0.7686885388564964,0.9277386829114588,0.8407576622882162,0.4617400806260137,0.1530186769727602,0.0829227017175708,Rt_Q
fold_a,314159,1hop,coordinate_plus_frozen_sequence_fm_plus_frozen_pangenomefm_pair,allele_frequency_bin,"af[0.05,0.5)",14697,0.6236646934748589,0.2579495078517789,0.8961347843920049,0.9326797452831754,0.7977138191467646,0.7798463624039765,0.9414139210124371,0.8530473036429242,0.4046172052304964,0.131323715119524,0.0693655760516725,Rt_Q
fold_a,314159,1hop,coordinate_plus_frozen_sequence_fm_plus_frozen_pangenomefm_pair,allele_frequency_bin,"af[0.5,1)",2154,0.5979572887650882,0.2579495078517789,0.9735146242451194,0.979451089027148,0.8867223769730733,0.848,0.9875776397515528,0.9124820659971306,0.2399475911638922,0.0668116585848776,0.0731830452653174,Rt_Q
fold_a,314159,1hop,coordinate_plus_frozen_sequence_fm_plus_frozen_pangenomefm_pair,breakpoint_mapping_distance,overlap,43217,0.623527778420529,0.2579495078517789,0.8650993257291757,0.9121890392550438,0.7735844690746697,0.7595426773939871,0.9319033658663302,0.8369411254978419,0.4512875950485426,0.1492274095371359,0.0694360193911365,Rt_Q
fold_a,314159,1hop,coordinate_plus_frozen_sequence_fm_plus_topology_control_pair,chromosome,chr12,7786,0.6203442075520165,0.2583653300249253,0.8638454755320967,0.9055524522221448,0.7789622399178012,0.7654089124124979,0.9281573498964804,0.8389632263497707,0.4604170093588839,0.1494512289437633,0.0699032998890107,Rt_Q
fold_a,314159,1hop,coordinate_plus_frozen_sequence_fm_plus_topology_control_pair,chromosome,chr17,6605,0.6183194549583648,0.2583653300249253,0.8479176484620277,0.8976810747639489,0.7598788796366389,0.7504009623095429,0.9165034280117532,0.8251763668430335,0.4855067042608592,0.15996797932921,0.0764790381774177,Rt_Q
fold_a,314159,1hop,coordinate_plus_frozen_sequence_fm_plus_topology_control_pair,chromosome,chr2,13840,0.619942196531792,0.2583653300249253,0.838856457230982,0.885959234934831,0.7552023121387283,0.7444904878508194,0.9213286713286714,0.8235232836753829,0.4914359819727204,0.1616223571790352,0.0658588564466052,Rt_Q
fold_a,314159,1hop,coordinate_plus_frozen_sequence_fm_plus_topology_control_pair,chromosome,chr22,3884,0.6251287332646756,0.2583653300249253,0.8402573795644224,0.8921177598050447,0.7551493305870237,0.7482352941176471,0.9168039538714992,0.8239866740699612,0.4952980219240452,0.162786077557213,0.077240637329877,Rt_Q
fold_a,314159,1hop,coordinate_plus_frozen_sequence_fm_plus_topology_control_pair,chromosome,chr7,11102,0.6327688704737885,0.2583653300249253,0.8483793557645223,0.9031366878527586,0.7695009908124663,0.7621507396102372,0.9241281138790036,0.8353599691179309,0.4817875611037369,0.1584612778798426,0.0795252551078568,Rt_Q
fold_a,314159,1hop,coordinate_plus_frozen_sequence_fm_plus_topology_control_pair,sv_class,DEL,16270,0.0,0.2583653300249253,,,0.501720958819914,0.0,0.0,0.0,0.4976750464237282,0.1674768302392485,0.3248813517720897,Rt_Q
fold_a,314159,1hop,coordinate_plus_frozen_sequence_fm_plus_topology_control_pair,sv_class,INS,26947,1.0,0.2583653300249253,,,0.9221434668052102,1.0,0.9221434668052102,0.9594949416943394,0.4738346614549418,0.1530307418133772,0.3122244699163644,Rt_Q
fold_a,314159,1hop,coordinate_plus_frozen_sequence_fm_plus_topology_control_pair,length_bin,bp>=1e+06,4,1.0,0.2583653300249253,,,1.0,1.0,1.0,1.0,0.1967844583406448,0.0366865913793989,0.1752448260028081,Rt_Q
fold_a,314159,1hop,coordinate_plus_frozen_sequence_fm_plus_topology_control_pair,length_bin,"bp[100,500)",19281,0.6574866448835641,0.2583653300249253,0.8584353011389015,0.9126339535127856,0.7827394844665733,0.781245858184228,0.9299518813599432,0.8491374653365505,0.4645699400785627,0.151067774148673,0.0909161202227987,Rt_Q
fold_a,314159,1hop,coordinate_plus_frozen_sequence_fm_plus_topology_control_pair,length_bin,"bp[1000,10000)",4713,0.5987693613409718,0.2583653300249253,0.9037592182897763,0.9351827996236566,0.7604498196477827,0.723292007385914,0.9716513111268604,0.8292756691365493,0.4006763898418203,0.1265876463818364,0.0706301526645888,Rt_Q
fold_a,314159,1hop,coordinate_plus_frozen_sequence_fm_plus_topology_control_pair,length_bin,"bp[10000,100000)",662,0.6525679758308157,0.2583653300249253,0.8303190418679549,0.8956676715483812,0.7145015105740181,0.7035175879396985,0.9722222222222222,0.8163265306122449,0.4806482982721986,0.1570426758174174,0.0731894626468976,Rt_Q
fold_a,314159,1hop,coordinate_plus_frozen_sequence_fm_plus_topology_control_pair,length_bin,"bp[100000,1e+06)",37,0.5675675675675675,0.2583653300249253,0.6696428571428572,0.7305305876681643,0.6216216216216216,0.6,1.0,0.75,0.6979526262393537,0.2486391049385381,0.2401401801431515,Rt_Q
fold_a,314159,1hop,coordinate_plus_frozen_sequence_fm_plus_topology_control_pair,length_bin,"bp[50,100)",15326,0.5807125146809343,0.2583653300249253,0.81035282402599,0.8422738443944622,0.7393318543651312,0.726642639312448,0.8834831460674157,0.7974240657167486,0.547806355332996,0.1838329324517753,0.0900387148497491,Rt_Q
fold_a,314159,1hop,coordinate_plus_frozen_sequence_fm_plus_topology_control_pair,length_bin,"bp[500,1000)",3194,0.6546649968691296,0.2583653300249253,0.8923836257188236,0.9399363632002048,0.7842830306825297,0.7677616501145913,0.9612625538020086,0.8536844340624337,0.4005491632020028,0.1278929021553564,0.0496055977567038,Rt_Q
fold_a,314159,1hop,coordinate_plus_frozen_sequence_fm_plus_topology_control_pair,allele_frequency_bin,"af[0.001,0.01)",11561,0.6030620188565003,0.2583653300249253,0.7904499422213337,0.8446657143109331,0.7147305596401695,0.7007650273224044,0.9196787148594378,0.7954348095769755,0.5470980085129115,0.1839750306569728,0.059493202417176,Rt_Q
fold_a,314159,1hop,coordinate_plus_frozen_sequence_fm_plus_topology_control_pair,allele_frequency_bin,"af[0.01,0.05)",14805,0.6430935494765282,0.2583653300249253,0.8425136721161661,0.9012234907935176,0.7659574468085106,0.7658005617977528,0.916290305640164,0.8343135848515277,0.490539053762849,0.1615642684377022,0.0876623091317942,Rt_Q
fold_a,314159,1hop,coordinate_plus_frozen_sequence_fm_plus_topology_control_pair,allele_frequency_bin,"af[0.05,0.5)",14697,0.6236646934748589,0.2583653300249253,0.8728232058664603,0.9153235702880212,0.7842416819759135,0.7739694726259025,0.9238490072005237,0.8422937285522455,0.4516130697680895,0.1462506117360466,0.0787880444448574,Rt_Q
fold_a,314159,1hop,coordinate_plus_frozen_sequence_fm_plus_topology_control_pair,allele_frequency_bin,"af[0.5,1)",2154,0.5979572887650882,0.2583653300249253,0.9590992712980362,0.9656863431708188,0.8741875580315692,0.845213849287169,0.966614906832298,0.9018471568272364,0.2974965523593385,0.0836712457323716,0.0880593761731515,Rt_Q
fold_a,314159,1hop,coordinate_plus_frozen_sequence_fm_plus_topology_control_pair,breakpoint_mapping_distance,overlap,43217,0.623527778420529,0.2583653300249253,0.8473630520462792,0.8962608313829933,0.7638660712219728,0.7540053404539386,0.9221434668052102,0.829641253359598,0.4828099041474506,0.1584692928161984,0.0723718258440976,Rt_Q
fold_a,314159,1hop,coordinate_plus_frozen_sequence_fm_plus_topology_control_plus_frozen_pangenomefm_pair,chromosome,chr12,7786,0.6203442075520165,0.2423071561114912,0.8886039062915864,0.9256378261500418,0.7924479835602363,0.7713610266801756,0.9457556935817806,0.8497023809523809,0.4126087805678007,0.1344634893594276,0.0615640311570666,Rt_Q
fold_a,314159,1hop,coordinate_plus_frozen_sequence_fm_plus_topology_control_plus_frozen_pangenomefm_pair,chromosome,chr17,6605,0.6183194549583648,0.2423071561114912,0.868884426643812,0.914290431456426,0.7730507191521575,0.7532823829120125,0.941234084231146,0.8368346576684446,0.447899839702151,0.147740967677649,0.0696600963428359,Rt_Q
fold_a,314159,1hop,coordinate_plus_frozen_sequence_fm_plus_topology_control_plus_frozen_pangenomefm_pair,chromosome,chr2,13840,0.619942196531792,0.2423071561114912,0.8622708438582962,0.9087748164637216,0.7665462427745665,0.7465658707476722,0.943822843822844,0.8336850774695012,0.4523331072057227,0.149908947120839,0.0619365254463117,Rt_Q
fold_a,314159,1hop,coordinate_plus_frozen_sequence_fm_plus_topology_control_plus_frozen_pangenomefm_pair,chromosome,chr22,3884,0.6251287332646756,0.2423071561114912,0.8631977320455493,0.9101272796909914,0.7762615859938208,0.760441029067825,0.9373970345963756,0.8396974727909979,0.4561312556519442,0.1500498867985477,0.0702836239476332,Rt_Q
fold_a,314159,1hop,coordinate_plus_frozen_sequence_fm_plus_topology_control_plus_frozen_pangenomefm_pair,chromosome,chr7,11102,0.6327688704737885,0.2423071561114912,0.8674662043910942,0.9185487898002768,0.7788686723112953,0.7713132272619331,0.9246975088967972,0.8410694633262122,0.4539749925624138,0.150045511395968,0.0815597116395179,Rt_Q
fold_a,314159,1hop,coordinate_plus_frozen_sequence_fm_plus_topology_control_plus_frozen_pangenomefm_pair,sv_class,DEL,16270,0.0,0.2423071561114912,,,0.5079901659496004,0.0,0.0,0.0,0.4536943272289647,0.1516273001482993,0.2967173513993686,Rt_Q
fold_a,314159,1hop,coordinate_plus_frozen_sequence_fm_plus_topology_control_plus_frozen_pangenomefm_pair,sv_class,INS,26947,1.0,0.2423071561114912,,,0.9382120458678146,1.0,0.9382120458678146,0.9681211587432268,0.4401706338674293,0.1439538539446526,0.2886109996909427,Rt_Q
fold_a,314159,1hop,coordinate_plus_frozen_sequence_fm_plus_topology_control_plus_frozen_pangenomefm_pair,length_bin,bp>=1e+06,4,1.0,0.2423071561114912,,,1.0,1.0,1.0,1.0,0.2522836941592901,0.049718250472107,0.2229756635454811,Rt_Q
fold_a,314159,1hop,coordinate_plus_frozen_sequence_fm_plus_topology_control_plus_frozen_pangenomefm_pair,length_bin,"bp[100,500)",19281,0.6574866448835641,0.2423071561114912,0.8780624921672413,0.9306889195895742,0.7919195062496759,0.7824499641436861,0.9467539638715784,0.8567961165048543,0.4273995201769835,0.1398934964590793,0.0793890864162122,Rt_Q
fold_a,314159,1hop,coordinate_plus_frozen_sequence_fm_plus_topology_control_plus_frozen_pangenomefm_pair,length_bin,"bp[1000,10000)",4713,0.5987693613409718,0.2423071561114912,0.9159781253361348,0.943397203951324,0.7999151283683429,0.7608997500694251,0.970942593905032,0.8531838704655146,0.3620493369550513,0.1160204517388143,0.0455667358477879,Rt_Q
fold_a,314159,1hop,coordinate_plus_frozen_sequence_fm_plus_topology_control_plus_frozen_pangenomefm_pair,length_bin,"bp[10000,100000)",662,0.6525679758308157,0.2423071561114912,0.823485305958132,0.8897805527933018,0.7205438066465257,0.7209302325581395,0.9328703703703703,0.8133198789101918,0.4886036060019832,0.1600951303326773,0.074551554071281,Rt_Q
fold_a,314159,1hop,coordinate_plus_frozen_sequence_fm_plus_topology_control_plus_frozen_pangenomefm_pair,length_bin,"bp[100000,1e+06)",37,0.5675675675675675,0.2423071561114912,0.6309523809523809,0.7147935306214348,0.5675675675675675,0.5757575757575758,0.9047619047619048,0.7037037037037037,0.8561811313939708,0.2898952421431294,0.2714290635015164,Rt_Q
fold_a,314159,1hop,coordinate_plus_frozen_sequence_fm_plus_topology_control_plus_frozen_pangenomefm_pair,length_bin,"bp[50,100)",15326,0.5807125146809343,0.2423071561114912,0.8368805886899079,0.8702804497097263,0.7476836748009917,0.7260397017874787,0.9082022471910112,0.8069685019717466,0.5078004586357149,0.1705763470960595,0.0840335086699741,Rt_Q
fold_a,314159,1hop,coordinate_plus_frozen_sequence_fm_plus_topology_control_plus_frozen_pangenomefm_pair,length_bin,"bp[500,1000)",3194,0.6546649968691296,0.2423071561114912,0.9112166592307488,0.9527316035938328,0.7974326862867878,0.7757830404889229,0.9713055954088952,0.8626035251645785,0.3622926889094572,0.1161079250316905,0.0447080474303106,Rt_Q
fold_a,314159,1hop,coordinate_plus_frozen_sequence_fm_plus_topology_control_plus_frozen_pangenomefm_pair,allele_frequency_bin,"af[0.001,0.01)",11561,0.6030620188565003,0.2423071561114912,0.805499806404274,0.8615701121367516,0.724331805207162,0.7091391313957344,0.92039586919105,0.8010735909119281,0.5327149238986695,0.1805867673730086,0.0691749166254841,Rt_Q
fold_a,314159,1hop,coordinate_plus_frozen_sequence_fm_plus_topology_control_plus_frozen_pangenomefm_pair,allele_frequency_bin,"af[0.01,0.05)",14805,0.6430935494765282,0.2423071561114912,0.8634803034306172,0.9185689808387616,0.7769672407970281,0.7686857340361185,0.9343556349122992,0.8434625959988622,0.4547357285069555,0.1504802327076176,0.0817339360161581,Rt_Q
fold_a,314159,1hop,coordinate_plus_frozen_sequence_fm_plus_topology_control_plus_frozen_pangenomefm_pair,allele_frequency_bin,"af[0.05,0.5)",14697,0.6236646934748589,0.2423071561114912,0.900030506648244,0.9356609437024348,0.8003674219228414,0.7791614406020426,0.9488326423739908,0.8556670602125147,0.3980033335122732,0.1287313704792445,0.0675771087209051,Rt_Q
fold_a,314159,1hop,coordinate_plus_frozen_sequence_fm_plus_topology_control_plus_frozen_pangenomefm_pair,allele_frequency_bin,"af[0.5,1)",2154,0.5979572887650882,0.2423071561114912,0.9752422431971082,0.9811859497145792,0.8853296193129062,0.846307385229541,0.9875776397515528,0.9115012540308132,0.2332173103402982,0.0643046707940097,0.0750182916657556,Rt_Q
fold_a,314159,1hop,coordinate_plus_frozen_sequence_fm_plus_topology_control_plus_frozen_pangenomefm_pair,breakpoint_mapping_distance,overlap,43217,0.623527778420529,0.2423071561114912,0.8695155100719119,0.9153195646778328,0.7762454589629081,0.7595157268603359,0.9382120458678146,0.8394594415114387,0.445261928751206,0.14684269328411,0.0682511350025245,Rt_Q
fold_a,314159,1hop,coordinate_plus_frozen_sequence_fm_pair,chromosome,chr12,7786,0.6203442075520165,0.2842584257938669,0.8009250582035485,0.8665109989325679,0.7170562548163371,0.7117523778816701,0.91407867494824,0.8003262938457355,0.5390134319631459,0.1816763008034508,0.081671562766565,Rt_Rq
fold_a,314159,1hop,coordinate_plus_frozen_sequence_fm_pair,chromosome,chr17,6605,0.6183194549583648,0.2842584257938669,0.7951545412268579,0.8659233781833762,0.703557910673732,0.7019376899696048,0.9047502448579824,0.790543431750107,0.5470371321962507,0.1855453018953495,0.090134602392525,Rt_Rq
fold_a,314159,1hop,coordinate_plus_frozen_sequence_fm_pair,chromosome,chr2,13840,0.619942196531792,0.2842584257938669,0.7881056839231745,0.8531575928948311,0.7114884393063584,0.7073126638344029,0.912004662004662,0.7967214783892481,0.5542411924874462,0.1876086257861152,0.0870978368930423,Rt_Rq
fold_a,314159,1hop,coordinate_plus_frozen_sequence_fm_pair,chromosome,chr22,3884,0.6251287332646756,0.2842584257938669,0.7829407258721509,0.8552344754706989,0.6979917610710608,0.6990168093878846,0.9077429983525536,0.7898226124350475,0.5590276180979277,0.1892945520365173,0.0861043497104808,Rt_Rq
fold_a,314159,1hop,coordinate_plus_frozen_sequence_fm_pair,chromosome,chr7,11102,0.6327688704737885,0.2842584257938669,0.7919040673441937,0.8685158068173873,0.7157268960547649,0.7169938306225463,0.9098932384341636,0.8020075282308657,0.5480793774750392,0.1859678094233906,0.0946949197585217,Rt_Rq
fold_a,314159,1hop,coordinate_plus_frozen_sequence_fm_pair,sv_class,DEL,16270,0.0,0.2842584257938669,,,0.3812538414259373,0.0,0.0,0.0,0.5516176522040234,0.1846348365419722,0.3768754469010318,Rt_Rq
fold_a,314159,1hop,coordinate_plus_frozen_sequence_fm_pair,sv_class,INS,26947,1.0,0.2842584257938669,,,0.9103425242141984,1.0,0.9103425242141984,0.9530673297330898,0.5478108234500435,0.1867513136061422,0.3686057554655338,Rt_Rq
fold_a,314159,1hop,coordinate_plus_frozen_sequence_fm_pair,length_bin,bp>=1e+06,4,1.0,0.2842584257938669,,,1.0,1.0,1.0,1.0,0.4880686526098495,0.1609551788453583,0.3698240869172646,Rt_Rq
fold_a,314159,1hop,coordinate_plus_frozen_sequence_fm_pair,length_bin,"bp[100,500)",19281,0.6574866448835641,0.2842584257938669,0.8233739563349297,0.8931706006828379,0.7522950054457757,0.7564427134047387,0.9192237911177724,0.8299266434014672,0.5244329294627126,0.1755571744157366,0.1229337863930405,Rt_Rq
fold_a,314159,1hop,coordinate_plus_frozen_sequence_fm_pair,length_bin,"bp[1000,10000)",4713,0.5987693613409718,0.2842584257938669,0.8173090220714256,0.8858439945191616,0.6293231487375345,0.6215788283193847,0.973777462792346,0.7588016015463206,0.5236135565379959,0.177772667028592,0.0882554647735981,Rt_Rq
fold_a,314159,1hop,coordinate_plus_frozen_sequence_fm_pair,length_bin,"bp[10000,100000)",662,0.6525679758308157,0.2842584257938669,0.7225593800322061,0.8443206221695498,0.6555891238670695,0.6588785046728972,0.9791666666666666,0.7877094972067039,0.5848062081607177,0.2032837016376177,0.0743768445487384,Rt_Rq
fold_a,314159,1hop,coordinate_plus_frozen_sequence_fm_pair,length_bin,"bp[100000,1e+06)",37,0.5675675675675675,0.2842584257938669,0.6934523809523809,0.8024519170080844,0.5945945945945946,0.5833333333333334,1.0,0.7368421052631579,0.6481207775435268,0.2300741721837086,0.2969084455739627,Rt_Rq
fold_a,314159,1hop,coordinate_plus_frozen_sequence_fm_pair,length_bin,"bp[50,100)",15326,0.5807125146809343,0.2842584257938669,0.7533577600828096,0.8006111054774561,0.6832833094088477,0.6786786786786787,0.863370786516854,0.7599643952131342,0.6054759593782005,0.2084165581415911,0.1010201917157842,Rt_Rq
fold_a,314159,1hop,coordinate_plus_frozen_sequence_fm_pair,length_bin,"bp[500,1000)",3194,0.6546649968691296,0.2842584257938669,0.8617654212913524,0.9284001881326832,0.7298058860363181,0.721820809248555,0.9555236728837876,0.8223914385676065,0.4585774731751407,0.148939709774178,0.0589320847031526,Rt_Rq
fold_a,314159,1hop,coordinate_plus_frozen_sequence_fm_pair,allele_frequency_bin,"af[0.001,0.01)",11561,0.6030620188565003,0.2842584257938669,0.7376557876745595,0.8110911823087679,0.6677623042989361,0.6639095382682442,0.909495123350545,0.7675361617139744,0.595308117498797,0.205139487778281,0.0592755537885125,Rt_Rq
fold_a,314159,1hop,coordinate_plus_frozen_sequence_fm_pair,allele_frequency_bin,"af[0.01,0.05)",14805,0.6430935494765282,0.2842584257938669,0.7901848962741511,0.8711548901611736,0.7187436676798379,0.7246498364505577,0.9074677029723768,0.8058198097369894,0.5530990106155552,0.1877149844713106,0.1065767625112799,Rt_Rq
fold_a,314159,1hop,coordinate_plus_frozen_sequence_fm_pair,allele_frequency_bin,"af[0.05,0.5)",14697,0.6236646934748589,0.2842584257938669,0.8144202338332813,0.8786567607957563,0.7236170647070831,0.721335646140503,0.9073750818241326,0.8037301894085813,0.5308696702327849,0.1783068797776593,0.096053314349874,Rt_Rq
fold_a,314159,1hop,coordinate_plus_frozen_sequence_fm_pair,allele_frequency_bin,"af[0.5,1)",2154,0.5979572887650882,0.2842584257938669,0.9161015520778046,0.9293122978386904,0.8068709377901578,0.773525721455458,0.9572981366459627,0.8556557945870923,0.4008811136906484,0.1230651174038456,0.0985188844200562,Rt_Rq
fold_a,314159,1hop,coordinate_plus_frozen_sequence_fm_pair,breakpoint_mapping_distance,overlap,43217,0.623527778420529,0.2842584257938669,0.7921017146521927,0.8617182305006181,0.7111553323923456,0.7090294236661079,0.9103425242141984,0.7971728003899585,0.5492439887282269,0.1859545187838721,0.0879527910648576,Rt_Rq
fold_a,314159,1hop,coordinate_plus_frozen_sequence_fm_plus_frozen_pangenomefm_pair,chromosome,chr12,7786,0.6203442075520165,0.2621894979493757,0.8826427352726112,0.921262598336144,0.789108656563062,0.7716428084526245,0.9374741200828156,0.8465133669844831,0.425460686231056,0.1383517547966876,0.065229055495784,Rt_Rq
fold_a,314159,1hop,coordinate_plus_frozen_sequence_fm_plus_frozen_pangenomefm_pair,chromosome,chr17,6605,0.6183194549583648,0.2621894979493757,0.8623866087062602,0.9086581572491008,0.7672975018925057,0.7506396378665617,0.9338883447600392,0.8322967812329515,0.4556967256502512,0.1502007789366291,0.06482415403417,Rt_Rq
fold_a,314159,1hop,coordinate_plus_frozen_sequence_fm_plus_frozen_pangenomefm_pair,chromosome,chr2,13840,0.619942196531792,0.2621894979493757,0.8563002871653063,0.9034159167248624,0.7636560693641619,0.7485254189682614,0.9318181818181818,0.8301749649550906,0.46205734685488,0.1528797655603254,0.0612111396135601,Rt_Rq
fold_a,314159,1hop,coordinate_plus_frozen_sequence_fm_plus_frozen_pangenomefm_pair,chromosome,chr22,3884,0.6251287332646756,0.2621894979493757,0.8554481710628745,0.9052237419282694,0.7711122554067971,0.7600540723217303,0.9262767710049424,0.8349730833488027,0.4668906833588027,0.1540613061130914,0.0657359880268856,Rt_Rq
fold_a,314159,1hop,coordinate_plus_frozen_sequence_fm_plus_frozen_pangenomefm_pair,chromosome,chr7,11102,0.6327688704737885,0.2621894979493757,0.8598414506514716,0.9123658879178632,0.776796973518285,0.7714626865671642,0.9197153024911032,0.8390909090909091,0.462941121706131,0.1531301251974917,0.0801196227808216,Rt_Rq
fold_a,314159,1hop,coordinate_plus_frozen_sequence_fm_plus_frozen_pangenomefm_pair,sv_class,DEL,16270,0.0,0.2621894979493757,,,0.51339889366933,0.0,0.0,0.0,0.4711822922938157,0.1587809728544004,0.3069951950466257,Rt_Rq
fold_a,314159,1hop,coordinate_plus_frozen_sequence_fm_plus_frozen_pangenomefm_pair,sv_class,INS,26947,1.0,0.2621894979493757,,,0.9294912235128214,1.0,0.9294912235128214,0.9634573219986922,0.4454754632468596,0.1447358591911179,0.2934967597355499,Rt_Rq
fold_a,314159,1hop,coordinate_plus_frozen_sequence_fm_plus_frozen_pangenomefm_pair,length_bin,bp>=1e+06,4,1.0,0.2621894979493757,,,1.0,1.0,1.0,1.0,0.3649499677182386,0.1004028026604293,0.2985170363488416,Rt_Rq
fold_a,314159,1hop,coordinate_plus_frozen_sequence_fm_plus_frozen_pangenomefm_pair,length_bin,"bp[100,500)",19281,0.6574866448835641,0.2621894979493757,0.870741033793704,0.9251001737355772,0.7889113635184897,0.7831808909653221,0.9388656622229234,0.8539857932123125,0.4386939918558094,0.1436536282226991,0.0807342377607256,Rt_Rq
fold_a,314159,1hop,coordinate_plus_frozen_sequence_fm_plus_frozen_pangenomefm_pair,length_bin,"bp[1000,10000)",4713,0.5987693613409718,0.2621894979493757,0.9096630088962564,0.9378181009147222,0.7897305325694887,0.7533905341821201,0.9645641389085756,0.845998445998446,0.3764857869262135,0.12062056900669,0.0417655375993304,Rt_Rq
fold_a,314159,1hop,coordinate_plus_frozen_sequence_fm_plus_frozen_pangenomefm_pair,length_bin,"bp[10000,100000)",662,0.6525679758308157,0.2621894979493757,0.8149506843800323,0.8911275595822707,0.7235649546827795,0.7195767195767195,0.9444444444444444,0.8168168168168168,0.4993805088849076,0.1658060427970404,0.0524194533521031,Rt_Rq
fold_a,314159,1hop,coordinate_plus_frozen_sequence_fm_plus_frozen_pangenomefm_pair,length_bin,"bp[100000,1e+06)",37,0.5675675675675675,0.2621894979493757,0.6815476190476191,0.7151934233684997,0.6216216216216216,0.6060606060606061,0.9523809523809524,0.7407407407407407,0.8345041860040209,0.2810090448915519,0.2851355749888945,Rt_Rq
fold_a,314159,1hop,coordinate_plus_frozen_sequence_fm_plus_frozen_pangenomefm_pair,length_bin,"bp[50,100)",15326,0.5807125146809343,0.2621894979493757,0.8321734211787087,0.8655847681341189,0.744943233720475,0.7277539472483344,0.8959550561797753,0.8031424686508536,0.514849239638845,0.1726226318745971,0.0837959552872446,Rt_Rq
fold_a,314159,1hop,coordinate_plus_frozen_sequence_fm_plus_frozen_pangenomefm_pair,length_bin,"bp[500,1000)",3194,0.6546649968691296,0.2621894979493757,0.9075515972481468,0.9508118823670544,0.7964934251721979,0.7778634785962206,0.9646102343376376,0.8612297181895816,0.370701638897505,0.1186963920351946,0.0506526790387281,Rt_Rq
fold_a,314159,1hop,coordinate_plus_frozen_sequence_fm_plus_frozen_pangenomefm_pair,allele_frequency_bin,"af[0.001,0.01)",11561,0.6030620188565003,0.2621894979493757,0.7997306756522088,0.8554555888268218,0.721304385433786,0.7096377459749553,0.9103557085484796,0.7975622015581805,0.5396003357276277,0.1825863999743874,0.0647242541963237,Rt_Rq
fold_a,314159,1hop,coordinate_plus_frozen_sequence_fm_plus_frozen_pangenomefm_pair,allele_frequency_bin,"af[0.01,0.05)",14805,0.6430935494765282,0.2621894979493757,0.8552720246833149,0.9130823535906616,0.7724417426545086,0.7685993712888578,0.9244827224031088,0.8393648977256473,0.467118274850947,0.1545753192915445,0.0815446879479972,Rt_Rq
fold_a,314159,1hop,coordinate_plus_frozen_sequence_fm_plus_frozen_pangenomefm_pair,allele_frequency_bin,"af[0.05,0.5)",14697,0.6236646934748589,0.2621894979493757,0.8940046053085514,0.9305360737495838,0.7968292848880724,0.7789815817984832,0.941304822168885,0.8524849323189408,0.408145883102858,0.1320652270160451,0.0681755847318412,Rt_Rq
fold_a,314159,1hop,coordinate_plus_frozen_sequence_fm_plus_frozen_pangenomefm_pair,allele_frequency_bin,"af[0.5,1)",2154,0.5979572887650882,0.2621894979493757,0.9745294995194584,0.980097611985822,0.8885793871866295,0.8512064343163539,0.9860248447204968,0.9136690647482014,0.2404074369802366,0.0664958274345974,0.0775570401629617,Rt_Rq
fold_a,314159,1hop,coordinate_plus_frozen_sequence_fm_plus_frozen_pangenomefm_pair,breakpoint_mapping_distance,overlap,43217,0.623527778420529,0.2621894979493757,0.8629463937371292,0.909937956914126,0.7728440197144643,0.7598289042591918,0.9294912235128214,0.8361402747408656,0.4551533702879308,0.15002345433427,0.0674282194781049,Rt_Rq
fold_a,314159,1hop,coordinate_plus_frozen_sequence_fm_plus_topology_control_pair,chromosome,chr12,7786,0.6203442075520165,0.2583653300249253,0.8638454755320967,0.9055524522221448,0.7789622399178012,0.7654089124124979,0.9281573498964804,0.8389632263497707,0.4604170093588839,0.1494512289437633,0.0699032998890107,Rt_Rq
fold_a,314159,1hop,coordinate_plus_frozen_sequence_fm_plus_topology_control_pair,chromosome,chr17,6605,0.6183194549583648,0.2583653300249253,0.8479176484620277,0.8976810747639489,0.7598788796366389,0.7504009623095429,0.9165034280117532,0.8251763668430335,0.4855067042608592,0.15996797932921,0.0764790381774177,Rt_Rq
fold_a,314159,1hop,coordinate_plus_frozen_sequence_fm_plus_topology_control_pair,chromosome,chr2,13840,0.619942196531792,0.2583653300249253,0.838856457230982,0.885959234934831,0.7552023121387283,0.7444904878508194,0.9213286713286714,0.8235232836753829,0.4914359819727204,0.1616223571790352,0.0658588564466052,Rt_Rq
fold_a,314159,1hop,coordinate_plus_frozen_sequence_fm_plus_topology_control_pair,chromosome,chr22,3884,0.6251287332646756,0.2583653300249253,0.8402573795644224,0.8921177598050447,0.7551493305870237,0.7482352941176471,0.9168039538714992,0.8239866740699612,0.4952980219240452,0.162786077557213,0.077240637329877,Rt_Rq
fold_a,314159,1hop,coordinate_plus_frozen_sequence_fm_plus_topology_control_pair,chromosome,chr7,11102,0.6327688704737885,0.2583653300249253,0.8483793557645223,0.9031366878527586,0.7695009908124663,0.7621507396102372,0.9241281138790036,0.8353599691179309,0.4817875611037369,0.1584612778798426,0.0795252551078568,Rt_Rq
fold_a,314159,1hop,coordinate_plus_frozen_sequence_fm_plus_topology_control_pair,sv_class,DEL,16270,0.0,0.2583653300249253,,,0.501720958819914,0.0,0.0,0.0,0.4976750464237282,0.1674768302392485,0.3248813517720897,Rt_Rq
fold_a,314159,1hop,coordinate_plus_frozen_sequence_fm_plus_topology_control_pair,sv_class,INS,26947,1.0,0.2583653300249253,,,0.9221434668052102,1.0,0.9221434668052102,0.9594949416943394,0.4738346614549418,0.1530307418133772,0.3122244699163644,Rt_Rq
fold_a,314159,1hop,coordinate_plus_frozen_sequence_fm_plus_topology_control_pair,length_bin,bp>=1e+06,4,1.0,0.2583653300249253,,,1.0,1.0,1.0,1.0,0.1967844583406448,0.0366865913793989,0.1752448260028081,Rt_Rq
fold_a,314159,1hop,coordinate_plus_frozen_sequence_fm_plus_topology_control_pair,length_bin,"bp[100,500)",19281,0.6574866448835641,0.2583653300249253,0.8584353011389015,0.9126339535127856,0.7827394844665733,0.781245858184228,0.9299518813599432,0.8491374653365505,0.4645699400785627,0.151067774148673,0.0909161202227987,Rt_Rq
fold_a,314159,1hop,coordinate_plus_frozen_sequence_fm_plus_topology_control_pair,length_bin,"bp[1000,10000)",4713,0.5987693613409718,0.2583653300249253,0.9037592182897763,0.9351827996236566,0.7604498196477827,0.723292007385914,0.9716513111268604,0.8292756691365493,0.4006763898418203,0.1265876463818364,0.0706301526645888,Rt_Rq
fold_a,314159,1hop,coordinate_plus_frozen_sequence_fm_plus_topology_control_pair,length_bin,"bp[10000,100000)",662,0.6525679758308157,0.2583653300249253,0.8303190418679549,0.8956676715483812,0.7145015105740181,0.7035175879396985,0.9722222222222222,0.8163265306122449,0.4806482982721986,0.1570426758174174,0.0731894626468976,Rt_Rq
fold_a,314159,1hop,coordinate_plus_frozen_sequence_fm_plus_topology_control_pair,length_bin,"bp[100000,1e+06)",37,0.5675675675675675,0.2583653300249253,0.6696428571428572,0.7305305876681643,0.6216216216216216,0.6,1.0,0.75,0.6979526262393537,0.2486391049385381,0.2401401801431515,Rt_Rq
fold_a,314159,1hop,coordinate_plus_frozen_sequence_fm_plus_topology_control_pair,length_bin,"bp[50,100)",15326,0.5807125146809343,0.2583653300249253,0.81035282402599,0.8422738443944622,0.7393318543651312,0.726642639312448,0.8834831460674157,0.7974240657167486,0.547806355332996,0.1838329324517753,0.0900387148497491,Rt_Rq
fold_a,314159,1hop,coordinate_plus_frozen_sequence_fm_plus_topology_control_pair,length_bin,"bp[500,1000)",3194,0.6546649968691296,0.2583653300249253,0.8923836257188236,0.9399363632002048,0.7842830306825297,0.7677616501145913,0.9612625538020086,0.8536844340624337,0.4005491632020028,0.1278929021553564,0.0496055977567038,Rt_Rq
fold_a,314159,1hop,coordinate_plus_frozen_sequence_fm_plus_topology_control_pair,allele_frequency_bin,"af[0.001,0.01)",11561,0.6030620188565003,0.2583653300249253,0.7904499422213337,0.8446657143109331,0.7147305596401695,0.7007650273224044,0.9196787148594378,0.7954348095769755,0.5470980085129115,0.1839750306569728,0.059493202417176,Rt_Rq
fold_a,314159,1hop,coordinate_plus_frozen_sequence_fm_plus_topology_control_pair,allele_frequency_bin,"af[0.01,0.05)",14805,0.6430935494765282,0.2583653300249253,0.8425136721161661,0.9012234907935176,0.7659574468085106,0.7658005617977528,0.916290305640164,0.8343135848515277,0.490539053762849,0.1615642684377022,0.0876623091317942,Rt_Rq
fold_a,314159,1hop,coordinate_plus_frozen_sequence_fm_plus_topology_control_pair,allele_frequency_bin,"af[0.05,0.5)",14697,0.6236646934748589,0.2583653300249253,0.8728232058664603,0.9153235702880212,0.7842416819759135,0.7739694726259025,0.9238490072005237,0.8422937285522455,0.4516130697680895,0.1462506117360466,0.0787880444448574,Rt_Rq
fold_a,314159,1hop,coordinate_plus_frozen_sequence_fm_plus_topology_control_pair,allele_frequency_bin,"af[0.5,1)",2154,0.5979572887650882,0.2583653300249253,0.9590992712980362,0.9656863431708188,0.8741875580315692,0.845213849287169,0.966614906832298,0.9018471568272364,0.2974965523593385,0.0836712457323716,0.0880593761731515,Rt_Rq
fold_a,314159,1hop,coordinate_plus_frozen_sequence_fm_plus_topology_control_pair,breakpoint_mapping_distance,overlap,43217,0.623527778420529,0.2583653300249253,0.8473630520462792,0.8962608313829933,0.7638660712219728,0.7540053404539386,0.9221434668052102,0.829641253359598,0.4828099041474506,0.1584692928161984,0.0723718258440976,Rt_Rq
fold_a,314159,1hop,coordinate_plus_frozen_sequence_fm_plus_topology_control_plus_frozen_pangenomefm_pair,chromosome,chr12,7786,0.6203442075520165,0.2789641508452342,0.8884292256056391,0.9265644657759212,0.79989725147701,0.7864145658263305,0.9300207039337474,0.8522102067918801,0.4160617058656944,0.1350362957933756,0.0628064853661538,Rt_Rq
fold_a,314159,1hop,coordinate_plus_frozen_sequence_fm_plus_topology_control_plus_frozen_pangenomefm_pair,chromosome,chr17,6605,0.6183194549583648,0.2789641508452342,0.8683879117664313,0.9133958340964152,0.7786525359576079,0.7654921020656136,0.9255631733594516,0.837951673686544,0.4483742813677064,0.1472378412386535,0.0654234423913797,Rt_Rq
fold_a,314159,1hop,coordinate_plus_frozen_sequence_fm_plus_topology_control_plus_frozen_pangenomefm_pair,chromosome,chr2,13840,0.619942196531792,0.2789641508452342,0.861458748792399,0.9069785372739309,0.7705202312138728,0.757873640007635,0.9255244755244756,0.8333508238010284,0.4539114049172776,0.1498040786135521,0.0596947486889093,Rt_Rq
fold_a,314159,1hop,coordinate_plus_frozen_sequence_fm_plus_topology_control_plus_frozen_pangenomefm_pair,chromosome,chr22,3884,0.6251287332646756,0.2789641508452342,0.8613039040860293,0.9078695467073854,0.7742018537590113,0.7676907145322748,0.915980230642504,0.8353051643192488,0.459627185748984,0.1509123901376413,0.0667120732676855,Rt_Rq
fold_a,314159,1hop,coordinate_plus_frozen_sequence_fm_plus_topology_control_plus_frozen_pangenomefm_pair,chromosome,chr7,11102,0.6327688704737885,0.2789641508452342,0.8658525344415378,0.9168557570560965,0.7814808142676996,0.7822511353872591,0.907188612099644,0.8401001845504877,0.4562913627935641,0.1505841784804716,0.0805272601309447,Rt_Rq
fold_a,314159,1hop,coordinate_plus_frozen_sequence_fm_plus_topology_control_plus_frozen_pangenomefm_pair,sv_class,DEL,16270,0.0,0.2789641508452342,,,0.5475107559926244,0.0,0.0,0.0,0.4612593301797056,0.1546581218410511,0.3003018604123872,Rt_Rq
fold_a,314159,1hop,coordinate_plus_frozen_sequence_fm_plus_topology_control_plus_frozen_pangenomefm_pair,sv_class,INS,26947,1.0,0.2789641508452342,,,0.9206961813931048,1.0,0.9206961813931048,0.9587108990088298,0.4389858541402944,0.1424584784529254,0.287728506247691,Rt_Rq
fold_a,314159,1hop,coordinate_plus_frozen_sequence_fm_plus_topology_control_plus_frozen_pangenomefm_pair,length_bin,bp>=1e+06,4,1.0,0.2789641508452342,,,1.0,1.0,1.0,1.0,0.2312934439152941,0.0437040137600444,0.2056304463405089,Rt_Rq
fold_a,314159,1hop,coordinate_plus_frozen_sequence_fm_plus_topology_control_plus_frozen_pangenomefm_pair,length_bin,"bp[100,500)",19281,0.6574866448835641,0.2789641508452342,0.8768499464899853,0.9291400461331248,0.7965873139359991,0.7944836865119408,0.9316084247061608,0.8575993028828698,0.429478912634934,0.1401429577773045,0.0780298553790656,Rt_Rq
fold_a,314159,1hop,coordinate_plus_frozen_sequence_fm_plus_topology_control_plus_frozen_pangenomefm_pair,length_bin,"bp[1000,10000)",4713,0.5987693613409718,0.2789641508452342,0.9157303928751992,0.9424241508318848,0.8037343517929132,0.7695368002273373,0.959603118355776,0.8541239552121117,0.3646293134341278,0.1161914151244083,0.0442191783095134,Rt_Rq
fold_a,314159,1hop,coordinate_plus_frozen_sequence_fm_plus_topology_control_plus_frozen_pangenomefm_pair,length_bin,"bp[10000,100000)",662,0.6525679758308157,0.2789641508452342,0.8254679951690822,0.8919559647805002,0.7356495468277946,0.7357798165137615,0.9282407407407408,0.8208802456499488,0.4849665076683651,0.1589148082735049,0.0589856696152939,Rt_Rq
fold_a,314159,1hop,coordinate_plus_frozen_sequence_fm_plus_topology_control_plus_frozen_pangenomefm_pair,length_bin,"bp[100000,1e+06)",37,0.5675675675675675,0.2789641508452342,0.6755952380952381,0.7437797136092303,0.5675675675675675,0.5757575757575758,0.9047619047619048,0.7037037037037037,0.8149523317148226,0.2812472778495151,0.2670258000399636,Rt_Rq
fold_a,314159,1hop,coordinate_plus_frozen_sequence_fm_plus_topology_control_plus_frozen_pangenomefm_pair,length_bin,"bp[50,100)",15326,0.5807125146809343,0.2789641508452342,0.8363706693663732,0.8695105203053098,0.7498368785071121,0.7375726880510223,0.8835955056179775,0.8040077701666496,0.5093988012861882,0.1704629404860798,0.0812603073132541,Rt_Rq
fold_a,314159,1hop,coordinate_plus_frozen_sequence_fm_plus_topology_control_plus_frozen_pangenomefm_pair,length_bin,"bp[500,1000)",3194,0.6546649968691296,0.2789641508452342,0.908447376031544,0.951575087580713,0.8036944270507201,0.7877358490566038,0.958393113342898,0.8647249190938512,0.3680613582264961,0.1180689287843294,0.0462871469135405,Rt_Rq
fold_a,314159,1hop,coordinate_plus_frozen_sequence_fm_plus_topology_control_plus_frozen_pangenomefm_pair,allele_frequency_bin,"af[0.001,0.01)",11561,0.6030620188565003,0.2789641508452342,0.8057400038781655,0.860076777680095,0.7272727272727273,0.7183034183148508,0.901176133103844,0.799414721038234,0.534009239222517,0.1800914270414368,0.0617670334205952,Rt_Rq
fold_a,314159,1hop,coordinate_plus_frozen_sequence_fm_plus_topology_control_plus_frozen_pangenomefm_pair,allele_frequency_bin,"af[0.01,0.05)",14805,0.6430935494765282,0.2789641508452342,0.8613857761014517,0.9171531384530942,0.7785883147585275,0.7794288783457166,0.9145047789097784,0.8415812874540886,0.458439811055448,0.1514322924306682,0.0805743212617197,Rt_Rq
fold_a,314159,1hop,coordinate_plus_frozen_sequence_fm_plus_topology_control_plus_frozen_pangenomefm_pair,allele_frequency_bin,"af[0.05,0.5)",14697,0.6236646934748589,0.2789641508452342,0.8989437590826118,0.9344841694298196,0.8062189562495747,0.792825361512792,0.9331224089024656,0.8572717249674251,0.3997811157179149,0.1289743302704063,0.0660293158222867,Rt_Rq
fold_a,314159,1hop,coordinate_plus_frozen_sequence_fm_plus_topology_control_plus_frozen_pangenomefm_pair,allele_frequency_bin,"af[0.5,1)",2154,0.5979572887650882,0.2789641508452342,0.9768667608623932,0.9823789812131064,0.8978644382544104,0.864256480218281,0.9836956521739132,0.9201161946259986,0.2310008535323583,0.0629472849482959,0.079140618144472,Rt_Rq
fold_a,314159,1hop,coordinate_plus_frozen_sequence_fm_plus_topology_control_plus_frozen_pangenomefm_pair,breakpoint_mapping_distance,overlap,43217,0.623527778420529,0.2789641508452342,0.8685684040622524,0.9141440781875128,0.7802022352315061,0.7711674748228273,0.9206961813931048,0.839324075170419,0.4473711991471485,0.1470513053017305,0.0663514077549804,Rt_Rq
fold_a,314159,1hop,coordinate_plus_frozen_sequence_fm_pair,chromosome,chr12,7786,0.6203442075520165,0.2842584257938669,0.8009250582035485,0.8665109989325679,0.7170562548163371,0.7117523778816701,0.91407867494824,0.8003262938457355,0.5390134319631459,0.1816763008034508,0.081671562766565,T
fold_a,314159,1hop,coordinate_plus_frozen_sequence_fm_pair,chromosome,chr17,6605,0.6183194549583648,0.2842584257938669,0.7951545412268579,0.8659233781833762,0.703557910673732,0.7019376899696048,0.9047502448579824,0.790543431750107,0.5470371321962507,0.1855453018953495,0.090134602392525,T
fold_a,314159,1hop,coordinate_plus_frozen_sequence_fm_pair,chromosome,chr2,13840,0.619942196531792,0.2842584257938669,0.7881056839231745,0.8531575928948311,0.7114884393063584,0.7073126638344029,0.912004662004662,0.7967214783892481,0.5542411924874462,0.1876086257861152,0.0870978368930423,T
fold_a,314159,1hop,coordinate_plus_frozen_sequence_fm_pair,chromosome,chr22,3884,0.6251287332646756,0.2842584257938669,0.7829407258721509,0.8552344754706989,0.6979917610710608,0.6990168093878846,0.9077429983525536,0.7898226124350475,0.5590276180979277,0.1892945520365173,0.0861043497104808,T
fold_a,314159,1hop,coordinate_plus_frozen_sequence_fm_pair,chromosome,chr7,11102,0.6327688704737885,0.2842584257938669,0.7919040673441937,0.8685158068173873,0.7157268960547649,0.7169938306225463,0.9098932384341636,0.8020075282308657,0.5480793774750392,0.1859678094233906,0.0946949197585217,T
fold_a,314159,1hop,coordinate_plus_frozen_sequence_fm_pair,sv_class,DEL,16270,0.0,0.2842584257938669,,,0.3812538414259373,0.0,0.0,0.0,0.5516176522040234,0.1846348365419722,0.3768754469010318,T
fold_a,314159,1hop,coordinate_plus_frozen_sequence_fm_pair,sv_class,INS,26947,1.0,0.2842584257938669,,,0.9103425242141984,1.0,0.9103425242141984,0.9530673297330898,0.5478108234500435,0.1867513136061422,0.3686057554655338,T
fold_a,314159,1hop,coordinate_plus_frozen_sequence_fm_pair,length_bin,bp>=1e+06,4,1.0,0.2842584257938669,,,1.0,1.0,1.0,1.0,0.4880686526098495,0.1609551788453583,0.3698240869172646,T
fold_a,314159,1hop,coordinate_plus_frozen_sequence_fm_pair,length_bin,"bp[100,500)",19281,0.6574866448835641,0.2842584257938669,0.8233739563349297,0.8931706006828379,0.7522950054457757,0.7564427134047387,0.9192237911177724,0.8299266434014672,0.5244329294627126,0.1755571744157366,0.1229337863930405,T
fold_a,314159,1hop,coordinate_plus_frozen_sequence_fm_pair,length_bin,"bp[1000,10000)",4713,0.5987693613409718,0.2842584257938669,0.8173090220714256,0.8858439945191616,0.6293231487375345,0.6215788283193847,0.973777462792346,0.7588016015463206,0.5236135565379959,0.177772667028592,0.0882554647735981,T
fold_a,314159,1hop,coordinate_plus_frozen_sequence_fm_pair,length_bin,"bp[10000,100000)",662,0.6525679758308157,0.2842584257938669,0.7225593800322061,0.8443206221695498,0.6555891238670695,0.6588785046728972,0.9791666666666666,0.7877094972067039,0.5848062081607177,0.2032837016376177,0.0743768445487384,T
fold_a,314159,1hop,coordinate_plus_frozen_sequence_fm_pair,length_bin,"bp[100000,1e+06)",37,0.5675675675675675,0.2842584257938669,0.6934523809523809,0.8024519170080844,0.5945945945945946,0.5833333333333334,1.0,0.7368421052631579,0.6481207775435268,0.2300741721837086,0.2969084455739627,T
fold_a,314159,1hop,coordinate_plus_frozen_sequence_fm_pair,length_bin,"bp[50,100)",15326,0.5807125146809343,0.2842584257938669,0.7533577600828096,0.8006111054774561,0.6832833094088477,0.6786786786786787,0.863370786516854,0.7599643952131342,0.6054759593782005,0.2084165581415911,0.1010201917157842,T
fold_a,314159,1hop,coordinate_plus_frozen_sequence_fm_pair,length_bin,"bp[500,1000)",3194,0.6546649968691296,0.2842584257938669,0.8617654212913524,0.9284001881326832,0.7298058860363181,0.721820809248555,0.9555236728837876,0.8223914385676065,0.4585774731751407,0.148939709774178,0.0589320847031526,T
fold_a,314159,1hop,coordinate_plus_frozen_sequence_fm_pair,allele_frequency_bin,"af[0.001,0.01)",11561,0.6030620188565003,0.2842584257938669,0.7376557876745595,0.8110911823087679,0.6677623042989361,0.6639095382682442,0.909495123350545,0.7675361617139744,0.595308117498797,0.205139487778281,0.0592755537885125,T
fold_a,314159,1hop,coordinate_plus_frozen_sequence_fm_pair,allele_frequency_bin,"af[0.01,0.05)",14805,0.6430935494765282,0.2842584257938669,0.7901848962741511,0.8711548901611736,0.7187436676798379,0.7246498364505577,0.9074677029723768,0.8058198097369894,0.5530990106155552,0.1877149844713106,0.1065767625112799,T
fold_a,314159,1hop,coordinate_plus_frozen_sequence_fm_pair,allele_frequency_bin,"af[0.05,0.5)",14697,0.6236646934748589,0.2842584257938669,0.8144202338332813,0.8786567607957563,0.7236170647070831,0.721335646140503,0.9073750818241326,0.8037301894085813,0.5308696702327849,0.1783068797776593,0.096053314349874,T
fold_a,314159,1hop,coordinate_plus_frozen_sequence_fm_pair,allele_frequency_bin,"af[0.5,1)",2154,0.5979572887650882,0.2842584257938669,0.9161015520778046,0.9293122978386904,0.8068709377901578,0.773525721455458,0.9572981366459627,0.8556557945870923,0.4008811136906484,0.1230651174038456,0.0985188844200562,T
fold_a,314159,1hop,coordinate_plus_frozen_sequence_fm_pair,breakpoint_mapping_distance,overlap,43217,0.623527778420529,0.2842584257938669,0.7921017146521927,0.8617182305006181,0.7111553323923456,0.7090294236661079,0.9103425242141984,0.7971728003899585,0.5492439887282269,0.1859545187838721,0.0879527910648576,T
fold_a,314159,1hop,coordinate_plus_frozen_sequence_fm_plus_frozen_pangenomefm_pair,chromosome,chr12,7786,0.6203442075520165,0.2631422473907153,0.882501989146544,0.9228371277897292,0.7897508348317493,0.7700896633395364,0.9424430641821946,0.847593333954008,0.4226703055357792,0.1382450238813936,0.06111206387524,T
fold_a,314159,1hop,coordinate_plus_frozen_sequence_fm_plus_frozen_pangenomefm_pair,chromosome,chr17,6605,0.6183194549583648,0.2631422473907153,0.8652245234059368,0.9108559768149216,0.7695685087055261,0.7552809884416102,0.9280117531831538,0.8327840035157108,0.4513543542657327,0.1493671192829894,0.0683147683813061,T
fold_a,314159,1hop,coordinate_plus_frozen_sequence_fm_plus_frozen_pangenomefm_pair,chromosome,chr2,13840,0.619942196531792,0.2631422473907153,0.856285995373448,0.9051961194113588,0.7634393063583815,0.749388982891521,0.9291375291375292,0.8296388802164637,0.4626238278055626,0.1538372219514663,0.0673674645283795,T
fold_a,314159,1hop,coordinate_plus_frozen_sequence_fm_plus_frozen_pangenomefm_pair,chromosome,chr22,3884,0.6251287332646756,0.2631422473907153,0.8567332585042634,0.905930579373828,0.765447991761071,0.7539337127552729,0.9275123558484348,0.8317636195752539,0.4649898921258302,0.1535430408986915,0.0743954650349631,T
fold_a,314159,1hop,coordinate_plus_frozen_sequence_fm_plus_frozen_pangenomefm_pair,chromosome,chr7,11102,0.6327688704737885,0.2631422473907153,0.8624889384682932,0.9144769166754992,0.7755359394703657,0.7692764642984437,0.9217081850533808,0.8386219401631912,0.458063503190359,0.1516776043819457,0.0804216632601854,T
fold_a,314159,1hop,coordinate_plus_frozen_sequence_fm_plus_frozen_pangenomefm_pair,sv_class,DEL,16270,0.0,0.2631422473907153,,,0.51259987707437,0.0,0.0,0.0,0.4612695608569882,0.1544656816435871,0.302784476571877,T
fold_a,314159,1hop,coordinate_plus_frozen_sequence_fm_plus_frozen_pangenomefm_pair,sv_class,INS,26947,1.0,0.2631422473907153,,,0.9292685642186514,1.0,0.9292685642186514,0.9633376933138416,0.4475973683136758,0.1469247791951121,0.294673660410031,T
fold_a,314159,1hop,coordinate_plus_frozen_sequence_fm_plus_frozen_pangenomefm_pair,length_bin,bp>=1e+06,4,1.0,0.2631422473907153,,,1.0,1.0,1.0,1.0,0.2126584010171208,0.0372570080018035,0.1910992303650103,T
fold_a,314159,1hop,coordinate_plus_frozen_sequence_fm_plus_frozen_pangenomefm_pair,length_bin,"bp[100,500)",19281,0.6574866448835641,0.2631422473907153,0.8724999614185127,0.9275701786464816,0.7886001763394015,0.7830952537686788,0.938392364124004,0.8537390555475814,0.4365780063903586,0.143655882990794,0.0840026746129446,T
fold_a,314159,1hop,coordinate_plus_frozen_sequence_fm_plus_frozen_pangenomefm_pair,length_bin,"bp[1000,10000)",4713,0.5987693613409718,0.2631422473907153,0.9085127957001742,0.9370457849938144,0.7939741141523445,0.7560165975103734,0.9684620836286322,0.8491533322976542,0.3772384348957597,0.1206942276558568,0.0460536488294119,T
fold_a,314159,1hop,coordinate_plus_frozen_sequence_fm_plus_frozen_pangenomefm_pair,length_bin,"bp[10000,100000)",662,0.6525679758308157,0.2631422473907153,0.8016254025764895,0.8759275546573346,0.7205438066465257,0.7162872154115587,0.9467592592592592,0.8155533399800599,0.5130088201599824,0.1699429542011313,0.0514995977374328,T
fold_a,314159,1hop,coordinate_plus_frozen_sequence_fm_plus_frozen_pangenomefm_pair,length_bin,"bp[100000,1e+06)",37,0.5675675675675675,0.2631422473907153,0.625,0.6492354170842671,0.6216216216216216,0.6060606060606061,0.9523809523809524,0.7407407407407407,0.9300387216794184,0.3018126820983505,0.3270699805592645,T
fold_a,314159,1hop,coordinate_plus_frozen_sequence_fm_plus_frozen_pangenomefm_pair,length_bin,"bp[50,100)",15326,0.5807125146809343,0.2631422473907153,0.8337604255185219,0.8701115374610453,0.7426595328200444,0.7257241756239752,0.8951685393258427,0.8015896971526311,0.5097314424344578,0.1716774231904053,0.082766057621117,T
fold_a,314159,1hop,coordinate_plus_frozen_sequence_fm_plus_frozen_pangenomefm_pair,length_bin,"bp[500,1000)",3194,0.6546649968691296,0.2631422473907153,0.908355456814661,0.951278634906784,0.7977457733249843,0.7801473439317564,0.9622190339550454,0.8616702355460385,0.3705882160967384,0.1185758201807605,0.0518857540494916,T
fold_a,314159,1hop,coordinate_plus_frozen_sequence_fm_plus_frozen_pangenomefm_pair,allele_frequency_bin,"af[0.001,0.01)",11561,0.6030620188565003,0.2631422473907153,0.8012294328764173,0.8575763181264381,0.7219963670962719,0.7094293357111012,0.9129374641422834,0.7984194681384847,0.536315572444039,0.1817944313854962,0.0656133444326462,T
fold_a,314159,1hop,coordinate_plus_frozen_sequence_fm_plus_frozen_pangenomefm_pair,allele_frequency_bin,"af[0.01,0.05)",14805,0.6430935494765282,0.2631422473907153,0.8582039972041564,0.9154109369037002,0.7731847348868626,0.7691031350973714,0.9250078773238104,0.8398817470913599,0.4628118006515327,0.1535526486458638,0.0845815520908486,T
fold_a,314159,1hop,coordinate_plus_frozen_sequence_fm_plus_frozen_pangenomefm_pair,allele_frequency_bin,"af[0.05,0.5)",14697,0.6236646934748589,0.2631422473907153,0.8938102551177142,0.9319743773288044,0.7944478464992856,0.7776271799042197,0.9389046476107352,0.8506894677012801,0.4080111093420462,0.1328059734120652,0.0707473474870258,T
fold_a,314159,1hop,coordinate_plus_frozen_sequence_fm_plus_frozen_pangenomefm_pair,allele_frequency_bin,"af[0.5,1)",2154,0.5979572887650882,0.2631422473907153,0.9724952663061408,0.9784112566230748,0.8871866295264624,0.8528021607022283,0.9805900621118012,0.9122426868905742,0.240227355348323,0.0675101623142946,0.0688086258832075,T
fold_a,314159,1hop,coordinate_plus_frozen_sequence_fm_plus_frozen_pangenomefm_pair,breakpoint_mapping_distance,overlap,43217,0.623527778420529,0.2631422473907153,0.8641456382465258,0.911730965791562,0.7724043779068422,0.7594856085651027,0.9292685642186514,0.8358423178343737,0.4527445690143188,0.1497637194926036,0.06974726827972,T
fold_a,314159,1hop,coordinate_plus_frozen_sequence_fm_plus_topology_control_pair,chromosome,chr12,7786,0.6203442075520165,0.2583653300249253,0.8638454755320967,0.9055524522221448,0.7789622399178012,0.7654089124124979,0.9281573498964804,0.8389632263497707,0.4604170093588839,0.1494512289437633,0.0699032998890107,T
fold_a,314159,1hop,coordinate_plus_frozen_sequence_fm_plus_topology_control_pair,chromosome,chr17,6605,0.6183194549583648,0.2583653300249253,0.8479176484620277,0.8976810747639489,0.7598788796366389,0.7504009623095429,0.9165034280117532,0.8251763668430335,0.4855067042608592,0.15996797932921,0.0764790381774177,T
fold_a,314159,1hop,coordinate_plus_frozen_sequence_fm_plus_topology_control_pair,chromosome,chr2,13840,0.619942196531792,0.2583653300249253,0.838856457230982,0.885959234934831,0.7552023121387283,0.7444904878508194,0.9213286713286714,0.8235232836753829,0.4914359819727204,0.1616223571790352,0.0658588564466052,T
fold_a,314159,1hop,coordinate_plus_frozen_sequence_fm_plus_topology_control_pair,chromosome,chr22,3884,0.6251287332646756,0.2583653300249253,0.8402573795644224,0.8921177598050447,0.7551493305870237,0.7482352941176471,0.9168039538714992,0.8239866740699612,0.4952980219240452,0.162786077557213,0.077240637329877,T
fold_a,314159,1hop,coordinate_plus_frozen_sequence_fm_plus_topology_control_pair,chromosome,chr7,11102,0.6327688704737885,0.2583653300249253,0.8483793557645223,0.9031366878527586,0.7695009908124663,0.7621507396102372,0.9241281138790036,0.8353599691179309,0.4817875611037369,0.1584612778798426,0.0795252551078568,T
fold_a,314159,1hop,coordinate_plus_frozen_sequence_fm_plus_topology_control_pair,sv_class,DEL,16270,0.0,0.2583653300249253,,,0.501720958819914,0.0,0.0,0.0,0.4976750464237282,0.1674768302392485,0.3248813517720897,T
fold_a,314159,1hop,coordinate_plus_frozen_sequence_fm_plus_topology_control_pair,sv_class,INS,26947,1.0,0.2583653300249253,,,0.9221434668052102,1.0,0.9221434668052102,0.9594949416943394,0.4738346614549418,0.1530307418133772,0.3122244699163644,T
fold_a,314159,1hop,coordinate_plus_frozen_sequence_fm_plus_topology_control_pair,length_bin,bp>=1e+06,4,1.0,0.2583653300249253,,,1.0,1.0,1.0,1.0,0.1967844583406448,0.0366865913793989,0.1752448260028081,T
fold_a,314159,1hop,coordinate_plus_frozen_sequence_fm_plus_topology_control_pair,length_bin,"bp[100,500)",19281,0.6574866448835641,0.2583653300249253,0.8584353011389015,0.9126339535127856,0.7827394844665733,0.781245858184228,0.9299518813599432,0.8491374653365505,0.4645699400785627,0.151067774148673,0.0909161202227987,T
fold_a,314159,1hop,coordinate_plus_frozen_sequence_fm_plus_topology_control_pair,length_bin,"bp[1000,10000)",4713,0.5987693613409718,0.2583653300249253,0.9037592182897763,0.9351827996236566,0.7604498196477827,0.723292007385914,0.9716513111268604,0.8292756691365493,0.4006763898418203,0.1265876463818364,0.0706301526645888,T
fold_a,314159,1hop,coordinate_plus_frozen_sequence_fm_plus_topology_control_pair,length_bin,"bp[10000,100000)",662,0.6525679758308157,0.2583653300249253,0.8303190418679549,0.8956676715483812,0.7145015105740181,0.7035175879396985,0.9722222222222222,0.8163265306122449,0.4806482982721986,0.1570426758174174,0.0731894626468976,T
fold_a,314159,1hop,coordinate_plus_frozen_sequence_fm_plus_topology_control_pair,length_bin,"bp[100000,1e+06)",37,0.5675675675675675,0.2583653300249253,0.6696428571428572,0.7305305876681643,0.6216216216216216,0.6,1.0,0.75,0.6979526262393537,0.2486391049385381,0.2401401801431515,T
fold_a,314159,1hop,coordinate_plus_frozen_sequence_fm_plus_topology_control_pair,length_bin,"bp[50,100)",15326,0.5807125146809343,0.2583653300249253,0.81035282402599,0.8422738443944622,0.7393318543651312,0.726642639312448,0.8834831460674157,0.7974240657167486,0.547806355332996,0.1838329324517753,0.0900387148497491,T
fold_a,314159,1hop,coordinate_plus_frozen_sequence_fm_plus_topology_control_pair,length_bin,"bp[500,1000)",3194,0.6546649968691296,0.2583653300249253,0.8923836257188236,0.9399363632002048,0.7842830306825297,0.7677616501145913,0.9612625538020086,0.8536844340624337,0.4005491632020028,0.1278929021553564,0.0496055977567038,T
fold_a,314159,1hop,coordinate_plus_frozen_sequence_fm_plus_topology_control_pair,allele_frequency_bin,"af[0.001,0.01)",11561,0.6030620188565003,0.2583653300249253,0.7904499422213337,0.8446657143109331,0.7147305596401695,0.7007650273224044,0.9196787148594378,0.7954348095769755,0.5470980085129115,0.1839750306569728,0.059493202417176,T
fold_a,314159,1hop,coordinate_plus_frozen_sequence_fm_plus_topology_control_pair,allele_frequency_bin,"af[0.01,0.05)",14805,0.6430935494765282,0.2583653300249253,0.8425136721161661,0.9012234907935176,0.7659574468085106,0.7658005617977528,0.916290305640164,0.8343135848515277,0.490539053762849,0.1615642684377022,0.0876623091317942,T
fold_a,314159,1hop,coordinate_plus_frozen_sequence_fm_plus_topology_control_pair,allele_frequency_bin,"af[0.05,0.5)",14697,0.6236646934748589,0.2583653300249253,0.8728232058664603,0.9153235702880212,0.7842416819759135,0.7739694726259025,0.9238490072005237,0.8422937285522455,0.4516130697680895,0.1462506117360466,0.0787880444448574,T
fold_a,314159,1hop,coordinate_plus_frozen_sequence_fm_plus_topology_control_pair,allele_frequency_bin,"af[0.5,1)",2154,0.5979572887650882,0.2583653300249253,0.9590992712980362,0.9656863431708188,0.8741875580315692,0.845213849287169,0.966614906832298,0.9018471568272364,0.2974965523593385,0.0836712457323716,0.0880593761731515,T
fold_a,314159,1hop,coordinate_plus_frozen_sequence_fm_plus_topology_control_pair,breakpoint_mapping_distance,overlap,43217,0.623527778420529,0.2583653300249253,0.8473630520462792,0.8962608313829933,0.7638660712219728,0.7540053404539386,0.9221434668052102,0.829641253359598,0.4828099041474506,0.1584692928161984,0.0723718258440976,T
fold_a,314159,1hop,coordinate_plus_frozen_sequence_fm_plus_topology_control_plus_frozen_pangenomefm_pair,chromosome,chr12,7786,0.6203442075520165,0.2679507916867206,0.8886671177266577,0.9277639302319672,0.7937323400976111,0.7771664374140302,0.9358178053830228,0.8491452188615443,0.4120549709529402,0.1344501694885774,0.0588758262492676,T
fold_a,314159,1hop,coordinate_plus_frozen_sequence_fm_plus_topology_control_plus_frozen_pangenomefm_pair,chromosome,chr17,6605,0.6183194549583648,0.2679507916867206,0.872117600986192,0.9156104666577614,0.7745647236941711,0.7617510591083316,0.9245837414299706,0.8353058290012166,0.4408444544965195,0.145262753287907,0.0644296996665447,T
fold_a,314159,1hop,coordinate_plus_frozen_sequence_fm_plus_topology_control_plus_frozen_pangenomefm_pair,chromosome,chr2,13840,0.619942196531792,0.2679507916867206,0.8618792709191948,0.9086953374648408,0.7684971098265896,0.7538243626062323,0.9304195804195804,0.8328638497652582,0.4521908756309054,0.1499638738000082,0.0598691122186416,T
fold_a,314159,1hop,coordinate_plus_frozen_sequence_fm_plus_topology_control_plus_frozen_pangenomefm_pair,chromosome,chr22,3884,0.6251287332646756,0.2679507916867206,0.8634370417473796,0.9105669570810668,0.7713697219361483,0.7620830496936691,0.9221581548599672,0.8345136041744317,0.4553698990295857,0.1502299714587666,0.0696820531313835,T
fold_a,314159,1hop,coordinate_plus_frozen_sequence_fm_plus_topology_control_plus_frozen_pangenomefm_pair,chromosome,chr7,11102,0.6327688704737885,0.2679507916867206,0.8703385627384591,0.9196278728673576,0.7849936948297604,0.7788600288600288,0.9219928825622776,0.8444038850140148,0.446044164844549,0.1472053657933929,0.0767213181417849,T
fold_a,314159,1hop,coordinate_plus_frozen_sequence_fm_plus_topology_control_plus_frozen_pangenomefm_pair,sv_class,DEL,16270,0.0,0.2679507916867206,,,0.5315304240934234,0.0,0.0,0.0,0.4568827439748437,0.1529336998677093,0.2978365882417907,T
fold_a,314159,1hop,coordinate_plus_frozen_sequence_fm_plus_topology_control_plus_frozen_pangenomefm_pair,sv_class,INS,26947,1.0,0.2679507916867206,,,0.9275615096300144,1.0,0.9275615096300144,0.9624196218859498,0.4329059303813122,0.1414378373040884,0.2843817129107083,T
fold_a,314159,1hop,coordinate_plus_frozen_sequence_fm_plus_topology_control_plus_frozen_pangenomefm_pair,length_bin,bp>=1e+06,4,1.0,0.2679507916867206,,,1.0,1.0,1.0,1.0,0.0987647159472998,0.0088693278379562,0.0940286723114914,T
fold_a,314159,1hop,coordinate_plus_frozen_sequence_fm_plus_topology_control_plus_frozen_pangenomefm_pair,length_bin,"bp[100,500)",19281,0.6574866448835641,0.2679507916867206,0.8791346693150847,0.9315528184595834,0.7944608682122296,0.7895016611295681,0.9372880018931924,0.8570707252858225,0.4243690863066489,0.1390459933102125,0.0772267132979566,T
fold_a,314159,1hop,coordinate_plus_frozen_sequence_fm_plus_topology_control_plus_frozen_pangenomefm_pair,length_bin,"bp[1000,10000)",4713,0.5987693613409718,0.2679507916867206,0.9176620314586494,0.9429032456905204,0.806068321663484,0.7675266404935502,0.9698795180722892,0.8569192235441453,0.3588856199708325,0.1138803195622037,0.0488785694917047,T
fold_a,314159,1hop,coordinate_plus_frozen_sequence_fm_plus_topology_control_plus_frozen_pangenomefm_pair,length_bin,"bp[10000,100000)",662,0.6525679758308157,0.2679507916867206,0.8223580917874396,0.8870808973650018,0.7401812688821753,0.7321428571428571,0.949074074074074,0.8266129032258065,0.4843409865315962,0.1585840766162183,0.0597721494854933,T
fold_a,314159,1hop,coordinate_plus_frozen_sequence_fm_plus_topology_control_plus_frozen_pangenomefm_pair,length_bin,"bp[100000,1e+06)",37,0.5675675675675675,0.2679507916867206,0.6488095238095238,0.6645601498962123,0.5945945945945946,0.59375,0.9047619047619048,0.7169811320754716,0.8502387761606913,0.276655705866684,0.2645659006619847,T
fold_a,314159,1hop,coordinate_plus_frozen_sequence_fm_plus_topology_control_plus_frozen_pangenomefm_pair,length_bin,"bp[50,100)",15326,0.5807125146809343,0.2679507916867206,0.8380612032578325,0.8735038034308196,0.746965940232285,0.7313432835820896,0.8919101123595505,0.8036853295535081,0.5033402969042682,0.169302733571048,0.0788310203669272,T
fold_a,314159,1hop,coordinate_plus_frozen_sequence_fm_plus_topology_control_plus_frozen_pangenomefm_pair,length_bin,"bp[500,1000)",3194,0.6546649968691296,0.2679507916867206,0.9109569440849334,0.9523807995356528,0.802128991859737,0.7859662877303019,0.9588713534194164,0.8638517880224041,0.3627517387083378,0.1164385922704418,0.0542586361785474,T
fold_a,314159,1hop,coordinate_plus_frozen_sequence_fm_plus_topology_control_plus_frozen_pangenomefm_pair,allele_frequency_bin,"af[0.001,0.01)",11561,0.6030620188565003,0.2679507916867206,0.8078698381609744,0.8617075022073474,0.7259752616555661,0.7142857142857143,0.9093516924842228,0.8001009591115599,0.5281242447096433,0.1785675790278099,0.065001068366037,T
fold_a,314159,1hop,coordinate_plus_frozen_sequence_fm_plus_topology_control_plus_frozen_pangenomefm_pair,allele_frequency_bin,"af[0.01,0.05)",14805,0.6430935494765282,0.2679507916867206,0.8647036341277072,0.9194871406493286,0.7810199257007767,0.7768762677484787,0.9252179392920912,0.8445829338446789,0.4515300243631026,0.1494804965265745,0.079590142889707,T
fold_a,314159,1hop,coordinate_plus_frozen_sequence_fm_plus_topology_control_plus_frozen_pangenomefm_pair,allele_frequency_bin,"af[0.05,0.5)",14697,0.6236646934748589,0.2679507916867206,0.900225675425595,0.936722645511616,0.7998230931482615,0.7846688620563483,0.935849879991272,0.8536172753507811,0.3959258350272898,0.1283242316001139,0.0656153748631625,T
fold_a,314159,1hop,coordinate_plus_frozen_sequence_fm_plus_topology_control_plus_frozen_pangenomefm_pair,allele_frequency_bin,"af[0.5,1)",2154,0.5979572887650882,0.2679507916867206,0.9760105719162854,0.9819580047467282,0.8969359331476323,0.8625850340136054,0.984472049689441,0.9195068890500364,0.2272655289117597,0.0631833494139188,0.0658608671197131,T
fold_a,314159,1hop,coordinate_plus_frozen_sequence_fm_plus_topology_control_plus_frozen_pangenomefm_pair,breakpoint_mapping_distance,overlap,43217,0.623527778420529,0.2679507916867206,0.8706657761511369,0.9162164824143848,0.7784668070435246,0.7663181776374284,0.9275615096300144,0.8392653280505002,0.4419325346612658,0.145765710222387,0.0651926956316015,T
fold_a,314159,1hop,coordinate_plus_frozen_sequence_fm_pair,chromosome,chr12,7786,0.6203442075520165,0.2842584257938669,0.8009250582035485,0.8665109989325679,0.7170562548163371,0.7117523778816701,0.91407867494824,0.8003262938457355,0.5390134319631459,0.1816763008034508,0.081671562766565,Q
fold_a,314159,1hop,coordinate_plus_frozen_sequence_fm_pair,chromosome,chr17,6605,0.6183194549583648,0.2842584257938669,0.7951545412268579,0.8659233781833762,0.703557910673732,0.7019376899696048,0.9047502448579824,0.790543431750107,0.5470371321962507,0.1855453018953495,0.090134602392525,Q
fold_a,314159,1hop,coordinate_plus_frozen_sequence_fm_pair,chromosome,chr2,13840,0.619942196531792,0.2842584257938669,0.7881056839231745,0.8531575928948311,0.7114884393063584,0.7073126638344029,0.912004662004662,0.7967214783892481,0.5542411924874462,0.1876086257861152,0.0870978368930423,Q
fold_a,314159,1hop,coordinate_plus_frozen_sequence_fm_pair,chromosome,chr22,3884,0.6251287332646756,0.2842584257938669,0.7829407258721509,0.8552344754706989,0.6979917610710608,0.6990168093878846,0.9077429983525536,0.7898226124350475,0.5590276180979277,0.1892945520365173,0.0861043497104808,Q
fold_a,314159,1hop,coordinate_plus_frozen_sequence_fm_pair,chromosome,chr7,11102,0.6327688704737885,0.2842584257938669,0.7919040673441937,0.8685158068173873,0.7157268960547649,0.7169938306225463,0.9098932384341636,0.8020075282308657,0.5480793774750392,0.1859678094233906,0.0946949197585217,Q
fold_a,314159,1hop,coordinate_plus_frozen_sequence_fm_pair,sv_class,DEL,16270,0.0,0.2842584257938669,,,0.3812538414259373,0.0,0.0,0.0,0.5516176522040234,0.1846348365419722,0.3768754469010318,Q
fold_a,314159,1hop,coordinate_plus_frozen_sequence_fm_pair,sv_class,INS,26947,1.0,0.2842584257938669,,,0.9103425242141984,1.0,0.9103425242141984,0.9530673297330898,0.5478108234500435,0.1867513136061422,0.3686057554655338,Q
fold_a,314159,1hop,coordinate_plus_frozen_sequence_fm_pair,length_bin,bp>=1e+06,4,1.0,0.2842584257938669,,,1.0,1.0,1.0,1.0,0.4880686526098495,0.1609551788453583,0.3698240869172646,Q
fold_a,314159,1hop,coordinate_plus_frozen_sequence_fm_pair,length_bin,"bp[100,500)",19281,0.6574866448835641,0.2842584257938669,0.8233739563349297,0.8931706006828379,0.7522950054457757,0.7564427134047387,0.9192237911177724,0.8299266434014672,0.5244329294627126,0.1755571744157366,0.1229337863930405,Q
fold_a,314159,1hop,coordinate_plus_frozen_sequence_fm_pair,length_bin,"bp[1000,10000)",4713,0.5987693613409718,0.2842584257938669,0.8173090220714256,0.8858439945191616,0.6293231487375345,0.6215788283193847,0.973777462792346,0.7588016015463206,0.5236135565379959,0.177772667028592,0.0882554647735981,Q
fold_a,314159,1hop,coordinate_plus_frozen_sequence_fm_pair,length_bin,"bp[10000,100000)",662,0.6525679758308157,0.2842584257938669,0.7225593800322061,0.8443206221695498,0.6555891238670695,0.6588785046728972,0.9791666666666666,0.7877094972067039,0.5848062081607177,0.2032837016376177,0.0743768445487384,Q
fold_a,314159,1hop,coordinate_plus_frozen_sequence_fm_pair,length_bin,"bp[100000,1e+06)",37,0.5675675675675675,0.2842584257938669,0.6934523809523809,0.8024519170080844,0.5945945945945946,0.5833333333333334,1.0,0.7368421052631579,0.6481207775435268,0.2300741721837086,0.2969084455739627,Q
fold_a,314159,1hop,coordinate_plus_frozen_sequence_fm_pair,length_bin,"bp[50,100)",15326,0.5807125146809343,0.2842584257938669,0.7533577600828096,0.8006111054774561,0.6832833094088477,0.6786786786786787,0.863370786516854,0.7599643952131342,0.6054759593782005,0.2084165581415911,0.1010201917157842,Q
fold_a,314159,1hop,coordinate_plus_frozen_sequence_fm_pair,length_bin,"bp[500,1000)",3194,0.6546649968691296,0.2842584257938669,0.8617654212913524,0.9284001881326832,0.7298058860363181,0.721820809248555,0.9555236728837876,0.8223914385676065,0.4585774731751407,0.148939709774178,0.0589320847031526,Q
fold_a,314159,1hop,coordinate_plus_frozen_sequence_fm_pair,allele_frequency_bin,"af[0.001,0.01)",11561,0.6030620188565003,0.2842584257938669,0.7376557876745595,0.8110911823087679,0.6677623042989361,0.6639095382682442,0.909495123350545,0.7675361617139744,0.595308117498797,0.205139487778281,0.0592755537885125,Q
fold_a,314159,1hop,coordinate_plus_frozen_sequence_fm_pair,allele_frequency_bin,"af[0.01,0.05)",14805,0.6430935494765282,0.2842584257938669,0.7901848962741511,0.8711548901611736,0.7187436676798379,0.7246498364505577,0.9074677029723768,0.8058198097369894,0.5530990106155552,0.1877149844713106,0.1065767625112799,Q
fold_a,314159,1hop,coordinate_plus_frozen_sequence_fm_pair,allele_frequency_bin,"af[0.05,0.5)",14697,0.6236646934748589,0.2842584257938669,0.8144202338332813,0.8786567607957563,0.7236170647070831,0.721335646140503,0.9073750818241326,0.8037301894085813,0.5308696702327849,0.1783068797776593,0.096053314349874,Q
fold_a,314159,1hop,coordinate_plus_frozen_sequence_fm_pair,allele_frequency_bin,"af[0.5,1)",2154,0.5979572887650882,0.2842584257938669,0.9161015520778046,0.9293122978386904,0.8068709377901578,0.773525721455458,0.9572981366459627,0.8556557945870923,0.4008811136906484,0.1230651174038456,0.0985188844200562,Q
fold_a,314159,1hop,coordinate_plus_frozen_sequence_fm_pair,breakpoint_mapping_distance,overlap,43217,0.623527778420529,0.2842584257938669,0.7921017146521927,0.8617182305006181,0.7111553323923456,0.7090294236661079,0.9103425242141984,0.7971728003899585,0.5492439887282269,0.1859545187838721,0.0879527910648576,Q
fold_a,314159,1hop,coordinate_plus_frozen_sequence_fm_plus_frozen_pangenomefm_pair,chromosome,chr12,7786,0.6203442075520165,0.2793028549857064,0.8440470937448344,0.8940850600097257,0.7503210891343437,0.7362475442043221,0.931055900621118,0.8222709818979704,0.4766217500239291,0.1587597796582484,0.0681267995714963,Q
fold_a,314159,1hop,coordinate_plus_frozen_sequence_fm_plus_frozen_pangenomefm_pair,chromosome,chr17,6605,0.6183194549583648,0.2793028549857064,0.8262727273080462,0.8884374518514611,0.736109008327025,0.7276794397977048,0.9160137120470128,0.8110569105691057,0.504184890674934,0.1701617841105511,0.0828634114127264,Q
fold_a,314159,1hop,coordinate_plus_frozen_sequence_fm_plus_frozen_pangenomefm_pair,chromosome,chr2,13840,0.619942196531792,0.2793028549857064,0.828851892720714,0.8847177016999765,0.7388005780346821,0.7281919294052762,0.9233100233100232,0.8142247803073128,0.4976745646454984,0.167099615590341,0.0730485776015248,Q
fold_a,314159,1hop,coordinate_plus_frozen_sequence_fm_plus_frozen_pangenomefm_pair,chromosome,chr22,3884,0.6251287332646756,0.2793028549857064,0.8175184319387369,0.8797399589643962,0.7281153450051493,0.7172260924635846,0.9328665568369028,0.8109559613319012,0.5115158182169139,0.1715441701686283,0.072203488109836,Q
fold_a,314159,1hop,coordinate_plus_frozen_sequence_fm_plus_frozen_pangenomefm_pair,chromosome,chr7,11102,0.6327688704737885,0.2793028549857064,0.8302849681007161,0.891664032475357,0.7481534858584039,0.7439150997808283,0.9180071174377225,0.8218427424493437,0.5004303586593719,0.1679756710692724,0.0884254717414655,Q
fold_a,314159,1hop,coordinate_plus_frozen_sequence_fm_plus_frozen_pangenomefm_pair,sv_class,DEL,16270,0.0,0.2793028549857064,,,0.4418561770129072,0.0,0.0,0.0,0.5068585128535759,0.169455356596931,0.3386881700350188,Q
fold_a,314159,1hop,coordinate_plus_frozen_sequence_fm_plus_frozen_pangenomefm_pair,sv_class,INS,26947,1.0,0.2793028549857064,,,0.923071213864252,1.0,0.923071213864252,0.9599969124486212,0.4907726796656811,0.1650196947175411,0.3280773213974209,Q
fold_a,314159,1hop,coordinate_plus_frozen_sequence_fm_plus_frozen_pangenomefm_pair,length_bin,bp>=1e+06,4,1.0,0.2793028549857064,,,1.0,1.0,1.0,1.0,0.2831569635139954,0.062220098865548,0.2451070081361938,Q
fold_a,314159,1hop,coordinate_plus_frozen_sequence_fm_plus_frozen_pangenomefm_pair,length_bin,"bp[100,500)",19281,0.6574866448835641,0.2793028549857064,0.8447245871864455,0.9094862830234968,0.7649499507286966,0.7618802649347309,0.9346059793326496,0.839450191299419,0.4768635642208514,0.1589443637508186,0.0980044124922981,Q
fold_a,314159,1hop,coordinate_plus_frozen_sequence_fm_plus_frozen_pangenomefm_pair,length_bin,"bp[1000,10000)",4713,0.5987693613409718,0.2793028549857064,0.886206942430499,0.9223767624770474,0.7322300021217908,0.6980700863382427,0.97413182140326,0.8133136094674556,0.4245415382443438,0.1369865962909286,0.055116600009142,Q
fold_a,314159,1hop,coordinate_plus_frozen_sequence_fm_plus_frozen_pangenomefm_pair,length_bin,"bp[10000,100000)",662,0.6525679758308157,0.2793028549857064,0.7995521336553946,0.8719377792691461,0.6948640483383686,0.6879084967320261,0.9745370370370372,0.8065134099616859,0.5194113534174413,0.1729419501842966,0.0590281855169904,Q
fold_a,314159,1hop,coordinate_plus_frozen_sequence_fm_plus_frozen_pangenomefm_pair,length_bin,"bp[100000,1e+06)",37,0.5675675675675675,0.2793028549857064,0.5535714285714286,0.6210106125564243,0.6486486486486487,0.6176470588235294,1.0,0.7636363636363637,0.8354740467407016,0.2808950180920205,0.2498687554429279,Q
fold_a,314159,1hop,coordinate_plus_frozen_sequence_fm_plus_frozen_pangenomefm_pair,length_bin,"bp[50,100)",15326,0.5807125146809343,0.2793028549857064,0.7903874358732257,0.8309052731534138,0.7131671669059115,0.7026637868970482,0.8773033707865169,0.7803318009194483,0.562492286730088,0.1929337786868228,0.0972069175042838,Q
fold_a,314159,1hop,coordinate_plus_frozen_sequence_fm_plus_frozen_pangenomefm_pair,length_bin,"bp[500,1000)",3194,0.6546649968691296,0.2793028549857064,0.8911357789915162,0.9418418135764162,0.7654978083907327,0.7481508875739645,0.967479674796748,0.8437956204379562,0.400600025554109,0.1288564810099716,0.054425544078726,Q
fold_a,314159,1hop,coordinate_plus_frozen_sequence_fm_plus_frozen_pangenomefm_pair,allele_frequency_bin,"af[0.001,0.01)",11561,0.6030620188565003,0.2793028549857064,0.7778722210699412,0.8413756824269973,0.6981229997405068,0.6874058127018299,0.9159495123350544,0.7853892510146353,0.5547353101614382,0.1894106227088624,0.0579364296120708,Q
fold_a,314159,1hop,coordinate_plus_frozen_sequence_fm_plus_frozen_pangenomefm_pair,allele_frequency_bin,"af[0.01,0.05)",14805,0.6430935494765282,0.2793028549857064,0.8292726918407622,0.8957637629796757,0.7490037149611618,0.7462040885571295,0.9239575674824072,0.8256217738151103,0.498872446630314,0.167418985048038,0.0903318938528007,Q
fold_a,314159,1hop,coordinate_plus_frozen_sequence_fm_plus_frozen_pangenomefm_pair,allele_frequency_bin,"af[0.05,0.5)",14697,0.6236646934748589,0.2793028549857064,0.8520399945196127,0.903938075720272,0.7550520514390692,0.7456744350282486,0.9215579314859262,0.82433883087733,0.4725994541499271,0.157478855936496,0.0846198625340628,Q
fold_a,314159,1hop,coordinate_plus_frozen_sequence_fm_plus_frozen_pangenomefm_pair,allele_frequency_bin,"af[0.5,1)",2154,0.5979572887650882,0.2793028549857064,0.9407633798574152,0.953695177773664,0.8384401114206128,0.8036175710594315,0.9658385093167702,0.8772919605077574,0.3372997828686755,0.1025735083164362,0.0775933067372777,Q
fold_a,314159,1hop,coordinate_plus_frozen_sequence_fm_plus_frozen_pangenomefm_pair,breakpoint_mapping_distance,overlap,43217,0.623527778420529,0.2793028549857064,0.8305334820435271,0.8882320710324481,0.7419071198833792,0.7325577970843764,0.923071213864252,0.8168533053101704,0.4968285490218846,0.1666895981994504,0.0770586355653227,Q
fold_a,314159,1hop,coordinate_plus_frozen_sequence_fm_plus_topology_control_pair,chromosome,chr12,7786,0.6203442075520165,0.2583653300249253,0.8638454755320967,0.9055524522221448,0.7789622399178012,0.7654089124124979,0.9281573498964804,0.8389632263497707,0.4604170093588839,0.1494512289437633,0.0699032998890107,Q
fold_a,314159,1hop,coordinate_plus_frozen_sequence_fm_plus_topology_control_pair,chromosome,chr17,6605,0.6183194549583648,0.2583653300249253,0.8479176484620277,0.8976810747639489,0.7598788796366389,0.7504009623095429,0.9165034280117532,0.8251763668430335,0.4855067042608592,0.15996797932921,0.0764790381774177,Q
fold_a,314159,1hop,coordinate_plus_frozen_sequence_fm_plus_topology_control_pair,chromosome,chr2,13840,0.619942196531792,0.2583653300249253,0.838856457230982,0.885959234934831,0.7552023121387283,0.7444904878508194,0.9213286713286714,0.8235232836753829,0.4914359819727204,0.1616223571790352,0.0658588564466052,Q
fold_a,314159,1hop,coordinate_plus_frozen_sequence_fm_plus_topology_control_pair,chromosome,chr22,3884,0.6251287332646756,0.2583653300249253,0.8402573795644224,0.8921177598050447,0.7551493305870237,0.7482352941176471,0.9168039538714992,0.8239866740699612,0.4952980219240452,0.162786077557213,0.077240637329877,Q
fold_a,314159,1hop,coordinate_plus_frozen_sequence_fm_plus_topology_control_pair,chromosome,chr7,11102,0.6327688704737885,0.2583653300249253,0.8483793557645223,0.9031366878527586,0.7695009908124663,0.7621507396102372,0.9241281138790036,0.8353599691179309,0.4817875611037369,0.1584612778798426,0.0795252551078568,Q
fold_a,314159,1hop,coordinate_plus_frozen_sequence_fm_plus_topology_control_pair,sv_class,DEL,16270,0.0,0.2583653300249253,,,0.501720958819914,0.0,0.0,0.0,0.4976750464237282,0.1674768302392485,0.3248813517720897,Q
fold_a,314159,1hop,coordinate_plus_frozen_sequence_fm_plus_topology_control_pair,sv_class,INS,26947,1.0,0.2583653300249253,,,0.9221434668052102,1.0,0.9221434668052102,0.9594949416943394,0.4738346614549418,0.1530307418133772,0.3122244699163644,Q
fold_a,314159,1hop,coordinate_plus_frozen_sequence_fm_plus_topology_control_pair,length_bin,bp>=1e+06,4,1.0,0.2583653300249253,,,1.0,1.0,1.0,1.0,0.1967844583406448,0.0366865913793989,0.1752448260028081,Q
fold_a,314159,1hop,coordinate_plus_frozen_sequence_fm_plus_topology_control_pair,length_bin,"bp[100,500)",19281,0.6574866448835641,0.2583653300249253,0.8584353011389015,0.9126339535127856,0.7827394844665733,0.781245858184228,0.9299518813599432,0.8491374653365505,0.4645699400785627,0.151067774148673,0.0909161202227987,Q
fold_a,314159,1hop,coordinate_plus_frozen_sequence_fm_plus_topology_control_pair,length_bin,"bp[1000,10000)",4713,0.5987693613409718,0.2583653300249253,0.9037592182897763,0.9351827996236566,0.7604498196477827,0.723292007385914,0.9716513111268604,0.8292756691365493,0.4006763898418203,0.1265876463818364,0.0706301526645888,Q
fold_a,314159,1hop,coordinate_plus_frozen_sequence_fm_plus_topology_control_pair,length_bin,"bp[10000,100000)",662,0.6525679758308157,0.2583653300249253,0.8303190418679549,0.8956676715483812,0.7145015105740181,0.7035175879396985,0.9722222222222222,0.8163265306122449,0.4806482982721986,0.1570426758174174,0.0731894626468976,Q
fold_a,314159,1hop,coordinate_plus_frozen_sequence_fm_plus_topology_control_pair,length_bin,"bp[100000,1e+06)",37,0.5675675675675675,0.2583653300249253,0.6696428571428572,0.7305305876681643,0.6216216216216216,0.6,1.0,0.75,0.6979526262393537,0.2486391049385381,0.2401401801431515,Q
fold_a,314159,1hop,coordinate_plus_frozen_sequence_fm_plus_topology_control_pair,length_bin,"bp[50,100)",15326,0.5807125146809343,0.2583653300249253,0.81035282402599,0.8422738443944622,0.7393318543651312,0.726642639312448,0.8834831460674157,0.7974240657167486,0.547806355332996,0.1838329324517753,0.0900387148497491,Q
fold_a,314159,1hop,coordinate_plus_frozen_sequence_fm_plus_topology_control_pair,length_bin,"bp[500,1000)",3194,0.6546649968691296,0.2583653300249253,0.8923836257188236,0.9399363632002048,0.7842830306825297,0.7677616501145913,0.9612625538020086,0.8536844340624337,0.4005491632020028,0.1278929021553564,0.0496055977567038,Q
fold_a,314159,1hop,coordinate_plus_frozen_sequence_fm_plus_topology_control_pair,allele_frequency_bin,"af[0.001,0.01)",11561,0.6030620188565003,0.2583653300249253,0.7904499422213337,0.8446657143109331,0.7147305596401695,0.7007650273224044,0.9196787148594378,0.7954348095769755,0.5470980085129115,0.1839750306569728,0.059493202417176,Q
fold_a,314159,1hop,coordinate_plus_frozen_sequence_fm_plus_topology_control_pair,allele_frequency_bin,"af[0.01,0.05)",14805,0.6430935494765282,0.2583653300249253,0.8425136721161661,0.9012234907935176,0.7659574468085106,0.7658005617977528,0.916290305640164,0.8343135848515277,0.490539053762849,0.1615642684377022,0.0876623091317942,Q
fold_a,314159,1hop,coordinate_plus_frozen_sequence_fm_plus_topology_control_pair,allele_frequency_bin,"af[0.05,0.5)",14697,0.6236646934748589,0.2583653300249253,0.8728232058664603,0.9153235702880212,0.7842416819759135,0.7739694726259025,0.9238490072005237,0.8422937285522455,0.4516130697680895,0.1462506117360466,0.0787880444448574,Q
fold_a,314159,1hop,coordinate_plus_frozen_sequence_fm_plus_topology_control_pair,allele_frequency_bin,"af[0.5,1)",2154,0.5979572887650882,0.2583653300249253,0.9590992712980362,0.9656863431708188,0.8741875580315692,0.845213849287169,0.966614906832298,0.9018471568272364,0.2974965523593385,0.0836712457323716,0.0880593761731515,Q
fold_a,314159,1hop,coordinate_plus_frozen_sequence_fm_plus_topology_control_pair,breakpoint_mapping_distance,overlap,43217,0.623527778420529,0.2583653300249253,0.8473630520462792,0.8962608313829933,0.7638660712219728,0.7540053404539386,0.9221434668052102,0.829641253359598,0.4828099041474506,0.1584692928161984,0.0723718258440976,Q
fold_a,314159,1hop,coordinate_plus_frozen_sequence_fm_plus_topology_control_plus_frozen_pangenomefm_pair,chromosome,chr12,7786,0.6203442075520165,0.2610283028524199,0.8713852864791264,0.9115883147349988,0.7808887747238633,0.764656048797018,0.934368530020704,0.8410361535594484,0.4421598049237509,0.1448228710970782,0.0685034149363322,Q
fold_a,314159,1hop,coordinate_plus_frozen_sequence_fm_plus_topology_control_plus_frozen_pangenomefm_pair,chromosome,chr17,6605,0.6183194549583648,0.2610283028524199,0.8508340906026985,0.9023346994565014,0.7613928841786526,0.7489082969432315,0.92384916748286,0.8272308704231528,0.4743832120861603,0.1578303576767391,0.0740031473939547,Q
fold_a,314159,1hop,coordinate_plus_frozen_sequence_fm_plus_topology_control_plus_frozen_pangenomefm_pair,chromosome,chr2,13840,0.619942196531792,0.2610283028524199,0.8493278093895964,0.8978104388643067,0.7590317919075145,0.7470560527555347,0.9242424242424242,0.8262568377181557,0.4723166485174964,0.156700027082614,0.0632390317644686,Q
fold_a,314159,1hop,coordinate_plus_frozen_sequence_fm_plus_topology_control_plus_frozen_pangenomefm_pair,chromosome,chr22,3884,0.6251287332646756,0.2610283028524199,0.8460472034143781,0.8988164631226213,0.756951596292482,0.7444005270092227,0.9308072487644152,0.8272327964860908,0.4798836250041458,0.158817491313124,0.0757698803702396,Q
fold_a,314159,1hop,coordinate_plus_frozen_sequence_fm_plus_topology_control_plus_frozen_pangenomefm_pair,chromosome,chr7,11102,0.6327688704737885,0.2610283028524199,0.8563988418670138,0.9086689665419898,0.7727436497928302,0.7647612326511409,0.9255516014234876,0.8375088555419592,0.4674520598566535,0.1544599879651018,0.0801855513497916,Q
fold_a,314159,1hop,coordinate_plus_frozen_sequence_fm_plus_topology_control_plus_frozen_pangenomefm_pair,sv_class,DEL,16270,0.0,0.2610283028524199,,,0.5012292562999385,0.0,0.0,0.0,0.4797984938021952,0.1606202655239633,0.3144202681210587,Q
fold_a,314159,1hop,coordinate_plus_frozen_sequence_fm_plus_topology_control_plus_frozen_pangenomefm_pair,sv_class,INS,26947,1.0,0.2610283028524199,,,0.926930641629866,1.0,0.926930641629866,0.962079922965816,0.458678852797362,0.1505606918845861,0.3028144042115103,Q
fold_a,314159,1hop,coordinate_plus_frozen_sequence_fm_plus_topology_control_plus_frozen_pangenomefm_pair,length_bin,bp>=1e+06,4,1.0,0.2610283028524199,,,1.0,1.0,1.0,1.0,0.1254934230248996,0.0147588522257637,0.1173648883429626,Q
fold_a,314159,1hop,coordinate_plus_frozen_sequence_fm_plus_topology_control_plus_frozen_pangenomefm_pair,length_bin,"bp[100,500)",19281,0.6574866448835641,0.2610283028524199,0.8652699041416068,0.9209177458860248,0.7845547430112546,0.7802696481420586,0.9358681075964344,0.8510149917509504,0.4481831154549446,0.1470940413519767,0.0858184141296165,Q
fold_a,314159,1hop,coordinate_plus_frozen_sequence_fm_plus_topology_control_plus_frozen_pangenomefm_pair,length_bin,"bp[1000,10000)",4713,0.5987693613409718,0.2610283028524199,0.9102551681826072,0.9387228995946926,0.77997029492892,0.7419354838709677,0.9698795180722892,0.8407310704960835,0.3788677067771042,0.1200768587482991,0.0505700577408289,Q
fold_a,314159,1hop,coordinate_plus_frozen_sequence_fm_plus_topology_control_plus_frozen_pangenomefm_pair,length_bin,"bp[10000,100000)",662,0.6525679758308157,0.2610283028524199,0.8323117954911432,0.8930893153176551,0.7220543806646526,0.7073578595317725,0.9791666666666666,0.8213592233009709,0.4742505262583002,0.1547909268642461,0.0392716412858951,Q
fold_a,314159,1hop,coordinate_plus_frozen_sequence_fm_plus_topology_control_plus_frozen_pangenomefm_pair,length_bin,"bp[100000,1e+06)",37,0.5675675675675675,0.2610283028524199,0.5892857142857143,0.6364104058347606,0.6486486486486487,0.6176470588235294,1.0,0.7636363636363637,0.8094996297029646,0.2781559941012611,0.26289180682835,Q
fold_a,314159,1hop,coordinate_plus_frozen_sequence_fm_plus_topology_control_plus_frozen_pangenomefm_pair,length_bin,"bp[50,100)",15326,0.5807125146809343,0.2610283028524199,0.8178833356064024,0.8512409043147945,0.7383531254078037,0.7237781438769907,0.8885393258426967,0.7977403409664078,0.5337845598844863,0.1805210173633461,0.0893644669618689,Q
fold_a,314159,1hop,coordinate_plus_frozen_sequence_fm_plus_topology_control_plus_frozen_pangenomefm_pair,length_bin,"bp[500,1000)",3194,0.6546649968691296,0.2610283028524199,0.9017164613009258,0.9470453273786408,0.7852222917971196,0.7664012135001896,0.9665231946437112,0.8549069373942471,0.3801280263623087,0.121766037825675,0.0549423641210954,Q
fold_a,314159,1hop,coordinate_plus_frozen_sequence_fm_plus_topology_control_plus_frozen_pangenomefm_pair,allele_frequency_bin,"af[0.001,0.01)",11561,0.6030620188565003,0.2610283028524199,0.798675291396886,0.8548339915117027,0.7191419427385174,0.7038861521620142,0.9222604704532416,0.7984106289191035,0.533711560350997,0.1807091416120866,0.0601832846031874,Q
fold_a,314159,1hop,coordinate_plus_frozen_sequence_fm_plus_topology_control_plus_frozen_pangenomefm_pair,allele_frequency_bin,"af[0.01,0.05)",14805,0.6430935494765282,0.2610283028524199,0.8515746517857135,0.909144373898722,0.769064505234718,0.7662768371443532,0.922172040752022,0.8370275036941703,0.4720320739214276,0.1565145751031524,0.0832176055781264,Q
fold_a,314159,1hop,coordinate_plus_frozen_sequence_fm_plus_topology_control_plus_frozen_pangenomefm_pair,allele_frequency_bin,"af[0.05,0.5)",14697,0.6236646934748589,0.2610283028524199,0.8797328354538934,0.9214759641331433,0.7868272436551678,0.7741026805997274,0.9294130482216888,0.8446780030737197,0.4352383429606717,0.1421834226833618,0.0774094904485195,Q
fold_a,314159,1hop,coordinate_plus_frozen_sequence_fm_plus_topology_control_plus_frozen_pangenomefm_pair,allele_frequency_bin,"af[0.5,1)",2154,0.5979572887650882,0.2610283028524199,0.960859165435428,0.9690889226571594,0.8676880222841226,0.8354515050167224,0.96972049689441,0.897592526051024,0.283643644556467,0.0809676186313607,0.077593791714198,Q
fold_a,314159,1hop,coordinate_plus_frozen_sequence_fm_plus_topology_control_plus_frozen_pangenomefm_pair,breakpoint_mapping_distance,overlap,43217,0.623527778420529,0.2610283028524199,0.8550837972847928,0.9038195185672522,0.7666658953652498,0.7547819780618258,0.926930641629866,0.8320453031312458,0.4666298109654124,0.1543478419207448,0.0704426958825912,Q
