fold,seed,gain,dataset,context,metric,contrast
fold_a,42,0.0,complex_traits,1hop,auprc,linear_vs_fixed_V
fold_a,314159,0.0,complex_traits,1hop,auprc,linear_vs_fixed_V
fold_a,20260806,0.0,complex_traits,1hop,auprc,linear_vs_fixed_V
fold_b,42,-1.0696706979229642e-05,complex_traits,1hop,auprc,linear_vs_fixed_V
fold_b,314159,-1.0696706979229642e-05,complex_traits,1hop,auprc,linear_vs_fixed_V
fold_b,20260806,-1.0696706979229642e-05,complex_traits,1hop,auprc,linear_vs_fixed_V
fold_c,42,0.0008454269312223872,complex_traits,1hop,auprc,linear_vs_fixed_V
fold_c,314159,0.0008454269312223872,complex_traits,1hop,auprc,linear_vs_fixed_V
fold_c,20260806,0.0008454269312223872,complex_traits,1hop,auprc,linear_vs_fixed_V
fold_d,42,3.3558012541803905e-05,complex_traits,1hop,auprc,linear_vs_fixed_V
fold_d,314159,3.3558012541803905e-05,complex_traits,1hop,auprc,linear_vs_fixed_V
fold_d,20260806,3.3558012541803905e-05,complex_traits,1hop,auprc,linear_vs_fixed_V
fold_e,42,0.000883553402560272,complex_traits,1hop,auprc,linear_vs_fixed_V
fold_e,314159,0.000883553402560272,complex_traits,1hop,auprc,linear_vs_fixed_V
fold_e,20260806,0.000883553402560272,complex_traits,1hop,auprc,linear_vs_fixed_V
fold_a,42,-0.006876905010147094,complex_traits,1hop,auprc,histgb_vs_fixed_V
fold_a,314159,-0.006876905010147094,complex_traits,1hop,auprc,histgb_vs_fixed_V
fold_a,20260806,-0.006876905010147094,complex_traits,1hop,auprc,histgb_vs_fixed_V
fold_b,42,0.008703269417547108,complex_traits,1hop,auprc,histgb_vs_fixed_V
fold_b,314159,0.008703269417547108,complex_traits,1hop,auprc,histgb_vs_fixed_V
fold_b,20260806,0.008703269417547108,complex_traits,1hop,auprc,histgb_vs_fixed_V
fold_c,42,-0.004233130861044487,complex_traits,1hop,auprc,histgb_vs_fixed_V
fold_c,314159,-0.004233130861044487,complex_traits,1hop,auprc,histgb_vs_fixed_V
fold_c,20260806,-0.004233130861044487,complex_traits,1hop,auprc,histgb_vs_fixed_V
fold_d,42,0.016534743765647286,complex_traits,1hop,auprc,histgb_vs_fixed_V
fold_d,314159,0.016534743765647286,complex_traits,1hop,auprc,histgb_vs_fixed_V
fold_d,20260806,0.016534743765647286,complex_traits,1hop,auprc,histgb_vs_fixed_V
fold_e,42,-0.023191276560546342,complex_traits,1hop,auprc,histgb_vs_fixed_V
fold_e,314159,-0.023191276560546342,complex_traits,1hop,auprc,histgb_vs_fixed_V
fold_e,20260806,-0.023191276560546342,complex_traits,1hop,auprc,histgb_vs_fixed_V
fold_a,42,0.004195110544090733,complex_traits,1hop,auprc,linear_vs_fixed_CS
fold_a,314159,0.004195110544090733,complex_traits,1hop,auprc,linear_vs_fixed_CS
fold_a,20260806,0.004195110544090733,complex_traits,1hop,auprc,linear_vs_fixed_CS
fold_b,42,0.0,complex_traits,1hop,auprc,linear_vs_fixed_CS
fold_b,314159,0.0,complex_traits,1hop,auprc,linear_vs_fixed_CS
fold_b,20260806,0.0,complex_traits,1hop,auprc,linear_vs_fixed_CS
fold_c,42,-0.0009518478823327958,complex_traits,1hop,auprc,linear_vs_fixed_CS
fold_c,314159,-0.0009518478823327958,complex_traits,1hop,auprc,linear_vs_fixed_CS
fold_c,20260806,-0.0009518478823327958,complex_traits,1hop,auprc,linear_vs_fixed_CS
fold_d,42,0.006365902867595807,complex_traits,1hop,auprc,linear_vs_fixed_CS
fold_d,314159,0.006365902867595807,complex_traits,1hop,auprc,linear_vs_fixed_CS
fold_d,20260806,0.006365902867595807,complex_traits,1hop,auprc,linear_vs_fixed_CS
fold_e,42,-0.009973475323550765,complex_traits,1hop,auprc,linear_vs_fixed_CS
fold_e,314159,-0.009973475323550765,complex_traits,1hop,auprc,linear_vs_fixed_CS
fold_e,20260806,-0.009973475323550765,complex_traits,1hop,auprc,linear_vs_fixed_CS
fold_a,42,0.0008691948161705515,complex_traits,1hop,auprc,histgb_vs_fixed_CS
fold_a,314159,0.0008691948161705515,complex_traits,1hop,auprc,histgb_vs_fixed_CS
fold_a,20260806,0.0008691948161705515,complex_traits,1hop,auprc,histgb_vs_fixed_CS
fold_b,42,-0.007629843749785467,complex_traits,1hop,auprc,histgb_vs_fixed_CS
fold_b,314159,-0.007629843749785467,complex_traits,1hop,auprc,histgb_vs_fixed_CS
fold_b,20260806,-0.007629843749785467,complex_traits,1hop,auprc,histgb_vs_fixed_CS
fold_c,42,-0.018372462760059605,complex_traits,1hop,auprc,histgb_vs_fixed_CS
fold_c,314159,-0.018372462760059605,complex_traits,1hop,auprc,histgb_vs_fixed_CS
fold_c,20260806,-0.018372462760059605,complex_traits,1hop,auprc,histgb_vs_fixed_CS
fold_d,42,0.005857765509964349,complex_traits,1hop,auprc,histgb_vs_fixed_CS
fold_d,314159,0.005857765509964349,complex_traits,1hop,auprc,histgb_vs_fixed_CS
fold_d,20260806,0.005857765509964349,complex_traits,1hop,auprc,histgb_vs_fixed_CS
fold_e,42,-0.004542940752940372,complex_traits,1hop,auprc,histgb_vs_fixed_CS
fold_e,314159,-0.004542940752940372,complex_traits,1hop,auprc,histgb_vs_fixed_CS
fold_e,20260806,-0.004542940752940372,complex_traits,1hop,auprc,histgb_vs_fixed_CS
fold_a,42,0.0013041087155701014,complex_traits,1hop,auprc,linear_vs_fixed_CSV
fold_a,314159,0.0013041087155701014,complex_traits,1hop,auprc,linear_vs_fixed_CSV
fold_a,20260806,0.0013041087155701014,complex_traits,1hop,auprc,linear_vs_fixed_CSV
fold_b,42,0.0021602763626093757,complex_traits,1hop,auprc,linear_vs_fixed_CSV
fold_b,314159,0.0021602763626093757,complex_traits,1hop,auprc,linear_vs_fixed_CSV
fold_b,20260806,0.0021602763626093757,complex_traits,1hop,auprc,linear_vs_fixed_CSV
fold_c,42,-0.004216052391337294,complex_traits,1hop,auprc,linear_vs_fixed_CSV
fold_c,314159,-0.004216052391337294,complex_traits,1hop,auprc,linear_vs_fixed_CSV
fold_c,20260806,-0.004216052391337294,complex_traits,1hop,auprc,linear_vs_fixed_CSV
fold_d,42,0.006839095505457429,complex_traits,1hop,auprc,linear_vs_fixed_CSV
fold_d,314159,0.006839095505457429,complex_traits,1hop,auprc,linear_vs_fixed_CSV
fold_d,20260806,0.006839095505457429,complex_traits,1hop,auprc,linear_vs_fixed_CSV
fold_e,42,0.00414315463755191,complex_traits,1hop,auprc,linear_vs_fixed_CSV
fold_e,314159,0.00414315463755191,complex_traits,1hop,auprc,linear_vs_fixed_CSV
fold_e,20260806,0.00414315463755191,complex_traits,1hop,auprc,linear_vs_fixed_CSV
fold_a,42,0.002395502046885545,complex_traits,1hop,auprc,histgb_vs_fixed_CSV
fold_a,314159,0.002395502046885545,complex_traits,1hop,auprc,histgb_vs_fixed_CSV
fold_a,20260806,0.002395502046885545,complex_traits,1hop,auprc,histgb_vs_fixed_CSV
fold_b,42,-0.001967866272782101,complex_traits,1hop,auprc,histgb_vs_fixed_CSV
fold_b,314159,-0.001967866272782101,complex_traits,1hop,auprc,histgb_vs_fixed_CSV
fold_b,20260806,-0.001967866272782101,complex_traits,1hop,auprc,histgb_vs_fixed_CSV
fold_c,42,-0.02156622419201376,complex_traits,1hop,auprc,histgb_vs_fixed_CSV
fold_c,314159,-0.02156622419201376,complex_traits,1hop,auprc,histgb_vs_fixed_CSV
fold_c,20260806,-0.02156622419201376,complex_traits,1hop,auprc,histgb_vs_fixed_CSV
fold_d,42,0.006942818845467602,complex_traits,1hop,auprc,histgb_vs_fixed_CSV
fold_d,314159,0.006942818845467602,complex_traits,1hop,auprc,histgb_vs_fixed_CSV
fold_d,20260806,0.006942818845467602,complex_traits,1hop,auprc,histgb_vs_fixed_CSV
fold_e,42,0.008980493911087545,complex_traits,1hop,auprc,histgb_vs_fixed_CSV
fold_e,314159,0.008980493911087545,complex_traits,1hop,auprc,histgb_vs_fixed_CSV
fold_e,20260806,0.008980493911087545,complex_traits,1hop,auprc,histgb_vs_fixed_CSV
fold_a,42,0.004693098377889782,complex_traits,1hop,auprc,linear_vs_fixed_CSVT
fold_a,314159,0.002075608769350118,complex_traits,1hop,auprc,linear_vs_fixed_CSVT
fold_a,20260806,0.003551845144781157,complex_traits,1hop,auprc,linear_vs_fixed_CSVT
fold_b,42,0.005327591933938322,complex_traits,1hop,auprc,linear_vs_fixed_CSVT
fold_b,314159,0.0,complex_traits,1hop,auprc,linear_vs_fixed_CSVT
fold_b,20260806,-0.0019359493220971052,complex_traits,1hop,auprc,linear_vs_fixed_CSVT
fold_c,42,0.009212857136661923,complex_traits,1hop,auprc,linear_vs_fixed_CSVT
fold_c,314159,0.0017026487467743795,complex_traits,1hop,auprc,linear_vs_fixed_CSVT
fold_c,20260806,-0.003612194430268903,complex_traits,1hop,auprc,linear_vs_fixed_CSVT
fold_d,42,0.009712242291523718,complex_traits,1hop,auprc,linear_vs_fixed_CSVT
fold_d,314159,0.007454332427708418,complex_traits,1hop,auprc,linear_vs_fixed_CSVT
fold_d,20260806,0.0007082607324366136,complex_traits,1hop,auprc,linear_vs_fixed_CSVT
fold_e,42,0.003387217543184301,complex_traits,1hop,auprc,linear_vs_fixed_CSVT
fold_e,314159,0.002132107008388784,complex_traits,1hop,auprc,linear_vs_fixed_CSVT
fold_e,20260806,-0.003312697842925816,complex_traits,1hop,auprc,linear_vs_fixed_CSVT
fold_a,42,0.0012664469037775988,complex_traits,1hop,auprc,histgb_vs_fixed_CSVT
fold_a,314159,0.001970252585130755,complex_traits,1hop,auprc,histgb_vs_fixed_CSVT
fold_a,20260806,0.0055644036461768714,complex_traits,1hop,auprc,histgb_vs_fixed_CSVT
fold_b,42,-0.006776345323337568,complex_traits,1hop,auprc,histgb_vs_fixed_CSVT
fold_b,314159,-0.006791119061928197,complex_traits,1hop,auprc,histgb_vs_fixed_CSVT
fold_b,20260806,-0.004817945730029055,complex_traits,1hop,auprc,histgb_vs_fixed_CSVT
fold_c,42,-0.016827107667467908,complex_traits,1hop,auprc,histgb_vs_fixed_CSVT
fold_c,314159,-0.014791375292987227,complex_traits,1hop,auprc,histgb_vs_fixed_CSVT
fold_c,20260806,-0.027219700208333933,complex_traits,1hop,auprc,histgb_vs_fixed_CSVT
fold_d,42,-0.00037533044033528917,complex_traits,1hop,auprc,histgb_vs_fixed_CSVT
fold_d,314159,0.01364342602717615,complex_traits,1hop,auprc,histgb_vs_fixed_CSVT
fold_d,20260806,0.013035207056137199,complex_traits,1hop,auprc,histgb_vs_fixed_CSVT
fold_e,42,-0.005981797558385987,complex_traits,1hop,auprc,histgb_vs_fixed_CSVT
fold_e,314159,-0.0014841672776176595,complex_traits,1hop,auprc,histgb_vs_fixed_CSVT
fold_e,20260806,-0.0030345073920325927,complex_traits,1hop,auprc,histgb_vs_fixed_CSVT
fold_a,42,0.0010493031281223614,complex_traits,1hop,auprc,linear_vs_fixed_CSVH
fold_a,314159,0.0010493031281223614,complex_traits,1hop,auprc,linear_vs_fixed_CSVH
fold_a,20260806,0.0010493031281223614,complex_traits,1hop,auprc,linear_vs_fixed_CSVH
fold_b,42,0.004889486202659693,complex_traits,1hop,auprc,linear_vs_fixed_CSVH
fold_b,314159,0.004889486202659693,complex_traits,1hop,auprc,linear_vs_fixed_CSVH
fold_b,20260806,0.004889486202659693,complex_traits,1hop,auprc,linear_vs_fixed_CSVH
fold_c,42,-0.003120653182813113,complex_traits,1hop,auprc,linear_vs_fixed_CSVH
fold_c,314159,-0.003120653182813113,complex_traits,1hop,auprc,linear_vs_fixed_CSVH
fold_c,20260806,-0.003120653182813113,complex_traits,1hop,auprc,linear_vs_fixed_CSVH
fold_d,42,0.0072051682832232206,complex_traits,1hop,auprc,linear_vs_fixed_CSVH
fold_d,314159,0.0072051682832232206,complex_traits,1hop,auprc,linear_vs_fixed_CSVH
fold_d,20260806,0.0072051682832232206,complex_traits,1hop,auprc,linear_vs_fixed_CSVH
fold_e,42,-0.0016787871769931573,complex_traits,1hop,auprc,linear_vs_fixed_CSVH
fold_e,314159,-0.0016787871769931573,complex_traits,1hop,auprc,linear_vs_fixed_CSVH
fold_e,20260806,-0.0016787871769931573,complex_traits,1hop,auprc,linear_vs_fixed_CSVH
fold_a,42,0.0031005913544342317,complex_traits,1hop,auprc,histgb_vs_fixed_CSVH
fold_a,314159,0.0031005913544342317,complex_traits,1hop,auprc,histgb_vs_fixed_CSVH
fold_a,20260806,0.0031005913544342317,complex_traits,1hop,auprc,histgb_vs_fixed_CSVH
fold_b,42,-0.004012855233779519,complex_traits,1hop,auprc,histgb_vs_fixed_CSVH
fold_b,314159,-0.004012855233779519,complex_traits,1hop,auprc,histgb_vs_fixed_CSVH
fold_b,20260806,-0.004012855233779519,complex_traits,1hop,auprc,histgb_vs_fixed_CSVH
fold_c,42,-0.02238958450679983,complex_traits,1hop,auprc,histgb_vs_fixed_CSVH
fold_c,314159,-0.02238958450679983,complex_traits,1hop,auprc,histgb_vs_fixed_CSVH
fold_c,20260806,-0.02238958450679983,complex_traits,1hop,auprc,histgb_vs_fixed_CSVH
fold_d,42,0.007025268948264149,complex_traits,1hop,auprc,histgb_vs_fixed_CSVH
fold_d,314159,0.007025268948264149,complex_traits,1hop,auprc,histgb_vs_fixed_CSVH
fold_d,20260806,0.007025268948264149,complex_traits,1hop,auprc,histgb_vs_fixed_CSVH
fold_e,42,0.007664917881917865,complex_traits,1hop,auprc,histgb_vs_fixed_CSVH
fold_e,314159,0.007664917881917865,complex_traits,1hop,auprc,histgb_vs_fixed_CSVH
fold_e,20260806,0.007664917881917865,complex_traits,1hop,auprc,histgb_vs_fixed_CSVH
fold_a,42,0.0077202059835728976,complex_traits,1hop,auprc,linear_vs_fixed_CSVHT
fold_a,314159,-0.0005289835295268636,complex_traits,1hop,auprc,linear_vs_fixed_CSVHT
fold_a,20260806,-0.0010357683659773104,complex_traits,1hop,auprc,linear_vs_fixed_CSVHT
fold_b,42,0.006227246652126359,complex_traits,1hop,auprc,linear_vs_fixed_CSVHT
fold_b,314159,0.00529114294484595,complex_traits,1hop,auprc,linear_vs_fixed_CSVHT
fold_b,20260806,0.0010411492727737393,complex_traits,1hop,auprc,linear_vs_fixed_CSVHT
fold_c,42,-0.0006813226796174715,complex_traits,1hop,auprc,linear_vs_fixed_CSVHT
fold_c,314159,7.125425109605343e-05,complex_traits,1hop,auprc,linear_vs_fixed_CSVHT
fold_c,20260806,-0.00017133159987871294,complex_traits,1hop,auprc,linear_vs_fixed_CSVHT
fold_d,42,0.01096809597225877,complex_traits,1hop,auprc,linear_vs_fixed_CSVHT
fold_d,314159,0.00958144161748864,complex_traits,1hop,auprc,linear_vs_fixed_CSVHT
fold_d,20260806,0.001027832462039746,complex_traits,1hop,auprc,linear_vs_fixed_CSVHT
fold_e,42,0.005932306409884874,complex_traits,1hop,auprc,linear_vs_fixed_CSVHT
fold_e,314159,0.0014507534563205776,complex_traits,1hop,auprc,linear_vs_fixed_CSVHT
fold_e,20260806,0.0013656810951563347,complex_traits,1hop,auprc,linear_vs_fixed_CSVHT
fold_a,42,-0.0013069050915182762,complex_traits,1hop,auprc,histgb_vs_fixed_CSVHT
fold_a,314159,-0.001674007725076504,complex_traits,1hop,auprc,histgb_vs_fixed_CSVHT
fold_a,20260806,0.006863115559688271,complex_traits,1hop,auprc,histgb_vs_fixed_CSVHT
fold_b,42,-0.00473838356463642,complex_traits,1hop,auprc,histgb_vs_fixed_CSVHT
fold_b,314159,-0.002397805055015703,complex_traits,1hop,auprc,histgb_vs_fixed_CSVHT
fold_b,20260806,-0.0029755554785575733,complex_traits,1hop,auprc,histgb_vs_fixed_CSVHT
fold_c,42,-0.018545363410661098,complex_traits,1hop,auprc,histgb_vs_fixed_CSVHT
fold_c,314159,-0.01427719257301395,complex_traits,1hop,auprc,histgb_vs_fixed_CSVHT
fold_c,20260806,-0.024399822345203326,complex_traits,1hop,auprc,histgb_vs_fixed_CSVHT
fold_d,42,0.000509040326834076,complex_traits,1hop,auprc,histgb_vs_fixed_CSVHT
fold_d,314159,0.00705536700588523,complex_traits,1hop,auprc,histgb_vs_fixed_CSVHT
fold_d,20260806,0.02031647523479549,complex_traits,1hop,auprc,histgb_vs_fixed_CSVHT
fold_e,42,0.008395823241335032,complex_traits,1hop,auprc,histgb_vs_fixed_CSVHT
fold_e,314159,0.001062350229748793,complex_traits,1hop,auprc,histgb_vs_fixed_CSVHT
fold_e,20260806,0.017991640841882012,complex_traits,1hop,auprc,histgb_vs_fixed_CSVHT
fold_a,42,0.003902128903427088,complex_traits,1hop,auprc,T_given_CSV_linear
fold_a,314159,0.0032278692049362012,complex_traits,1hop,auprc,T_given_CSV_linear
fold_a,20260806,0.0008419817754445336,complex_traits,1hop,auprc,T_given_CSV_linear
fold_b,42,6.582921150471988e-05,complex_traits,1hop,auprc,T_given_CSV_linear
fold_b,314159,-0.003889481395836586,complex_traits,1hop,auprc,T_given_CSV_linear
fold_b,20260806,-0.0016515716101007244,complex_traits,1hop,auprc,T_given_CSV_linear
fold_c,42,0.005565894474884356,complex_traits,1hop,auprc,T_given_CSV_linear
fold_c,314159,-0.003637610947166553,complex_traits,1hop,auprc,T_given_CSV_linear
fold_c,20260806,0.005290384984022192,complex_traits,1hop,auprc,T_given_CSV_linear
fold_d,42,0.006186908174156916,complex_traits,1hop,auprc,T_given_CSV_linear
fold_d,314159,0.004641586786947885,complex_traits,1hop,auprc,T_given_CSV_linear
fold_d,20260806,-0.005961618462740209,complex_traits,1hop,auprc,T_given_CSV_linear
fold_e,42,-0.003914970776724563,complex_traits,1hop,auprc,T_given_CSV_linear
fold_e,314159,-0.008235810473841615,complex_traits,1hop,auprc,T_given_CSV_linear
fold_e,20260806,-0.007831270089226655,complex_traits,1hop,auprc,T_given_CSV_linear
fold_a,42,0.008133660044803467,complex_traits,1hop,auprc,T_given_CSVH_linear
fold_a,314159,0.0018366971102333068,complex_traits,1hop,auprc,T_given_CSVH_linear
fold_a,20260806,-0.0024124746133803165,complex_traits,1hop,auprc,T_given_CSVH_linear
fold_b,42,0.0002835371782171775,complex_traits,1hop,auprc,T_given_CSVH_linear
fold_b,314159,-0.0007724460341061862,complex_traits,1hop,auprc,T_given_CSVH_linear
fold_b,20260806,-0.0011340710836917761,complex_traits,1hop,auprc,T_given_CSVH_linear
fold_c,42,-0.0035625234462196564,complex_traits,1hop,auprc,T_given_CSVH_linear
fold_c,314159,-0.0028272485634702055,complex_traits,1hop,auprc,T_given_CSVH_linear
fold_c,20260806,0.007698810348319818,complex_traits,1hop,auprc,T_given_CSVH_linear
fold_d,42,0.005954420313502365,complex_traits,1hop,auprc,T_given_CSVH_linear
fold_d,314159,0.004531634121957409,complex_traits,1hop,auprc,T_given_CSVH_linear
fold_d,20260806,-0.007237031021377224,complex_traits,1hop,auprc,T_given_CSVH_linear
fold_e,42,0.00432331361931404,complex_traits,1hop,auprc,T_given_CSVH_linear
fold_e,314159,-0.0006394872677286528,complex_traits,1hop,auprc,T_given_CSVH_linear
fold_e,20260806,0.0019088989148536295,complex_traits,1hop,auprc,T_given_CSVH_linear
fold_a,42,-0.0006159159020005384,complex_traits,1hop,auprc,T_given_CSV_histgb
fold_a,314159,0.002031119689401395,complex_traits,1hop,auprc,T_given_CSV_histgb
fold_a,20260806,0.0017631469455248044,complex_traits,1hop,auprc,T_given_CSV_histgb
fold_b,42,-0.007909965410379693,complex_traits,1hop,auprc,T_given_CSV_histgb
fold_b,314159,-0.006552457822373306,complex_traits,1hop,auprc,T_given_CSV_histgb
fold_b,20260806,-0.00040542538264119743,complex_traits,1hop,auprc,T_given_CSV_histgb
fold_c,42,-0.003123898528569008,complex_traits,1hop,auprc,T_given_CSV_histgb
fold_c,314159,-0.0027814631862516925,complex_traits,1hop,auprc,T_given_CSV_histgb
fold_c,20260806,-0.0009669489933663705,complex_traits,1hop,auprc,T_given_CSV_histgb
fold_d,42,-0.004004387897712264,complex_traits,1hop,auprc,T_given_CSV_histgb
fold_d,314159,0.010726957046405444,complex_traits,1hop,auprc,T_given_CSV_histgb
fold_d,20260806,0.006261604520950204,complex_traits,1hop,auprc,T_given_CSV_histgb
fold_e,42,-0.018121325151830486,complex_traits,1hop,auprc,T_given_CSV_histgb
fold_e,314159,-0.016689424033383693,complex_traits,1hop,auprc,T_given_CSV_histgb
fold_e,20260806,-0.012390418911869067,complex_traits,1hop,auprc,T_given_CSV_histgb
fold_a,42,-0.0029447392565995767,complex_traits,1hop,auprc,T_given_CSVH_histgb
fold_a,314159,-0.001359615311628204,complex_traits,1hop,auprc,T_given_CSVH_histgb
fold_a,20260806,0.0034351210859733944,complex_traits,1hop,auprc,T_given_CSVH_histgb
fold_b,42,-0.0017797516021063886,complex_traits,1hop,auprc,T_given_CSVH_histgb
fold_b,314159,0.00044094740247137276,complex_traits,1hop,auprc,T_given_CSVH_histgb
fold_b,20260806,0.0037515656014161236,complex_traits,1hop,auprc,T_given_CSVH_histgb
fold_c,42,-0.002157632853276567,complex_traits,1hop,auprc,T_given_CSVH_histgb
fold_c,314159,0.0020932359364065067,complex_traits,1hop,auprc,T_given_CSVH_histgb
fold_c,20260806,0.0027392509269819204,complex_traits,1hop,auprc,T_given_CSVH_histgb
fold_d,42,-0.004324735996963258,complex_traits,1hop,auprc,T_given_CSVH_histgb
fold_d,314159,0.0021854588453130708,complex_traits,1hop,auprc,T_given_CSVH_histgb
fold_d,20260806,0.01223151108633759,complex_traits,1hop,auprc,T_given_CSVH_histgb
fold_e,42,-0.002556874608146825,complex_traits,1hop,auprc,T_given_CSVH_histgb
fold_e,314159,-0.01037159555321146,complex_traits,1hop,auprc,T_given_CSVH_histgb
fold_e,20260806,0.009191153602668284,complex_traits,1hop,auprc,T_given_CSVH_histgb
fold_a,42,-0.0005626341213007813,complex_traits,1hop,auprc,T_given_CS_linear
fold_a,314159,-0.00150589590246121,complex_traits,1hop,auprc,T_given_CS_linear
fold_a,20260806,-0.006637532733166168,complex_traits,1hop,auprc,T_given_CS_linear
fold_b,42,-0.003312335668271965,complex_traits,1hop,auprc,T_given_CS_linear
fold_b,314159,0.0003150850101022451,complex_traits,1hop,auprc,T_given_CS_linear
fold_b,20260806,0.000529501300196536,complex_traits,1hop,auprc,T_given_CS_linear
fold_c,42,0.002442848114945176,complex_traits,1hop,auprc,T_given_CS_linear
fold_c,314159,-0.006704795473962785,complex_traits,1hop,auprc,T_given_CS_linear
fold_c,20260806,0.0034059143180207585,complex_traits,1hop,auprc,T_given_CS_linear
fold_d,42,0.00590966815105709,complex_traits,1hop,auprc,T_given_CS_linear
fold_d,314159,0.004016562930452133,complex_traits,1hop,auprc,T_given_CS_linear
fold_d,20260806,-0.005195478306090684,complex_traits,1hop,auprc,T_given_CS_linear
fold_e,42,0.008490187853819817,complex_traits,1hop,auprc,T_given_CS_linear
fold_e,314159,0.004839199791559987,complex_traits,1hop,auprc,T_given_CS_linear
fold_e,20260806,0.0052574138074778926,complex_traits,1hop,auprc,T_given_CS_linear
fold_a,42,-0.0005626341213007813,complex_traits,1hop,auprc,T_given_V_CS_fusion
fold_a,314159,4.880352001945809e-05,complex_traits,1hop,auprc,T_given_V_CS_fusion
fold_a,20260806,-0.006637532733166168,complex_traits,1hop,auprc,T_given_V_CS_fusion
fold_b,42,-0.0009902661220164283,complex_traits,1hop,auprc,T_given_V_CS_fusion
fold_b,314159,2.947340872638815e-06,complex_traits,1hop,auprc,T_given_V_CS_fusion
fold_b,20260806,0.0014406654067028873,complex_traits,1hop,auprc,T_given_V_CS_fusion
fold_c,42,0.0018867127699380704,complex_traits,1hop,auprc,T_given_V_CS_fusion
fold_c,314159,-0.007151198564169417,complex_traits,1hop,auprc,T_given_V_CS_fusion
fold_c,20260806,0.002112052202986825,complex_traits,1hop,auprc,T_given_V_CS_fusion
fold_d,42,-0.001177471921012474,complex_traits,1hop,auprc,T_given_V_CS_fusion
fold_d,314159,-0.002754961778042145,complex_traits,1hop,auprc,T_given_V_CS_fusion
fold_d,20260806,-0.019335601911934563,complex_traits,1hop,auprc,T_given_V_CS_fusion
fold_e,42,0.008392636639699413,complex_traits,1hop,auprc,T_given_V_CS_fusion
fold_e,314159,0.0033954006902492395,complex_traits,1hop,auprc,T_given_V_CS_fusion
fold_e,20260806,0.004346796657471369,complex_traits,1hop,auprc,T_given_V_CS_fusion
fold_a,42,0.008928303960536788,complex_traits,1hop,auprc,T_given_CSH_linear
fold_a,314159,0.0019994272642674116,complex_traits,1hop,auprc,T_given_CSH_linear
fold_a,20260806,-0.002296872377424597,complex_traits,1hop,auprc,T_given_CSH_linear
fold_b,42,-0.005460051296974702,complex_traits,1hop,auprc,T_given_CSH_linear
fold_b,314159,-0.0008288042406066898,complex_traits,1hop,auprc,T_given_CSH_linear
fold_b,20260806,-0.0031659891380883126,complex_traits,1hop,auprc,T_given_CSH_linear
fold_c,42,-0.0015933681723153403,complex_traits,1hop,auprc,T_given_CSH_linear
fold_c,314159,-0.0019898835536639042,complex_traits,1hop,auprc,T_given_CSH_linear
fold_c,20260806,0.00812854636170772,complex_traits,1hop,auprc,T_given_CSH_linear
fold_d,42,0.006076830246730502,complex_traits,1hop,auprc,T_given_CSH_linear
fold_d,314159,0.0042155104918758235,complex_traits,1hop,auprc,T_given_CSH_linear
fold_d,20260806,-0.006658957036737745,complex_traits,1hop,auprc,T_given_CSH_linear
fold_e,42,-0.008100183346808454,complex_traits,1hop,auprc,T_given_CSH_linear
fold_e,314159,-0.012474118409254858,complex_traits,1hop,auprc,T_given_CSH_linear
fold_e,20260806,-0.01188365428283178,complex_traits,1hop,auprc,T_given_CSH_linear
fold_a,42,0.00574725770338691,complex_traits,1hop,auprc,T_given_V_CSH_fusion
fold_a,314159,0.005204905558070044,complex_traits,1hop,auprc,T_given_V_CSH_fusion
fold_a,20260806,-0.005477918634574475,complex_traits,1hop,auprc,T_given_V_CSH_fusion
fold_b,42,-0.004424582048934242,complex_traits,1hop,auprc,T_given_V_CSH_fusion
fold_b,314159,9.385891346110065e-05,complex_traits,1hop,auprc,T_given_V_CSH_fusion
fold_b,20260806,-0.0019500787232121924,complex_traits,1hop,auprc,T_given_V_CSH_fusion
fold_c,42,-0.0017824490902657586,complex_traits,1hop,auprc,T_given_V_CSH_fusion
fold_c,314159,-0.0043284011559628355,complex_traits,1hop,auprc,T_given_V_CSH_fusion
fold_c,20260806,0.005640029100069707,complex_traits,1hop,auprc,T_given_V_CSH_fusion
fold_d,42,0.004958438597324352,complex_traits,1hop,auprc,T_given_V_CSH_fusion
fold_d,314159,0.0032364660180049243,complex_traits,1hop,auprc,T_given_V_CSH_fusion
fold_d,20260806,-0.01369942433840042,complex_traits,1hop,auprc,T_given_V_CSH_fusion
fold_e,42,-0.006991910197427745,complex_traits,1hop,auprc,T_given_V_CSH_fusion
fold_e,314159,-0.00993017331793175,complex_traits,1hop,auprc,T_given_V_CSH_fusion
fold_e,20260806,-0.009860074451174969,complex_traits,1hop,auprc,T_given_V_CSH_fusion
fold_a,42,0.001659316215383122,complex_traits,1hop,auprc,fusion_vs_concat_CSV
fold_a,314159,0.001659316215383122,complex_traits,1hop,auprc,fusion_vs_concat_CSV
fold_a,20260806,0.001659316215383122,complex_traits,1hop,auprc,fusion_vs_concat_CSV
fold_b,42,-0.0019570016524782657,complex_traits,1hop,auprc,fusion_vs_concat_CSV
fold_b,314159,-0.0019570016524782657,complex_traits,1hop,auprc,fusion_vs_concat_CSV
fold_b,20260806,-0.0019570016524782657,complex_traits,1hop,auprc,fusion_vs_concat_CSV
fold_c,42,0.003400857478033259,complex_traits,1hop,auprc,fusion_vs_concat_CSV
fold_c,314159,0.003400857478033259,complex_traits,1hop,auprc,fusion_vs_concat_CSV
fold_c,20260806,0.003400857478033259,complex_traits,1hop,auprc,fusion_vs_concat_CSV
fold_d,42,0.001756601118461168,complex_traits,1hop,auprc,fusion_vs_concat_CSV
fold_d,314159,0.001756601118461168,complex_traits,1hop,auprc,fusion_vs_concat_CSV
fold_d,20260806,0.001756601118461168,complex_traits,1hop,auprc,fusion_vs_concat_CSV
fold_e,42,-0.012631893239799824,complex_traits,1hop,auprc,fusion_vs_concat_CSV
fold_e,314159,-0.012631893239799824,complex_traits,1hop,auprc,fusion_vs_concat_CSV
fold_e,20260806,-0.012631893239799824,complex_traits,1hop,auprc,fusion_vs_concat_CSV
fold_a,42,-0.003889037673927287,complex_traits,1hop,auprc,fusion_vs_V_CS
fold_a,314159,-0.003889037673927287,complex_traits,1hop,auprc,fusion_vs_V_CS
fold_a,20260806,-0.003889037673927287,complex_traits,1hop,auprc,fusion_vs_V_CS
fold_b,42,0.022312720576723025,complex_traits,1hop,auprc,fusion_vs_V_CS
fold_b,314159,0.022312720576723025,complex_traits,1hop,auprc,fusion_vs_V_CS
fold_b,20260806,0.022312720576723025,complex_traits,1hop,auprc,fusion_vs_V_CS
fold_c,42,0.011802508751439192,complex_traits,1hop,auprc,fusion_vs_V_CS
fold_c,314159,0.011802508751439192,complex_traits,1hop,auprc,fusion_vs_V_CS
fold_c,20260806,0.011802508751439192,complex_traits,1hop,auprc,fusion_vs_V_CS
fold_d,42,0.019335601911934563,complex_traits,1hop,auprc,fusion_vs_V_CS
fold_d,314159,0.019335601911934563,complex_traits,1hop,auprc,fusion_vs_V_CS
fold_d,20260806,0.019335601911934563,complex_traits,1hop,auprc,fusion_vs_V_CS
fold_e,42,-0.0005872360087175177,complex_traits,1hop,auprc,fusion_vs_V_CS
fold_e,314159,-0.0005872360087175177,complex_traits,1hop,auprc,fusion_vs_V_CS
fold_e,20260806,-0.0005872360087175177,complex_traits,1hop,auprc,fusion_vs_V_CS
fold_a,42,-0.002805446809344747,complex_traits,1hop,auprc,fusion_vs_concat_CSVT
fold_a,314159,-0.0015197494695336211,complex_traits,1hop,auprc,fusion_vs_concat_CSVT
fold_a,20260806,-0.00582019829322758,complex_traits,1hop,auprc,fusion_vs_concat_CSVT
fold_b,42,-0.003013096985999414,complex_traits,1hop,auprc,fusion_vs_concat_CSVT
fold_b,314159,0.001935427084230959,complex_traits,1hop,auprc,fusion_vs_concat_CSVT
fold_b,20260806,0.001135235364325346,complex_traits,1hop,auprc,fusion_vs_concat_CSVT
fold_c,42,-0.0002783242269130265,complex_traits,1hop,auprc,fusion_vs_concat_CSVT
fold_c,314159,-0.00011273013896960504,complex_traits,1hop,auprc,fusion_vs_concat_CSVT
fold_c,20260806,0.00022252469699789168,complex_traits,1hop,auprc,fusion_vs_concat_CSVT
fold_d,42,-0.005607778976708222,complex_traits,1hop,auprc,fusion_vs_concat_CSVT
fold_d,314159,-0.005639947446528862,complex_traits,1hop,auprc,fusion_vs_concat_CSVT
fold_d,20260806,-0.011617382330733186,complex_traits,1hop,auprc,fusion_vs_concat_CSVT
fold_e,42,-0.0003242858233758472,complex_traits,1hop,auprc,fusion_vs_concat_CSVT
fold_e,314159,-0.0010006820757089696,complex_traits,1hop,auprc,fusion_vs_concat_CSVT
fold_e,20260806,-0.0004538264931017999,complex_traits,1hop,auprc,fusion_vs_concat_CSVT
fold_a,42,-0.004451671795228068,complex_traits,1hop,auprc,fusion_vs_V_CST
fold_a,314159,-0.003840234153907829,complex_traits,1hop,auprc,fusion_vs_V_CST
fold_a,20260806,-0.010526570407093455,complex_traits,1hop,auprc,fusion_vs_V_CST
fold_b,42,0.021322454454706596,complex_traits,1hop,auprc,fusion_vs_V_CST
fold_b,314159,0.022315667917595663,complex_traits,1hop,auprc,fusion_vs_V_CST
fold_b,20260806,0.023753385983425912,complex_traits,1hop,auprc,fusion_vs_V_CST
fold_c,42,0.013689221521377262,complex_traits,1hop,auprc,fusion_vs_V_CST
fold_c,314159,0.004651310187269775,complex_traits,1hop,auprc,fusion_vs_V_CST
fold_c,20260806,0.013914560954426017,complex_traits,1hop,auprc,fusion_vs_V_CST
fold_d,42,0.01815812999092209,complex_traits,1hop,auprc,fusion_vs_V_CST
fold_d,314159,0.01658064013389242,complex_traits,1hop,auprc,fusion_vs_V_CST
fold_d,20260806,0.0,complex_traits,1hop,auprc,fusion_vs_V_CST
fold_e,42,0.007805400630981896,complex_traits,1hop,auprc,fusion_vs_V_CST
fold_e,314159,0.002808164681531722,complex_traits,1hop,auprc,fusion_vs_V_CST
fold_e,20260806,0.0037595606487538513,complex_traits,1hop,auprc,fusion_vs_V_CST
fold_a,42,0.00107716435463788,complex_traits,1hop,auprc,fusion_vs_concat_CSVH
fold_a,314159,0.00107716435463788,complex_traits,1hop,auprc,fusion_vs_concat_CSVH
fold_a,20260806,0.00107716435463788,complex_traits,1hop,auprc,fusion_vs_concat_CSVH
fold_b,42,-0.001323878623496491,complex_traits,1hop,auprc,fusion_vs_concat_CSVH
fold_b,314159,-0.001323878623496491,complex_traits,1hop,auprc,fusion_vs_concat_CSVH
fold_b,20260806,-0.001323878623496491,complex_traits,1hop,auprc,fusion_vs_concat_CSVH
fold_c,42,-3.358901663046143e-05,complex_traits,1hop,auprc,fusion_vs_concat_CSVH
fold_c,314159,-3.358901663046143e-05,complex_traits,1hop,auprc,fusion_vs_concat_CSVH
fold_c,20260806,-3.358901663046143e-05,complex_traits,1hop,auprc,fusion_vs_concat_CSVH
fold_d,42,-0.004472139018470045,complex_traits,1hop,auprc,fusion_vs_concat_CSVH
fold_d,314159,-0.004472139018470045,complex_traits,1hop,auprc,fusion_vs_concat_CSVH
fold_d,20260806,-0.004472139018470045,complex_traits,1hop,auprc,fusion_vs_concat_CSVH
fold_e,42,0.0014214998951555535,complex_traits,1hop,auprc,fusion_vs_concat_CSVH
fold_e,314159,0.0014214998951555535,complex_traits,1hop,auprc,fusion_vs_concat_CSVH
fold_e,20260806,0.0014214998951555535,complex_traits,1hop,auprc,fusion_vs_concat_CSVH
fold_a,42,-0.00449120532378422,complex_traits,1hop,auprc,fusion_vs_V_CSH
fold_a,314159,-0.00449120532378422,complex_traits,1hop,auprc,fusion_vs_V_CSH
fold_a,20260806,-0.00449120532378422,complex_traits,1hop,auprc,fusion_vs_V_CSH
fold_b,42,0.022131895598041254,complex_traits,1hop,auprc,fusion_vs_V_CSH
fold_b,314159,0.022131895598041254,complex_traits,1hop,auprc,fusion_vs_V_CSH
fold_b,20260806,0.022131895598041254,complex_traits,1hop,auprc,fusion_vs_V_CSH
fold_c,42,0.005789844232325356,complex_traits,1hop,auprc,fusion_vs_V_CSH
fold_c,314159,0.005789844232325356,complex_traits,1hop,auprc,fusion_vs_V_CSH
fold_c,20260806,0.005789844232325356,complex_traits,1hop,auprc,fusion_vs_V_CSH
fold_d,42,0.01369942433840042,complex_traits,1hop,auprc,fusion_vs_V_CSH
fold_d,314159,0.01369942433840042,complex_traits,1hop,auprc,fusion_vs_V_CSH
fold_d,20260806,0.01369942433840042,complex_traits,1hop,auprc,fusion_vs_V_CSH
fold_e,42,0.0026405028944450626,complex_traits,1hop,auprc,fusion_vs_V_CSH
fold_e,314159,0.0026405028944450626,complex_traits,1hop,auprc,fusion_vs_V_CSH
fold_e,20260806,0.0026405028944450626,complex_traits,1hop,auprc,fusion_vs_V_CSH
fold_a,42,-0.0013092379867786774,complex_traits,1hop,auprc,fusion_vs_concat_CSVHT
fold_a,314159,0.0044453728024746175,complex_traits,1hop,auprc,fusion_vs_concat_CSVHT
fold_a,20260806,-0.001988279666556278,complex_traits,1hop,auprc,fusion_vs_concat_CSVHT
fold_b,42,-0.0060319978506479105,complex_traits,1hop,auprc,fusion_vs_concat_CSVHT
fold_b,314159,-0.0004575736759292043,complex_traits,1hop,auprc,fusion_vs_concat_CSVHT
fold_b,20260806,-0.0021398862630169074,complex_traits,1hop,auprc,fusion_vs_concat_CSVHT
fold_c,42,0.0017464853393234364,complex_traits,1hop,auprc,fusion_vs_concat_CSVHT
fold_c,314159,-0.0015347416091230914,complex_traits,1hop,auprc,fusion_vs_concat_CSVHT
fold_c,20260806,-0.002092370264880572,complex_traits,1hop,auprc,fusion_vs_concat_CSVHT
fold_d,42,-0.005468120734648058,complex_traits,1hop,auprc,fusion_vs_concat_CSVHT
fold_d,314159,-0.00576730712242253,complex_traits,1hop,auprc,fusion_vs_concat_CSVHT
fold_d,20260806,-0.010934532335493241,complex_traits,1hop,auprc,fusion_vs_concat_CSVHT
fold_e,42,-0.009893723921586231,complex_traits,1hop,auprc,fusion_vs_concat_CSVHT
fold_e,314159,-0.007869186155047544,complex_traits,1hop,auprc,fusion_vs_concat_CSVHT
fold_e,20260806,-0.010347473470873045,complex_traits,1hop,auprc,fusion_vs_concat_CSVHT
fold_a,42,0.0012560523796026901,complex_traits,1hop,auprc,fusion_vs_V_CSHT
fold_a,314159,0.0007137002342858245,complex_traits,1hop,auprc,fusion_vs_V_CSHT
fold_a,20260806,-0.009969123958358694,complex_traits,1hop,auprc,fusion_vs_V_CSHT
fold_b,42,0.017707313549107012,complex_traits,1hop,auprc,fusion_vs_V_CSHT
fold_b,314159,0.022225754511502355,complex_traits,1hop,auprc,fusion_vs_V_CSHT
fold_b,20260806,0.02018181687482906,complex_traits,1hop,auprc,fusion_vs_V_CSHT
fold_c,42,0.004007395142059597,complex_traits,1hop,auprc,fusion_vs_V_CSHT
fold_c,314159,0.0014614430763625202,complex_traits,1hop,auprc,fusion_vs_V_CSHT
fold_c,20260806,0.011429873332395063,complex_traits,1hop,auprc,fusion_vs_V_CSHT
fold_d,42,0.018657862935724773,complex_traits,1hop,auprc,fusion_vs_V_CSHT
fold_d,314159,0.016935890356405345,complex_traits,1hop,auprc,fusion_vs_V_CSHT
fold_d,20260806,0.0,complex_traits,1hop,auprc,fusion_vs_V_CSHT
fold_e,42,-0.004351407302982682,complex_traits,1hop,auprc,fusion_vs_V_CSHT
fold_e,314159,-0.007289670423486688,complex_traits,1hop,auprc,fusion_vs_V_CSHT
fold_e,20260806,-0.007219571556729906,complex_traits,1hop,auprc,fusion_vs_V_CSHT
fold_a,42,0.0,complex_traits,1hop,chromosome_weighted_auprc,linear_vs_fixed_V
fold_a,314159,0.0,complex_traits,1hop,chromosome_weighted_auprc,linear_vs_fixed_V
fold_a,20260806,0.0,complex_traits,1hop,chromosome_weighted_auprc,linear_vs_fixed_V
fold_b,42,3.3309208890816566e-05,complex_traits,1hop,chromosome_weighted_auprc,linear_vs_fixed_V
fold_b,314159,3.3309208890816566e-05,complex_traits,1hop,chromosome_weighted_auprc,linear_vs_fixed_V
fold_b,20260806,3.3309208890816566e-05,complex_traits,1hop,chromosome_weighted_auprc,linear_vs_fixed_V
fold_c,42,0.00023449411186092506,complex_traits,1hop,chromosome_weighted_auprc,linear_vs_fixed_V
fold_c,314159,0.00023449411186092506,complex_traits,1hop,chromosome_weighted_auprc,linear_vs_fixed_V
fold_c,20260806,0.00023449411186092506,complex_traits,1hop,chromosome_weighted_auprc,linear_vs_fixed_V
fold_d,42,0.0001206059137894705,complex_traits,1hop,chromosome_weighted_auprc,linear_vs_fixed_V
fold_d,314159,0.0001206059137894705,complex_traits,1hop,chromosome_weighted_auprc,linear_vs_fixed_V
fold_d,20260806,0.0001206059137894705,complex_traits,1hop,chromosome_weighted_auprc,linear_vs_fixed_V
fold_e,42,0.00048305856921015966,complex_traits,1hop,chromosome_weighted_auprc,linear_vs_fixed_V
fold_e,314159,0.00048305856921015966,complex_traits,1hop,chromosome_weighted_auprc,linear_vs_fixed_V
fold_e,20260806,0.00048305856921015966,complex_traits,1hop,chromosome_weighted_auprc,linear_vs_fixed_V
fold_a,42,-0.006780362962368142,complex_traits,1hop,chromosome_weighted_auprc,histgb_vs_fixed_V
fold_a,314159,-0.006780362962368142,complex_traits,1hop,chromosome_weighted_auprc,histgb_vs_fixed_V
fold_a,20260806,-0.006780362962368142,complex_traits,1hop,chromosome_weighted_auprc,histgb_vs_fixed_V
fold_b,42,0.00952363255156781,complex_traits,1hop,chromosome_weighted_auprc,histgb_vs_fixed_V
fold_b,314159,0.00952363255156781,complex_traits,1hop,chromosome_weighted_auprc,histgb_vs_fixed_V
fold_b,20260806,0.00952363255156781,complex_traits,1hop,chromosome_weighted_auprc,histgb_vs_fixed_V
fold_c,42,-0.0062212360579473325,complex_traits,1hop,chromosome_weighted_auprc,histgb_vs_fixed_V
fold_c,314159,-0.0062212360579473325,complex_traits,1hop,chromosome_weighted_auprc,histgb_vs_fixed_V
fold_c,20260806,-0.0062212360579473325,complex_traits,1hop,chromosome_weighted_auprc,histgb_vs_fixed_V
fold_d,42,0.012808093373461435,complex_traits,1hop,chromosome_weighted_auprc,histgb_vs_fixed_V
fold_d,314159,0.012808093373461435,complex_traits,1hop,chromosome_weighted_auprc,histgb_vs_fixed_V
fold_d,20260806,0.012808093373461435,complex_traits,1hop,chromosome_weighted_auprc,histgb_vs_fixed_V
fold_e,42,-0.022459831100325997,complex_traits,1hop,chromosome_weighted_auprc,histgb_vs_fixed_V
fold_e,314159,-0.022459831100325997,complex_traits,1hop,chromosome_weighted_auprc,histgb_vs_fixed_V
fold_e,20260806,-0.022459831100325997,complex_traits,1hop,chromosome_weighted_auprc,histgb_vs_fixed_V
fold_a,42,0.0034054030655767398,complex_traits,1hop,chromosome_weighted_auprc,linear_vs_fixed_CS
fold_a,314159,0.0034054030655767398,complex_traits,1hop,chromosome_weighted_auprc,linear_vs_fixed_CS
fold_a,20260806,0.0034054030655767398,complex_traits,1hop,chromosome_weighted_auprc,linear_vs_fixed_CS
fold_b,42,0.0,complex_traits,1hop,chromosome_weighted_auprc,linear_vs_fixed_CS
fold_b,314159,0.0,complex_traits,1hop,chromosome_weighted_auprc,linear_vs_fixed_CS
fold_b,20260806,0.0,complex_traits,1hop,chromosome_weighted_auprc,linear_vs_fixed_CS
fold_c,42,-0.008246081976047454,complex_traits,1hop,chromosome_weighted_auprc,linear_vs_fixed_CS
fold_c,314159,-0.008246081976047454,complex_traits,1hop,chromosome_weighted_auprc,linear_vs_fixed_CS
fold_c,20260806,-0.008246081976047454,complex_traits,1hop,chromosome_weighted_auprc,linear_vs_fixed_CS
fold_d,42,0.008267788165753853,complex_traits,1hop,chromosome_weighted_auprc,linear_vs_fixed_CS
fold_d,314159,0.008267788165753853,complex_traits,1hop,chromosome_weighted_auprc,linear_vs_fixed_CS
fold_d,20260806,0.008267788165753853,complex_traits,1hop,chromosome_weighted_auprc,linear_vs_fixed_CS
fold_e,42,-0.020591913019575525,complex_traits,1hop,chromosome_weighted_auprc,linear_vs_fixed_CS
fold_e,314159,-0.020591913019575525,complex_traits,1hop,chromosome_weighted_auprc,linear_vs_fixed_CS
fold_e,20260806,-0.020591913019575525,complex_traits,1hop,chromosome_weighted_auprc,linear_vs_fixed_CS
fold_a,42,-0.0017123710145460908,complex_traits,1hop,chromosome_weighted_auprc,histgb_vs_fixed_CS
fold_a,314159,-0.0017123710145460908,complex_traits,1hop,chromosome_weighted_auprc,histgb_vs_fixed_CS
fold_a,20260806,-0.0017123710145460908,complex_traits,1hop,chromosome_weighted_auprc,histgb_vs_fixed_CS
fold_b,42,-0.014934014690624636,complex_traits,1hop,chromosome_weighted_auprc,histgb_vs_fixed_CS
fold_b,314159,-0.014934014690624636,complex_traits,1hop,chromosome_weighted_auprc,histgb_vs_fixed_CS
fold_b,20260806,-0.014934014690624636,complex_traits,1hop,chromosome_weighted_auprc,histgb_vs_fixed_CS
fold_c,42,-0.02818837038888715,complex_traits,1hop,chromosome_weighted_auprc,histgb_vs_fixed_CS
fold_c,314159,-0.02818837038888715,complex_traits,1hop,chromosome_weighted_auprc,histgb_vs_fixed_CS
fold_c,20260806,-0.02818837038888715,complex_traits,1hop,chromosome_weighted_auprc,histgb_vs_fixed_CS
fold_d,42,0.0022917499190462653,complex_traits,1hop,chromosome_weighted_auprc,histgb_vs_fixed_CS
fold_d,314159,0.0022917499190462653,complex_traits,1hop,chromosome_weighted_auprc,histgb_vs_fixed_CS
fold_d,20260806,0.0022917499190462653,complex_traits,1hop,chromosome_weighted_auprc,histgb_vs_fixed_CS
fold_e,42,-0.011951473688437464,complex_traits,1hop,chromosome_weighted_auprc,histgb_vs_fixed_CS
fold_e,314159,-0.011951473688437464,complex_traits,1hop,chromosome_weighted_auprc,histgb_vs_fixed_CS
fold_e,20260806,-0.011951473688437464,complex_traits,1hop,chromosome_weighted_auprc,histgb_vs_fixed_CS
fold_a,42,0.0012499704532313305,complex_traits,1hop,chromosome_weighted_auprc,linear_vs_fixed_CSV
fold_a,314159,0.0012499704532313305,complex_traits,1hop,chromosome_weighted_auprc,linear_vs_fixed_CSV
fold_a,20260806,0.0012499704532313305,complex_traits,1hop,chromosome_weighted_auprc,linear_vs_fixed_CSV
fold_b,42,-0.006616827159661831,complex_traits,1hop,chromosome_weighted_auprc,linear_vs_fixed_CSV
fold_b,314159,-0.006616827159661831,complex_traits,1hop,chromosome_weighted_auprc,linear_vs_fixed_CSV
fold_b,20260806,-0.006616827159661831,complex_traits,1hop,chromosome_weighted_auprc,linear_vs_fixed_CSV
fold_c,42,-0.013296680764360955,complex_traits,1hop,chromosome_weighted_auprc,linear_vs_fixed_CSV
fold_c,314159,-0.013296680764360955,complex_traits,1hop,chromosome_weighted_auprc,linear_vs_fixed_CSV
fold_c,20260806,-0.013296680764360955,complex_traits,1hop,chromosome_weighted_auprc,linear_vs_fixed_CSV
fold_d,42,0.010133017467322744,complex_traits,1hop,chromosome_weighted_auprc,linear_vs_fixed_CSV
fold_d,314159,0.010133017467322744,complex_traits,1hop,chromosome_weighted_auprc,linear_vs_fixed_CSV
fold_d,20260806,0.010133017467322744,complex_traits,1hop,chromosome_weighted_auprc,linear_vs_fixed_CSV
fold_e,42,-0.0004900743597923696,complex_traits,1hop,chromosome_weighted_auprc,linear_vs_fixed_CSV
fold_e,314159,-0.0004900743597923696,complex_traits,1hop,chromosome_weighted_auprc,linear_vs_fixed_CSV
fold_e,20260806,-0.0004900743597923696,complex_traits,1hop,chromosome_weighted_auprc,linear_vs_fixed_CSV
fold_a,42,0.0002110888743732109,complex_traits,1hop,chromosome_weighted_auprc,histgb_vs_fixed_CSV
fold_a,314159,0.0002110888743732109,complex_traits,1hop,chromosome_weighted_auprc,histgb_vs_fixed_CSV
fold_a,20260806,0.0002110888743732109,complex_traits,1hop,chromosome_weighted_auprc,histgb_vs_fixed_CSV
fold_b,42,-0.008908846856816866,complex_traits,1hop,chromosome_weighted_auprc,histgb_vs_fixed_CSV
fold_b,314159,-0.008908846856816866,complex_traits,1hop,chromosome_weighted_auprc,histgb_vs_fixed_CSV
fold_b,20260806,-0.008908846856816866,complex_traits,1hop,chromosome_weighted_auprc,histgb_vs_fixed_CSV
fold_c,42,-0.031530463353222224,complex_traits,1hop,chromosome_weighted_auprc,histgb_vs_fixed_CSV
fold_c,314159,-0.031530463353222224,complex_traits,1hop,chromosome_weighted_auprc,histgb_vs_fixed_CSV
fold_c,20260806,-0.031530463353222224,complex_traits,1hop,chromosome_weighted_auprc,histgb_vs_fixed_CSV
fold_d,42,0.005218424751603404,complex_traits,1hop,chromosome_weighted_auprc,histgb_vs_fixed_CSV
fold_d,314159,0.005218424751603404,complex_traits,1hop,chromosome_weighted_auprc,histgb_vs_fixed_CSV
fold_d,20260806,0.005218424751603404,complex_traits,1hop,chromosome_weighted_auprc,histgb_vs_fixed_CSV
fold_e,42,0.004955145958609658,complex_traits,1hop,chromosome_weighted_auprc,histgb_vs_fixed_CSV
fold_e,314159,0.004955145958609658,complex_traits,1hop,chromosome_weighted_auprc,histgb_vs_fixed_CSV
fold_e,20260806,0.004955145958609658,complex_traits,1hop,chromosome_weighted_auprc,histgb_vs_fixed_CSV
fold_a,42,0.0027404231987262773,complex_traits,1hop,chromosome_weighted_auprc,linear_vs_fixed_CSVT
fold_a,314159,0.003014309662637979,complex_traits,1hop,chromosome_weighted_auprc,linear_vs_fixed_CSVT
fold_a,20260806,0.003997602711253712,complex_traits,1hop,chromosome_weighted_auprc,linear_vs_fixed_CSVT
fold_b,42,0.003140140874139302,complex_traits,1hop,chromosome_weighted_auprc,linear_vs_fixed_CSVT
fold_b,314159,0.0,complex_traits,1hop,chromosome_weighted_auprc,linear_vs_fixed_CSVT
fold_b,20260806,-0.003976677412670576,complex_traits,1hop,chromosome_weighted_auprc,linear_vs_fixed_CSVT
fold_c,42,0.009688390119900081,complex_traits,1hop,chromosome_weighted_auprc,linear_vs_fixed_CSVT
fold_c,314159,0.0011977380512073615,complex_traits,1hop,chromosome_weighted_auprc,linear_vs_fixed_CSVT
fold_c,20260806,-0.003870393487627216,complex_traits,1hop,chromosome_weighted_auprc,linear_vs_fixed_CSVT
fold_d,42,0.012433239267632623,complex_traits,1hop,chromosome_weighted_auprc,linear_vs_fixed_CSVT
fold_d,314159,0.009545421365341061,complex_traits,1hop,chromosome_weighted_auprc,linear_vs_fixed_CSVT
fold_d,20260806,0.00046326355423376153,complex_traits,1hop,chromosome_weighted_auprc,linear_vs_fixed_CSVT
fold_e,42,0.00026480067312731337,complex_traits,1hop,chromosome_weighted_auprc,linear_vs_fixed_CSVT
fold_e,314159,-0.004146023239785496,complex_traits,1hop,chromosome_weighted_auprc,linear_vs_fixed_CSVT
fold_e,20260806,-0.009088381669309475,complex_traits,1hop,chromosome_weighted_auprc,linear_vs_fixed_CSVT
fold_a,42,0.00012537523440966925,complex_traits,1hop,chromosome_weighted_auprc,histgb_vs_fixed_CSVT
fold_a,314159,0.0029572248969370885,complex_traits,1hop,chromosome_weighted_auprc,histgb_vs_fixed_CSVT
fold_a,20260806,0.005942013171938376,complex_traits,1hop,chromosome_weighted_auprc,histgb_vs_fixed_CSVT
fold_b,42,-0.011133395089484383,complex_traits,1hop,chromosome_weighted_auprc,histgb_vs_fixed_CSVT
fold_b,314159,-0.006377213557613698,complex_traits,1hop,chromosome_weighted_auprc,histgb_vs_fixed_CSVT
fold_b,20260806,-0.009883209419707356,complex_traits,1hop,chromosome_weighted_auprc,histgb_vs_fixed_CSVT
fold_c,42,-0.01853437807165946,complex_traits,1hop,chromosome_weighted_auprc,histgb_vs_fixed_CSVT
fold_c,314159,-0.015230506726061854,complex_traits,1hop,chromosome_weighted_auprc,histgb_vs_fixed_CSVT
fold_c,20260806,-0.028281243681437168,complex_traits,1hop,chromosome_weighted_auprc,histgb_vs_fixed_CSVT
fold_d,42,-0.00648446948709068,complex_traits,1hop,chromosome_weighted_auprc,histgb_vs_fixed_CSVT
fold_d,314159,0.009864602595049926,complex_traits,1hop,chromosome_weighted_auprc,histgb_vs_fixed_CSVT
fold_d,20260806,0.016350313364232108,complex_traits,1hop,chromosome_weighted_auprc,histgb_vs_fixed_CSVT
fold_e,42,-0.007871349301908082,complex_traits,1hop,chromosome_weighted_auprc,histgb_vs_fixed_CSVT
fold_e,314159,-0.006636635337861879,complex_traits,1hop,chromosome_weighted_auprc,histgb_vs_fixed_CSVT
fold_e,20260806,-0.006311797672575559,complex_traits,1hop,chromosome_weighted_auprc,histgb_vs_fixed_CSVT
fold_a,42,0.0001381768893391755,complex_traits,1hop,chromosome_weighted_auprc,linear_vs_fixed_CSVH
fold_a,314159,0.0001381768893391755,complex_traits,1hop,chromosome_weighted_auprc,linear_vs_fixed_CSVH
fold_a,20260806,0.0001381768893391755,complex_traits,1hop,chromosome_weighted_auprc,linear_vs_fixed_CSVH
fold_b,42,-0.003617624908573064,complex_traits,1hop,chromosome_weighted_auprc,linear_vs_fixed_CSVH
fold_b,314159,-0.003617624908573064,complex_traits,1hop,chromosome_weighted_auprc,linear_vs_fixed_CSVH
fold_b,20260806,-0.003617624908573064,complex_traits,1hop,chromosome_weighted_auprc,linear_vs_fixed_CSVH
fold_c,42,-0.011395804097419804,complex_traits,1hop,chromosome_weighted_auprc,linear_vs_fixed_CSVH
fold_c,314159,-0.011395804097419804,complex_traits,1hop,chromosome_weighted_auprc,linear_vs_fixed_CSVH
fold_c,20260806,-0.011395804097419804,complex_traits,1hop,chromosome_weighted_auprc,linear_vs_fixed_CSVH
fold_d,42,0.010514088292222945,complex_traits,1hop,chromosome_weighted_auprc,linear_vs_fixed_CSVH
fold_d,314159,0.010514088292222945,complex_traits,1hop,chromosome_weighted_auprc,linear_vs_fixed_CSVH
fold_d,20260806,0.010514088292222945,complex_traits,1hop,chromosome_weighted_auprc,linear_vs_fixed_CSVH
fold_e,42,-0.007992177356661578,complex_traits,1hop,chromosome_weighted_auprc,linear_vs_fixed_CSVH
fold_e,314159,-0.007992177356661578,complex_traits,1hop,chromosome_weighted_auprc,linear_vs_fixed_CSVH
fold_e,20260806,-0.007992177356661578,complex_traits,1hop,chromosome_weighted_auprc,linear_vs_fixed_CSVH
fold_a,42,0.0016823539378825053,complex_traits,1hop,chromosome_weighted_auprc,histgb_vs_fixed_CSVH
fold_a,314159,0.0016823539378825053,complex_traits,1hop,chromosome_weighted_auprc,histgb_vs_fixed_CSVH
fold_a,20260806,0.0016823539378825053,complex_traits,1hop,chromosome_weighted_auprc,histgb_vs_fixed_CSVH
fold_b,42,-0.012810391301306512,complex_traits,1hop,chromosome_weighted_auprc,histgb_vs_fixed_CSVH
fold_b,314159,-0.012810391301306512,complex_traits,1hop,chromosome_weighted_auprc,histgb_vs_fixed_CSVH
fold_b,20260806,-0.012810391301306512,complex_traits,1hop,chromosome_weighted_auprc,histgb_vs_fixed_CSVH
fold_c,42,-0.027331745483008804,complex_traits,1hop,chromosome_weighted_auprc,histgb_vs_fixed_CSVH
fold_c,314159,-0.027331745483008804,complex_traits,1hop,chromosome_weighted_auprc,histgb_vs_fixed_CSVH
fold_c,20260806,-0.027331745483008804,complex_traits,1hop,chromosome_weighted_auprc,histgb_vs_fixed_CSVH
fold_d,42,0.005036303473994447,complex_traits,1hop,chromosome_weighted_auprc,histgb_vs_fixed_CSVH
fold_d,314159,0.005036303473994447,complex_traits,1hop,chromosome_weighted_auprc,histgb_vs_fixed_CSVH
fold_d,20260806,0.005036303473994447,complex_traits,1hop,chromosome_weighted_auprc,histgb_vs_fixed_CSVH
fold_e,42,0.006662529718114013,complex_traits,1hop,chromosome_weighted_auprc,histgb_vs_fixed_CSVH
fold_e,314159,0.006662529718114013,complex_traits,1hop,chromosome_weighted_auprc,histgb_vs_fixed_CSVH
fold_e,20260806,0.006662529718114013,complex_traits,1hop,chromosome_weighted_auprc,histgb_vs_fixed_CSVH
fold_a,42,0.005046990263803994,complex_traits,1hop,chromosome_weighted_auprc,linear_vs_fixed_CSVHT
fold_a,314159,-0.000950520200248689,complex_traits,1hop,chromosome_weighted_auprc,linear_vs_fixed_CSVHT
fold_a,20260806,-0.004283402793549676,complex_traits,1hop,chromosome_weighted_auprc,linear_vs_fixed_CSVHT
fold_b,42,0.0036262063372318742,complex_traits,1hop,chromosome_weighted_auprc,linear_vs_fixed_CSVHT
fold_b,314159,0.005679184400388115,complex_traits,1hop,chromosome_weighted_auprc,linear_vs_fixed_CSVHT
fold_b,20260806,-0.00221454742925814,complex_traits,1hop,chromosome_weighted_auprc,linear_vs_fixed_CSVHT
fold_c,42,0.004957886905879602,complex_traits,1hop,chromosome_weighted_auprc,linear_vs_fixed_CSVHT
fold_c,314159,-0.00026540810147304694,complex_traits,1hop,chromosome_weighted_auprc,linear_vs_fixed_CSVHT
fold_c,20260806,0.0004450965411111618,complex_traits,1hop,chromosome_weighted_auprc,linear_vs_fixed_CSVHT
fold_d,42,0.014126749746587258,complex_traits,1hop,chromosome_weighted_auprc,linear_vs_fixed_CSVHT
fold_d,314159,0.01116753733515713,complex_traits,1hop,chromosome_weighted_auprc,linear_vs_fixed_CSVHT
fold_d,20260806,0.00014127683561766802,complex_traits,1hop,chromosome_weighted_auprc,linear_vs_fixed_CSVHT
fold_e,42,0.006709992263480957,complex_traits,1hop,chromosome_weighted_auprc,linear_vs_fixed_CSVHT
fold_e,314159,-0.0018099759297442453,complex_traits,1hop,chromosome_weighted_auprc,linear_vs_fixed_CSVHT
fold_e,20260806,-0.005437022850763529,complex_traits,1hop,chromosome_weighted_auprc,linear_vs_fixed_CSVHT
fold_a,42,-0.001980274581008329,complex_traits,1hop,chromosome_weighted_auprc,histgb_vs_fixed_CSVHT
fold_a,314159,0.002499857938304456,complex_traits,1hop,chromosome_weighted_auprc,histgb_vs_fixed_CSVHT
fold_a,20260806,0.003831460055339894,complex_traits,1hop,chromosome_weighted_auprc,histgb_vs_fixed_CSVHT
fold_b,42,-0.006237100910171989,complex_traits,1hop,chromosome_weighted_auprc,histgb_vs_fixed_CSVHT
fold_b,314159,-0.0035406932180830214,complex_traits,1hop,chromosome_weighted_auprc,histgb_vs_fixed_CSVHT
fold_b,20260806,-0.0075504527399725685,complex_traits,1hop,chromosome_weighted_auprc,histgb_vs_fixed_CSVHT
fold_c,42,-0.018870871527114086,complex_traits,1hop,chromosome_weighted_auprc,histgb_vs_fixed_CSVHT
fold_c,314159,-0.01614355743311835,complex_traits,1hop,chromosome_weighted_auprc,histgb_vs_fixed_CSVHT
fold_c,20260806,-0.026009249270210033,complex_traits,1hop,chromosome_weighted_auprc,histgb_vs_fixed_CSVHT
fold_d,42,-0.0048785135985805195,complex_traits,1hop,chromosome_weighted_auprc,histgb_vs_fixed_CSVHT
fold_d,314159,-0.0018806105720737265,complex_traits,1hop,chromosome_weighted_auprc,histgb_vs_fixed_CSVHT
fold_d,20260806,0.02944651684989273,complex_traits,1hop,chromosome_weighted_auprc,histgb_vs_fixed_CSVHT
fold_e,42,0.006468529498863007,complex_traits,1hop,chromosome_weighted_auprc,histgb_vs_fixed_CSVHT
fold_e,314159,-0.004990628901915317,complex_traits,1hop,chromosome_weighted_auprc,histgb_vs_fixed_CSVHT
fold_e,20260806,0.011730529285626817,complex_traits,1hop,chromosome_weighted_auprc,histgb_vs_fixed_CSVHT
fold_a,42,0.0036248299767387138,complex_traits,1hop,chromosome_weighted_auprc,T_given_CSV_linear
fold_a,314159,0.0034102743200141034,complex_traits,1hop,chromosome_weighted_auprc,T_given_CSV_linear
fold_a,20260806,0.0017349238778555515,complex_traits,1hop,chromosome_weighted_auprc,T_given_CSV_linear
fold_b,42,0.0004269505126376638,complex_traits,1hop,chromosome_weighted_auprc,T_given_CSV_linear
fold_b,314159,-0.0016698863150215737,complex_traits,1hop,chromosome_weighted_auprc,T_given_CSV_linear
fold_b,20260806,0.0023685911961942308,complex_traits,1hop,chromosome_weighted_auprc,T_given_CSV_linear
fold_c,42,0.0076525881909877275,complex_traits,1hop,chromosome_weighted_auprc,T_given_CSV_linear
fold_c,314159,-0.0016815411943934405,complex_traits,1hop,chromosome_weighted_auprc,T_given_CSV_linear
fold_c,20260806,0.007434064222673523,complex_traits,1hop,chromosome_weighted_auprc,T_given_CSV_linear
fold_d,42,0.007239382902836156,complex_traits,1hop,chromosome_weighted_auprc,T_given_CSV_linear
fold_d,314159,0.005829579502211996,complex_traits,1hop,chromosome_weighted_auprc,T_given_CSV_linear
fold_d,20260806,-0.011462961113745715,complex_traits,1hop,chromosome_weighted_auprc,T_given_CSV_linear
fold_e,42,-0.0038229822781692124,complex_traits,1hop,chromosome_weighted_auprc,T_given_CSV_linear
fold_e,314159,-0.008077013789942494,complex_traits,1hop,chromosome_weighted_auprc,T_given_CSV_linear
fold_e,20260806,-0.007580889602880364,complex_traits,1hop,chromosome_weighted_auprc,T_given_CSV_linear
fold_a,42,0.008021260372144873,complex_traits,1hop,chromosome_weighted_auprc,T_given_CSVH_linear
fold_a,314159,0.0014232053234914804,complex_traits,1hop,chromosome_weighted_auprc,T_given_CSVH_linear
fold_a,20260806,-0.00199752162614536,complex_traits,1hop,chromosome_weighted_auprc,T_given_CSVH_linear
fold_b,42,-0.00045539142120856746,complex_traits,1hop,chromosome_weighted_auprc,T_given_CSVH_linear
fold_b,314159,-0.0004329755400694635,complex_traits,1hop,chromosome_weighted_auprc,T_given_CSVH_linear
fold_b,20260806,-0.0012737257854125161,complex_traits,1hop,chromosome_weighted_auprc,T_given_CSVH_linear
fold_c,42,0.0025473473294242294,complex_traits,1hop,chromosome_weighted_auprc,T_given_CSVH_linear
fold_c,314159,-0.002033765682025887,complex_traits,1hop,chromosome_weighted_auprc,T_given_CSVH_linear
fold_c,20260806,0.010305294085355715,complex_traits,1hop,chromosome_weighted_auprc,T_given_CSVH_linear
fold_d,42,0.005986329287511166,complex_traits,1hop,chromosome_weighted_auprc,T_given_CSVH_linear
fold_d,314159,0.004940982419509826,complex_traits,1hop,chromosome_weighted_auprc,T_given_CSVH_linear
fold_d,20260806,-0.014380762376004969,complex_traits,1hop,chromosome_weighted_auprc,T_given_CSVH_linear
fold_e,42,0.009682278848568981,complex_traits,1hop,chromosome_weighted_auprc,T_given_CSVH_linear
fold_e,314159,0.0038464370757647637,complex_traits,1hop,chromosome_weighted_auprc,T_given_CSVH_linear
fold_e,20260806,0.004755338984129498,complex_traits,1hop,chromosome_weighted_auprc,T_given_CSVH_linear
fold_a,42,0.0020486635912802253,complex_traits,1hop,chromosome_weighted_auprc,T_given_CSV_histgb
fold_a,314159,0.0043920711331713325,complex_traits,1hop,chromosome_weighted_auprc,T_given_CSV_histgb
fold_a,20260806,0.004718215917398336,complex_traits,1hop,chromosome_weighted_auprc,T_given_CSV_histgb
fold_b,42,-0.011554565753830986,complex_traits,1hop,chromosome_weighted_auprc,T_given_CSV_histgb
fold_b,314159,-0.005755080175480237,complex_traits,1hop,chromosome_weighted_auprc,T_given_CSV_histgb
fold_b,20260806,-0.0012459211136875148,complex_traits,1hop,chromosome_weighted_auprc,T_given_CSV_histgb
fold_c,42,-0.0023363974117105446,complex_traits,1hop,chromosome_weighted_auprc,T_given_CSV_histgb
fold_c,314159,0.00012399661719861288,complex_traits,1hop,chromosome_weighted_auprc,T_given_CSV_histgb
fold_c,20260806,0.0012569966177248398,complex_traits,1hop,chromosome_weighted_auprc,T_given_CSV_histgb
fold_d,42,-0.006763733136167807,complex_traits,1hop,chromosome_weighted_auprc,T_given_CSV_histgb
fold_d,314159,0.0110633534476402,complex_traits,1hop,chromosome_weighted_auprc,T_given_CSV_histgb
fold_d,20260806,0.009338681411971972,complex_traits,1hop,chromosome_weighted_auprc,T_given_CSV_histgb
fold_e,42,-0.017404352571606635,complex_traits,1hop,chromosome_weighted_auprc,T_given_CSV_histgb
fold_e,314159,-0.016012846206420905,complex_traits,1hop,chromosome_weighted_auprc,T_given_CSV_histgb
fold_e,20260806,-0.010249525924548475,complex_traits,1hop,chromosome_weighted_auprc,T_given_CSV_histgb
fold_a,42,-0.0005501815212107797,complex_traits,1hop,chromosome_weighted_auprc,T_given_CSVH_histgb
fold_a,314159,0.0033294064135012957,complex_traits,1hop,chromosome_weighted_auprc,T_given_CSVH_histgb
fold_a,20260806,0.0045731641742008805,complex_traits,1hop,chromosome_weighted_auprc,T_given_CSVH_histgb
fold_b,42,-0.0011259322758789825,complex_traits,1hop,chromosome_weighted_auprc,T_given_CSVH_histgb
fold_b,314159,-0.00046008676580715224,complex_traits,1hop,chromosome_weighted_auprc,T_given_CSVH_histgb
fold_b,20260806,0.0025831352966065035,complex_traits,1hop,chromosome_weighted_auprc,T_given_CSVH_histgb
fold_c,42,-0.005345469717980458,complex_traits,1hop,chromosome_weighted_auprc,T_given_CSVH_histgb
fold_c,314159,-0.0019759736280821893,complex_traits,1hop,chromosome_weighted_auprc,T_given_CSVH_histgb
fold_c,20260806,-0.00021311034037647947,complex_traits,1hop,chromosome_weighted_auprc,T_given_CSVH_histgb
fold_d,42,-0.007541149239428113,complex_traits,1hop,chromosome_weighted_auprc,T_given_CSVH_histgb
fold_d,314159,-0.0026293806694925315,complex_traits,1hop,chromosome_weighted_auprc,T_given_CSVH_histgb
fold_d,20260806,0.020402262456498593,complex_traits,1hop,chromosome_weighted_auprc,T_given_CSVH_histgb
fold_e,42,-0.00521389099082456,complex_traits,1hop,chromosome_weighted_auprc,T_given_CSVH_histgb
fold_e,314159,-0.0139889229711819,complex_traits,1hop,chromosome_weighted_auprc,T_given_CSVH_histgb
fold_e,20260806,0.007268184045744253,complex_traits,1hop,chromosome_weighted_auprc,T_given_CSVH_histgb
fold_a,42,-0.00036021126423606276,complex_traits,1hop,chromosome_weighted_auprc,T_given_CS_linear
fold_a,314159,-0.0014084860407887478,complex_traits,1hop,chromosome_weighted_auprc,T_given_CS_linear
fold_a,20260806,-0.0069519769022411,complex_traits,1hop,chromosome_weighted_auprc,T_given_CS_linear
fold_b,42,-0.008973686896712796,complex_traits,1hop,chromosome_weighted_auprc,T_given_CS_linear
fold_b,314159,-0.009549785509783193,complex_traits,1hop,chromosome_weighted_auprc,T_given_CS_linear
fold_b,20260806,-0.0031240243010977053,complex_traits,1hop,chromosome_weighted_auprc,T_given_CS_linear
fold_c,42,0.006768375682007943,complex_traits,1hop,chromosome_weighted_auprc,T_given_CS_linear
fold_c,314159,-0.0075430545751649924,complex_traits,1hop,chromosome_weighted_auprc,T_given_CS_linear
fold_c,20260806,0.002313549357406963,complex_traits,1hop,chromosome_weighted_auprc,T_given_CS_linear
fold_d,42,0.008072343528621129,complex_traits,1hop,chromosome_weighted_auprc,T_given_CS_linear
fold_d,314159,0.005623211039957693,complex_traits,1hop,chromosome_weighted_auprc,T_given_CS_linear
fold_d,20260806,-0.009139402475133618,complex_traits,1hop,chromosome_weighted_auprc,T_given_CS_linear
fold_e,42,0.013495532056371745,complex_traits,1hop,chromosome_weighted_auprc,T_given_CS_linear
fold_e,314159,0.006468258563472745,complex_traits,1hop,chromosome_weighted_auprc,T_given_CS_linear
fold_e,20260806,0.009924354441757155,complex_traits,1hop,chromosome_weighted_auprc,T_given_CS_linear
fold_a,42,-0.00036021126423606276,complex_traits,1hop,chromosome_weighted_auprc,T_given_V_CS_fusion
fold_a,314159,0.00048720698645636495,complex_traits,1hop,chromosome_weighted_auprc,T_given_V_CS_fusion
fold_a,20260806,-0.0069519769022411,complex_traits,1hop,chromosome_weighted_auprc,T_given_V_CS_fusion
fold_b,42,-0.005093041807743837,complex_traits,1hop,chromosome_weighted_auprc,T_given_V_CS_fusion
fold_b,314159,-0.004353067106651759,complex_traits,1hop,chromosome_weighted_auprc,T_given_V_CS_fusion
fold_b,20260806,-0.002440617498878306,complex_traits,1hop,chromosome_weighted_auprc,T_given_V_CS_fusion
fold_c,42,0.0026284209568931682,complex_traits,1hop,chromosome_weighted_auprc,T_given_V_CS_fusion
fold_c,314159,-0.007832884241814969,complex_traits,1hop,chromosome_weighted_auprc,T_given_V_CS_fusion
fold_c,20260806,0.0024648090506954046,complex_traits,1hop,chromosome_weighted_auprc,T_given_V_CS_fusion
fold_d,42,-0.001156338357762493,complex_traits,1hop,chromosome_weighted_auprc,T_given_V_CS_fusion
fold_d,314159,-0.003769452228618436,complex_traits,1hop,chromosome_weighted_auprc,T_given_V_CS_fusion
fold_d,20260806,-0.021800343363420904,complex_traits,1hop,chromosome_weighted_auprc,T_given_V_CS_fusion
fold_e,42,0.010581951061742756,complex_traits,1hop,chromosome_weighted_auprc,T_given_V_CS_fusion
fold_e,314159,0.004299471579565561,complex_traits,1hop,chromosome_weighted_auprc,T_given_V_CS_fusion
fold_e,20260806,0.007033708062693267,complex_traits,1hop,chromosome_weighted_auprc,T_given_V_CS_fusion
fold_a,42,0.009793854878114877,complex_traits,1hop,chromosome_weighted_auprc,T_given_CSH_linear
fold_a,314159,0.002262113241257982,complex_traits,1hop,chromosome_weighted_auprc,T_given_CSH_linear
fold_a,20260806,-0.0006725319523990664,complex_traits,1hop,chromosome_weighted_auprc,T_given_CSH_linear
fold_b,42,-0.000335914183472924,complex_traits,1hop,chromosome_weighted_auprc,T_given_CSH_linear
fold_b,314159,0.000737874232960678,complex_traits,1hop,chromosome_weighted_auprc,T_given_CSH_linear
fold_b,20260806,0.0017677134009746742,complex_traits,1hop,chromosome_weighted_auprc,T_given_CSH_linear
fold_c,42,0.0038462116779020283,complex_traits,1hop,chromosome_weighted_auprc,T_given_CSH_linear
fold_c,314159,-0.0008934610656639863,complex_traits,1hop,chromosome_weighted_auprc,T_given_CSH_linear
fold_c,20260806,0.01522134001742012,complex_traits,1hop,chromosome_weighted_auprc,T_given_CSH_linear
fold_d,42,0.0056613689157622715,complex_traits,1hop,chromosome_weighted_auprc,T_given_CSH_linear
fold_d,314159,0.0037899001990957526,complex_traits,1hop,chromosome_weighted_auprc,T_given_CSH_linear
fold_d,20260806,-0.011934606873288414,complex_traits,1hop,chromosome_weighted_auprc,T_given_CSH_linear
fold_e,42,-0.009116603587392913,complex_traits,1hop,chromosome_weighted_auprc,T_given_CSH_linear
fold_e,314159,-0.01435993960542642,complex_traits,1hop,chromosome_weighted_auprc,T_given_CSH_linear
fold_e,20260806,-0.012990844737401669,complex_traits,1hop,chromosome_weighted_auprc,T_given_CSH_linear
fold_a,42,0.005520433741648678,complex_traits,1hop,chromosome_weighted_auprc,T_given_V_CSH_fusion
fold_a,314159,0.005456483198421402,complex_traits,1hop,chromosome_weighted_auprc,T_given_V_CSH_fusion
fold_a,20260806,-0.004945953088865265,complex_traits,1hop,chromosome_weighted_auprc,T_given_V_CSH_fusion
fold_b,42,-0.00210739118368955,complex_traits,1hop,chromosome_weighted_auprc,T_given_V_CSH_fusion
fold_b,314159,4.585412046304027e-05,complex_traits,1hop,chromosome_weighted_auprc,T_given_V_CSH_fusion
fold_b,20260806,-0.0013554111001867764,complex_traits,1hop,chromosome_weighted_auprc,T_given_V_CSH_fusion
fold_c,42,0.003628891000943865,complex_traits,1hop,chromosome_weighted_auprc,T_given_V_CSH_fusion
fold_c,314159,-0.0035097788240932293,complex_traits,1hop,chromosome_weighted_auprc,T_given_V_CSH_fusion
fold_c,20260806,0.012876528093984804,complex_traits,1hop,chromosome_weighted_auprc,T_given_V_CSH_fusion
fold_d,42,0.006112922278470212,complex_traits,1hop,chromosome_weighted_auprc,T_given_V_CSH_fusion
fold_d,314159,0.0037706504380926598,complex_traits,1hop,chromosome_weighted_auprc,T_given_V_CSH_fusion
fold_d,20260806,-0.015004976072007403,complex_traits,1hop,chromosome_weighted_auprc,T_given_V_CSH_fusion
fold_e,42,-0.008651199674682142,complex_traits,1hop,chromosome_weighted_auprc,T_given_V_CSH_fusion
fold_e,314159,-0.010269589142493235,complex_traits,1hop,chromosome_weighted_auprc,T_given_V_CSH_fusion
fold_e,20260806,-0.012182019043839587,complex_traits,1hop,chromosome_weighted_auprc,T_given_V_CSH_fusion
fold_a,42,0.0014843868916194353,complex_traits,1hop,chromosome_weighted_auprc,fusion_vs_concat_CSV
fold_a,314159,0.0014843868916194353,complex_traits,1hop,chromosome_weighted_auprc,fusion_vs_concat_CSV
fold_a,20260806,0.0014843868916194353,complex_traits,1hop,chromosome_weighted_auprc,fusion_vs_concat_CSV
fold_b,42,0.0037646368521255524,complex_traits,1hop,chromosome_weighted_auprc,fusion_vs_concat_CSV
fold_b,314159,0.0037646368521255524,complex_traits,1hop,chromosome_weighted_auprc,fusion_vs_concat_CSV
fold_b,20260806,0.0037646368521255524,complex_traits,1hop,chromosome_weighted_auprc,fusion_vs_concat_CSV
fold_c,42,0.005663297238993656,complex_traits,1hop,chromosome_weighted_auprc,fusion_vs_concat_CSV
fold_c,314159,0.005663297238993656,complex_traits,1hop,chromosome_weighted_auprc,fusion_vs_concat_CSV
fold_c,20260806,0.005663297238993656,complex_traits,1hop,chromosome_weighted_auprc,fusion_vs_concat_CSV
fold_d,42,0.002071148503406589,complex_traits,1hop,chromosome_weighted_auprc,fusion_vs_concat_CSV
fold_d,314159,0.002071148503406589,complex_traits,1hop,chromosome_weighted_auprc,fusion_vs_concat_CSV
fold_d,20260806,0.002071148503406589,complex_traits,1hop,chromosome_weighted_auprc,fusion_vs_concat_CSV
fold_e,42,-0.014692877999084641,complex_traits,1hop,chromosome_weighted_auprc,fusion_vs_concat_CSV
fold_e,314159,-0.014692877999084641,complex_traits,1hop,chromosome_weighted_auprc,fusion_vs_concat_CSV
fold_e,20260806,-0.014692877999084641,complex_traits,1hop,chromosome_weighted_auprc,fusion_vs_concat_CSV
fold_a,42,-0.002580287369562534,complex_traits,1hop,chromosome_weighted_auprc,fusion_vs_V_CS
fold_a,314159,-0.002580287369562534,complex_traits,1hop,chromosome_weighted_auprc,fusion_vs_V_CS
fold_a,20260806,-0.002580287369562534,complex_traits,1hop,chromosome_weighted_auprc,fusion_vs_V_CS
fold_b,42,0.033557177859450366,complex_traits,1hop,chromosome_weighted_auprc,fusion_vs_V_CS
fold_b,314159,0.033557177859450366,complex_traits,1hop,chromosome_weighted_auprc,fusion_vs_V_CS
fold_b,20260806,0.033557177859450366,complex_traits,1hop,chromosome_weighted_auprc,fusion_vs_V_CS
fold_c,42,0.014289285619876815,complex_traits,1hop,chromosome_weighted_auprc,fusion_vs_V_CS
fold_c,314159,0.014289285619876815,complex_traits,1hop,chromosome_weighted_auprc,fusion_vs_V_CS
fold_c,20260806,0.014289285619876815,complex_traits,1hop,chromosome_weighted_auprc,fusion_vs_V_CS
fold_d,42,0.021800343363420904,complex_traits,1hop,chromosome_weighted_auprc,fusion_vs_V_CS
fold_d,314159,0.021800343363420904,complex_traits,1hop,chromosome_weighted_auprc,fusion_vs_V_CS
fold_d,20260806,0.021800343363420904,complex_traits,1hop,chromosome_weighted_auprc,fusion_vs_V_CS
fold_e,42,0.0009386815001607429,complex_traits,1hop,chromosome_weighted_auprc,fusion_vs_V_CS
fold_e,314159,0.0009386815001607429,complex_traits,1hop,chromosome_weighted_auprc,fusion_vs_V_CS
fold_e,20260806,0.0009386815001607429,complex_traits,1hop,chromosome_weighted_auprc,fusion_vs_V_CS
fold_a,42,-0.0025006543493553413,complex_traits,1hop,chromosome_weighted_auprc,fusion_vs_concat_CSVT
fold_a,314159,-0.0014386804419383031,complex_traits,1hop,chromosome_weighted_auprc,fusion_vs_concat_CSVT
fold_a,20260806,-0.007202513888477216,complex_traits,1hop,chromosome_weighted_auprc,fusion_vs_concat_CSVT
fold_b,42,-0.001755355468255948,complex_traits,1hop,chromosome_weighted_auprc,fusion_vs_concat_CSVT
fold_b,314159,0.0010814560604953671,complex_traits,1hop,chromosome_weighted_auprc,fusion_vs_concat_CSVT
fold_b,20260806,-0.0010445718429469841,complex_traits,1hop,chromosome_weighted_auprc,fusion_vs_concat_CSVT
fold_c,42,0.0006391300048990967,complex_traits,1hop,chromosome_weighted_auprc,fusion_vs_concat_CSVT
fold_c,314159,-0.0004880458084278727,complex_traits,1hop,chromosome_weighted_auprc,fusion_vs_concat_CSVT
fold_c,20260806,0.0006940420670155378,complex_traits,1hop,chromosome_weighted_auprc,fusion_vs_concat_CSVT
fold_d,42,-0.00632457275719206,complex_traits,1hop,chromosome_weighted_auprc,fusion_vs_concat_CSVT
fold_d,314159,-0.007527883227423843,complex_traits,1hop,chromosome_weighted_auprc,fusion_vs_concat_CSVT
fold_d,20260806,-0.0082662337462686,complex_traits,1hop,chromosome_weighted_auprc,fusion_vs_concat_CSVT
fold_e,42,-0.0002879446591726731,complex_traits,1hop,chromosome_weighted_auprc,fusion_vs_concat_CSVT
fold_e,314159,-0.0023163926295765858,complex_traits,1hop,chromosome_weighted_auprc,fusion_vs_concat_CSVT
fold_e,20260806,-7.828033351101049e-05,complex_traits,1hop,chromosome_weighted_auprc,fusion_vs_concat_CSVT
fold_a,42,-0.0029404986337985967,complex_traits,1hop,chromosome_weighted_auprc,fusion_vs_V_CST
fold_a,314159,-0.002093080383106169,complex_traits,1hop,chromosome_weighted_auprc,fusion_vs_V_CST
fold_a,20260806,-0.009532264271803634,complex_traits,1hop,chromosome_weighted_auprc,fusion_vs_V_CST
fold_b,42,0.02846413605170653,complex_traits,1hop,chromosome_weighted_auprc,fusion_vs_V_CST
fold_b,314159,0.029204110752798607,complex_traits,1hop,chromosome_weighted_auprc,fusion_vs_V_CST
fold_b,20260806,0.03111656036057206,complex_traits,1hop,chromosome_weighted_auprc,fusion_vs_V_CST
fold_c,42,0.016917706576769984,complex_traits,1hop,chromosome_weighted_auprc,fusion_vs_V_CST
fold_c,314159,0.006456401378061846,complex_traits,1hop,chromosome_weighted_auprc,fusion_vs_V_CST
fold_c,20260806,0.01675409467057222,complex_traits,1hop,chromosome_weighted_auprc,fusion_vs_V_CST
fold_d,42,0.02064400500565841,complex_traits,1hop,chromosome_weighted_auprc,fusion_vs_V_CST
fold_d,314159,0.018030891134802468,complex_traits,1hop,chromosome_weighted_auprc,fusion_vs_V_CST
fold_d,20260806,0.0,complex_traits,1hop,chromosome_weighted_auprc,fusion_vs_V_CST
fold_e,42,0.011520632561903499,complex_traits,1hop,chromosome_weighted_auprc,fusion_vs_V_CST
fold_e,314159,0.005238153079726304,complex_traits,1hop,chromosome_weighted_auprc,fusion_vs_V_CST
fold_e,20260806,0.00797238956285401,complex_traits,1hop,chromosome_weighted_auprc,fusion_vs_V_CST
fold_a,42,0.0014728908813177871,complex_traits,1hop,chromosome_weighted_auprc,fusion_vs_concat_CSVH
fold_a,314159,0.0014728908813177871,complex_traits,1hop,chromosome_weighted_auprc,fusion_vs_concat_CSVH
fold_a,20260806,0.0014728908813177871,complex_traits,1hop,chromosome_weighted_auprc,fusion_vs_concat_CSVH
fold_b,42,-0.0017276841236051887,complex_traits,1hop,chromosome_weighted_auprc,fusion_vs_concat_CSVH
fold_b,314159,-0.0017276841236051887,complex_traits,1hop,chromosome_weighted_auprc,fusion_vs_concat_CSVH
fold_b,20260806,-0.0017276841236051887,complex_traits,1hop,chromosome_weighted_auprc,fusion_vs_concat_CSVH
fold_c,42,-0.000517789855147735,complex_traits,1hop,chromosome_weighted_auprc,fusion_vs_concat_CSVH
fold_c,314159,-0.000517789855147735,complex_traits,1hop,chromosome_weighted_auprc,fusion_vs_concat_CSVH
fold_c,20260806,-0.000517789855147735,complex_traits,1hop,chromosome_weighted_auprc,fusion_vs_concat_CSVH
fold_d,42,-0.0064568396707893605,complex_traits,1hop,chromosome_weighted_auprc,fusion_vs_concat_CSVH
fold_d,314159,-0.0064568396707893605,complex_traits,1hop,chromosome_weighted_auprc,fusion_vs_concat_CSVH
fold_d,20260806,-0.0064568396707893605,complex_traits,1hop,chromosome_weighted_auprc,fusion_vs_concat_CSVH
fold_e,42,0.0026021963631161216,complex_traits,1hop,chromosome_weighted_auprc,fusion_vs_concat_CSVH
fold_e,314159,0.0026021963631161216,complex_traits,1hop,chromosome_weighted_auprc,fusion_vs_concat_CSVH
fold_e,20260806,0.0026021963631161216,complex_traits,1hop,chromosome_weighted_auprc,fusion_vs_concat_CSVH
fold_a,42,-0.003219831607433124,complex_traits,1hop,chromosome_weighted_auprc,fusion_vs_V_CSH
fold_a,314159,-0.003219831607433124,complex_traits,1hop,chromosome_weighted_auprc,fusion_vs_V_CSH
fold_a,20260806,-0.003219831607433124,complex_traits,1hop,chromosome_weighted_auprc,fusion_vs_V_CSH
fold_b,42,0.02844582674283061,complex_traits,1hop,chromosome_weighted_auprc,fusion_vs_V_CSH
fold_b,314159,0.02844582674283061,complex_traits,1hop,chromosome_weighted_auprc,fusion_vs_V_CSH
fold_b,20260806,0.02844582674283061,complex_traits,1hop,chromosome_weighted_auprc,fusion_vs_V_CSH
fold_c,42,0.006069283354969229,complex_traits,1hop,chromosome_weighted_auprc,fusion_vs_V_CSH
fold_c,314159,0.006069283354969229,complex_traits,1hop,chromosome_weighted_auprc,fusion_vs_V_CSH
fold_c,20260806,0.006069283354969229,complex_traits,1hop,chromosome_weighted_auprc,fusion_vs_V_CSH
fold_d,42,0.015004976072007403,complex_traits,1hop,chromosome_weighted_auprc,fusion_vs_V_CSH
fold_d,314159,0.015004976072007403,complex_traits,1hop,chromosome_weighted_auprc,fusion_vs_V_CSH
fold_d,20260806,0.015004976072007403,complex_traits,1hop,chromosome_weighted_auprc,fusion_vs_V_CSH
fold_e,42,0.004149058747809797,complex_traits,1hop,chromosome_weighted_auprc,fusion_vs_V_CSH
fold_e,314159,0.004149058747809797,complex_traits,1hop,chromosome_weighted_auprc,fusion_vs_V_CSH
fold_e,20260806,0.004149058747809797,complex_traits,1hop,chromosome_weighted_auprc,fusion_vs_V_CSH
fold_a,42,-0.0010279357491784075,complex_traits,1hop,chromosome_weighted_auprc,fusion_vs_concat_CSVHT
fold_a,314159,0.005506168756247709,complex_traits,1hop,chromosome_weighted_auprc,fusion_vs_concat_CSVHT
fold_a,20260806,-0.0014755405814021183,complex_traits,1hop,chromosome_weighted_auprc,fusion_vs_concat_CSVHT
fold_b,42,-0.003379683886086171,complex_traits,1hop,chromosome_weighted_auprc,fusion_vs_concat_CSVHT
fold_b,314159,-0.001248854463072685,complex_traits,1hop,chromosome_weighted_auprc,fusion_vs_concat_CSVHT
fold_b,20260806,-0.001809369438379449,complex_traits,1hop,chromosome_weighted_auprc,fusion_vs_concat_CSVHT
fold_c,42,0.0005637538163719008,complex_traits,1hop,chromosome_weighted_auprc,fusion_vs_concat_CSVHT
fold_c,314159,-0.0019938029972150773,complex_traits,1hop,chromosome_weighted_auprc,fusion_vs_concat_CSVHT
fold_c,20260806,0.002053444153481354,complex_traits,1hop,chromosome_weighted_auprc,fusion_vs_concat_CSVHT
fold_d,42,-0.006330246679830315,complex_traits,1hop,chromosome_weighted_auprc,fusion_vs_concat_CSVHT
fold_d,314159,-0.007627171652206527,complex_traits,1hop,chromosome_weighted_auprc,fusion_vs_concat_CSVHT
fold_d,20260806,-0.007081053366791795,complex_traits,1hop,chromosome_weighted_auprc,fusion_vs_concat_CSVHT
fold_e,42,-0.015731282160135,complex_traits,1hop,chromosome_weighted_auprc,fusion_vs_concat_CSVHT
fold_e,314159,-0.011513829855141877,complex_traits,1hop,chromosome_weighted_auprc,fusion_vs_concat_CSVHT
fold_e,20260806,-0.014335161664852963,complex_traits,1hop,chromosome_weighted_auprc,fusion_vs_concat_CSVHT
fold_a,42,0.002300602134215554,complex_traits,1hop,chromosome_weighted_auprc,fusion_vs_V_CSHT
fold_a,314159,0.0022366515909882784,complex_traits,1hop,chromosome_weighted_auprc,fusion_vs_V_CSHT
fold_a,20260806,-0.00816578469629839,complex_traits,1hop,chromosome_weighted_auprc,fusion_vs_V_CSHT
fold_b,42,0.02633843555914106,complex_traits,1hop,chromosome_weighted_auprc,fusion_vs_V_CSHT
fold_b,314159,0.02849168086329365,complex_traits,1hop,chromosome_weighted_auprc,fusion_vs_V_CSHT
fold_b,20260806,0.027090415642643834,complex_traits,1hop,chromosome_weighted_auprc,fusion_vs_V_CSHT
fold_c,42,0.009698174355913095,complex_traits,1hop,chromosome_weighted_auprc,fusion_vs_V_CSHT
fold_c,314159,0.002559504530876,complex_traits,1hop,chromosome_weighted_auprc,fusion_vs_V_CSHT
fold_c,20260806,0.018945811448954034,complex_traits,1hop,chromosome_weighted_auprc,fusion_vs_V_CSHT
fold_d,42,0.021117898350477615,complex_traits,1hop,chromosome_weighted_auprc,fusion_vs_V_CSHT
fold_d,314159,0.018775626510100063,complex_traits,1hop,chromosome_weighted_auprc,fusion_vs_V_CSHT
fold_d,20260806,0.0,complex_traits,1hop,chromosome_weighted_auprc,fusion_vs_V_CSHT
fold_e,42,-0.0045021409268723445,complex_traits,1hop,chromosome_weighted_auprc,fusion_vs_V_CSHT
fold_e,314159,-0.006120530394683438,complex_traits,1hop,chromosome_weighted_auprc,fusion_vs_V_CSHT
fold_e,20260806,-0.00803296029602979,complex_traits,1hop,chromosome_weighted_auprc,fusion_vs_V_CSHT
fold_a,42,0.0,complex_traits,1hop,auroc,linear_vs_fixed_V
fold_a,314159,0.0,complex_traits,1hop,auroc,linear_vs_fixed_V
fold_a,20260806,0.0,complex_traits,1hop,auroc,linear_vs_fixed_V
fold_b,42,-0.0005362049638416577,complex_traits,1hop,auroc,linear_vs_fixed_V
fold_b,314159,-0.0005362049638416577,complex_traits,1hop,auroc,linear_vs_fixed_V
fold_b,20260806,-0.0005362049638416577,complex_traits,1hop,auroc,linear_vs_fixed_V
fold_c,42,0.006113281249999991,complex_traits,1hop,auroc,linear_vs_fixed_V
fold_c,314159,0.006113281249999991,complex_traits,1hop,auroc,linear_vs_fixed_V
fold_c,20260806,0.006113281249999991,complex_traits,1hop,auroc,linear_vs_fixed_V
fold_d,42,7.20164609053775e-05,complex_traits,1hop,auroc,linear_vs_fixed_V
fold_d,314159,7.20164609053775e-05,complex_traits,1hop,auroc,linear_vs_fixed_V
fold_d,20260806,7.20164609053775e-05,complex_traits,1hop,auroc,linear_vs_fixed_V
fold_e,42,0.002490228032262176,complex_traits,1hop,auroc,linear_vs_fixed_V
fold_e,314159,0.002490228032262176,complex_traits,1hop,auroc,linear_vs_fixed_V
fold_e,20260806,0.002490228032262176,complex_traits,1hop,auroc,linear_vs_fixed_V
fold_a,42,-0.0189212413836779,complex_traits,1hop,auroc,histgb_vs_fixed_V
fold_a,314159,-0.0189212413836779,complex_traits,1hop,auroc,histgb_vs_fixed_V
fold_a,20260806,-0.0189212413836779,complex_traits,1hop,auroc,histgb_vs_fixed_V
fold_b,42,0.0079816975372341,complex_traits,1hop,auroc,histgb_vs_fixed_V
fold_b,314159,0.0079816975372341,complex_traits,1hop,auroc,histgb_vs_fixed_V
fold_b,20260806,0.0079816975372341,complex_traits,1hop,auroc,histgb_vs_fixed_V
fold_c,42,-0.018153211805555625,complex_traits,1hop,auroc,histgb_vs_fixed_V
fold_c,314159,-0.018153211805555625,complex_traits,1hop,auroc,histgb_vs_fixed_V
fold_c,20260806,-0.018153211805555625,complex_traits,1hop,auroc,histgb_vs_fixed_V
fold_d,42,0.02397633744855976,complex_traits,1hop,auroc,histgb_vs_fixed_V
fold_d,314159,0.02397633744855976,complex_traits,1hop,auroc,histgb_vs_fixed_V
fold_d,20260806,0.02397633744855976,complex_traits,1hop,auroc,histgb_vs_fixed_V
fold_e,42,-0.061731675346299586,complex_traits,1hop,auroc,histgb_vs_fixed_V
fold_e,314159,-0.061731675346299586,complex_traits,1hop,auroc,histgb_vs_fixed_V
fold_e,20260806,-0.061731675346299586,complex_traits,1hop,auroc,histgb_vs_fixed_V
fold_a,42,0.0055489496630996005,complex_traits,1hop,auroc,linear_vs_fixed_CS
fold_a,314159,0.0055489496630996005,complex_traits,1hop,auroc,linear_vs_fixed_CS
fold_a,20260806,0.0055489496630996005,complex_traits,1hop,auroc,linear_vs_fixed_CS
fold_b,42,0.0,complex_traits,1hop,auroc,linear_vs_fixed_CS
fold_b,314159,0.0,complex_traits,1hop,auroc,linear_vs_fixed_CS
fold_b,20260806,0.0,complex_traits,1hop,auroc,linear_vs_fixed_CS
fold_c,42,0.003806423611111165,complex_traits,1hop,auroc,linear_vs_fixed_CS
fold_c,314159,0.003806423611111165,complex_traits,1hop,auroc,linear_vs_fixed_CS
fold_c,20260806,0.003806423611111165,complex_traits,1hop,auroc,linear_vs_fixed_CS
fold_d,42,0.0017009602194788531,complex_traits,1hop,auroc,linear_vs_fixed_CS
fold_d,314159,0.0017009602194788531,complex_traits,1hop,auroc,linear_vs_fixed_CS
fold_d,20260806,0.0017009602194788531,complex_traits,1hop,auroc,linear_vs_fixed_CS
fold_e,42,-0.03412217616702684,complex_traits,1hop,auroc,linear_vs_fixed_CS
fold_e,314159,-0.03412217616702684,complex_traits,1hop,auroc,linear_vs_fixed_CS
fold_e,20260806,-0.03412217616702684,complex_traits,1hop,auroc,linear_vs_fixed_CS
fold_a,42,0.0143047598457825,complex_traits,1hop,auroc,histgb_vs_fixed_CS
fold_a,314159,0.0143047598457825,complex_traits,1hop,auroc,histgb_vs_fixed_CS
fold_a,20260806,0.0143047598457825,complex_traits,1hop,auroc,histgb_vs_fixed_CS
fold_b,42,-0.02775315956245672,complex_traits,1hop,auroc,histgb_vs_fixed_CS
fold_b,314159,-0.02775315956245672,complex_traits,1hop,auroc,histgb_vs_fixed_CS
fold_b,20260806,-0.02775315956245672,complex_traits,1hop,auroc,histgb_vs_fixed_CS
fold_c,42,-0.04377170138888886,complex_traits,1hop,auroc,histgb_vs_fixed_CS
fold_c,314159,-0.04377170138888886,complex_traits,1hop,auroc,histgb_vs_fixed_CS
fold_c,20260806,-0.04377170138888886,complex_traits,1hop,auroc,histgb_vs_fixed_CS
fold_d,42,-0.018936899862825762,complex_traits,1hop,auroc,histgb_vs_fixed_CS
fold_d,314159,-0.018936899862825762,complex_traits,1hop,auroc,histgb_vs_fixed_CS
fold_d,20260806,-0.018936899862825762,complex_traits,1hop,auroc,histgb_vs_fixed_CS
fold_e,42,-0.06234574461803721,complex_traits,1hop,auroc,histgb_vs_fixed_CS
fold_e,314159,-0.06234574461803721,complex_traits,1hop,auroc,histgb_vs_fixed_CS
fold_e,20260806,-0.06234574461803721,complex_traits,1hop,auroc,histgb_vs_fixed_CS
fold_a,42,0.0024425423841704097,complex_traits,1hop,auroc,linear_vs_fixed_CSV
fold_a,314159,0.0024425423841704097,complex_traits,1hop,auroc,linear_vs_fixed_CSV
fold_a,20260806,0.0024425423841704097,complex_traits,1hop,auroc,linear_vs_fixed_CSV
fold_b,42,0.025701416795153476,complex_traits,1hop,auroc,linear_vs_fixed_CSV
fold_b,314159,0.025701416795153476,complex_traits,1hop,auroc,linear_vs_fixed_CSV
fold_b,20260806,0.025701416795153476,complex_traits,1hop,auroc,linear_vs_fixed_CSV
fold_c,42,0.004010416666666683,complex_traits,1hop,auroc,linear_vs_fixed_CSV
fold_c,314159,0.004010416666666683,complex_traits,1hop,auroc,linear_vs_fixed_CSV
fold_c,20260806,0.004010416666666683,complex_traits,1hop,auroc,linear_vs_fixed_CSV
fold_d,42,0.0034567901234567877,complex_traits,1hop,auroc,linear_vs_fixed_CSV
fold_d,314159,0.0034567901234567877,complex_traits,1hop,auroc,linear_vs_fixed_CSV
fold_d,20260806,0.0034567901234567877,complex_traits,1hop,auroc,linear_vs_fixed_CSV
fold_e,42,0.010536602071303025,complex_traits,1hop,auroc,linear_vs_fixed_CSV
fold_e,314159,0.010536602071303025,complex_traits,1hop,auroc,linear_vs_fixed_CSV
fold_e,20260806,0.010536602071303025,complex_traits,1hop,auroc,linear_vs_fixed_CSV
fold_a,42,0.015475258476015274,complex_traits,1hop,auroc,histgb_vs_fixed_CSV
fold_a,314159,0.015475258476015274,complex_traits,1hop,auroc,histgb_vs_fixed_CSV
fold_a,20260806,0.015475258476015274,complex_traits,1hop,auroc,histgb_vs_fixed_CSV
fold_b,42,-0.022932710661103695,complex_traits,1hop,auroc,histgb_vs_fixed_CSV
fold_b,314159,-0.022932710661103695,complex_traits,1hop,auroc,histgb_vs_fixed_CSV
fold_b,20260806,-0.022932710661103695,complex_traits,1hop,auroc,histgb_vs_fixed_CSV
fold_c,42,-0.05274088541666666,complex_traits,1hop,auroc,histgb_vs_fixed_CSV
fold_c,314159,-0.05274088541666666,complex_traits,1hop,auroc,histgb_vs_fixed_CSV
fold_c,20260806,-0.05274088541666666,complex_traits,1hop,auroc,histgb_vs_fixed_CSV
fold_d,42,-0.018827160493827155,complex_traits,1hop,auroc,histgb_vs_fixed_CSV
fold_d,314159,-0.018827160493827155,complex_traits,1hop,auroc,histgb_vs_fixed_CSV
fold_d,20260806,-0.018827160493827155,complex_traits,1hop,auroc,histgb_vs_fixed_CSV
fold_e,42,-0.021408285211558575,complex_traits,1hop,auroc,histgb_vs_fixed_CSV
fold_e,314159,-0.021408285211558575,complex_traits,1hop,auroc,histgb_vs_fixed_CSV
fold_e,20260806,-0.021408285211558575,complex_traits,1hop,auroc,histgb_vs_fixed_CSV
fold_a,42,0.006422456103571728,complex_traits,1hop,auroc,linear_vs_fixed_CSVT
fold_a,314159,0.010264792558598579,complex_traits,1hop,auroc,linear_vs_fixed_CSVT
fold_a,20260806,0.013934611491632443,complex_traits,1hop,auroc,linear_vs_fixed_CSVT
fold_b,42,0.02187513910977834,complex_traits,1hop,auroc,linear_vs_fixed_CSVT
fold_b,314159,0.0,complex_traits,1hop,auroc,linear_vs_fixed_CSVT
fold_b,20260806,-0.005447033066647178,complex_traits,1hop,auroc,linear_vs_fixed_CSVT
fold_c,42,0.0,complex_traits,1hop,auroc,linear_vs_fixed_CSVT
fold_c,314159,-0.0020399305555555136,complex_traits,1hop,auroc,linear_vs_fixed_CSVT
fold_c,20260806,0.001132812499999969,complex_traits,1hop,auroc,linear_vs_fixed_CSVT
fold_d,42,0.017016460905349695,complex_traits,1hop,auroc,linear_vs_fixed_CSVT
fold_d,314159,0.010574417009602266,complex_traits,1hop,auroc,linear_vs_fixed_CSVT
fold_d,20260806,0.008504801097393822,complex_traits,1hop,auroc,linear_vs_fixed_CSVT
fold_e,42,0.009234657124974954,complex_traits,1hop,auroc,linear_vs_fixed_CSVT
fold_e,314159,0.002707218856650262,complex_traits,1hop,auroc,linear_vs_fixed_CSVT
fold_e,20260806,-0.0008000614069272327,complex_traits,1hop,auroc,linear_vs_fixed_CSVT
fold_a,42,0.008737794112348207,complex_traits,1hop,auroc,histgb_vs_fixed_CSVT
fold_a,314159,0.01292625749441223,complex_traits,1hop,auroc,histgb_vs_fixed_CSVT
fold_a,20260806,0.02419831216718038,complex_traits,1hop,auroc,histgb_vs_fixed_CSVT
fold_b,42,-0.024537953194365136,complex_traits,1hop,auroc,histgb_vs_fixed_CSVT
fold_b,314159,-0.04802170719566834,complex_traits,1hop,auroc,histgb_vs_fixed_CSVT
fold_b,20260806,-0.026178268253563508,complex_traits,1hop,auroc,histgb_vs_fixed_CSVT
fold_c,42,-0.0445290798611111,complex_traits,1hop,auroc,histgb_vs_fixed_CSVT
fold_c,314159,-0.044279513888888844,complex_traits,1hop,auroc,histgb_vs_fixed_CSVT
fold_c,20260806,-0.05344184027777776,complex_traits,1hop,auroc,histgb_vs_fixed_CSVT
fold_d,42,-0.017957818930041336,complex_traits,1hop,auroc,histgb_vs_fixed_CSVT
fold_d,314159,-0.018626543209876445,complex_traits,1hop,auroc,histgb_vs_fixed_CSVT
fold_d,20260806,-0.005037722908093234,complex_traits,1hop,auroc,histgb_vs_fixed_CSVT
fold_e,42,-0.03834537853827891,complex_traits,1hop,auroc,histgb_vs_fixed_CSVT
fold_e,314159,-0.03502704266600554,complex_traits,1hop,auroc,histgb_vs_fixed_CSVT
fold_e,20260806,-0.028050861468334132,complex_traits,1hop,auroc,histgb_vs_fixed_CSVT
fold_a,42,0.0028831171950834955,complex_traits,1hop,auroc,linear_vs_fixed_CSVH
fold_a,314159,0.0028831171950834955,complex_traits,1hop,auroc,linear_vs_fixed_CSVH
fold_a,20260806,0.0028831171950834955,complex_traits,1hop,auroc,linear_vs_fixed_CSVH
fold_b,42,0.023513430754018794,complex_traits,1hop,auroc,linear_vs_fixed_CSVH
fold_b,314159,0.023513430754018794,complex_traits,1hop,auroc,linear_vs_fixed_CSVH
fold_b,20260806,0.023513430754018794,complex_traits,1hop,auroc,linear_vs_fixed_CSVH
fold_c,42,-0.0016493055555555358,complex_traits,1hop,auroc,linear_vs_fixed_CSVH
fold_c,314159,-0.0016493055555555358,complex_traits,1hop,auroc,linear_vs_fixed_CSVH
fold_c,20260806,-0.0016493055555555358,complex_traits,1hop,auroc,linear_vs_fixed_CSVH
fold_d,42,0.0021296296296295925,complex_traits,1hop,auroc,linear_vs_fixed_CSVH
fold_d,314159,0.0021296296296295925,complex_traits,1hop,auroc,linear_vs_fixed_CSVH
fold_d,20260806,0.0021296296296295925,complex_traits,1hop,auroc,linear_vs_fixed_CSVH
fold_e,42,-0.023638714705778163,complex_traits,1hop,auroc,linear_vs_fixed_CSVH
fold_e,314159,-0.023638714705778163,complex_traits,1hop,auroc,linear_vs_fixed_CSVH
fold_e,20260806,-0.023638714705778163,complex_traits,1hop,auroc,linear_vs_fixed_CSVH
fold_a,42,0.012740091434286671,complex_traits,1hop,auroc,histgb_vs_fixed_CSVH
fold_a,314159,0.012740091434286671,complex_traits,1hop,auroc,histgb_vs_fixed_CSVH
fold_a,20260806,0.012740091434286671,complex_traits,1hop,auroc,histgb_vs_fixed_CSVH
fold_b,42,-0.03323661409834611,complex_traits,1hop,auroc,histgb_vs_fixed_CSVH
fold_b,314159,-0.03323661409834611,complex_traits,1hop,auroc,histgb_vs_fixed_CSVH
fold_b,20260806,-0.03323661409834611,complex_traits,1hop,auroc,histgb_vs_fixed_CSVH
fold_c,42,-0.06111545138888891,complex_traits,1hop,auroc,histgb_vs_fixed_CSVH
fold_c,314159,-0.06111545138888891,complex_traits,1hop,auroc,histgb_vs_fixed_CSVH
fold_c,20260806,-0.06111545138888891,complex_traits,1hop,auroc,histgb_vs_fixed_CSVH
fold_d,42,-0.015829903978052173,complex_traits,1hop,auroc,histgb_vs_fixed_CSVH
fold_d,314159,-0.015829903978052173,complex_traits,1hop,auroc,histgb_vs_fixed_CSVH
fold_d,20260806,-0.015829903978052173,complex_traits,1hop,auroc,histgb_vs_fixed_CSVH
fold_e,42,-0.03670097188271282,complex_traits,1hop,auroc,histgb_vs_fixed_CSVH
fold_e,314159,-0.03670097188271282,complex_traits,1hop,auroc,histgb_vs_fixed_CSVH
fold_e,20260806,-0.03670097188271282,complex_traits,1hop,auroc,histgb_vs_fixed_CSVH
fold_a,42,0.03797023308427483,complex_traits,1hop,auroc,linear_vs_fixed_CSVHT
fold_a,314159,0.0047213023107520735,complex_traits,1hop,auroc,linear_vs_fixed_CSVHT
fold_a,20260806,0.0020003297486813065,complex_traits,1hop,auroc,linear_vs_fixed_CSVHT
fold_b,42,0.022948223509114185,complex_traits,1hop,auroc,linear_vs_fixed_CSVHT
fold_b,314159,0.007613436014897834,complex_traits,1hop,auroc,linear_vs_fixed_CSVHT
fold_b,20260806,0.00788457361925532,complex_traits,1hop,auroc,linear_vs_fixed_CSVHT
fold_c,42,0.0031467013888887285,complex_traits,1hop,auroc,linear_vs_fixed_CSVHT
fold_c,314159,-0.002981770833333508,complex_traits,1hop,auroc,linear_vs_fixed_CSVHT
fold_c,20260806,0.004678819444444482,complex_traits,1hop,auroc,linear_vs_fixed_CSVHT
fold_d,42,0.018765432098765467,complex_traits,1hop,auroc,linear_vs_fixed_CSVHT
fold_d,314159,0.015003429355281206,complex_traits,1hop,auroc,linear_vs_fixed_CSVHT
fold_d,20260806,0.00807613168724286,complex_traits,1hop,auroc,linear_vs_fixed_CSVHT
fold_e,42,0.008821341268997696,complex_traits,1hop,auroc,linear_vs_fixed_CSVHT
fold_e,314159,0.004304389414390375,complex_traits,1hop,auroc,linear_vs_fixed_CSVHT
fold_e,20260806,0.0013934648858657805,complex_traits,1hop,auroc,linear_vs_fixed_CSVHT
fold_a,42,0.0009106304641921525,complex_traits,1hop,auroc,histgb_vs_fixed_CSVHT
fold_a,314159,0.00704482944240814,complex_traits,1hop,auroc,histgb_vs_fixed_CSVHT
fold_a,20260806,0.02487418777549577,complex_traits,1hop,auroc,histgb_vs_fixed_CSVHT
fold_b,42,-0.025070111328290956,complex_traits,1hop,auroc,histgb_vs_fixed_CSVHT
fold_b,314159,-0.029197877842392028,complex_traits,1hop,auroc,histgb_vs_fixed_CSVHT
fold_b,20260806,-0.03316039880159871,complex_traits,1hop,auroc,histgb_vs_fixed_CSVHT
fold_c,42,-0.05413845486111124,complex_traits,1hop,auroc,histgb_vs_fixed_CSVHT
fold_c,314159,-0.0421137152777778,complex_traits,1hop,auroc,histgb_vs_fixed_CSVHT
fold_c,20260806,-0.051864149305555496,complex_traits,1hop,auroc,histgb_vs_fixed_CSVHT
fold_d,42,-0.01786694101508912,complex_traits,1hop,auroc,histgb_vs_fixed_CSVHT
fold_d,314159,-0.022112482853223536,complex_traits,1hop,auroc,histgb_vs_fixed_CSVHT
fold_d,20260806,6.68724279835331e-05,complex_traits,1hop,auroc,histgb_vs_fixed_CSVHT
fold_e,42,-0.02909153174856227,complex_traits,1hop,auroc,histgb_vs_fixed_CSVHT
fold_e,314159,-0.04487724519077485,complex_traits,1hop,auroc,histgb_vs_fixed_CSVHT
fold_e,20260806,-0.011906448908255762,complex_traits,1hop,auroc,histgb_vs_fixed_CSVHT
fold_a,42,0.00014522044572851112,complex_traits,1hop,auroc,T_given_CSV_linear
fold_a,314159,0.013207417379939246,complex_traits,1hop,auroc,T_given_CSV_linear
fold_a,20260806,0.0025910384790506225,complex_traits,1hop,auroc,T_given_CSV_linear
fold_b,42,-0.0002879993956734772,complex_traits,1hop,auroc,T_given_CSV_linear
fold_b,314159,-0.009357619708601272,complex_traits,1hop,auroc,T_given_CSV_linear
fold_b,20260806,-0.016230485848910292,complex_traits,1hop,auroc,T_given_CSV_linear
fold_c,42,-0.00802951388888895,complex_traits,1hop,auroc,T_given_CSV_linear
fold_c,314159,-0.01258680555555558,complex_traits,1hop,auroc,T_given_CSV_linear
fold_c,20260806,-0.010099826388888955,complex_traits,1hop,auroc,T_given_CSV_linear
fold_d,42,0.016690672153635178,complex_traits,1hop,auroc,T_given_CSV_linear
fold_d,314159,0.01078017832647471,complex_traits,1hop,auroc,T_given_CSV_linear
fold_d,20260806,0.004495884773662695,complex_traits,1hop,auroc,T_given_CSV_linear
fold_e,42,-0.013164110012871877,complex_traits,1hop,auroc,T_given_CSV_linear
fold_e,314159,-0.02924800132261074,complex_traits,1hop,auroc,T_given_CSV_linear
fold_e,20260806,-0.018109139004026997,complex_traits,1hop,auroc,T_given_CSV_linear
fold_a,42,0.03260308194909867,complex_traits,1hop,auroc,T_given_CSVH_linear
fold_a,314159,0.005256870947066616,complex_traits,1hop,auroc,T_given_CSVH_linear
fold_a,20260806,-0.010878976774555571,complex_traits,1hop,auroc,T_given_CSVH_linear
fold_b,42,-0.0016969706780193272,complex_traits,1hop,auroc,T_given_CSVH_linear
fold_b,314159,-0.004966809249973947,complex_traits,1hop,auroc,T_given_CSVH_linear
fold_b,20260806,-0.004193864736058983,complex_traits,1hop,auroc,T_given_CSVH_linear
fold_c,42,-0.0020876736111111738,complex_traits,1hop,auroc,T_given_CSVH_linear
fold_c,314159,-0.008129340277777897,complex_traits,1hop,auroc,T_given_CSVH_linear
fold_c,20260806,-2.170138888890616e-05,complex_traits,1hop,auroc,T_given_CSVH_linear
fold_d,42,0.01590192043895744,complex_traits,1hop,auroc,T_given_CSVH_linear
fold_d,314159,0.010284636488340104,complex_traits,1hop,auroc,T_given_CSVH_linear
fold_d,20260806,0.001803840877914964,complex_traits,1hop,auroc,T_given_CSVH_linear
fold_e,42,0.021755175304967955,complex_traits,1hop,auroc,T_given_CSVH_linear
fold_e,314159,0.00790614187361971,complex_traits,1hop,auroc,T_given_CSVH_linear
fold_e,20260806,0.02006353255157589,complex_traits,1hop,auroc,T_given_CSVH_linear
fold_a,42,-0.010572157637339874,complex_traits,1hop,auroc,T_given_CSV_histgb
fold_a,314159,0.002836166223908032,complex_traits,1hop,auroc,T_given_CSV_histgb
fold_a,20260806,-0.0001779769372463047,complex_traits,1hop,auroc,T_given_CSV_histgb
fold_b,42,0.0019330357564402156,complex_traits,1hop,auroc,T_given_CSV_histgb
fold_b,314159,-0.008745199448012442,complex_traits,1hop,auroc,T_given_CSV_histgb
fold_b,20260806,0.011672406420430548,complex_traits,1hop,auroc,T_given_CSV_histgb
fold_c,42,0.004192708333333295,complex_traits,1hop,auroc,T_given_CSV_histgb
fold_c,314159,0.001924913194444433,complex_traits,1hop,auroc,T_given_CSV_histgb
fold_c,20260806,-0.007923177083333344,complex_traits,1hop,auroc,T_given_CSV_histgb
fold_d,42,0.0040003429355280895,complex_traits,1hop,auroc,T_given_CSV_histgb
fold_d,314159,0.0038631687242799417,complex_traits,1hop,auroc,T_given_CSV_histgb
fold_d,20260806,0.013237311385459583,complex_traits,1hop,auroc,T_given_CSV_histgb
fold_e,42,-0.028799258393264138,complex_traits,1hop,auroc,T_given_CSV_histgb
fold_e,314159,-0.03503737556240494,complex_traits,1hop,auroc,T_given_CSV_histgb
fold_e,20260806,-0.013415051782572296,complex_traits,1hop,auroc,T_given_CSV_histgb
fold_a,42,-0.014313494910187186,complex_traits,1hop,auroc,T_given_CSVH_histgb
fold_a,314159,-0.0022765761604804924,complex_traits,1hop,auroc,T_given_CSVH_histgb
fold_a,20260806,0.0021379070130557176,complex_traits,1hop,auroc,T_given_CSVH_histgb
fold_b,42,0.007034739336940432,complex_traits,1hop,auroc,T_given_CSVH_histgb
fold_b,314159,0.014971921745101091,complex_traits,1hop,auroc,T_given_CSVH_histgb
fold_b,20260806,0.011511207695451886,complex_traits,1hop,auroc,T_given_CSVH_histgb
fold_c,42,9.331597222222987e-05,complex_traits,1hop,auroc,T_given_CSVH_histgb
fold_c,314159,0.012204861111111187,complex_traits,1hop,auroc,T_given_CSVH_histgb
fold_c,20260806,0.0029014756944444886,complex_traits,1hop,auroc,T_given_CSVH_histgb
fold_d,42,-0.0027709190672153827,complex_traits,1hop,auroc,T_given_CSVH_histgb
fold_d,314159,-0.008871742112482872,complex_traits,1hop,auroc,T_given_CSVH_histgb
fold_d,20260806,0.011754115226337403,complex_traits,1hop,auroc,T_given_CSVH_histgb
fold_e,42,-0.0030954405356573567,complex_traits,1hop,auroc,T_given_CSVH_histgb
fold_e,314159,-0.02821323555461086,complex_traits,1hop,auroc,T_given_CSVH_histgb
fold_e,20260806,0.019825875934389003,complex_traits,1hop,auroc,T_given_CSVH_histgb
fold_a,42,-0.006202987610403055,complex_traits,1hop,auroc,T_given_CS_linear
fold_a,314159,0.007697775506660842,complex_traits,1hop,auroc,T_given_CS_linear
fold_a,20260806,-0.013586300798494155,complex_traits,1hop,auroc,T_given_CS_linear
fold_b,42,0.004330108009890421,complex_traits,1hop,auroc,T_given_CS_linear
fold_b,314159,0.021421894159210364,complex_traits,1hop,auroc,T_given_CS_linear
fold_b,20260806,0.010598647549442064,complex_traits,1hop,auroc,T_given_CS_linear
fold_c,42,-0.0076953124999999956,complex_traits,1hop,auroc,T_given_CS_linear
fold_c,314159,-0.013849826388888875,complex_traits,1hop,auroc,T_given_CS_linear
fold_c,20260806,-0.009483506944444442,complex_traits,1hop,auroc,T_given_CS_linear
fold_d,42,0.017393689986282546,complex_traits,1hop,auroc,T_given_CS_linear
fold_d,314159,0.010274348422496526,complex_traits,1hop,auroc,T_given_CS_linear
fold_d,20260806,0.005301783264746174,complex_traits,1hop,auroc,T_given_CS_linear
fold_e,42,0.027334939360659227,complex_traits,1hop,auroc,T_given_CS_linear
fold_e,314159,0.010825923170486806,complex_traits,1hop,auroc,T_given_CS_linear
fold_e,20260806,0.022017926099124896,complex_traits,1hop,auroc,T_given_CS_linear
fold_a,42,-0.006202987610403055,complex_traits,1hop,auroc,T_given_V_CS_fusion
fold_a,314159,0.009772353302782366,complex_traits,1hop,auroc,T_given_V_CS_fusion
fold_a,20260806,-0.013586300798494155,complex_traits,1hop,auroc,T_given_V_CS_fusion
fold_b,42,0.003928122904922504,complex_traits,1hop,auroc,T_given_V_CS_fusion
fold_b,314159,0.020212566486043193,complex_traits,1hop,auroc,T_given_V_CS_fusion
fold_b,20260806,0.0100428829076743,complex_traits,1hop,auroc,T_given_V_CS_fusion
fold_c,42,-0.008546006944444406,complex_traits,1hop,auroc,T_given_V_CS_fusion
fold_c,314159,-0.014014756944444429,complex_traits,1hop,auroc,T_given_V_CS_fusion
fold_c,20260806,-0.010039062499999973,complex_traits,1hop,auroc,T_given_V_CS_fusion
fold_d,42,0.0016460905349793276,complex_traits,1hop,auroc,T_given_V_CS_fusion
fold_d,314159,-0.0026543209876542795,complex_traits,1hop,auroc,T_given_V_CS_fusion
fold_d,20260806,-0.05551440329218105,complex_traits,1hop,auroc,T_given_V_CS_fusion
fold_e,42,0.015847710820609207,complex_traits,1hop,auroc,T_given_V_CS_fusion
fold_e,314159,-0.0007085414673893009,complex_traits,1hop,auroc,T_given_V_CS_fusion
fold_e,20260806,0.010397846033939118,complex_traits,1hop,auroc,T_given_V_CS_fusion
fold_a,42,0.03236559738559519,complex_traits,1hop,auroc,T_given_CSH_linear
fold_a,314159,0.0066615784916509435,complex_traits,1hop,auroc,T_given_CSH_linear
fold_a,20260806,-0.010443861378895414,complex_traits,1hop,auroc,T_given_CSH_linear
fold_b,42,-0.024376754469386364,complex_traits,1hop,auroc,T_given_CSH_linear
fold_b,314159,-0.0044609555105008525,complex_traits,1hop,auroc,T_given_CSH_linear
fold_b,20260806,-0.016734990645078218,complex_traits,1hop,auroc,T_given_CSH_linear
fold_c,42,-0.0017578125000000666,complex_traits,1hop,auroc,T_given_CSH_linear
fold_c,314159,-0.006393229166666625,complex_traits,1hop,auroc,T_given_CSH_linear
fold_c,20260806,0.0033854166666665853,complex_traits,1hop,auroc,T_given_CSH_linear
fold_d,42,0.016105967078189343,complex_traits,1hop,auroc,T_given_CSH_linear
fold_d,314159,0.00947187928669413,complex_traits,1hop,auroc,T_given_CSH_linear
fold_d,20260806,0.00303155006858713,complex_traits,1hop,auroc,T_given_CSH_linear
fold_e,42,-0.0005845467105962676,complex_traits,1hop,auroc,T_given_CSH_linear
fold_e,314159,-0.009919580543451323,complex_traits,1hop,auroc,T_given_CSH_linear
fold_e,20260806,-0.007841192239109063,complex_traits,1hop,auroc,T_given_CSH_linear
fold_a,42,0.02788014181377063,complex_traits,1hop,auroc,T_given_V_CSH_fusion
fold_a,314159,0.012258571008976427,complex_traits,1hop,auroc,T_given_V_CSH_fusion
fold_a,20260806,-0.014929316950719973,complex_traits,1hop,auroc,T_given_V_CSH_fusion
fold_b,42,-0.022401901470483043,complex_traits,1hop,auroc,T_given_V_CSH_fusion
fold_b,314159,-0.004170932699869567,complex_traits,1hop,auroc,T_given_V_CSH_fusion
fold_b,20260806,-0.014944942878995837,complex_traits,1hop,auroc,T_given_V_CSH_fusion
fold_c,42,0.0008506944444444109,complex_traits,1hop,auroc,T_given_V_CSH_fusion
fold_c,314159,-0.009943576388888875,complex_traits,1hop,auroc,T_given_V_CSH_fusion
fold_c,20260806,-0.0009201388888889772,complex_traits,1hop,auroc,T_given_V_CSH_fusion
fold_d,42,0.011255144032921827,complex_traits,1hop,auroc,T_given_V_CSH_fusion
fold_d,314159,0.006872427983539153,complex_traits,1hop,auroc,T_given_V_CSH_fusion
fold_d,20260806,-0.04645061728395061,complex_traits,1hop,auroc,T_given_V_CSH_fusion
fold_e,42,-0.004038686364119415,complex_traits,1hop,auroc,T_given_V_CSH_fusion
fold_e,314159,-0.013159681628700626,complex_traits,1hop,auroc,T_given_V_CSH_fusion
fold_e,20260806,-0.013257106080466707,complex_traits,1hop,auroc,T_given_V_CSH_fusion
fold_a,42,0.0009488463709629302,complex_traits,1hop,auroc,fusion_vs_concat_CSV
fold_a,314159,0.0009488463709629302,complex_traits,1hop,auroc,fusion_vs_concat_CSV
fold_a,20260806,0.0009488463709629302,complex_traits,1hop,auroc,fusion_vs_concat_CSV
fold_b,42,-0.026103401900121614,complex_traits,1hop,auroc,fusion_vs_concat_CSV
fold_b,314159,-0.026103401900121614,complex_traits,1hop,auroc,fusion_vs_concat_CSV
fold_b,20260806,-0.026103401900121614,complex_traits,1hop,auroc,fusion_vs_concat_CSV
fold_c,42,0.002547743055555496,complex_traits,1hop,auroc,fusion_vs_concat_CSV
fold_c,314159,0.002547743055555496,complex_traits,1hop,auroc,fusion_vs_concat_CSV
fold_c,20260806,0.002547743055555496,complex_traits,1hop,auroc,fusion_vs_concat_CSV
fold_d,42,0.013292181069958886,complex_traits,1hop,auroc,fusion_vs_concat_CSV
fold_d,314159,0.013292181069958886,complex_traits,1hop,auroc,fusion_vs_concat_CSV
fold_d,20260806,0.013292181069958886,complex_traits,1hop,auroc,fusion_vs_concat_CSV
fold_e,42,-0.029909306692174287,complex_traits,1hop,auroc,fusion_vs_concat_CSV
fold_e,314159,-0.029909306692174287,complex_traits,1hop,auroc,fusion_vs_concat_CSV
fold_e,20260806,-0.029909306692174287,complex_traits,1hop,auroc,fusion_vs_concat_CSV
fold_a,42,-0.021720283583865796,complex_traits,1hop,auroc,fusion_vs_V_CS
fold_a,314159,-0.021720283583865796,complex_traits,1hop,auroc,fusion_vs_V_CS
fold_a,20260806,-0.021720283583865796,complex_traits,1hop,auroc,fusion_vs_V_CS
fold_b,42,0.04876497495686749,complex_traits,1hop,auroc,fusion_vs_V_CS
fold_b,314159,0.04876497495686749,complex_traits,1hop,auroc,fusion_vs_V_CS
fold_b,20260806,0.04876497495686749,complex_traits,1hop,auroc,fusion_vs_V_CS
fold_c,42,0.0035655381944443842,complex_traits,1hop,auroc,fusion_vs_V_CS
fold_c,314159,0.0035655381944443842,complex_traits,1hop,auroc,fusion_vs_V_CS
fold_c,20260806,0.0035655381944443842,complex_traits,1hop,auroc,fusion_vs_V_CS
fold_d,42,0.05551440329218105,complex_traits,1hop,auroc,fusion_vs_V_CS
fold_d,314159,0.05551440329218105,complex_traits,1hop,auroc,fusion_vs_V_CS
fold_d,20260806,0.05551440329218105,complex_traits,1hop,auroc,fusion_vs_V_CS
fold_e,42,-0.009386698314852171,complex_traits,1hop,auroc,fusion_vs_V_CS
fold_e,314159,-0.009386698314852171,complex_traits,1hop,auroc,fusion_vs_V_CS
fold_e,20260806,-0.009386698314852171,complex_traits,1hop,auroc,fusion_vs_V_CS
fold_a,42,-0.0053993616851686355,complex_traits,1hop,auroc,fusion_vs_concat_CSVT
fold_a,314159,-0.0024862177061939494,complex_traits,1hop,auroc,fusion_vs_concat_CSVT
fold_a,20260806,-0.015228492906581848,complex_traits,1hop,auroc,fusion_vs_concat_CSVT
fold_b,42,-0.021887279599525633,complex_traits,1hop,auroc,fusion_vs_concat_CSVT
fold_b,314159,0.003466784294522851,complex_traits,1hop,auroc,fusion_vs_concat_CSVT
fold_b,20260806,0.0001699668564629775,complex_traits,1hop,auroc,fusion_vs_concat_CSVT
fold_c,42,0.00203125000000004,complex_traits,1hop,auroc,fusion_vs_concat_CSVT
fold_c,314159,0.0011197916666666474,complex_traits,1hop,auroc,fusion_vs_concat_CSVT
fold_c,20260806,0.0026085069444444775,complex_traits,1hop,auroc,fusion_vs_concat_CSVT
fold_d,42,-0.001752400548696964,complex_traits,1hop,auroc,fusion_vs_concat_CSVT
fold_d,314159,-0.0001423182441701032,complex_traits,1hop,auroc,fusion_vs_concat_CSVT
fold_d,20260806,-0.046718106995884856,complex_traits,1hop,auroc,fusion_vs_concat_CSVT
fold_e,42,-0.0008974858586932033,complex_traits,1hop,auroc,fusion_vs_concat_CSVT
fold_e,314159,-0.0013698468369528483,complex_traits,1hop,auroc,fusion_vs_concat_CSVT
fold_e,20260806,-0.0014023216542081718,complex_traits,1hop,auroc,fusion_vs_concat_CSVT
fold_a,42,-0.02792327119426885,complex_traits,1hop,auroc,fusion_vs_V_CST
fold_a,314159,-0.01194793028108343,complex_traits,1hop,auroc,fusion_vs_V_CST
fold_a,20260806,-0.03530658438235995,complex_traits,1hop,auroc,fusion_vs_V_CST
fold_b,42,0.052693097861789995,complex_traits,1hop,auroc,fusion_vs_V_CST
fold_b,314159,0.06897754144291068,complex_traits,1hop,auroc,fusion_vs_V_CST
fold_b,20260806,0.05880785786454179,complex_traits,1hop,auroc,fusion_vs_V_CST
fold_c,42,-0.004980468750000022,complex_traits,1hop,auroc,fusion_vs_V_CST
fold_c,314159,-0.010449218750000044,complex_traits,1hop,auroc,fusion_vs_V_CST
fold_c,20260806,-0.006473524305555589,complex_traits,1hop,auroc,fusion_vs_V_CST
fold_d,42,0.057160493827160375,complex_traits,1hop,auroc,fusion_vs_V_CST
fold_d,314159,0.05286008230452677,complex_traits,1hop,auroc,fusion_vs_V_CST
fold_d,20260806,0.0,complex_traits,1hop,auroc,fusion_vs_V_CST
fold_e,42,0.0064610125057570356,complex_traits,1hop,auroc,fusion_vs_V_CST
fold_e,314159,-0.010095239782241472,complex_traits,1hop,auroc,fusion_vs_V_CST
fold_e,20260806,0.0010111477190869467,complex_traits,1hop,auroc,fusion_vs_V_CST
fold_a,42,0.0014178101411913557,complex_traits,1hop,auroc,fusion_vs_concat_CSVH
fold_a,314159,0.0014178101411913557,complex_traits,1hop,auroc,fusion_vs_concat_CSVH
fold_a,20260806,0.0014178101411913557,complex_traits,1hop,auroc,fusion_vs_concat_CSVH
fold_b,42,-0.0027653337757866936,complex_traits,1hop,auroc,fusion_vs_concat_CSVH
fold_b,314159,-0.0027653337757866936,complex_traits,1hop,auroc,fusion_vs_concat_CSVH
fold_b,20260806,-0.0027653337757866936,complex_traits,1hop,auroc,fusion_vs_concat_CSVH
fold_c,42,0.0009765625,complex_traits,1hop,auroc,fusion_vs_concat_CSVH
fold_c,314159,0.0009765625,complex_traits,1hop,auroc,fusion_vs_concat_CSVH
fold_c,20260806,0.0009765625,complex_traits,1hop,auroc,fusion_vs_concat_CSVH
fold_d,42,0.003851165980795601,complex_traits,1hop,auroc,fusion_vs_concat_CSVH
fold_d,314159,0.003851165980795601,complex_traits,1hop,auroc,fusion_vs_concat_CSVH
fold_d,20260806,0.003851165980795601,complex_traits,1hop,auroc,fusion_vs_concat_CSVH
fold_e,42,0.010586790425242909,complex_traits,1hop,auroc,fusion_vs_concat_CSVH
fold_e,314159,0.010586790425242909,complex_traits,1hop,auroc,fusion_vs_concat_CSVH
fold_e,20260806,0.010586790425242909,complex_traits,1hop,auroc,fusion_vs_concat_CSVH
fold_a,42,-0.017485961113677062,complex_traits,1hop,auroc,fusion_vs_V_CSH
fold_a,314159,-0.017485961113677062,complex_traits,1hop,auroc,fusion_vs_V_CSH
fold_a,20260806,-0.017485961113677062,complex_traits,1hop,auroc,fusion_vs_V_CSH
fold_b,42,0.07359227649021138,complex_traits,1hop,auroc,fusion_vs_V_CSH
fold_b,314159,0.07359227649021138,complex_traits,1hop,auroc,fusion_vs_V_CSH
fold_b,20260806,0.07359227649021138,complex_traits,1hop,auroc,fusion_vs_V_CSH
fold_c,42,-0.007194010416666674,complex_traits,1hop,auroc,fusion_vs_V_CSH
fold_c,314159,-0.007194010416666674,complex_traits,1hop,auroc,fusion_vs_V_CSH
fold_c,20260806,-0.007194010416666674,complex_traits,1hop,auroc,fusion_vs_V_CSH
fold_d,42,0.04645061728395061,complex_traits,1hop,auroc,fusion_vs_V_CSH
fold_d,314159,0.04645061728395061,complex_traits,1hop,auroc,fusion_vs_V_CSH
fold_d,20260806,0.04645061728395061,complex_traits,1hop,auroc,fusion_vs_V_CSH
fold_e,42,-0.011884306987399729,complex_traits,1hop,auroc,fusion_vs_V_CSH
fold_e,314159,-0.011884306987399729,complex_traits,1hop,auroc,fusion_vs_V_CSH
fold_e,20260806,-0.011884306987399729,complex_traits,1hop,auroc,fusion_vs_V_CSH
fold_a,42,-0.0033051299941366796,complex_traits,1hop,auroc,fusion_vs_concat_CSVHT
fold_a,314159,0.008419510203101166,complex_traits,1hop,auroc,fusion_vs_concat_CSVHT
fold_a,20260806,-0.0026325300349730463,complex_traits,1hop,auroc,fusion_vs_concat_CSVHT
fold_b,42,-0.02347026456825041,complex_traits,1hop,auroc,fusion_vs_concat_CSVHT
fold_b,314159,-0.001969457225682314,complex_traits,1hop,auroc,fusion_vs_concat_CSVHT
fold_b,20260806,-0.013516411918723548,complex_traits,1hop,auroc,fusion_vs_concat_CSVHT
fold_c,42,0.003914930555555585,complex_traits,1hop,auroc,fusion_vs_concat_CSVHT
fold_c,314159,-0.0008376736111109784,complex_traits,1hop,auroc,fusion_vs_concat_CSVHT
fold_c,20260806,7.812499999992895e-05,complex_traits,1hop,auroc,fusion_vs_concat_CSVHT
fold_d,42,-0.000795610425240012,complex_traits,1hop,auroc,fusion_vs_concat_CSVHT
fold_d,314159,0.0004389574759946502,complex_traits,1hop,auroc,fusion_vs_concat_CSVHT
fold_d,20260806,-0.044403292181069975,complex_traits,1hop,auroc,fusion_vs_concat_CSVHT
fold_e,42,-0.015207071243844461,complex_traits,1hop,auroc,fusion_vs_concat_CSVHT
fold_e,314159,-0.010479033077077426,complex_traits,1hop,auroc,fusion_vs_concat_CSVHT
fold_e,20260806,-0.02273384820679969,complex_traits,1hop,auroc,fusion_vs_concat_CSVHT
fold_a,42,0.01039418070009357,complex_traits,1hop,auroc,fusion_vs_V_CSHT
fold_a,314159,-0.0052273901047006355,complex_traits,1hop,auroc,fusion_vs_V_CSHT
fold_a,20260806,-0.032415278064397035,complex_traits,1hop,auroc,fusion_vs_V_CSHT
fold_b,42,0.05119037501972834,complex_traits,1hop,auroc,fusion_vs_V_CSHT
fold_b,314159,0.06942134379034182,complex_traits,1hop,auroc,fusion_vs_V_CSHT
fold_b,20260806,0.058647333611215546,complex_traits,1hop,auroc,fusion_vs_V_CSHT
fold_c,42,-0.006343315972222263,complex_traits,1hop,auroc,fusion_vs_V_CSHT
fold_c,314159,-0.01713758680555555,complex_traits,1hop,auroc,fusion_vs_V_CSHT
fold_c,20260806,-0.008114149305555651,complex_traits,1hop,auroc,fusion_vs_V_CSHT
fold_d,42,0.05770576131687244,complex_traits,1hop,auroc,fusion_vs_V_CSHT
fold_d,314159,0.053323045267489766,complex_traits,1hop,auroc,fusion_vs_V_CSHT
fold_d,20260806,0.0,complex_traits,1hop,auroc,fusion_vs_V_CSHT
fold_e,42,-0.015922993351519144,complex_traits,1hop,auroc,fusion_vs_V_CSHT
fold_e,314159,-0.025043988616100354,complex_traits,1hop,auroc,fusion_vs_V_CSHT
fold_e,20260806,-0.025141413067866436,complex_traits,1hop,auroc,fusion_vs_V_CSHT
fold_a,42,0.0,complex_traits,1hop,normalized_ap,linear_vs_fixed_V
fold_a,314159,0.0,complex_traits,1hop,normalized_ap,linear_vs_fixed_V
fold_a,20260806,0.0,complex_traits,1hop,normalized_ap,linear_vs_fixed_V
fold_b,42,-1.1885229976921728e-05,complex_traits,1hop,normalized_ap,linear_vs_fixed_V
fold_b,314159,-1.1885229976921728e-05,complex_traits,1hop,normalized_ap,linear_vs_fixed_V
fold_b,20260806,-1.1885229976921728e-05,complex_traits,1hop,normalized_ap,linear_vs_fixed_V
fold_c,42,0.0009393632569137632,complex_traits,1hop,normalized_ap,linear_vs_fixed_V
fold_c,314159,0.0009393632569137632,complex_traits,1hop,normalized_ap,linear_vs_fixed_V
fold_c,20260806,0.0009393632569137632,complex_traits,1hop,normalized_ap,linear_vs_fixed_V
fold_d,42,3.728668060200453e-05,complex_traits,1hop,normalized_ap,linear_vs_fixed_V
fold_d,314159,3.728668060200453e-05,complex_traits,1hop,normalized_ap,linear_vs_fixed_V
fold_d,20260806,3.728668060200453e-05,complex_traits,1hop,normalized_ap,linear_vs_fixed_V
fold_e,42,0.0009817260028447475,complex_traits,1hop,normalized_ap,linear_vs_fixed_V
fold_e,314159,0.0009817260028447475,complex_traits,1hop,normalized_ap,linear_vs_fixed_V
fold_e,20260806,0.0009817260028447475,complex_traits,1hop,normalized_ap,linear_vs_fixed_V
fold_a,42,-0.007641005566830104,complex_traits,1hop,normalized_ap,histgb_vs_fixed_V
fold_a,314159,-0.007641005566830104,complex_traits,1hop,normalized_ap,histgb_vs_fixed_V
fold_a,20260806,-0.007641005566830104,complex_traits,1hop,normalized_ap,histgb_vs_fixed_V
fold_b,42,0.00967029935283012,complex_traits,1hop,normalized_ap,histgb_vs_fixed_V
fold_b,314159,0.00967029935283012,complex_traits,1hop,normalized_ap,histgb_vs_fixed_V
fold_b,20260806,0.00967029935283012,complex_traits,1hop,normalized_ap,histgb_vs_fixed_V
fold_c,42,-0.004703478734493875,complex_traits,1hop,normalized_ap,histgb_vs_fixed_V
fold_c,314159,-0.004703478734493875,complex_traits,1hop,normalized_ap,histgb_vs_fixed_V
fold_c,20260806,-0.004703478734493875,complex_traits,1hop,normalized_ap,histgb_vs_fixed_V
fold_d,42,0.01837193751738587,complex_traits,1hop,normalized_ap,histgb_vs_fixed_V
fold_d,314159,0.01837193751738587,complex_traits,1hop,normalized_ap,histgb_vs_fixed_V
fold_d,20260806,0.01837193751738587,complex_traits,1hop,normalized_ap,histgb_vs_fixed_V
fold_e,42,-0.02576808506727371,complex_traits,1hop,normalized_ap,histgb_vs_fixed_V
fold_e,314159,-0.02576808506727371,complex_traits,1hop,normalized_ap,histgb_vs_fixed_V
fold_e,20260806,-0.02576808506727371,complex_traits,1hop,normalized_ap,histgb_vs_fixed_V
fold_a,42,0.0046612339378785915,complex_traits,1hop,normalized_ap,linear_vs_fixed_CS
fold_a,314159,0.0046612339378785915,complex_traits,1hop,normalized_ap,linear_vs_fixed_CS
fold_a,20260806,0.0046612339378785915,complex_traits,1hop,normalized_ap,linear_vs_fixed_CS
fold_b,42,0.0,complex_traits,1hop,normalized_ap,linear_vs_fixed_CS
fold_b,314159,0.0,complex_traits,1hop,normalized_ap,linear_vs_fixed_CS
fold_b,20260806,0.0,complex_traits,1hop,normalized_ap,linear_vs_fixed_CS
fold_c,42,-0.0010576087581475532,complex_traits,1hop,normalized_ap,linear_vs_fixed_CS
fold_c,314159,-0.0010576087581475532,complex_traits,1hop,normalized_ap,linear_vs_fixed_CS
fold_c,20260806,-0.0010576087581475532,complex_traits,1hop,normalized_ap,linear_vs_fixed_CS
fold_d,42,0.007073225408439784,complex_traits,1hop,normalized_ap,linear_vs_fixed_CS
fold_d,314159,0.007073225408439784,complex_traits,1hop,normalized_ap,linear_vs_fixed_CS
fold_d,20260806,0.007073225408439784,complex_traits,1hop,normalized_ap,linear_vs_fixed_CS
fold_e,42,-0.011081639248389737,complex_traits,1hop,normalized_ap,linear_vs_fixed_CS
fold_e,314159,-0.011081639248389737,complex_traits,1hop,normalized_ap,linear_vs_fixed_CS
fold_e,20260806,-0.011081639248389737,complex_traits,1hop,normalized_ap,linear_vs_fixed_CS
fold_a,42,0.0009657720179672795,complex_traits,1hop,normalized_ap,histgb_vs_fixed_CS
fold_a,314159,0.0009657720179672795,complex_traits,1hop,normalized_ap,histgb_vs_fixed_CS
fold_a,20260806,0.0009657720179672795,complex_traits,1hop,normalized_ap,histgb_vs_fixed_CS
fold_b,42,-0.008477604166428298,complex_traits,1hop,normalized_ap,histgb_vs_fixed_CS
fold_b,314159,-0.008477604166428298,complex_traits,1hop,normalized_ap,histgb_vs_fixed_CS
fold_b,20260806,-0.008477604166428298,complex_traits,1hop,normalized_ap,histgb_vs_fixed_CS
fold_c,42,-0.02041384751117734,complex_traits,1hop,normalized_ap,histgb_vs_fixed_CS
fold_c,314159,-0.02041384751117734,complex_traits,1hop,normalized_ap,histgb_vs_fixed_CS
fold_c,20260806,-0.02041384751117734,complex_traits,1hop,normalized_ap,histgb_vs_fixed_CS
fold_d,42,0.0065086283444048335,complex_traits,1hop,normalized_ap,histgb_vs_fixed_CS
fold_d,314159,0.0065086283444048335,complex_traits,1hop,normalized_ap,histgb_vs_fixed_CS
fold_d,20260806,0.0065086283444048335,complex_traits,1hop,normalized_ap,histgb_vs_fixed_CS
fold_e,42,-0.00504771194771152,complex_traits,1hop,normalized_ap,histgb_vs_fixed_CS
fold_e,314159,-0.00504771194771152,complex_traits,1hop,normalized_ap,histgb_vs_fixed_CS
fold_e,20260806,-0.00504771194771152,complex_traits,1hop,normalized_ap,histgb_vs_fixed_CS
fold_a,42,0.0014490096839667793,complex_traits,1hop,normalized_ap,linear_vs_fixed_CSV
fold_a,314159,0.0014490096839667793,complex_traits,1hop,normalized_ap,linear_vs_fixed_CSV
fold_a,20260806,0.0014490096839667793,complex_traits,1hop,normalized_ap,linear_vs_fixed_CSV
fold_b,42,0.002400307069565972,complex_traits,1hop,normalized_ap,linear_vs_fixed_CSV
fold_b,314159,0.002400307069565972,complex_traits,1hop,normalized_ap,linear_vs_fixed_CSV
fold_b,20260806,0.002400307069565972,complex_traits,1hop,normalized_ap,linear_vs_fixed_CSV
fold_c,42,-0.004684502657041439,complex_traits,1hop,normalized_ap,linear_vs_fixed_CSV
fold_c,314159,-0.004684502657041439,complex_traits,1hop,normalized_ap,linear_vs_fixed_CSV
fold_c,20260806,-0.004684502657041439,complex_traits,1hop,normalized_ap,linear_vs_fixed_CSV
fold_d,42,0.00759899500606381,complex_traits,1hop,normalized_ap,linear_vs_fixed_CSV
fold_d,314159,0.00759899500606381,complex_traits,1hop,normalized_ap,linear_vs_fixed_CSV
fold_d,20260806,0.00759899500606381,complex_traits,1hop,normalized_ap,linear_vs_fixed_CSV
fold_e,42,0.004603505152835453,complex_traits,1hop,normalized_ap,linear_vs_fixed_CSV
fold_e,314159,0.004603505152835453,complex_traits,1hop,normalized_ap,linear_vs_fixed_CSV
fold_e,20260806,0.004603505152835453,complex_traits,1hop,normalized_ap,linear_vs_fixed_CSV
fold_a,42,0.002661668940983939,complex_traits,1hop,normalized_ap,histgb_vs_fixed_CSV
fold_a,314159,0.002661668940983939,complex_traits,1hop,normalized_ap,histgb_vs_fixed_CSV
fold_a,20260806,0.002661668940983939,complex_traits,1hop,normalized_ap,histgb_vs_fixed_CSV
fold_b,42,-0.002186518080869001,complex_traits,1hop,normalized_ap,histgb_vs_fixed_CSV
fold_b,314159,-0.002186518080869001,complex_traits,1hop,normalized_ap,histgb_vs_fixed_CSV
fold_b,20260806,-0.002186518080869001,complex_traits,1hop,normalized_ap,histgb_vs_fixed_CSV
fold_c,42,-0.023962471324459732,complex_traits,1hop,normalized_ap,histgb_vs_fixed_CSV
fold_c,314159,-0.023962471324459732,complex_traits,1hop,normalized_ap,histgb_vs_fixed_CSV
fold_c,20260806,-0.023962471324459732,complex_traits,1hop,normalized_ap,histgb_vs_fixed_CSV
fold_d,42,0.00771424316163067,complex_traits,1hop,normalized_ap,histgb_vs_fixed_CSV
fold_d,314159,0.00771424316163067,complex_traits,1hop,normalized_ap,histgb_vs_fixed_CSV
fold_d,20260806,0.00771424316163067,complex_traits,1hop,normalized_ap,histgb_vs_fixed_CSV
fold_e,42,0.009978326567875048,complex_traits,1hop,normalized_ap,histgb_vs_fixed_CSV
fold_e,314159,0.009978326567875048,complex_traits,1hop,normalized_ap,histgb_vs_fixed_CSV
fold_e,20260806,0.009978326567875048,complex_traits,1hop,normalized_ap,histgb_vs_fixed_CSV
fold_a,42,0.005214553753210869,complex_traits,1hop,normalized_ap,linear_vs_fixed_CSVT
fold_a,314159,0.002306231965944575,complex_traits,1hop,normalized_ap,linear_vs_fixed_CSVT
fold_a,20260806,0.0039464946053123975,complex_traits,1hop,normalized_ap,linear_vs_fixed_CSVT
fold_b,42,0.005919546593264803,complex_traits,1hop,normalized_ap,linear_vs_fixed_CSVT
fold_b,314159,0.0,complex_traits,1hop,normalized_ap,linear_vs_fixed_CSVT
fold_b,20260806,-0.002151054802330115,complex_traits,1hop,normalized_ap,linear_vs_fixed_CSVT
fold_c,42,0.010236507929624359,complex_traits,1hop,normalized_ap,linear_vs_fixed_CSVT
fold_c,314159,0.0018918319408604226,complex_traits,1hop,normalized_ap,linear_vs_fixed_CSVT
fold_c,20260806,-0.004013549366965449,complex_traits,1hop,normalized_ap,linear_vs_fixed_CSVT
fold_d,42,0.010791380323915242,complex_traits,1hop,normalized_ap,linear_vs_fixed_CSVT
fold_d,314159,0.008282591586342685,complex_traits,1hop,normalized_ap,linear_vs_fixed_CSVT
fold_d,20260806,0.0007869563693740124,complex_traits,1hop,normalized_ap,linear_vs_fixed_CSVT
fold_e,42,0.0037635750479825536,complex_traits,1hop,normalized_ap,linear_vs_fixed_CSVT
fold_e,314159,0.0023690077870986495,complex_traits,1hop,normalized_ap,linear_vs_fixed_CSVT
fold_e,20260806,-0.003680775381028685,complex_traits,1hop,normalized_ap,linear_vs_fixed_CSVT
fold_a,42,0.0014071632264195544,complex_traits,1hop,normalized_ap,histgb_vs_fixed_CSVT
fold_a,314159,0.0021891695390341727,complex_traits,1hop,normalized_ap,histgb_vs_fixed_CSVT
fold_a,20260806,0.006182670717974301,complex_traits,1hop,normalized_ap,histgb_vs_fixed_CSVT
fold_b,42,-0.007529272581486187,complex_traits,1hop,normalized_ap,histgb_vs_fixed_CSVT
fold_b,314159,-0.007545687846586886,complex_traits,1hop,normalized_ap,histgb_vs_fixed_CSVT
fold_b,20260806,-0.0053532730333656145,complex_traits,1hop,normalized_ap,histgb_vs_fixed_CSVT
fold_c,42,-0.018696786297186564,complex_traits,1hop,normalized_ap,histgb_vs_fixed_CSVT
fold_c,314159,-0.016434861436652473,complex_traits,1hop,normalized_ap,histgb_vs_fixed_CSVT
fold_c,20260806,-0.030244111342593256,complex_traits,1hop,normalized_ap,histgb_vs_fixed_CSVT
fold_d,42,-0.0004170338225947673,complex_traits,1hop,normalized_ap,histgb_vs_fixed_CSVT
fold_d,314159,0.01515936225241794,complex_traits,1hop,normalized_ap,histgb_vs_fixed_CSVT
fold_d,20260806,0.014483563395707996,complex_traits,1hop,normalized_ap,histgb_vs_fixed_CSVT
fold_e,42,-0.006646441731539988,complex_traits,1hop,normalized_ap,histgb_vs_fixed_CSVT
fold_e,314159,-0.0016490747529085102,complex_traits,1hop,normalized_ap,histgb_vs_fixed_CSVT
fold_e,20260806,-0.0033716748800362156,complex_traits,1hop,normalized_ap,histgb_vs_fixed_CSVT
fold_a,42,0.0011658923645804014,complex_traits,1hop,normalized_ap,linear_vs_fixed_CSVH
fold_a,314159,0.0011658923645804014,complex_traits,1hop,normalized_ap,linear_vs_fixed_CSVH
fold_a,20260806,0.0011658923645804014,complex_traits,1hop,normalized_ap,linear_vs_fixed_CSVH
fold_b,42,0.00543276244739966,complex_traits,1hop,normalized_ap,linear_vs_fixed_CSVH
fold_b,314159,0.00543276244739966,complex_traits,1hop,normalized_ap,linear_vs_fixed_CSVH
fold_b,20260806,0.00543276244739966,complex_traits,1hop,normalized_ap,linear_vs_fixed_CSVH
fold_c,42,-0.0034673924253479024,complex_traits,1hop,normalized_ap,linear_vs_fixed_CSVH
fold_c,314159,-0.0034673924253479024,complex_traits,1hop,normalized_ap,linear_vs_fixed_CSVH
fold_c,20260806,-0.0034673924253479024,complex_traits,1hop,normalized_ap,linear_vs_fixed_CSVH
fold_d,42,0.00800574253691469,complex_traits,1hop,normalized_ap,linear_vs_fixed_CSVH
fold_d,314159,0.00800574253691469,complex_traits,1hop,normalized_ap,linear_vs_fixed_CSVH
fold_d,20260806,0.00800574253691469,complex_traits,1hop,normalized_ap,linear_vs_fixed_CSVH
fold_e,42,-0.0018653190855479548,complex_traits,1hop,normalized_ap,linear_vs_fixed_CSVH
fold_e,314159,-0.0018653190855479548,complex_traits,1hop,normalized_ap,linear_vs_fixed_CSVH
fold_e,20260806,-0.0018653190855479548,complex_traits,1hop,normalized_ap,linear_vs_fixed_CSVH
fold_a,42,0.003445101504926924,complex_traits,1hop,normalized_ap,histgb_vs_fixed_CSVH
fold_a,314159,0.003445101504926924,complex_traits,1hop,normalized_ap,histgb_vs_fixed_CSVH
fold_a,20260806,0.003445101504926924,complex_traits,1hop,normalized_ap,histgb_vs_fixed_CSVH
fold_b,42,-0.004458728037532798,complex_traits,1hop,normalized_ap,histgb_vs_fixed_CSVH
fold_b,314159,-0.004458728037532798,complex_traits,1hop,normalized_ap,histgb_vs_fixed_CSVH
fold_b,20260806,-0.004458728037532798,complex_traits,1hop,normalized_ap,histgb_vs_fixed_CSVH
fold_c,42,-0.024877316118666476,complex_traits,1hop,normalized_ap,histgb_vs_fixed_CSVH
fold_c,314159,-0.024877316118666476,complex_traits,1hop,normalized_ap,histgb_vs_fixed_CSVH
fold_c,20260806,-0.024877316118666476,complex_traits,1hop,normalized_ap,histgb_vs_fixed_CSVH
fold_d,42,0.007805854386960166,complex_traits,1hop,normalized_ap,histgb_vs_fixed_CSVH
fold_d,314159,0.007805854386960166,complex_traits,1hop,normalized_ap,histgb_vs_fixed_CSVH
fold_d,20260806,0.007805854386960166,complex_traits,1hop,normalized_ap,histgb_vs_fixed_CSVH
fold_e,42,0.008516575424353183,complex_traits,1hop,normalized_ap,histgb_vs_fixed_CSVH
fold_e,314159,0.008516575424353183,complex_traits,1hop,normalized_ap,histgb_vs_fixed_CSVH
fold_e,20260806,0.008516575424353183,complex_traits,1hop,normalized_ap,histgb_vs_fixed_CSVH
fold_a,42,0.00857800664841433,complex_traits,1hop,normalized_ap,linear_vs_fixed_CSVHT
fold_a,314159,-0.0005877594772520705,complex_traits,1hop,normalized_ap,linear_vs_fixed_CSVHT
fold_a,20260806,-0.0011508537399747894,complex_traits,1hop,normalized_ap,linear_vs_fixed_CSVHT
fold_b,42,0.006919162946807063,complex_traits,1hop,normalized_ap,linear_vs_fixed_CSVHT
fold_b,314159,0.0058790477164955,complex_traits,1hop,normalized_ap,linear_vs_fixed_CSVHT
fold_b,20260806,0.0011568325253041543,complex_traits,1hop,normalized_ap,linear_vs_fixed_CSVHT
fold_c,42,-0.0007570251995749691,complex_traits,1hop,normalized_ap,linear_vs_fixed_CSVHT
fold_c,314159,7.917139010672584e-05,complex_traits,1hop,normalized_ap,linear_vs_fixed_CSVHT
fold_c,20260806,-0.00019036844430968258,complex_traits,1hop,normalized_ap,linear_vs_fixed_CSVHT
fold_d,42,0.012186773302509744,complex_traits,1hop,normalized_ap,linear_vs_fixed_CSVHT
fold_d,314159,0.010646046241654043,complex_traits,1hop,normalized_ap,linear_vs_fixed_CSVHT
fold_d,20260806,0.0011420360689330528,complex_traits,1hop,normalized_ap,linear_vs_fixed_CSVHT
fold_e,42,0.006591451566538752,complex_traits,1hop,normalized_ap,linear_vs_fixed_CSVHT
fold_e,314159,0.0016119482848006399,complex_traits,1hop,normalized_ap,linear_vs_fixed_CSVHT
fold_e,20260806,0.0015174234390625957,complex_traits,1hop,normalized_ap,linear_vs_fixed_CSVHT
fold_a,42,-0.00145211676835364,complex_traits,1hop,normalized_ap,histgb_vs_fixed_CSVHT
fold_a,314159,-0.0018600085834183377,complex_traits,1hop,normalized_ap,histgb_vs_fixed_CSVHT
fold_a,20260806,0.007625683955209189,complex_traits,1hop,normalized_ap,histgb_vs_fixed_CSVHT
fold_b,42,-0.0052648706273738,complex_traits,1hop,normalized_ap,histgb_vs_fixed_CSVHT
fold_b,314159,-0.0026642278389063384,complex_traits,1hop,normalized_ap,histgb_vs_fixed_CSVHT
fold_b,20260806,-0.003306172753952858,complex_traits,1hop,normalized_ap,histgb_vs_fixed_CSVHT
fold_c,42,-0.020605959345178997,complex_traits,1hop,normalized_ap,histgb_vs_fixed_CSVHT
fold_c,314159,-0.01586354730334883,complex_traits,1hop,normalized_ap,histgb_vs_fixed_CSVHT
fold_c,20260806,-0.027110913716892584,complex_traits,1hop,normalized_ap,histgb_vs_fixed_CSVHT
fold_d,42,0.0005656003631489721,complex_traits,1hop,normalized_ap,histgb_vs_fixed_CSVHT
fold_d,314159,0.00783929667320581,complex_traits,1hop,normalized_ap,histgb_vs_fixed_CSVHT
fold_d,20260806,0.022573861371994988,complex_traits,1hop,normalized_ap,histgb_vs_fixed_CSVHT
fold_e,42,0.009328692490372256,complex_traits,1hop,normalized_ap,histgb_vs_fixed_CSVHT
fold_e,314159,0.0011803891441653225,complex_traits,1hop,normalized_ap,histgb_vs_fixed_CSVHT
fold_e,20260806,0.019990712046535568,complex_traits,1hop,normalized_ap,histgb_vs_fixed_CSVHT
fold_a,42,0.004335698781585654,complex_traits,1hop,normalized_ap,T_given_CSV_linear
fold_a,314159,0.003586521338818001,complex_traits,1hop,normalized_ap,T_given_CSV_linear
fold_a,20260806,0.0009355353060494821,complex_traits,1hop,normalized_ap,T_given_CSV_linear
fold_b,42,7.31435683385788e-05,complex_traits,1hop,normalized_ap,T_given_CSV_linear
fold_b,314159,-0.004321645995373984,complex_traits,1hop,normalized_ap,T_given_CSV_linear
fold_b,20260806,-0.0018350795667785823,complex_traits,1hop,normalized_ap,T_given_CSV_linear
fold_c,42,0.006184327194315952,complex_traits,1hop,normalized_ap,T_given_CSV_linear
fold_c,314159,-0.004041789941296168,complex_traits,1hop,normalized_ap,T_given_CSV_linear
fold_c,20260806,0.0058782055378024355,complex_traits,1hop,normalized_ap,T_given_CSV_linear
fold_d,42,0.006874342415729907,complex_traits,1hop,normalized_ap,T_given_CSV_linear
fold_d,314159,0.005157318652164317,complex_traits,1hop,normalized_ap,T_given_CSV_linear
fold_d,20260806,-0.006624020514155789,complex_traits,1hop,normalized_ap,T_given_CSV_linear
fold_e,42,-0.0043499675296939586,complex_traits,1hop,normalized_ap,T_given_CSV_linear
fold_e,314159,-0.009150900526490681,complex_traits,1hop,normalized_ap,T_given_CSV_linear
fold_e,20260806,-0.008701411210251836,complex_traits,1hop,normalized_ap,T_given_CSV_linear
fold_a,42,0.00903740004978163,complex_traits,1hop,normalized_ap,T_given_CSVH_linear
fold_a,314159,0.0020407745669258964,complex_traits,1hop,normalized_ap,T_given_CSVH_linear
fold_a,20260806,-0.0026805273482003516,complex_traits,1hop,normalized_ap,T_given_CSVH_linear
fold_b,42,0.0003150413091301957,complex_traits,1hop,normalized_ap,T_given_CSVH_linear
fold_b,314159,-0.0008582733712290957,complex_traits,1hop,normalized_ap,T_given_CSVH_linear
fold_b,20260806,-0.0012600789818797524,complex_traits,1hop,normalized_ap,T_given_CSVH_linear
fold_c,42,-0.003958359384688507,complex_traits,1hop,normalized_ap,T_given_CSVH_linear
fold_c,314159,-0.003141387292744673,complex_traits,1hop,normalized_ap,T_given_CSVH_linear
fold_c,20260806,0.008554233720355353,complex_traits,1hop,normalized_ap,T_given_CSVH_linear
fold_d,42,0.006616022570558183,complex_traits,1hop,normalized_ap,T_given_CSVH_linear
fold_d,314159,0.005035149024397122,complex_traits,1hop,normalized_ap,T_given_CSVH_linear
fold_d,20260806,-0.008041145579308025,complex_traits,1hop,normalized_ap,T_given_CSVH_linear
fold_e,42,0.004803681799237826,complex_traits,1hop,normalized_ap,T_given_CSVH_linear
fold_e,314159,-0.0007105414085873916,complex_traits,1hop,normalized_ap,T_given_CSVH_linear
fold_e,20260806,0.002120998794281813,complex_traits,1hop,normalized_ap,T_given_CSVH_linear
fold_a,42,-0.0006843510022228206,complex_traits,1hop,normalized_ap,T_given_CSV_histgb
fold_a,314159,0.002256799654890439,complex_traits,1hop,normalized_ap,T_given_CSV_histgb
fold_a,20260806,0.0019590521616942268,complex_traits,1hop,normalized_ap,T_given_CSV_histgb
fold_b,42,-0.008788850455977439,complex_traits,1hop,normalized_ap,T_given_CSV_histgb
fold_b,314159,-0.007280508691525897,complex_traits,1hop,normalized_ap,T_given_CSV_histgb
fold_b,20260806,-0.000450472647379109,complex_traits,1hop,normalized_ap,T_given_CSV_histgb
fold_c,42,-0.0034709983650766754,complex_traits,1hop,normalized_ap,T_given_CSV_histgb
fold_c,314159,-0.00309051465139077,complex_traits,1hop,normalized_ap,T_given_CSV_histgb
fold_c,20260806,-0.0010743877704070784,complex_traits,1hop,normalized_ap,T_given_CSV_histgb
fold_d,42,-0.004449319886346961,complex_traits,1hop,normalized_ap,T_given_CSV_histgb
fold_d,314159,0.011918841162672712,complex_traits,1hop,normalized_ap,T_given_CSV_histgb
fold_d,20260806,0.006957338356611335,complex_traits,1hop,normalized_ap,T_given_CSV_histgb
fold_e,42,-0.020134805724256095,complex_traits,1hop,normalized_ap,T_given_CSV_histgb
fold_e,314159,-0.018543804481537435,complex_traits,1hop,normalized_ap,T_given_CSV_histgb
fold_e,20260806,-0.013767132124298961,complex_traits,1hop,normalized_ap,T_given_CSV_histgb
fold_a,42,-0.003271932507332863,complex_traits,1hop,normalized_ap,T_given_CSVH_histgb
fold_a,314159,-0.0015106836795868933,complex_traits,1hop,normalized_ap,T_given_CSVH_histgb
fold_a,20260806,0.003816801206637104,complex_traits,1hop,normalized_ap,T_given_CSVH_histgb
fold_b,42,-0.001977501780118209,complex_traits,1hop,normalized_ap,T_given_CSVH_histgb
fold_b,314159,0.0004899415583015237,complex_traits,1hop,normalized_ap,T_given_CSVH_histgb
fold_b,20260806,0.004168406223795693,complex_traits,1hop,normalized_ap,T_given_CSVH_histgb
fold_c,42,-0.002397369836973964,complex_traits,1hop,normalized_ap,T_given_CSVH_histgb
fold_c,314159,0.0023258177071183404,complex_traits,1hop,normalized_ap,T_given_CSVH_histgb
fold_c,20260806,0.0030436121410910228,complex_traits,1hop,normalized_ap,T_given_CSVH_histgb
fold_d,42,-0.004805262218848066,complex_traits,1hop,normalized_ap,T_given_CSVH_histgb
fold_d,314159,0.002428287605903412,complex_traits,1hop,normalized_ap,T_given_CSVH_histgb
fold_d,20260806,0.013590567873708433,complex_traits,1hop,normalized_ap,T_given_CSVH_histgb
fold_e,42,-0.0028409717868298073,complex_traits,1hop,normalized_ap,T_given_CSVH_histgb
fold_e,314159,-0.011523995059123847,complex_traits,1hop,normalized_ap,T_given_CSVH_histgb
fold_e,20260806,0.010212392891853647,complex_traits,1hop,normalized_ap,T_given_CSVH_histgb
fold_a,42,-0.0006251490236675343,complex_traits,1hop,normalized_ap,T_given_CS_linear
fold_a,314159,-0.0016732176694013437,complex_traits,1hop,normalized_ap,T_given_CS_linear
fold_a,20260806,-0.007375036370184631,complex_traits,1hop,normalized_ap,T_given_CS_linear
fold_b,42,-0.0036803729647466275,complex_traits,1hop,normalized_ap,T_given_CS_linear
fold_b,314159,0.00035009445566916084,complex_traits,1hop,normalized_ap,T_given_CS_linear
fold_b,20260806,0.0005883347779961495,complex_traits,1hop,normalized_ap,T_given_CS_linear
fold_c,42,0.00271427568327242,complex_traits,1hop,normalized_ap,T_given_CS_linear
fold_c,314159,-0.007449772748847538,complex_traits,1hop,normalized_ap,T_given_CS_linear
fold_c,20260806,0.003784349242245289,complex_traits,1hop,normalized_ap,T_given_CS_linear
fold_d,42,0.0065662979456189915,complex_traits,1hop,normalized_ap,T_given_CS_linear
fold_d,314159,0.00446284770050237,complex_traits,1hop,normalized_ap,T_given_CS_linear
fold_d,20260806,-0.005772753673434092,complex_traits,1hop,normalized_ap,T_given_CS_linear
fold_e,42,0.0094335420597998,complex_traits,1hop,normalized_ap,T_given_CS_linear
fold_e,314159,0.005376888657288876,complex_traits,1hop,normalized_ap,T_given_CS_linear
fold_e,20260806,0.005841570897197661,complex_traits,1hop,normalized_ap,T_given_CS_linear
fold_a,42,-0.0006251490236675343,complex_traits,1hop,normalized_ap,T_given_V_CS_fusion
fold_a,314159,5.4226133354953916e-05,complex_traits,1hop,normalized_ap,T_given_V_CS_fusion
fold_a,20260806,-0.007375036370184631,complex_traits,1hop,normalized_ap,T_given_V_CS_fusion
fold_b,42,-0.0011002956911293632,complex_traits,1hop,normalized_ap,T_given_V_CS_fusion
fold_b,314159,3.274823191821291e-06,complex_traits,1hop,normalized_ap,T_given_V_CS_fusion
fold_b,20260806,0.001600739340780987,complex_traits,1hop,normalized_ap,T_given_V_CS_fusion
fold_c,42,0.002096347522153409,complex_traits,1hop,normalized_ap,T_given_V_CS_fusion
fold_c,314159,-0.007945776182410463,complex_traits,1hop,normalized_ap,T_given_V_CS_fusion
fold_c,20260806,0.0023467246699853603,complex_traits,1hop,normalized_ap,T_given_V_CS_fusion
fold_d,42,-0.001308302134458303,complex_traits,1hop,normalized_ap,T_given_V_CS_fusion
fold_d,314159,-0.0030610686422690506,complex_traits,1hop,normalized_ap,T_given_V_CS_fusion
fold_d,20260806,-0.021484002124371737,complex_traits,1hop,normalized_ap,T_given_V_CS_fusion
fold_e,42,0.009325151821888235,complex_traits,1hop,normalized_ap,T_given_V_CS_fusion
fold_e,314159,0.003772667433610266,complex_traits,1hop,normalized_ap,T_given_V_CS_fusion
fold_e,20260806,0.004829774063857078,complex_traits,1hop,normalized_ap,T_given_V_CS_fusion
fold_a,42,0.009920337733929764,complex_traits,1hop,normalized_ap,T_given_CSH_linear
fold_a,314159,0.0022215858491860126,complex_traits,1hop,normalized_ap,T_given_CSH_linear
fold_a,20260806,-0.002552080419360663,complex_traits,1hop,normalized_ap,T_given_CSH_linear
fold_b,42,-0.006066723663305226,complex_traits,1hop,normalized_ap,T_given_CSH_linear
fold_b,314159,-0.0009208936006740998,complex_traits,1hop,normalized_ap,T_given_CSH_linear
fold_b,20260806,-0.003517765708987014,complex_traits,1hop,normalized_ap,T_given_CSH_linear
fold_c,42,-0.0017704090803503797,complex_traits,1hop,normalized_ap,T_given_CSH_linear
fold_c,314159,-0.0022109817262932277,complex_traits,1hop,normalized_ap,T_given_CSH_linear
fold_c,20260806,0.009031718179675243,complex_traits,1hop,normalized_ap,T_given_CSH_linear
fold_d,42,0.006752033607478336,complex_traits,1hop,normalized_ap,T_given_CSH_linear
fold_d,314159,0.004683900546528692,complex_traits,1hop,normalized_ap,T_given_CSH_linear
fold_d,20260806,-0.007398841151930829,complex_traits,1hop,normalized_ap,T_given_CSH_linear
fold_e,42,-0.009000203718676058,complex_traits,1hop,normalized_ap,T_given_CSH_linear
fold_e,314159,-0.013860131565838731,complex_traits,1hop,normalized_ap,T_given_CSH_linear
fold_e,20260806,-0.013204060314257532,complex_traits,1hop,normalized_ap,T_given_CSH_linear
fold_a,42,0.006385841892652121,complex_traits,1hop,normalized_ap,T_given_V_CSH_fusion
fold_a,314159,0.005783228397855605,complex_traits,1hop,normalized_ap,T_given_V_CSH_fusion
fold_a,20260806,-0.006086576260638305,complex_traits,1hop,normalized_ap,T_given_V_CSH_fusion
fold_b,42,-0.0049162022765936,complex_traits,1hop,normalized_ap,T_given_V_CSH_fusion
fold_b,314159,0.0001042876816234467,complex_traits,1hop,normalized_ap,T_given_V_CSH_fusion
fold_b,20260806,-0.0021667541369024337,complex_traits,1hop,normalized_ap,T_given_V_CSH_fusion
fold_c,42,-0.0019804989891841762,complex_traits,1hop,normalized_ap,T_given_V_CSH_fusion
fold_c,314159,-0.004809334617736484,complex_traits,1hop,normalized_ap,T_given_V_CSH_fusion
fold_c,20260806,0.0062666990000774525,complex_traits,1hop,normalized_ap,T_given_V_CSH_fusion
fold_d,42,0.005509376219249278,complex_traits,1hop,normalized_ap,T_given_V_CSH_fusion
fold_d,314159,0.0035960733533388044,complex_traits,1hop,normalized_ap,T_given_V_CSH_fusion
fold_d,20260806,-0.015221582598222691,complex_traits,1hop,normalized_ap,T_given_V_CSH_fusion
fold_e,42,-0.0077687891082530505,complex_traits,1hop,normalized_ap,T_given_V_CSH_fusion
fold_e,314159,-0.011033525908813058,complex_traits,1hop,normalized_ap,T_given_V_CSH_fusion
fold_e,20260806,-0.010955638279083298,complex_traits,1hop,normalized_ap,T_given_V_CSH_fusion
fold_a,42,0.0018436846837590242,complex_traits,1hop,normalized_ap,fusion_vs_concat_CSV
fold_a,314159,0.0018436846837590242,complex_traits,1hop,normalized_ap,fusion_vs_concat_CSV
fold_a,20260806,0.0018436846837590242,complex_traits,1hop,normalized_ap,fusion_vs_concat_CSV
fold_b,42,-0.002174446280531407,complex_traits,1hop,normalized_ap,fusion_vs_concat_CSV
fold_b,314159,-0.002174446280531407,complex_traits,1hop,normalized_ap,fusion_vs_concat_CSV
fold_b,20260806,-0.002174446280531407,complex_traits,1hop,normalized_ap,fusion_vs_concat_CSV
fold_c,42,0.0037787305311480675,complex_traits,1hop,normalized_ap,fusion_vs_concat_CSV
fold_c,314159,0.0037787305311480675,complex_traits,1hop,normalized_ap,fusion_vs_concat_CSV
fold_c,20260806,0.0037787305311480675,complex_traits,1hop,normalized_ap,fusion_vs_concat_CSV
fold_d,42,0.0019517790205124085,complex_traits,1hop,normalized_ap,fusion_vs_concat_CSV
fold_d,314159,0.0019517790205124085,complex_traits,1hop,normalized_ap,fusion_vs_concat_CSV
fold_d,20260806,0.0019517790205124085,complex_traits,1hop,normalized_ap,fusion_vs_concat_CSV
fold_e,42,-0.014035436933110913,complex_traits,1hop,normalized_ap,fusion_vs_concat_CSV
fold_e,314159,-0.014035436933110913,complex_traits,1hop,normalized_ap,fusion_vs_concat_CSV
fold_e,20260806,-0.014035436933110913,complex_traits,1hop,normalized_ap,fusion_vs_concat_CSV
fold_a,42,-0.004321152971030319,complex_traits,1hop,normalized_ap,fusion_vs_V_CS
fold_a,314159,-0.004321152971030319,complex_traits,1hop,normalized_ap,fusion_vs_V_CS
fold_a,20260806,-0.004321152971030319,complex_traits,1hop,normalized_ap,fusion_vs_V_CS
fold_b,42,0.02479191175191447,complex_traits,1hop,normalized_ap,fusion_vs_V_CS
fold_b,314159,0.02479191175191447,complex_traits,1hop,normalized_ap,fusion_vs_V_CS
fold_b,20260806,0.02479191175191447,complex_traits,1hop,normalized_ap,fusion_vs_V_CS
fold_c,42,0.013113898612710215,complex_traits,1hop,normalized_ap,fusion_vs_V_CS
fold_c,314159,0.013113898612710215,complex_traits,1hop,normalized_ap,fusion_vs_V_CS
fold_c,20260806,0.013113898612710215,complex_traits,1hop,normalized_ap,fusion_vs_V_CS
fold_d,42,0.021484002124371737,complex_traits,1hop,normalized_ap,fusion_vs_V_CS
fold_d,314159,0.021484002124371737,complex_traits,1hop,normalized_ap,fusion_vs_V_CS
fold_d,20260806,0.021484002124371737,complex_traits,1hop,normalized_ap,fusion_vs_V_CS
fold_e,42,-0.0006524844541305752,complex_traits,1hop,normalized_ap,fusion_vs_V_CS
fold_e,314159,-0.0006524844541305752,complex_traits,1hop,normalized_ap,fusion_vs_V_CS
fold_e,20260806,-0.0006524844541305752,complex_traits,1hop,normalized_ap,fusion_vs_V_CS
fold_a,42,-0.0031171631214941637,complex_traits,1hop,normalized_ap,fusion_vs_concat_CSVT
fold_a,314159,-0.001688610521704023,complex_traits,1hop,normalized_ap,fusion_vs_concat_CSVT
fold_a,20260806,-0.006466886992475089,complex_traits,1hop,normalized_ap,fusion_vs_concat_CSVT
fold_b,42,-0.003347885539999349,complex_traits,1hop,normalized_ap,fusion_vs_concat_CSVT
fold_b,314159,0.0021504745380343977,complex_traits,1hop,normalized_ap,fusion_vs_concat_CSVT
fold_b,20260806,0.0012613726270281622,complex_traits,1hop,normalized_ap,fusion_vs_concat_CSVT
fold_c,42,-0.0003092491410144754,complex_traits,1hop,normalized_ap,fusion_vs_concat_CSVT
fold_c,314159,-0.00012525570996622763,complex_traits,1hop,normalized_ap,fusion_vs_concat_CSVT
fold_c,20260806,0.0002472496633309923,complex_traits,1hop,normalized_ap,fusion_vs_concat_CSVT
fold_d,42,-0.006230865529675802,complex_traits,1hop,normalized_ap,fusion_vs_concat_CSVT
fold_d,314159,-0.006266608273920959,complex_traits,1hop,normalized_ap,fusion_vs_concat_CSVT
fold_d,20260806,-0.01290820258970354,complex_traits,1hop,normalized_ap,fusion_vs_concat_CSVT
fold_e,42,-0.0003603175815287199,complex_traits,1hop,normalized_ap,fusion_vs_concat_CSVT
fold_e,314159,-0.0011118689730099662,complex_traits,1hop,normalized_ap,fusion_vs_concat_CSVT
fold_e,20260806,-0.0005042516590019995,complex_traits,1hop,normalized_ap,fusion_vs_concat_CSVT
fold_a,42,-0.004946301994697853,complex_traits,1hop,normalized_ap,fusion_vs_V_CST
fold_a,314159,-0.004266926837675365,complex_traits,1hop,normalized_ap,fusion_vs_V_CST
fold_a,20260806,-0.01169618934121495,complex_traits,1hop,normalized_ap,fusion_vs_V_CST
fold_b,42,0.023691616060785108,complex_traits,1hop,normalized_ap,fusion_vs_V_CST
fold_b,314159,0.024795186575106293,complex_traits,1hop,normalized_ap,fusion_vs_V_CST
fold_b,20260806,0.02639265109269546,complex_traits,1hop,normalized_ap,fusion_vs_V_CST
fold_c,42,0.015210246134863624,complex_traits,1hop,normalized_ap,fusion_vs_V_CST
fold_c,314159,0.0051681224302997505,complex_traits,1hop,normalized_ap,fusion_vs_V_CST
fold_c,20260806,0.015460623282695575,complex_traits,1hop,normalized_ap,fusion_vs_V_CST
fold_d,42,0.020175699989913434,complex_traits,1hop,normalized_ap,fusion_vs_V_CST
fold_d,314159,0.018422933482102687,complex_traits,1hop,normalized_ap,fusion_vs_V_CST
fold_d,20260806,0.0,complex_traits,1hop,normalized_ap,fusion_vs_V_CST
fold_e,42,0.00867266736775766,complex_traits,1hop,normalized_ap,fusion_vs_V_CST
fold_e,314159,0.003120182979479691,complex_traits,1hop,normalized_ap,fusion_vs_V_CST
fold_e,20260806,0.004177289609726503,complex_traits,1hop,normalized_ap,fusion_vs_V_CST
fold_a,42,0.001196849282930978,complex_traits,1hop,normalized_ap,fusion_vs_concat_CSVH
fold_a,314159,0.001196849282930978,complex_traits,1hop,normalized_ap,fusion_vs_concat_CSVH
fold_a,20260806,0.001196849282930978,complex_traits,1hop,normalized_ap,fusion_vs_concat_CSVH
fold_b,42,-0.0014709762483294357,complex_traits,1hop,normalized_ap,fusion_vs_concat_CSVH
fold_b,314159,-0.0014709762483294357,complex_traits,1hop,normalized_ap,fusion_vs_concat_CSVH
fold_b,20260806,-0.0014709762483294357,complex_traits,1hop,normalized_ap,fusion_vs_concat_CSVH
fold_c,42,-3.732112958940159e-05,complex_traits,1hop,normalized_ap,fusion_vs_concat_CSVH
fold_c,314159,-3.732112958940159e-05,complex_traits,1hop,normalized_ap,fusion_vs_concat_CSVH
fold_c,20260806,-3.732112958940159e-05,complex_traits,1hop,normalized_ap,fusion_vs_concat_CSVH
fold_d,42,-0.004969043353855604,complex_traits,1hop,normalized_ap,fusion_vs_concat_CSVH
fold_d,314159,-0.004969043353855604,complex_traits,1hop,normalized_ap,fusion_vs_concat_CSVH
fold_d,20260806,-0.004969043353855604,complex_traits,1hop,normalized_ap,fusion_vs_concat_CSVH
fold_e,42,0.0015794443279506173,complex_traits,1hop,normalized_ap,fusion_vs_concat_CSVH
fold_e,314159,0.0015794443279506173,complex_traits,1hop,normalized_ap,fusion_vs_concat_CSVH
fold_e,20260806,0.0015794443279506173,complex_traits,1hop,normalized_ap,fusion_vs_concat_CSVH
fold_a,42,-0.004990228137538021,complex_traits,1hop,normalized_ap,fusion_vs_V_CSH
fold_a,314159,-0.004990228137538021,complex_traits,1hop,normalized_ap,fusion_vs_V_CSH
fold_a,20260806,-0.004990228137538021,complex_traits,1hop,normalized_ap,fusion_vs_V_CSH
fold_b,42,0.024590995108934727,complex_traits,1hop,normalized_ap,fusion_vs_V_CSH
fold_b,314159,0.024590995108934727,complex_traits,1hop,normalized_ap,fusion_vs_V_CSH
fold_b,20260806,0.024590995108934727,complex_traits,1hop,normalized_ap,fusion_vs_V_CSH
fold_c,42,0.006433160258139284,complex_traits,1hop,normalized_ap,fusion_vs_V_CSH
fold_c,314159,0.006433160258139284,complex_traits,1hop,normalized_ap,fusion_vs_V_CSH
fold_c,20260806,0.006433160258139284,complex_traits,1hop,normalized_ap,fusion_vs_V_CSH
fold_d,42,0.015221582598222691,complex_traits,1hop,normalized_ap,fusion_vs_V_CSH
fold_d,314159,0.015221582598222691,complex_traits,1hop,normalized_ap,fusion_vs_V_CSH
fold_d,20260806,0.015221582598222691,complex_traits,1hop,normalized_ap,fusion_vs_V_CSH
fold_e,42,0.0029338921049389607,complex_traits,1hop,normalized_ap,fusion_vs_V_CSH
fold_e,314159,0.0029338921049389607,complex_traits,1hop,normalized_ap,fusion_vs_V_CSH
fold_e,20260806,0.0029338921049389607,complex_traits,1hop,normalized_ap,fusion_vs_V_CSH
fold_a,42,-0.0014547088741985303,complex_traits,1hop,normalized_ap,fusion_vs_concat_CSVHT
fold_a,314159,0.004939303113860686,complex_traits,1hop,normalized_ap,fusion_vs_concat_CSVHT
fold_a,20260806,-0.0022091996295069754,complex_traits,1hop,normalized_ap,fusion_vs_concat_CSVHT
fold_b,42,-0.006702219834053232,complex_traits,1hop,normalized_ap,fusion_vs_concat_CSVHT
fold_b,314159,-0.0005084151954768933,complex_traits,1hop,normalized_ap,fusion_vs_concat_CSVHT
fold_b,20260806,-0.002377651403352117,complex_traits,1hop,normalized_ap,fusion_vs_concat_CSVHT
fold_c,42,0.0019405392659149288,complex_traits,1hop,normalized_ap,fusion_vs_concat_CSVHT
fold_c,314159,-0.0017052684545812123,complex_traits,1hop,normalized_ap,fusion_vs_concat_CSVHT
fold_c,20260806,-0.002324855849867302,complex_traits,1hop,normalized_ap,fusion_vs_concat_CSVHT
fold_d,42,-0.006075689705164509,complex_traits,1hop,normalized_ap,fusion_vs_concat_CSVHT
fold_d,314159,-0.006408119024913922,complex_traits,1hop,normalized_ap,fusion_vs_concat_CSVHT
fold_d,20260806,-0.01214948037277027,complex_traits,1hop,normalized_ap,fusion_vs_concat_CSVHT
fold_e,42,-0.010993026579540259,complex_traits,1hop,normalized_ap,fusion_vs_concat_CSVHT
fold_e,314159,-0.00874354017227505,complex_traits,1hop,normalized_ap,fusion_vs_concat_CSVHT
fold_e,20260806,-0.011497192745414494,complex_traits,1hop,normalized_ap,fusion_vs_concat_CSVHT
fold_a,42,0.0013956137551141001,complex_traits,1hop,normalized_ap,fusion_vs_V_CSHT
fold_a,314159,0.0007930002603175838,complex_traits,1hop,normalized_ap,fusion_vs_V_CSHT
fold_a,20260806,-0.011076804398176326,complex_traits,1hop,normalized_ap,fusion_vs_V_CSHT
fold_b,42,0.019674792832341127,complex_traits,1hop,normalized_ap,fusion_vs_V_CSHT
fold_b,314159,0.024695282790558173,complex_traits,1hop,normalized_ap,fusion_vs_V_CSHT
fold_b,20260806,0.022424240972032293,complex_traits,1hop,normalized_ap,fusion_vs_V_CSHT
fold_c,42,0.0044526612689551074,complex_traits,1hop,normalized_ap,fusion_vs_V_CSHT
fold_c,314159,0.0016238256404028,complex_traits,1hop,normalized_ap,fusion_vs_V_CSHT
fold_c,20260806,0.012699859258216737,complex_traits,1hop,normalized_ap,fusion_vs_V_CSHT
fold_d,42,0.02073095881747197,complex_traits,1hop,normalized_ap,fusion_vs_V_CSHT
fold_d,314159,0.018817655951561495,complex_traits,1hop,normalized_ap,fusion_vs_V_CSHT
fold_d,20260806,0.0,complex_traits,1hop,normalized_ap,fusion_vs_V_CSHT
fold_e,42,-0.00483489700331409,complex_traits,1hop,normalized_ap,fusion_vs_V_CSHT
fold_e,314159,-0.008099633803874098,complex_traits,1hop,normalized_ap,fusion_vs_V_CSHT
fold_e,20260806,-0.008021746174144338,complex_traits,1hop,normalized_ap,fusion_vs_V_CSHT
fold_a,42,0.0,complex_traits,strict,auprc,linear_vs_fixed_V
fold_a,314159,0.0,complex_traits,strict,auprc,linear_vs_fixed_V
fold_a,20260806,0.0,complex_traits,strict,auprc,linear_vs_fixed_V
fold_b,42,-1.0696706979229642e-05,complex_traits,strict,auprc,linear_vs_fixed_V
fold_b,314159,-1.0696706979229642e-05,complex_traits,strict,auprc,linear_vs_fixed_V
fold_b,20260806,-1.0696706979229642e-05,complex_traits,strict,auprc,linear_vs_fixed_V
fold_c,42,0.0008454269312223872,complex_traits,strict,auprc,linear_vs_fixed_V
fold_c,314159,0.0008454269312223872,complex_traits,strict,auprc,linear_vs_fixed_V
fold_c,20260806,0.0008454269312223872,complex_traits,strict,auprc,linear_vs_fixed_V
fold_d,42,3.3558012541803905e-05,complex_traits,strict,auprc,linear_vs_fixed_V
fold_d,314159,3.3558012541803905e-05,complex_traits,strict,auprc,linear_vs_fixed_V
fold_d,20260806,3.3558012541803905e-05,complex_traits,strict,auprc,linear_vs_fixed_V
fold_e,42,0.000883553402560272,complex_traits,strict,auprc,linear_vs_fixed_V
fold_e,314159,0.000883553402560272,complex_traits,strict,auprc,linear_vs_fixed_V
fold_e,20260806,0.000883553402560272,complex_traits,strict,auprc,linear_vs_fixed_V
fold_a,42,-0.006876905010147094,complex_traits,strict,auprc,histgb_vs_fixed_V
fold_a,314159,-0.006876905010147094,complex_traits,strict,auprc,histgb_vs_fixed_V
fold_a,20260806,-0.006876905010147094,complex_traits,strict,auprc,histgb_vs_fixed_V
fold_b,42,0.008703269417547108,complex_traits,strict,auprc,histgb_vs_fixed_V
fold_b,314159,0.008703269417547108,complex_traits,strict,auprc,histgb_vs_fixed_V
fold_b,20260806,0.008703269417547108,complex_traits,strict,auprc,histgb_vs_fixed_V
fold_c,42,-0.004233130861044487,complex_traits,strict,auprc,histgb_vs_fixed_V
fold_c,314159,-0.004233130861044487,complex_traits,strict,auprc,histgb_vs_fixed_V
fold_c,20260806,-0.004233130861044487,complex_traits,strict,auprc,histgb_vs_fixed_V
fold_d,42,0.016534743765647286,complex_traits,strict,auprc,histgb_vs_fixed_V
fold_d,314159,0.016534743765647286,complex_traits,strict,auprc,histgb_vs_fixed_V
fold_d,20260806,0.016534743765647286,complex_traits,strict,auprc,histgb_vs_fixed_V
fold_e,42,-0.023191276560546342,complex_traits,strict,auprc,histgb_vs_fixed_V
fold_e,314159,-0.023191276560546342,complex_traits,strict,auprc,histgb_vs_fixed_V
fold_e,20260806,-0.023191276560546342,complex_traits,strict,auprc,histgb_vs_fixed_V
fold_a,42,0.004195110544090733,complex_traits,strict,auprc,linear_vs_fixed_CS
fold_a,314159,0.004195110544090733,complex_traits,strict,auprc,linear_vs_fixed_CS
fold_a,20260806,0.004195110544090733,complex_traits,strict,auprc,linear_vs_fixed_CS
fold_b,42,0.0,complex_traits,strict,auprc,linear_vs_fixed_CS
fold_b,314159,0.0,complex_traits,strict,auprc,linear_vs_fixed_CS
fold_b,20260806,0.0,complex_traits,strict,auprc,linear_vs_fixed_CS
fold_c,42,-0.0009518478823327958,complex_traits,strict,auprc,linear_vs_fixed_CS
fold_c,314159,-0.0009518478823327958,complex_traits,strict,auprc,linear_vs_fixed_CS
fold_c,20260806,-0.0009518478823327958,complex_traits,strict,auprc,linear_vs_fixed_CS
fold_d,42,0.006365902867595807,complex_traits,strict,auprc,linear_vs_fixed_CS
fold_d,314159,0.006365902867595807,complex_traits,strict,auprc,linear_vs_fixed_CS
fold_d,20260806,0.006365902867595807,complex_traits,strict,auprc,linear_vs_fixed_CS
fold_e,42,-0.009973475323550765,complex_traits,strict,auprc,linear_vs_fixed_CS
fold_e,314159,-0.009973475323550765,complex_traits,strict,auprc,linear_vs_fixed_CS
fold_e,20260806,-0.009973475323550765,complex_traits,strict,auprc,linear_vs_fixed_CS
fold_a,42,0.0008691948161705515,complex_traits,strict,auprc,histgb_vs_fixed_CS
fold_a,314159,0.0008691948161705515,complex_traits,strict,auprc,histgb_vs_fixed_CS
fold_a,20260806,0.0008691948161705515,complex_traits,strict,auprc,histgb_vs_fixed_CS
fold_b,42,-0.007629843749785467,complex_traits,strict,auprc,histgb_vs_fixed_CS
fold_b,314159,-0.007629843749785467,complex_traits,strict,auprc,histgb_vs_fixed_CS
fold_b,20260806,-0.007629843749785467,complex_traits,strict,auprc,histgb_vs_fixed_CS
fold_c,42,-0.018372462760059605,complex_traits,strict,auprc,histgb_vs_fixed_CS
fold_c,314159,-0.018372462760059605,complex_traits,strict,auprc,histgb_vs_fixed_CS
fold_c,20260806,-0.018372462760059605,complex_traits,strict,auprc,histgb_vs_fixed_CS
fold_d,42,0.005857765509964349,complex_traits,strict,auprc,histgb_vs_fixed_CS
fold_d,314159,0.005857765509964349,complex_traits,strict,auprc,histgb_vs_fixed_CS
fold_d,20260806,0.005857765509964349,complex_traits,strict,auprc,histgb_vs_fixed_CS
fold_e,42,-0.004542940752940372,complex_traits,strict,auprc,histgb_vs_fixed_CS
fold_e,314159,-0.004542940752940372,complex_traits,strict,auprc,histgb_vs_fixed_CS
fold_e,20260806,-0.004542940752940372,complex_traits,strict,auprc,histgb_vs_fixed_CS
fold_a,42,0.0013041087155701014,complex_traits,strict,auprc,linear_vs_fixed_CSV
fold_a,314159,0.0013041087155701014,complex_traits,strict,auprc,linear_vs_fixed_CSV
fold_a,20260806,0.0013041087155701014,complex_traits,strict,auprc,linear_vs_fixed_CSV
fold_b,42,0.0021602763626093757,complex_traits,strict,auprc,linear_vs_fixed_CSV
fold_b,314159,0.0021602763626093757,complex_traits,strict,auprc,linear_vs_fixed_CSV
fold_b,20260806,0.0021602763626093757,complex_traits,strict,auprc,linear_vs_fixed_CSV
fold_c,42,-0.004216052391337294,complex_traits,strict,auprc,linear_vs_fixed_CSV
fold_c,314159,-0.004216052391337294,complex_traits,strict,auprc,linear_vs_fixed_CSV
fold_c,20260806,-0.004216052391337294,complex_traits,strict,auprc,linear_vs_fixed_CSV
fold_d,42,0.006839095505457429,complex_traits,strict,auprc,linear_vs_fixed_CSV
fold_d,314159,0.006839095505457429,complex_traits,strict,auprc,linear_vs_fixed_CSV
fold_d,20260806,0.006839095505457429,complex_traits,strict,auprc,linear_vs_fixed_CSV
fold_e,42,0.00414315463755191,complex_traits,strict,auprc,linear_vs_fixed_CSV
fold_e,314159,0.00414315463755191,complex_traits,strict,auprc,linear_vs_fixed_CSV
fold_e,20260806,0.00414315463755191,complex_traits,strict,auprc,linear_vs_fixed_CSV
fold_a,42,0.002395502046885545,complex_traits,strict,auprc,histgb_vs_fixed_CSV
fold_a,314159,0.002395502046885545,complex_traits,strict,auprc,histgb_vs_fixed_CSV
fold_a,20260806,0.002395502046885545,complex_traits,strict,auprc,histgb_vs_fixed_CSV
fold_b,42,-0.001967866272782101,complex_traits,strict,auprc,histgb_vs_fixed_CSV
fold_b,314159,-0.001967866272782101,complex_traits,strict,auprc,histgb_vs_fixed_CSV
fold_b,20260806,-0.001967866272782101,complex_traits,strict,auprc,histgb_vs_fixed_CSV
fold_c,42,-0.02156622419201376,complex_traits,strict,auprc,histgb_vs_fixed_CSV
fold_c,314159,-0.02156622419201376,complex_traits,strict,auprc,histgb_vs_fixed_CSV
fold_c,20260806,-0.02156622419201376,complex_traits,strict,auprc,histgb_vs_fixed_CSV
fold_d,42,0.006942818845467602,complex_traits,strict,auprc,histgb_vs_fixed_CSV
fold_d,314159,0.006942818845467602,complex_traits,strict,auprc,histgb_vs_fixed_CSV
fold_d,20260806,0.006942818845467602,complex_traits,strict,auprc,histgb_vs_fixed_CSV
fold_e,42,0.008980493911087545,complex_traits,strict,auprc,histgb_vs_fixed_CSV
fold_e,314159,0.008980493911087545,complex_traits,strict,auprc,histgb_vs_fixed_CSV
fold_e,20260806,0.008980493911087545,complex_traits,strict,auprc,histgb_vs_fixed_CSV
fold_a,42,0.009854175494016348,complex_traits,strict,auprc,linear_vs_fixed_CSVT
fold_a,314159,0.0025520770595632986,complex_traits,strict,auprc,linear_vs_fixed_CSVT
fold_a,20260806,0.001605988089905433,complex_traits,strict,auprc,linear_vs_fixed_CSVT
fold_b,42,0.0,complex_traits,strict,auprc,linear_vs_fixed_CSVT
fold_b,314159,0.0,complex_traits,strict,auprc,linear_vs_fixed_CSVT
fold_b,20260806,-0.000469913341972647,complex_traits,strict,auprc,linear_vs_fixed_CSVT
fold_c,42,0.0012572845170279873,complex_traits,strict,auprc,linear_vs_fixed_CSVT
fold_c,314159,0.005741493777932399,complex_traits,strict,auprc,linear_vs_fixed_CSVT
fold_c,20260806,-0.0003021356946078385,complex_traits,strict,auprc,linear_vs_fixed_CSVT
fold_d,42,0.010285995814821966,complex_traits,strict,auprc,linear_vs_fixed_CSVT
fold_d,314159,0.007212553970336183,complex_traits,strict,auprc,linear_vs_fixed_CSVT
fold_d,20260806,0.004313827385892907,complex_traits,strict,auprc,linear_vs_fixed_CSVT
fold_e,42,-0.0015088120908539338,complex_traits,strict,auprc,linear_vs_fixed_CSVT
fold_e,314159,-0.003933940046822043,complex_traits,strict,auprc,linear_vs_fixed_CSVT
fold_e,20260806,-0.00026765241166806786,complex_traits,strict,auprc,linear_vs_fixed_CSVT
fold_a,42,-0.0002560412306623905,complex_traits,strict,auprc,histgb_vs_fixed_CSVT
fold_a,314159,0.004430555123182495,complex_traits,strict,auprc,histgb_vs_fixed_CSVT
fold_a,20260806,0.0037271964924433104,complex_traits,strict,auprc,histgb_vs_fixed_CSVT
fold_b,42,-0.007594715450713149,complex_traits,strict,auprc,histgb_vs_fixed_CSVT
fold_b,314159,-0.007654607926854781,complex_traits,strict,auprc,histgb_vs_fixed_CSVT
fold_b,20260806,-0.002418851397473873,complex_traits,strict,auprc,histgb_vs_fixed_CSVT
fold_c,42,-0.01751553512879879,complex_traits,strict,auprc,histgb_vs_fixed_CSVT
fold_c,314159,-0.015821369018192116,complex_traits,strict,auprc,histgb_vs_fixed_CSVT
fold_c,20260806,-0.010173823285931652,complex_traits,strict,auprc,histgb_vs_fixed_CSVT
fold_d,42,0.015265643893184633,complex_traits,strict,auprc,histgb_vs_fixed_CSVT
fold_d,314159,0.0014035914378132536,complex_traits,strict,auprc,histgb_vs_fixed_CSVT
fold_d,20260806,0.004072119930120063,complex_traits,strict,auprc,histgb_vs_fixed_CSVT
fold_e,42,-0.006064450464962859,complex_traits,strict,auprc,histgb_vs_fixed_CSVT
fold_e,314159,-0.013637029026151867,complex_traits,strict,auprc,histgb_vs_fixed_CSVT
fold_e,20260806,-0.005425124076617049,complex_traits,strict,auprc,histgb_vs_fixed_CSVT
fold_a,42,0.0010493031281223614,complex_traits,strict,auprc,linear_vs_fixed_CSVH
fold_a,314159,0.0010493031281223614,complex_traits,strict,auprc,linear_vs_fixed_CSVH
fold_a,20260806,0.0010493031281223614,complex_traits,strict,auprc,linear_vs_fixed_CSVH
fold_b,42,0.004889486202659693,complex_traits,strict,auprc,linear_vs_fixed_CSVH
fold_b,314159,0.004889486202659693,complex_traits,strict,auprc,linear_vs_fixed_CSVH
fold_b,20260806,0.004889486202659693,complex_traits,strict,auprc,linear_vs_fixed_CSVH
fold_c,42,-0.003120653182813113,complex_traits,strict,auprc,linear_vs_fixed_CSVH
fold_c,314159,-0.003120653182813113,complex_traits,strict,auprc,linear_vs_fixed_CSVH
fold_c,20260806,-0.003120653182813113,complex_traits,strict,auprc,linear_vs_fixed_CSVH
fold_d,42,0.0072051682832232206,complex_traits,strict,auprc,linear_vs_fixed_CSVH
fold_d,314159,0.0072051682832232206,complex_traits,strict,auprc,linear_vs_fixed_CSVH
fold_d,20260806,0.0072051682832232206,complex_traits,strict,auprc,linear_vs_fixed_CSVH
fold_e,42,-0.0016787871769931573,complex_traits,strict,auprc,linear_vs_fixed_CSVH
fold_e,314159,-0.0016787871769931573,complex_traits,strict,auprc,linear_vs_fixed_CSVH
fold_e,20260806,-0.0016787871769931573,complex_traits,strict,auprc,linear_vs_fixed_CSVH
fold_a,42,0.0031005913544342317,complex_traits,strict,auprc,histgb_vs_fixed_CSVH
fold_a,314159,0.0031005913544342317,complex_traits,strict,auprc,histgb_vs_fixed_CSVH
fold_a,20260806,0.0031005913544342317,complex_traits,strict,auprc,histgb_vs_fixed_CSVH
fold_b,42,-0.004012855233779519,complex_traits,strict,auprc,histgb_vs_fixed_CSVH
fold_b,314159,-0.004012855233779519,complex_traits,strict,auprc,histgb_vs_fixed_CSVH
fold_b,20260806,-0.004012855233779519,complex_traits,strict,auprc,histgb_vs_fixed_CSVH
fold_c,42,-0.02238958450679983,complex_traits,strict,auprc,histgb_vs_fixed_CSVH
fold_c,314159,-0.02238958450679983,complex_traits,strict,auprc,histgb_vs_fixed_CSVH
fold_c,20260806,-0.02238958450679983,complex_traits,strict,auprc,histgb_vs_fixed_CSVH
fold_d,42,0.007025268948264149,complex_traits,strict,auprc,histgb_vs_fixed_CSVH
fold_d,314159,0.007025268948264149,complex_traits,strict,auprc,histgb_vs_fixed_CSVH
fold_d,20260806,0.007025268948264149,complex_traits,strict,auprc,histgb_vs_fixed_CSVH
fold_e,42,0.007664917881917865,complex_traits,strict,auprc,histgb_vs_fixed_CSVH
fold_e,314159,0.007664917881917865,complex_traits,strict,auprc,histgb_vs_fixed_CSVH
fold_e,20260806,0.007664917881917865,complex_traits,strict,auprc,histgb_vs_fixed_CSVH
fold_a,42,-0.0007736430783307352,complex_traits,strict,auprc,linear_vs_fixed_CSVHT
fold_a,314159,0.0015934119623543658,complex_traits,strict,auprc,linear_vs_fixed_CSVHT
fold_a,20260806,-0.001897429147080923,complex_traits,strict,auprc,linear_vs_fixed_CSVHT
fold_b,42,-0.0010827592383264861,complex_traits,strict,auprc,linear_vs_fixed_CSVHT
fold_b,314159,0.0,complex_traits,strict,auprc,linear_vs_fixed_CSVHT
fold_b,20260806,-0.0011494538070437599,complex_traits,strict,auprc,linear_vs_fixed_CSVHT
fold_c,42,-0.00767738927555392,complex_traits,strict,auprc,linear_vs_fixed_CSVHT
fold_c,314159,0.004119050955103662,complex_traits,strict,auprc,linear_vs_fixed_CSVHT
fold_c,20260806,-0.0005298505402572956,complex_traits,strict,auprc,linear_vs_fixed_CSVHT
fold_d,42,0.00942299117357999,complex_traits,strict,auprc,linear_vs_fixed_CSVHT
fold_d,314159,0.008380321960928805,complex_traits,strict,auprc,linear_vs_fixed_CSVHT
fold_d,20260806,0.005865265241920298,complex_traits,strict,auprc,linear_vs_fixed_CSVHT
fold_e,42,0.002970741818653755,complex_traits,strict,auprc,linear_vs_fixed_CSVHT
fold_e,314159,0.00048289724454214644,complex_traits,strict,auprc,linear_vs_fixed_CSVHT
fold_e,20260806,-0.0038486764283650887,complex_traits,strict,auprc,linear_vs_fixed_CSVHT
fold_a,42,0.0003954360773653215,complex_traits,strict,auprc,histgb_vs_fixed_CSVHT
fold_a,314159,0.0016401236435387712,complex_traits,strict,auprc,histgb_vs_fixed_CSVHT
fold_a,20260806,0.004943524062580612,complex_traits,strict,auprc,histgb_vs_fixed_CSVHT
fold_b,42,-0.0016670496416780617,complex_traits,strict,auprc,histgb_vs_fixed_CSVHT
fold_b,314159,-0.0016212103745725515,complex_traits,strict,auprc,histgb_vs_fixed_CSVHT
fold_b,20260806,0.0047687897387301,complex_traits,strict,auprc,histgb_vs_fixed_CSVHT
fold_c,42,-0.018931855406005726,complex_traits,strict,auprc,histgb_vs_fixed_CSVHT
fold_c,314159,-0.009598311177909602,complex_traits,strict,auprc,histgb_vs_fixed_CSVHT
fold_c,20260806,-0.012147542240914563,complex_traits,strict,auprc,histgb_vs_fixed_CSVHT
fold_d,42,0.020621698114690473,complex_traits,strict,auprc,histgb_vs_fixed_CSVHT
fold_d,314159,0.006317568013892022,complex_traits,strict,auprc,histgb_vs_fixed_CSVHT
fold_d,20260806,0.008201688341535784,complex_traits,strict,auprc,histgb_vs_fixed_CSVHT
fold_e,42,0.007219613928345192,complex_traits,strict,auprc,histgb_vs_fixed_CSVHT
fold_e,314159,-0.01484831768250805,complex_traits,strict,auprc,histgb_vs_fixed_CSVHT
fold_e,20260806,0.008667331639486464,complex_traits,strict,auprc,histgb_vs_fixed_CSVHT
fold_a,42,0.010490670616073006,complex_traits,strict,auprc,T_given_CSV_linear
fold_a,314159,-0.0008342811065002037,complex_traits,strict,auprc,T_given_CSV_linear
fold_a,20260806,0.002088681159365363,complex_traits,strict,auprc,T_given_CSV_linear
fold_b,42,-0.004983009098128294,complex_traits,strict,auprc,T_given_CSV_linear
fold_b,314159,-0.0012381632959044403,complex_traits,strict,auprc,T_given_CSV_linear
fold_b,20260806,-0.008182863644192476,complex_traits,strict,auprc,T_given_CSV_linear
fold_c,42,0.004758079029412693,complex_traits,strict,auprc,T_given_CSV_linear
fold_c,314159,0.002022002165621206,complex_traits,strict,auprc,T_given_CSV_linear
fold_c,20260806,-0.005734152576024887,complex_traits,strict,auprc,T_given_CSV_linear
fold_d,42,-0.00032257443870747915,complex_traits,strict,auprc,T_given_CSV_linear
fold_d,314159,0.0015617508106235828,complex_traits,strict,auprc,T_given_CSV_linear
fold_d,20260806,-0.0010744165488142526,complex_traits,strict,auprc,T_given_CSV_linear
fold_e,42,-0.010169105221933594,complex_traits,strict,auprc,T_given_CSV_linear
fold_e,314159,-0.0082037090685316,complex_traits,strict,auprc,T_given_CSV_linear
fold_e,20260806,-0.007122528349395779,complex_traits,strict,auprc,T_given_CSV_linear
fold_a,42,0.0008936950144005223,complex_traits,strict,auprc,T_given_CSVH_linear
fold_a,314159,-0.0013316859479299142,complex_traits,strict,auprc,T_given_CSVH_linear
fold_a,20260806,-0.00011050473811176353,complex_traits,strict,auprc,T_given_CSVH_linear
fold_b,42,-0.008229424309930303,complex_traits,strict,auprc,T_given_CSVH_linear
fold_b,314159,-0.005927648521559636,complex_traits,strict,auprc,T_given_CSVH_linear
fold_b,20260806,-0.010709784532829364,complex_traits,strict,auprc,T_given_CSVH_linear
fold_c,42,-0.004308720332041396,complex_traits,strict,auprc,T_given_CSVH_linear
fold_c,314159,0.0021062800421099426,complex_traits,strict,auprc,T_given_CSVH_linear
fold_c,20260806,-0.005165342585948737,complex_traits,strict,auprc,T_given_CSVH_linear
fold_d,42,-0.0028686477615563755,complex_traits,strict,auprc,T_given_CSVH_linear
fold_d,314159,0.0015882250748216614,complex_traits,strict,auprc,T_given_CSVH_linear
fold_d,20260806,-0.0014853046726323454,complex_traits,strict,auprc,T_given_CSVH_linear
fold_e,42,0.001533943551974365,complex_traits,strict,auprc,T_given_CSVH_linear
fold_e,314159,0.0025584280270974924,complex_traits,strict,auprc,T_given_CSVH_linear
fold_e,20260806,-0.004327944389305172,complex_traits,strict,auprc,T_given_CSVH_linear
fold_a,42,-0.0007109394399211766,complex_traits,strict,auprc,T_given_CSV_histgb
fold_a,314159,-4.719637419645095e-05,complex_traits,strict,auprc,T_given_CSV_histgb
fold_a,20260806,0.0031184962305877972,complex_traits,strict,auprc,T_given_CSV_histgb
fold_b,42,-0.008449581913449966,complex_traits,strict,auprc,T_given_CSV_histgb
fold_b,314159,-0.004764628587367745,complex_traits,strict,auprc,T_given_CSV_histgb
fold_b,20260806,-0.006003659064302225,complex_traits,strict,auprc,T_given_CSV_histgb
fold_c,42,0.003335431184262383,complex_traits,strict,auprc,T_given_CSV_histgb
fold_c,314159,-0.0021906888298268423,complex_traits,strict,auprc,T_given_CSV_histgb
fold_c,20260806,0.001744331633327767,complex_traits,strict,auprc,T_given_CSV_histgb
fold_d,42,0.004553350299645015,complex_traits,strict,auprc,T_given_CSV_histgb
fold_d,314159,-0.004350935061909519,complex_traits,strict,auprc,T_given_CSV_histgb
fold_d,20260806,-0.0014198473445972692,complex_traits,strict,auprc,T_given_CSV_histgb
fold_e,42,-0.019562082869578154,complex_traits,strict,auprc,T_given_CSV_histgb
fold_e,314159,-0.02274413732139706,complex_traits,strict,auprc,T_given_CSV_histgb
fold_e,20260806,-0.017117339287880395,complex_traits,strict,auprc,T_given_CSV_histgb
fold_a,42,1.1485943784708685e-05,complex_traits,strict,auprc,T_given_CSVH_histgb
fold_a,314159,-0.003336262493057379,complex_traits,strict,auprc,T_given_CSVH_histgb
fold_a,20260806,0.004679160245237901,complex_traits,strict,auprc,T_given_CSVH_histgb
fold_b,42,8.8626723157334e-05,complex_traits,strict,auprc,T_given_CSVH_histgb
fold_b,314159,0.0013534825403070244,complex_traits,strict,auprc,T_given_CSVH_histgb
fold_b,20260806,0.004110800449383709,complex_traits,strict,auprc,T_given_CSVH_histgb
fold_c,42,0.0037057448614935123,complex_traits,strict,auprc,T_given_CSVH_histgb
fold_c,314159,0.007657849233083394,complex_traits,strict,auprc,T_given_CSVH_histgb
fold_c,20260806,0.0024858970373807104,complex_traits,strict,auprc,T_given_CSVH_histgb
fold_d,42,0.00850995851451318,complex_traits,strict,auprc,T_given_CSVH_histgb
fold_d,314159,-0.0002946295372560498,complex_traits,strict,auprc,T_given_CSVH_histgb
fold_d,20260806,0.0010310177619422128,complex_traits,strict,auprc,T_given_CSVH_histgb
fold_e,42,-0.0035608893972452205,complex_traits,strict,auprc,T_given_CSVH_histgb
fold_e,314159,-0.022116491958863727,complex_traits,strict,auprc,T_given_CSVH_histgb
fold_e,20260806,-0.0011556413803646415,complex_traits,strict,auprc,T_given_CSVH_histgb
fold_a,42,0.004839013569685829,complex_traits,strict,auprc,T_given_CS_linear
fold_a,314159,-0.0043540627890922695,complex_traits,strict,auprc,T_given_CS_linear
fold_a,20260806,-0.0027423026659989247,complex_traits,strict,auprc,T_given_CS_linear
fold_b,42,-0.0037864179560188616,complex_traits,strict,auprc,T_given_CS_linear
fold_b,314159,-0.0011757447595350384,complex_traits,strict,auprc,T_given_CS_linear
fold_b,20260806,-0.006350976381765877,complex_traits,strict,auprc,T_given_CS_linear
fold_c,42,-0.007733886988447458,complex_traits,strict,auprc,T_given_CS_linear
fold_c,314159,-0.0023483345786368126,complex_traits,strict,auprc,T_given_CS_linear
fold_c,20260806,-0.008261049818190036,complex_traits,strict,auprc,T_given_CS_linear
fold_d,42,-0.0007106045364355107,complex_traits,strict,auprc,T_given_CS_linear
fold_d,314159,0.001468447928937744,complex_traits,strict,auprc,T_given_CS_linear
fold_d,20260806,-0.0020390819026566975,complex_traits,strict,auprc,T_given_CS_linear
fold_e,42,0.00382211847856935,complex_traits,strict,auprc,T_given_CS_linear
fold_e,314159,0.00566213986448276,complex_traits,strict,auprc,T_given_CS_linear
fold_e,20260806,-0.004887696729367438,complex_traits,strict,auprc,T_given_CS_linear
fold_a,42,0.004839013569685829,complex_traits,strict,auprc,T_given_V_CS_fusion
fold_a,314159,-0.001700690534612248,complex_traits,strict,auprc,T_given_V_CS_fusion
fold_a,20260806,-0.001274753571485071,complex_traits,strict,auprc,T_given_V_CS_fusion
fold_b,42,-0.003527245715158625,complex_traits,strict,auprc,T_given_V_CS_fusion
fold_b,314159,-0.0014569356720694898,complex_traits,strict,auprc,T_given_V_CS_fusion
fold_b,20260806,-0.006105381015921951,complex_traits,strict,auprc,T_given_V_CS_fusion
fold_c,42,-0.008680815478346954,complex_traits,strict,auprc,T_given_V_CS_fusion
fold_c,314159,-0.002090108907915264,complex_traits,strict,auprc,T_given_V_CS_fusion
fold_c,20260806,-0.010058536543716787,complex_traits,strict,auprc,T_given_V_CS_fusion
fold_d,42,-0.019335601911934563,complex_traits,strict,auprc,T_given_V_CS_fusion
fold_d,314159,-0.019335601911934563,complex_traits,strict,auprc,T_given_V_CS_fusion
fold_d,20260806,-0.019335601911934563,complex_traits,strict,auprc,T_given_V_CS_fusion
fold_e,42,0.0020322199133522845,complex_traits,strict,auprc,T_given_V_CS_fusion
fold_e,314159,0.004648476320927242,complex_traits,strict,auprc,T_given_V_CS_fusion
fold_e,20260806,-0.005970591176795742,complex_traits,strict,auprc,T_given_V_CS_fusion
fold_a,42,0.001416589821322367,complex_traits,strict,auprc,T_given_CSH_linear
fold_a,314159,-0.0008932369444750177,complex_traits,strict,auprc,T_given_CSH_linear
fold_a,20260806,5.68340072576029e-05,complex_traits,strict,auprc,T_given_CSH_linear
fold_b,42,-0.006122260397566637,complex_traits,strict,auprc,T_given_CSH_linear
fold_b,314159,-0.006984471312032614,complex_traits,strict,auprc,T_given_CSH_linear
fold_b,20260806,-0.009675813848866316,complex_traits,strict,auprc,T_given_CSH_linear
fold_c,42,-0.00255304243648663,complex_traits,strict,auprc,T_given_CSH_linear
fold_c,314159,0.002307023404892361,complex_traits,strict,auprc,T_given_CSH_linear
fold_c,20260806,-0.003270975935995263,complex_traits,strict,auprc,T_given_CSH_linear
fold_d,42,-0.0006332773751964726,complex_traits,strict,auprc,T_given_CSH_linear
fold_d,314159,0.0011827676475836962,complex_traits,strict,auprc,T_given_CSH_linear
fold_d,20260806,-0.0018039742535977954,complex_traits,strict,auprc,T_given_CSH_linear
fold_e,42,0.00043949173741175684,complex_traits,strict,auprc,T_given_CSH_linear
fold_e,314159,-0.005547474705635241,complex_traits,strict,auprc,T_given_CSH_linear
fold_e,20260806,-0.005638429359449484,complex_traits,strict,auprc,T_given_CSH_linear
fold_a,42,-0.0017644564358275105,complex_traits,strict,auprc,T_given_V_CSH_fusion
fold_a,314159,-0.0012815571701003114,complex_traits,strict,auprc,T_given_V_CSH_fusion
fold_a,20260806,1.4439111416589268e-05,complex_traits,strict,auprc,T_given_V_CSH_fusion
fold_b,42,-0.005332211153241853,complex_traits,strict,auprc,T_given_V_CSH_fusion
fold_b,314159,-0.005839938392674077,complex_traits,strict,auprc,T_given_V_CSH_fusion
fold_b,20260806,-0.008822216388338064,complex_traits,strict,auprc,T_given_V_CSH_fusion
fold_c,42,-0.004065700701498254,complex_traits,strict,auprc,T_given_V_CSH_fusion
fold_c,314159,0.0017904749135892184,complex_traits,strict,auprc,T_given_V_CSH_fusion
fold_c,20260806,-0.004083896126058001,complex_traits,strict,auprc,T_given_V_CSH_fusion
fold_d,42,-0.01369942433840042,complex_traits,strict,auprc,T_given_V_CSH_fusion
fold_d,314159,-0.01369942433840042,complex_traits,strict,auprc,T_given_V_CSH_fusion
fold_d,20260806,-0.01369942433840042,complex_traits,strict,auprc,T_given_V_CSH_fusion
fold_e,42,0.00047046111409776437,complex_traits,strict,auprc,T_given_V_CSH_fusion
fold_e,314159,-0.005944440912311083,complex_traits,strict,auprc,T_given_V_CSH_fusion
fold_e,20260806,-0.005141758311214231,complex_traits,strict,auprc,T_given_V_CSH_fusion
fold_a,42,0.001659316215383122,complex_traits,strict,auprc,fusion_vs_concat_CSV
fold_a,314159,0.001659316215383122,complex_traits,strict,auprc,fusion_vs_concat_CSV
fold_a,20260806,0.001659316215383122,complex_traits,strict,auprc,fusion_vs_concat_CSV
fold_b,42,-0.0019570016524782657,complex_traits,strict,auprc,fusion_vs_concat_CSV
fold_b,314159,-0.0019570016524782657,complex_traits,strict,auprc,fusion_vs_concat_CSV
fold_b,20260806,-0.0019570016524782657,complex_traits,strict,auprc,fusion_vs_concat_CSV
fold_c,42,0.003400857478033259,complex_traits,strict,auprc,fusion_vs_concat_CSV
fold_c,314159,0.003400857478033259,complex_traits,strict,auprc,fusion_vs_concat_CSV
fold_c,20260806,0.003400857478033259,complex_traits,strict,auprc,fusion_vs_concat_CSV
fold_d,42,0.001756601118461168,complex_traits,strict,auprc,fusion_vs_concat_CSV
fold_d,314159,0.001756601118461168,complex_traits,strict,auprc,fusion_vs_concat_CSV
fold_d,20260806,0.001756601118461168,complex_traits,strict,auprc,fusion_vs_concat_CSV
fold_e,42,-0.012631893239799824,complex_traits,strict,auprc,fusion_vs_concat_CSV
fold_e,314159,-0.012631893239799824,complex_traits,strict,auprc,fusion_vs_concat_CSV
fold_e,20260806,-0.012631893239799824,complex_traits,strict,auprc,fusion_vs_concat_CSV
fold_a,42,-0.003889037673927287,complex_traits,strict,auprc,fusion_vs_V_CS
fold_a,314159,-0.003889037673927287,complex_traits,strict,auprc,fusion_vs_V_CS
fold_a,20260806,-0.003889037673927287,complex_traits,strict,auprc,fusion_vs_V_CS
fold_b,42,0.022312720576723025,complex_traits,strict,auprc,fusion_vs_V_CS
fold_b,314159,0.022312720576723025,complex_traits,strict,auprc,fusion_vs_V_CS
fold_b,20260806,0.022312720576723025,complex_traits,strict,auprc,fusion_vs_V_CS
fold_c,42,0.011802508751439192,complex_traits,strict,auprc,fusion_vs_V_CS
fold_c,314159,0.011802508751439192,complex_traits,strict,auprc,fusion_vs_V_CS
fold_c,20260806,0.011802508751439192,complex_traits,strict,auprc,fusion_vs_V_CS
fold_d,42,0.019335601911934563,complex_traits,strict,auprc,fusion_vs_V_CS
fold_d,314159,0.019335601911934563,complex_traits,strict,auprc,fusion_vs_V_CS
fold_d,20260806,0.019335601911934563,complex_traits,strict,auprc,fusion_vs_V_CS
fold_e,42,-0.0005872360087175177,complex_traits,strict,auprc,fusion_vs_V_CS
fold_e,314159,-0.0005872360087175177,complex_traits,strict,auprc,fusion_vs_V_CS
fold_e,20260806,-0.0005872360087175177,complex_traits,strict,auprc,fusion_vs_V_CS
fold_a,42,-0.003992340831004054,complex_traits,strict,auprc,fusion_vs_concat_CSVT
fold_a,314159,0.0007929067872710777,complex_traits,strict,auprc,fusion_vs_concat_CSVT
fold_a,20260806,-0.0017041185154673122,complex_traits,strict,auprc,fusion_vs_concat_CSVT
fold_b,42,-0.0005012382695085971,complex_traits,strict,auprc,fusion_vs_concat_CSVT
fold_b,314159,-0.0021757740286433153,complex_traits,strict,auprc,fusion_vs_concat_CSVT
fold_b,20260806,0.0001204809757922587,complex_traits,strict,auprc,fusion_vs_concat_CSVT
fold_c,42,-0.010038037029726388,complex_traits,strict,auprc,fusion_vs_concat_CSVT
fold_c,314159,-0.0007112535955032112,complex_traits,strict,auprc,fusion_vs_concat_CSVT
fold_c,20260806,-0.0009235264896586409,complex_traits,strict,auprc,fusion_vs_concat_CSVT
fold_d,42,-0.017256426354765916,complex_traits,strict,auprc,fusion_vs_concat_CSVT
fold_d,314159,-0.01914075160409698,complex_traits,strict,auprc,fusion_vs_concat_CSVT
fold_d,20260806,-0.016504584244659143,complex_traits,strict,auprc,fusion_vs_concat_CSVT
fold_e,42,-0.00043056810451394534,complex_traits,strict,auprc,fusion_vs_concat_CSVT
fold_e,314159,0.00022029214965901822,complex_traits,strict,auprc,fusion_vs_concat_CSVT
fold_e,20260806,-0.011479956067199787,complex_traits,strict,auprc,fusion_vs_concat_CSVT
fold_a,42,0.0009499758957585425,complex_traits,strict,auprc,fusion_vs_V_CST
fold_a,314159,-0.005589728208539535,complex_traits,strict,auprc,fusion_vs_V_CST
fold_a,20260806,-0.005163791245412358,complex_traits,strict,auprc,fusion_vs_V_CST
fold_b,42,0.0187854748615644,complex_traits,strict,auprc,fusion_vs_V_CST
fold_b,314159,0.020855784904653535,complex_traits,strict,auprc,fusion_vs_V_CST
fold_b,20260806,0.016207339560801073,complex_traits,strict,auprc,fusion_vs_V_CST
fold_c,42,0.003121693273092238,complex_traits,strict,auprc,fusion_vs_V_CST
fold_c,314159,0.009712399843523928,complex_traits,strict,auprc,fusion_vs_V_CST
fold_c,20260806,0.0017439722077224051,complex_traits,strict,auprc,fusion_vs_V_CST
fold_d,42,0.0,complex_traits,strict,auprc,fusion_vs_V_CST
fold_d,314159,0.0,complex_traits,strict,auprc,fusion_vs_V_CST
fold_d,20260806,0.0,complex_traits,strict,auprc,fusion_vs_V_CST
fold_e,42,0.0014449839046347668,complex_traits,strict,auprc,fusion_vs_V_CST
fold_e,314159,0.004061240312209724,complex_traits,strict,auprc,fusion_vs_V_CST
fold_e,20260806,-0.00655782718551326,complex_traits,strict,auprc,fusion_vs_V_CST
fold_a,42,0.00107716435463788,complex_traits,strict,auprc,fusion_vs_concat_CSVH
fold_a,314159,0.00107716435463788,complex_traits,strict,auprc,fusion_vs_concat_CSVH
fold_a,20260806,0.00107716435463788,complex_traits,strict,auprc,fusion_vs_concat_CSVH
fold_b,42,-0.001323878623496491,complex_traits,strict,auprc,fusion_vs_concat_CSVH
fold_b,314159,-0.001323878623496491,complex_traits,strict,auprc,fusion_vs_concat_CSVH
fold_b,20260806,-0.001323878623496491,complex_traits,strict,auprc,fusion_vs_concat_CSVH
fold_c,42,-3.358901663046143e-05,complex_traits,strict,auprc,fusion_vs_concat_CSVH
fold_c,314159,-3.358901663046143e-05,complex_traits,strict,auprc,fusion_vs_concat_CSVH
fold_c,20260806,-3.358901663046143e-05,complex_traits,strict,auprc,fusion_vs_concat_CSVH
fold_d,42,-0.004472139018470045,complex_traits,strict,auprc,fusion_vs_concat_CSVH
fold_d,314159,-0.004472139018470045,complex_traits,strict,auprc,fusion_vs_concat_CSVH
fold_d,20260806,-0.004472139018470045,complex_traits,strict,auprc,fusion_vs_concat_CSVH
fold_e,42,0.0014214998951555535,complex_traits,strict,auprc,fusion_vs_concat_CSVH
fold_e,314159,0.0014214998951555535,complex_traits,strict,auprc,fusion_vs_concat_CSVH
fold_e,20260806,0.0014214998951555535,complex_traits,strict,auprc,fusion_vs_concat_CSVH
fold_a,42,-0.00449120532378422,complex_traits,strict,auprc,fusion_vs_V_CSH
fold_a,314159,-0.00449120532378422,complex_traits,strict,auprc,fusion_vs_V_CSH
fold_a,20260806,-0.00449120532378422,complex_traits,strict,auprc,fusion_vs_V_CSH
fold_b,42,0.022131895598041254,complex_traits,strict,auprc,fusion_vs_V_CSH
fold_b,314159,0.022131895598041254,complex_traits,strict,auprc,fusion_vs_V_CSH
fold_b,20260806,0.022131895598041254,complex_traits,strict,auprc,fusion_vs_V_CSH
fold_c,42,0.005789844232325356,complex_traits,strict,auprc,fusion_vs_V_CSH
fold_c,314159,0.005789844232325356,complex_traits,strict,auprc,fusion_vs_V_CSH
fold_c,20260806,0.005789844232325356,complex_traits,strict,auprc,fusion_vs_V_CSH
fold_d,42,0.01369942433840042,complex_traits,strict,auprc,fusion_vs_V_CSH
fold_d,314159,0.01369942433840042,complex_traits,strict,auprc,fusion_vs_V_CSH
fold_d,20260806,0.01369942433840042,complex_traits,strict,auprc,fusion_vs_V_CSH
fold_e,42,0.0026405028944450626,complex_traits,strict,auprc,fusion_vs_V_CSH
fold_e,314159,0.0026405028944450626,complex_traits,strict,auprc,fusion_vs_V_CSH
fold_e,20260806,0.0026405028944450626,complex_traits,strict,auprc,fusion_vs_V_CSH
fold_a,42,-0.0015809870955901528,complex_traits,strict,auprc,fusion_vs_concat_CSVHT
fold_a,314159,0.0011272931324674829,complex_traits,strict,auprc,fusion_vs_concat_CSVHT
fold_a,20260806,0.0012021082041662329,complex_traits,strict,auprc,fusion_vs_concat_CSVHT
fold_b,42,0.0015733345331919585,complex_traits,strict,auprc,fusion_vs_concat_CSVHT
fold_b,314159,-0.0012361684946109314,complex_traits,strict,auprc,fusion_vs_concat_CSVHT
fold_b,20260806,0.000563689520994809,complex_traits,strict,auprc,fusion_vs_concat_CSVHT
fold_c,42,0.00020943061391268114,complex_traits,strict,auprc,fusion_vs_concat_CSVHT
fold_c,314159,-0.0003493941451511856,complex_traits,strict,auprc,fusion_vs_concat_CSVHT
fold_c,20260806,0.001047857443260275,complex_traits,strict,auprc,fusion_vs_concat_CSVHT
fold_d,42,-0.01530291559531409,complex_traits,strict,auprc,fusion_vs_concat_CSVHT
fold_d,314159,-0.019759788431692127,complex_traits,strict,auprc,fusion_vs_concat_CSVHT
fold_d,20260806,-0.01668625868423812,complex_traits,strict,auprc,fusion_vs_concat_CSVHT
fold_e,42,0.00035801745727895296,complex_traits,strict,auprc,fusion_vs_concat_CSVHT
fold_e,314159,-0.007081369044253022,complex_traits,strict,auprc,fusion_vs_concat_CSVHT
fold_e,20260806,0.000607685973246494,complex_traits,strict,auprc,fusion_vs_concat_CSVHT
fold_a,42,-0.00625566175961173,complex_traits,strict,auprc,fusion_vs_V_CSHT
fold_a,314159,-0.005772762493884531,complex_traits,strict,auprc,fusion_vs_V_CSHT
fold_a,20260806,-0.0044767662123676305,complex_traits,strict,auprc,fusion_vs_V_CSHT
fold_b,42,0.0167996844447994,complex_traits,strict,auprc,fusion_vs_V_CSHT
fold_b,314159,0.016291957205367177,complex_traits,strict,auprc,fusion_vs_V_CSHT
fold_b,20260806,0.01330967920970319,complex_traits,strict,auprc,fusion_vs_V_CSHT
fold_c,42,0.001724143530827102,complex_traits,strict,auprc,fusion_vs_V_CSHT
fold_c,314159,0.007580319145914574,complex_traits,strict,auprc,fusion_vs_V_CSHT
fold_c,20260806,0.0017059481062673548,complex_traits,strict,auprc,fusion_vs_V_CSHT
fold_d,42,0.0,complex_traits,strict,auprc,fusion_vs_V_CSHT
fold_d,314159,0.0,complex_traits,strict,auprc,fusion_vs_V_CSHT
fold_d,20260806,0.0,complex_traits,strict,auprc,fusion_vs_V_CSHT
fold_e,42,0.003110964008542827,complex_traits,strict,auprc,fusion_vs_V_CSHT
fold_e,314159,-0.0033039380178660205,complex_traits,strict,auprc,fusion_vs_V_CSHT
fold_e,20260806,-0.0025012554167691686,complex_traits,strict,auprc,fusion_vs_V_CSHT
fold_a,42,0.0,complex_traits,strict,chromosome_weighted_auprc,linear_vs_fixed_V
fold_a,314159,0.0,complex_traits,strict,chromosome_weighted_auprc,linear_vs_fixed_V
fold_a,20260806,0.0,complex_traits,strict,chromosome_weighted_auprc,linear_vs_fixed_V
fold_b,42,3.3309208890816566e-05,complex_traits,strict,chromosome_weighted_auprc,linear_vs_fixed_V
fold_b,314159,3.3309208890816566e-05,complex_traits,strict,chromosome_weighted_auprc,linear_vs_fixed_V
fold_b,20260806,3.3309208890816566e-05,complex_traits,strict,chromosome_weighted_auprc,linear_vs_fixed_V
fold_c,42,0.00023449411186092506,complex_traits,strict,chromosome_weighted_auprc,linear_vs_fixed_V
fold_c,314159,0.00023449411186092506,complex_traits,strict,chromosome_weighted_auprc,linear_vs_fixed_V
fold_c,20260806,0.00023449411186092506,complex_traits,strict,chromosome_weighted_auprc,linear_vs_fixed_V
fold_d,42,0.0001206059137894705,complex_traits,strict,chromosome_weighted_auprc,linear_vs_fixed_V
fold_d,314159,0.0001206059137894705,complex_traits,strict,chromosome_weighted_auprc,linear_vs_fixed_V
fold_d,20260806,0.0001206059137894705,complex_traits,strict,chromosome_weighted_auprc,linear_vs_fixed_V
fold_e,42,0.00048305856921015966,complex_traits,strict,chromosome_weighted_auprc,linear_vs_fixed_V
fold_e,314159,0.00048305856921015966,complex_traits,strict,chromosome_weighted_auprc,linear_vs_fixed_V
fold_e,20260806,0.00048305856921015966,complex_traits,strict,chromosome_weighted_auprc,linear_vs_fixed_V
fold_a,42,-0.006780362962368142,complex_traits,strict,chromosome_weighted_auprc,histgb_vs_fixed_V
fold_a,314159,-0.006780362962368142,complex_traits,strict,chromosome_weighted_auprc,histgb_vs_fixed_V
fold_a,20260806,-0.006780362962368142,complex_traits,strict,chromosome_weighted_auprc,histgb_vs_fixed_V
fold_b,42,0.00952363255156781,complex_traits,strict,chromosome_weighted_auprc,histgb_vs_fixed_V
fold_b,314159,0.00952363255156781,complex_traits,strict,chromosome_weighted_auprc,histgb_vs_fixed_V
fold_b,20260806,0.00952363255156781,complex_traits,strict,chromosome_weighted_auprc,histgb_vs_fixed_V
fold_c,42,-0.0062212360579473325,complex_traits,strict,chromosome_weighted_auprc,histgb_vs_fixed_V
fold_c,314159,-0.0062212360579473325,complex_traits,strict,chromosome_weighted_auprc,histgb_vs_fixed_V
fold_c,20260806,-0.0062212360579473325,complex_traits,strict,chromosome_weighted_auprc,histgb_vs_fixed_V
fold_d,42,0.012808093373461435,complex_traits,strict,chromosome_weighted_auprc,histgb_vs_fixed_V
fold_d,314159,0.012808093373461435,complex_traits,strict,chromosome_weighted_auprc,histgb_vs_fixed_V
fold_d,20260806,0.012808093373461435,complex_traits,strict,chromosome_weighted_auprc,histgb_vs_fixed_V
fold_e,42,-0.022459831100325997,complex_traits,strict,chromosome_weighted_auprc,histgb_vs_fixed_V
fold_e,314159,-0.022459831100325997,complex_traits,strict,chromosome_weighted_auprc,histgb_vs_fixed_V
fold_e,20260806,-0.022459831100325997,complex_traits,strict,chromosome_weighted_auprc,histgb_vs_fixed_V
fold_a,42,0.0034054030655767398,complex_traits,strict,chromosome_weighted_auprc,linear_vs_fixed_CS
fold_a,314159,0.0034054030655767398,complex_traits,strict,chromosome_weighted_auprc,linear_vs_fixed_CS
fold_a,20260806,0.0034054030655767398,complex_traits,strict,chromosome_weighted_auprc,linear_vs_fixed_CS
fold_b,42,0.0,complex_traits,strict,chromosome_weighted_auprc,linear_vs_fixed_CS
fold_b,314159,0.0,complex_traits,strict,chromosome_weighted_auprc,linear_vs_fixed_CS
fold_b,20260806,0.0,complex_traits,strict,chromosome_weighted_auprc,linear_vs_fixed_CS
fold_c,42,-0.008246081976047454,complex_traits,strict,chromosome_weighted_auprc,linear_vs_fixed_CS
fold_c,314159,-0.008246081976047454,complex_traits,strict,chromosome_weighted_auprc,linear_vs_fixed_CS
fold_c,20260806,-0.008246081976047454,complex_traits,strict,chromosome_weighted_auprc,linear_vs_fixed_CS
fold_d,42,0.008267788165753853,complex_traits,strict,chromosome_weighted_auprc,linear_vs_fixed_CS
fold_d,314159,0.008267788165753853,complex_traits,strict,chromosome_weighted_auprc,linear_vs_fixed_CS
fold_d,20260806,0.008267788165753853,complex_traits,strict,chromosome_weighted_auprc,linear_vs_fixed_CS
fold_e,42,-0.020591913019575525,complex_traits,strict,chromosome_weighted_auprc,linear_vs_fixed_CS
fold_e,314159,-0.020591913019575525,complex_traits,strict,chromosome_weighted_auprc,linear_vs_fixed_CS
fold_e,20260806,-0.020591913019575525,complex_traits,strict,chromosome_weighted_auprc,linear_vs_fixed_CS
fold_a,42,-0.0017123710145460908,complex_traits,strict,chromosome_weighted_auprc,histgb_vs_fixed_CS
fold_a,314159,-0.0017123710145460908,complex_traits,strict,chromosome_weighted_auprc,histgb_vs_fixed_CS
fold_a,20260806,-0.0017123710145460908,complex_traits,strict,chromosome_weighted_auprc,histgb_vs_fixed_CS
fold_b,42,-0.014934014690624636,complex_traits,strict,chromosome_weighted_auprc,histgb_vs_fixed_CS
fold_b,314159,-0.014934014690624636,complex_traits,strict,chromosome_weighted_auprc,histgb_vs_fixed_CS
fold_b,20260806,-0.014934014690624636,complex_traits,strict,chromosome_weighted_auprc,histgb_vs_fixed_CS
fold_c,42,-0.02818837038888715,complex_traits,strict,chromosome_weighted_auprc,histgb_vs_fixed_CS
fold_c,314159,-0.02818837038888715,complex_traits,strict,chromosome_weighted_auprc,histgb_vs_fixed_CS
fold_c,20260806,-0.02818837038888715,complex_traits,strict,chromosome_weighted_auprc,histgb_vs_fixed_CS
fold_d,42,0.0022917499190462653,complex_traits,strict,chromosome_weighted_auprc,histgb_vs_fixed_CS
fold_d,314159,0.0022917499190462653,complex_traits,strict,chromosome_weighted_auprc,histgb_vs_fixed_CS
fold_d,20260806,0.0022917499190462653,complex_traits,strict,chromosome_weighted_auprc,histgb_vs_fixed_CS
fold_e,42,-0.011951473688437464,complex_traits,strict,chromosome_weighted_auprc,histgb_vs_fixed_CS
fold_e,314159,-0.011951473688437464,complex_traits,strict,chromosome_weighted_auprc,histgb_vs_fixed_CS
fold_e,20260806,-0.011951473688437464,complex_traits,strict,chromosome_weighted_auprc,histgb_vs_fixed_CS
fold_a,42,0.0012499704532313305,complex_traits,strict,chromosome_weighted_auprc,linear_vs_fixed_CSV
fold_a,314159,0.0012499704532313305,complex_traits,strict,chromosome_weighted_auprc,linear_vs_fixed_CSV
fold_a,20260806,0.0012499704532313305,complex_traits,strict,chromosome_weighted_auprc,linear_vs_fixed_CSV
fold_b,42,-0.006616827159661831,complex_traits,strict,chromosome_weighted_auprc,linear_vs_fixed_CSV
fold_b,314159,-0.006616827159661831,complex_traits,strict,chromosome_weighted_auprc,linear_vs_fixed_CSV
fold_b,20260806,-0.006616827159661831,complex_traits,strict,chromosome_weighted_auprc,linear_vs_fixed_CSV
fold_c,42,-0.013296680764360955,complex_traits,strict,chromosome_weighted_auprc,linear_vs_fixed_CSV
fold_c,314159,-0.013296680764360955,complex_traits,strict,chromosome_weighted_auprc,linear_vs_fixed_CSV
fold_c,20260806,-0.013296680764360955,complex_traits,strict,chromosome_weighted_auprc,linear_vs_fixed_CSV
fold_d,42,0.010133017467322744,complex_traits,strict,chromosome_weighted_auprc,linear_vs_fixed_CSV
fold_d,314159,0.010133017467322744,complex_traits,strict,chromosome_weighted_auprc,linear_vs_fixed_CSV
fold_d,20260806,0.010133017467322744,complex_traits,strict,chromosome_weighted_auprc,linear_vs_fixed_CSV
fold_e,42,-0.0004900743597923696,complex_traits,strict,chromosome_weighted_auprc,linear_vs_fixed_CSV
fold_e,314159,-0.0004900743597923696,complex_traits,strict,chromosome_weighted_auprc,linear_vs_fixed_CSV
fold_e,20260806,-0.0004900743597923696,complex_traits,strict,chromosome_weighted_auprc,linear_vs_fixed_CSV
fold_a,42,0.0002110888743732109,complex_traits,strict,chromosome_weighted_auprc,histgb_vs_fixed_CSV
fold_a,314159,0.0002110888743732109,complex_traits,strict,chromosome_weighted_auprc,histgb_vs_fixed_CSV
fold_a,20260806,0.0002110888743732109,complex_traits,strict,chromosome_weighted_auprc,histgb_vs_fixed_CSV
fold_b,42,-0.008908846856816866,complex_traits,strict,chromosome_weighted_auprc,histgb_vs_fixed_CSV
fold_b,314159,-0.008908846856816866,complex_traits,strict,chromosome_weighted_auprc,histgb_vs_fixed_CSV
fold_b,20260806,-0.008908846856816866,complex_traits,strict,chromosome_weighted_auprc,histgb_vs_fixed_CSV
fold_c,42,-0.031530463353222224,complex_traits,strict,chromosome_weighted_auprc,histgb_vs_fixed_CSV
fold_c,314159,-0.031530463353222224,complex_traits,strict,chromosome_weighted_auprc,histgb_vs_fixed_CSV
fold_c,20260806,-0.031530463353222224,complex_traits,strict,chromosome_weighted_auprc,histgb_vs_fixed_CSV
fold_d,42,0.005218424751603404,complex_traits,strict,chromosome_weighted_auprc,histgb_vs_fixed_CSV
fold_d,314159,0.005218424751603404,complex_traits,strict,chromosome_weighted_auprc,histgb_vs_fixed_CSV
fold_d,20260806,0.005218424751603404,complex_traits,strict,chromosome_weighted_auprc,histgb_vs_fixed_CSV
fold_e,42,0.004955145958609658,complex_traits,strict,chromosome_weighted_auprc,histgb_vs_fixed_CSV
fold_e,314159,0.004955145958609658,complex_traits,strict,chromosome_weighted_auprc,histgb_vs_fixed_CSV
fold_e,20260806,0.004955145958609658,complex_traits,strict,chromosome_weighted_auprc,histgb_vs_fixed_CSV
fold_a,42,0.0064035067881301755,complex_traits,strict,chromosome_weighted_auprc,linear_vs_fixed_CSVT
fold_a,314159,0.0024742652642912866,complex_traits,strict,chromosome_weighted_auprc,linear_vs_fixed_CSVT
fold_a,20260806,-0.0017596100115076924,complex_traits,strict,chromosome_weighted_auprc,linear_vs_fixed_CSVT
fold_b,42,0.0,complex_traits,strict,chromosome_weighted_auprc,linear_vs_fixed_CSVT
fold_b,314159,0.0,complex_traits,strict,chromosome_weighted_auprc,linear_vs_fixed_CSVT
fold_b,20260806,-0.0016029424116215385,complex_traits,strict,chromosome_weighted_auprc,linear_vs_fixed_CSVT
fold_c,42,-0.00020678056995110383,complex_traits,strict,chromosome_weighted_auprc,linear_vs_fixed_CSVT
fold_c,314159,0.002530244077145624,complex_traits,strict,chromosome_weighted_auprc,linear_vs_fixed_CSVT
fold_c,20260806,-0.0038782915619450936,complex_traits,strict,chromosome_weighted_auprc,linear_vs_fixed_CSVT
fold_d,42,0.013914328112859323,complex_traits,strict,chromosome_weighted_auprc,linear_vs_fixed_CSVT
fold_d,314159,0.012759793576461245,complex_traits,strict,chromosome_weighted_auprc,linear_vs_fixed_CSVT
fold_d,20260806,0.0026034189398803503,complex_traits,strict,chromosome_weighted_auprc,linear_vs_fixed_CSVT
fold_e,42,-0.007968745712043923,complex_traits,strict,chromosome_weighted_auprc,linear_vs_fixed_CSVT
fold_e,314159,-0.01366360586157539,complex_traits,strict,chromosome_weighted_auprc,linear_vs_fixed_CSVT
fold_e,20260806,-0.0008753885124748451,complex_traits,strict,chromosome_weighted_auprc,linear_vs_fixed_CSVT
fold_a,42,-0.004028219813929659,complex_traits,strict,chromosome_weighted_auprc,histgb_vs_fixed_CSVT
fold_a,314159,0.0030009207232133683,complex_traits,strict,chromosome_weighted_auprc,histgb_vs_fixed_CSVT
fold_a,20260806,0.0019672535835599664,complex_traits,strict,chromosome_weighted_auprc,histgb_vs_fixed_CSVT
fold_b,42,-0.01892103998833529,complex_traits,strict,chromosome_weighted_auprc,histgb_vs_fixed_CSVT
fold_b,314159,-0.014058636405491293,complex_traits,strict,chromosome_weighted_auprc,histgb_vs_fixed_CSVT
fold_b,20260806,-0.00033849308195235683,complex_traits,strict,chromosome_weighted_auprc,histgb_vs_fixed_CSVT
fold_c,42,-0.02159095276812846,complex_traits,strict,chromosome_weighted_auprc,histgb_vs_fixed_CSVT
fold_c,314159,-0.016971827235870915,complex_traits,strict,chromosome_weighted_auprc,histgb_vs_fixed_CSVT
fold_c,20260806,-0.009743148480983732,complex_traits,strict,chromosome_weighted_auprc,histgb_vs_fixed_CSVT
fold_d,42,0.011533245955780605,complex_traits,strict,chromosome_weighted_auprc,histgb_vs_fixed_CSVT
fold_d,314159,-0.0013346970223739735,complex_traits,strict,chromosome_weighted_auprc,histgb_vs_fixed_CSVT
fold_d,20260806,0.01348381914017148,complex_traits,strict,chromosome_weighted_auprc,histgb_vs_fixed_CSVT
fold_e,42,-0.00751947706022002,complex_traits,strict,chromosome_weighted_auprc,histgb_vs_fixed_CSVT
fold_e,314159,-0.015810261117513935,complex_traits,strict,chromosome_weighted_auprc,histgb_vs_fixed_CSVT
fold_e,20260806,-0.00788049411427888,complex_traits,strict,chromosome_weighted_auprc,histgb_vs_fixed_CSVT
fold_a,42,0.0001381768893391755,complex_traits,strict,chromosome_weighted_auprc,linear_vs_fixed_CSVH
fold_a,314159,0.0001381768893391755,complex_traits,strict,chromosome_weighted_auprc,linear_vs_fixed_CSVH
fold_a,20260806,0.0001381768893391755,complex_traits,strict,chromosome_weighted_auprc,linear_vs_fixed_CSVH
fold_b,42,-0.003617624908573064,complex_traits,strict,chromosome_weighted_auprc,linear_vs_fixed_CSVH
fold_b,314159,-0.003617624908573064,complex_traits,strict,chromosome_weighted_auprc,linear_vs_fixed_CSVH
fold_b,20260806,-0.003617624908573064,complex_traits,strict,chromosome_weighted_auprc,linear_vs_fixed_CSVH
fold_c,42,-0.011395804097419804,complex_traits,strict,chromosome_weighted_auprc,linear_vs_fixed_CSVH
fold_c,314159,-0.011395804097419804,complex_traits,strict,chromosome_weighted_auprc,linear_vs_fixed_CSVH
fold_c,20260806,-0.011395804097419804,complex_traits,strict,chromosome_weighted_auprc,linear_vs_fixed_CSVH
fold_d,42,0.010514088292222945,complex_traits,strict,chromosome_weighted_auprc,linear_vs_fixed_CSVH
fold_d,314159,0.010514088292222945,complex_traits,strict,chromosome_weighted_auprc,linear_vs_fixed_CSVH
fold_d,20260806,0.010514088292222945,complex_traits,strict,chromosome_weighted_auprc,linear_vs_fixed_CSVH
fold_e,42,-0.007992177356661578,complex_traits,strict,chromosome_weighted_auprc,linear_vs_fixed_CSVH
fold_e,314159,-0.007992177356661578,complex_traits,strict,chromosome_weighted_auprc,linear_vs_fixed_CSVH
fold_e,20260806,-0.007992177356661578,complex_traits,strict,chromosome_weighted_auprc,linear_vs_fixed_CSVH
fold_a,42,0.0016823539378825053,complex_traits,strict,chromosome_weighted_auprc,histgb_vs_fixed_CSVH
fold_a,314159,0.0016823539378825053,complex_traits,strict,chromosome_weighted_auprc,histgb_vs_fixed_CSVH
fold_a,20260806,0.0016823539378825053,complex_traits,strict,chromosome_weighted_auprc,histgb_vs_fixed_CSVH
fold_b,42,-0.012810391301306512,complex_traits,strict,chromosome_weighted_auprc,histgb_vs_fixed_CSVH
fold_b,314159,-0.012810391301306512,complex_traits,strict,chromosome_weighted_auprc,histgb_vs_fixed_CSVH
fold_b,20260806,-0.012810391301306512,complex_traits,strict,chromosome_weighted_auprc,histgb_vs_fixed_CSVH
fold_c,42,-0.027331745483008804,complex_traits,strict,chromosome_weighted_auprc,histgb_vs_fixed_CSVH
fold_c,314159,-0.027331745483008804,complex_traits,strict,chromosome_weighted_auprc,histgb_vs_fixed_CSVH
fold_c,20260806,-0.027331745483008804,complex_traits,strict,chromosome_weighted_auprc,histgb_vs_fixed_CSVH
fold_d,42,0.005036303473994447,complex_traits,strict,chromosome_weighted_auprc,histgb_vs_fixed_CSVH
fold_d,314159,0.005036303473994447,complex_traits,strict,chromosome_weighted_auprc,histgb_vs_fixed_CSVH
fold_d,20260806,0.005036303473994447,complex_traits,strict,chromosome_weighted_auprc,histgb_vs_fixed_CSVH
fold_e,42,0.006662529718114013,complex_traits,strict,chromosome_weighted_auprc,histgb_vs_fixed_CSVH
fold_e,314159,0.006662529718114013,complex_traits,strict,chromosome_weighted_auprc,histgb_vs_fixed_CSVH
fold_e,20260806,0.006662529718114013,complex_traits,strict,chromosome_weighted_auprc,histgb_vs_fixed_CSVH
fold_a,42,-0.00035551689567780986,complex_traits,strict,chromosome_weighted_auprc,linear_vs_fixed_CSVHT
fold_a,314159,-0.002798751158884255,complex_traits,strict,chromosome_weighted_auprc,linear_vs_fixed_CSVHT
fold_a,20260806,-0.00447339351877829,complex_traits,strict,chromosome_weighted_auprc,linear_vs_fixed_CSVHT
fold_b,42,-0.0023198322528357462,complex_traits,strict,chromosome_weighted_auprc,linear_vs_fixed_CSVHT
fold_b,314159,0.0,complex_traits,strict,chromosome_weighted_auprc,linear_vs_fixed_CSVHT
fold_b,20260806,-0.0020330606033415743,complex_traits,strict,chromosome_weighted_auprc,linear_vs_fixed_CSVHT
fold_c,42,-0.010725243365654835,complex_traits,strict,chromosome_weighted_auprc,linear_vs_fixed_CSVHT
fold_c,314159,0.005041528857049893,complex_traits,strict,chromosome_weighted_auprc,linear_vs_fixed_CSVHT
fold_c,20260806,-0.006944186461004961,complex_traits,strict,chromosome_weighted_auprc,linear_vs_fixed_CSVHT
fold_d,42,0.009362226115370409,complex_traits,strict,chromosome_weighted_auprc,linear_vs_fixed_CSVHT
fold_d,314159,0.011955896565142274,complex_traits,strict,chromosome_weighted_auprc,linear_vs_fixed_CSVHT
fold_d,20260806,0.003856181937731823,complex_traits,strict,chromosome_weighted_auprc,linear_vs_fixed_CSVHT
fold_e,42,-0.005692973605997104,complex_traits,strict,chromosome_weighted_auprc,linear_vs_fixed_CSVHT
fold_e,314159,-0.007194580284367091,complex_traits,strict,chromosome_weighted_auprc,linear_vs_fixed_CSVHT
fold_e,20260806,-0.009699609172302032,complex_traits,strict,chromosome_weighted_auprc,linear_vs_fixed_CSVHT
fold_a,42,-0.002867357514033428,complex_traits,strict,chromosome_weighted_auprc,histgb_vs_fixed_CSVHT
fold_a,314159,-0.0027698915140302455,complex_traits,strict,chromosome_weighted_auprc,histgb_vs_fixed_CSVHT
fold_a,20260806,0.003956472724327906,complex_traits,strict,chromosome_weighted_auprc,histgb_vs_fixed_CSVHT
fold_b,42,-0.007101804924609698,complex_traits,strict,chromosome_weighted_auprc,histgb_vs_fixed_CSVHT
fold_b,314159,-0.001240238729582871,complex_traits,strict,chromosome_weighted_auprc,histgb_vs_fixed_CSVHT
fold_b,20260806,0.005527100894866327,complex_traits,strict,chromosome_weighted_auprc,histgb_vs_fixed_CSVHT
fold_c,42,-0.02131735130159529,complex_traits,strict,chromosome_weighted_auprc,histgb_vs_fixed_CSVHT
fold_c,314159,-0.013909862812782697,complex_traits,strict,chromosome_weighted_auprc,histgb_vs_fixed_CSVHT
fold_c,20260806,-0.016138054749324116,complex_traits,strict,chromosome_weighted_auprc,histgb_vs_fixed_CSVHT
fold_d,42,0.018704059337597306,complex_traits,strict,chromosome_weighted_auprc,histgb_vs_fixed_CSVHT
fold_d,314159,0.0075981176188140015,complex_traits,strict,chromosome_weighted_auprc,histgb_vs_fixed_CSVHT
fold_d,20260806,0.00513005882292325,complex_traits,strict,chromosome_weighted_auprc,histgb_vs_fixed_CSVHT
fold_e,42,0.0022855489148227714,complex_traits,strict,chromosome_weighted_auprc,histgb_vs_fixed_CSVHT
fold_e,314159,-0.021380827962529908,complex_traits,strict,chromosome_weighted_auprc,histgb_vs_fixed_CSVHT
fold_e,20260806,0.0032231112603582635,complex_traits,strict,chromosome_weighted_auprc,histgb_vs_fixed_CSVHT
fold_a,42,0.009653468504665738,complex_traits,strict,chromosome_weighted_auprc,T_given_CSV_linear
fold_a,314159,-0.0012521065730566189,complex_traits,strict,chromosome_weighted_auprc,T_given_CSV_linear
fold_a,20260806,0.0008841850111319105,complex_traits,strict,chromosome_weighted_auprc,T_given_CSV_linear
fold_b,42,0.004566006409105011,complex_traits,strict,chromosome_weighted_auprc,T_given_CSV_linear
fold_b,314159,0.006415881250437017,complex_traits,strict,chromosome_weighted_auprc,T_given_CSV_linear
fold_b,20260806,-0.007221304800552969,complex_traits,strict,chromosome_weighted_auprc,T_given_CSV_linear
fold_c,42,0.007430139516971787,complex_traits,strict,chromosome_weighted_auprc,T_given_CSV_linear
fold_c,314159,0.003767152174875013,complex_traits,strict,chromosome_weighted_auprc,T_given_CSV_linear
fold_c,20260806,-0.0032195023859159094,complex_traits,strict,chromosome_weighted_auprc,T_given_CSV_linear
fold_d,42,-0.00254134314717272,complex_traits,strict,chromosome_weighted_auprc,T_given_CSV_linear
fold_d,314159,0.002163496143589072,complex_traits,strict,chromosome_weighted_auprc,T_given_CSV_linear
fold_d,20260806,-0.007255055248988507,complex_traits,strict,chromosome_weighted_auprc,T_given_CSV_linear
fold_e,42,-0.012650141596787401,complex_traits,strict,chromosome_weighted_auprc,T_given_CSV_linear
fold_e,314159,-0.011157393979724484,complex_traits,strict,chromosome_weighted_auprc,T_given_CSV_linear
fold_e,20260806,-0.006169415791200977,complex_traits,strict,chromosome_weighted_auprc,T_given_CSV_linear
fold_a,42,0.003467855726010577,complex_traits,strict,chromosome_weighted_auprc,T_given_CSVH_linear
fold_a,314159,-0.0007512145841120227,complex_traits,strict,chromosome_weighted_auprc,T_given_CSVH_linear
fold_a,20260806,0.0002991493598181322,complex_traits,strict,chromosome_weighted_auprc,T_given_CSVH_linear
fold_b,42,-0.005218960787534227,complex_traits,strict,chromosome_weighted_auprc,T_given_CSVH_linear
fold_b,314159,-0.0035937509082792085,complex_traits,strict,chromosome_weighted_auprc,T_given_CSVH_linear
fold_b,20260806,-0.012725074688690413,complex_traits,strict,chromosome_weighted_auprc,T_given_CSVH_linear
fold_c,42,-0.0020346233052183638,complex_traits,strict,chromosome_weighted_auprc,T_given_CSVH_linear
fold_c,314159,0.006611105697272551,complex_traits,strict,chromosome_weighted_auprc,T_given_CSVH_linear
fold_c,20260806,-0.003240129020440935,complex_traits,strict,chromosome_weighted_auprc,T_given_CSVH_linear
fold_d,42,-0.01040154969953902,complex_traits,strict,chromosome_weighted_auprc,T_given_CSVH_linear
fold_d,314159,0.0005720473176538676,complex_traits,strict,chromosome_weighted_auprc,T_given_CSVH_linear
fold_d,20260806,-0.00847112639364056,complex_traits,strict,chromosome_weighted_auprc,T_given_CSVH_linear
fold_e,42,0.0015218671383148974,complex_traits,strict,chromosome_weighted_auprc,T_given_CSVH_linear
fold_e,314159,0.0028354313310589574,complex_traits,strict,chromosome_weighted_auprc,T_given_CSVH_linear
fold_e,20260806,-0.005438876768575351,complex_traits,strict,chromosome_weighted_auprc,T_given_CSVH_linear
fold_a,42,0.0002606234814640229,complex_traits,strict,chromosome_weighted_auprc,T_given_CSV_histgb
fold_a,314159,0.0003134304647235825,complex_traits,strict,chromosome_weighted_auprc,T_given_CSV_histgb
fold_a,20260806,0.005649930185057689,complex_traits,strict,chromosome_weighted_auprc,T_given_CSV_histgb
fold_b,42,-0.012063013882075244,complex_traits,strict,chromosome_weighted_auprc,T_given_CSV_histgb
fold_b,314159,-0.005350735457899242,complex_traits,strict,chromosome_weighted_auprc,T_given_CSV_histgb
fold_b,20260806,-0.003664835773728753,complex_traits,strict,chromosome_weighted_auprc,T_given_CSV_histgb
fold_c,42,0.0042797499076557,complex_traits,strict,chromosome_weighted_auprc,T_given_CSV_histgb
fold_c,314159,0.0024988634507197433,complex_traits,strict,chromosome_weighted_auprc,T_given_CSV_histgb
fold_c,20260806,0.009149423283906721,complex_traits,strict,chromosome_weighted_auprc,T_given_CSV_histgb
fold_d,42,-7.83258853209734e-06,complex_traits,strict,chromosome_weighted_auprc,T_given_CSV_histgb
fold_d,314159,-0.007016401739526806,complex_traits,strict,chromosome_weighted_auprc,T_given_CSV_histgb
fold_d,20260806,0.008539937667021963,complex_traits,strict,chromosome_weighted_auprc,T_given_CSV_histgb
fold_e,42,-0.017646093263365525,complex_traits,strict,chromosome_weighted_auprc,T_given_CSV_histgb
fold_e,314159,-0.018749269554065057,complex_traits,strict,chromosome_weighted_auprc,T_given_CSV_histgb
fold_e,20260806,-0.01861974171140704,complex_traits,strict,chromosome_weighted_auprc,T_given_CSV_histgb
fold_a,42,-0.0005881619408883709,complex_traits,strict,chromosome_weighted_auprc,T_given_CSVH_histgb
fold_a,314159,-0.002266531987801343,complex_traits,strict,chromosome_weighted_auprc,T_given_CSVH_histgb
fold_a,20260806,0.007184838554380998,complex_traits,strict,chromosome_weighted_auprc,T_given_CSVH_histgb
fold_b,42,-0.0008081670665747304,complex_traits,strict,chromosome_weighted_auprc,T_given_CSVH_histgb
fold_b,314159,0.0043587767548713685,complex_traits,strict,chromosome_weighted_auprc,T_given_CSVH_histgb
fold_b,20260806,0.004027853202250936,complex_traits,strict,chromosome_weighted_auprc,T_given_CSVH_histgb
fold_c,42,0.003309210144430183,complex_traits,strict,chromosome_weighted_auprc,T_given_CSVH_histgb
fold_c,314159,0.0035956554130289614,complex_traits,strict,chromosome_weighted_auprc,T_given_CSVH_histgb
fold_c,20260806,0.003501944076828911,complex_traits,strict,chromosome_weighted_auprc,T_given_CSVH_histgb
fold_d,42,0.004418068340916376,complex_traits,strict,chromosome_weighted_auprc,T_given_CSVH_histgb
fold_d,314159,0.0016920531895540936,complex_traits,strict,chromosome_weighted_auprc,T_given_CSVH_histgb
fold_d,20260806,-0.0017194646902206345,complex_traits,strict,chromosome_weighted_auprc,T_given_CSVH_histgb
fold_e,42,-0.005154317415640819,complex_traits,strict,chromosome_weighted_auprc,T_given_CSVH_histgb
fold_e,314159,-0.02600552342187945,complex_traits,strict,chromosome_weighted_auprc,T_given_CSVH_histgb
fold_e,20260806,-0.007170863410690648,complex_traits,strict,chromosome_weighted_auprc,T_given_CSVH_histgb
fold_a,42,0.005472692534975135,complex_traits,strict,chromosome_weighted_auprc,T_given_CS_linear
fold_a,314159,-0.0027983719503831134,complex_traits,strict,chromosome_weighted_auprc,T_given_CS_linear
fold_a,20260806,-0.002630217027846049,complex_traits,strict,chromosome_weighted_auprc,T_given_CS_linear
fold_b,42,-0.0022222390251776802,complex_traits,strict,chromosome_weighted_auprc,T_given_CS_linear
fold_b,314159,-0.0005672711203447145,complex_traits,strict,chromosome_weighted_auprc,T_given_CS_linear
fold_b,20260806,-0.015032034491310409,complex_traits,strict,chromosome_weighted_auprc,T_given_CS_linear
fold_c,42,-0.0075414386618624235,complex_traits,strict,chromosome_weighted_auprc,T_given_CS_linear
fold_c,314159,-0.0016379247420351822,complex_traits,strict,chromosome_weighted_auprc,T_given_CS_linear
fold_c,20260806,-0.007996219542613661,complex_traits,strict,chromosome_weighted_auprc,T_given_CS_linear
fold_d,42,-0.0014261517068507867,complex_traits,strict,chromosome_weighted_auprc,T_given_CS_linear
fold_d,314159,0.004018580080810574,complex_traits,strict,chromosome_weighted_auprc,T_given_CS_linear
fold_d,20260806,-0.00659089440600677,complex_traits,strict,chromosome_weighted_auprc,T_given_CS_linear
fold_e,42,0.005512190722587906,complex_traits,strict,chromosome_weighted_auprc,T_given_CS_linear
fold_e,314159,0.00762376950004981,complex_traits,strict,chromosome_weighted_auprc,T_given_CS_linear
fold_e,20260806,-0.004740210263350947,complex_traits,strict,chromosome_weighted_auprc,T_given_CS_linear
fold_a,42,0.005472692534975135,complex_traits,strict,chromosome_weighted_auprc,T_given_V_CS_fusion
fold_a,314159,-0.0014078179767865046,complex_traits,strict,chromosome_weighted_auprc,T_given_V_CS_fusion
fold_a,20260806,-0.0021757391536591786,complex_traits,strict,chromosome_weighted_auprc,T_given_V_CS_fusion
fold_b,42,-0.0009777895341087917,complex_traits,strict,chromosome_weighted_auprc,T_given_V_CS_fusion
fold_b,314159,-0.0005399486191232095,complex_traits,strict,chromosome_weighted_auprc,T_given_V_CS_fusion
fold_b,20260806,-0.011182932372023696,complex_traits,strict,chromosome_weighted_auprc,T_given_V_CS_fusion
fold_c,42,-0.007344046774258872,complex_traits,strict,chromosome_weighted_auprc,T_given_V_CS_fusion
fold_c,314159,-0.0010988261504766006,complex_traits,strict,chromosome_weighted_auprc,T_given_V_CS_fusion
fold_c,20260806,-0.00988375087310428,complex_traits,strict,chromosome_weighted_auprc,T_given_V_CS_fusion
fold_d,42,-0.021800343363420904,complex_traits,strict,chromosome_weighted_auprc,T_given_V_CS_fusion
fold_d,314159,-0.021800343363420904,complex_traits,strict,chromosome_weighted_auprc,T_given_V_CS_fusion
fold_d,20260806,-0.021800343363420904,complex_traits,strict,chromosome_weighted_auprc,T_given_V_CS_fusion
fold_e,42,0.0015860782046356048,complex_traits,strict,chromosome_weighted_auprc,T_given_V_CS_fusion
fold_e,314159,0.003709529654292859,complex_traits,strict,chromosome_weighted_auprc,T_given_V_CS_fusion
fold_e,20260806,-0.007750594032166769,complex_traits,strict,chromosome_weighted_auprc,T_given_V_CS_fusion
fold_a,42,0.0047409398259743996,complex_traits,strict,chromosome_weighted_auprc,T_given_CSH_linear
fold_a,314159,0.001086111143021068,complex_traits,strict,chromosome_weighted_auprc,T_given_CSH_linear
fold_a,20260806,0.0007988131243031465,complex_traits,strict,chromosome_weighted_auprc,T_given_CSH_linear
fold_b,42,-0.0010513640811010971,complex_traits,strict,chromosome_weighted_auprc,T_given_CSH_linear
fold_b,314159,-0.0028562611021031303,complex_traits,strict,chromosome_weighted_auprc,T_given_CSH_linear
fold_b,20260806,-0.00867615238981538,complex_traits,strict,chromosome_weighted_auprc,T_given_CSH_linear
fold_c,42,-0.0011239593941944487,complex_traits,strict,chromosome_weighted_auprc,T_given_CSH_linear
fold_c,314159,0.008240339971592223,complex_traits,strict,chromosome_weighted_auprc,T_given_CSH_linear
fold_c,20260806,-0.001097999394095328,complex_traits,strict,chromosome_weighted_auprc,T_given_CSH_linear
fold_d,42,-0.00313080799901691,complex_traits,strict,chromosome_weighted_auprc,T_given_CSH_linear
fold_d,314159,0.0008063721539778024,complex_traits,strict,chromosome_weighted_auprc,T_given_CSH_linear
fold_d,20260806,-0.008703161271113202,complex_traits,strict,chromosome_weighted_auprc,T_given_CSH_linear
fold_e,42,0.0015381551282191153,complex_traits,strict,chromosome_weighted_auprc,T_given_CSH_linear
fold_e,314159,-0.0067524349563695685,complex_traits,strict,chromosome_weighted_auprc,T_given_CSH_linear
fold_e,20260806,-0.008248625478700033,complex_traits,strict,chromosome_weighted_auprc,T_given_CSH_linear
fold_a,42,0.00046751868950820064,complex_traits,strict,chromosome_weighted_auprc,T_given_V_CSH_fusion
fold_a,314159,-0.00015358837936821357,complex_traits,strict,chromosome_weighted_auprc,T_given_V_CSH_fusion
fold_a,20260806,8.910556487977395e-05,complex_traits,strict,chromosome_weighted_auprc,T_given_V_CSH_fusion
fold_b,42,0.0011831406403412514,complex_traits,strict,chromosome_weighted_auprc,T_given_V_CSH_fusion
fold_b,314159,-0.004644092970885638,complex_traits,strict,chromosome_weighted_auprc,T_given_V_CSH_fusion
fold_b,20260806,-0.010069450339204464,complex_traits,strict,chromosome_weighted_auprc,T_given_V_CSH_fusion
fold_c,42,-0.000812905381607873,complex_traits,strict,chromosome_weighted_auprc,T_given_V_CSH_fusion
fold_c,314159,0.006770292520029933,complex_traits,strict,chromosome_weighted_auprc,T_given_V_CSH_fusion
fold_c,20260806,-0.0038044051700298204,complex_traits,strict,chromosome_weighted_auprc,T_given_V_CSH_fusion
fold_d,42,-0.015004976072007403,complex_traits,strict,chromosome_weighted_auprc,T_given_V_CSH_fusion
fold_d,314159,-0.015004976072007403,complex_traits,strict,chromosome_weighted_auprc,T_given_V_CSH_fusion
fold_d,20260806,-0.015004976072007403,complex_traits,strict,chromosome_weighted_auprc,T_given_V_CSH_fusion
fold_e,42,-0.0004997352030365332,complex_traits,strict,chromosome_weighted_auprc,T_given_V_CSH_fusion
fold_e,314159,-0.005768035586126069,complex_traits,strict,chromosome_weighted_auprc,T_given_V_CSH_fusion
fold_e,20260806,-0.004921681046454157,complex_traits,strict,chromosome_weighted_auprc,T_given_V_CSH_fusion
fold_a,42,0.0014843868916194353,complex_traits,strict,chromosome_weighted_auprc,fusion_vs_concat_CSV
fold_a,314159,0.0014843868916194353,complex_traits,strict,chromosome_weighted_auprc,fusion_vs_concat_CSV
fold_a,20260806,0.0014843868916194353,complex_traits,strict,chromosome_weighted_auprc,fusion_vs_concat_CSV
fold_b,42,0.0037646368521255524,complex_traits,strict,chromosome_weighted_auprc,fusion_vs_concat_CSV
fold_b,314159,0.0037646368521255524,complex_traits,strict,chromosome_weighted_auprc,fusion_vs_concat_CSV
fold_b,20260806,0.0037646368521255524,complex_traits,strict,chromosome_weighted_auprc,fusion_vs_concat_CSV
fold_c,42,0.005663297238993656,complex_traits,strict,chromosome_weighted_auprc,fusion_vs_concat_CSV
fold_c,314159,0.005663297238993656,complex_traits,strict,chromosome_weighted_auprc,fusion_vs_concat_CSV
fold_c,20260806,0.005663297238993656,complex_traits,strict,chromosome_weighted_auprc,fusion_vs_concat_CSV
fold_d,42,0.002071148503406589,complex_traits,strict,chromosome_weighted_auprc,fusion_vs_concat_CSV
fold_d,314159,0.002071148503406589,complex_traits,strict,chromosome_weighted_auprc,fusion_vs_concat_CSV
fold_d,20260806,0.002071148503406589,complex_traits,strict,chromosome_weighted_auprc,fusion_vs_concat_CSV
fold_e,42,-0.014692877999084641,complex_traits,strict,chromosome_weighted_auprc,fusion_vs_concat_CSV
fold_e,314159,-0.014692877999084641,complex_traits,strict,chromosome_weighted_auprc,fusion_vs_concat_CSV
fold_e,20260806,-0.014692877999084641,complex_traits,strict,chromosome_weighted_auprc,fusion_vs_concat_CSV
fold_a,42,-0.002580287369562534,complex_traits,strict,chromosome_weighted_auprc,fusion_vs_V_CS
fold_a,314159,-0.002580287369562534,complex_traits,strict,chromosome_weighted_auprc,fusion_vs_V_CS
fold_a,20260806,-0.002580287369562534,complex_traits,strict,chromosome_weighted_auprc,fusion_vs_V_CS
fold_b,42,0.033557177859450366,complex_traits,strict,chromosome_weighted_auprc,fusion_vs_V_CS
fold_b,314159,0.033557177859450366,complex_traits,strict,chromosome_weighted_auprc,fusion_vs_V_CS
fold_b,20260806,0.033557177859450366,complex_traits,strict,chromosome_weighted_auprc,fusion_vs_V_CS
fold_c,42,0.014289285619876815,complex_traits,strict,chromosome_weighted_auprc,fusion_vs_V_CS
fold_c,314159,0.014289285619876815,complex_traits,strict,chromosome_weighted_auprc,fusion_vs_V_CS
fold_c,20260806,0.014289285619876815,complex_traits,strict,chromosome_weighted_auprc,fusion_vs_V_CS
fold_d,42,0.021800343363420904,complex_traits,strict,chromosome_weighted_auprc,fusion_vs_V_CS
fold_d,314159,0.021800343363420904,complex_traits,strict,chromosome_weighted_auprc,fusion_vs_V_CS
fold_d,20260806,0.021800343363420904,complex_traits,strict,chromosome_weighted_auprc,fusion_vs_V_CS
fold_e,42,0.0009386815001607429,complex_traits,strict,chromosome_weighted_auprc,fusion_vs_V_CS
fold_e,314159,0.0009386815001607429,complex_traits,strict,chromosome_weighted_auprc,fusion_vs_V_CS
fold_e,20260806,0.0009386815001607429,complex_traits,strict,chromosome_weighted_auprc,fusion_vs_V_CS
fold_a,42,-0.002696389078071168,complex_traits,strict,chromosome_weighted_auprc,fusion_vs_concat_CSVT
fold_a,314159,0.0013286754878895496,complex_traits,strict,chromosome_weighted_auprc,fusion_vs_concat_CSVT
fold_a,20260806,-0.0015755372731716538,complex_traits,strict,chromosome_weighted_auprc,fusion_vs_concat_CSVT
fold_b,42,-0.0017791590910882504,complex_traits,strict,chromosome_weighted_auprc,fusion_vs_concat_CSVT
fold_b,314159,-0.0031911930174346737,complex_traits,strict,chromosome_weighted_auprc,fusion_vs_concat_CSVT
fold_b,20260806,-0.00019699071934517476,complex_traits,strict,chromosome_weighted_auprc,fusion_vs_concat_CSVT
fold_c,42,-0.009110889052237003,complex_traits,strict,chromosome_weighted_auprc,fusion_vs_concat_CSVT
fold_c,314159,0.0007973189136420422,complex_traits,strict,chromosome_weighted_auprc,fusion_vs_concat_CSVT
fold_c,20260806,-0.0010009512481947147,complex_traits,strict,chromosome_weighted_auprc,fusion_vs_concat_CSVT
fold_d,42,-0.017187851712841595,complex_traits,strict,chromosome_weighted_auprc,fusion_vs_concat_CSVT
fold_d,314159,-0.021892691003603387,complex_traits,strict,chromosome_weighted_auprc,fusion_vs_concat_CSVT
fold_d,20260806,-0.012474139611025808,complex_traits,strict,chromosome_weighted_auprc,fusion_vs_concat_CSVT
fold_e,42,-0.00045665819766163573,complex_traits,strict,chromosome_weighted_auprc,fusion_vs_concat_CSVT
fold_e,314159,0.0001740456349327013,complex_traits,strict,chromosome_weighted_auprc,fusion_vs_concat_CSVT
fold_e,20260806,-0.016274056240050433,complex_traits,strict,chromosome_weighted_auprc,fusion_vs_concat_CSVT
fold_a,42,0.002892405165412601,complex_traits,strict,chromosome_weighted_auprc,fusion_vs_V_CST
fold_a,314159,-0.0039881053463490385,complex_traits,strict,chromosome_weighted_auprc,fusion_vs_V_CST
fold_a,20260806,-0.0047560265232217125,complex_traits,strict,chromosome_weighted_auprc,fusion_vs_V_CST
fold_b,42,0.032579388325341574,complex_traits,strict,chromosome_weighted_auprc,fusion_vs_V_CST
fold_b,314159,0.033017229240327156,complex_traits,strict,chromosome_weighted_auprc,fusion_vs_V_CST
fold_b,20260806,0.02237424548742667,complex_traits,strict,chromosome_weighted_auprc,fusion_vs_V_CST
fold_c,42,0.006945238845617943,complex_traits,strict,chromosome_weighted_auprc,fusion_vs_V_CST
fold_c,314159,0.013190459469400215,complex_traits,strict,chromosome_weighted_auprc,fusion_vs_V_CST
fold_c,20260806,0.004405534746772535,complex_traits,strict,chromosome_weighted_auprc,fusion_vs_V_CST
fold_d,42,0.0,complex_traits,strict,chromosome_weighted_auprc,fusion_vs_V_CST
fold_d,314159,0.0,complex_traits,strict,chromosome_weighted_auprc,fusion_vs_V_CST
fold_d,20260806,0.0,complex_traits,strict,chromosome_weighted_auprc,fusion_vs_V_CST
fold_e,42,0.0025247597047963477,complex_traits,strict,chromosome_weighted_auprc,fusion_vs_V_CST
fold_e,314159,0.004648211154453602,complex_traits,strict,chromosome_weighted_auprc,fusion_vs_V_CST
fold_e,20260806,-0.006811912532006026,complex_traits,strict,chromosome_weighted_auprc,fusion_vs_V_CST
fold_a,42,0.0014728908813177871,complex_traits,strict,chromosome_weighted_auprc,fusion_vs_concat_CSVH
fold_a,314159,0.0014728908813177871,complex_traits,strict,chromosome_weighted_auprc,fusion_vs_concat_CSVH
fold_a,20260806,0.0014728908813177871,complex_traits,strict,chromosome_weighted_auprc,fusion_vs_concat_CSVH
fold_b,42,-0.0017276841236051887,complex_traits,strict,chromosome_weighted_auprc,fusion_vs_concat_CSVH
fold_b,314159,-0.0017276841236051887,complex_traits,strict,chromosome_weighted_auprc,fusion_vs_concat_CSVH
fold_b,20260806,-0.0017276841236051887,complex_traits,strict,chromosome_weighted_auprc,fusion_vs_concat_CSVH
fold_c,42,-0.000517789855147735,complex_traits,strict,chromosome_weighted_auprc,fusion_vs_concat_CSVH
fold_c,314159,-0.000517789855147735,complex_traits,strict,chromosome_weighted_auprc,fusion_vs_concat_CSVH
fold_c,20260806,-0.000517789855147735,complex_traits,strict,chromosome_weighted_auprc,fusion_vs_concat_CSVH
fold_d,42,-0.0064568396707893605,complex_traits,strict,chromosome_weighted_auprc,fusion_vs_concat_CSVH
fold_d,314159,-0.0064568396707893605,complex_traits,strict,chromosome_weighted_auprc,fusion_vs_concat_CSVH
fold_d,20260806,-0.0064568396707893605,complex_traits,strict,chromosome_weighted_auprc,fusion_vs_concat_CSVH
fold_e,42,0.0026021963631161216,complex_traits,strict,chromosome_weighted_auprc,fusion_vs_concat_CSVH
fold_e,314159,0.0026021963631161216,complex_traits,strict,chromosome_weighted_auprc,fusion_vs_concat_CSVH
fold_e,20260806,0.0026021963631161216,complex_traits,strict,chromosome_weighted_auprc,fusion_vs_concat_CSVH
fold_a,42,-0.003219831607433124,complex_traits,strict,chromosome_weighted_auprc,fusion_vs_V_CSH
fold_a,314159,-0.003219831607433124,complex_traits,strict,chromosome_weighted_auprc,fusion_vs_V_CSH
fold_a,20260806,-0.003219831607433124,complex_traits,strict,chromosome_weighted_auprc,fusion_vs_V_CSH
fold_b,42,0.02844582674283061,complex_traits,strict,chromosome_weighted_auprc,fusion_vs_V_CSH
fold_b,314159,0.02844582674283061,complex_traits,strict,chromosome_weighted_auprc,fusion_vs_V_CSH
fold_b,20260806,0.02844582674283061,complex_traits,strict,chromosome_weighted_auprc,fusion_vs_V_CSH
fold_c,42,0.006069283354969229,complex_traits,strict,chromosome_weighted_auprc,fusion_vs_V_CSH
fold_c,314159,0.006069283354969229,complex_traits,strict,chromosome_weighted_auprc,fusion_vs_V_CSH
fold_c,20260806,0.006069283354969229,complex_traits,strict,chromosome_weighted_auprc,fusion_vs_V_CSH
fold_d,42,0.015004976072007403,complex_traits,strict,chromosome_weighted_auprc,fusion_vs_V_CSH
fold_d,314159,0.015004976072007403,complex_traits,strict,chromosome_weighted_auprc,fusion_vs_V_CSH
fold_d,20260806,0.015004976072007403,complex_traits,strict,chromosome_weighted_auprc,fusion_vs_V_CSH
fold_e,42,0.004149058747809797,complex_traits,strict,chromosome_weighted_auprc,fusion_vs_V_CSH
fold_e,314159,0.004149058747809797,complex_traits,strict,chromosome_weighted_auprc,fusion_vs_V_CSH
fold_e,20260806,0.004149058747809797,complex_traits,strict,chromosome_weighted_auprc,fusion_vs_V_CSH
fold_a,42,-0.0015274461551845891,complex_traits,strict,chromosome_weighted_auprc,fusion_vs_concat_CSVHT
fold_a,314159,0.0020705170860615962,complex_traits,strict,chromosome_weighted_auprc,fusion_vs_concat_CSVHT
fold_a,20260806,0.0012628470863794289,complex_traits,strict,chromosome_weighted_auprc,fusion_vs_concat_CSVHT
fold_b,42,0.00467441730427029,complex_traits,strict,chromosome_weighted_auprc,fusion_vs_concat_CSVHT
fold_b,314159,-0.0027780261862116185,complex_traits,strict,chromosome_weighted_auprc,fusion_vs_concat_CSVHT
fold_b,20260806,0.0009279402258807606,complex_traits,strict,chromosome_weighted_auprc,fusion_vs_concat_CSVHT
fold_c,42,0.0007039280684627558,complex_traits,strict,chromosome_weighted_auprc,fusion_vs_concat_CSVHT
fold_c,314159,-0.0003586030323903533,complex_traits,strict,chromosome_weighted_auprc,fusion_vs_concat_CSVHT
fold_c,20260806,-0.0010820660047366204,complex_traits,strict,chromosome_weighted_auprc,fusion_vs_concat_CSVHT
fold_d,42,-0.011060266043257744,complex_traits,strict,chromosome_weighted_auprc,fusion_vs_concat_CSVHT
fold_d,314159,-0.02203386306045063,complex_traits,strict,chromosome_weighted_auprc,fusion_vs_concat_CSVHT
fold_d,20260806,-0.012990689349156204,complex_traits,strict,chromosome_weighted_auprc,fusion_vs_concat_CSVHT
fold_e,42,0.000580594021764691,complex_traits,strict,chromosome_weighted_auprc,fusion_vs_concat_CSVHT
fold_e,314159,-0.006001270554068905,complex_traits,strict,chromosome_weighted_auprc,fusion_vs_concat_CSVHT
fold_e,20260806,0.003119392085237316,complex_traits,strict,chromosome_weighted_auprc,fusion_vs_concat_CSVHT
fold_a,42,-0.0027523129179249234,complex_traits,strict,chromosome_weighted_auprc,fusion_vs_V_CSHT
fold_a,314159,-0.0033734199868013376,complex_traits,strict,chromosome_weighted_auprc,fusion_vs_V_CSHT
fold_a,20260806,-0.00313072604255335,complex_traits,strict,chromosome_weighted_auprc,fusion_vs_V_CSHT
fold_b,42,0.02962896738317186,complex_traits,strict,chromosome_weighted_auprc,fusion_vs_V_CSHT
fold_b,314159,0.023801733771944972,complex_traits,strict,chromosome_weighted_auprc,fusion_vs_V_CSHT
fold_b,20260806,0.018376376403626146,complex_traits,strict,chromosome_weighted_auprc,fusion_vs_V_CSHT
fold_c,42,0.005256377973361356,complex_traits,strict,chromosome_weighted_auprc,fusion_vs_V_CSHT
fold_c,314159,0.012839575874999162,complex_traits,strict,chromosome_weighted_auprc,fusion_vs_V_CSHT
fold_c,20260806,0.002264878184939409,complex_traits,strict,chromosome_weighted_auprc,fusion_vs_V_CSHT
fold_d,42,0.0,complex_traits,strict,chromosome_weighted_auprc,fusion_vs_V_CSHT
fold_d,314159,0.0,complex_traits,strict,chromosome_weighted_auprc,fusion_vs_V_CSHT
fold_d,20260806,0.0,complex_traits,strict,chromosome_weighted_auprc,fusion_vs_V_CSHT
fold_e,42,0.003649323544773264,complex_traits,strict,chromosome_weighted_auprc,fusion_vs_V_CSHT
fold_e,314159,-0.0016189768383162717,complex_traits,strict,chromosome_weighted_auprc,fusion_vs_V_CSHT
fold_e,20260806,-0.0007726222986443598,complex_traits,strict,chromosome_weighted_auprc,fusion_vs_V_CSHT
fold_a,42,0.0,complex_traits,strict,auroc,linear_vs_fixed_V
fold_a,314159,0.0,complex_traits,strict,auroc,linear_vs_fixed_V
fold_a,20260806,0.0,complex_traits,strict,auroc,linear_vs_fixed_V
fold_b,42,-0.0005362049638416577,complex_traits,strict,auroc,linear_vs_fixed_V
fold_b,314159,-0.0005362049638416577,complex_traits,strict,auroc,linear_vs_fixed_V
fold_b,20260806,-0.0005362049638416577,complex_traits,strict,auroc,linear_vs_fixed_V
fold_c,42,0.006113281249999991,complex_traits,strict,auroc,linear_vs_fixed_V
fold_c,314159,0.006113281249999991,complex_traits,strict,auroc,linear_vs_fixed_V
fold_c,20260806,0.006113281249999991,complex_traits,strict,auroc,linear_vs_fixed_V
fold_d,42,7.20164609053775e-05,complex_traits,strict,auroc,linear_vs_fixed_V
fold_d,314159,7.20164609053775e-05,complex_traits,strict,auroc,linear_vs_fixed_V
fold_d,20260806,7.20164609053775e-05,complex_traits,strict,auroc,linear_vs_fixed_V
fold_e,42,0.002490228032262176,complex_traits,strict,auroc,linear_vs_fixed_V
fold_e,314159,0.002490228032262176,complex_traits,strict,auroc,linear_vs_fixed_V
fold_e,20260806,0.002490228032262176,complex_traits,strict,auroc,linear_vs_fixed_V
fold_a,42,-0.0189212413836779,complex_traits,strict,auroc,histgb_vs_fixed_V
fold_a,314159,-0.0189212413836779,complex_traits,strict,auroc,histgb_vs_fixed_V
fold_a,20260806,-0.0189212413836779,complex_traits,strict,auroc,histgb_vs_fixed_V
fold_b,42,0.0079816975372341,complex_traits,strict,auroc,histgb_vs_fixed_V
fold_b,314159,0.0079816975372341,complex_traits,strict,auroc,histgb_vs_fixed_V
fold_b,20260806,0.0079816975372341,complex_traits,strict,auroc,histgb_vs_fixed_V
fold_c,42,-0.018153211805555625,complex_traits,strict,auroc,histgb_vs_fixed_V
fold_c,314159,-0.018153211805555625,complex_traits,strict,auroc,histgb_vs_fixed_V
fold_c,20260806,-0.018153211805555625,complex_traits,strict,auroc,histgb_vs_fixed_V
fold_d,42,0.02397633744855976,complex_traits,strict,auroc,histgb_vs_fixed_V
fold_d,314159,0.02397633744855976,complex_traits,strict,auroc,histgb_vs_fixed_V
fold_d,20260806,0.02397633744855976,complex_traits,strict,auroc,histgb_vs_fixed_V
fold_e,42,-0.061731675346299586,complex_traits,strict,auroc,histgb_vs_fixed_V
fold_e,314159,-0.061731675346299586,complex_traits,strict,auroc,histgb_vs_fixed_V
fold_e,20260806,-0.061731675346299586,complex_traits,strict,auroc,histgb_vs_fixed_V
fold_a,42,0.0055489496630996005,complex_traits,strict,auroc,linear_vs_fixed_CS
fold_a,314159,0.0055489496630996005,complex_traits,strict,auroc,linear_vs_fixed_CS
fold_a,20260806,0.0055489496630996005,complex_traits,strict,auroc,linear_vs_fixed_CS
fold_b,42,0.0,complex_traits,strict,auroc,linear_vs_fixed_CS
fold_b,314159,0.0,complex_traits,strict,auroc,linear_vs_fixed_CS
fold_b,20260806,0.0,complex_traits,strict,auroc,linear_vs_fixed_CS
fold_c,42,0.003806423611111165,complex_traits,strict,auroc,linear_vs_fixed_CS
fold_c,314159,0.003806423611111165,complex_traits,strict,auroc,linear_vs_fixed_CS
fold_c,20260806,0.003806423611111165,complex_traits,strict,auroc,linear_vs_fixed_CS
fold_d,42,0.0017009602194788531,complex_traits,strict,auroc,linear_vs_fixed_CS
fold_d,314159,0.0017009602194788531,complex_traits,strict,auroc,linear_vs_fixed_CS
fold_d,20260806,0.0017009602194788531,complex_traits,strict,auroc,linear_vs_fixed_CS
fold_e,42,-0.03412217616702684,complex_traits,strict,auroc,linear_vs_fixed_CS
fold_e,314159,-0.03412217616702684,complex_traits,strict,auroc,linear_vs_fixed_CS
fold_e,20260806,-0.03412217616702684,complex_traits,strict,auroc,linear_vs_fixed_CS
fold_a,42,0.0143047598457825,complex_traits,strict,auroc,histgb_vs_fixed_CS
fold_a,314159,0.0143047598457825,complex_traits,strict,auroc,histgb_vs_fixed_CS
fold_a,20260806,0.0143047598457825,complex_traits,strict,auroc,histgb_vs_fixed_CS
fold_b,42,-0.02775315956245672,complex_traits,strict,auroc,histgb_vs_fixed_CS
fold_b,314159,-0.02775315956245672,complex_traits,strict,auroc,histgb_vs_fixed_CS
fold_b,20260806,-0.02775315956245672,complex_traits,strict,auroc,histgb_vs_fixed_CS
fold_c,42,-0.04377170138888886,complex_traits,strict,auroc,histgb_vs_fixed_CS
fold_c,314159,-0.04377170138888886,complex_traits,strict,auroc,histgb_vs_fixed_CS
fold_c,20260806,-0.04377170138888886,complex_traits,strict,auroc,histgb_vs_fixed_CS
fold_d,42,-0.018936899862825762,complex_traits,strict,auroc,histgb_vs_fixed_CS
fold_d,314159,-0.018936899862825762,complex_traits,strict,auroc,histgb_vs_fixed_CS
fold_d,20260806,-0.018936899862825762,complex_traits,strict,auroc,histgb_vs_fixed_CS
fold_e,42,-0.06234574461803721,complex_traits,strict,auroc,histgb_vs_fixed_CS
fold_e,314159,-0.06234574461803721,complex_traits,strict,auroc,histgb_vs_fixed_CS
fold_e,20260806,-0.06234574461803721,complex_traits,strict,auroc,histgb_vs_fixed_CS
fold_a,42,0.0024425423841704097,complex_traits,strict,auroc,linear_vs_fixed_CSV
fold_a,314159,0.0024425423841704097,complex_traits,strict,auroc,linear_vs_fixed_CSV
fold_a,20260806,0.0024425423841704097,complex_traits,strict,auroc,linear_vs_fixed_CSV
fold_b,42,0.025701416795153476,complex_traits,strict,auroc,linear_vs_fixed_CSV
fold_b,314159,0.025701416795153476,complex_traits,strict,auroc,linear_vs_fixed_CSV
fold_b,20260806,0.025701416795153476,complex_traits,strict,auroc,linear_vs_fixed_CSV
fold_c,42,0.004010416666666683,complex_traits,strict,auroc,linear_vs_fixed_CSV
fold_c,314159,0.004010416666666683,complex_traits,strict,auroc,linear_vs_fixed_CSV
fold_c,20260806,0.004010416666666683,complex_traits,strict,auroc,linear_vs_fixed_CSV
fold_d,42,0.0034567901234567877,complex_traits,strict,auroc,linear_vs_fixed_CSV
fold_d,314159,0.0034567901234567877,complex_traits,strict,auroc,linear_vs_fixed_CSV
fold_d,20260806,0.0034567901234567877,complex_traits,strict,auroc,linear_vs_fixed_CSV
fold_e,42,0.010536602071303025,complex_traits,strict,auroc,linear_vs_fixed_CSV
fold_e,314159,0.010536602071303025,complex_traits,strict,auroc,linear_vs_fixed_CSV
fold_e,20260806,0.010536602071303025,complex_traits,strict,auroc,linear_vs_fixed_CSV
fold_a,42,0.015475258476015274,complex_traits,strict,auroc,histgb_vs_fixed_CSV
fold_a,314159,0.015475258476015274,complex_traits,strict,auroc,histgb_vs_fixed_CSV
fold_a,20260806,0.015475258476015274,complex_traits,strict,auroc,histgb_vs_fixed_CSV
fold_b,42,-0.022932710661103695,complex_traits,strict,auroc,histgb_vs_fixed_CSV
fold_b,314159,-0.022932710661103695,complex_traits,strict,auroc,histgb_vs_fixed_CSV
fold_b,20260806,-0.022932710661103695,complex_traits,strict,auroc,histgb_vs_fixed_CSV
fold_c,42,-0.05274088541666666,complex_traits,strict,auroc,histgb_vs_fixed_CSV
fold_c,314159,-0.05274088541666666,complex_traits,strict,auroc,histgb_vs_fixed_CSV
fold_c,20260806,-0.05274088541666666,complex_traits,strict,auroc,histgb_vs_fixed_CSV
fold_d,42,-0.018827160493827155,complex_traits,strict,auroc,histgb_vs_fixed_CSV
fold_d,314159,-0.018827160493827155,complex_traits,strict,auroc,histgb_vs_fixed_CSV
fold_d,20260806,-0.018827160493827155,complex_traits,strict,auroc,histgb_vs_fixed_CSV
fold_e,42,-0.021408285211558575,complex_traits,strict,auroc,histgb_vs_fixed_CSV
fold_e,314159,-0.021408285211558575,complex_traits,strict,auroc,histgb_vs_fixed_CSV
fold_e,20260806,-0.021408285211558575,complex_traits,strict,auroc,histgb_vs_fixed_CSV
fold_a,42,0.03062404391990381,complex_traits,strict,auroc,linear_vs_fixed_CSVT
fold_a,314159,0.003490750112737029,complex_traits,strict,auroc,linear_vs_fixed_CSVT
fold_a,20260806,0.00792379529813314,complex_traits,strict,auroc,linear_vs_fixed_CSVT
fold_b,42,0.0,complex_traits,strict,auroc,linear_vs_fixed_CSVT
fold_b,314159,0.0,complex_traits,strict,auroc,linear_vs_fixed_CSVT
fold_b,20260806,-0.006435808509404173,complex_traits,strict,auroc,linear_vs_fixed_CSVT
fold_c,42,-0.0012413194444446107,complex_traits,strict,auroc,linear_vs_fixed_CSVT
fold_c,314159,0.004062499999999969,complex_traits,strict,auroc,linear_vs_fixed_CSVT
fold_c,20260806,0.006302083333333375,complex_traits,strict,auroc,linear_vs_fixed_CSVT
fold_d,42,0.014447873799725564,complex_traits,strict,auroc,linear_vs_fixed_CSVT
fold_d,314159,-0.00045267489711942055,complex_traits,strict,auroc,linear_vs_fixed_CSVT
fold_d,20260806,0.008086419753086327,complex_traits,strict,auroc,linear_vs_fixed_CSVT
fold_e,42,-0.010059812708872129,complex_traits,strict,auroc,linear_vs_fixed_CSVT
fold_e,314159,-0.006394586743189157,complex_traits,strict,auroc,linear_vs_fixed_CSVT
fold_e,20260806,-0.00025389402581443843,complex_traits,strict,auroc,linear_vs_fixed_CSVT
fold_a,42,0.01656386587745362,complex_traits,strict,auroc,histgb_vs_fixed_CSVT
fold_a,314159,0.019886466000399672,complex_traits,strict,auroc,histgb_vs_fixed_CSVT
fold_a,20260806,0.030491926070782327,complex_traits,strict,auroc,histgb_vs_fixed_CSVT
fold_b,42,-0.018978957833381216,complex_traits,strict,auroc,histgb_vs_fixed_CSVT
fold_b,314159,-0.04055260811443362,complex_traits,strict,auroc,histgb_vs_fixed_CSVT
fold_b,20260806,-0.027328242421299276,complex_traits,strict,auroc,histgb_vs_fixed_CSVT
fold_c,42,-0.03714409722222223,complex_traits,strict,auroc,histgb_vs_fixed_CSVT
fold_c,314159,-0.04723090277777775,complex_traits,strict,auroc,histgb_vs_fixed_CSVT
fold_c,20260806,-0.0412825520833332,complex_traits,strict,auroc,histgb_vs_fixed_CSVT
fold_d,42,0.01211762688614526,complex_traits,strict,auroc,histgb_vs_fixed_CSVT
fold_d,314159,-0.015231481481481568,complex_traits,strict,auroc,histgb_vs_fixed_CSVT
fold_d,20260806,-0.014727366255144148,complex_traits,strict,auroc,histgb_vs_fixed_CSVT
fold_e,42,-0.05884584499474499,complex_traits,strict,auroc,histgb_vs_fixed_CSVT
fold_e,314159,-0.06844362962175699,complex_traits,strict,auroc,histgb_vs_fixed_CSVT
fold_e,20260806,-0.047002869592942864,complex_traits,strict,auroc,histgb_vs_fixed_CSVT
fold_a,42,0.0028831171950834955,complex_traits,strict,auroc,linear_vs_fixed_CSVH
fold_a,314159,0.0028831171950834955,complex_traits,strict,auroc,linear_vs_fixed_CSVH
fold_a,20260806,0.0028831171950834955,complex_traits,strict,auroc,linear_vs_fixed_CSVH
fold_b,42,0.023513430754018794,complex_traits,strict,auroc,linear_vs_fixed_CSVH
fold_b,314159,0.023513430754018794,complex_traits,strict,auroc,linear_vs_fixed_CSVH
fold_b,20260806,0.023513430754018794,complex_traits,strict,auroc,linear_vs_fixed_CSVH
fold_c,42,-0.0016493055555555358,complex_traits,strict,auroc,linear_vs_fixed_CSVH
fold_c,314159,-0.0016493055555555358,complex_traits,strict,auroc,linear_vs_fixed_CSVH
fold_c,20260806,-0.0016493055555555358,complex_traits,strict,auroc,linear_vs_fixed_CSVH
fold_d,42,0.0021296296296295925,complex_traits,strict,auroc,linear_vs_fixed_CSVH
fold_d,314159,0.0021296296296295925,complex_traits,strict,auroc,linear_vs_fixed_CSVH
fold_d,20260806,0.0021296296296295925,complex_traits,strict,auroc,linear_vs_fixed_CSVH
fold_e,42,-0.023638714705778163,complex_traits,strict,auroc,linear_vs_fixed_CSVH
fold_e,314159,-0.023638714705778163,complex_traits,strict,auroc,linear_vs_fixed_CSVH
fold_e,20260806,-0.023638714705778163,complex_traits,strict,auroc,linear_vs_fixed_CSVH
fold_a,42,0.012740091434286671,complex_traits,strict,auroc,histgb_vs_fixed_CSVH
fold_a,314159,0.012740091434286671,complex_traits,strict,auroc,histgb_vs_fixed_CSVH
fold_a,20260806,0.012740091434286671,complex_traits,strict,auroc,histgb_vs_fixed_CSVH
fold_b,42,-0.03323661409834611,complex_traits,strict,auroc,histgb_vs_fixed_CSVH
fold_b,314159,-0.03323661409834611,complex_traits,strict,auroc,histgb_vs_fixed_CSVH
fold_b,20260806,-0.03323661409834611,complex_traits,strict,auroc,histgb_vs_fixed_CSVH
fold_c,42,-0.06111545138888891,complex_traits,strict,auroc,histgb_vs_fixed_CSVH
fold_c,314159,-0.06111545138888891,complex_traits,strict,auroc,histgb_vs_fixed_CSVH
fold_c,20260806,-0.06111545138888891,complex_traits,strict,auroc,histgb_vs_fixed_CSVH
fold_d,42,-0.015829903978052173,complex_traits,strict,auroc,histgb_vs_fixed_CSVH
fold_d,314159,-0.015829903978052173,complex_traits,strict,auroc,histgb_vs_fixed_CSVH
fold_d,20260806,-0.015829903978052173,complex_traits,strict,auroc,histgb_vs_fixed_CSVH
fold_e,42,-0.03670097188271282,complex_traits,strict,auroc,histgb_vs_fixed_CSVH
fold_e,314159,-0.03670097188271282,complex_traits,strict,auroc,histgb_vs_fixed_CSVH
fold_e,20260806,-0.03670097188271282,complex_traits,strict,auroc,histgb_vs_fixed_CSVH
fold_a,42,-0.0011366502556644509,complex_traits,strict,auroc,linear_vs_fixed_CSVHT
fold_a,314159,0.002218706358799394,complex_traits,strict,auroc,linear_vs_fixed_CSVHT
fold_a,20260806,0.0008058096913354795,complex_traits,strict,auroc,linear_vs_fixed_CSVHT
fold_b,42,-0.005865205491278336,complex_traits,strict,auroc,linear_vs_fixed_CSVHT
fold_b,314159,0.0,complex_traits,strict,auroc,linear_vs_fixed_CSVHT
fold_b,20260806,-0.006559236821835679,complex_traits,strict,auroc,linear_vs_fixed_CSVHT
fold_c,42,-0.009809027777777812,complex_traits,strict,auroc,linear_vs_fixed_CSVHT
fold_c,314159,0.0037065972222222188,complex_traits,strict,auroc,linear_vs_fixed_CSVHT
fold_c,20260806,0.012634548611111018,complex_traits,strict,auroc,linear_vs_fixed_CSVHT
fold_d,42,0.016056241426611884,complex_traits,strict,auroc,linear_vs_fixed_CSVHT
fold_d,314159,0.0004595336076816947,complex_traits,strict,auroc,linear_vs_fixed_CSVHT
fold_d,20260806,0.006431755829904073,complex_traits,strict,auroc,linear_vs_fixed_CSVHT
fold_e,42,-0.0034733293182649394,complex_traits,strict,auroc,linear_vs_fixed_CSVHT
fold_e,314159,-0.000286368843070095,complex_traits,strict,auroc,linear_vs_fixed_CSVHT
fold_e,20260806,-0.029534370165680612,complex_traits,strict,auroc,linear_vs_fixed_CSVHT
fold_a,42,0.01577334254882623,complex_traits,strict,auroc,histgb_vs_fixed_CSVHT
fold_a,314159,0.0054119183402504545,complex_traits,strict,auroc,histgb_vs_fixed_CSVHT
fold_a,20260806,0.03503961897649066,complex_traits,strict,auroc,histgb_vs_fixed_CSVHT
fold_b,42,-0.01762596769820368,complex_traits,strict,auroc,histgb_vs_fixed_CSVHT
fold_b,314159,-0.03863913203591962,complex_traits,strict,auroc,histgb_vs_fixed_CSVHT
fold_b,20260806,-0.025682531588879898,complex_traits,strict,auroc,histgb_vs_fixed_CSVHT
fold_c,42,-0.040711805555555536,complex_traits,strict,auroc,histgb_vs_fixed_CSVHT
fold_c,314159,-0.029785156250000056,complex_traits,strict,auroc,histgb_vs_fixed_CSVHT
fold_c,20260806,-0.04218967013888886,complex_traits,strict,auroc,histgb_vs_fixed_CSVHT
fold_d,42,0.018151577503429328,complex_traits,strict,auroc,histgb_vs_fixed_CSVHT
fold_d,314159,-0.017882373113854655,complex_traits,strict,auroc,histgb_vs_fixed_CSVHT
fold_d,20260806,-0.02155006858710562,complex_traits,strict,auroc,histgb_vs_fixed_CSVHT
fold_e,42,-0.04166814279472375,complex_traits,strict,auroc,histgb_vs_fixed_CSVHT
fold_e,314159,-0.05798673846553548,complex_traits,strict,auroc,histgb_vs_fixed_CSVHT
fold_e,20260806,-0.037794782772995195,complex_traits,strict,auroc,histgb_vs_fixed_CSVHT
fold_a,42,0.02723265516477058,complex_traits,strict,auroc,T_given_CSV_linear
fold_a,314159,-0.004853420159873556,complex_traits,strict,auroc,T_given_CSV_linear
fold_a,20260806,-0.002408694009602086,complex_traits,strict,auroc,T_given_CSV_linear
fold_b,42,-0.030183955398538576,complex_traits,strict,auroc,T_given_CSV_linear
fold_b,314159,-0.029651122792960116,complex_traits,strict,auroc,T_given_CSV_linear
fold_b,20260806,-0.034183572298639886,complex_traits,strict,auroc,T_given_CSV_linear
fold_c,42,-4.774305555566016e-05,complex_traits,strict,auroc,T_given_CSV_linear
fold_c,314159,-0.0055381944444444775,complex_traits,strict,auroc,T_given_CSV_linear
fold_c,20260806,-0.014466145833333388,complex_traits,strict,auroc,T_given_CSV_linear
fold_d,42,-0.002980109739368908,complex_traits,strict,auroc,T_given_CSV_linear
fold_d,314159,-0.0013648834019204248,complex_traits,strict,auroc,T_given_CSV_linear
fold_d,20260806,0.006814128943758546,complex_traits,strict,auroc,T_given_CSV_linear
fold_e,42,-0.029376424463575135,complex_traits,strict,auroc,T_given_CSV_linear
fold_e,314159,-0.01629940600606994,complex_traits,strict,auroc,T_given_CSV_linear
fold_e,20260806,-0.017843435953755926,complex_traits,strict,auroc,T_given_CSV_linear
fold_a,42,0.00010755048048316507,complex_traits,strict,auroc,T_given_CSVH_linear
fold_a,314159,-0.006581325087432477,complex_traits,strict,auroc,T_given_CSVH_linear
fold_a,20260806,-0.00631053809088622,complex_traits,strict,auroc,T_given_CSVH_linear
fold_b,42,-0.032276166464999534,complex_traits,strict,auroc,T_given_CSVH_linear
fold_b,314159,-0.02823338337912995,complex_traits,strict,auroc,T_given_CSVH_linear
fold_b,20260806,-0.03677624133135304,complex_traits,strict,auroc,T_given_CSVH_linear
fold_c,42,-0.0034548611111111516,complex_traits,strict,auroc,T_given_CSVH_linear
fold_c,314159,0.00011718750000000444,complex_traits,strict,auroc,T_given_CSVH_linear
fold_c,20260806,2.1701388888795137e-05,complex_traits,strict,auroc,T_given_CSVH_linear
fold_d,42,-0.005164609053497915,complex_traits,strict,auroc,T_given_CSVH_linear
fold_d,314159,-0.0013580246913580396,complex_traits,strict,auroc,T_given_CSVH_linear
fold_d,20260806,0.0027709190672153827,complex_traits,strict,auroc,T_given_CSVH_linear
fold_e,42,0.013428336935085827,complex_traits,strict,auroc,T_given_CSVH_linear
fold_e,314159,0.02551634959435989,complex_traits,strict,auroc,T_given_CSVH_linear
fold_e,20260806,-0.010486413717362808,complex_traits,strict,auroc,T_given_CSVH_linear
fold_a,42,0.00013976103047552701,complex_traits,strict,auroc,T_given_CSV_histgb
fold_a,314159,-0.0014904203640557778,complex_traits,strict,auroc,T_given_CSV_histgb
fold_a,20260806,0.007126720671202236,complex_traits,strict,auroc,T_given_CSV_histgb
fold_b,42,-0.0005287857756626213,complex_traits,strict,auroc,T_given_CSV_histgb
fold_b,314159,-0.021569603451136565,complex_traits,strict,auroc,T_given_CSV_histgb
fold_b,20260806,-0.006441878754277819,complex_traits,strict,auroc,T_given_CSV_histgb
fold_c,42,0.020800781250000067,complex_traits,strict,auroc,T_given_CSV_histgb
fold_c,314159,-8.029513888885287e-05,complex_traits,strict,auroc,T_given_CSV_histgb
fold_c,20260806,-0.005299479166666621,complex_traits,strict,auroc,T_given_CSV_histgb
fold_d,42,0.016973593964334732,complex_traits,strict,auroc,T_given_CSV_histgb
fold_d,314159,0.006140260631001371,complex_traits,strict,auroc,T_given_CSV_histgb
fold_d,20260806,0.006284293552812015,complex_traits,strict,auroc,T_given_CSV_histgb
fold_e,42,-0.046217569466586395,complex_traits,strict,auroc,T_given_CSV_histgb
fold_e,314159,-0.046403561601776167,complex_traits,strict,auroc,T_given_CSV_histgb
fold_e,20260806,-0.03264752423802275,complex_traits,strict,auroc,T_given_CSV_histgb
fold_a,42,0.0071605690457706705,complex_traits,strict,auroc,T_given_CSVH_histgb
fold_a,314159,-0.013245087345184592,complex_traits,strict,auroc,T_given_CSVH_histgb
fold_a,20260806,0.018066296955065786,complex_traits,strict,auroc,T_given_CSVH_histgb
fold_b,42,0.01271311618044002,complex_traits,strict,auroc,T_given_CSVH_histgb
fold_b,314159,-0.010122470562684671,complex_traits,strict,auroc,T_given_CSVH_histgb
fold_b,20260806,0.0008505087539676381,complex_traits,strict,auroc,T_given_CSVH_histgb
fold_c,42,0.025108506944444497,complex_traits,strict,auroc,T_given_CSVH_histgb
fold_c,314159,0.026091579861111103,complex_traits,strict,auroc,T_given_CSVH_histgb
fold_c,20260806,0.004663628472222292,complex_traits,strict,auroc,T_given_CSVH_histgb
fold_d,42,0.014890260631001295,complex_traits,strict,auroc,T_given_CSVH_histgb
fold_d,314159,-0.0017403978052126234,complex_traits,strict,auroc,T_given_CSVH_histgb
fold_d,20260806,-0.0072513717421125445,complex_traits,strict,auroc,T_given_CSVH_histgb
fold_e,42,-0.011704219364438329,complex_traits,strict,auroc,T_given_CSVH_histgb
fold_e,314159,-0.019121762851170843,complex_traits,strict,auroc,T_given_CSVH_histgb
fold_e,20260806,-0.005684569147742735,complex_traits,strict,auroc,T_given_CSVH_histgb
fold_a,42,0.020895365939144872,complex_traits,strict,auroc,T_given_CS_linear
fold_a,314159,-0.009486279943527853,complex_traits,strict,auroc,T_given_CS_linear
fold_a,20260806,-0.009672991945178788,complex_traits,strict,auroc,T_given_CS_linear
fold_b,42,-0.01075377602954719,complex_traits,strict,auroc,T_given_CS_linear
fold_b,314159,-0.00959368478702205,complex_traits,strict,auroc,T_given_CS_linear
fold_b,20260806,-0.007091394955761499,complex_traits,strict,auroc,T_given_CS_linear
fold_c,42,-0.012135416666666732,complex_traits,strict,auroc,T_given_CS_linear
fold_c,314159,-0.006723090277777732,complex_traits,strict,auroc,T_given_CS_linear
fold_c,20260806,-0.006857638888888906,complex_traits,strict,auroc,T_given_CS_linear
fold_d,42,-0.002794924554183842,complex_traits,strict,auroc,T_given_CS_linear
fold_d,314159,-0.0011556927297668995,complex_traits,strict,auroc,T_given_CS_linear
fold_d,20260806,0.003545953360768128,complex_traits,strict,auroc,T_given_CS_linear
fold_e,42,0.01223710159303737,complex_traits,strict,auroc,T_given_CS_linear
fold_e,314159,0.024453537393275937,complex_traits,strict,auroc,T_given_CS_linear
fold_e,20260806,-0.010173474569265872,complex_traits,strict,auroc,T_given_CS_linear
fold_a,42,0.020895365939144872,complex_traits,strict,auroc,T_given_V_CS_fusion
fold_a,314159,-0.004155706890546451,complex_traits,strict,auroc,T_given_V_CS_fusion
fold_a,20260806,-0.007056840155964639,complex_traits,strict,auroc,T_given_V_CS_fusion
fold_b,42,-0.010663396828094696,complex_traits,strict,auroc,T_given_V_CS_fusion
fold_b,314159,-0.009620663653127304,complex_traits,strict,auroc,T_given_V_CS_fusion
fold_b,20260806,-0.0071574931777191875,complex_traits,strict,auroc,T_given_V_CS_fusion
fold_c,42,-0.01085720486111108,complex_traits,strict,auroc,T_given_V_CS_fusion
fold_c,314159,-0.006888020833333286,complex_traits,strict,auroc,T_given_V_CS_fusion
fold_c,20260806,-0.007738715277777697,complex_traits,strict,auroc,T_given_V_CS_fusion
fold_d,42,-0.05551440329218105,complex_traits,strict,auroc,T_given_V_CS_fusion
fold_d,314159,-0.05551440329218105,complex_traits,strict,auroc,T_given_V_CS_fusion
fold_d,20260806,-0.05551440329218105,complex_traits,strict,auroc,T_given_V_CS_fusion
fold_e,42,-4.428384171173416e-05,complex_traits,strict,auroc,T_given_V_CS_fusion
fold_e,314159,0.013589234893305546,complex_traits,strict,auroc,T_given_V_CS_fusion
fold_e,20260806,-0.011132957806355592,complex_traits,strict,auroc,T_given_V_CS_fusion
fold_a,42,0.001262216806482308,complex_traits,strict,auroc,T_given_CSH_linear
fold_a,314159,-0.00674237783739462,complex_traits,strict,auroc,T_given_CSH_linear
fold_a,20260806,-0.004840317563266416,complex_traits,strict,auroc,T_given_CSH_linear
fold_b,42,-0.025117324343975067,complex_traits,strict,auroc,T_given_CSH_linear
fold_b,314159,-0.03397718397293481,complex_traits,strict,auroc,T_given_CSH_linear
fold_b,20260806,-0.03427125361348193,complex_traits,strict,auroc,T_given_CSH_linear
fold_c,42,-0.003958333333333397,complex_traits,strict,auroc,T_given_CSH_linear
fold_c,314159,0.0018142361111110894,complex_traits,strict,auroc,T_given_CSH_linear
fold_c,20260806,0.0012239583333333304,complex_traits,strict,auroc,T_given_CSH_linear
fold_d,42,-0.0032064471879286183,complex_traits,strict,auroc,T_given_CSH_linear
fold_d,314159,-0.00144718792866938,complex_traits,strict,auroc,T_given_CSH_linear
fold_d,20260806,0.00031207133058985814,complex_traits,strict,auroc,T_given_CSH_linear
fold_e,42,0.012358144093716494,complex_traits,strict,auroc,T_given_CSH_linear
fold_e,314159,-0.011779501895348377,complex_traits,strict,auroc,T_given_CSH_linear
fold_e,20260806,-0.010967631463964733,complex_traits,strict,auroc,T_given_CSH_linear
fold_a,42,-0.003223238765342251,complex_traits,strict,auroc,T_given_V_CSH_fusion
fold_a,314159,-0.0059180061341990164,complex_traits,strict,auroc,T_given_V_CSH_fusion
fold_a,20260806,-0.00559371686817367,complex_traits,strict,auroc,T_given_V_CSH_fusion
fold_b,42,-0.02336774487705051,complex_traits,strict,auroc,T_given_V_CSH_fusion
fold_b,314159,-0.031678584580768554,complex_traits,strict,auroc,T_given_V_CSH_fusion
fold_b,20260806,-0.03258507448190451,complex_traits,strict,auroc,T_given_V_CSH_fusion
fold_c,42,-0.0040234375000000044,complex_traits,strict,auroc,T_given_V_CSH_fusion
fold_c,314159,0.0001822916666666119,complex_traits,strict,auroc,T_given_V_CSH_fusion
fold_c,20260806,0.002517361111111116,complex_traits,strict,auroc,T_given_V_CSH_fusion
fold_d,42,-0.04645061728395061,complex_traits,strict,auroc,T_given_V_CSH_fusion
fold_d,314159,-0.04645061728395061,complex_traits,strict,auroc,T_given_V_CSH_fusion
fold_d,20260806,-0.04645061728395061,complex_traits,strict,auroc,T_given_V_CSH_fusion
fold_e,42,0.002550749282601794,complex_traits,strict,auroc,T_given_V_CSH_fusion
fold_e,314159,-0.010822970914372676,complex_traits,strict,auroc,T_given_V_CSH_fusion
fold_e,20260806,-0.00937046090622451,complex_traits,strict,auroc,T_given_V_CSH_fusion
fold_a,42,0.0009488463709629302,complex_traits,strict,auroc,fusion_vs_concat_CSV
fold_a,314159,0.0009488463709629302,complex_traits,strict,auroc,fusion_vs_concat_CSV
fold_a,20260806,0.0009488463709629302,complex_traits,strict,auroc,fusion_vs_concat_CSV
fold_b,42,-0.026103401900121614,complex_traits,strict,auroc,fusion_vs_concat_CSV
fold_b,314159,-0.026103401900121614,complex_traits,strict,auroc,fusion_vs_concat_CSV
fold_b,20260806,-0.026103401900121614,complex_traits,strict,auroc,fusion_vs_concat_CSV
fold_c,42,0.002547743055555496,complex_traits,strict,auroc,fusion_vs_concat_CSV
fold_c,314159,0.002547743055555496,complex_traits,strict,auroc,fusion_vs_concat_CSV
fold_c,20260806,0.002547743055555496,complex_traits,strict,auroc,fusion_vs_concat_CSV
fold_d,42,0.013292181069958886,complex_traits,strict,auroc,fusion_vs_concat_CSV
fold_d,314159,0.013292181069958886,complex_traits,strict,auroc,fusion_vs_concat_CSV
fold_d,20260806,0.013292181069958886,complex_traits,strict,auroc,fusion_vs_concat_CSV
fold_e,42,-0.029909306692174287,complex_traits,strict,auroc,fusion_vs_concat_CSV
fold_e,314159,-0.029909306692174287,complex_traits,strict,auroc,fusion_vs_concat_CSV
fold_e,20260806,-0.029909306692174287,complex_traits,strict,auroc,fusion_vs_concat_CSV
fold_a,42,-0.021720283583865796,complex_traits,strict,auroc,fusion_vs_V_CS
fold_a,314159,-0.021720283583865796,complex_traits,strict,auroc,fusion_vs_V_CS
fold_a,20260806,-0.021720283583865796,complex_traits,strict,auroc,fusion_vs_V_CS
fold_b,42,0.04876497495686749,complex_traits,strict,auroc,fusion_vs_V_CS
fold_b,314159,0.04876497495686749,complex_traits,strict,auroc,fusion_vs_V_CS
fold_b,20260806,0.04876497495686749,complex_traits,strict,auroc,fusion_vs_V_CS
fold_c,42,0.0035655381944443842,complex_traits,strict,auroc,fusion_vs_V_CS
fold_c,314159,0.0035655381944443842,complex_traits,strict,auroc,fusion_vs_V_CS
fold_c,20260806,0.0035655381944443842,complex_traits,strict,auroc,fusion_vs_V_CS
fold_d,42,0.05551440329218105,complex_traits,strict,auroc,fusion_vs_V_CS
fold_d,314159,0.05551440329218105,complex_traits,strict,auroc,fusion_vs_V_CS
fold_d,20260806,0.05551440329218105,complex_traits,strict,auroc,fusion_vs_V_CS
fold_e,42,-0.009386698314852171,complex_traits,strict,auroc,fusion_vs_V_CS
fold_e,314159,-0.009386698314852171,complex_traits,strict,auroc,fusion_vs_V_CS
fold_e,20260806,-0.009386698314852171,complex_traits,strict,auroc,fusion_vs_V_CS
fold_a,42,-0.005388442854662778,complex_traits,strict,auroc,fusion_vs_concat_CSVT
fold_a,314159,0.001646559640290035,complex_traits,strict,auroc,fusion_vs_concat_CSVT
fold_a,20260806,-0.0036992997753996226,complex_traits,strict,auroc,fusion_vs_concat_CSVT
fold_b,42,-0.0065828433296777344,complex_traits,strict,auroc,fusion_vs_concat_CSVT
fold_b,314159,-0.006072942760288802,complex_traits,strict,auroc,fusion_vs_concat_CSVT
fold_b,20260806,0.0009226772207990841,complex_traits,strict,auroc,fusion_vs_concat_CSVT
fold_c,42,-0.008261718749999925,complex_traits,strict,auroc,fusion_vs_concat_CSVT
fold_c,314159,0.0011979166666666874,complex_traits,strict,auroc,fusion_vs_concat_CSVT
fold_c,20260806,0.009275173611111187,complex_traits,strict,auroc,fusion_vs_concat_CSVT
fold_d,42,-0.03924211248285325,complex_traits,strict,auroc,fusion_vs_concat_CSVT
fold_d,314159,-0.040857338820301736,complex_traits,strict,auroc,fusion_vs_concat_CSVT
fold_d,20260806,-0.04903635116598071,complex_traits,strict,auroc,fusion_vs_concat_CSVT
fold_e,42,-0.0005771660703108861,complex_traits,strict,auroc,fusion_vs_concat_CSVT
fold_e,314159,-2.0665792798801874e-05,complex_traits,strict,auroc,fusion_vs_concat_CSVT
fold_e,20260806,-0.023198828544773953,complex_traits,strict,auroc,fusion_vs_concat_CSVT
fold_a,42,-0.0008249176447209239,complex_traits,strict,auroc,fusion_vs_V_CST
fold_a,314159,-0.025875990474412247,complex_traits,strict,auroc,fusion_vs_V_CST
fold_a,20260806,-0.028777123739830435,complex_traits,strict,auroc,fusion_vs_V_CST
fold_b,42,0.038101578128772795,complex_traits,strict,auroc,fusion_vs_V_CST
fold_b,314159,0.03914431130374019,complex_traits,strict,auroc,fusion_vs_V_CST
fold_b,20260806,0.0416074817791483,complex_traits,strict,auroc,fusion_vs_V_CST
fold_c,42,-0.007291666666666696,complex_traits,strict,auroc,fusion_vs_V_CST
fold_c,314159,-0.0033224826388889017,complex_traits,strict,auroc,fusion_vs_V_CST
fold_c,20260806,-0.004173177083333313,complex_traits,strict,auroc,fusion_vs_V_CST
fold_d,42,0.0,complex_traits,strict,auroc,fusion_vs_V_CST
fold_d,314159,0.0,complex_traits,strict,auroc,fusion_vs_V_CST
fold_d,20260806,0.0,complex_traits,strict,auroc,fusion_vs_V_CST
fold_e,42,-0.009430982156563905,complex_traits,strict,auroc,fusion_vs_V_CST
fold_e,314159,0.004202536578453375,complex_traits,strict,auroc,fusion_vs_V_CST
fold_e,20260806,-0.020519656121207763,complex_traits,strict,auroc,fusion_vs_V_CST
fold_a,42,0.0014178101411913557,complex_traits,strict,auroc,fusion_vs_concat_CSVH
fold_a,314159,0.0014178101411913557,complex_traits,strict,auroc,fusion_vs_concat_CSVH
fold_a,20260806,0.0014178101411913557,complex_traits,strict,auroc,fusion_vs_concat_CSVH
fold_b,42,-0.0027653337757866936,complex_traits,strict,auroc,fusion_vs_concat_CSVH
fold_b,314159,-0.0027653337757866936,complex_traits,strict,auroc,fusion_vs_concat_CSVH
fold_b,20260806,-0.0027653337757866936,complex_traits,strict,auroc,fusion_vs_concat_CSVH
fold_c,42,0.0009765625,complex_traits,strict,auroc,fusion_vs_concat_CSVH
fold_c,314159,0.0009765625,complex_traits,strict,auroc,fusion_vs_concat_CSVH
fold_c,20260806,0.0009765625,complex_traits,strict,auroc,fusion_vs_concat_CSVH
fold_d,42,0.003851165980795601,complex_traits,strict,auroc,fusion_vs_concat_CSVH
fold_d,314159,0.003851165980795601,complex_traits,strict,auroc,fusion_vs_concat_CSVH
fold_d,20260806,0.003851165980795601,complex_traits,strict,auroc,fusion_vs_concat_CSVH
fold_e,42,0.010586790425242909,complex_traits,strict,auroc,fusion_vs_concat_CSVH
fold_e,314159,0.010586790425242909,complex_traits,strict,auroc,fusion_vs_concat_CSVH
fold_e,20260806,0.010586790425242909,complex_traits,strict,auroc,fusion_vs_concat_CSVH
fold_a,42,-0.017485961113677062,complex_traits,strict,auroc,fusion_vs_V_CSH
fold_a,314159,-0.017485961113677062,complex_traits,strict,auroc,fusion_vs_V_CSH
fold_a,20260806,-0.017485961113677062,complex_traits,strict,auroc,fusion_vs_V_CSH
fold_b,42,0.07359227649021138,complex_traits,strict,auroc,fusion_vs_V_CSH
fold_b,314159,0.07359227649021138,complex_traits,strict,auroc,fusion_vs_V_CSH
fold_b,20260806,0.07359227649021138,complex_traits,strict,auroc,fusion_vs_V_CSH
fold_c,42,-0.007194010416666674,complex_traits,strict,auroc,fusion_vs_V_CSH
fold_c,314159,-0.007194010416666674,complex_traits,strict,auroc,fusion_vs_V_CSH
fold_c,20260806,-0.007194010416666674,complex_traits,strict,auroc,fusion_vs_V_CSH
fold_d,42,0.04645061728395061,complex_traits,strict,auroc,fusion_vs_V_CSH
fold_d,314159,0.04645061728395061,complex_traits,strict,auroc,fusion_vs_V_CSH
fold_d,20260806,0.04645061728395061,complex_traits,strict,auroc,fusion_vs_V_CSH
fold_e,42,-0.011884306987399729,complex_traits,strict,auroc,fusion_vs_V_CSH
fold_e,314159,-0.011884306987399729,complex_traits,strict,auroc,fusion_vs_V_CSH
fold_e,20260806,-0.011884306987399729,complex_traits,strict,auroc,fusion_vs_V_CSH
fold_a,42,-0.0019129791046340605,complex_traits,strict,auroc,fusion_vs_concat_CSVHT
fold_a,314159,0.002081129094424816,complex_traits,strict,auroc,fusion_vs_concat_CSVHT
fold_a,20260806,0.002134631363903905,complex_traits,strict,auroc,fusion_vs_concat_CSVHT
fold_b,42,0.006143087812162329,complex_traits,strict,auroc,fusion_vs_concat_CSVHT
fold_b,314159,-0.006210534977425297,complex_traits,strict,auroc,fusion_vs_concat_CSVHT
fold_b,20260806,0.0014258330736618419,complex_traits,strict,auroc,fusion_vs_concat_CSVHT
fold_c,42,0.00040798611111114713,complex_traits,strict,auroc,fusion_vs_concat_CSVHT
fold_c,314159,0.0010416666666666075,complex_traits,strict,auroc,fusion_vs_concat_CSVHT
fold_c,20260806,0.003472222222222321,complex_traits,strict,auroc,fusion_vs_concat_CSVHT
fold_d,42,-0.037434842249657097,complex_traits,strict,auroc,fusion_vs_concat_CSVHT
fold_d,314159,-0.04124142661179697,complex_traits,strict,auroc,fusion_vs_concat_CSVHT
fold_d,20260806,-0.045370370370370394,complex_traits,strict,auroc,fusion_vs_concat_CSVHT
fold_e,42,-0.0002907972272411241,complex_traits,strict,auroc,fusion_vs_concat_CSVHT
fold_e,314159,-0.025752530083489655,complex_traits,strict,auroc,fusion_vs_concat_CSVHT
fold_e,20260806,0.011702743236381208,complex_traits,strict,auroc,fusion_vs_concat_CSVHT
fold_a,42,-0.020709199879019313,complex_traits,strict,auroc,fusion_vs_V_CSHT
fold_a,314159,-0.02340396724787608,complex_traits,strict,auroc,fusion_vs_V_CSHT
fold_a,20260806,-0.023079677981850732,complex_traits,strict,auroc,fusion_vs_V_CSHT
fold_b,42,0.05022453161316087,complex_traits,strict,auroc,fusion_vs_V_CSHT
fold_b,314159,0.04191369190944283,complex_traits,strict,auroc,fusion_vs_V_CSHT
fold_b,20260806,0.041007202008306876,complex_traits,strict,auroc,fusion_vs_V_CSHT
fold_c,42,-0.011217447916666679,complex_traits,strict,auroc,fusion_vs_V_CSHT
fold_c,314159,-0.007011718750000062,complex_traits,strict,auroc,fusion_vs_V_CSHT
fold_c,20260806,-0.004676649305555558,complex_traits,strict,auroc,fusion_vs_V_CSHT
fold_d,42,0.0,complex_traits,strict,auroc,fusion_vs_V_CSHT
fold_d,314159,0.0,complex_traits,strict,auroc,fusion_vs_V_CSHT
fold_d,20260806,0.0,complex_traits,strict,auroc,fusion_vs_V_CSHT
fold_e,42,-0.009333557704797935,complex_traits,strict,auroc,fusion_vs_V_CSHT
fold_e,314159,-0.022707277901772405,complex_traits,strict,auroc,fusion_vs_V_CSHT
fold_e,20260806,-0.021254767893624238,complex_traits,strict,auroc,fusion_vs_V_CSHT
fold_a,42,0.0,complex_traits,strict,normalized_ap,linear_vs_fixed_V
fold_a,314159,0.0,complex_traits,strict,normalized_ap,linear_vs_fixed_V
fold_a,20260806,0.0,complex_traits,strict,normalized_ap,linear_vs_fixed_V
fold_b,42,-1.1885229976921728e-05,complex_traits,strict,normalized_ap,linear_vs_fixed_V
fold_b,314159,-1.1885229976921728e-05,complex_traits,strict,normalized_ap,linear_vs_fixed_V
fold_b,20260806,-1.1885229976921728e-05,complex_traits,strict,normalized_ap,linear_vs_fixed_V
fold_c,42,0.0009393632569137632,complex_traits,strict,normalized_ap,linear_vs_fixed_V
fold_c,314159,0.0009393632569137632,complex_traits,strict,normalized_ap,linear_vs_fixed_V
fold_c,20260806,0.0009393632569137632,complex_traits,strict,normalized_ap,linear_vs_fixed_V
fold_d,42,3.728668060200453e-05,complex_traits,strict,normalized_ap,linear_vs_fixed_V
fold_d,314159,3.728668060200453e-05,complex_traits,strict,normalized_ap,linear_vs_fixed_V
fold_d,20260806,3.728668060200453e-05,complex_traits,strict,normalized_ap,linear_vs_fixed_V
fold_e,42,0.0009817260028447475,complex_traits,strict,normalized_ap,linear_vs_fixed_V
fold_e,314159,0.0009817260028447475,complex_traits,strict,normalized_ap,linear_vs_fixed_V
fold_e,20260806,0.0009817260028447475,complex_traits,strict,normalized_ap,linear_vs_fixed_V
fold_a,42,-0.007641005566830104,complex_traits,strict,normalized_ap,histgb_vs_fixed_V
fold_a,314159,-0.007641005566830104,complex_traits,strict,normalized_ap,histgb_vs_fixed_V
fold_a,20260806,-0.007641005566830104,complex_traits,strict,normalized_ap,histgb_vs_fixed_V
fold_b,42,0.00967029935283012,complex_traits,strict,normalized_ap,histgb_vs_fixed_V
fold_b,314159,0.00967029935283012,complex_traits,strict,normalized_ap,histgb_vs_fixed_V
fold_b,20260806,0.00967029935283012,complex_traits,strict,normalized_ap,histgb_vs_fixed_V
fold_c,42,-0.004703478734493875,complex_traits,strict,normalized_ap,histgb_vs_fixed_V
fold_c,314159,-0.004703478734493875,complex_traits,strict,normalized_ap,histgb_vs_fixed_V
fold_c,20260806,-0.004703478734493875,complex_traits,strict,normalized_ap,histgb_vs_fixed_V
fold_d,42,0.01837193751738587,complex_traits,strict,normalized_ap,histgb_vs_fixed_V
fold_d,314159,0.01837193751738587,complex_traits,strict,normalized_ap,histgb_vs_fixed_V
fold_d,20260806,0.01837193751738587,complex_traits,strict,normalized_ap,histgb_vs_fixed_V
fold_e,42,-0.02576808506727371,complex_traits,strict,normalized_ap,histgb_vs_fixed_V
fold_e,314159,-0.02576808506727371,complex_traits,strict,normalized_ap,histgb_vs_fixed_V
fold_e,20260806,-0.02576808506727371,complex_traits,strict,normalized_ap,histgb_vs_fixed_V
fold_a,42,0.0046612339378785915,complex_traits,strict,normalized_ap,linear_vs_fixed_CS
fold_a,314159,0.0046612339378785915,complex_traits,strict,normalized_ap,linear_vs_fixed_CS
fold_a,20260806,0.0046612339378785915,complex_traits,strict,normalized_ap,linear_vs_fixed_CS
fold_b,42,0.0,complex_traits,strict,normalized_ap,linear_vs_fixed_CS
fold_b,314159,0.0,complex_traits,strict,normalized_ap,linear_vs_fixed_CS
fold_b,20260806,0.0,complex_traits,strict,normalized_ap,linear_vs_fixed_CS
fold_c,42,-0.0010576087581475532,complex_traits,strict,normalized_ap,linear_vs_fixed_CS
fold_c,314159,-0.0010576087581475532,complex_traits,strict,normalized_ap,linear_vs_fixed_CS
fold_c,20260806,-0.0010576087581475532,complex_traits,strict,normalized_ap,linear_vs_fixed_CS
fold_d,42,0.007073225408439784,complex_traits,strict,normalized_ap,linear_vs_fixed_CS
fold_d,314159,0.007073225408439784,complex_traits,strict,normalized_ap,linear_vs_fixed_CS
fold_d,20260806,0.007073225408439784,complex_traits,strict,normalized_ap,linear_vs_fixed_CS
fold_e,42,-0.011081639248389737,complex_traits,strict,normalized_ap,linear_vs_fixed_CS
fold_e,314159,-0.011081639248389737,complex_traits,strict,normalized_ap,linear_vs_fixed_CS
fold_e,20260806,-0.011081639248389737,complex_traits,strict,normalized_ap,linear_vs_fixed_CS
fold_a,42,0.0009657720179672795,complex_traits,strict,normalized_ap,histgb_vs_fixed_CS
fold_a,314159,0.0009657720179672795,complex_traits,strict,normalized_ap,histgb_vs_fixed_CS
fold_a,20260806,0.0009657720179672795,complex_traits,strict,normalized_ap,histgb_vs_fixed_CS
fold_b,42,-0.008477604166428298,complex_traits,strict,normalized_ap,histgb_vs_fixed_CS
fold_b,314159,-0.008477604166428298,complex_traits,strict,normalized_ap,histgb_vs_fixed_CS
fold_b,20260806,-0.008477604166428298,complex_traits,strict,normalized_ap,histgb_vs_fixed_CS
fold_c,42,-0.02041384751117734,complex_traits,strict,normalized_ap,histgb_vs_fixed_CS
fold_c,314159,-0.02041384751117734,complex_traits,strict,normalized_ap,histgb_vs_fixed_CS
fold_c,20260806,-0.02041384751117734,complex_traits,strict,normalized_ap,histgb_vs_fixed_CS
fold_d,42,0.0065086283444048335,complex_traits,strict,normalized_ap,histgb_vs_fixed_CS
fold_d,314159,0.0065086283444048335,complex_traits,strict,normalized_ap,histgb_vs_fixed_CS
fold_d,20260806,0.0065086283444048335,complex_traits,strict,normalized_ap,histgb_vs_fixed_CS
fold_e,42,-0.00504771194771152,complex_traits,strict,normalized_ap,histgb_vs_fixed_CS
fold_e,314159,-0.00504771194771152,complex_traits,strict,normalized_ap,histgb_vs_fixed_CS
fold_e,20260806,-0.00504771194771152,complex_traits,strict,normalized_ap,histgb_vs_fixed_CS
fold_a,42,0.0014490096839667793,complex_traits,strict,normalized_ap,linear_vs_fixed_CSV
fold_a,314159,0.0014490096839667793,complex_traits,strict,normalized_ap,linear_vs_fixed_CSV
fold_a,20260806,0.0014490096839667793,complex_traits,strict,normalized_ap,linear_vs_fixed_CSV
fold_b,42,0.002400307069565972,complex_traits,strict,normalized_ap,linear_vs_fixed_CSV
fold_b,314159,0.002400307069565972,complex_traits,strict,normalized_ap,linear_vs_fixed_CSV
fold_b,20260806,0.002400307069565972,complex_traits,strict,normalized_ap,linear_vs_fixed_CSV
fold_c,42,-0.004684502657041439,complex_traits,strict,normalized_ap,linear_vs_fixed_CSV
fold_c,314159,-0.004684502657041439,complex_traits,strict,normalized_ap,linear_vs_fixed_CSV
fold_c,20260806,-0.004684502657041439,complex_traits,strict,normalized_ap,linear_vs_fixed_CSV
fold_d,42,0.00759899500606381,complex_traits,strict,normalized_ap,linear_vs_fixed_CSV
fold_d,314159,0.00759899500606381,complex_traits,strict,normalized_ap,linear_vs_fixed_CSV
fold_d,20260806,0.00759899500606381,complex_traits,strict,normalized_ap,linear_vs_fixed_CSV
fold_e,42,0.004603505152835453,complex_traits,strict,normalized_ap,linear_vs_fixed_CSV
fold_e,314159,0.004603505152835453,complex_traits,strict,normalized_ap,linear_vs_fixed_CSV
fold_e,20260806,0.004603505152835453,complex_traits,strict,normalized_ap,linear_vs_fixed_CSV
fold_a,42,0.002661668940983939,complex_traits,strict,normalized_ap,histgb_vs_fixed_CSV
fold_a,314159,0.002661668940983939,complex_traits,strict,normalized_ap,histgb_vs_fixed_CSV
fold_a,20260806,0.002661668940983939,complex_traits,strict,normalized_ap,histgb_vs_fixed_CSV
fold_b,42,-0.002186518080869001,complex_traits,strict,normalized_ap,histgb_vs_fixed_CSV
fold_b,314159,-0.002186518080869001,complex_traits,strict,normalized_ap,histgb_vs_fixed_CSV
fold_b,20260806,-0.002186518080869001,complex_traits,strict,normalized_ap,histgb_vs_fixed_CSV
fold_c,42,-0.023962471324459732,complex_traits,strict,normalized_ap,histgb_vs_fixed_CSV
fold_c,314159,-0.023962471324459732,complex_traits,strict,normalized_ap,histgb_vs_fixed_CSV
fold_c,20260806,-0.023962471324459732,complex_traits,strict,normalized_ap,histgb_vs_fixed_CSV
fold_d,42,0.00771424316163067,complex_traits,strict,normalized_ap,histgb_vs_fixed_CSV
fold_d,314159,0.00771424316163067,complex_traits,strict,normalized_ap,histgb_vs_fixed_CSV
fold_d,20260806,0.00771424316163067,complex_traits,strict,normalized_ap,histgb_vs_fixed_CSV
fold_e,42,0.009978326567875048,complex_traits,strict,normalized_ap,histgb_vs_fixed_CSV
fold_e,314159,0.009978326567875048,complex_traits,strict,normalized_ap,histgb_vs_fixed_CSV
fold_e,20260806,0.009978326567875048,complex_traits,strict,normalized_ap,histgb_vs_fixed_CSV
fold_a,42,0.010949083882240387,complex_traits,strict,normalized_ap,linear_vs_fixed_CSVT
fold_a,314159,0.0028356411772925538,complex_traits,strict,normalized_ap,linear_vs_fixed_CSVT
fold_a,20260806,0.001784431211006036,complex_traits,strict,normalized_ap,linear_vs_fixed_CSVT
fold_b,42,0.0,complex_traits,strict,normalized_ap,linear_vs_fixed_CSVT
fold_b,314159,0.0,complex_traits,strict,normalized_ap,linear_vs_fixed_CSVT
fold_b,20260806,-0.0005221259355251626,complex_traits,strict,normalized_ap,linear_vs_fixed_CSVT
fold_c,42,0.0013969827966977648,complex_traits,strict,normalized_ap,linear_vs_fixed_CSVT
fold_c,314159,0.006379437531036,complex_traits,strict,normalized_ap,linear_vs_fixed_CSVT
fold_c,20260806,-0.0003357063273420422,complex_traits,strict,normalized_ap,linear_vs_fixed_CSVT
fold_d,42,0.011428884238691074,complex_traits,strict,normalized_ap,linear_vs_fixed_CSVT
fold_d,314159,0.008013948855929091,complex_traits,strict,normalized_ap,linear_vs_fixed_CSVT
fold_d,20260806,0.004793141539881009,complex_traits,strict,normalized_ap,linear_vs_fixed_CSVT
fold_e,42,-0.0016764578787265942,complex_traits,strict,normalized_ap,linear_vs_fixed_CSVT
fold_e,314159,-0.00437104449646894,complex_traits,strict,normalized_ap,linear_vs_fixed_CSVT
fold_e,20260806,-0.0002973915685200758,complex_traits,strict,normalized_ap,linear_vs_fixed_CSVT
fold_a,42,-0.00028449025629154537,complex_traits,strict,normalized_ap,histgb_vs_fixed_CSVT
fold_a,314159,0.004922839025758328,complex_traits,strict,normalized_ap,histgb_vs_fixed_CSVT
fold_a,20260806,0.004141329436048122,complex_traits,strict,normalized_ap,histgb_vs_fixed_CSVT
fold_b,42,-0.00843857272301461,complex_traits,strict,normalized_ap,histgb_vs_fixed_CSVT
fold_b,314159,-0.008505119918727534,complex_traits,strict,normalized_ap,histgb_vs_fixed_CSVT
fold_b,20260806,-0.0026876126638598584,complex_traits,strict,normalized_ap,histgb_vs_fixed_CSVT
fold_c,42,-0.01946170569866532,complex_traits,strict,normalized_ap,histgb_vs_fixed_CSVT
fold_c,314159,-0.017579298909102353,complex_traits,strict,normalized_ap,histgb_vs_fixed_CSVT
fold_c,20260806,-0.011304248095479613,complex_traits,strict,normalized_ap,histgb_vs_fixed_CSVT
fold_d,42,0.016961826547982926,complex_traits,strict,normalized_ap,histgb_vs_fixed_CSVT
fold_d,314159,0.001559546042014727,complex_traits,strict,normalized_ap,histgb_vs_fixed_CSVT
fold_d,20260806,0.0045245777001334045,complex_traits,strict,normalized_ap,histgb_vs_fixed_CSVT
fold_e,42,-0.006738278294403176,complex_traits,strict,normalized_ap,histgb_vs_fixed_CSVT
fold_e,314159,-0.015152254473502078,complex_traits,strict,normalized_ap,histgb_vs_fixed_CSVT
fold_e,20260806,-0.0060279156406856105,complex_traits,strict,normalized_ap,histgb_vs_fixed_CSVT
fold_a,42,0.0011658923645804014,complex_traits,strict,normalized_ap,linear_vs_fixed_CSVH
fold_a,314159,0.0011658923645804014,complex_traits,strict,normalized_ap,linear_vs_fixed_CSVH
fold_a,20260806,0.0011658923645804014,complex_traits,strict,normalized_ap,linear_vs_fixed_CSVH
fold_b,42,0.00543276244739966,complex_traits,strict,normalized_ap,linear_vs_fixed_CSVH
fold_b,314159,0.00543276244739966,complex_traits,strict,normalized_ap,linear_vs_fixed_CSVH
fold_b,20260806,0.00543276244739966,complex_traits,strict,normalized_ap,linear_vs_fixed_CSVH
fold_c,42,-0.0034673924253479024,complex_traits,strict,normalized_ap,linear_vs_fixed_CSVH
fold_c,314159,-0.0034673924253479024,complex_traits,strict,normalized_ap,linear_vs_fixed_CSVH
fold_c,20260806,-0.0034673924253479024,complex_traits,strict,normalized_ap,linear_vs_fixed_CSVH
fold_d,42,0.00800574253691469,complex_traits,strict,normalized_ap,linear_vs_fixed_CSVH
fold_d,314159,0.00800574253691469,complex_traits,strict,normalized_ap,linear_vs_fixed_CSVH
fold_d,20260806,0.00800574253691469,complex_traits,strict,normalized_ap,linear_vs_fixed_CSVH
fold_e,42,-0.0018653190855479548,complex_traits,strict,normalized_ap,linear_vs_fixed_CSVH
fold_e,314159,-0.0018653190855479548,complex_traits,strict,normalized_ap,linear_vs_fixed_CSVH
fold_e,20260806,-0.0018653190855479548,complex_traits,strict,normalized_ap,linear_vs_fixed_CSVH
fold_a,42,0.003445101504926924,complex_traits,strict,normalized_ap,histgb_vs_fixed_CSVH
fold_a,314159,0.003445101504926924,complex_traits,strict,normalized_ap,histgb_vs_fixed_CSVH
fold_a,20260806,0.003445101504926924,complex_traits,strict,normalized_ap,histgb_vs_fixed_CSVH
fold_b,42,-0.004458728037532798,complex_traits,strict,normalized_ap,histgb_vs_fixed_CSVH
fold_b,314159,-0.004458728037532798,complex_traits,strict,normalized_ap,histgb_vs_fixed_CSVH
fold_b,20260806,-0.004458728037532798,complex_traits,strict,normalized_ap,histgb_vs_fixed_CSVH
fold_c,42,-0.024877316118666476,complex_traits,strict,normalized_ap,histgb_vs_fixed_CSVH
fold_c,314159,-0.024877316118666476,complex_traits,strict,normalized_ap,histgb_vs_fixed_CSVH
fold_c,20260806,-0.024877316118666476,complex_traits,strict,normalized_ap,histgb_vs_fixed_CSVH
fold_d,42,0.007805854386960166,complex_traits,strict,normalized_ap,histgb_vs_fixed_CSVH
fold_d,314159,0.007805854386960166,complex_traits,strict,normalized_ap,histgb_vs_fixed_CSVH
fold_d,20260806,0.007805854386960166,complex_traits,strict,normalized_ap,histgb_vs_fixed_CSVH
fold_e,42,0.008516575424353183,complex_traits,strict,normalized_ap,histgb_vs_fixed_CSVH
fold_e,314159,0.008516575424353183,complex_traits,strict,normalized_ap,histgb_vs_fixed_CSVH
fold_e,20260806,0.008516575424353183,complex_traits,strict,normalized_ap,histgb_vs_fixed_CSVH
fold_a,42,-0.0008596034203674835,complex_traits,strict,normalized_ap,linear_vs_fixed_CSVHT
fold_a,314159,0.0017704577359492954,complex_traits,strict,normalized_ap,linear_vs_fixed_CSVHT
fold_a,20260806,-0.0021082546078676915,complex_traits,strict,normalized_ap,linear_vs_fixed_CSVHT
fold_b,42,-0.0012030658203627635,complex_traits,strict,normalized_ap,linear_vs_fixed_CSVHT
fold_b,314159,0.0,complex_traits,strict,normalized_ap,linear_vs_fixed_CSVHT
fold_b,20260806,-0.00127717089671529,complex_traits,strict,normalized_ap,linear_vs_fixed_CSVHT
fold_c,42,-0.008530432528393245,complex_traits,strict,normalized_ap,linear_vs_fixed_CSVHT
fold_c,314159,0.004576723283448514,complex_traits,strict,normalized_ap,linear_vs_fixed_CSVHT
fold_c,20260806,-0.0005887228225081058,complex_traits,strict,normalized_ap,linear_vs_fixed_CSVHT
fold_d,42,0.010469990192866653,complex_traits,strict,normalized_ap,linear_vs_fixed_CSVHT
fold_d,314159,0.009311468845476449,complex_traits,strict,normalized_ap,linear_vs_fixed_CSVHT
fold_d,20260806,0.006516961379911444,complex_traits,strict,normalized_ap,linear_vs_fixed_CSVHT
fold_e,42,0.003300824242948617,complex_traits,strict,normalized_ap,linear_vs_fixed_CSVHT
fold_e,314159,0.0005365524939357179,complex_traits,strict,normalized_ap,linear_vs_fixed_CSVHT
fold_e,20260806,-0.004276307142627875,complex_traits,strict,normalized_ap,linear_vs_fixed_CSVHT
fold_a,42,0.00043937341929480185,complex_traits,strict,normalized_ap,histgb_vs_fixed_CSVHT
fold_a,314159,0.0018223596039319678,complex_traits,strict,normalized_ap,histgb_vs_fixed_CSVHT
fold_a,20260806,0.005492804513978458,complex_traits,strict,normalized_ap,histgb_vs_fixed_CSVHT
fold_b,42,-0.0018522773796422927,complex_traits,strict,normalized_ap,histgb_vs_fixed_CSVHT
fold_b,314159,-0.0018013448606361698,complex_traits,strict,normalized_ap,histgb_vs_fixed_CSVHT
fold_b,20260806,0.005298655265255664,complex_traits,strict,normalized_ap,histgb_vs_fixed_CSVHT
fold_c,42,-0.02103539489556192,complex_traits,strict,normalized_ap,histgb_vs_fixed_CSVHT
fold_c,314159,-0.010664790197677335,complex_traits,strict,normalized_ap,histgb_vs_fixed_CSVHT
fold_c,20260806,-0.013497269156571737,complex_traits,strict,normalized_ap,histgb_vs_fixed_CSVHT
fold_d,42,0.022912997905211632,complex_traits,strict,normalized_ap,histgb_vs_fixed_CSVHT
fold_d,314159,0.007019520015435581,complex_traits,strict,normalized_ap,histgb_vs_fixed_CSVHT
fold_d,20260806,0.00911298704615087,complex_traits,strict,normalized_ap,histgb_vs_fixed_CSVHT
fold_e,42,0.008021793253716877,complex_traits,strict,normalized_ap,histgb_vs_fixed_CSVHT
fold_e,314159,-0.016498130758342278,complex_traits,strict,normalized_ap,histgb_vs_fixed_CSVHT
fold_e,20260806,0.009630368488318296,complex_traits,strict,normalized_ap,histgb_vs_fixed_CSVHT
fold_a,42,0.011656300684525563,complex_traits,strict,normalized_ap,T_given_CSV_linear
fold_a,314159,-0.0009269790072224484,complex_traits,strict,normalized_ap,T_given_CSV_linear
fold_a,20260806,0.002320756843739292,complex_traits,strict,normalized_ap,T_given_CSV_linear
fold_b,42,-0.005536676775698104,complex_traits,strict,normalized_ap,T_given_CSV_linear
fold_b,314159,-0.001375736995449378,complex_traits,strict,normalized_ap,T_given_CSV_linear
fold_b,20260806,-0.009092070715769417,complex_traits,strict,normalized_ap,T_given_CSV_linear
fold_c,42,0.0052867544771252155,complex_traits,strict,normalized_ap,T_given_CSV_linear
fold_c,314159,0.0022466690729124536,complex_traits,strict,normalized_ap,T_given_CSV_linear
fold_c,20260806,-0.006371280640027651,complex_traits,strict,normalized_ap,T_given_CSV_linear
fold_d,42,-0.000358416043008309,complex_traits,strict,normalized_ap,T_given_CSV_linear
fold_d,314159,0.0017352786784706475,complex_traits,strict,normalized_ap,T_given_CSV_linear
fold_d,20260806,-0.0011937961653491688,complex_traits,strict,normalized_ap,T_given_CSV_linear
fold_e,42,-0.011299005802148435,complex_traits,strict,normalized_ap,T_given_CSV_linear
fold_e,314159,-0.009115232298368442,complex_traits,strict,normalized_ap,T_given_CSV_linear
fold_e,20260806,-0.007913920388217529,complex_traits,strict,normalized_ap,T_given_CSV_linear
fold_a,42,0.0009929944604450246,complex_traits,strict,normalized_ap,T_given_CSVH_linear
fold_a,314159,-0.0014796510532554602,complex_traits,strict,normalized_ap,T_given_CSVH_linear
fold_a,20260806,-0.00012278304234640373,complex_traits,strict,normalized_ap,T_given_CSVH_linear
fold_b,42,-0.009143804788811449,complex_traits,strict,normalized_ap,T_given_CSVH_linear
fold_b,314159,-0.006586276135066262,complex_traits,strict,normalized_ap,T_given_CSVH_linear
fold_b,20260806,-0.011899760592032627,complex_traits,strict,normalized_ap,T_given_CSVH_linear
fold_c,42,-0.004787467035601551,complex_traits,strict,normalized_ap,T_given_CSVH_linear
fold_c,314159,0.0023403111578999373,complex_traits,strict,normalized_ap,T_given_CSVH_linear
fold_c,20260806,-0.005739269539943041,complex_traits,strict,normalized_ap,T_given_CSVH_linear
fold_d,42,-0.0031873864017293065,complex_traits,strict,normalized_ap,T_given_CSVH_linear
fold_d,314159,0.001764694527579623,complex_traits,strict,normalized_ap,T_given_CSVH_linear
fold_d,20260806,-0.0016503385251470486,complex_traits,strict,normalized_ap,T_given_CSVH_linear
fold_e,42,0.0017043817244159626,complex_traits,strict,normalized_ap,T_given_CSVH_linear
fold_e,314159,0.0028426978078861034,complex_traits,strict,normalized_ap,T_given_CSVH_linear
fold_e,20260806,-0.004808827099227968,complex_traits,strict,normalized_ap,T_given_CSVH_linear
fold_a,42,-0.0007899327110235301,complex_traits,strict,normalized_ap,T_given_CSV_histgb
fold_a,314159,-5.2440415773834584e-05,complex_traits,strict,normalized_ap,T_given_CSV_histgb
fold_a,20260806,0.0034649958117642186,complex_traits,strict,normalized_ap,T_given_CSV_histgb
fold_b,42,-0.009388424348277741,complex_traits,strict,normalized_ap,T_given_CSV_histgb
fold_b,314159,-0.005294031763741939,complex_traits,strict,normalized_ap,T_given_CSV_histgb
fold_b,20260806,-0.00667073229366914,complex_traits,strict,normalized_ap,T_given_CSV_histgb
fold_c,42,0.003706034649180425,complex_traits,strict,normalized_ap,T_given_CSV_histgb
fold_c,314159,-0.002434098699807603,complex_traits,strict,normalized_ap,T_given_CSV_histgb
fold_c,20260806,0.0019381462592530743,complex_traits,strict,normalized_ap,T_given_CSV_histgb
fold_d,42,0.005059278110716683,complex_traits,strict,normalized_ap,T_given_CSV_histgb
fold_d,314159,-0.004834372291010577,complex_traits,strict,normalized_ap,T_given_CSV_histgb
fold_d,20260806,-0.0015776081606636329,complex_traits,strict,normalized_ap,T_given_CSV_histgb
fold_e,42,-0.02173564763286461,complex_traits,strict,normalized_ap,T_given_CSV_histgb
fold_e,314159,-0.025271263690441175,complex_traits,strict,normalized_ap,T_given_CSV_histgb
fold_e,20260806,-0.01901926587542266,complex_traits,strict,normalized_ap,T_given_CSV_histgb
fold_a,42,1.2762159760787428e-05,complex_traits,strict,normalized_ap,T_given_CSVH_histgb
fold_a,314159,-0.0037069583256193104,complex_traits,strict,normalized_ap,T_given_CSVH_histgb
fold_a,20260806,0.0051990669391532235,complex_traits,strict,normalized_ap,T_given_CSVH_histgb
fold_b,42,9.847413684148029e-05,complex_traits,strict,normalized_ap,T_given_CSVH_histgb
fold_b,314159,0.001503869489230026,complex_traits,strict,normalized_ap,T_given_CSVH_histgb
fold_b,20260806,0.004567556054870785,complex_traits,strict,normalized_ap,T_given_CSVH_histgb
fold_c,42,0.004117494290548347,complex_traits,strict,normalized_ap,T_given_CSVH_histgb
fold_c,314159,0.00850872137009266,complex_traits,strict,normalized_ap,T_given_CSVH_histgb
fold_c,20260806,0.0027621078193119,complex_traits,strict,normalized_ap,T_given_CSVH_histgb
fold_d,42,0.009455509460570197,complex_traits,strict,normalized_ap,T_given_CSVH_histgb
fold_d,314159,-0.0003273661525067216,complex_traits,strict,normalized_ap,T_given_CSVH_histgb
fold_d,20260806,0.0011455752910469012,complex_traits,strict,normalized_ap,T_given_CSVH_histgb
fold_e,42,-0.0039565437747169155,complex_traits,strict,normalized_ap,T_given_CSVH_histgb
fold_e,314159,-0.02457387995429303,complex_traits,strict,normalized_ap,T_given_CSVH_histgb
fold_e,20260806,-0.001284045978182935,complex_traits,strict,normalized_ap,T_given_CSVH_histgb
fold_a,42,0.005376681744095366,complex_traits,strict,normalized_ap,T_given_CS_linear
fold_a,314159,-0.004837847543435855,complex_traits,strict,normalized_ap,T_given_CS_linear
fold_a,20260806,-0.003047002962221027,complex_traits,strict,normalized_ap,T_given_CS_linear
fold_b,42,-0.004207131062243179,complex_traits,strict,normalized_ap,T_given_CS_linear
fold_b,314159,-0.001306383066150045,complex_traits,strict,normalized_ap,T_given_CS_linear
fold_b,20260806,-0.007056640424184309,complex_traits,strict,normalized_ap,T_given_CS_linear
fold_c,42,-0.008593207764941619,complex_traits,strict,normalized_ap,T_given_CS_linear
fold_c,314159,-0.0026092606429297897,complex_traits,strict,normalized_ap,T_given_CS_linear
fold_c,20260806,-0.009178944242433372,complex_traits,strict,normalized_ap,T_given_CS_linear
fold_d,42,-0.0007895605960394556,complex_traits,strict,normalized_ap,T_given_CS_linear
fold_d,314159,0.001631608809930827,complex_traits,strict,normalized_ap,T_given_CS_linear
fold_d,20260806,-0.0022656465585074413,complex_traits,strict,normalized_ap,T_given_CS_linear
fold_e,42,0.004246798309521502,complex_traits,strict,normalized_ap,T_given_CS_linear
fold_e,314159,0.006291266516091958,complex_traits,strict,normalized_ap,T_given_CS_linear
fold_e,20260806,-0.005430774143741598,complex_traits,strict,normalized_ap,T_given_CS_linear
fold_a,42,0.005376681744095366,complex_traits,strict,normalized_ap,T_given_V_CS_fusion
fold_a,314159,-0.0018896561495691643,complex_traits,strict,normalized_ap,T_given_V_CS_fusion
fold_a,20260806,-0.0014163928572056344,complex_traits,strict,normalized_ap,T_given_V_CS_fusion
fold_b,42,-0.003919161905731803,complex_traits,strict,normalized_ap,T_given_V_CS_fusion
fold_b,314159,-0.0016188174134105435,complex_traits,strict,normalized_ap,T_given_V_CS_fusion
fold_b,20260806,-0.006783756684357722,complex_traits,strict,normalized_ap,T_given_V_CS_fusion
fold_c,42,-0.009645350531496616,complex_traits,strict,normalized_ap,T_given_V_CS_fusion
fold_c,314159,-0.00232234323101696,complex_traits,strict,normalized_ap,T_given_V_CS_fusion
fold_c,20260806,-0.011176151715240874,complex_traits,strict,normalized_ap,T_given_V_CS_fusion
fold_d,42,-0.021484002124371737,complex_traits,strict,normalized_ap,T_given_V_CS_fusion
fold_d,314159,-0.021484002124371737,complex_traits,strict,normalized_ap,T_given_V_CS_fusion
fold_d,20260806,-0.021484002124371737,complex_traits,strict,normalized_ap,T_given_V_CS_fusion
fold_e,42,0.002258022125946984,complex_traits,strict,normalized_ap,T_given_V_CS_fusion
fold_e,314159,0.00516497368991916,complex_traits,strict,normalized_ap,T_given_V_CS_fusion
fold_e,20260806,-0.006633990196439711,complex_traits,strict,normalized_ap,T_given_V_CS_fusion
fold_a,42,0.0015739886903581857,complex_traits,strict,normalized_ap,T_given_CSH_linear
fold_a,314159,-0.0009924854938611306,complex_traits,strict,normalized_ap,T_given_CSH_linear
fold_a,20260806,6.314889695289202e-05,complex_traits,strict,normalized_ap,T_given_CSH_linear
fold_b,42,-0.006802511552851817,complex_traits,strict,normalized_ap,T_given_CSH_linear
fold_b,314159,-0.0077605236800362375,complex_traits,strict,normalized_ap,T_given_CSH_linear
fold_b,20260806,-0.01075090427651813,complex_traits,strict,normalized_ap,T_given_CSH_linear
fold_c,42,-0.0028367138183184783,complex_traits,strict,normalized_ap,T_given_CSH_linear
fold_c,314159,0.00256335933876929,complex_traits,strict,normalized_ap,T_given_CSH_linear
fold_c,20260806,-0.003634417706661404,complex_traits,strict,normalized_ap,T_given_CSH_linear
fold_d,42,-0.0007036415279960823,complex_traits,strict,normalized_ap,T_given_CSH_linear
fold_d,314159,0.0013141862750929954,complex_traits,strict,normalized_ap,T_given_CSH_linear
fold_d,20260806,-0.002004415837330884,complex_traits,strict,normalized_ap,T_given_CSH_linear
fold_e,42,0.0004883241526797283,complex_traits,strict,normalized_ap,T_given_CSH_linear
fold_e,314159,-0.006163860784039157,complex_traits,strict,normalized_ap,T_given_CSH_linear
fold_e,20260806,-0.006264921510499427,complex_traits,strict,normalized_ap,T_given_CSH_linear
fold_a,42,-0.0019605071509194564,complex_traits,strict,normalized_ap,T_given_V_CSH_fusion
fold_a,314159,-0.0014239524112225682,complex_traits,strict,normalized_ap,T_given_V_CSH_fusion
fold_a,20260806,1.6043457129543727e-05,complex_traits,strict,normalized_ap,T_given_V_CSH_fusion
fold_b,42,-0.005924679059157615,complex_traits,strict,normalized_ap,T_given_V_CSH_fusion
fold_b,314159,-0.00648882043630453,complex_traits,strict,normalized_ap,T_given_V_CSH_fusion
fold_b,20260806,-0.00980246265370896,complex_traits,strict,normalized_ap,T_given_V_CSH_fusion
fold_c,42,-0.004517445223886947,complex_traits,strict,normalized_ap,T_given_V_CSH_fusion
fold_c,314159,0.0019894165706546875,complex_traits,strict,normalized_ap,T_given_V_CSH_fusion
fold_c,20260806,-0.004537662362286667,complex_traits,strict,normalized_ap,T_given_V_CSH_fusion
fold_d,42,-0.015221582598222691,complex_traits,strict,normalized_ap,T_given_V_CSH_fusion
fold_d,314159,-0.015221582598222691,complex_traits,strict,normalized_ap,T_given_V_CSH_fusion
fold_d,20260806,-0.015221582598222691,complex_traits,strict,normalized_ap,T_given_V_CSH_fusion
fold_e,42,0.0005227345712197351,complex_traits,strict,normalized_ap,T_given_V_CSH_fusion
fold_e,314159,-0.0066049343470123145,complex_traits,strict,normalized_ap,T_given_V_CSH_fusion
fold_e,20260806,-0.005713064790238035,complex_traits,strict,normalized_ap,T_given_V_CSH_fusion
fold_a,42,0.0018436846837590242,complex_traits,strict,normalized_ap,fusion_vs_concat_CSV
fold_a,314159,0.0018436846837590242,complex_traits,strict,normalized_ap,fusion_vs_concat_CSV
fold_a,20260806,0.0018436846837590242,complex_traits,strict,normalized_ap,fusion_vs_concat_CSV
fold_b,42,-0.002174446280531407,complex_traits,strict,normalized_ap,fusion_vs_concat_CSV
fold_b,314159,-0.002174446280531407,complex_traits,strict,normalized_ap,fusion_vs_concat_CSV
fold_b,20260806,-0.002174446280531407,complex_traits,strict,normalized_ap,fusion_vs_concat_CSV
fold_c,42,0.0037787305311480675,complex_traits,strict,normalized_ap,fusion_vs_concat_CSV
fold_c,314159,0.0037787305311480675,complex_traits,strict,normalized_ap,fusion_vs_concat_CSV
fold_c,20260806,0.0037787305311480675,complex_traits,strict,normalized_ap,fusion_vs_concat_CSV
fold_d,42,0.0019517790205124085,complex_traits,strict,normalized_ap,fusion_vs_concat_CSV
fold_d,314159,0.0019517790205124085,complex_traits,strict,normalized_ap,fusion_vs_concat_CSV
fold_d,20260806,0.0019517790205124085,complex_traits,strict,normalized_ap,fusion_vs_concat_CSV
fold_e,42,-0.014035436933110913,complex_traits,strict,normalized_ap,fusion_vs_concat_CSV
fold_e,314159,-0.014035436933110913,complex_traits,strict,normalized_ap,fusion_vs_concat_CSV
fold_e,20260806,-0.014035436933110913,complex_traits,strict,normalized_ap,fusion_vs_concat_CSV
fold_a,42,-0.004321152971030319,complex_traits,strict,normalized_ap,fusion_vs_V_CS
fold_a,314159,-0.004321152971030319,complex_traits,strict,normalized_ap,fusion_vs_V_CS
fold_a,20260806,-0.004321152971030319,complex_traits,strict,normalized_ap,fusion_vs_V_CS
fold_b,42,0.02479191175191447,complex_traits,strict,normalized_ap,fusion_vs_V_CS
fold_b,314159,0.02479191175191447,complex_traits,strict,normalized_ap,fusion_vs_V_CS
fold_b,20260806,0.02479191175191447,complex_traits,strict,normalized_ap,fusion_vs_V_CS
fold_c,42,0.013113898612710215,complex_traits,strict,normalized_ap,fusion_vs_V_CS
fold_c,314159,0.013113898612710215,complex_traits,strict,normalized_ap,fusion_vs_V_CS
fold_c,20260806,0.013113898612710215,complex_traits,strict,normalized_ap,fusion_vs_V_CS
fold_d,42,0.021484002124371737,complex_traits,strict,normalized_ap,fusion_vs_V_CS
fold_d,314159,0.021484002124371737,complex_traits,strict,normalized_ap,fusion_vs_V_CS
fold_d,20260806,0.021484002124371737,complex_traits,strict,normalized_ap,fusion_vs_V_CS
fold_e,42,-0.0006524844541305752,complex_traits,strict,normalized_ap,fusion_vs_V_CS
fold_e,314159,-0.0006524844541305752,complex_traits,strict,normalized_ap,fusion_vs_V_CS
fold_e,20260806,-0.0006524844541305752,complex_traits,strict,normalized_ap,fusion_vs_V_CS
fold_a,42,-0.004435934256671171,complex_traits,strict,normalized_ap,fusion_vs_concat_CSVT
fold_a,314159,0.0008810075414123083,complex_traits,strict,normalized_ap,fusion_vs_concat_CSVT
fold_a,20260806,-0.0018934650171859024,complex_traits,strict,normalized_ap,fusion_vs_concat_CSVT
fold_b,42,-0.0005569314105651063,complex_traits,strict,normalized_ap,fusion_vs_concat_CSVT
fold_b,314159,-0.0024175266984925725,complex_traits,strict,normalized_ap,fusion_vs_concat_CSVT
fold_b,20260806,0.00013386775088028782,complex_traits,strict,normalized_ap,fusion_vs_concat_CSVT
fold_c,42,-0.011153374477473764,complex_traits,strict,normalized_ap,fusion_vs_concat_CSVT
fold_c,314159,-0.0007902817727813462,complex_traits,strict,normalized_ap,fusion_vs_concat_CSVT
fold_c,20260806,-0.0010261405440651558,complex_traits,strict,normalized_ap,fusion_vs_concat_CSVT
fold_d,42,-0.01917380706085102,complex_traits,strict,normalized_ap,fusion_vs_concat_CSVT
fold_d,314159,-0.021267501782329976,complex_traits,strict,normalized_ap,fusion_vs_concat_CSVT
fold_d,20260806,-0.01833842693851016,complex_traits,strict,normalized_ap,fusion_vs_concat_CSVT
fold_e,42,-0.00047840900501549405,complex_traits,strict,normalized_ap,fusion_vs_concat_CSVT
fold_e,314159,0.00024476905517668845,complex_traits,strict,normalized_ap,fusion_vs_concat_CSVT
fold_e,20260806,-0.012755506741333095,complex_traits,strict,normalized_ap,fusion_vs_concat_CSVT
fold_a,42,0.0010555287730650478,complex_traits,strict,normalized_ap,fusion_vs_V_CST
fold_a,314159,-0.006210809120599483,complex_traits,strict,normalized_ap,fusion_vs_V_CST
fold_a,20260806,-0.005737545828235953,complex_traits,strict,normalized_ap,fusion_vs_V_CST
fold_b,42,0.02087274984618267,complex_traits,strict,normalized_ap,fusion_vs_V_CST
fold_b,314159,0.023173094338503928,complex_traits,strict,normalized_ap,fusion_vs_V_CST
fold_b,20260806,0.01800815506755675,complex_traits,strict,normalized_ap,fusion_vs_V_CST
fold_c,42,0.0034685480812135976,complex_traits,strict,normalized_ap,fusion_vs_V_CST
fold_c,314159,0.010791555381693255,complex_traits,strict,normalized_ap,fusion_vs_V_CST
fold_c,20260806,0.00193774689746934,complex_traits,strict,normalized_ap,fusion_vs_V_CST
fold_d,42,0.0,complex_traits,strict,normalized_ap,fusion_vs_V_CST
fold_d,314159,0.0,complex_traits,strict,normalized_ap,fusion_vs_V_CST
fold_d,20260806,0.0,complex_traits,strict,normalized_ap,fusion_vs_V_CST
fold_e,42,0.0016055376718164087,complex_traits,strict,normalized_ap,fusion_vs_V_CST
fold_e,314159,0.004512489235788585,complex_traits,strict,normalized_ap,fusion_vs_V_CST
fold_e,20260806,-0.007286474650570286,complex_traits,strict,normalized_ap,fusion_vs_V_CST
fold_a,42,0.001196849282930978,complex_traits,strict,normalized_ap,fusion_vs_concat_CSVH
fold_a,314159,0.001196849282930978,complex_traits,strict,normalized_ap,fusion_vs_concat_CSVH
fold_a,20260806,0.001196849282930978,complex_traits,strict,normalized_ap,fusion_vs_concat_CSVH
fold_b,42,-0.0014709762483294357,complex_traits,strict,normalized_ap,fusion_vs_concat_CSVH
fold_b,314159,-0.0014709762483294357,complex_traits,strict,normalized_ap,fusion_vs_concat_CSVH
fold_b,20260806,-0.0014709762483294357,complex_traits,strict,normalized_ap,fusion_vs_concat_CSVH
fold_c,42,-3.732112958940159e-05,complex_traits,strict,normalized_ap,fusion_vs_concat_CSVH
fold_c,314159,-3.732112958940159e-05,complex_traits,strict,normalized_ap,fusion_vs_concat_CSVH
fold_c,20260806,-3.732112958940159e-05,complex_traits,strict,normalized_ap,fusion_vs_concat_CSVH
fold_d,42,-0.004969043353855604,complex_traits,strict,normalized_ap,fusion_vs_concat_CSVH
fold_d,314159,-0.004969043353855604,complex_traits,strict,normalized_ap,fusion_vs_concat_CSVH
fold_d,20260806,-0.004969043353855604,complex_traits,strict,normalized_ap,fusion_vs_concat_CSVH
fold_e,42,0.0015794443279506173,complex_traits,strict,normalized_ap,fusion_vs_concat_CSVH
fold_e,314159,0.0015794443279506173,complex_traits,strict,normalized_ap,fusion_vs_concat_CSVH
fold_e,20260806,0.0015794443279506173,complex_traits,strict,normalized_ap,fusion_vs_concat_CSVH
fold_a,42,-0.004990228137538021,complex_traits,strict,normalized_ap,fusion_vs_V_CSH
fold_a,314159,-0.004990228137538021,complex_traits,strict,normalized_ap,fusion_vs_V_CSH
fold_a,20260806,-0.004990228137538021,complex_traits,strict,normalized_ap,fusion_vs_V_CSH
fold_b,42,0.024590995108934727,complex_traits,strict,normalized_ap,fusion_vs_V_CSH
fold_b,314159,0.024590995108934727,complex_traits,strict,normalized_ap,fusion_vs_V_CSH
fold_b,20260806,0.024590995108934727,complex_traits,strict,normalized_ap,fusion_vs_V_CSH
fold_c,42,0.006433160258139284,complex_traits,strict,normalized_ap,fusion_vs_V_CSH
fold_c,314159,0.006433160258139284,complex_traits,strict,normalized_ap,fusion_vs_V_CSH
fold_c,20260806,0.006433160258139284,complex_traits,strict,normalized_ap,fusion_vs_V_CSH
fold_d,42,0.015221582598222691,complex_traits,strict,normalized_ap,fusion_vs_V_CSH
fold_d,314159,0.015221582598222691,complex_traits,strict,normalized_ap,fusion_vs_V_CSH
fold_d,20260806,0.015221582598222691,complex_traits,strict,normalized_ap,fusion_vs_V_CSH
fold_e,42,0.0029338921049389607,complex_traits,strict,normalized_ap,fusion_vs_V_CSH
fold_e,314159,0.0029338921049389607,complex_traits,strict,normalized_ap,fusion_vs_V_CSH
fold_e,20260806,0.0029338921049389607,complex_traits,strict,normalized_ap,fusion_vs_V_CSH
fold_a,42,-0.001756652328433503,complex_traits,strict,normalized_ap,fusion_vs_concat_CSVHT
fold_a,314159,0.00125254792496387,complex_traits,strict,normalized_ap,fusion_vs_concat_CSVHT
fold_a,20260806,0.0013356757824069254,complex_traits,strict,normalized_ap,fusion_vs_concat_CSVHT
fold_b,42,0.001748149481324398,complex_traits,strict,normalized_ap,fusion_vs_concat_CSVHT
fold_b,314159,-0.0013735205495677034,complex_traits,strict,normalized_ap,fusion_vs_concat_CSVHT
fold_b,20260806,0.000626321689994231,complex_traits,strict,normalized_ap,fusion_vs_concat_CSVHT
fold_c,42,0.00023270068212520242,complex_traits,strict,normalized_ap,fusion_vs_concat_CSVHT
fold_c,314159,-0.00038821571683465145,complex_traits,strict,normalized_ap,fusion_vs_concat_CSVHT
fold_c,20260806,0.001164286048066972,complex_traits,strict,normalized_ap,fusion_vs_concat_CSVHT
fold_d,42,-0.01700323955034899,complex_traits,strict,normalized_ap,fusion_vs_concat_CSVHT
fold_d,314159,-0.021955320479657918,complex_traits,strict,normalized_ap,fusion_vs_concat_CSVHT
fold_d,20260806,-0.018540287426931246,complex_traits,strict,normalized_ap,fusion_vs_concat_CSVHT
fold_e,42,0.00039779717475438986,complex_traits,strict,normalized_ap,fusion_vs_concat_CSVHT
fold_e,314159,-0.0078681878269478,complex_traits,strict,normalized_ap,fusion_vs_concat_CSVHT
fold_e,20260806,0.00067520663694055,complex_traits,strict,normalized_ap,fusion_vs_concat_CSVHT
fold_a,42,-0.006950735288457478,complex_traits,strict,normalized_ap,fusion_vs_V_CSHT
fold_a,314159,-0.006414180548760589,complex_traits,strict,normalized_ap,fusion_vs_V_CSHT
fold_a,20260806,-0.004974184680408477,complex_traits,strict,normalized_ap,fusion_vs_V_CSHT
fold_b,42,0.018666316049777112,complex_traits,strict,normalized_ap,fusion_vs_V_CSHT
fold_b,314159,0.018102174672630197,complex_traits,strict,normalized_ap,fusion_vs_V_CSHT
fold_b,20260806,0.014788532455225765,complex_traits,strict,normalized_ap,fusion_vs_V_CSHT
fold_c,42,0.0019157150342523363,complex_traits,strict,normalized_ap,fusion_vs_V_CSHT
fold_c,314159,0.008422576828793972,complex_traits,strict,normalized_ap,fusion_vs_V_CSHT
fold_c,20260806,0.0018954978958526164,complex_traits,strict,normalized_ap,fusion_vs_V_CSHT
fold_d,42,0.0,complex_traits,strict,normalized_ap,fusion_vs_V_CSHT
fold_d,314159,0.0,complex_traits,strict,normalized_ap,fusion_vs_V_CSHT
fold_d,20260806,0.0,complex_traits,strict,normalized_ap,fusion_vs_V_CSHT
fold_e,42,0.003456626676158696,complex_traits,strict,normalized_ap,fusion_vs_V_CSHT
fold_e,314159,-0.0036710422420733538,complex_traits,strict,normalized_ap,fusion_vs_V_CSHT
fold_e,20260806,-0.0027791726852990743,complex_traits,strict,normalized_ap,fusion_vs_V_CSHT
fold_a,42,-0.0008514265843208579,mendelian_traits,1hop,auprc,linear_vs_fixed_V
fold_a,314159,-0.0008514265843208579,mendelian_traits,1hop,auprc,linear_vs_fixed_V
fold_a,20260806,-0.0008514265843208579,mendelian_traits,1hop,auprc,linear_vs_fixed_V
fold_b,42,-0.002735927511659797,mendelian_traits,1hop,auprc,linear_vs_fixed_V
fold_b,314159,-0.002735927511659797,mendelian_traits,1hop,auprc,linear_vs_fixed_V
fold_b,20260806,-0.002735927511659797,mendelian_traits,1hop,auprc,linear_vs_fixed_V
fold_c,42,6.037114187257275e-05,mendelian_traits,1hop,auprc,linear_vs_fixed_V
fold_c,314159,6.037114187257275e-05,mendelian_traits,1hop,auprc,linear_vs_fixed_V
fold_c,20260806,6.037114187257275e-05,mendelian_traits,1hop,auprc,linear_vs_fixed_V
fold_d,42,0.0,mendelian_traits,1hop,auprc,linear_vs_fixed_V
fold_d,314159,0.0,mendelian_traits,1hop,auprc,linear_vs_fixed_V
fold_d,20260806,0.0,mendelian_traits,1hop,auprc,linear_vs_fixed_V
fold_e,42,0.00010720971100719456,mendelian_traits,1hop,auprc,linear_vs_fixed_V
fold_e,314159,0.00010720971100719456,mendelian_traits,1hop,auprc,linear_vs_fixed_V
fold_e,20260806,0.00010720971100719456,mendelian_traits,1hop,auprc,linear_vs_fixed_V
fold_a,42,-0.0018352849529201243,mendelian_traits,1hop,auprc,histgb_vs_fixed_V
fold_a,314159,-0.0018352849529201243,mendelian_traits,1hop,auprc,histgb_vs_fixed_V
fold_a,20260806,-0.0018352849529201243,mendelian_traits,1hop,auprc,histgb_vs_fixed_V
fold_b,42,-0.03731076140758266,mendelian_traits,1hop,auprc,histgb_vs_fixed_V
fold_b,314159,-0.03731076140758266,mendelian_traits,1hop,auprc,histgb_vs_fixed_V
fold_b,20260806,-0.03731076140758266,mendelian_traits,1hop,auprc,histgb_vs_fixed_V
fold_c,42,-0.022060912913335257,mendelian_traits,1hop,auprc,histgb_vs_fixed_V
fold_c,314159,-0.022060912913335257,mendelian_traits,1hop,auprc,histgb_vs_fixed_V
fold_c,20260806,-0.022060912913335257,mendelian_traits,1hop,auprc,histgb_vs_fixed_V
fold_d,42,-0.09767196168140671,mendelian_traits,1hop,auprc,histgb_vs_fixed_V
fold_d,314159,-0.09767196168140671,mendelian_traits,1hop,auprc,histgb_vs_fixed_V
fold_d,20260806,-0.09767196168140671,mendelian_traits,1hop,auprc,histgb_vs_fixed_V
fold_e,42,-0.02688765276138058,mendelian_traits,1hop,auprc,histgb_vs_fixed_V
fold_e,314159,-0.02688765276138058,mendelian_traits,1hop,auprc,histgb_vs_fixed_V
fold_e,20260806,-0.02688765276138058,mendelian_traits,1hop,auprc,histgb_vs_fixed_V
fold_a,42,0.030312186290814835,mendelian_traits,1hop,auprc,linear_vs_fixed_CS
fold_a,314159,0.030312186290814835,mendelian_traits,1hop,auprc,linear_vs_fixed_CS
fold_a,20260806,0.030312186290814835,mendelian_traits,1hop,auprc,linear_vs_fixed_CS
fold_b,42,-0.03144845372394384,mendelian_traits,1hop,auprc,linear_vs_fixed_CS
fold_b,314159,-0.03144845372394384,mendelian_traits,1hop,auprc,linear_vs_fixed_CS
fold_b,20260806,-0.03144845372394384,mendelian_traits,1hop,auprc,linear_vs_fixed_CS
fold_c,42,0.09363291735451032,mendelian_traits,1hop,auprc,linear_vs_fixed_CS
fold_c,314159,0.09363291735451032,mendelian_traits,1hop,auprc,linear_vs_fixed_CS
fold_c,20260806,0.09363291735451032,mendelian_traits,1hop,auprc,linear_vs_fixed_CS
fold_d,42,0.0,mendelian_traits,1hop,auprc,linear_vs_fixed_CS
fold_d,314159,0.0,mendelian_traits,1hop,auprc,linear_vs_fixed_CS
fold_d,20260806,0.0,mendelian_traits,1hop,auprc,linear_vs_fixed_CS
fold_e,42,-0.0396858374267756,mendelian_traits,1hop,auprc,linear_vs_fixed_CS
fold_e,314159,-0.0396858374267756,mendelian_traits,1hop,auprc,linear_vs_fixed_CS
fold_e,20260806,-0.0396858374267756,mendelian_traits,1hop,auprc,linear_vs_fixed_CS
fold_a,42,0.05365193967616955,mendelian_traits,1hop,auprc,histgb_vs_fixed_CS
fold_a,314159,0.05365193967616955,mendelian_traits,1hop,auprc,histgb_vs_fixed_CS
fold_a,20260806,0.05365193967616955,mendelian_traits,1hop,auprc,histgb_vs_fixed_CS
fold_b,42,0.21450723237247654,mendelian_traits,1hop,auprc,histgb_vs_fixed_CS
fold_b,314159,0.21450723237247654,mendelian_traits,1hop,auprc,histgb_vs_fixed_CS
fold_b,20260806,0.21450723237247654,mendelian_traits,1hop,auprc,histgb_vs_fixed_CS
fold_c,42,0.08516968177532391,mendelian_traits,1hop,auprc,histgb_vs_fixed_CS
fold_c,314159,0.08516968177532391,mendelian_traits,1hop,auprc,histgb_vs_fixed_CS
fold_c,20260806,0.08516968177532391,mendelian_traits,1hop,auprc,histgb_vs_fixed_CS
fold_d,42,0.04678462956474637,mendelian_traits,1hop,auprc,histgb_vs_fixed_CS
fold_d,314159,0.04678462956474637,mendelian_traits,1hop,auprc,histgb_vs_fixed_CS
fold_d,20260806,0.04678462956474637,mendelian_traits,1hop,auprc,histgb_vs_fixed_CS
fold_e,42,-0.04451190743460659,mendelian_traits,1hop,auprc,histgb_vs_fixed_CS
fold_e,314159,-0.04451190743460659,mendelian_traits,1hop,auprc,histgb_vs_fixed_CS
fold_e,20260806,-0.04451190743460659,mendelian_traits,1hop,auprc,histgb_vs_fixed_CS
fold_a,42,0.024683273719853835,mendelian_traits,1hop,auprc,linear_vs_fixed_CSV
fold_a,314159,0.024683273719853835,mendelian_traits,1hop,auprc,linear_vs_fixed_CSV
fold_a,20260806,0.024683273719853835,mendelian_traits,1hop,auprc,linear_vs_fixed_CSV
fold_b,42,-0.015495005736591641,mendelian_traits,1hop,auprc,linear_vs_fixed_CSV
fold_b,314159,-0.015495005736591641,mendelian_traits,1hop,auprc,linear_vs_fixed_CSV
fold_b,20260806,-0.015495005736591641,mendelian_traits,1hop,auprc,linear_vs_fixed_CSV
fold_c,42,0.06329008975764476,mendelian_traits,1hop,auprc,linear_vs_fixed_CSV
fold_c,314159,0.06329008975764476,mendelian_traits,1hop,auprc,linear_vs_fixed_CSV
fold_c,20260806,0.06329008975764476,mendelian_traits,1hop,auprc,linear_vs_fixed_CSV
fold_d,42,0.005343020250288488,mendelian_traits,1hop,auprc,linear_vs_fixed_CSV
fold_d,314159,0.005343020250288488,mendelian_traits,1hop,auprc,linear_vs_fixed_CSV
fold_d,20260806,0.005343020250288488,mendelian_traits,1hop,auprc,linear_vs_fixed_CSV
fold_e,42,-0.0237654862080994,mendelian_traits,1hop,auprc,linear_vs_fixed_CSV
fold_e,314159,-0.0237654862080994,mendelian_traits,1hop,auprc,linear_vs_fixed_CSV
fold_e,20260806,-0.0237654862080994,mendelian_traits,1hop,auprc,linear_vs_fixed_CSV
fold_a,42,0.04912102850784611,mendelian_traits,1hop,auprc,histgb_vs_fixed_CSV
fold_a,314159,0.04912102850784611,mendelian_traits,1hop,auprc,histgb_vs_fixed_CSV
fold_a,20260806,0.04912102850784611,mendelian_traits,1hop,auprc,histgb_vs_fixed_CSV
fold_b,42,0.2121424131418571,mendelian_traits,1hop,auprc,histgb_vs_fixed_CSV
fold_b,314159,0.2121424131418571,mendelian_traits,1hop,auprc,histgb_vs_fixed_CSV
fold_b,20260806,0.2121424131418571,mendelian_traits,1hop,auprc,histgb_vs_fixed_CSV
fold_c,42,0.034593056523270896,mendelian_traits,1hop,auprc,histgb_vs_fixed_CSV
fold_c,314159,0.034593056523270896,mendelian_traits,1hop,auprc,histgb_vs_fixed_CSV
fold_c,20260806,0.034593056523270896,mendelian_traits,1hop,auprc,histgb_vs_fixed_CSV
fold_d,42,0.054313586228855126,mendelian_traits,1hop,auprc,histgb_vs_fixed_CSV
fold_d,314159,0.054313586228855126,mendelian_traits,1hop,auprc,histgb_vs_fixed_CSV
fold_d,20260806,0.054313586228855126,mendelian_traits,1hop,auprc,histgb_vs_fixed_CSV
fold_e,42,-0.005439143579544475,mendelian_traits,1hop,auprc,histgb_vs_fixed_CSV
fold_e,314159,-0.005439143579544475,mendelian_traits,1hop,auprc,histgb_vs_fixed_CSV
fold_e,20260806,-0.005439143579544475,mendelian_traits,1hop,auprc,histgb_vs_fixed_CSV
fold_a,42,0.023000870175582055,mendelian_traits,1hop,auprc,linear_vs_fixed_CSVT
fold_a,314159,0.01798109443015425,mendelian_traits,1hop,auprc,linear_vs_fixed_CSVT
fold_a,20260806,0.021258983144592083,mendelian_traits,1hop,auprc,linear_vs_fixed_CSVT
fold_b,42,0.011632452725027692,mendelian_traits,1hop,auprc,linear_vs_fixed_CSVT
fold_b,314159,0.0014892779844540988,mendelian_traits,1hop,auprc,linear_vs_fixed_CSVT
fold_b,20260806,0.013485572185985645,mendelian_traits,1hop,auprc,linear_vs_fixed_CSVT
fold_c,42,0.03504024862003571,mendelian_traits,1hop,auprc,linear_vs_fixed_CSVT
fold_c,314159,0.030855789031022096,mendelian_traits,1hop,auprc,linear_vs_fixed_CSVT
fold_c,20260806,0.035691646583651926,mendelian_traits,1hop,auprc,linear_vs_fixed_CSVT
fold_d,42,-0.002215753903214532,mendelian_traits,1hop,auprc,linear_vs_fixed_CSVT
fold_d,314159,-0.0014346800571777701,mendelian_traits,1hop,auprc,linear_vs_fixed_CSVT
fold_d,20260806,0.008092300497523366,mendelian_traits,1hop,auprc,linear_vs_fixed_CSVT
fold_e,42,-0.07556759264675969,mendelian_traits,1hop,auprc,linear_vs_fixed_CSVT
fold_e,314159,-0.05539830240714366,mendelian_traits,1hop,auprc,linear_vs_fixed_CSVT
fold_e,20260806,-0.030717338780772943,mendelian_traits,1hop,auprc,linear_vs_fixed_CSVT
fold_a,42,0.02898250884188823,mendelian_traits,1hop,auprc,histgb_vs_fixed_CSVT
fold_a,314159,0.007553187392406402,mendelian_traits,1hop,auprc,histgb_vs_fixed_CSVT
fold_a,20260806,0.012079263769177923,mendelian_traits,1hop,auprc,histgb_vs_fixed_CSVT
fold_b,42,0.13059169968366216,mendelian_traits,1hop,auprc,histgb_vs_fixed_CSVT
fold_b,314159,0.18761419253330447,mendelian_traits,1hop,auprc,histgb_vs_fixed_CSVT
fold_b,20260806,0.2751032210236986,mendelian_traits,1hop,auprc,histgb_vs_fixed_CSVT
fold_c,42,0.04209493576888226,mendelian_traits,1hop,auprc,histgb_vs_fixed_CSVT
fold_c,314159,-0.024336789650256346,mendelian_traits,1hop,auprc,histgb_vs_fixed_CSVT
fold_c,20260806,-0.010162652192694271,mendelian_traits,1hop,auprc,histgb_vs_fixed_CSVT
fold_d,42,0.031688810324995306,mendelian_traits,1hop,auprc,histgb_vs_fixed_CSVT
fold_d,314159,0.19484693790785015,mendelian_traits,1hop,auprc,histgb_vs_fixed_CSVT
fold_d,20260806,0.17602056155087833,mendelian_traits,1hop,auprc,histgb_vs_fixed_CSVT
fold_e,42,-0.02053189701533542,mendelian_traits,1hop,auprc,histgb_vs_fixed_CSVT
fold_e,314159,-0.03332394384927434,mendelian_traits,1hop,auprc,histgb_vs_fixed_CSVT
fold_e,20260806,-0.04214933344462471,mendelian_traits,1hop,auprc,histgb_vs_fixed_CSVT
fold_a,42,0.021137403215403583,mendelian_traits,1hop,auprc,linear_vs_fixed_CSVH
fold_a,314159,0.021137403215403583,mendelian_traits,1hop,auprc,linear_vs_fixed_CSVH
fold_a,20260806,0.021137403215403583,mendelian_traits,1hop,auprc,linear_vs_fixed_CSVH
fold_b,42,-0.010990457059061987,mendelian_traits,1hop,auprc,linear_vs_fixed_CSVH
fold_b,314159,-0.010990457059061987,mendelian_traits,1hop,auprc,linear_vs_fixed_CSVH
fold_b,20260806,-0.010990457059061987,mendelian_traits,1hop,auprc,linear_vs_fixed_CSVH
fold_c,42,0.04978140668501177,mendelian_traits,1hop,auprc,linear_vs_fixed_CSVH
fold_c,314159,0.04978140668501177,mendelian_traits,1hop,auprc,linear_vs_fixed_CSVH
fold_c,20260806,0.04978140668501177,mendelian_traits,1hop,auprc,linear_vs_fixed_CSVH
fold_d,42,0.0,mendelian_traits,1hop,auprc,linear_vs_fixed_CSVH
fold_d,314159,0.0,mendelian_traits,1hop,auprc,linear_vs_fixed_CSVH
fold_d,20260806,0.0,mendelian_traits,1hop,auprc,linear_vs_fixed_CSVH
fold_e,42,-0.04348838610430107,mendelian_traits,1hop,auprc,linear_vs_fixed_CSVH
fold_e,314159,-0.04348838610430107,mendelian_traits,1hop,auprc,linear_vs_fixed_CSVH
fold_e,20260806,-0.04348838610430107,mendelian_traits,1hop,auprc,linear_vs_fixed_CSVH
fold_a,42,0.023210962292098472,mendelian_traits,1hop,auprc,histgb_vs_fixed_CSVH
fold_a,314159,0.023210962292098472,mendelian_traits,1hop,auprc,histgb_vs_fixed_CSVH
fold_a,20260806,0.023210962292098472,mendelian_traits,1hop,auprc,histgb_vs_fixed_CSVH
fold_b,42,0.2199717383286032,mendelian_traits,1hop,auprc,histgb_vs_fixed_CSVH
fold_b,314159,0.2199717383286032,mendelian_traits,1hop,auprc,histgb_vs_fixed_CSVH
fold_b,20260806,0.2199717383286032,mendelian_traits,1hop,auprc,histgb_vs_fixed_CSVH
fold_c,42,0.03396386703141527,mendelian_traits,1hop,auprc,histgb_vs_fixed_CSVH
fold_c,314159,0.03396386703141527,mendelian_traits,1hop,auprc,histgb_vs_fixed_CSVH
fold_c,20260806,0.03396386703141527,mendelian_traits,1hop,auprc,histgb_vs_fixed_CSVH
fold_d,42,0.04469868664519594,mendelian_traits,1hop,auprc,histgb_vs_fixed_CSVH
fold_d,314159,0.04469868664519594,mendelian_traits,1hop,auprc,histgb_vs_fixed_CSVH
fold_d,20260806,0.04469868664519594,mendelian_traits,1hop,auprc,histgb_vs_fixed_CSVH
fold_e,42,-0.01999959123810828,mendelian_traits,1hop,auprc,histgb_vs_fixed_CSVH
fold_e,314159,-0.01999959123810828,mendelian_traits,1hop,auprc,histgb_vs_fixed_CSVH
fold_e,20260806,-0.01999959123810828,mendelian_traits,1hop,auprc,histgb_vs_fixed_CSVH
fold_a,42,0.01793510554676725,mendelian_traits,1hop,auprc,linear_vs_fixed_CSVHT
fold_a,314159,0.015669865169904817,mendelian_traits,1hop,auprc,linear_vs_fixed_CSVHT
fold_a,20260806,0.01979132765809119,mendelian_traits,1hop,auprc,linear_vs_fixed_CSVHT
fold_b,42,0.015393559779459776,mendelian_traits,1hop,auprc,linear_vs_fixed_CSVHT
fold_b,314159,-0.0005761001959136564,mendelian_traits,1hop,auprc,linear_vs_fixed_CSVHT
fold_b,20260806,0.00021188738117121353,mendelian_traits,1hop,auprc,linear_vs_fixed_CSVHT
fold_c,42,-0.025602615178991858,mendelian_traits,1hop,auprc,linear_vs_fixed_CSVHT
fold_c,314159,0.02277505387044608,mendelian_traits,1hop,auprc,linear_vs_fixed_CSVHT
fold_c,20260806,0.03701615906253983,mendelian_traits,1hop,auprc,linear_vs_fixed_CSVHT
fold_d,42,-0.002452912647022104,mendelian_traits,1hop,auprc,linear_vs_fixed_CSVHT
fold_d,314159,-0.004177513564175672,mendelian_traits,1hop,auprc,linear_vs_fixed_CSVHT
fold_d,20260806,-8.065948122833178e-05,mendelian_traits,1hop,auprc,linear_vs_fixed_CSVHT
fold_e,42,-0.1284814484444764,mendelian_traits,1hop,auprc,linear_vs_fixed_CSVHT
fold_e,314159,-0.077245251048427,mendelian_traits,1hop,auprc,linear_vs_fixed_CSVHT
fold_e,20260806,-0.0447166679899787,mendelian_traits,1hop,auprc,linear_vs_fixed_CSVHT
fold_a,42,0.0142106304085593,mendelian_traits,1hop,auprc,histgb_vs_fixed_CSVHT
fold_a,314159,0.008190630339709515,mendelian_traits,1hop,auprc,histgb_vs_fixed_CSVHT
fold_a,20260806,0.021348467894783632,mendelian_traits,1hop,auprc,histgb_vs_fixed_CSVHT
fold_b,42,0.20390335319399988,mendelian_traits,1hop,auprc,histgb_vs_fixed_CSVHT
fold_b,314159,0.18569809190698383,mendelian_traits,1hop,auprc,histgb_vs_fixed_CSVHT
fold_b,20260806,0.27037257755770133,mendelian_traits,1hop,auprc,histgb_vs_fixed_CSVHT
fold_c,42,0.03315668460196486,mendelian_traits,1hop,auprc,histgb_vs_fixed_CSVHT
fold_c,314159,-0.01440896892714466,mendelian_traits,1hop,auprc,histgb_vs_fixed_CSVHT
fold_c,20260806,0.001208948015820957,mendelian_traits,1hop,auprc,histgb_vs_fixed_CSVHT
fold_d,42,0.03681120114864292,mendelian_traits,1hop,auprc,histgb_vs_fixed_CSVHT
fold_d,314159,0.13782075426023485,mendelian_traits,1hop,auprc,histgb_vs_fixed_CSVHT
fold_d,20260806,0.05977435552839544,mendelian_traits,1hop,auprc,histgb_vs_fixed_CSVHT
fold_e,42,-0.11315673327661313,mendelian_traits,1hop,auprc,histgb_vs_fixed_CSVHT
fold_e,314159,-0.03486702986281068,mendelian_traits,1hop,auprc,histgb_vs_fixed_CSVHT
fold_e,20260806,-0.06089949649444511,mendelian_traits,1hop,auprc,histgb_vs_fixed_CSVHT
fold_a,42,-0.004188552204199086,mendelian_traits,1hop,auprc,T_given_CSV_linear
fold_a,314159,-0.0058776584914945335,mendelian_traits,1hop,auprc,T_given_CSV_linear
fold_a,20260806,-0.004796869181337066,mendelian_traits,1hop,auprc,T_given_CSV_linear
fold_b,42,0.010252174056149727,mendelian_traits,1hop,auprc,T_given_CSV_linear
fold_b,314159,-0.00022453243208707396,mendelian_traits,1hop,auprc,T_given_CSV_linear
fold_b,20260806,-0.0035573597387668493,mendelian_traits,1hop,auprc,T_given_CSV_linear
fold_c,42,-0.0289001940760569,mendelian_traits,1hop,auprc,T_given_CSV_linear
fold_c,314159,-0.03711731812604355,mendelian_traits,1hop,auprc,T_given_CSV_linear
fold_c,20260806,-0.006160982981898877,mendelian_traits,1hop,auprc,T_given_CSV_linear
fold_d,42,0.00667962981246055,mendelian_traits,1hop,auprc,T_given_CSV_linear
fold_d,314159,0.006486924497013394,mendelian_traits,1hop,auprc,T_given_CSV_linear
fold_d,20260806,0.00926477436847685,mendelian_traits,1hop,auprc,T_given_CSV_linear
fold_e,42,0.0016606394599090468,mendelian_traits,1hop,auprc,T_given_CSV_linear
fold_e,314159,0.00029560631296299267,mendelian_traits,1hop,auprc,T_given_CSV_linear
fold_e,20260806,0.0020641520646784844,mendelian_traits,1hop,auprc,T_given_CSV_linear
fold_a,42,-0.004415084853738788,mendelian_traits,1hop,auprc,T_given_CSVH_linear
fold_a,314159,-0.004991010433276183,mendelian_traits,1hop,auprc,T_given_CSVH_linear
fold_a,20260806,-0.004040776592047865,mendelian_traits,1hop,auprc,T_given_CSVH_linear
fold_b,42,0.010303328342266896,mendelian_traits,1hop,auprc,T_given_CSVH_linear
fold_b,314159,-0.0003359358642044119,mendelian_traits,1hop,auprc,T_given_CSVH_linear
fold_b,20260806,-0.017294852626606905,mendelian_traits,1hop,auprc,T_given_CSVH_linear
fold_c,42,-0.08069909528550469,mendelian_traits,1hop,auprc,T_given_CSVH_linear
fold_c,314159,-0.03602971317862666,mendelian_traits,1hop,auprc,T_given_CSVH_linear
fold_c,20260806,-0.008399044941558936,mendelian_traits,1hop,auprc,T_given_CSVH_linear
fold_d,42,0.01161522477772503,mendelian_traits,1hop,auprc,T_given_CSVH_linear
fold_d,314159,0.006696199945513209,mendelian_traits,1hop,auprc,T_given_CSVH_linear
fold_d,20260806,0.009022125181243859,mendelian_traits,1hop,auprc,T_given_CSVH_linear
fold_e,42,0.002157025200410126,mendelian_traits,1hop,auprc,T_given_CSVH_linear
fold_e,314159,1.705591593824385e-05,mendelian_traits,1hop,auprc,T_given_CSVH_linear
fold_e,20260806,0.0012802788443749408,mendelian_traits,1hop,auprc,T_given_CSVH_linear
fold_a,42,-0.022644668325885187,mendelian_traits,1hop,auprc,T_given_CSV_histgb
fold_a,314159,-0.040743320317234655,mendelian_traits,1hop,auprc,T_given_CSV_histgb
fold_a,20260806,-0.0384143433447435,mendelian_traits,1hop,auprc,T_given_CSV_histgb
fold_b,42,-0.09842599786366454,mendelian_traits,1hop,auprc,T_given_CSV_histgb
fold_b,314159,-0.04173703676168544,mendelian_traits,1hop,auprc,T_given_CSV_histgb
fold_b,20260806,0.03042287022049739,mendelian_traits,1hop,auprc,T_given_CSV_histgb
fold_c,42,0.0068515263071635135,mendelian_traits,1hop,auprc,T_given_CSV_histgb
fold_c,314159,-0.06361286357294813,mendelian_traits,1hop,auprc,T_given_CSV_histgb
fold_c,20260806,-0.02331824852387121,mendelian_traits,1hop,auprc,T_given_CSV_histgb
fold_d,42,-0.00838637193789625,mendelian_traits,1hop,auprc,T_given_CSV_histgb
fold_d,314159,0.15379797648347468,mendelian_traits,1hop,auprc,T_given_CSV_histgb
fold_d,20260806,0.12822246944326518,mendelian_traits,1hop,auprc,T_given_CSV_histgb
fold_e,42,0.03836999246277839,mendelian_traits,1hop,auprc,T_given_CSV_histgb
fold_e,314159,0.004043622242277389,mendelian_traits,1hop,auprc,T_given_CSV_histgb
fold_e,20260806,-0.027694185227728207,mendelian_traits,1hop,auprc,T_given_CSV_histgb
fold_a,42,-0.010213119068641627,mendelian_traits,1hop,auprc,T_given_CSVH_histgb
fold_a,314159,-0.014543804340166375,mendelian_traits,1hop,auprc,T_given_CSVH_histgb
fold_a,20260806,-0.004557195432050312,mendelian_traits,1hop,auprc,T_given_CSVH_histgb
fold_b,42,-0.03214907363085817,mendelian_traits,1hop,auprc,T_given_CSVH_histgb
fold_b,314159,-0.045023939148972125,mendelian_traits,1hop,auprc,T_given_CSVH_histgb
fold_b,20260806,0.02190364216225804,mendelian_traits,1hop,auprc,T_given_CSVH_histgb
fold_c,42,-0.006122255850951469,mendelian_traits,1hop,auprc,T_given_CSVH_histgb
fold_c,314159,-0.0573961963226209,mendelian_traits,1hop,auprc,T_given_CSVH_histgb
fold_c,20260806,-0.028388716334681305,mendelian_traits,1hop,auprc,T_given_CSVH_histgb
fold_d,42,0.006180651928194114,mendelian_traits,1hop,auprc,T_given_CSVH_histgb
fold_d,314159,0.10399578112472779,mendelian_traits,1hop,auprc,T_given_CSVH_histgb
fold_d,20260806,0.02417845354567169,mendelian_traits,1hop,auprc,T_given_CSVH_histgb
fold_e,42,-0.006007054497919398,mendelian_traits,1hop,auprc,T_given_CSVH_histgb
fold_e,314159,0.018906482235361774,mendelian_traits,1hop,auprc,T_given_CSVH_histgb
fold_e,20260806,-0.03839134452628426,mendelian_traits,1hop,auprc,T_given_CSVH_histgb
fold_a,42,-0.005359593994893386,mendelian_traits,1hop,auprc,T_given_CS_linear
fold_a,314159,-0.00723766118351396,mendelian_traits,1hop,auprc,T_given_CS_linear
fold_a,20260806,-0.006756504666374202,mendelian_traits,1hop,auprc,T_given_CS_linear
fold_b,42,0.01093874387525659,mendelian_traits,1hop,auprc,T_given_CS_linear
fold_b,314159,2.9629369329889355e-05,mendelian_traits,1hop,auprc,T_given_CS_linear
fold_b,20260806,-0.005675075264907528,mendelian_traits,1hop,auprc,T_given_CS_linear
fold_c,42,-0.038538931215979066,mendelian_traits,1hop,auprc,T_given_CS_linear
fold_c,314159,-0.046017182322916406,mendelian_traits,1hop,auprc,T_given_CS_linear
fold_c,20260806,-0.00799905061027098,mendelian_traits,1hop,auprc,T_given_CS_linear
fold_d,42,0.014613121780078328,mendelian_traits,1hop,auprc,T_given_CS_linear
fold_d,314159,0.014502797341616566,mendelian_traits,1hop,auprc,T_given_CS_linear
fold_d,20260806,0.004306584774718569,mendelian_traits,1hop,auprc,T_given_CS_linear
fold_e,42,0.001314141265739796,mendelian_traits,1hop,auprc,T_given_CS_linear
fold_e,314159,0.00037503385455006644,mendelian_traits,1hop,auprc,T_given_CS_linear
fold_e,20260806,0.0018703188822191547,mendelian_traits,1hop,auprc,T_given_CS_linear
fold_a,42,0.0,mendelian_traits,1hop,auprc,T_given_V_CS_fusion
fold_a,314159,0.0,mendelian_traits,1hop,auprc,T_given_V_CS_fusion
fold_a,20260806,0.0,mendelian_traits,1hop,auprc,T_given_V_CS_fusion
fold_b,42,0.01093874387525659,mendelian_traits,1hop,auprc,T_given_V_CS_fusion
fold_b,314159,2.9629369329889355e-05,mendelian_traits,1hop,auprc,T_given_V_CS_fusion
fold_b,20260806,-0.005675075264907528,mendelian_traits,1hop,auprc,T_given_V_CS_fusion
fold_c,42,0.0,mendelian_traits,1hop,auprc,T_given_V_CS_fusion
fold_c,314159,0.0,mendelian_traits,1hop,auprc,T_given_V_CS_fusion
fold_c,20260806,0.0,mendelian_traits,1hop,auprc,T_given_V_CS_fusion
fold_d,42,0.0,mendelian_traits,1hop,auprc,T_given_V_CS_fusion
fold_d,314159,0.0,mendelian_traits,1hop,auprc,T_given_V_CS_fusion
fold_d,20260806,0.0,mendelian_traits,1hop,auprc,T_given_V_CS_fusion
fold_e,42,0.001314141265739796,mendelian_traits,1hop,auprc,T_given_V_CS_fusion
fold_e,314159,0.00037503385455006644,mendelian_traits,1hop,auprc,T_given_V_CS_fusion
fold_e,20260806,0.0018703188822191547,mendelian_traits,1hop,auprc,T_given_V_CS_fusion
fold_a,42,-0.0044887392628565614,mendelian_traits,1hop,auprc,T_given_CSH_linear
fold_a,314159,-0.005376005836258246,mendelian_traits,1hop,auprc,T_given_CSH_linear
fold_a,20260806,-0.004390010144629697,mendelian_traits,1hop,auprc,T_given_CSH_linear
fold_b,42,0.011232679051060457,mendelian_traits,1hop,auprc,T_given_CSH_linear
fold_b,314159,0.0004059814895898961,mendelian_traits,1hop,auprc,T_given_CSH_linear
fold_b,20260806,-0.018505238571856875,mendelian_traits,1hop,auprc,T_given_CSH_linear
fold_c,42,-0.035962389272865714,mendelian_traits,1hop,auprc,T_given_CSH_linear
fold_c,314159,-0.04075379614428465,mendelian_traits,1hop,auprc,T_given_CSH_linear
fold_c,20260806,-0.011224774704489238,mendelian_traits,1hop,auprc,T_given_CSH_linear
fold_d,42,0.007626127253881787,mendelian_traits,1hop,auprc,T_given_CSH_linear
fold_d,314159,-0.0002438040208218445,mendelian_traits,1hop,auprc,T_given_CSH_linear
fold_d,20260806,0.0030485677668076333,mendelian_traits,1hop,auprc,T_given_CSH_linear
fold_e,42,0.0021676177027469684,mendelian_traits,1hop,auprc,T_given_CSH_linear
fold_e,314159,8.863440920206522e-05,mendelian_traits,1hop,auprc,T_given_CSH_linear
fold_e,20260806,0.0006934252517301343,mendelian_traits,1hop,auprc,T_given_CSH_linear
fold_a,42,0.0,mendelian_traits,1hop,auprc,T_given_V_CSH_fusion
fold_a,314159,0.0,mendelian_traits,1hop,auprc,T_given_V_CSH_fusion
fold_a,20260806,0.0,mendelian_traits,1hop,auprc,T_given_V_CSH_fusion
fold_b,42,0.011232679051060457,mendelian_traits,1hop,auprc,T_given_V_CSH_fusion
fold_b,314159,0.0004059814895898961,mendelian_traits,1hop,auprc,T_given_V_CSH_fusion
fold_b,20260806,-0.018505238571856875,mendelian_traits,1hop,auprc,T_given_V_CSH_fusion
fold_c,42,0.0,mendelian_traits,1hop,auprc,T_given_V_CSH_fusion
fold_c,314159,0.0,mendelian_traits,1hop,auprc,T_given_V_CSH_fusion
fold_c,20260806,0.0,mendelian_traits,1hop,auprc,T_given_V_CSH_fusion
fold_d,42,0.0,mendelian_traits,1hop,auprc,T_given_V_CSH_fusion
fold_d,314159,0.0,mendelian_traits,1hop,auprc,T_given_V_CSH_fusion
fold_d,20260806,0.0,mendelian_traits,1hop,auprc,T_given_V_CSH_fusion
fold_e,42,0.0007115916935073185,mendelian_traits,1hop,auprc,T_given_V_CSH_fusion
fold_e,314159,0.0005652581144941771,mendelian_traits,1hop,auprc,T_given_V_CSH_fusion
fold_e,20260806,-0.0005092864077529957,mendelian_traits,1hop,auprc,T_given_V_CSH_fusion
fold_a,42,-0.011324483388711823,mendelian_traits,1hop,auprc,fusion_vs_concat_CSV
fold_a,314159,-0.011324483388711823,mendelian_traits,1hop,auprc,fusion_vs_concat_CSV
fold_a,20260806,-0.011324483388711823,mendelian_traits,1hop,auprc,fusion_vs_concat_CSV
fold_b,42,0.014250638672248683,mendelian_traits,1hop,auprc,fusion_vs_concat_CSV
fold_b,314159,0.014250638672248683,mendelian_traits,1hop,auprc,fusion_vs_concat_CSV
fold_b,20260806,0.014250638672248683,mendelian_traits,1hop,auprc,fusion_vs_concat_CSV
fold_c,42,-0.057886925114051024,mendelian_traits,1hop,auprc,fusion_vs_concat_CSV
fold_c,314159,-0.057886925114051024,mendelian_traits,1hop,auprc,fusion_vs_concat_CSV
fold_c,20260806,-0.057886925114051024,mendelian_traits,1hop,auprc,fusion_vs_concat_CSV
fold_d,42,0.13256765768771533,mendelian_traits,1hop,auprc,fusion_vs_concat_CSV
fold_d,314159,0.13256765768771533,mendelian_traits,1hop,auprc,fusion_vs_concat_CSV
fold_d,20260806,0.13256765768771533,mendelian_traits,1hop,auprc,fusion_vs_concat_CSV
fold_e,42,0.01824492442206012,mendelian_traits,1hop,auprc,fusion_vs_concat_CSV
fold_e,314159,0.01824492442206012,mendelian_traits,1hop,auprc,fusion_vs_concat_CSV
fold_e,20260806,0.01824492442206012,mendelian_traits,1hop,auprc,fusion_vs_concat_CSV
fold_a,42,0.0,mendelian_traits,1hop,auprc,fusion_vs_V_CS
fold_a,314159,0.0,mendelian_traits,1hop,auprc,fusion_vs_V_CS
fold_a,20260806,0.0,mendelian_traits,1hop,auprc,fusion_vs_V_CS
fold_b,42,-0.04079834697772097,mendelian_traits,1hop,auprc,fusion_vs_V_CS
fold_b,314159,-0.04079834697772097,mendelian_traits,1hop,auprc,fusion_vs_V_CS
fold_b,20260806,-0.04079834697772097,mendelian_traits,1hop,auprc,fusion_vs_V_CS
fold_c,42,0.0,mendelian_traits,1hop,auprc,fusion_vs_V_CS
fold_c,314159,0.0,mendelian_traits,1hop,auprc,fusion_vs_V_CS
fold_c,20260806,0.0,mendelian_traits,1hop,auprc,fusion_vs_V_CS
fold_d,42,0.0,mendelian_traits,1hop,auprc,fusion_vs_V_CS
fold_d,314159,0.0,mendelian_traits,1hop,auprc,fusion_vs_V_CS
fold_d,20260806,0.0,mendelian_traits,1hop,auprc,fusion_vs_V_CS
fold_e,42,-0.09717446998065339,mendelian_traits,1hop,auprc,fusion_vs_V_CS
fold_e,314159,-0.09717446998065339,mendelian_traits,1hop,auprc,fusion_vs_V_CS
fold_e,20260806,-0.09717446998065339,mendelian_traits,1hop,auprc,fusion_vs_V_CS
fold_a,42,-0.0071359311845127366,mendelian_traits,1hop,auprc,fusion_vs_concat_CSVT
fold_a,314159,-0.0054468248972172895,mendelian_traits,1hop,auprc,fusion_vs_concat_CSVT
fold_a,20260806,-0.006527614207374757,mendelian_traits,1hop,auprc,fusion_vs_concat_CSVT
fold_b,42,0.014937208491355547,mendelian_traits,1hop,auprc,fusion_vs_concat_CSVT
fold_b,314159,0.014504800473665647,mendelian_traits,1hop,auprc,fusion_vs_concat_CSVT
fold_b,20260806,0.012132923146108004,mendelian_traits,1hop,auprc,fusion_vs_concat_CSVT
fold_c,42,-0.028986731037994123,mendelian_traits,1hop,auprc,fusion_vs_concat_CSVT
fold_c,314159,-0.020769606988007477,mendelian_traits,1hop,auprc,fusion_vs_concat_CSVT
fold_c,20260806,-0.05172594213215215,mendelian_traits,1hop,auprc,fusion_vs_concat_CSVT
fold_d,42,0.12588802787525477,mendelian_traits,1hop,auprc,fusion_vs_concat_CSVT
fold_d,314159,0.12608073319070195,mendelian_traits,1hop,auprc,fusion_vs_concat_CSVT
fold_d,20260806,0.12330288331923848,mendelian_traits,1hop,auprc,fusion_vs_concat_CSVT
fold_e,42,0.017898426227890868,mendelian_traits,1hop,auprc,fusion_vs_concat_CSVT
fold_e,314159,0.018324351963647192,mendelian_traits,1hop,auprc,fusion_vs_concat_CSVT
fold_e,20260806,0.01805109123960079,mendelian_traits,1hop,auprc,fusion_vs_concat_CSVT
fold_a,42,0.0,mendelian_traits,1hop,auprc,fusion_vs_V_CST
fold_a,314159,0.0,mendelian_traits,1hop,auprc,fusion_vs_V_CST
fold_a,20260806,0.0,mendelian_traits,1hop,auprc,fusion_vs_V_CST
fold_b,42,-0.029859603102464383,mendelian_traits,1hop,auprc,fusion_vs_V_CST
fold_b,314159,-0.040768717608391083,mendelian_traits,1hop,auprc,fusion_vs_V_CST
fold_b,20260806,-0.0464734222426285,mendelian_traits,1hop,auprc,fusion_vs_V_CST
fold_c,42,0.0,mendelian_traits,1hop,auprc,fusion_vs_V_CST
fold_c,314159,0.0,mendelian_traits,1hop,auprc,fusion_vs_V_CST
fold_c,20260806,0.0,mendelian_traits,1hop,auprc,fusion_vs_V_CST
fold_d,42,0.0,mendelian_traits,1hop,auprc,fusion_vs_V_CST
fold_d,314159,0.0,mendelian_traits,1hop,auprc,fusion_vs_V_CST
fold_d,20260806,0.0,mendelian_traits,1hop,auprc,fusion_vs_V_CST
fold_e,42,-0.0958603287149136,mendelian_traits,1hop,auprc,fusion_vs_V_CST
fold_e,314159,-0.09679943612610332,mendelian_traits,1hop,auprc,fusion_vs_V_CST
fold_e,20260806,-0.09530415109843424,mendelian_traits,1hop,auprc,fusion_vs_V_CST
fold_a,42,-0.007979652536148213,mendelian_traits,1hop,auprc,fusion_vs_concat_CSVH
fold_a,314159,-0.007979652536148213,mendelian_traits,1hop,auprc,fusion_vs_concat_CSVH
fold_a,20260806,-0.007979652536148213,mendelian_traits,1hop,auprc,fusion_vs_concat_CSVH
fold_b,42,0.01289890073473482,mendelian_traits,1hop,auprc,fusion_vs_concat_CSVH
fold_b,314159,0.01289890073473482,mendelian_traits,1hop,auprc,fusion_vs_concat_CSVH
fold_b,20260806,0.01289890073473482,mendelian_traits,1hop,auprc,fusion_vs_concat_CSVH
fold_c,42,-0.05110872596977076,mendelian_traits,1hop,auprc,fusion_vs_concat_CSVH
fold_c,314159,-0.05110872596977076,mendelian_traits,1hop,auprc,fusion_vs_concat_CSVH
fold_c,20260806,-0.05110872596977076,mendelian_traits,1hop,auprc,fusion_vs_concat_CSVH
fold_d,42,0.13547009209346458,mendelian_traits,1hop,auprc,fusion_vs_concat_CSVH
fold_d,314159,0.13547009209346458,mendelian_traits,1hop,auprc,fusion_vs_concat_CSVH
fold_d,20260806,0.13547009209346458,mendelian_traits,1hop,auprc,fusion_vs_concat_CSVH
fold_e,42,0.044873705830326974,mendelian_traits,1hop,auprc,fusion_vs_concat_CSVH
fold_e,314159,0.044873705830326974,mendelian_traits,1hop,auprc,fusion_vs_concat_CSVH
fold_e,20260806,0.044873705830326974,mendelian_traits,1hop,auprc,fusion_vs_concat_CSVH
fold_a,42,0.0,mendelian_traits,1hop,auprc,fusion_vs_V_CSH
fold_a,314159,0.0,mendelian_traits,1hop,auprc,fusion_vs_V_CSH
fold_a,20260806,0.0,mendelian_traits,1hop,auprc,fusion_vs_V_CSH
fold_b,42,-0.04635664930519784,mendelian_traits,1hop,auprc,fusion_vs_V_CSH
fold_b,314159,-0.04635664930519784,mendelian_traits,1hop,auprc,fusion_vs_V_CSH
fold_b,20260806,-0.04635664930519784,mendelian_traits,1hop,auprc,fusion_vs_V_CSH
fold_c,42,0.0,mendelian_traits,1hop,auprc,fusion_vs_V_CSH
fold_c,314159,0.0,mendelian_traits,1hop,auprc,fusion_vs_V_CSH
fold_c,20260806,0.0,mendelian_traits,1hop,auprc,fusion_vs_V_CSH
fold_d,42,0.0,mendelian_traits,1hop,auprc,fusion_vs_V_CSH
fold_d,314159,0.0,mendelian_traits,1hop,auprc,fusion_vs_V_CSH
fold_d,20260806,0.0,mendelian_traits,1hop,auprc,fusion_vs_V_CSH
fold_e,42,-0.07000606698032671,mendelian_traits,1hop,auprc,fusion_vs_V_CSH
fold_e,314159,-0.07000606698032671,mendelian_traits,1hop,auprc,fusion_vs_V_CSH
fold_e,20260806,-0.07000606698032671,mendelian_traits,1hop,auprc,fusion_vs_V_CSH
fold_a,42,-0.0035645676824094252,mendelian_traits,1hop,auprc,fusion_vs_concat_CSVHT
fold_a,314159,-0.00298864210287203,mendelian_traits,1hop,auprc,fusion_vs_concat_CSVHT
fold_a,20260806,-0.003938875944100348,mendelian_traits,1hop,auprc,fusion_vs_concat_CSVHT
fold_b,42,0.01382825144352838,mendelian_traits,1hop,auprc,fusion_vs_concat_CSVHT
fold_b,314159,0.013640818088529127,mendelian_traits,1hop,auprc,fusion_vs_concat_CSVHT
fold_b,20260806,0.01168851478948485,mendelian_traits,1hop,auprc,fusion_vs_concat_CSVHT
fold_c,42,0.02959036931573393,mendelian_traits,1hop,auprc,fusion_vs_concat_CSVHT
fold_c,314159,-0.015079012791144097,mendelian_traits,1hop,auprc,fusion_vs_concat_CSVHT
fold_c,20260806,-0.04270968102821182,mendelian_traits,1hop,auprc,fusion_vs_concat_CSVHT
fold_d,42,0.12385486731573955,mendelian_traits,1hop,auprc,fusion_vs_concat_CSVHT
fold_d,314159,0.12877389214795137,mendelian_traits,1hop,auprc,fusion_vs_concat_CSVHT
fold_d,20260806,0.1264479669122207,mendelian_traits,1hop,auprc,fusion_vs_concat_CSVHT
fold_e,42,0.043428272323424166,mendelian_traits,1hop,auprc,fusion_vs_concat_CSVHT
fold_e,314159,0.04542190802888291,mendelian_traits,1hop,auprc,fusion_vs_concat_CSVHT
fold_e,20260806,0.04308414057819904,mendelian_traits,1hop,auprc,fusion_vs_concat_CSVHT
fold_a,42,0.0,mendelian_traits,1hop,auprc,fusion_vs_V_CSHT
fold_a,314159,0.0,mendelian_traits,1hop,auprc,fusion_vs_V_CSHT
fold_a,20260806,0.0,mendelian_traits,1hop,auprc,fusion_vs_V_CSHT
fold_b,42,-0.03512397025413738,mendelian_traits,1hop,auprc,fusion_vs_V_CSHT
fold_b,314159,-0.04595066781560794,mendelian_traits,1hop,auprc,fusion_vs_V_CSHT
fold_b,20260806,-0.06486188787705471,mendelian_traits,1hop,auprc,fusion_vs_V_CSHT
fold_c,42,0.0,mendelian_traits,1hop,auprc,fusion_vs_V_CSHT
fold_c,314159,0.0,mendelian_traits,1hop,auprc,fusion_vs_V_CSHT
fold_c,20260806,0.0,mendelian_traits,1hop,auprc,fusion_vs_V_CSHT
fold_d,42,0.0,mendelian_traits,1hop,auprc,fusion_vs_V_CSHT
fold_d,314159,0.0,mendelian_traits,1hop,auprc,fusion_vs_V_CSHT
fold_d,20260806,0.0,mendelian_traits,1hop,auprc,fusion_vs_V_CSHT
fold_e,42,-0.0692944752868194,mendelian_traits,1hop,auprc,fusion_vs_V_CSHT
fold_e,314159,-0.06944080886583254,mendelian_traits,1hop,auprc,fusion_vs_V_CSHT
fold_e,20260806,-0.07051535338807971,mendelian_traits,1hop,auprc,fusion_vs_V_CSHT
fold_a,42,-0.000545093771385341,mendelian_traits,1hop,chromosome_weighted_auprc,linear_vs_fixed_V
fold_a,314159,-0.000545093771385341,mendelian_traits,1hop,chromosome_weighted_auprc,linear_vs_fixed_V
fold_a,20260806,-0.000545093771385341,mendelian_traits,1hop,chromosome_weighted_auprc,linear_vs_fixed_V
fold_b,42,0.00030282090736696854,mendelian_traits,1hop,chromosome_weighted_auprc,linear_vs_fixed_V
fold_b,314159,0.00030282090736696854,mendelian_traits,1hop,chromosome_weighted_auprc,linear_vs_fixed_V
fold_b,20260806,0.00030282090736696854,mendelian_traits,1hop,chromosome_weighted_auprc,linear_vs_fixed_V
fold_c,42,8.562984267873608e-05,mendelian_traits,1hop,chromosome_weighted_auprc,linear_vs_fixed_V
fold_c,314159,8.562984267873608e-05,mendelian_traits,1hop,chromosome_weighted_auprc,linear_vs_fixed_V
fold_c,20260806,8.562984267873608e-05,mendelian_traits,1hop,chromosome_weighted_auprc,linear_vs_fixed_V
fold_d,42,0.0,mendelian_traits,1hop,chromosome_weighted_auprc,linear_vs_fixed_V
fold_d,314159,0.0,mendelian_traits,1hop,chromosome_weighted_auprc,linear_vs_fixed_V
fold_d,20260806,0.0,mendelian_traits,1hop,chromosome_weighted_auprc,linear_vs_fixed_V
fold_e,42,9.691753380935975e-05,mendelian_traits,1hop,chromosome_weighted_auprc,linear_vs_fixed_V
fold_e,314159,9.691753380935975e-05,mendelian_traits,1hop,chromosome_weighted_auprc,linear_vs_fixed_V
fold_e,20260806,9.691753380935975e-05,mendelian_traits,1hop,chromosome_weighted_auprc,linear_vs_fixed_V
fold_a,42,-0.0014622478131677275,mendelian_traits,1hop,chromosome_weighted_auprc,histgb_vs_fixed_V
fold_a,314159,-0.0014622478131677275,mendelian_traits,1hop,chromosome_weighted_auprc,histgb_vs_fixed_V
fold_a,20260806,-0.0014622478131677275,mendelian_traits,1hop,chromosome_weighted_auprc,histgb_vs_fixed_V
fold_b,42,-0.02891298455571517,mendelian_traits,1hop,chromosome_weighted_auprc,histgb_vs_fixed_V
fold_b,314159,-0.02891298455571517,mendelian_traits,1hop,chromosome_weighted_auprc,histgb_vs_fixed_V
fold_b,20260806,-0.02891298455571517,mendelian_traits,1hop,chromosome_weighted_auprc,histgb_vs_fixed_V
fold_c,42,-0.021606466029566257,mendelian_traits,1hop,chromosome_weighted_auprc,histgb_vs_fixed_V
fold_c,314159,-0.021606466029566257,mendelian_traits,1hop,chromosome_weighted_auprc,histgb_vs_fixed_V
fold_c,20260806,-0.021606466029566257,mendelian_traits,1hop,chromosome_weighted_auprc,histgb_vs_fixed_V
fold_d,42,-0.11263033520787533,mendelian_traits,1hop,chromosome_weighted_auprc,histgb_vs_fixed_V
fold_d,314159,-0.11263033520787533,mendelian_traits,1hop,chromosome_weighted_auprc,histgb_vs_fixed_V
fold_d,20260806,-0.11263033520787533,mendelian_traits,1hop,chromosome_weighted_auprc,histgb_vs_fixed_V
fold_e,42,-0.015795611896300438,mendelian_traits,1hop,chromosome_weighted_auprc,histgb_vs_fixed_V
fold_e,314159,-0.015795611896300438,mendelian_traits,1hop,chromosome_weighted_auprc,histgb_vs_fixed_V
fold_e,20260806,-0.015795611896300438,mendelian_traits,1hop,chromosome_weighted_auprc,histgb_vs_fixed_V
fold_a,42,0.04340295574811842,mendelian_traits,1hop,chromosome_weighted_auprc,linear_vs_fixed_CS
fold_a,314159,0.04340295574811842,mendelian_traits,1hop,chromosome_weighted_auprc,linear_vs_fixed_CS
fold_a,20260806,0.04340295574811842,mendelian_traits,1hop,chromosome_weighted_auprc,linear_vs_fixed_CS
fold_b,42,-0.019115317450930563,mendelian_traits,1hop,chromosome_weighted_auprc,linear_vs_fixed_CS
fold_b,314159,-0.019115317450930563,mendelian_traits,1hop,chromosome_weighted_auprc,linear_vs_fixed_CS
fold_b,20260806,-0.019115317450930563,mendelian_traits,1hop,chromosome_weighted_auprc,linear_vs_fixed_CS
fold_c,42,0.05546955187371394,mendelian_traits,1hop,chromosome_weighted_auprc,linear_vs_fixed_CS
fold_c,314159,0.05546955187371394,mendelian_traits,1hop,chromosome_weighted_auprc,linear_vs_fixed_CS
fold_c,20260806,0.05546955187371394,mendelian_traits,1hop,chromosome_weighted_auprc,linear_vs_fixed_CS
fold_d,42,0.0,mendelian_traits,1hop,chromosome_weighted_auprc,linear_vs_fixed_CS
fold_d,314159,0.0,mendelian_traits,1hop,chromosome_weighted_auprc,linear_vs_fixed_CS
fold_d,20260806,0.0,mendelian_traits,1hop,chromosome_weighted_auprc,linear_vs_fixed_CS
fold_e,42,-0.09186472648369018,mendelian_traits,1hop,chromosome_weighted_auprc,linear_vs_fixed_CS
fold_e,314159,-0.09186472648369018,mendelian_traits,1hop,chromosome_weighted_auprc,linear_vs_fixed_CS
fold_e,20260806,-0.09186472648369018,mendelian_traits,1hop,chromosome_weighted_auprc,linear_vs_fixed_CS
fold_a,42,0.053075673822767566,mendelian_traits,1hop,chromosome_weighted_auprc,histgb_vs_fixed_CS
fold_a,314159,0.053075673822767566,mendelian_traits,1hop,chromosome_weighted_auprc,histgb_vs_fixed_CS
fold_a,20260806,0.053075673822767566,mendelian_traits,1hop,chromosome_weighted_auprc,histgb_vs_fixed_CS
fold_b,42,0.2525859569915174,mendelian_traits,1hop,chromosome_weighted_auprc,histgb_vs_fixed_CS
fold_b,314159,0.2525859569915174,mendelian_traits,1hop,chromosome_weighted_auprc,histgb_vs_fixed_CS
fold_b,20260806,0.2525859569915174,mendelian_traits,1hop,chromosome_weighted_auprc,histgb_vs_fixed_CS
fold_c,42,0.09875868775676833,mendelian_traits,1hop,chromosome_weighted_auprc,histgb_vs_fixed_CS
fold_c,314159,0.09875868775676833,mendelian_traits,1hop,chromosome_weighted_auprc,histgb_vs_fixed_CS
fold_c,20260806,0.09875868775676833,mendelian_traits,1hop,chromosome_weighted_auprc,histgb_vs_fixed_CS
fold_d,42,0.059456861467174396,mendelian_traits,1hop,chromosome_weighted_auprc,histgb_vs_fixed_CS
fold_d,314159,0.059456861467174396,mendelian_traits,1hop,chromosome_weighted_auprc,histgb_vs_fixed_CS
fold_d,20260806,0.059456861467174396,mendelian_traits,1hop,chromosome_weighted_auprc,histgb_vs_fixed_CS
fold_e,42,-0.09580276465293147,mendelian_traits,1hop,chromosome_weighted_auprc,histgb_vs_fixed_CS
fold_e,314159,-0.09580276465293147,mendelian_traits,1hop,chromosome_weighted_auprc,histgb_vs_fixed_CS
fold_e,20260806,-0.09580276465293147,mendelian_traits,1hop,chromosome_weighted_auprc,histgb_vs_fixed_CS
fold_a,42,0.02975041948566387,mendelian_traits,1hop,chromosome_weighted_auprc,linear_vs_fixed_CSV
fold_a,314159,0.02975041948566387,mendelian_traits,1hop,chromosome_weighted_auprc,linear_vs_fixed_CSV
fold_a,20260806,0.02975041948566387,mendelian_traits,1hop,chromosome_weighted_auprc,linear_vs_fixed_CSV
fold_b,42,0.0008884452663013853,mendelian_traits,1hop,chromosome_weighted_auprc,linear_vs_fixed_CSV
fold_b,314159,0.0008884452663013853,mendelian_traits,1hop,chromosome_weighted_auprc,linear_vs_fixed_CSV
fold_b,20260806,0.0008884452663013853,mendelian_traits,1hop,chromosome_weighted_auprc,linear_vs_fixed_CSV
fold_c,42,0.03701710105751371,mendelian_traits,1hop,chromosome_weighted_auprc,linear_vs_fixed_CSV
fold_c,314159,0.03701710105751371,mendelian_traits,1hop,chromosome_weighted_auprc,linear_vs_fixed_CSV
fold_c,20260806,0.03701710105751371,mendelian_traits,1hop,chromosome_weighted_auprc,linear_vs_fixed_CSV
fold_d,42,0.0034313786822980225,mendelian_traits,1hop,chromosome_weighted_auprc,linear_vs_fixed_CSV
fold_d,314159,0.0034313786822980225,mendelian_traits,1hop,chromosome_weighted_auprc,linear_vs_fixed_CSV
fold_d,20260806,0.0034313786822980225,mendelian_traits,1hop,chromosome_weighted_auprc,linear_vs_fixed_CSV
fold_e,42,-0.11075828461898728,mendelian_traits,1hop,chromosome_weighted_auprc,linear_vs_fixed_CSV
fold_e,314159,-0.11075828461898728,mendelian_traits,1hop,chromosome_weighted_auprc,linear_vs_fixed_CSV
fold_e,20260806,-0.11075828461898728,mendelian_traits,1hop,chromosome_weighted_auprc,linear_vs_fixed_CSV
fold_a,42,0.04252346517557215,mendelian_traits,1hop,chromosome_weighted_auprc,histgb_vs_fixed_CSV
fold_a,314159,0.04252346517557215,mendelian_traits,1hop,chromosome_weighted_auprc,histgb_vs_fixed_CSV
fold_a,20260806,0.04252346517557215,mendelian_traits,1hop,chromosome_weighted_auprc,histgb_vs_fixed_CSV
fold_b,42,0.28695043362082034,mendelian_traits,1hop,chromosome_weighted_auprc,histgb_vs_fixed_CSV
fold_b,314159,0.28695043362082034,mendelian_traits,1hop,chromosome_weighted_auprc,histgb_vs_fixed_CSV
fold_b,20260806,0.28695043362082034,mendelian_traits,1hop,chromosome_weighted_auprc,histgb_vs_fixed_CSV
fold_c,42,0.06418180829554879,mendelian_traits,1hop,chromosome_weighted_auprc,histgb_vs_fixed_CSV
fold_c,314159,0.06418180829554879,mendelian_traits,1hop,chromosome_weighted_auprc,histgb_vs_fixed_CSV
fold_c,20260806,0.06418180829554879,mendelian_traits,1hop,chromosome_weighted_auprc,histgb_vs_fixed_CSV
fold_d,42,0.07394713826725131,mendelian_traits,1hop,chromosome_weighted_auprc,histgb_vs_fixed_CSV
fold_d,314159,0.07394713826725131,mendelian_traits,1hop,chromosome_weighted_auprc,histgb_vs_fixed_CSV
fold_d,20260806,0.07394713826725131,mendelian_traits,1hop,chromosome_weighted_auprc,histgb_vs_fixed_CSV
fold_e,42,-0.07330913450928689,mendelian_traits,1hop,chromosome_weighted_auprc,histgb_vs_fixed_CSV
fold_e,314159,-0.07330913450928689,mendelian_traits,1hop,chromosome_weighted_auprc,histgb_vs_fixed_CSV
fold_e,20260806,-0.07330913450928689,mendelian_traits,1hop,chromosome_weighted_auprc,histgb_vs_fixed_CSV
fold_a,42,0.02840130769040461,mendelian_traits,1hop,chromosome_weighted_auprc,linear_vs_fixed_CSVT
fold_a,314159,0.025298456067432598,mendelian_traits,1hop,chromosome_weighted_auprc,linear_vs_fixed_CSVT
fold_a,20260806,0.02185664976946386,mendelian_traits,1hop,chromosome_weighted_auprc,linear_vs_fixed_CSVT
fold_b,42,0.028087444576866086,mendelian_traits,1hop,chromosome_weighted_auprc,linear_vs_fixed_CSVT
fold_b,314159,0.027011059633063023,mendelian_traits,1hop,chromosome_weighted_auprc,linear_vs_fixed_CSVT
fold_b,20260806,0.0365156893167633,mendelian_traits,1hop,chromosome_weighted_auprc,linear_vs_fixed_CSVT
fold_c,42,0.010976843314810358,mendelian_traits,1hop,chromosome_weighted_auprc,linear_vs_fixed_CSVT
fold_c,314159,0.037098302354216156,mendelian_traits,1hop,chromosome_weighted_auprc,linear_vs_fixed_CSVT
fold_c,20260806,0.005772193675815163,mendelian_traits,1hop,chromosome_weighted_auprc,linear_vs_fixed_CSVT
fold_d,42,-0.008018050854964737,mendelian_traits,1hop,chromosome_weighted_auprc,linear_vs_fixed_CSVT
fold_d,314159,0.002116592308801471,mendelian_traits,1hop,chromosome_weighted_auprc,linear_vs_fixed_CSVT
fold_d,20260806,0.003603141791569023,mendelian_traits,1hop,chromosome_weighted_auprc,linear_vs_fixed_CSVT
fold_e,42,-0.11292849557474069,mendelian_traits,1hop,chromosome_weighted_auprc,linear_vs_fixed_CSVT
fold_e,314159,-0.112829472228224,mendelian_traits,1hop,chromosome_weighted_auprc,linear_vs_fixed_CSVT
fold_e,20260806,-0.1061482089653888,mendelian_traits,1hop,chromosome_weighted_auprc,linear_vs_fixed_CSVT
fold_a,42,0.028251703355865923,mendelian_traits,1hop,chromosome_weighted_auprc,histgb_vs_fixed_CSVT
fold_a,314159,0.004480977232379474,mendelian_traits,1hop,chromosome_weighted_auprc,histgb_vs_fixed_CSVT
fold_a,20260806,0.00880513037560586,mendelian_traits,1hop,chromosome_weighted_auprc,histgb_vs_fixed_CSVT
fold_b,42,0.21868404191627622,mendelian_traits,1hop,chromosome_weighted_auprc,histgb_vs_fixed_CSVT
fold_b,314159,0.29483062313784114,mendelian_traits,1hop,chromosome_weighted_auprc,histgb_vs_fixed_CSVT
fold_b,20260806,0.27269087191505514,mendelian_traits,1hop,chromosome_weighted_auprc,histgb_vs_fixed_CSVT
fold_c,42,0.10820760729438106,mendelian_traits,1hop,chromosome_weighted_auprc,histgb_vs_fixed_CSVT
fold_c,314159,-0.028143060722264038,mendelian_traits,1hop,chromosome_weighted_auprc,histgb_vs_fixed_CSVT
fold_c,20260806,-0.003621197570298079,mendelian_traits,1hop,chromosome_weighted_auprc,histgb_vs_fixed_CSVT
fold_d,42,0.052132830637801025,mendelian_traits,1hop,chromosome_weighted_auprc,histgb_vs_fixed_CSVT
fold_d,314159,0.2208974850950579,mendelian_traits,1hop,chromosome_weighted_auprc,histgb_vs_fixed_CSVT
fold_d,20260806,0.20352760955671587,mendelian_traits,1hop,chromosome_weighted_auprc,histgb_vs_fixed_CSVT
fold_e,42,-0.05858998486946457,mendelian_traits,1hop,chromosome_weighted_auprc,histgb_vs_fixed_CSVT
fold_e,314159,-0.09084379354949904,mendelian_traits,1hop,chromosome_weighted_auprc,histgb_vs_fixed_CSVT
fold_e,20260806,-0.11247270017378473,mendelian_traits,1hop,chromosome_weighted_auprc,histgb_vs_fixed_CSVT
fold_a,42,0.02686254774460828,mendelian_traits,1hop,chromosome_weighted_auprc,linear_vs_fixed_CSVH
fold_a,314159,0.02686254774460828,mendelian_traits,1hop,chromosome_weighted_auprc,linear_vs_fixed_CSVH
fold_a,20260806,0.02686254774460828,mendelian_traits,1hop,chromosome_weighted_auprc,linear_vs_fixed_CSVH
fold_b,42,0.005724230666672769,mendelian_traits,1hop,chromosome_weighted_auprc,linear_vs_fixed_CSVH
fold_b,314159,0.005724230666672769,mendelian_traits,1hop,chromosome_weighted_auprc,linear_vs_fixed_CSVH
fold_b,20260806,0.005724230666672769,mendelian_traits,1hop,chromosome_weighted_auprc,linear_vs_fixed_CSVH
fold_c,42,0.02821252176657499,mendelian_traits,1hop,chromosome_weighted_auprc,linear_vs_fixed_CSVH
fold_c,314159,0.02821252176657499,mendelian_traits,1hop,chromosome_weighted_auprc,linear_vs_fixed_CSVH
fold_c,20260806,0.02821252176657499,mendelian_traits,1hop,chromosome_weighted_auprc,linear_vs_fixed_CSVH
fold_d,42,0.0,mendelian_traits,1hop,chromosome_weighted_auprc,linear_vs_fixed_CSVH
fold_d,314159,0.0,mendelian_traits,1hop,chromosome_weighted_auprc,linear_vs_fixed_CSVH
fold_d,20260806,0.0,mendelian_traits,1hop,chromosome_weighted_auprc,linear_vs_fixed_CSVH
fold_e,42,-0.11279716485081666,mendelian_traits,1hop,chromosome_weighted_auprc,linear_vs_fixed_CSVH
fold_e,314159,-0.11279716485081666,mendelian_traits,1hop,chromosome_weighted_auprc,linear_vs_fixed_CSVH
fold_e,20260806,-0.11279716485081666,mendelian_traits,1hop,chromosome_weighted_auprc,linear_vs_fixed_CSVH
fold_a,42,0.03608888709064331,mendelian_traits,1hop,chromosome_weighted_auprc,histgb_vs_fixed_CSVH
fold_a,314159,0.03608888709064331,mendelian_traits,1hop,chromosome_weighted_auprc,histgb_vs_fixed_CSVH
fold_a,20260806,0.03608888709064331,mendelian_traits,1hop,chromosome_weighted_auprc,histgb_vs_fixed_CSVH
fold_b,42,0.30557740797191757,mendelian_traits,1hop,chromosome_weighted_auprc,histgb_vs_fixed_CSVH
fold_b,314159,0.30557740797191757,mendelian_traits,1hop,chromosome_weighted_auprc,histgb_vs_fixed_CSVH
fold_b,20260806,0.30557740797191757,mendelian_traits,1hop,chromosome_weighted_auprc,histgb_vs_fixed_CSVH
fold_c,42,0.07353525961131416,mendelian_traits,1hop,chromosome_weighted_auprc,histgb_vs_fixed_CSVH
fold_c,314159,0.07353525961131416,mendelian_traits,1hop,chromosome_weighted_auprc,histgb_vs_fixed_CSVH
fold_c,20260806,0.07353525961131416,mendelian_traits,1hop,chromosome_weighted_auprc,histgb_vs_fixed_CSVH
fold_d,42,0.06390022942275535,mendelian_traits,1hop,chromosome_weighted_auprc,histgb_vs_fixed_CSVH
fold_d,314159,0.06390022942275535,mendelian_traits,1hop,chromosome_weighted_auprc,histgb_vs_fixed_CSVH
fold_d,20260806,0.06390022942275535,mendelian_traits,1hop,chromosome_weighted_auprc,histgb_vs_fixed_CSVH
fold_e,42,-0.07851925891942796,mendelian_traits,1hop,chromosome_weighted_auprc,histgb_vs_fixed_CSVH
fold_e,314159,-0.07851925891942796,mendelian_traits,1hop,chromosome_weighted_auprc,histgb_vs_fixed_CSVH
fold_e,20260806,-0.07851925891942796,mendelian_traits,1hop,chromosome_weighted_auprc,histgb_vs_fixed_CSVH
fold_a,42,0.023865215792850378,mendelian_traits,1hop,chromosome_weighted_auprc,linear_vs_fixed_CSVHT
fold_a,314159,0.01823908786772782,mendelian_traits,1hop,chromosome_weighted_auprc,linear_vs_fixed_CSVHT
fold_a,20260806,0.019684993157427222,mendelian_traits,1hop,chromosome_weighted_auprc,linear_vs_fixed_CSVHT
fold_b,42,0.028447568436958198,mendelian_traits,1hop,chromosome_weighted_auprc,linear_vs_fixed_CSVHT
fold_b,314159,0.01777493760984293,mendelian_traits,1hop,chromosome_weighted_auprc,linear_vs_fixed_CSVHT
fold_b,20260806,-0.0016461554241216508,mendelian_traits,1hop,chromosome_weighted_auprc,linear_vs_fixed_CSVHT
fold_c,42,-0.04694037927180912,mendelian_traits,1hop,chromosome_weighted_auprc,linear_vs_fixed_CSVHT
fold_c,314159,0.01953689976423978,mendelian_traits,1hop,chromosome_weighted_auprc,linear_vs_fixed_CSVHT
fold_c,20260806,0.011217382851714003,mendelian_traits,1hop,chromosome_weighted_auprc,linear_vs_fixed_CSVHT
fold_d,42,-0.005590649513194365,mendelian_traits,1hop,chromosome_weighted_auprc,linear_vs_fixed_CSVHT
fold_d,314159,-0.0016720688460717253,mendelian_traits,1hop,chromosome_weighted_auprc,linear_vs_fixed_CSVHT
fold_d,20260806,-0.0014475282173836562,mendelian_traits,1hop,chromosome_weighted_auprc,linear_vs_fixed_CSVHT
fold_e,42,-0.11237578040825388,mendelian_traits,1hop,chromosome_weighted_auprc,linear_vs_fixed_CSVHT
fold_e,314159,-0.11175763254053793,mendelian_traits,1hop,chromosome_weighted_auprc,linear_vs_fixed_CSVHT
fold_e,20260806,-0.10745229010974751,mendelian_traits,1hop,chromosome_weighted_auprc,linear_vs_fixed_CSVHT
fold_a,42,0.01575636875574822,mendelian_traits,1hop,chromosome_weighted_auprc,histgb_vs_fixed_CSVHT
fold_a,314159,0.0066956021378608704,mendelian_traits,1hop,chromosome_weighted_auprc,histgb_vs_fixed_CSVHT
fold_a,20260806,0.02220259056492882,mendelian_traits,1hop,chromosome_weighted_auprc,histgb_vs_fixed_CSVHT
fold_b,42,0.2622585676323933,mendelian_traits,1hop,chromosome_weighted_auprc,histgb_vs_fixed_CSVHT
fold_b,314159,0.2728309425471437,mendelian_traits,1hop,chromosome_weighted_auprc,histgb_vs_fixed_CSVHT
fold_b,20260806,0.27545448194401845,mendelian_traits,1hop,chromosome_weighted_auprc,histgb_vs_fixed_CSVHT
fold_c,42,0.10065478392688915,mendelian_traits,1hop,chromosome_weighted_auprc,histgb_vs_fixed_CSVHT
fold_c,314159,-0.007473435026755987,mendelian_traits,1hop,chromosome_weighted_auprc,histgb_vs_fixed_CSVHT
fold_c,20260806,-0.0034522743630337194,mendelian_traits,1hop,chromosome_weighted_auprc,histgb_vs_fixed_CSVHT
fold_d,42,0.05636723063053034,mendelian_traits,1hop,chromosome_weighted_auprc,histgb_vs_fixed_CSVHT
fold_d,314159,0.15781359828857586,mendelian_traits,1hop,chromosome_weighted_auprc,histgb_vs_fixed_CSVHT
fold_d,20260806,0.07463129984578426,mendelian_traits,1hop,chromosome_weighted_auprc,histgb_vs_fixed_CSVHT
fold_e,42,-0.08851759273488272,mendelian_traits,1hop,chromosome_weighted_auprc,histgb_vs_fixed_CSVHT
fold_e,314159,-0.056721652720333915,mendelian_traits,1hop,chromosome_weighted_auprc,histgb_vs_fixed_CSVHT
fold_e,20260806,-0.12071375798963747,mendelian_traits,1hop,chromosome_weighted_auprc,histgb_vs_fixed_CSVHT
fold_a,42,-0.0029968920480073213,mendelian_traits,1hop,chromosome_weighted_auprc,T_given_CSV_linear
fold_a,314159,-0.004023124624776747,mendelian_traits,1hop,chromosome_weighted_auprc,T_given_CSV_linear
fold_a,20260806,-0.007848507718437009,mendelian_traits,1hop,chromosome_weighted_auprc,T_given_CSV_linear
fold_b,42,0.0020085482850468184,mendelian_traits,1hop,chromosome_weighted_auprc,T_given_CSV_linear
fold_b,314159,0.002605610775238104,mendelian_traits,1hop,chromosome_weighted_auprc,T_given_CSV_linear
fold_b,20260806,-0.005068640662944074,mendelian_traits,1hop,chromosome_weighted_auprc,T_given_CSV_linear
fold_c,42,-0.024572347290023278,mendelian_traits,1hop,chromosome_weighted_auprc,T_given_CSV_linear
fold_c,314159,-0.007184710620632528,mendelian_traits,1hop,chromosome_weighted_auprc,T_given_CSV_linear
fold_c,20260806,0.0028305166473183707,mendelian_traits,1hop,chromosome_weighted_auprc,T_given_CSV_linear
fold_d,42,0.006435035572860126,mendelian_traits,1hop,chromosome_weighted_auprc,T_given_CSV_linear
fold_d,314159,0.01070797848970223,mendelian_traits,1hop,chromosome_weighted_auprc,T_given_CSV_linear
fold_d,20260806,0.011175273510072456,mendelian_traits,1hop,chromosome_weighted_auprc,T_given_CSV_linear
fold_e,42,0.0011196314918313216,mendelian_traits,1hop,chromosome_weighted_auprc,T_given_CSV_linear
fold_e,314159,6.524235036328707e-05,mendelian_traits,1hop,chromosome_weighted_auprc,T_given_CSV_linear
fold_e,20260806,0.0011674107319587235,mendelian_traits,1hop,chromosome_weighted_auprc,T_given_CSV_linear
fold_a,42,-0.002247255239878232,mendelian_traits,1hop,chromosome_weighted_auprc,T_given_CSVH_linear
fold_a,314159,-0.006238838134864616,mendelian_traits,1hop,chromosome_weighted_auprc,T_given_CSVH_linear
fold_a,20260806,-0.008258443540271207,mendelian_traits,1hop,chromosome_weighted_auprc,T_given_CSVH_linear
fold_b,42,0.0059268891911015975,mendelian_traits,1hop,chromosome_weighted_auprc,T_given_CSVH_linear
fold_b,314159,0.002459151206603616,mendelian_traits,1hop,chromosome_weighted_auprc,T_given_CSVH_linear
fold_b,20260806,-0.03980785785293384,mendelian_traits,1hop,chromosome_weighted_auprc,T_given_CSVH_linear
fold_c,42,-0.08413267154552732,mendelian_traits,1hop,chromosome_weighted_auprc,T_given_CSVH_linear
fold_c,314159,-0.016348822225185217,mendelian_traits,1hop,chromosome_weighted_auprc,T_given_CSVH_linear
fold_c,20260806,-0.0028104761949686308,mendelian_traits,1hop,chromosome_weighted_auprc,T_given_CSVH_linear
fold_d,42,0.01057834256533799,mendelian_traits,1hop,chromosome_weighted_auprc,T_given_CSVH_linear
fold_d,314159,0.006748919966308803,mendelian_traits,1hop,chromosome_weighted_auprc,T_given_CSVH_linear
fold_d,20260806,0.010653152298746194,mendelian_traits,1hop,chromosome_weighted_auprc,T_given_CSVH_linear
fold_e,42,0.0026013110226201647,mendelian_traits,1hop,chromosome_weighted_auprc,T_given_CSVH_linear
fold_e,314159,0.0007957916611506799,mendelian_traits,1hop,chromosome_weighted_auprc,T_given_CSVH_linear
fold_e,20260806,0.0007279986932166582,mendelian_traits,1hop,chromosome_weighted_auprc,T_given_CSVH_linear
fold_a,42,-0.015919542072454287,mendelian_traits,1hop,chromosome_weighted_auprc,T_given_CSV_histgb
fold_a,314159,-0.03761364914973815,mendelian_traits,1hop,chromosome_weighted_auprc,T_given_CSV_histgb
fold_a,20260806,-0.03367307280220329,mendelian_traits,1hop,chromosome_weighted_auprc,T_given_CSV_histgb
fold_b,42,-0.093456842730062,mendelian_traits,1hop,chromosome_weighted_auprc,T_given_CSV_histgb
fold_b,314159,-0.015636814074502736,mendelian_traits,1hop,chromosome_weighted_auprc,T_given_CSV_histgb
fold_b,20260806,-0.05495544641917116,mendelian_traits,1hop,chromosome_weighted_auprc,T_given_CSV_histgb
fold_c,42,0.04549370945151235,mendelian_traits,1hop,chromosome_weighted_auprc,T_given_CSV_histgb
fold_c,314159,-0.0995907809351478,mendelian_traits,1hop,chromosome_weighted_auprc,T_given_CSV_histgb
fold_c,20260806,-0.033727581836829945,mendelian_traits,1hop,chromosome_weighted_auprc,T_given_CSV_histgb
fold_d,42,-0.003929842519327403,mendelian_traits,1hop,chromosome_weighted_auprc,T_given_CSV_histgb
fold_d,314159,0.1589731116910054,mendelian_traits,1hop,chromosome_weighted_auprc,T_given_CSV_histgb
fold_d,20260806,0.140583981690266,mendelian_traits,1hop,chromosome_weighted_auprc,T_given_CSV_histgb
fold_e,42,0.018008992087407055,mendelian_traits,1hop,chromosome_weighted_auprc,T_given_CSV_histgb
fold_e,314159,-0.015398229080612141,mendelian_traits,1hop,chromosome_weighted_auprc,T_given_CSV_histgb
fold_e,20260806,-0.04260623058613759,mendelian_traits,1hop,chromosome_weighted_auprc,T_given_CSV_histgb
fold_a,42,-0.019582441623015423,mendelian_traits,1hop,chromosome_weighted_auprc,T_given_CSVH_histgb
fold_a,314159,-0.0270086632107666,mendelian_traits,1hop,chromosome_weighted_auprc,T_given_CSVH_histgb
fold_a,20260806,-0.014967185478804643,mendelian_traits,1hop,chromosome_weighted_auprc,T_given_CSVH_histgb
fold_b,42,-0.060115288918708154,mendelian_traits,1hop,chromosome_weighted_auprc,T_given_CSVH_histgb
fold_b,314159,-0.042338021161340444,mendelian_traits,1hop,chromosome_weighted_auprc,T_given_CSVH_histgb
fold_b,20260806,-0.06256039779003858,mendelian_traits,1hop,chromosome_weighted_auprc,T_given_CSVH_histgb
fold_c,42,0.018139753808431774,mendelian_traits,1hop,chromosome_weighted_auprc,T_given_CSVH_histgb
fold_c,314159,-0.08868189486092015,mendelian_traits,1hop,chromosome_weighted_auprc,T_given_CSVH_histgb
fold_c,20260806,-0.06280287125445552,mendelian_traits,1hop,chromosome_weighted_auprc,T_given_CSVH_histgb
fold_d,42,0.008635993286307347,mendelian_traits,1hop,chromosome_weighted_auprc,T_given_CSVH_histgb
fold_d,314159,0.10233435767820104,mendelian_traits,1hop,chromosome_weighted_auprc,T_given_CSVH_histgb
fold_d,20260806,0.022831750939158763,mendelian_traits,1hop,chromosome_weighted_auprc,T_given_CSVH_histgb
fold_e,42,-0.007818407235397368,mendelian_traits,1hop,chromosome_weighted_auprc,T_given_CSVH_histgb
fold_e,314159,0.021553865549965995,mendelian_traits,1hop,chromosome_weighted_auprc,T_given_CSVH_histgb
fold_e,20260806,-0.04681137511806201,mendelian_traits,1hop,chromosome_weighted_auprc,T_given_CSVH_histgb
fold_a,42,-0.009264208340914765,mendelian_traits,1hop,chromosome_weighted_auprc,T_given_CS_linear
fold_a,314159,-0.01049088238228274,mendelian_traits,1hop,chromosome_weighted_auprc,T_given_CS_linear
fold_a,20260806,-0.01567735786486993,mendelian_traits,1hop,chromosome_weighted_auprc,T_given_CS_linear
fold_b,42,0.004385299371741702,mendelian_traits,1hop,chromosome_weighted_auprc,T_given_CS_linear
fold_b,314159,-0.0010908499487663204,mendelian_traits,1hop,chromosome_weighted_auprc,T_given_CS_linear
fold_b,20260806,-0.008520300728398739,mendelian_traits,1hop,chromosome_weighted_auprc,T_given_CS_linear
fold_c,42,-0.030862178045735378,mendelian_traits,1hop,chromosome_weighted_auprc,T_given_CS_linear
fold_c,314159,-0.011945437797775349,mendelian_traits,1hop,chromosome_weighted_auprc,T_given_CS_linear
fold_c,20260806,-0.0008914165565541976,mendelian_traits,1hop,chromosome_weighted_auprc,T_given_CS_linear
fold_d,42,0.014657286527001948,mendelian_traits,1hop,chromosome_weighted_auprc,T_given_CS_linear
fold_d,314159,0.018473200082001914,mendelian_traits,1hop,chromosome_weighted_auprc,T_given_CS_linear
fold_d,20260806,0.009234362836497187,mendelian_traits,1hop,chromosome_weighted_auprc,T_given_CS_linear
fold_e,42,0.001519896825812106,mendelian_traits,1hop,chromosome_weighted_auprc,T_given_CS_linear
fold_e,314159,-0.0008753435250724029,mendelian_traits,1hop,chromosome_weighted_auprc,T_given_CS_linear
fold_e,20260806,0.0002848185391472191,mendelian_traits,1hop,chromosome_weighted_auprc,T_given_CS_linear
fold_a,42,0.0,mendelian_traits,1hop,chromosome_weighted_auprc,T_given_V_CS_fusion
fold_a,314159,0.0,mendelian_traits,1hop,chromosome_weighted_auprc,T_given_V_CS_fusion
fold_a,20260806,0.0,mendelian_traits,1hop,chromosome_weighted_auprc,T_given_V_CS_fusion
fold_b,42,0.004385299371741702,mendelian_traits,1hop,chromosome_weighted_auprc,T_given_V_CS_fusion
fold_b,314159,-0.0010908499487663204,mendelian_traits,1hop,chromosome_weighted_auprc,T_given_V_CS_fusion
fold_b,20260806,-0.008520300728398739,mendelian_traits,1hop,chromosome_weighted_auprc,T_given_V_CS_fusion
fold_c,42,0.0,mendelian_traits,1hop,chromosome_weighted_auprc,T_given_V_CS_fusion
fold_c,314159,0.0,mendelian_traits,1hop,chromosome_weighted_auprc,T_given_V_CS_fusion
fold_c,20260806,0.0,mendelian_traits,1hop,chromosome_weighted_auprc,T_given_V_CS_fusion
fold_d,42,0.0,mendelian_traits,1hop,chromosome_weighted_auprc,T_given_V_CS_fusion
fold_d,314159,0.0,mendelian_traits,1hop,chromosome_weighted_auprc,T_given_V_CS_fusion
fold_d,20260806,0.0,mendelian_traits,1hop,chromosome_weighted_auprc,T_given_V_CS_fusion
fold_e,42,0.001519896825812106,mendelian_traits,1hop,chromosome_weighted_auprc,T_given_V_CS_fusion
fold_e,314159,-0.0008753435250724029,mendelian_traits,1hop,chromosome_weighted_auprc,T_given_V_CS_fusion
fold_e,20260806,0.0002848185391472191,mendelian_traits,1hop,chromosome_weighted_auprc,T_given_V_CS_fusion
fold_a,42,0.0007329011055750012,mendelian_traits,1hop,chromosome_weighted_auprc,T_given_CSH_linear
fold_a,314159,-0.0058137204345000415,mendelian_traits,1hop,chromosome_weighted_auprc,T_given_CSH_linear
fold_a,20260806,-0.00797931066690058,mendelian_traits,1hop,chromosome_weighted_auprc,T_given_CSH_linear
fold_b,42,0.007301274973107036,mendelian_traits,1hop,chromosome_weighted_auprc,T_given_CSH_linear
fold_b,314159,0.0016905366893930907,mendelian_traits,1hop,chromosome_weighted_auprc,T_given_CSH_linear
fold_b,20260806,-0.04834864191004523,mendelian_traits,1hop,chromosome_weighted_auprc,T_given_CSH_linear
fold_c,42,-0.027697887452747233,mendelian_traits,1hop,chromosome_weighted_auprc,T_given_CSH_linear
fold_c,314159,-0.019281304612538047,mendelian_traits,1hop,chromosome_weighted_auprc,T_given_CSH_linear
fold_c,20260806,-0.005265817478031926,mendelian_traits,1hop,chromosome_weighted_auprc,T_given_CSH_linear
fold_d,42,0.01261042628108075,mendelian_traits,1hop,chromosome_weighted_auprc,T_given_CSH_linear
fold_d,314159,0.004775654655528372,mendelian_traits,1hop,chromosome_weighted_auprc,T_given_CSH_linear
fold_d,20260806,0.0108963381082533,mendelian_traits,1hop,chromosome_weighted_auprc,T_given_CSH_linear
fold_e,42,0.0022378165843511544,mendelian_traits,1hop,chromosome_weighted_auprc,T_given_CSH_linear
fold_e,314159,-0.000618369540656305,mendelian_traits,1hop,chromosome_weighted_auprc,T_given_CSH_linear
fold_e,20260806,-0.0007857667576337546,mendelian_traits,1hop,chromosome_weighted_auprc,T_given_CSH_linear
fold_a,42,0.0,mendelian_traits,1hop,chromosome_weighted_auprc,T_given_V_CSH_fusion
fold_a,314159,0.0,mendelian_traits,1hop,chromosome_weighted_auprc,T_given_V_CSH_fusion
fold_a,20260806,0.0,mendelian_traits,1hop,chromosome_weighted_auprc,T_given_V_CSH_fusion
fold_b,42,0.007301274973107036,mendelian_traits,1hop,chromosome_weighted_auprc,T_given_V_CSH_fusion
fold_b,314159,0.0016905366893930907,mendelian_traits,1hop,chromosome_weighted_auprc,T_given_V_CSH_fusion
fold_b,20260806,-0.04834864191004523,mendelian_traits,1hop,chromosome_weighted_auprc,T_given_V_CSH_fusion
fold_c,42,0.0,mendelian_traits,1hop,chromosome_weighted_auprc,T_given_V_CSH_fusion
fold_c,314159,0.0,mendelian_traits,1hop,chromosome_weighted_auprc,T_given_V_CSH_fusion
fold_c,20260806,0.0,mendelian_traits,1hop,chromosome_weighted_auprc,T_given_V_CSH_fusion
fold_d,42,0.0,mendelian_traits,1hop,chromosome_weighted_auprc,T_given_V_CSH_fusion
fold_d,314159,0.0,mendelian_traits,1hop,chromosome_weighted_auprc,T_given_V_CSH_fusion
fold_d,20260806,0.0,mendelian_traits,1hop,chromosome_weighted_auprc,T_given_V_CSH_fusion
fold_e,42,0.005551284869373535,mendelian_traits,1hop,chromosome_weighted_auprc,T_given_V_CSH_fusion
fold_e,314159,0.007067036153708184,mendelian_traits,1hop,chromosome_weighted_auprc,T_given_V_CSH_fusion
fold_e,20260806,0.00530173000079559,mendelian_traits,1hop,chromosome_weighted_auprc,T_given_V_CSH_fusion
fold_a,42,-0.02364179116330331,mendelian_traits,1hop,chromosome_weighted_auprc,fusion_vs_concat_CSV
fold_a,314159,-0.02364179116330331,mendelian_traits,1hop,chromosome_weighted_auprc,fusion_vs_concat_CSV
fold_a,20260806,-0.02364179116330331,mendelian_traits,1hop,chromosome_weighted_auprc,fusion_vs_concat_CSV
fold_b,42,0.04127413269499203,mendelian_traits,1hop,chromosome_weighted_auprc,fusion_vs_concat_CSV
fold_b,314159,0.04127413269499203,mendelian_traits,1hop,chromosome_weighted_auprc,fusion_vs_concat_CSV
fold_b,20260806,0.04127413269499203,mendelian_traits,1hop,chromosome_weighted_auprc,fusion_vs_concat_CSV
fold_c,42,-0.04374647568067011,mendelian_traits,1hop,chromosome_weighted_auprc,fusion_vs_concat_CSV
fold_c,314159,-0.04374647568067011,mendelian_traits,1hop,chromosome_weighted_auprc,fusion_vs_concat_CSV
fold_c,20260806,-0.04374647568067011,mendelian_traits,1hop,chromosome_weighted_auprc,fusion_vs_concat_CSV
fold_d,42,0.15341685651009768,mendelian_traits,1hop,chromosome_weighted_auprc,fusion_vs_concat_CSV
fold_d,314159,0.15341685651009768,mendelian_traits,1hop,chromosome_weighted_auprc,fusion_vs_concat_CSV
fold_d,20260806,0.15341685651009768,mendelian_traits,1hop,chromosome_weighted_auprc,fusion_vs_concat_CSV
fold_e,42,0.029889484232742666,mendelian_traits,1hop,chromosome_weighted_auprc,fusion_vs_concat_CSV
fold_e,314159,0.029889484232742666,mendelian_traits,1hop,chromosome_weighted_auprc,fusion_vs_concat_CSV
fold_e,20260806,0.029889484232742666,mendelian_traits,1hop,chromosome_weighted_auprc,fusion_vs_concat_CSV
fold_a,42,0.0,mendelian_traits,1hop,chromosome_weighted_auprc,fusion_vs_V_CS
fold_a,314159,0.0,mendelian_traits,1hop,chromosome_weighted_auprc,fusion_vs_V_CS
fold_a,20260806,0.0,mendelian_traits,1hop,chromosome_weighted_auprc,fusion_vs_V_CS
fold_b,42,-0.010639444206180432,mendelian_traits,1hop,chromosome_weighted_auprc,fusion_vs_V_CS
fold_b,314159,-0.010639444206180432,mendelian_traits,1hop,chromosome_weighted_auprc,fusion_vs_V_CS
fold_b,20260806,-0.010639444206180432,mendelian_traits,1hop,chromosome_weighted_auprc,fusion_vs_V_CS
fold_c,42,0.0,mendelian_traits,1hop,chromosome_weighted_auprc,fusion_vs_V_CS
fold_c,314159,0.0,mendelian_traits,1hop,chromosome_weighted_auprc,fusion_vs_V_CS
fold_c,20260806,0.0,mendelian_traits,1hop,chromosome_weighted_auprc,fusion_vs_V_CS
fold_d,42,0.0,mendelian_traits,1hop,chromosome_weighted_auprc,fusion_vs_V_CS
fold_d,314159,0.0,mendelian_traits,1hop,chromosome_weighted_auprc,fusion_vs_V_CS
fold_d,20260806,0.0,mendelian_traits,1hop,chromosome_weighted_auprc,fusion_vs_V_CS
fold_e,42,-0.07877355199737038,mendelian_traits,1hop,chromosome_weighted_auprc,fusion_vs_V_CS
fold_e,314159,-0.07877355199737038,mendelian_traits,1hop,chromosome_weighted_auprc,fusion_vs_V_CS
fold_e,20260806,-0.07877355199737038,mendelian_traits,1hop,chromosome_weighted_auprc,fusion_vs_V_CS
fold_a,42,-0.02064489911529599,mendelian_traits,1hop,chromosome_weighted_auprc,fusion_vs_concat_CSVT
fold_a,314159,-0.019618666538526564,mendelian_traits,1hop,chromosome_weighted_auprc,fusion_vs_concat_CSVT
fold_a,20260806,-0.015793283444866302,mendelian_traits,1hop,chromosome_weighted_auprc,fusion_vs_concat_CSVT
fold_b,42,0.04365088378168691,mendelian_traits,1hop,chromosome_weighted_auprc,fusion_vs_concat_CSVT
fold_b,314159,0.0375776719709876,mendelian_traits,1hop,chromosome_weighted_auprc,fusion_vs_concat_CSVT
fold_b,20260806,0.03782247262953736,mendelian_traits,1hop,chromosome_weighted_auprc,fusion_vs_concat_CSVT
fold_c,42,-0.019174128390646833,mendelian_traits,1hop,chromosome_weighted_auprc,fusion_vs_concat_CSVT
fold_c,314159,-0.03656176506003758,mendelian_traits,1hop,chromosome_weighted_auprc,fusion_vs_concat_CSVT
fold_c,20260806,-0.04657699232798848,mendelian_traits,1hop,chromosome_weighted_auprc,fusion_vs_concat_CSVT
fold_d,42,0.14698182093723755,mendelian_traits,1hop,chromosome_weighted_auprc,fusion_vs_concat_CSVT
fold_d,314159,0.14270887802039545,mendelian_traits,1hop,chromosome_weighted_auprc,fusion_vs_concat_CSVT
fold_d,20260806,0.1422415830000252,mendelian_traits,1hop,chromosome_weighted_auprc,fusion_vs_concat_CSVT
fold_e,42,0.03028974956672345,mendelian_traits,1hop,chromosome_weighted_auprc,fusion_vs_concat_CSVT
fold_e,314159,0.028948898357306976,mendelian_traits,1hop,chromosome_weighted_auprc,fusion_vs_concat_CSVT
fold_e,20260806,0.029006892039931162,mendelian_traits,1hop,chromosome_weighted_auprc,fusion_vs_concat_CSVT
fold_a,42,0.0,mendelian_traits,1hop,chromosome_weighted_auprc,fusion_vs_V_CST
fold_a,314159,0.0,mendelian_traits,1hop,chromosome_weighted_auprc,fusion_vs_V_CST
fold_a,20260806,0.0,mendelian_traits,1hop,chromosome_weighted_auprc,fusion_vs_V_CST
fold_b,42,-0.00625414483443873,mendelian_traits,1hop,chromosome_weighted_auprc,fusion_vs_V_CST
fold_b,314159,-0.011730294154946752,mendelian_traits,1hop,chromosome_weighted_auprc,fusion_vs_V_CST
fold_b,20260806,-0.01915974493457917,mendelian_traits,1hop,chromosome_weighted_auprc,fusion_vs_V_CST
fold_c,42,0.0,mendelian_traits,1hop,chromosome_weighted_auprc,fusion_vs_V_CST
fold_c,314159,0.0,mendelian_traits,1hop,chromosome_weighted_auprc,fusion_vs_V_CST
fold_c,20260806,0.0,mendelian_traits,1hop,chromosome_weighted_auprc,fusion_vs_V_CST
fold_d,42,0.0,mendelian_traits,1hop,chromosome_weighted_auprc,fusion_vs_V_CST
fold_d,314159,0.0,mendelian_traits,1hop,chromosome_weighted_auprc,fusion_vs_V_CST
fold_d,20260806,0.0,mendelian_traits,1hop,chromosome_weighted_auprc,fusion_vs_V_CST
fold_e,42,-0.07725365517155827,mendelian_traits,1hop,chromosome_weighted_auprc,fusion_vs_V_CST
fold_e,314159,-0.07964889552244278,mendelian_traits,1hop,chromosome_weighted_auprc,fusion_vs_V_CST
fold_e,20260806,-0.07848873345822316,mendelian_traits,1hop,chromosome_weighted_auprc,fusion_vs_V_CST
fold_a,42,-0.019836101305836434,mendelian_traits,1hop,chromosome_weighted_auprc,fusion_vs_concat_CSVH
fold_a,314159,-0.019836101305836434,mendelian_traits,1hop,chromosome_weighted_auprc,fusion_vs_concat_CSVH
fold_a,20260806,-0.019836101305836434,mendelian_traits,1hop,chromosome_weighted_auprc,fusion_vs_concat_CSVH
fold_b,42,0.03838671980371475,mendelian_traits,1hop,chromosome_weighted_auprc,fusion_vs_concat_CSVH
fold_b,314159,0.03838671980371475,mendelian_traits,1hop,chromosome_weighted_auprc,fusion_vs_concat_CSVH
fold_b,20260806,0.03838671980371475,mendelian_traits,1hop,chromosome_weighted_auprc,fusion_vs_concat_CSVH
fold_c,42,-0.04182668638781148,mendelian_traits,1hop,chromosome_weighted_auprc,fusion_vs_concat_CSVH
fold_c,314159,-0.04182668638781148,mendelian_traits,1hop,chromosome_weighted_auprc,fusion_vs_concat_CSVH
fold_c,20260806,-0.04182668638781148,mendelian_traits,1hop,chromosome_weighted_auprc,fusion_vs_concat_CSVH
fold_d,42,0.15370229612101544,mendelian_traits,1hop,chromosome_weighted_auprc,fusion_vs_concat_CSVH
fold_d,314159,0.15370229612101544,mendelian_traits,1hop,chromosome_weighted_auprc,fusion_vs_concat_CSVH
fold_d,20260806,0.15370229612101544,mendelian_traits,1hop,chromosome_weighted_auprc,fusion_vs_concat_CSVH
fold_e,42,0.05474798291074699,mendelian_traits,1hop,chromosome_weighted_auprc,fusion_vs_concat_CSVH
fold_e,314159,0.05474798291074699,mendelian_traits,1hop,chromosome_weighted_auprc,fusion_vs_concat_CSVH
fold_e,20260806,0.05474798291074699,mendelian_traits,1hop,chromosome_weighted_auprc,fusion_vs_concat_CSVH
fold_a,42,0.0,mendelian_traits,1hop,chromosome_weighted_auprc,fusion_vs_V_CSH
fold_a,314159,0.0,mendelian_traits,1hop,chromosome_weighted_auprc,fusion_vs_V_CSH
fold_a,20260806,0.0,mendelian_traits,1hop,chromosome_weighted_auprc,fusion_vs_V_CSH
fold_b,42,-0.025579339794366968,mendelian_traits,1hop,chromosome_weighted_auprc,fusion_vs_V_CSH
fold_b,314159,-0.025579339794366968,mendelian_traits,1hop,chromosome_weighted_auprc,fusion_vs_V_CSH
fold_b,20260806,-0.025579339794366968,mendelian_traits,1hop,chromosome_weighted_auprc,fusion_vs_V_CSH
fold_c,42,0.0,mendelian_traits,1hop,chromosome_weighted_auprc,fusion_vs_V_CSH
fold_c,314159,0.0,mendelian_traits,1hop,chromosome_weighted_auprc,fusion_vs_V_CSH
fold_c,20260806,0.0,mendelian_traits,1hop,chromosome_weighted_auprc,fusion_vs_V_CSH
fold_d,42,0.0,mendelian_traits,1hop,chromosome_weighted_auprc,fusion_vs_V_CSH
fold_d,314159,0.0,mendelian_traits,1hop,chromosome_weighted_auprc,fusion_vs_V_CSH
fold_d,20260806,0.0,mendelian_traits,1hop,chromosome_weighted_auprc,fusion_vs_V_CSH
fold_e,42,-0.05367393793786185,mendelian_traits,1hop,chromosome_weighted_auprc,fusion_vs_V_CSH
fold_e,314159,-0.05367393793786185,mendelian_traits,1hop,chromosome_weighted_auprc,fusion_vs_V_CSH
fold_e,20260806,-0.05367393793786185,mendelian_traits,1hop,chromosome_weighted_auprc,fusion_vs_V_CSH
fold_a,42,-0.017588846065958202,mendelian_traits,1hop,chromosome_weighted_auprc,fusion_vs_concat_CSVHT
fold_a,314159,-0.013597263170971818,mendelian_traits,1hop,chromosome_weighted_auprc,fusion_vs_concat_CSVHT
fold_a,20260806,-0.011577657765565227,mendelian_traits,1hop,chromosome_weighted_auprc,fusion_vs_concat_CSVHT
fold_b,42,0.039761105585720186,mendelian_traits,1hop,chromosome_weighted_auprc,fusion_vs_concat_CSVHT
fold_b,314159,0.03761810528650422,mendelian_traits,1hop,chromosome_weighted_auprc,fusion_vs_concat_CSVHT
fold_b,20260806,0.029845935746603353,mendelian_traits,1hop,chromosome_weighted_auprc,fusion_vs_concat_CSVHT
fold_c,42,0.042305985157715845,mendelian_traits,1hop,chromosome_weighted_auprc,fusion_vs_concat_CSVHT
fold_c,314159,-0.025477864162626263,mendelian_traits,1hop,chromosome_weighted_auprc,fusion_vs_concat_CSVHT
fold_c,20260806,-0.03901621019284285,mendelian_traits,1hop,chromosome_weighted_auprc,fusion_vs_concat_CSVHT
fold_d,42,0.14312395355567742,mendelian_traits,1hop,chromosome_weighted_auprc,fusion_vs_concat_CSVHT
fold_d,314159,0.1469533761547066,mendelian_traits,1hop,chromosome_weighted_auprc,fusion_vs_concat_CSVHT
fold_d,20260806,0.14304914382226924,mendelian_traits,1hop,chromosome_weighted_auprc,fusion_vs_concat_CSVHT
fold_e,42,0.05769795675750036,mendelian_traits,1hop,chromosome_weighted_auprc,fusion_vs_concat_CSVHT
fold_e,314159,0.061019227403304496,mendelian_traits,1hop,chromosome_weighted_auprc,fusion_vs_concat_CSVHT
fold_e,20260806,0.059321714218325924,mendelian_traits,1hop,chromosome_weighted_auprc,fusion_vs_concat_CSVHT
fold_a,42,0.0,mendelian_traits,1hop,chromosome_weighted_auprc,fusion_vs_V_CSHT
fold_a,314159,0.0,mendelian_traits,1hop,chromosome_weighted_auprc,fusion_vs_V_CSHT
fold_a,20260806,0.0,mendelian_traits,1hop,chromosome_weighted_auprc,fusion_vs_V_CSHT
fold_b,42,-0.01827806482125993,mendelian_traits,1hop,chromosome_weighted_auprc,fusion_vs_V_CSHT
fold_b,314159,-0.023888803104973877,mendelian_traits,1hop,chromosome_weighted_auprc,fusion_vs_V_CSHT
fold_b,20260806,-0.0739279817044122,mendelian_traits,1hop,chromosome_weighted_auprc,fusion_vs_V_CSHT
fold_c,42,0.0,mendelian_traits,1hop,chromosome_weighted_auprc,fusion_vs_V_CSHT
fold_c,314159,0.0,mendelian_traits,1hop,chromosome_weighted_auprc,fusion_vs_V_CSHT
fold_c,20260806,0.0,mendelian_traits,1hop,chromosome_weighted_auprc,fusion_vs_V_CSHT
fold_d,42,0.0,mendelian_traits,1hop,chromosome_weighted_auprc,fusion_vs_V_CSHT
fold_d,314159,0.0,mendelian_traits,1hop,chromosome_weighted_auprc,fusion_vs_V_CSHT
fold_d,20260806,0.0,mendelian_traits,1hop,chromosome_weighted_auprc,fusion_vs_V_CSHT
fold_e,42,-0.048122653068488314,mendelian_traits,1hop,chromosome_weighted_auprc,fusion_vs_V_CSHT
fold_e,314159,-0.046606901784153665,mendelian_traits,1hop,chromosome_weighted_auprc,fusion_vs_V_CSHT
fold_e,20260806,-0.04837220793706626,mendelian_traits,1hop,chromosome_weighted_auprc,fusion_vs_V_CSHT
fold_a,42,-0.006145833333333406,mendelian_traits,1hop,auroc,linear_vs_fixed_V
fold_a,314159,-0.006145833333333406,mendelian_traits,1hop,auroc,linear_vs_fixed_V
fold_a,20260806,-0.006145833333333406,mendelian_traits,1hop,auroc,linear_vs_fixed_V
fold_b,42,-0.00016528925619840873,mendelian_traits,1hop,auroc,linear_vs_fixed_V
fold_b,314159,-0.00016528925619840873,mendelian_traits,1hop,auroc,linear_vs_fixed_V
fold_b,20260806,-0.00016528925619840873,mendelian_traits,1hop,auroc,linear_vs_fixed_V
fold_c,42,0.00024315199805469145,mendelian_traits,1hop,auroc,linear_vs_fixed_V
fold_c,314159,0.00024315199805469145,mendelian_traits,1hop,auroc,linear_vs_fixed_V
fold_c,20260806,0.00024315199805469145,mendelian_traits,1hop,auroc,linear_vs_fixed_V
fold_d,42,0.0,mendelian_traits,1hop,auroc,linear_vs_fixed_V
fold_d,314159,0.0,mendelian_traits,1hop,auroc,linear_vs_fixed_V
fold_d,20260806,0.0,mendelian_traits,1hop,auroc,linear_vs_fixed_V
fold_e,42,0.00032873109796183186,mendelian_traits,1hop,auroc,linear_vs_fixed_V
fold_e,314159,0.00032873109796183186,mendelian_traits,1hop,auroc,linear_vs_fixed_V
fold_e,20260806,0.00032873109796183186,mendelian_traits,1hop,auroc,linear_vs_fixed_V
fold_a,42,-0.023984375000000058,mendelian_traits,1hop,auroc,histgb_vs_fixed_V
fold_a,314159,-0.023984375000000058,mendelian_traits,1hop,auroc,histgb_vs_fixed_V
fold_a,20260806,-0.023984375000000058,mendelian_traits,1hop,auroc,histgb_vs_fixed_V
fold_b,42,-0.016602387511478467,mendelian_traits,1hop,auroc,histgb_vs_fixed_V
fold_b,314159,-0.016602387511478467,mendelian_traits,1hop,auroc,histgb_vs_fixed_V
fold_b,20260806,-0.016602387511478467,mendelian_traits,1hop,auroc,histgb_vs_fixed_V
fold_c,42,-0.06848937145208511,mendelian_traits,1hop,auroc,histgb_vs_fixed_V
fold_c,314159,-0.06848937145208511,mendelian_traits,1hop,auroc,histgb_vs_fixed_V
fold_c,20260806,-0.06848937145208511,mendelian_traits,1hop,auroc,histgb_vs_fixed_V
fold_d,42,-0.16139225297962323,mendelian_traits,1hop,auroc,histgb_vs_fixed_V
fold_d,314159,-0.16139225297962323,mendelian_traits,1hop,auroc,histgb_vs_fixed_V
fold_d,20260806,-0.16139225297962323,mendelian_traits,1hop,auroc,histgb_vs_fixed_V
fold_e,42,-0.0315581854043393,mendelian_traits,1hop,auroc,histgb_vs_fixed_V
fold_e,314159,-0.0315581854043393,mendelian_traits,1hop,auroc,histgb_vs_fixed_V
fold_e,20260806,-0.0315581854043393,mendelian_traits,1hop,auroc,histgb_vs_fixed_V
fold_a,42,0.15289062500000006,mendelian_traits,1hop,auroc,linear_vs_fixed_CS
fold_a,314159,0.15289062500000006,mendelian_traits,1hop,auroc,linear_vs_fixed_CS
fold_a,20260806,0.15289062500000006,mendelian_traits,1hop,auroc,linear_vs_fixed_CS
fold_b,42,-0.01733700642791547,mendelian_traits,1hop,auroc,linear_vs_fixed_CS
fold_b,314159,-0.01733700642791547,mendelian_traits,1hop,auroc,linear_vs_fixed_CS
fold_b,20260806,-0.01733700642791547,mendelian_traits,1hop,auroc,linear_vs_fixed_CS
fold_c,42,0.05799175153606595,mendelian_traits,1hop,auroc,linear_vs_fixed_CS
fold_c,314159,0.05799175153606595,mendelian_traits,1hop,auroc,linear_vs_fixed_CS
fold_c,20260806,0.05799175153606595,mendelian_traits,1hop,auroc,linear_vs_fixed_CS
fold_d,42,0.0,mendelian_traits,1hop,auroc,linear_vs_fixed_CS
fold_d,314159,0.0,mendelian_traits,1hop,auroc,linear_vs_fixed_CS
fold_d,20260806,0.0,mendelian_traits,1hop,auroc,linear_vs_fixed_CS
fold_e,42,0.11982248520710059,mendelian_traits,1hop,auroc,linear_vs_fixed_CS
fold_e,314159,0.11982248520710059,mendelian_traits,1hop,auroc,linear_vs_fixed_CS
fold_e,20260806,0.11982248520710059,mendelian_traits,1hop,auroc,linear_vs_fixed_CS
fold_a,42,0.10769965277777782,mendelian_traits,1hop,auroc,histgb_vs_fixed_CS
fold_a,314159,0.10769965277777782,mendelian_traits,1hop,auroc,histgb_vs_fixed_CS
fold_a,20260806,0.10769965277777782,mendelian_traits,1hop,auroc,histgb_vs_fixed_CS
fold_b,42,0.19294765840220407,mendelian_traits,1hop,auroc,histgb_vs_fixed_CS
fold_b,314159,0.19294765840220407,mendelian_traits,1hop,auroc,histgb_vs_fixed_CS
fold_b,20260806,0.19294765840220407,mendelian_traits,1hop,auroc,histgb_vs_fixed_CS
fold_c,42,0.05604653555162775,mendelian_traits,1hop,auroc,histgb_vs_fixed_CS
fold_c,314159,0.05604653555162775,mendelian_traits,1hop,auroc,histgb_vs_fixed_CS
fold_c,20260806,0.05604653555162775,mendelian_traits,1hop,auroc,histgb_vs_fixed_CS
fold_d,42,0.22445693963860053,mendelian_traits,1hop,auroc,histgb_vs_fixed_CS
fold_d,314159,0.22445693963860053,mendelian_traits,1hop,auroc,histgb_vs_fixed_CS
fold_d,20260806,0.22445693963860053,mendelian_traits,1hop,auroc,histgb_vs_fixed_CS
fold_e,42,-0.04487179487179488,mendelian_traits,1hop,auroc,histgb_vs_fixed_CS
fold_e,314159,-0.04487179487179488,mendelian_traits,1hop,auroc,histgb_vs_fixed_CS
fold_e,20260806,-0.04487179487179488,mendelian_traits,1hop,auroc,histgb_vs_fixed_CS
fold_a,42,0.15276041666666673,mendelian_traits,1hop,auroc,linear_vs_fixed_CSV
fold_a,314159,0.15276041666666673,mendelian_traits,1hop,auroc,linear_vs_fixed_CSV
fold_a,20260806,0.15276041666666673,mendelian_traits,1hop,auroc,linear_vs_fixed_CSV
fold_b,42,-0.02427915518824586,mendelian_traits,1hop,auroc,linear_vs_fixed_CSV
fold_b,314159,-0.02427915518824586,mendelian_traits,1hop,auroc,linear_vs_fixed_CSV
fold_b,20260806,-0.02427915518824586,mendelian_traits,1hop,auroc,linear_vs_fixed_CSV
fold_c,42,0.0551113355591093,mendelian_traits,1hop,auroc,linear_vs_fixed_CSV
fold_c,314159,0.0551113355591093,mendelian_traits,1hop,auroc,linear_vs_fixed_CSV
fold_c,20260806,0.0551113355591093,mendelian_traits,1hop,auroc,linear_vs_fixed_CSV
fold_d,42,0.02792195309496348,mendelian_traits,1hop,auroc,linear_vs_fixed_CSV
fold_d,314159,0.02792195309496348,mendelian_traits,1hop,auroc,linear_vs_fixed_CSV
fold_d,20260806,0.02792195309496348,mendelian_traits,1hop,auroc,linear_vs_fixed_CSV
fold_e,42,0.11735700197238663,mendelian_traits,1hop,auroc,linear_vs_fixed_CSV
fold_e,314159,0.11735700197238663,mendelian_traits,1hop,auroc,linear_vs_fixed_CSV
fold_e,20260806,0.11735700197238663,mendelian_traits,1hop,auroc,linear_vs_fixed_CSV
fold_a,42,0.0906076388888889,mendelian_traits,1hop,auroc,histgb_vs_fixed_CSV
fold_a,314159,0.0906076388888889,mendelian_traits,1hop,auroc,histgb_vs_fixed_CSV
fold_a,20260806,0.0906076388888889,mendelian_traits,1hop,auroc,histgb_vs_fixed_CSV
fold_b,42,0.17948576675849426,mendelian_traits,1hop,auroc,histgb_vs_fixed_CSV
fold_b,314159,0.17948576675849426,mendelian_traits,1hop,auroc,histgb_vs_fixed_CSV
fold_b,20260806,0.17948576675849426,mendelian_traits,1hop,auroc,histgb_vs_fixed_CSV
fold_c,42,0.029229675766162644,mendelian_traits,1hop,auroc,histgb_vs_fixed_CSV
fold_c,314159,0.029229675766162644,mendelian_traits,1hop,auroc,histgb_vs_fixed_CSV
fold_c,20260806,0.029229675766162644,mendelian_traits,1hop,auroc,histgb_vs_fixed_CSV
fold_d,42,0.19652297193387158,mendelian_traits,1hop,auroc,histgb_vs_fixed_CSV
fold_d,314159,0.19652297193387158,mendelian_traits,1hop,auroc,histgb_vs_fixed_CSV
fold_d,20260806,0.19652297193387158,mendelian_traits,1hop,auroc,histgb_vs_fixed_CSV
fold_e,42,-0.04191321499013806,mendelian_traits,1hop,auroc,histgb_vs_fixed_CSV
fold_e,314159,-0.04191321499013806,mendelian_traits,1hop,auroc,histgb_vs_fixed_CSV
fold_e,20260806,-0.04191321499013806,mendelian_traits,1hop,auroc,histgb_vs_fixed_CSV
fold_a,42,0.1413368055555556,mendelian_traits,1hop,auroc,linear_vs_fixed_CSVT
fold_a,314159,0.13415798611111118,mendelian_traits,1hop,auroc,linear_vs_fixed_CSVT
fold_a,20260806,0.13519965277777773,mendelian_traits,1hop,auroc,linear_vs_fixed_CSVT
fold_b,42,0.07059687786960511,mendelian_traits,1hop,auroc,linear_vs_fixed_CSVT
fold_b,314159,-0.02126721763085393,mendelian_traits,1hop,auroc,linear_vs_fixed_CSVT
fold_b,20260806,0.05873278236914603,mendelian_traits,1hop,auroc,linear_vs_fixed_CSVT
fold_c,42,0.061774635505802866,mendelian_traits,1hop,auroc,linear_vs_fixed_CSVT
fold_c,314159,0.008435503932515909,mendelian_traits,1hop,auroc,linear_vs_fixed_CSVT
fold_c,20260806,0.05243666358050669,mendelian_traits,1hop,auroc,linear_vs_fixed_CSVT
fold_d,42,-0.019631872356785873,mendelian_traits,1hop,auroc,linear_vs_fixed_CSVT
fold_d,314159,-0.0031478277585544334,mendelian_traits,1hop,auroc,linear_vs_fixed_CSVT
fold_d,20260806,0.03527489427143404,mendelian_traits,1hop,auroc,linear_vs_fixed_CSVT
fold_e,42,0.09171597633136097,mendelian_traits,1hop,auroc,linear_vs_fixed_CSVT
fold_e,314159,0.09253780407626566,mendelian_traits,1hop,auroc,linear_vs_fixed_CSVT
fold_e,20260806,0.17348783694937547,mendelian_traits,1hop,auroc,linear_vs_fixed_CSVT
fold_a,42,0.11644097222222227,mendelian_traits,1hop,auroc,histgb_vs_fixed_CSVT
fold_a,314159,0.049479166666666685,mendelian_traits,1hop,auroc,histgb_vs_fixed_CSVT
fold_a,20260806,0.10038194444444443,mendelian_traits,1hop,auroc,histgb_vs_fixed_CSVT
fold_b,42,0.17513314967860416,mendelian_traits,1hop,auroc,histgb_vs_fixed_CSVT
fold_b,314159,0.18719926538108367,mendelian_traits,1hop,auroc,histgb_vs_fixed_CSVT
fold_b,20260806,0.2206611570247934,mendelian_traits,1hop,auroc,histgb_vs_fixed_CSVT
fold_c,42,0.02867790777057666,mendelian_traits,1hop,auroc,histgb_vs_fixed_CSVT
fold_c,314159,-0.1143375510852997,mendelian_traits,1hop,auroc,histgb_vs_fixed_CSVT
fold_c,20260806,0.05284347557725222,mendelian_traits,1hop,auroc,histgb_vs_fixed_CSVT
fold_d,42,0.07157103037293344,mendelian_traits,1hop,auroc,histgb_vs_fixed_CSVT
fold_d,314159,0.13822808535178777,mendelian_traits,1hop,auroc,histgb_vs_fixed_CSVT
fold_d,20260806,0.2765282583621683,mendelian_traits,1hop,auroc,histgb_vs_fixed_CSVT
fold_e,42,-0.015532544378698221,mendelian_traits,1hop,auroc,histgb_vs_fixed_CSVT
fold_e,314159,0.0031229454306377358,mendelian_traits,1hop,auroc,histgb_vs_fixed_CSVT
fold_e,20260806,-0.020956607495069002,mendelian_traits,1hop,auroc,histgb_vs_fixed_CSVT
fold_a,42,0.13953125,mendelian_traits,1hop,auroc,linear_vs_fixed_CSVH
fold_a,314159,0.13953125,mendelian_traits,1hop,auroc,linear_vs_fixed_CSVH
fold_a,20260806,0.13953125,mendelian_traits,1hop,auroc,linear_vs_fixed_CSVH
fold_b,42,-0.028062442607897142,mendelian_traits,1hop,auroc,linear_vs_fixed_CSVH
fold_b,314159,-0.028062442607897142,mendelian_traits,1hop,auroc,linear_vs_fixed_CSVH
fold_b,20260806,-0.028062442607897142,mendelian_traits,1hop,auroc,linear_vs_fixed_CSVH
fold_c,42,0.04647008762823923,mendelian_traits,1hop,auroc,linear_vs_fixed_CSVH
fold_c,314159,0.04647008762823923,mendelian_traits,1hop,auroc,linear_vs_fixed_CSVH
fold_c,20260806,0.04647008762823923,mendelian_traits,1hop,auroc,linear_vs_fixed_CSVH
fold_d,42,0.0,mendelian_traits,1hop,auroc,linear_vs_fixed_CSVH
fold_d,314159,0.0,mendelian_traits,1hop,auroc,linear_vs_fixed_CSVH
fold_d,20260806,0.0,mendelian_traits,1hop,auroc,linear_vs_fixed_CSVH
fold_e,42,0.10338593030900728,mendelian_traits,1hop,auroc,linear_vs_fixed_CSVH
fold_e,314159,0.10338593030900728,mendelian_traits,1hop,auroc,linear_vs_fixed_CSVH
fold_e,20260806,0.10338593030900728,mendelian_traits,1hop,auroc,linear_vs_fixed_CSVH
fold_a,42,0.07447916666666671,mendelian_traits,1hop,auroc,histgb_vs_fixed_CSVH
fold_a,314159,0.07447916666666671,mendelian_traits,1hop,auroc,histgb_vs_fixed_CSVH
fold_a,20260806,0.07447916666666671,mendelian_traits,1hop,auroc,histgb_vs_fixed_CSVH
fold_b,42,0.19043158861340692,mendelian_traits,1hop,auroc,histgb_vs_fixed_CSVH
fold_b,314159,0.19043158861340692,mendelian_traits,1hop,auroc,histgb_vs_fixed_CSVH
fold_b,20260806,0.19043158861340692,mendelian_traits,1hop,auroc,histgb_vs_fixed_CSVH
fold_c,42,0.020064715839482217,mendelian_traits,1hop,auroc,histgb_vs_fixed_CSVH
fold_c,314159,0.020064715839482217,mendelian_traits,1hop,auroc,histgb_vs_fixed_CSVH
fold_c,20260806,0.020064715839482217,mendelian_traits,1hop,auroc,histgb_vs_fixed_CSVH
fold_d,42,0.15739138792772006,mendelian_traits,1hop,auroc,histgb_vs_fixed_CSVH
fold_d,314159,0.15739138792772006,mendelian_traits,1hop,auroc,histgb_vs_fixed_CSVH
fold_d,20260806,0.15739138792772006,mendelian_traits,1hop,auroc,histgb_vs_fixed_CSVH
fold_e,42,-0.05522682445759364,mendelian_traits,1hop,auroc,histgb_vs_fixed_CSVH
fold_e,314159,-0.05522682445759364,mendelian_traits,1hop,auroc,histgb_vs_fixed_CSVH
fold_e,20260806,-0.05522682445759364,mendelian_traits,1hop,auroc,histgb_vs_fixed_CSVH
fold_a,42,0.12605902777777772,mendelian_traits,1hop,auroc,linear_vs_fixed_CSVHT
fold_a,314159,0.12197048611111105,mendelian_traits,1hop,auroc,linear_vs_fixed_CSVHT
fold_a,20260806,0.1282378472222221,mendelian_traits,1hop,auroc,linear_vs_fixed_CSVHT
fold_b,42,0.08503213957759409,mendelian_traits,1hop,auroc,linear_vs_fixed_CSVHT
fold_b,314159,-0.025638200183654702,mendelian_traits,1hop,auroc,linear_vs_fixed_CSVHT
fold_b,20260806,0.004334251606978812,mendelian_traits,1hop,auroc,linear_vs_fixed_CSVHT
fold_c,42,-0.023221015814231916,mendelian_traits,1hop,auroc,linear_vs_fixed_CSVHT
fold_c,314159,0.007715399938276746,mendelian_traits,1hop,auroc,linear_vs_fixed_CSVHT
fold_c,20260806,0.059936967520504314,mendelian_traits,1hop,auroc,linear_vs_fixed_CSVHT
fold_d,42,-0.018574586697424122,mendelian_traits,1hop,auroc,linear_vs_fixed_CSVHT
fold_d,314159,-0.02684063821607069,mendelian_traits,1hop,auroc,linear_vs_fixed_CSVHT
fold_d,20260806,0.007196751249519517,mendelian_traits,1hop,auroc,linear_vs_fixed_CSVHT
fold_e,42,0.10256410256410259,mendelian_traits,1hop,auroc,linear_vs_fixed_CSVHT
fold_e,314159,0.1166173570019724,mendelian_traits,1hop,auroc,linear_vs_fixed_CSVHT
fold_e,20260806,0.1687212360289283,mendelian_traits,1hop,auroc,linear_vs_fixed_CSVHT
fold_a,42,0.09014756944444441,mendelian_traits,1hop,auroc,histgb_vs_fixed_CSVHT
fold_a,314159,0.05826388888888878,mendelian_traits,1hop,auroc,histgb_vs_fixed_CSVHT
fold_a,20260806,0.11518229166666649,mendelian_traits,1hop,auroc,histgb_vs_fixed_CSVHT
fold_b,42,0.23594123048668508,mendelian_traits,1hop,auroc,histgb_vs_fixed_CSVHT
fold_b,314159,0.201542699724518,mendelian_traits,1hop,auroc,histgb_vs_fixed_CSVHT
fold_b,20260806,0.2429017447199266,mendelian_traits,1hop,auroc,histgb_vs_fixed_CSVHT
fold_c,42,0.03553292371573663,mendelian_traits,1hop,auroc,histgb_vs_fixed_CSVHT
fold_c,314159,-0.0756670313946638,mendelian_traits,1hop,auroc,histgb_vs_fixed_CSVHT
fold_c,20260806,0.08406980332744157,mendelian_traits,1hop,auroc,histgb_vs_fixed_CSVHT
fold_d,42,0.11574875048058453,mendelian_traits,1hop,auroc,histgb_vs_fixed_CSVHT
fold_d,314159,0.1485246059207997,mendelian_traits,1hop,auroc,histgb_vs_fixed_CSVHT
fold_d,20260806,0.14492022299115737,mendelian_traits,1hop,auroc,histgb_vs_fixed_CSVHT
fold_e,42,-0.0078073635765943394,mendelian_traits,1hop,auroc,histgb_vs_fixed_CSVHT
fold_e,314159,0.14028599605522674,mendelian_traits,1hop,auroc,histgb_vs_fixed_CSVHT
fold_e,20260806,-0.01586127547666011,mendelian_traits,1hop,auroc,histgb_vs_fixed_CSVHT
fold_a,42,-0.023940972222222245,mendelian_traits,1hop,auroc,T_given_CSV_linear
fold_a,314159,-0.02822916666666664,mendelian_traits,1hop,auroc,T_given_CSV_linear
fold_a,20260806,-0.030156249999999996,mendelian_traits,1hop,auroc,T_given_CSV_linear
fold_b,42,0.0512396694214875,mendelian_traits,1hop,auroc,T_given_CSV_linear
fold_b,314159,-0.025858585858585914,mendelian_traits,1hop,auroc,T_given_CSV_linear
fold_b,20260806,-0.029017447199265467,mendelian_traits,1hop,auroc,T_given_CSV_linear
fold_c,42,-0.009599827923201354,mendelian_traits,1hop,auroc,T_given_CSV_linear
fold_c,314159,-0.05221221558230227,mendelian_traits,1hop,auroc,T_given_CSV_linear
fold_c,20260806,-0.0029365279765077856,mendelian_traits,1hop,auroc,T_given_CSV_linear
fold_d,42,0.051254325259515565,mendelian_traits,1hop,auroc,T_given_CSV_linear
fold_d,314159,0.06286043829296423,mendelian_traits,1hop,auroc,T_given_CSV_linear
fold_d,20260806,0.05694925028835063,mendelian_traits,1hop,auroc,T_given_CSV_linear
fold_e,42,0.00969756738987504,mendelian_traits,1hop,auroc,T_given_CSV_linear
fold_e,314159,0.002136752136752129,mendelian_traits,1hop,auroc,T_given_CSV_linear
fold_e,20260806,0.010355029585798814,mendelian_traits,1hop,auroc,T_given_CSV_linear
fold_a,42,-0.02515624999999999,mendelian_traits,1hop,auroc,T_given_CSVH_linear
fold_a,314159,-0.024513888888888835,mendelian_traits,1hop,auroc,T_given_CSVH_linear
fold_a,20260806,-0.025086805555555536,mendelian_traits,1hop,auroc,T_given_CSVH_linear
fold_b,42,0.052561983471074436,mendelian_traits,1hop,auroc,T_given_CSVH_linear
fold_b,314159,-0.025454545454545396,mendelian_traits,1hop,auroc,T_given_CSVH_linear
fold_b,20260806,-0.08782369146005509,mendelian_traits,1hop,auroc,T_given_CSVH_linear
fold_c,42,-0.08902168728782645,mendelian_traits,1hop,auroc,T_given_CSVH_linear
fold_c,314159,-0.05040727959674174,mendelian_traits,1hop,auroc,T_given_CSVH_linear
fold_c,20260806,-0.0036753359705972155,mendelian_traits,1hop,auroc,T_given_CSVH_linear
fold_d,42,0.07540369088811993,mendelian_traits,1hop,auroc,T_given_CSVH_linear
fold_d,314159,0.0612504805843907,mendelian_traits,1hop,auroc,T_given_CSVH_linear
fold_d,20260806,0.078010861207228,mendelian_traits,1hop,auroc,T_given_CSVH_linear
fold_e,42,0.012491781722550943,mendelian_traits,1hop,auroc,T_given_CSVH_linear
fold_e,314159,0.0003287310979619429,mendelian_traits,1hop,auroc,T_given_CSVH_linear
fold_e,20260806,0.005917159763313529,mendelian_traits,1hop,auroc,T_given_CSVH_linear
fold_a,42,0.01331597222222225,mendelian_traits,1hop,auroc,T_given_CSV_histgb
fold_a,314159,-0.0507552083333333,mendelian_traits,1hop,auroc,T_given_CSV_histgb
fold_a,20260806,-0.002821180555555469,mendelian_traits,1hop,auroc,T_given_CSV_histgb
fold_b,42,-0.04798898071625357,mendelian_traits,1hop,auroc,T_given_CSV_histgb
fold_b,314159,-0.021157024793388435,mendelian_traits,1hop,auroc,T_given_CSV_histgb
fold_b,20260806,-0.07085399449035823,mendelian_traits,1hop,auroc,T_given_CSV_histgb
fold_c,42,-0.016814895865480906,mendelian_traits,1hop,auroc,T_given_CSV_histgb
fold_c,314159,-0.14910361080717122,mendelian_traits,1hop,auroc,T_given_CSV_histgb
fold_c,20260806,0.023351943813184395,mendelian_traits,1hop,auroc,T_given_CSV_histgb
fold_d,42,-0.02614379084967322,mendelian_traits,1hop,auroc,T_given_CSV_histgb
fold_d,314159,0.035635332564398325,mendelian_traits,1hop,auroc,T_given_CSV_histgb
fold_d,20260806,0.1296015955401768,mendelian_traits,1hop,auroc,T_given_CSV_histgb
fold_e,42,0.06171926364234054,mendelian_traits,1hop,auroc,T_given_CSV_histgb
fold_e,314159,0.0719921104536489,mendelian_traits,1hop,auroc,T_given_CSV_histgb
fold_e,20260806,-0.02481919789612097,mendelian_traits,1hop,auroc,T_given_CSV_histgb
fold_a,42,0.0039843749999999845,mendelian_traits,1hop,auroc,T_given_CSVH_histgb
fold_a,314159,-0.02316840277777782,mendelian_traits,1hop,auroc,T_given_CSVH_histgb
fold_a,20260806,0.026909722222222154,mendelian_traits,1hop,auroc,T_given_CSVH_histgb
fold_b,42,-0.015022956841138635,mendelian_traits,1hop,auroc,T_given_CSVH_histgb
fold_b,314159,-0.016767676767676765,mendelian_traits,1hop,auroc,T_given_CSVH_histgb
fold_b,20260806,-0.06775022956841137,mendelian_traits,1hop,auroc,T_given_CSVH_histgb
fold_c,42,-0.003862375969100884,mendelian_traits,1hop,auroc,T_given_CSVH_histgb
fold_c,314159,-0.10738433914092527,mendelian_traits,1hop,auroc,T_given_CSVH_histgb
fold_c,20260806,0.04686287162509706,mendelian_traits,1hop,auroc,T_given_CSVH_histgb
fold_d,42,0.052335640138408523,mendelian_traits,1hop,auroc,T_given_CSVH_histgb
fold_d,314159,0.07922433679354102,mendelian_traits,1hop,auroc,T_given_CSVH_histgb
fold_d,20260806,0.05834294502114579,mendelian_traits,1hop,auroc,T_given_CSVH_histgb
fold_e,42,0.06073307034845493,mendelian_traits,1hop,auroc,T_given_CSVH_histgb
fold_e,314159,0.1826101249178172,mendelian_traits,1hop,auroc,T_given_CSVH_histgb
fold_e,20260806,-0.020052596975673964,mendelian_traits,1hop,auroc,T_given_CSVH_histgb
fold_a,42,-0.02503472222222225,mendelian_traits,1hop,auroc,T_given_CS_linear
fold_a,314159,-0.029913194444444513,mendelian_traits,1hop,auroc,T_given_CS_linear
fold_a,20260806,-0.03197916666666667,mendelian_traits,1hop,auroc,T_given_CS_linear
fold_b,42,0.050064279155188296,mendelian_traits,1hop,auroc,T_given_CS_linear
fold_b,314159,-0.024499540863177183,mendelian_traits,1hop,auroc,T_given_CS_linear
fold_b,20260806,-0.034857667584940244,mendelian_traits,1hop,auroc,T_given_CS_linear
fold_c,42,-0.01048359191613124,mendelian_traits,1hop,auroc,T_given_CS_linear
fold_c,314159,-0.05164174358686591,mendelian_traits,1hop,auroc,T_given_CS_linear
fold_c,20260806,-0.002085495983315866,mendelian_traits,1hop,auroc,T_given_CS_linear
fold_d,42,0.08328527489427134,mendelian_traits,1hop,auroc,T_given_CS_linear
fold_d,314159,0.0989162821991541,mendelian_traits,1hop,auroc,T_given_CS_linear
fold_d,20260806,0.047601883890811214,mendelian_traits,1hop,auroc,T_given_CS_linear
fold_e,42,0.00969756738987515,mendelian_traits,1hop,auroc,T_given_CS_linear
fold_e,314159,0.0036160420775805946,mendelian_traits,1hop,auroc,T_given_CS_linear
fold_e,20260806,0.008053911900065769,mendelian_traits,1hop,auroc,T_given_CS_linear
fold_a,42,0.0,mendelian_traits,1hop,auroc,T_given_V_CS_fusion
fold_a,314159,0.0,mendelian_traits,1hop,auroc,T_given_V_CS_fusion
fold_a,20260806,0.0,mendelian_traits,1hop,auroc,T_given_V_CS_fusion
fold_b,42,0.050064279155188296,mendelian_traits,1hop,auroc,T_given_V_CS_fusion
fold_b,314159,-0.024499540863177183,mendelian_traits,1hop,auroc,T_given_V_CS_fusion
fold_b,20260806,-0.034857667584940244,mendelian_traits,1hop,auroc,T_given_V_CS_fusion
fold_c,42,0.0,mendelian_traits,1hop,auroc,T_given_V_CS_fusion
fold_c,314159,0.0,mendelian_traits,1hop,auroc,T_given_V_CS_fusion
fold_c,20260806,0.0,mendelian_traits,1hop,auroc,T_given_V_CS_fusion
fold_d,42,0.0,mendelian_traits,1hop,auroc,T_given_V_CS_fusion
fold_d,314159,0.0,mendelian_traits,1hop,auroc,T_given_V_CS_fusion
fold_d,20260806,0.0,mendelian_traits,1hop,auroc,T_given_V_CS_fusion
fold_e,42,0.00969756738987515,mendelian_traits,1hop,auroc,T_given_V_CS_fusion
fold_e,314159,0.0036160420775805946,mendelian_traits,1hop,auroc,T_given_V_CS_fusion
fold_e,20260806,0.008053911900065769,mendelian_traits,1hop,auroc,T_given_V_CS_fusion
fold_a,42,-0.024704861111111143,mendelian_traits,1hop,auroc,T_given_CSH_linear
fold_a,314159,-0.021163194444444366,mendelian_traits,1hop,auroc,T_given_CSH_linear
fold_a,20260806,-0.022083333333333344,mendelian_traits,1hop,auroc,T_given_CSH_linear
fold_b,42,0.051056014692378304,mendelian_traits,1hop,auroc,T_given_CSH_linear
fold_b,314159,-0.02398530762167128,mendelian_traits,1hop,auroc,T_given_CSH_linear
fold_b,20260806,-0.08727272727272728,mendelian_traits,1hop,auroc,T_given_CSH_linear
fold_c,42,-0.007949199936406304,mendelian_traits,1hop,auroc,T_given_CSH_linear
fold_c,314159,-0.049902271600781756,mendelian_traits,1hop,auroc,T_given_CSH_linear
fold_c,20260806,-0.0029552319763581636,mendelian_traits,1hop,auroc,T_given_CSH_linear
fold_d,42,0.04825067281814688,mendelian_traits,1hop,auroc,T_given_CSH_linear
fold_d,314159,0.038855247981545604,mendelian_traits,1hop,auroc,T_given_CSH_linear
fold_d,20260806,0.05922001153402545,mendelian_traits,1hop,auroc,T_given_CSH_linear
fold_e,42,0.013642340565417577,mendelian_traits,1hop,auroc,T_given_CSH_linear
fold_e,314159,0.00213675213675224,mendelian_traits,1hop,auroc,T_given_CSH_linear
fold_e,20260806,0.005424063116370892,mendelian_traits,1hop,auroc,T_given_CSH_linear
fold_a,42,0.0,mendelian_traits,1hop,auroc,T_given_V_CSH_fusion
fold_a,314159,0.0,mendelian_traits,1hop,auroc,T_given_V_CSH_fusion
fold_a,20260806,0.0,mendelian_traits,1hop,auroc,T_given_V_CSH_fusion
fold_b,42,0.051056014692378304,mendelian_traits,1hop,auroc,T_given_V_CSH_fusion
fold_b,314159,-0.02398530762167128,mendelian_traits,1hop,auroc,T_given_V_CSH_fusion
fold_b,20260806,-0.08727272727272728,mendelian_traits,1hop,auroc,T_given_V_CSH_fusion
fold_c,42,0.0,mendelian_traits,1hop,auroc,T_given_V_CSH_fusion
fold_c,314159,0.0,mendelian_traits,1hop,auroc,T_given_V_CSH_fusion
fold_c,20260806,0.0,mendelian_traits,1hop,auroc,T_given_V_CSH_fusion
fold_d,42,0.0,mendelian_traits,1hop,auroc,T_given_V_CSH_fusion
fold_d,314159,0.0,mendelian_traits,1hop,auroc,T_given_V_CSH_fusion
fold_d,20260806,0.0,mendelian_traits,1hop,auroc,T_given_V_CSH_fusion
fold_e,42,0.0014792899408283544,mendelian_traits,1hop,auroc,T_given_V_CSH_fusion
fold_e,314159,0.002465483234714072,mendelian_traits,1hop,auroc,T_given_V_CSH_fusion
fold_e,20260806,-0.0004930966469428588,mendelian_traits,1hop,auroc,T_given_V_CSH_fusion
fold_a,42,-0.035833333333333384,mendelian_traits,1hop,auroc,fusion_vs_concat_CSV
fold_a,314159,-0.035833333333333384,mendelian_traits,1hop,auroc,fusion_vs_concat_CSV
fold_a,20260806,-0.035833333333333384,mendelian_traits,1hop,auroc,fusion_vs_concat_CSV
fold_b,42,-0.0017998163452710436,mendelian_traits,1hop,auroc,fusion_vs_concat_CSV
fold_b,314159,-0.0017998163452710436,mendelian_traits,1hop,auroc,fusion_vs_concat_CSV
fold_b,20260806,-0.0017998163452710436,mendelian_traits,1hop,auroc,fusion_vs_concat_CSV
fold_c,42,0.002155635982754922,mendelian_traits,1hop,auroc,fusion_vs_concat_CSV
fold_c,314159,0.002155635982754922,mendelian_traits,1hop,auroc,fusion_vs_concat_CSV
fold_c,20260806,0.002155635982754922,mendelian_traits,1hop,auroc,fusion_vs_concat_CSV
fold_d,42,0.2524029219530949,mendelian_traits,1hop,auroc,fusion_vs_concat_CSV
fold_d,314159,0.2524029219530949,mendelian_traits,1hop,auroc,fusion_vs_concat_CSV
fold_d,20260806,0.2524029219530949,mendelian_traits,1hop,auroc,fusion_vs_concat_CSV
fold_e,42,-0.00254766600920453,mendelian_traits,1hop,auroc,fusion_vs_concat_CSV
fold_e,314159,-0.00254766600920453,mendelian_traits,1hop,auroc,fusion_vs_concat_CSV
fold_e,20260806,-0.00254766600920453,mendelian_traits,1hop,auroc,fusion_vs_concat_CSV
fold_a,42,0.0,mendelian_traits,1hop,auroc,fusion_vs_V_CS
fold_a,314159,0.0,mendelian_traits,1hop,auroc,fusion_vs_V_CS
fold_a,20260806,0.0,mendelian_traits,1hop,auroc,fusion_vs_V_CS
fold_b,42,-0.03652892561983467,mendelian_traits,1hop,auroc,fusion_vs_V_CS
fold_b,314159,-0.03652892561983467,mendelian_traits,1hop,auroc,fusion_vs_V_CS
fold_b,20260806,-0.03652892561983467,mendelian_traits,1hop,auroc,fusion_vs_V_CS
fold_c,42,0.0,mendelian_traits,1hop,auroc,fusion_vs_V_CS
fold_c,314159,0.0,mendelian_traits,1hop,auroc,fusion_vs_V_CS
fold_c,20260806,0.0,mendelian_traits,1hop,auroc,fusion_vs_V_CS
fold_d,42,0.0,mendelian_traits,1hop,auroc,fusion_vs_V_CS
fold_d,314159,0.0,mendelian_traits,1hop,auroc,fusion_vs_V_CS
fold_d,20260806,0.0,mendelian_traits,1hop,auroc,fusion_vs_V_CS
fold_e,42,-0.11908284023668636,mendelian_traits,1hop,auroc,fusion_vs_V_CS
fold_e,314159,-0.11908284023668636,mendelian_traits,1hop,auroc,fusion_vs_V_CS
fold_e,20260806,-0.11908284023668636,mendelian_traits,1hop,auroc,fusion_vs_V_CS
fold_a,42,-0.011892361111111138,mendelian_traits,1hop,auroc,fusion_vs_concat_CSVT
fold_a,314159,-0.007604166666666745,mendelian_traits,1hop,auroc,fusion_vs_concat_CSVT
fold_a,20260806,-0.005677083333333388,mendelian_traits,1hop,auroc,fusion_vs_concat_CSVT
fold_b,42,-0.002975206611570247,mendelian_traits,1hop,auroc,fusion_vs_concat_CSVT
fold_b,314159,-0.00044077134986231226,mendelian_traits,1hop,auroc,fusion_vs_concat_CSVT
fold_b,20260806,-0.007640036730945821,mendelian_traits,1hop,auroc,fusion_vs_concat_CSVT
fold_c,42,0.011755463905956276,mendelian_traits,1hop,auroc,fusion_vs_concat_CSVT
fold_c,314159,0.05436785156505719,mendelian_traits,1hop,auroc,fusion_vs_concat_CSVT
fold_c,20260806,0.005092163959262708,mendelian_traits,1hop,auroc,fusion_vs_concat_CSVT
fold_d,42,0.20114859669357932,mendelian_traits,1hop,auroc,fusion_vs_concat_CSVT
fold_d,314159,0.18954248366013066,mendelian_traits,1hop,auroc,fusion_vs_concat_CSVT
fold_d,20260806,0.19545367166474426,mendelian_traits,1hop,auroc,fusion_vs_concat_CSVT
fold_e,42,-0.002547666009204419,mendelian_traits,1hop,auroc,fusion_vs_concat_CSVT
fold_e,314159,-0.0010683760683760646,mendelian_traits,1hop,auroc,fusion_vs_concat_CSVT
fold_e,20260806,-0.004848783694937575,mendelian_traits,1hop,auroc,fusion_vs_concat_CSVT
fold_a,42,0.0,mendelian_traits,1hop,auroc,fusion_vs_V_CST
fold_a,314159,0.0,mendelian_traits,1hop,auroc,fusion_vs_V_CST
fold_a,20260806,0.0,mendelian_traits,1hop,auroc,fusion_vs_V_CST
fold_b,42,0.013535353535353623,mendelian_traits,1hop,auroc,fusion_vs_V_CST
fold_b,314159,-0.061028466483011856,mendelian_traits,1hop,auroc,fusion_vs_V_CST
fold_b,20260806,-0.07138659320477492,mendelian_traits,1hop,auroc,fusion_vs_V_CST
fold_c,42,0.0,mendelian_traits,1hop,auroc,fusion_vs_V_CST
fold_c,314159,0.0,mendelian_traits,1hop,auroc,fusion_vs_V_CST
fold_c,20260806,0.0,mendelian_traits,1hop,auroc,fusion_vs_V_CST
fold_d,42,0.0,mendelian_traits,1hop,auroc,fusion_vs_V_CST
fold_d,314159,0.0,mendelian_traits,1hop,auroc,fusion_vs_V_CST
fold_d,20260806,0.0,mendelian_traits,1hop,auroc,fusion_vs_V_CST
fold_e,42,-0.10938527284681121,mendelian_traits,1hop,auroc,fusion_vs_V_CST
fold_e,314159,-0.11546679815910577,mendelian_traits,1hop,auroc,fusion_vs_V_CST
fold_e,20260806,-0.11102892833662059,mendelian_traits,1hop,auroc,fusion_vs_V_CST
fold_a,42,-0.018871527777777786,mendelian_traits,1hop,auroc,fusion_vs_concat_CSVH
fold_a,314159,-0.018871527777777786,mendelian_traits,1hop,auroc,fusion_vs_concat_CSVH
fold_a,20260806,-0.018871527777777786,mendelian_traits,1hop,auroc,fusion_vs_concat_CSVH
fold_b,42,-0.003709825528007249,mendelian_traits,1hop,auroc,fusion_vs_concat_CSVH
fold_b,314159,-0.003709825528007249,mendelian_traits,1hop,auroc,fusion_vs_concat_CSVH
fold_b,20260806,-0.003709825528007249,mendelian_traits,1hop,auroc,fusion_vs_concat_CSVH
fold_c,42,0.002950555976395597,mendelian_traits,1hop,auroc,fusion_vs_concat_CSVH
fold_c,314159,0.002950555976395597,mendelian_traits,1hop,auroc,fusion_vs_concat_CSVH
fold_c,20260806,0.002950555976395597,mendelian_traits,1hop,auroc,fusion_vs_concat_CSVH
fold_d,42,0.27304402153018065,mendelian_traits,1hop,auroc,fusion_vs_concat_CSVH
fold_d,314159,0.27304402153018065,mendelian_traits,1hop,auroc,fusion_vs_concat_CSVH
fold_d,20260806,0.27304402153018065,mendelian_traits,1hop,auroc,fusion_vs_concat_CSVH
fold_e,42,0.09927679158448388,mendelian_traits,1hop,auroc,fusion_vs_concat_CSVH
fold_e,314159,0.09927679158448388,mendelian_traits,1hop,auroc,fusion_vs_concat_CSVH
fold_e,20260806,0.09927679158448388,mendelian_traits,1hop,auroc,fusion_vs_concat_CSVH
fold_a,42,0.0,mendelian_traits,1hop,auroc,fusion_vs_V_CSH
fold_a,314159,0.0,mendelian_traits,1hop,auroc,fusion_vs_V_CSH
fold_a,20260806,0.0,mendelian_traits,1hop,auroc,fusion_vs_V_CSH
fold_b,42,-0.05651056014692368,mendelian_traits,1hop,auroc,fusion_vs_V_CSH
fold_b,314159,-0.05651056014692368,mendelian_traits,1hop,auroc,fusion_vs_V_CSH
fold_b,20260806,-0.05651056014692368,mendelian_traits,1hop,auroc,fusion_vs_V_CSH
fold_c,42,0.0,mendelian_traits,1hop,auroc,fusion_vs_V_CSH
fold_c,314159,0.0,mendelian_traits,1hop,auroc,fusion_vs_V_CSH
fold_c,20260806,0.0,mendelian_traits,1hop,auroc,fusion_vs_V_CSH
fold_d,42,0.0,mendelian_traits,1hop,auroc,fusion_vs_V_CSH
fold_d,314159,0.0,mendelian_traits,1hop,auroc,fusion_vs_V_CSH
fold_d,20260806,0.0,mendelian_traits,1hop,auroc,fusion_vs_V_CSH
fold_e,42,-0.013806706114398382,mendelian_traits,1hop,auroc,fusion_vs_V_CSH
fold_e,314159,-0.013806706114398382,mendelian_traits,1hop,auroc,fusion_vs_V_CSH
fold_e,20260806,-0.013806706114398382,mendelian_traits,1hop,auroc,fusion_vs_V_CSH
fold_a,42,0.0062847222222222054,mendelian_traits,1hop,auroc,fusion_vs_concat_CSVHT
fold_a,314159,0.005642361111111049,mendelian_traits,1hop,auroc,fusion_vs_concat_CSVHT
fold_a,20260806,0.00621527777777775,mendelian_traits,1hop,auroc,fusion_vs_concat_CSVHT
fold_b,42,-0.005215794306703381,mendelian_traits,1hop,auroc,fusion_vs_concat_CSVHT
fold_b,314159,-0.002240587695133134,mendelian_traits,1hop,auroc,fusion_vs_concat_CSVHT
fold_b,20260806,-0.003158861340679442,mendelian_traits,1hop,auroc,fusion_vs_concat_CSVHT
fold_c,42,0.09197224326422204,mendelian_traits,1hop,auroc,fusion_vs_concat_CSVHT
fold_c,314159,0.053357835573137335,mendelian_traits,1hop,auroc,fusion_vs_concat_CSVHT
fold_c,20260806,0.006625891946992812,mendelian_traits,1hop,auroc,fusion_vs_concat_CSVHT
fold_d,42,0.1976403306420607,mendelian_traits,1hop,auroc,fusion_vs_concat_CSVHT
fold_d,314159,0.21179354094578995,mendelian_traits,1hop,auroc,fusion_vs_concat_CSVHT
fold_d,20260806,0.19503316032295265,mendelian_traits,1hop,auroc,fusion_vs_concat_CSVHT
fold_e,42,0.08826429980276129,mendelian_traits,1hop,auroc,fusion_vs_concat_CSVHT
fold_e,314159,0.10141354372123601,mendelian_traits,1hop,auroc,fusion_vs_concat_CSVHT
fold_e,20260806,0.0928665351742275,mendelian_traits,1hop,auroc,fusion_vs_concat_CSVHT
fold_a,42,0.0,mendelian_traits,1hop,auroc,fusion_vs_V_CSHT
fold_a,314159,0.0,mendelian_traits,1hop,auroc,fusion_vs_V_CSHT
fold_a,20260806,0.0,mendelian_traits,1hop,auroc,fusion_vs_V_CSHT
fold_b,42,-0.005454545454545379,mendelian_traits,1hop,auroc,fusion_vs_V_CSHT
fold_b,314159,-0.08049586776859496,mendelian_traits,1hop,auroc,fusion_vs_V_CSHT
fold_b,20260806,-0.14378328741965096,mendelian_traits,1hop,auroc,fusion_vs_V_CSHT
fold_c,42,0.0,mendelian_traits,1hop,auroc,fusion_vs_V_CSHT
fold_c,314159,0.0,mendelian_traits,1hop,auroc,fusion_vs_V_CSHT
fold_c,20260806,0.0,mendelian_traits,1hop,auroc,fusion_vs_V_CSHT
fold_d,42,0.0,mendelian_traits,1hop,auroc,fusion_vs_V_CSHT
fold_d,314159,0.0,mendelian_traits,1hop,auroc,fusion_vs_V_CSHT
fold_d,20260806,0.0,mendelian_traits,1hop,auroc,fusion_vs_V_CSHT
fold_e,42,-0.012327416173570027,mendelian_traits,1hop,auroc,fusion_vs_V_CSHT
fold_e,314159,-0.01134122287968431,mendelian_traits,1hop,auroc,fusion_vs_V_CSHT
fold_e,20260806,-0.01429980276134124,mendelian_traits,1hop,auroc,fusion_vs_V_CSHT
fold_a,42,-0.0009460295381342864,mendelian_traits,1hop,normalized_ap,linear_vs_fixed_V
fold_a,314159,-0.0009460295381342864,mendelian_traits,1hop,normalized_ap,linear_vs_fixed_V
fold_a,20260806,-0.0009460295381342864,mendelian_traits,1hop,normalized_ap,linear_vs_fixed_V
fold_b,42,-0.003039919457399773,mendelian_traits,1hop,normalized_ap,linear_vs_fixed_V
fold_b,314159,-0.003039919457399773,mendelian_traits,1hop,normalized_ap,linear_vs_fixed_V
fold_b,20260806,-0.003039919457399773,mendelian_traits,1hop,normalized_ap,linear_vs_fixed_V
fold_c,42,6.707904652508007e-05,mendelian_traits,1hop,normalized_ap,linear_vs_fixed_V
fold_c,314159,6.707904652508007e-05,mendelian_traits,1hop,normalized_ap,linear_vs_fixed_V
fold_c,20260806,6.707904652508007e-05,mendelian_traits,1hop,normalized_ap,linear_vs_fixed_V
fold_d,42,0.0,mendelian_traits,1hop,normalized_ap,linear_vs_fixed_V
fold_d,314159,0.0,mendelian_traits,1hop,normalized_ap,linear_vs_fixed_V
fold_d,20260806,0.0,mendelian_traits,1hop,normalized_ap,linear_vs_fixed_V
fold_e,42,0.0001191219011191097,mendelian_traits,1hop,normalized_ap,linear_vs_fixed_V
fold_e,314159,0.0001191219011191097,mendelian_traits,1hop,normalized_ap,linear_vs_fixed_V
fold_e,20260806,0.0001191219011191097,mendelian_traits,1hop,normalized_ap,linear_vs_fixed_V
fold_a,42,-0.002039205503244583,mendelian_traits,1hop,normalized_ap,histgb_vs_fixed_V
fold_a,314159,-0.002039205503244583,mendelian_traits,1hop,normalized_ap,histgb_vs_fixed_V
fold_a,20260806,-0.002039205503244583,mendelian_traits,1hop,normalized_ap,histgb_vs_fixed_V
fold_b,42,-0.041456401563980734,mendelian_traits,1hop,normalized_ap,histgb_vs_fixed_V
fold_b,314159,-0.041456401563980734,mendelian_traits,1hop,normalized_ap,histgb_vs_fixed_V
fold_b,20260806,-0.041456401563980734,mendelian_traits,1hop,normalized_ap,histgb_vs_fixed_V
fold_c,42,-0.024512125459261395,mendelian_traits,1hop,normalized_ap,histgb_vs_fixed_V
fold_c,314159,-0.024512125459261395,mendelian_traits,1hop,normalized_ap,histgb_vs_fixed_V
fold_c,20260806,-0.024512125459261395,mendelian_traits,1hop,normalized_ap,histgb_vs_fixed_V
fold_d,42,-0.10852440186822966,mendelian_traits,1hop,normalized_ap,histgb_vs_fixed_V
fold_d,314159,-0.10852440186822966,mendelian_traits,1hop,normalized_ap,histgb_vs_fixed_V
fold_d,20260806,-0.10852440186822966,mendelian_traits,1hop,normalized_ap,histgb_vs_fixed_V
fold_e,42,-0.029875169734867313,mendelian_traits,1hop,normalized_ap,histgb_vs_fixed_V
fold_e,314159,-0.029875169734867313,mendelian_traits,1hop,normalized_ap,histgb_vs_fixed_V
fold_e,20260806,-0.029875169734867313,mendelian_traits,1hop,normalized_ap,histgb_vs_fixed_V
fold_a,42,0.033680206989794265,mendelian_traits,1hop,normalized_ap,linear_vs_fixed_CS
fold_a,314159,0.033680206989794265,mendelian_traits,1hop,normalized_ap,linear_vs_fixed_CS
fold_a,20260806,0.033680206989794265,mendelian_traits,1hop,normalized_ap,linear_vs_fixed_CS
fold_b,42,-0.0349427263599376,mendelian_traits,1hop,normalized_ap,linear_vs_fixed_CS
fold_b,314159,-0.0349427263599376,mendelian_traits,1hop,normalized_ap,linear_vs_fixed_CS
fold_b,20260806,-0.0349427263599376,mendelian_traits,1hop,normalized_ap,linear_vs_fixed_CS
fold_c,42,0.1040365748383448,mendelian_traits,1hop,normalized_ap,linear_vs_fixed_CS
fold_c,314159,0.1040365748383448,mendelian_traits,1hop,normalized_ap,linear_vs_fixed_CS
fold_c,20260806,0.1040365748383448,mendelian_traits,1hop,normalized_ap,linear_vs_fixed_CS
fold_d,42,0.0,mendelian_traits,1hop,normalized_ap,linear_vs_fixed_CS
fold_d,314159,0.0,mendelian_traits,1hop,normalized_ap,linear_vs_fixed_CS
fold_d,20260806,0.0,mendelian_traits,1hop,normalized_ap,linear_vs_fixed_CS
fold_e,42,-0.04409537491863956,mendelian_traits,1hop,normalized_ap,linear_vs_fixed_CS
fold_e,314159,-0.04409537491863956,mendelian_traits,1hop,normalized_ap,linear_vs_fixed_CS
fold_e,20260806,-0.04409537491863956,mendelian_traits,1hop,normalized_ap,linear_vs_fixed_CS
fold_a,42,0.05961326630685505,mendelian_traits,1hop,normalized_ap,histgb_vs_fixed_CS
fold_a,314159,0.05961326630685505,mendelian_traits,1hop,normalized_ap,histgb_vs_fixed_CS
fold_a,20260806,0.05961326630685505,mendelian_traits,1hop,normalized_ap,histgb_vs_fixed_CS
fold_b,42,0.23834136930275168,mendelian_traits,1hop,normalized_ap,histgb_vs_fixed_CS
fold_b,314159,0.23834136930275168,mendelian_traits,1hop,normalized_ap,histgb_vs_fixed_CS
fold_b,20260806,0.23834136930275168,mendelian_traits,1hop,normalized_ap,histgb_vs_fixed_CS
fold_c,42,0.0946329797503599,mendelian_traits,1hop,normalized_ap,histgb_vs_fixed_CS
fold_c,314159,0.0946329797503599,mendelian_traits,1hop,normalized_ap,histgb_vs_fixed_CS
fold_c,20260806,0.0946329797503599,mendelian_traits,1hop,normalized_ap,histgb_vs_fixed_CS
fold_d,42,0.05198292173860707,mendelian_traits,1hop,normalized_ap,histgb_vs_fixed_CS
fold_d,314159,0.05198292173860707,mendelian_traits,1hop,normalized_ap,histgb_vs_fixed_CS
fold_d,20260806,0.05198292173860707,mendelian_traits,1hop,normalized_ap,histgb_vs_fixed_CS
fold_e,42,-0.049457674927340656,mendelian_traits,1hop,normalized_ap,histgb_vs_fixed_CS
fold_e,314159,-0.049457674927340656,mendelian_traits,1hop,normalized_ap,histgb_vs_fixed_CS
fold_e,20260806,-0.049457674927340656,mendelian_traits,1hop,normalized_ap,histgb_vs_fixed_CS
fold_a,42,0.027425859688726482,mendelian_traits,1hop,normalized_ap,linear_vs_fixed_CSV
fold_a,314159,0.027425859688726482,mendelian_traits,1hop,normalized_ap,linear_vs_fixed_CSV
fold_a,20260806,0.027425859688726482,mendelian_traits,1hop,normalized_ap,linear_vs_fixed_CSV
fold_b,42,-0.01721667304065738,mendelian_traits,1hop,normalized_ap,linear_vs_fixed_CSV
fold_b,314159,-0.01721667304065738,mendelian_traits,1hop,normalized_ap,linear_vs_fixed_CSV
fold_b,20260806,-0.01721667304065738,mendelian_traits,1hop,normalized_ap,linear_vs_fixed_CSV
fold_c,42,0.07032232195293862,mendelian_traits,1hop,normalized_ap,linear_vs_fixed_CSV
fold_c,314159,0.07032232195293862,mendelian_traits,1hop,normalized_ap,linear_vs_fixed_CSV
fold_c,20260806,0.07032232195293862,mendelian_traits,1hop,normalized_ap,linear_vs_fixed_CSV
fold_d,42,0.005936689166987211,mendelian_traits,1hop,normalized_ap,linear_vs_fixed_CSV
fold_d,314159,0.005936689166987211,mendelian_traits,1hop,normalized_ap,linear_vs_fixed_CSV
fold_d,20260806,0.005936689166987211,mendelian_traits,1hop,normalized_ap,linear_vs_fixed_CSV
fold_e,42,-0.026406095786777113,mendelian_traits,1hop,normalized_ap,linear_vs_fixed_CSV
fold_e,314159,-0.026406095786777113,mendelian_traits,1hop,normalized_ap,linear_vs_fixed_CSV
fold_e,20260806,-0.026406095786777113,mendelian_traits,1hop,normalized_ap,linear_vs_fixed_CSV
fold_a,42,0.05457892056427345,mendelian_traits,1hop,normalized_ap,histgb_vs_fixed_CSV
fold_a,314159,0.05457892056427345,mendelian_traits,1hop,normalized_ap,histgb_vs_fixed_CSV
fold_a,20260806,0.05457892056427345,mendelian_traits,1hop,normalized_ap,histgb_vs_fixed_CSV
fold_b,42,0.2357137923798412,mendelian_traits,1hop,normalized_ap,histgb_vs_fixed_CSV
fold_b,314159,0.2357137923798412,mendelian_traits,1hop,normalized_ap,histgb_vs_fixed_CSV
fold_b,20260806,0.2357137923798412,mendelian_traits,1hop,normalized_ap,histgb_vs_fixed_CSV
fold_c,42,0.038436729470300995,mendelian_traits,1hop,normalized_ap,histgb_vs_fixed_CSV
fold_c,314159,0.038436729470300995,mendelian_traits,1hop,normalized_ap,histgb_vs_fixed_CSV
fold_c,20260806,0.038436729470300995,mendelian_traits,1hop,normalized_ap,histgb_vs_fixed_CSV
fold_d,42,0.060348429143172365,mendelian_traits,1hop,normalized_ap,histgb_vs_fixed_CSV
fold_d,314159,0.060348429143172365,mendelian_traits,1hop,normalized_ap,histgb_vs_fixed_CSV
fold_d,20260806,0.060348429143172365,mendelian_traits,1hop,normalized_ap,histgb_vs_fixed_CSV
fold_e,42,-0.00604349286616053,mendelian_traits,1hop,normalized_ap,histgb_vs_fixed_CSV
fold_e,314159,-0.00604349286616053,mendelian_traits,1hop,normalized_ap,histgb_vs_fixed_CSV
fold_e,20260806,-0.00604349286616053,mendelian_traits,1hop,normalized_ap,histgb_vs_fixed_CSV
fold_a,42,0.025556522417313397,mendelian_traits,1hop,normalized_ap,linear_vs_fixed_CSVT
fold_a,314159,0.0199789938112825,mendelian_traits,1hop,normalized_ap,linear_vs_fixed_CSVT
fold_a,20260806,0.023621092382880092,mendelian_traits,1hop,normalized_ap,linear_vs_fixed_CSVT
fold_b,42,0.012924947472252991,mendelian_traits,1hop,normalized_ap,linear_vs_fixed_CSVT
fold_b,314159,0.00165475331606011,mendelian_traits,1hop,normalized_ap,linear_vs_fixed_CSVT
fold_b,20260806,0.014983969095539606,mendelian_traits,1hop,normalized_ap,linear_vs_fixed_CSVT
fold_c,42,0.038933609577817455,mendelian_traits,1hop,normalized_ap,linear_vs_fixed_CSVT
fold_c,314159,0.03428421003446899,mendelian_traits,1hop,normalized_ap,linear_vs_fixed_CSVT
fold_c,20260806,0.039657385092946584,mendelian_traits,1hop,normalized_ap,linear_vs_fixed_CSVT
fold_d,42,-0.00246194878134948,mendelian_traits,1hop,normalized_ap,linear_vs_fixed_CSVT
fold_d,314159,-0.0015940889524197442,mendelian_traits,1hop,normalized_ap,linear_vs_fixed_CSVT
fold_d,20260806,0.008991444997248185,mendelian_traits,1hop,normalized_ap,linear_vs_fixed_CSVT
fold_e,42,-0.08396399182973299,mendelian_traits,1hop,normalized_ap,linear_vs_fixed_CSVT
fold_e,314159,-0.06155366934127074,mendelian_traits,1hop,normalized_ap,linear_vs_fixed_CSVT
fold_e,20260806,-0.034130376423081046,mendelian_traits,1hop,normalized_ap,linear_vs_fixed_CSVT
fold_a,42,0.032202787602098035,mendelian_traits,1hop,normalized_ap,histgb_vs_fixed_CSVT
fold_a,314159,0.008392430436007115,mendelian_traits,1hop,normalized_ap,histgb_vs_fixed_CSVT
fold_a,20260806,0.013421404187975468,mendelian_traits,1hop,normalized_ap,histgb_vs_fixed_CSVT
fold_b,42,0.1451018885374024,mendelian_traits,1hop,normalized_ap,histgb_vs_fixed_CSVT
fold_b,314159,0.20846021392589384,mendelian_traits,1hop,normalized_ap,histgb_vs_fixed_CSVT
fold_b,20260806,0.3056702455818873,mendelian_traits,1hop,normalized_ap,histgb_vs_fixed_CSVT
fold_c,42,0.046772150854313625,mendelian_traits,1hop,normalized_ap,histgb_vs_fixed_CSVT
fold_c,314159,-0.02704087738917372,mendelian_traits,1hop,normalized_ap,histgb_vs_fixed_CSVT
fold_c,20260806,-0.0112918357696603,mendelian_traits,1hop,normalized_ap,histgb_vs_fixed_CSVT
fold_d,42,0.03520978924999479,mendelian_traits,1hop,normalized_ap,histgb_vs_fixed_CSVT
fold_d,314159,0.21649659767538906,mendelian_traits,1hop,normalized_ap,histgb_vs_fixed_CSVT
fold_d,20260806,0.19557840172319815,mendelian_traits,1hop,normalized_ap,histgb_vs_fixed_CSVT
fold_e,42,-0.022813218905928245,mendelian_traits,1hop,normalized_ap,histgb_vs_fixed_CSVT
fold_e,314159,-0.03702660427697149,mendelian_traits,1hop,normalized_ap,histgb_vs_fixed_CSVT
fold_e,20260806,-0.04683259271624968,mendelian_traits,1hop,normalized_ap,histgb_vs_fixed_CSVT
fold_a,42,0.023486003572670645,mendelian_traits,1hop,normalized_ap,linear_vs_fixed_CSVH
fold_a,314159,0.023486003572670645,mendelian_traits,1hop,normalized_ap,linear_vs_fixed_CSVH
fold_a,20260806,0.023486003572670645,mendelian_traits,1hop,normalized_ap,linear_vs_fixed_CSVH
fold_b,42,-0.01221161895451332,mendelian_traits,1hop,normalized_ap,linear_vs_fixed_CSVH
fold_b,314159,-0.01221161895451332,mendelian_traits,1hop,normalized_ap,linear_vs_fixed_CSVH
fold_b,20260806,-0.01221161895451332,mendelian_traits,1hop,normalized_ap,linear_vs_fixed_CSVH
fold_c,42,0.05531267409445752,mendelian_traits,1hop,normalized_ap,linear_vs_fixed_CSVH
fold_c,314159,0.05531267409445752,mendelian_traits,1hop,normalized_ap,linear_vs_fixed_CSVH
fold_c,20260806,0.05531267409445752,mendelian_traits,1hop,normalized_ap,linear_vs_fixed_CSVH
fold_d,42,0.0,mendelian_traits,1hop,normalized_ap,linear_vs_fixed_CSVH
fold_d,314159,0.0,mendelian_traits,1hop,normalized_ap,linear_vs_fixed_CSVH
fold_d,20260806,0.0,mendelian_traits,1hop,normalized_ap,linear_vs_fixed_CSVH
fold_e,42,-0.04832042900477897,mendelian_traits,1hop,normalized_ap,linear_vs_fixed_CSVH
fold_e,314159,-0.04832042900477897,mendelian_traits,1hop,normalized_ap,linear_vs_fixed_CSVH
fold_e,20260806,-0.04832042900477897,mendelian_traits,1hop,normalized_ap,linear_vs_fixed_CSVH
fold_a,42,0.025789958102331634,mendelian_traits,1hop,normalized_ap,histgb_vs_fixed_CSVH
fold_a,314159,0.025789958102331634,mendelian_traits,1hop,normalized_ap,histgb_vs_fixed_CSVH
fold_a,20260806,0.025789958102331634,mendelian_traits,1hop,normalized_ap,histgb_vs_fixed_CSVH
fold_b,42,0.2444130425873369,mendelian_traits,1hop,normalized_ap,histgb_vs_fixed_CSVH
fold_b,314159,0.2444130425873369,mendelian_traits,1hop,normalized_ap,histgb_vs_fixed_CSVH
fold_b,20260806,0.2444130425873369,mendelian_traits,1hop,normalized_ap,histgb_vs_fixed_CSVH
fold_c,42,0.03773763003490585,mendelian_traits,1hop,normalized_ap,histgb_vs_fixed_CSVH
fold_c,314159,0.03773763003490585,mendelian_traits,1hop,normalized_ap,histgb_vs_fixed_CSVH
fold_c,20260806,0.03773763003490585,mendelian_traits,1hop,normalized_ap,histgb_vs_fixed_CSVH
fold_d,42,0.04966520738355104,mendelian_traits,1hop,normalized_ap,histgb_vs_fixed_CSVH
fold_d,314159,0.04966520738355104,mendelian_traits,1hop,normalized_ap,histgb_vs_fixed_CSVH
fold_d,20260806,0.04966520738355104,mendelian_traits,1hop,normalized_ap,histgb_vs_fixed_CSVH
fold_e,42,-0.02222176804234253,mendelian_traits,1hop,normalized_ap,histgb_vs_fixed_CSVH
fold_e,314159,-0.02222176804234253,mendelian_traits,1hop,normalized_ap,histgb_vs_fixed_CSVH
fold_e,20260806,-0.02222176804234253,mendelian_traits,1hop,normalized_ap,histgb_vs_fixed_CSVH
fold_a,42,0.01992789505196361,mendelian_traits,1hop,normalized_ap,linear_vs_fixed_CSVHT
fold_a,314159,0.01741096129989424,mendelian_traits,1hop,normalized_ap,linear_vs_fixed_CSVHT
fold_a,20260806,0.021990364064545766,mendelian_traits,1hop,normalized_ap,linear_vs_fixed_CSVHT
fold_b,42,0.01710395531051086,mendelian_traits,1hop,normalized_ap,linear_vs_fixed_CSVHT
fold_b,314159,-0.0006401113287929515,mendelian_traits,1hop,normalized_ap,linear_vs_fixed_CSVHT
fold_b,20260806,0.00023543042352356866,mendelian_traits,1hop,normalized_ap,linear_vs_fixed_CSVHT
fold_c,42,-0.028447350198879843,mendelian_traits,1hop,normalized_ap,linear_vs_fixed_CSVHT
fold_c,314159,0.02530561541160676,mendelian_traits,1hop,normalized_ap,linear_vs_fixed_CSVHT
fold_c,20260806,0.041129065625044245,mendelian_traits,1hop,normalized_ap,linear_vs_fixed_CSVHT
fold_d,42,-0.0027254584966912264,mendelian_traits,1hop,normalized_ap,linear_vs_fixed_CSVHT
fold_d,314159,-0.004641681737972969,mendelian_traits,1hop,normalized_ap,linear_vs_fixed_CSVHT
fold_d,20260806,-8.96216458092583e-05,mendelian_traits,1hop,normalized_ap,linear_vs_fixed_CSVHT
fold_e,42,-0.14275716493830712,mendelian_traits,1hop,normalized_ap,linear_vs_fixed_CSVHT
fold_e,314159,-0.08582805672047444,mendelian_traits,1hop,normalized_ap,linear_vs_fixed_CSVHT
fold_e,20260806,-0.049685186655531885,mendelian_traits,1hop,normalized_ap,linear_vs_fixed_CSVHT
fold_a,42,0.015789589342843666,mendelian_traits,1hop,normalized_ap,histgb_vs_fixed_CSVHT
fold_a,314159,0.009100700377455017,mendelian_traits,1hop,normalized_ap,histgb_vs_fixed_CSVHT
fold_a,20260806,0.023720519883092924,mendelian_traits,1hop,normalized_ap,histgb_vs_fixed_CSVHT
fold_b,42,0.22655928132666653,mendelian_traits,1hop,normalized_ap,histgb_vs_fixed_CSVHT
fold_b,314159,0.20633121322998202,mendelian_traits,1hop,normalized_ap,histgb_vs_fixed_CSVHT
fold_b,20260806,0.3004139750641126,mendelian_traits,1hop,normalized_ap,histgb_vs_fixed_CSVHT
fold_c,42,0.036840760668849844,mendelian_traits,1hop,normalized_ap,histgb_vs_fixed_CSVHT
fold_c,314159,-0.01600996547460518,mendelian_traits,1hop,normalized_ap,histgb_vs_fixed_CSVHT
fold_c,20260806,0.001343275573134399,mendelian_traits,1hop,normalized_ap,histgb_vs_fixed_CSVHT
fold_d,42,0.04090133460960324,mendelian_traits,1hop,normalized_ap,histgb_vs_fixed_CSVHT
fold_d,314159,0.15313417140026095,mendelian_traits,1hop,normalized_ap,histgb_vs_fixed_CSVHT
fold_d,20260806,0.06641595058710605,mendelian_traits,1hop,normalized_ap,histgb_vs_fixed_CSVHT
fold_e,42,-0.12572970364068126,mendelian_traits,1hop,normalized_ap,histgb_vs_fixed_CSVHT
fold_e,314159,-0.03874114429201187,mendelian_traits,1hop,normalized_ap,histgb_vs_fixed_CSVHT
fold_e,20260806,-0.06766610721605011,mendelian_traits,1hop,normalized_ap,histgb_vs_fixed_CSVHT
fold_a,42,-0.00465394689355454,mendelian_traits,1hop,normalized_ap,T_given_CSV_linear
fold_a,314159,-0.0065307316572161475,mendelian_traits,1hop,normalized_ap,T_given_CSV_linear
fold_a,20260806,-0.005329854645930073,mendelian_traits,1hop,normalized_ap,T_given_CSV_linear
fold_b,42,0.011391304506833028,mendelian_traits,1hop,normalized_ap,T_given_CSV_linear
fold_b,314159,-0.00024948048009674866,mendelian_traits,1hop,normalized_ap,T_given_CSV_linear
fold_b,20260806,-0.003952621931963166,mendelian_traits,1hop,normalized_ap,T_given_CSV_linear
fold_c,42,-0.03211132675117434,mendelian_traits,1hop,normalized_ap,T_given_CSV_linear
fold_c,314159,-0.041241464584492835,mendelian_traits,1hop,normalized_ap,T_given_CSV_linear
fold_c,20260806,-0.006845536646554309,mendelian_traits,1hop,normalized_ap,T_given_CSV_linear
fold_d,42,0.007421810902733942,mendelian_traits,1hop,normalized_ap,T_given_CSV_linear
fold_d,314159,0.007207693885570436,mendelian_traits,1hop,normalized_ap,T_given_CSV_linear
fold_d,20260806,0.010294193742752054,mendelian_traits,1hop,normalized_ap,T_given_CSV_linear
fold_e,42,0.0018451549554544967,mendelian_traits,1hop,normalized_ap,T_given_CSV_linear
fold_e,314159,0.0003284514588477701,mendelian_traits,1hop,normalized_ap,T_given_CSV_linear
fold_e,20260806,0.0022935022940872053,mendelian_traits,1hop,normalized_ap,T_given_CSV_linear
fold_a,42,-0.004905649837487542,mendelian_traits,1hop,normalized_ap,T_given_CSVH_linear
fold_a,314159,-0.005545567148084647,mendelian_traits,1hop,normalized_ap,T_given_CSVH_linear
fold_a,20260806,-0.004489751768942072,mendelian_traits,1hop,normalized_ap,T_given_CSVH_linear
fold_b,42,0.011448142602518774,mendelian_traits,1hop,normalized_ap,T_given_CSVH_linear
fold_b,314159,-0.0003732620713382354,mendelian_traits,1hop,normalized_ap,T_given_CSVH_linear
fold_b,20260806,-0.019216502918452116,mendelian_traits,1hop,normalized_ap,T_given_CSVH_linear
fold_c,42,-0.08966566142833854,mendelian_traits,1hop,normalized_ap,T_given_CSVH_linear
fold_c,314159,-0.04003301464291851,mendelian_traits,1hop,normalized_ap,T_given_CSVH_linear
fold_c,20260806,-0.009332272157287713,mendelian_traits,1hop,normalized_ap,T_given_CSVH_linear
fold_d,42,0.012905805308583367,mendelian_traits,1hop,normalized_ap,T_given_CSVH_linear
fold_d,314159,0.007440222161681342,mendelian_traits,1hop,normalized_ap,T_given_CSVH_linear
fold_d,20260806,0.010024583534715397,mendelian_traits,1hop,normalized_ap,T_given_CSVH_linear
fold_e,42,0.002396694667122362,mendelian_traits,1hop,normalized_ap,T_given_CSVH_linear
fold_e,314159,1.8951017709160217e-05,mendelian_traits,1hop,normalized_ap,T_given_CSVH_linear
fold_e,20260806,0.00142253204930549,mendelian_traits,1hop,normalized_ap,T_given_CSVH_linear
fold_a,42,-0.025160742584316872,mendelian_traits,1hop,normalized_ap,T_given_CSV_histgb
fold_a,314159,-0.045270355908038504,mendelian_traits,1hop,normalized_ap,T_given_CSV_histgb
fold_a,20260806,-0.04268260371638167,mendelian_traits,1hop,normalized_ap,T_given_CSV_histgb
fold_b,42,-0.10936221984851613,mendelian_traits,1hop,normalized_ap,T_given_CSV_histgb
fold_b,314159,-0.046374485290761575,mendelian_traits,1hop,normalized_ap,T_given_CSV_histgb
fold_b,20260806,0.03380318913388597,mendelian_traits,1hop,normalized_ap,T_given_CSV_histgb
fold_c,42,0.007612807007959459,mendelian_traits,1hop,normalized_ap,T_given_CSV_histgb
fold_c,314159,-0.07068095952549791,mendelian_traits,1hop,normalized_ap,T_given_CSV_histgb
fold_c,20260806,-0.025909165026523566,mendelian_traits,1hop,normalized_ap,T_given_CSV_histgb
fold_d,42,-0.009318191042106946,mendelian_traits,1hop,normalized_ap,T_given_CSV_histgb
fold_d,314159,0.17088664053719407,mendelian_traits,1hop,normalized_ap,T_given_CSV_histgb
fold_d,20260806,0.14246941049251685,mendelian_traits,1hop,normalized_ap,T_given_CSV_histgb
fold_e,42,0.04263332495864265,mendelian_traits,1hop,normalized_ap,T_given_CSV_histgb
fold_e,314159,0.004492913602530433,mendelian_traits,1hop,normalized_ap,T_given_CSV_histgb
fold_e,20260806,-0.030771316919698005,mendelian_traits,1hop,normalized_ap,T_given_CSV_histgb
fold_a,42,-0.011347910076268473,mendelian_traits,1hop,normalized_ap,T_given_CSVH_histgb
fold_a,314159,-0.01615978260018486,mendelian_traits,1hop,normalized_ap,T_given_CSVH_histgb
fold_a,20260806,-0.005063550480055902,mendelian_traits,1hop,normalized_ap,T_given_CSVH_histgb
fold_b,42,-0.03572119292317577,mendelian_traits,1hop,normalized_ap,T_given_CSVH_histgb
fold_b,314159,-0.05002659905441348,mendelian_traits,1hop,normalized_ap,T_given_CSVH_histgb
fold_b,20260806,0.024337380180286694,mendelian_traits,1hop,normalized_ap,T_given_CSVH_histgb
fold_c,42,-0.006802506501057189,mendelian_traits,1hop,normalized_ap,T_given_CSVH_histgb
fold_c,314159,-0.06377355146957878,mendelian_traits,1hop,normalized_ap,T_given_CSVH_histgb
fold_c,20260806,-0.0315430181496459,mendelian_traits,1hop,normalized_ap,T_given_CSVH_histgb
fold_d,42,0.006867391031326796,mendelian_traits,1hop,normalized_ap,T_given_CSVH_histgb
fold_d,314159,0.11555086791636422,mendelian_traits,1hop,normalized_ap,T_given_CSVH_histgb
fold_d,20260806,0.026864948384079657,mendelian_traits,1hop,normalized_ap,T_given_CSVH_histgb
fold_e,42,-0.0066745049976882215,mendelian_traits,1hop,normalized_ap,T_given_CSVH_histgb
fold_e,314159,0.0210072024837353,mendelian_traits,1hop,normalized_ap,T_given_CSVH_histgb
fold_e,20260806,-0.04265704947364918,mendelian_traits,1hop,normalized_ap,T_given_CSVH_histgb
fold_a,42,-0.005955104438770429,mendelian_traits,1hop,normalized_ap,T_given_CS_linear
fold_a,314159,-0.008041845759459956,mendelian_traits,1hop,normalized_ap,T_given_CS_linear
fold_a,20260806,-0.007507227407082448,mendelian_traits,1hop,normalized_ap,T_given_CS_linear
fold_b,42,0.012154159861396212,mendelian_traits,1hop,normalized_ap,T_given_CS_linear
fold_b,314159,3.292152147765445e-05,mendelian_traits,1hop,normalized_ap,T_given_CS_linear
fold_b,20260806,-0.006305639183230587,mendelian_traits,1hop,normalized_ap,T_given_CS_linear
fold_c,42,-0.042821034684421194,mendelian_traits,1hop,normalized_ap,T_given_CS_linear
fold_c,314159,-0.05113020258101823,mendelian_traits,1hop,normalized_ap,T_given_CS_linear
fold_c,20260806,-0.008887834011412202,mendelian_traits,1hop,normalized_ap,T_given_CS_linear
fold_d,42,0.01623680197786481,mendelian_traits,1hop,normalized_ap,T_given_CS_linear
fold_d,314159,0.016114219268462848,mendelian_traits,1hop,normalized_ap,T_given_CS_linear
fold_d,20260806,0.004785094194131743,mendelian_traits,1hop,normalized_ap,T_given_CS_linear
fold_e,42,0.0014601569619331067,mendelian_traits,1hop,normalized_ap,T_given_CS_linear
fold_e,314159,0.0004167042828334064,mendelian_traits,1hop,normalized_ap,T_given_CS_linear
fold_e,20260806,0.002078132091354618,mendelian_traits,1hop,normalized_ap,T_given_CS_linear
fold_a,42,0.0,mendelian_traits,1hop,normalized_ap,T_given_V_CS_fusion
fold_a,314159,0.0,mendelian_traits,1hop,normalized_ap,T_given_V_CS_fusion
fold_a,20260806,0.0,mendelian_traits,1hop,normalized_ap,T_given_V_CS_fusion
fold_b,42,0.012154159861396212,mendelian_traits,1hop,normalized_ap,T_given_V_CS_fusion
fold_b,314159,3.292152147765445e-05,mendelian_traits,1hop,normalized_ap,T_given_V_CS_fusion
fold_b,20260806,-0.006305639183230587,mendelian_traits,1hop,normalized_ap,T_given_V_CS_fusion
fold_c,42,0.0,mendelian_traits,1hop,normalized_ap,T_given_V_CS_fusion
fold_c,314159,0.0,mendelian_traits,1hop,normalized_ap,T_given_V_CS_fusion
fold_c,20260806,0.0,mendelian_traits,1hop,normalized_ap,T_given_V_CS_fusion
fold_d,42,0.0,mendelian_traits,1hop,normalized_ap,T_given_V_CS_fusion
fold_d,314159,0.0,mendelian_traits,1hop,normalized_ap,T_given_V_CS_fusion
fold_d,20260806,0.0,mendelian_traits,1hop,normalized_ap,T_given_V_CS_fusion
fold_e,42,0.0014601569619331067,mendelian_traits,1hop,normalized_ap,T_given_V_CS_fusion
fold_e,314159,0.0004167042828334064,mendelian_traits,1hop,normalized_ap,T_given_V_CS_fusion
fold_e,20260806,0.002078132091354618,mendelian_traits,1hop,normalized_ap,T_given_V_CS_fusion
fold_a,42,-0.004987488069840623,mendelian_traits,1hop,normalized_ap,T_given_CSH_linear
fold_a,314159,-0.005973339818064718,mendelian_traits,1hop,normalized_ap,T_given_CSH_linear
fold_a,20260806,-0.004877789049588552,mendelian_traits,1hop,normalized_ap,T_given_CSH_linear
fold_b,42,0.012480754501178283,mendelian_traits,1hop,normalized_ap,T_given_CSH_linear
fold_b,314159,0.00045109054398877364,mendelian_traits,1hop,normalized_ap,T_given_CSH_linear
fold_b,20260806,-0.020561376190952083,mendelian_traits,1hop,normalized_ap,T_given_CSH_linear
fold_c,42,-0.039958210303184125,mendelian_traits,1hop,normalized_ap,T_given_CSH_linear
fold_c,314159,-0.045281995715871826,mendelian_traits,1hop,normalized_ap,T_given_CSH_linear
fold_c,20260806,-0.01247197189387693,mendelian_traits,1hop,normalized_ap,T_given_CSH_linear
fold_d,42,0.008473474726535318,mendelian_traits,1hop,normalized_ap,T_given_CSH_linear
fold_d,314159,-0.000270893356468716,mendelian_traits,1hop,normalized_ap,T_given_CSH_linear
fold_d,20260806,0.003387297518675148,mendelian_traits,1hop,normalized_ap,T_given_CSH_linear
fold_e,42,0.0024084641141632994,mendelian_traits,1hop,normalized_ap,T_given_CSH_linear
fold_e,314159,9.84826768911859e-05,mendelian_traits,1hop,normalized_ap,T_given_CSH_linear
fold_e,20260806,0.0007704725019223729,mendelian_traits,1hop,normalized_ap,T_given_CSH_linear
fold_a,42,0.0,mendelian_traits,1hop,normalized_ap,T_given_V_CSH_fusion
fold_a,314159,0.0,mendelian_traits,1hop,normalized_ap,T_given_V_CSH_fusion
fold_a,20260806,0.0,mendelian_traits,1hop,normalized_ap,T_given_V_CSH_fusion
fold_b,42,0.012480754501178283,mendelian_traits,1hop,normalized_ap,T_given_V_CSH_fusion
fold_b,314159,0.00045109054398877364,mendelian_traits,1hop,normalized_ap,T_given_V_CSH_fusion
fold_b,20260806,-0.020561376190952083,mendelian_traits,1hop,normalized_ap,T_given_V_CSH_fusion
fold_c,42,0.0,mendelian_traits,1hop,normalized_ap,T_given_V_CSH_fusion
fold_c,314159,0.0,mendelian_traits,1hop,normalized_ap,T_given_V_CSH_fusion
fold_c,20260806,0.0,mendelian_traits,1hop,normalized_ap,T_given_V_CSH_fusion
fold_d,42,0.0,mendelian_traits,1hop,normalized_ap,T_given_V_CSH_fusion
fold_d,314159,0.0,mendelian_traits,1hop,normalized_ap,T_given_V_CSH_fusion
fold_d,20260806,0.0,mendelian_traits,1hop,normalized_ap,T_given_V_CSH_fusion
fold_e,42,0.0007906574372303493,mendelian_traits,1hop,normalized_ap,T_given_V_CSH_fusion
fold_e,314159,0.000628064571660196,mendelian_traits,1hop,normalized_ap,T_given_V_CSH_fusion
fold_e,20260806,-0.0005658737863922167,mendelian_traits,1hop,normalized_ap,T_given_V_CSH_fusion
fold_a,42,-0.012582759320790914,mendelian_traits,1hop,normalized_ap,fusion_vs_concat_CSV
fold_a,314159,-0.012582759320790914,mendelian_traits,1hop,normalized_ap,fusion_vs_concat_CSV
fold_a,20260806,-0.012582759320790914,mendelian_traits,1hop,normalized_ap,fusion_vs_concat_CSV
fold_b,42,0.015834042969165203,mendelian_traits,1hop,normalized_ap,fusion_vs_concat_CSV
fold_b,314159,0.015834042969165203,mendelian_traits,1hop,normalized_ap,fusion_vs_concat_CSV
fold_b,20260806,0.015834042969165203,mendelian_traits,1hop,normalized_ap,fusion_vs_concat_CSV
fold_c,42,-0.06431880568227892,mendelian_traits,1hop,normalized_ap,fusion_vs_concat_CSV
fold_c,314159,-0.06431880568227892,mendelian_traits,1hop,normalized_ap,fusion_vs_concat_CSV
fold_c,20260806,-0.06431880568227892,mendelian_traits,1hop,normalized_ap,fusion_vs_concat_CSV
fold_d,42,0.14729739743079479,mendelian_traits,1hop,normalized_ap,fusion_vs_concat_CSV
fold_d,314159,0.14729739743079479,mendelian_traits,1hop,normalized_ap,fusion_vs_concat_CSV
fold_d,20260806,0.14729739743079479,mendelian_traits,1hop,normalized_ap,fusion_vs_concat_CSV
fold_e,42,0.020272138246733466,mendelian_traits,1hop,normalized_ap,fusion_vs_concat_CSV
fold_e,314159,0.020272138246733466,mendelian_traits,1hop,normalized_ap,fusion_vs_concat_CSV
fold_e,20260806,0.020272138246733466,mendelian_traits,1hop,normalized_ap,fusion_vs_concat_CSV
fold_a,42,0.0,mendelian_traits,1hop,normalized_ap,fusion_vs_V_CS
fold_a,314159,0.0,mendelian_traits,1hop,normalized_ap,fusion_vs_V_CS
fold_a,20260806,0.0,mendelian_traits,1hop,normalized_ap,fusion_vs_V_CS
fold_b,42,-0.04533149664191219,mendelian_traits,1hop,normalized_ap,fusion_vs_V_CS
fold_b,314159,-0.04533149664191219,mendelian_traits,1hop,normalized_ap,fusion_vs_V_CS
fold_b,20260806,-0.04533149664191219,mendelian_traits,1hop,normalized_ap,fusion_vs_V_CS
fold_c,42,0.0,mendelian_traits,1hop,normalized_ap,fusion_vs_V_CS
fold_c,314159,0.0,mendelian_traits,1hop,normalized_ap,fusion_vs_V_CS
fold_c,20260806,0.0,mendelian_traits,1hop,normalized_ap,fusion_vs_V_CS
fold_d,42,0.0,mendelian_traits,1hop,normalized_ap,fusion_vs_V_CS
fold_d,314159,0.0,mendelian_traits,1hop,normalized_ap,fusion_vs_V_CS
fold_d,20260806,0.0,mendelian_traits,1hop,normalized_ap,fusion_vs_V_CS
fold_e,42,-0.1079716333118371,mendelian_traits,1hop,normalized_ap,fusion_vs_V_CS
fold_e,314159,-0.1079716333118371,mendelian_traits,1hop,normalized_ap,fusion_vs_V_CS
fold_e,20260806,-0.1079716333118371,mendelian_traits,1hop,normalized_ap,fusion_vs_V_CS
fold_a,42,-0.007928812427236373,mendelian_traits,1hop,normalized_ap,fusion_vs_concat_CSVT
fold_a,314159,-0.006052027663574766,mendelian_traits,1hop,normalized_ap,fusion_vs_concat_CSVT
fold_a,20260806,-0.007252904674860841,mendelian_traits,1hop,normalized_ap,fusion_vs_concat_CSVT
fold_b,42,0.016596898323728387,mendelian_traits,1hop,normalized_ap,fusion_vs_concat_CSVT
fold_b,314159,0.016116444970739607,mendelian_traits,1hop,normalized_ap,fusion_vs_concat_CSVT
fold_b,20260806,0.013481025717897782,mendelian_traits,1hop,normalized_ap,fusion_vs_concat_CSVT
fold_c,42,-0.03220747893110458,mendelian_traits,1hop,normalized_ap,fusion_vs_concat_CSVT
fold_c,314159,-0.023077341097786083,mendelian_traits,1hop,normalized_ap,fusion_vs_concat_CSVT
fold_c,20260806,-0.05747326903572461,mendelian_traits,1hop,normalized_ap,fusion_vs_concat_CSVT
fold_d,42,0.13987558652806087,mendelian_traits,1hop,normalized_ap,fusion_vs_concat_CSVT
fold_d,314159,0.14008970354522438,mendelian_traits,1hop,normalized_ap,fusion_vs_concat_CSVT
fold_d,20260806,0.13700320368804275,mendelian_traits,1hop,normalized_ap,fusion_vs_concat_CSVT
fold_e,42,0.019887140253212074,mendelian_traits,1hop,normalized_ap,fusion_vs_concat_CSVT
fold_e,314159,0.020360391070719103,mendelian_traits,1hop,normalized_ap,fusion_vs_concat_CSVT
fold_e,20260806,0.02005676804400088,mendelian_traits,1hop,normalized_ap,fusion_vs_concat_CSVT
fold_a,42,0.0,mendelian_traits,1hop,normalized_ap,fusion_vs_V_CST
fold_a,314159,0.0,mendelian_traits,1hop,normalized_ap,fusion_vs_V_CST
fold_a,20260806,0.0,mendelian_traits,1hop,normalized_ap,fusion_vs_V_CST
fold_b,42,-0.03317733678051598,mendelian_traits,1hop,normalized_ap,fusion_vs_V_CST
fold_b,314159,-0.04529857512043454,mendelian_traits,1hop,normalized_ap,fusion_vs_V_CST
fold_b,20260806,-0.05163713582514278,mendelian_traits,1hop,normalized_ap,fusion_vs_V_CST
fold_c,42,0.0,mendelian_traits,1hop,normalized_ap,fusion_vs_V_CST
fold_c,314159,0.0,mendelian_traits,1hop,normalized_ap,fusion_vs_V_CST
fold_c,20260806,0.0,mendelian_traits,1hop,normalized_ap,fusion_vs_V_CST
fold_d,42,0.0,mendelian_traits,1hop,normalized_ap,fusion_vs_V_CST
fold_d,314159,0.0,mendelian_traits,1hop,normalized_ap,fusion_vs_V_CST
fold_d,20260806,0.0,mendelian_traits,1hop,normalized_ap,fusion_vs_V_CST
fold_e,42,-0.10651147634990399,mendelian_traits,1hop,normalized_ap,fusion_vs_V_CST
fold_e,314159,-0.1075549290290037,mendelian_traits,1hop,normalized_ap,fusion_vs_V_CST
fold_e,20260806,-0.10589350122048248,mendelian_traits,1hop,normalized_ap,fusion_vs_V_CST
fold_a,42,-0.008866280595720236,mendelian_traits,1hop,normalized_ap,fusion_vs_concat_CSVH
fold_a,314159,-0.008866280595720236,mendelian_traits,1hop,normalized_ap,fusion_vs_concat_CSVH
fold_a,20260806,-0.008866280595720236,mendelian_traits,1hop,normalized_ap,fusion_vs_concat_CSVH
fold_b,42,0.014332111927483134,mendelian_traits,1hop,normalized_ap,fusion_vs_concat_CSVH
fold_b,314159,0.014332111927483134,mendelian_traits,1hop,normalized_ap,fusion_vs_concat_CSVH
fold_b,20260806,0.014332111927483134,mendelian_traits,1hop,normalized_ap,fusion_vs_concat_CSVH
fold_c,42,-0.05678747329974529,mendelian_traits,1hop,normalized_ap,fusion_vs_concat_CSVH
fold_c,314159,-0.05678747329974529,mendelian_traits,1hop,normalized_ap,fusion_vs_concat_CSVH
fold_c,20260806,-0.05678747329974529,mendelian_traits,1hop,normalized_ap,fusion_vs_concat_CSVH
fold_d,42,0.15052232454829395,mendelian_traits,1hop,normalized_ap,fusion_vs_concat_CSVH
fold_d,314159,0.15052232454829395,mendelian_traits,1hop,normalized_ap,fusion_vs_concat_CSVH
fold_d,20260806,0.15052232454829395,mendelian_traits,1hop,normalized_ap,fusion_vs_concat_CSVH
fold_e,42,0.04985967314480775,mendelian_traits,1hop,normalized_ap,fusion_vs_concat_CSVH
fold_e,314159,0.04985967314480775,mendelian_traits,1hop,normalized_ap,fusion_vs_concat_CSVH
fold_e,20260806,0.04985967314480775,mendelian_traits,1hop,normalized_ap,fusion_vs_concat_CSVH
fold_a,42,0.0,mendelian_traits,1hop,normalized_ap,fusion_vs_V_CSH
fold_a,314159,0.0,mendelian_traits,1hop,normalized_ap,fusion_vs_V_CSH
fold_a,20260806,0.0,mendelian_traits,1hop,normalized_ap,fusion_vs_V_CSH
fold_b,42,-0.05150738811688649,mendelian_traits,1hop,normalized_ap,fusion_vs_V_CSH
fold_b,314159,-0.05150738811688649,mendelian_traits,1hop,normalized_ap,fusion_vs_V_CSH
fold_b,20260806,-0.05150738811688649,mendelian_traits,1hop,normalized_ap,fusion_vs_V_CSH
fold_c,42,0.0,mendelian_traits,1hop,normalized_ap,fusion_vs_V_CSH
fold_c,314159,0.0,mendelian_traits,1hop,normalized_ap,fusion_vs_V_CSH
fold_c,20260806,0.0,mendelian_traits,1hop,normalized_ap,fusion_vs_V_CSH
fold_d,42,0.0,mendelian_traits,1hop,normalized_ap,fusion_vs_V_CSH
fold_d,314159,0.0,mendelian_traits,1hop,normalized_ap,fusion_vs_V_CSH
fold_d,20260806,0.0,mendelian_traits,1hop,normalized_ap,fusion_vs_V_CSH
fold_e,42,-0.07778451886702968,mendelian_traits,1hop,normalized_ap,fusion_vs_V_CSH
fold_e,314159,-0.07778451886702968,mendelian_traits,1hop,normalized_ap,fusion_vs_V_CSH
fold_e,20260806,-0.07778451886702968,mendelian_traits,1hop,normalized_ap,fusion_vs_V_CSH
fold_a,42,-0.003960630758232694,mendelian_traits,1hop,normalized_ap,fusion_vs_concat_CSVHT
fold_a,314159,-0.0033207134476355886,mendelian_traits,1hop,normalized_ap,fusion_vs_concat_CSVHT
fold_a,20260806,-0.004376528826778164,mendelian_traits,1hop,normalized_ap,fusion_vs_concat_CSVHT
fold_b,42,0.015364723826142642,mendelian_traits,1hop,normalized_ap,fusion_vs_concat_CSVHT
fold_b,314159,0.015156464542810142,mendelian_traits,1hop,normalized_ap,fusion_vs_concat_CSVHT
fold_b,20260806,0.012987238654983167,mendelian_traits,1hop,normalized_ap,fusion_vs_concat_CSVHT
fold_c,42,0.03287818812859326,mendelian_traits,1hop,normalized_ap,fusion_vs_concat_CSVHT
fold_c,314159,-0.016754458656826777,mendelian_traits,1hop,normalized_ap,fusion_vs_concat_CSVHT
fold_c,20260806,-0.047455201142457576,mendelian_traits,1hop,normalized_ap,fusion_vs_concat_CSVHT
fold_d,42,0.1376165192397106,mendelian_traits,1hop,normalized_ap,fusion_vs_concat_CSVHT
fold_d,314159,0.14308210238661262,mendelian_traits,1hop,normalized_ap,fusion_vs_concat_CSVHT
fold_d,20260806,0.14049774101357856,mendelian_traits,1hop,normalized_ap,fusion_vs_concat_CSVHT
fold_e,42,0.048253635914915737,mendelian_traits,1hop,normalized_ap,fusion_vs_concat_CSVHT
fold_e,314159,0.05046878669875879,mendelian_traits,1hop,normalized_ap,fusion_vs_concat_CSVHT
fold_e,20260806,0.047871267309110045,mendelian_traits,1hop,normalized_ap,fusion_vs_concat_CSVHT
fold_a,42,0.0,mendelian_traits,1hop,normalized_ap,fusion_vs_V_CSHT
fold_a,314159,0.0,mendelian_traits,1hop,normalized_ap,fusion_vs_V_CSHT
fold_a,20260806,0.0,mendelian_traits,1hop,normalized_ap,fusion_vs_V_CSHT
fold_b,42,-0.039026633615708205,mendelian_traits,1hop,normalized_ap,fusion_vs_V_CSHT
fold_b,314159,-0.051056297572897716,mendelian_traits,1hop,normalized_ap,fusion_vs_V_CSHT
fold_b,20260806,-0.07206876430783857,mendelian_traits,1hop,normalized_ap,fusion_vs_V_CSHT
fold_c,42,0.0,mendelian_traits,1hop,normalized_ap,fusion_vs_V_CSHT
fold_c,314159,0.0,mendelian_traits,1hop,normalized_ap,fusion_vs_V_CSHT
fold_c,20260806,0.0,mendelian_traits,1hop,normalized_ap,fusion_vs_V_CSHT
fold_d,42,0.0,mendelian_traits,1hop,normalized_ap,fusion_vs_V_CSHT
fold_d,314159,0.0,mendelian_traits,1hop,normalized_ap,fusion_vs_V_CSHT
fold_d,20260806,0.0,mendelian_traits,1hop,normalized_ap,fusion_vs_V_CSHT
fold_e,42,-0.07699386142979933,mendelian_traits,1hop,normalized_ap,fusion_vs_V_CSHT
fold_e,314159,-0.07715645429536949,mendelian_traits,1hop,normalized_ap,fusion_vs_V_CSHT
fold_e,20260806,-0.07835039265342189,mendelian_traits,1hop,normalized_ap,fusion_vs_V_CSHT
fold_a,42,-0.0008514265843208579,mendelian_traits,strict,auprc,linear_vs_fixed_V
fold_a,314159,-0.0008514265843208579,mendelian_traits,strict,auprc,linear_vs_fixed_V
fold_a,20260806,-0.0008514265843208579,mendelian_traits,strict,auprc,linear_vs_fixed_V
fold_b,42,-0.002735927511659797,mendelian_traits,strict,auprc,linear_vs_fixed_V
fold_b,314159,-0.002735927511659797,mendelian_traits,strict,auprc,linear_vs_fixed_V
fold_b,20260806,-0.002735927511659797,mendelian_traits,strict,auprc,linear_vs_fixed_V
fold_c,42,6.037114187257275e-05,mendelian_traits,strict,auprc,linear_vs_fixed_V
fold_c,314159,6.037114187257275e-05,mendelian_traits,strict,auprc,linear_vs_fixed_V
fold_c,20260806,6.037114187257275e-05,mendelian_traits,strict,auprc,linear_vs_fixed_V
fold_d,42,0.0,mendelian_traits,strict,auprc,linear_vs_fixed_V
fold_d,314159,0.0,mendelian_traits,strict,auprc,linear_vs_fixed_V
fold_d,20260806,0.0,mendelian_traits,strict,auprc,linear_vs_fixed_V
fold_e,42,0.00010720971100719456,mendelian_traits,strict,auprc,linear_vs_fixed_V
fold_e,314159,0.00010720971100719456,mendelian_traits,strict,auprc,linear_vs_fixed_V
fold_e,20260806,0.00010720971100719456,mendelian_traits,strict,auprc,linear_vs_fixed_V
fold_a,42,-0.0018352849529201243,mendelian_traits,strict,auprc,histgb_vs_fixed_V
fold_a,314159,-0.0018352849529201243,mendelian_traits,strict,auprc,histgb_vs_fixed_V
fold_a,20260806,-0.0018352849529201243,mendelian_traits,strict,auprc,histgb_vs_fixed_V
fold_b,42,-0.03731076140758266,mendelian_traits,strict,auprc,histgb_vs_fixed_V
fold_b,314159,-0.03731076140758266,mendelian_traits,strict,auprc,histgb_vs_fixed_V
fold_b,20260806,-0.03731076140758266,mendelian_traits,strict,auprc,histgb_vs_fixed_V
fold_c,42,-0.022060912913335257,mendelian_traits,strict,auprc,histgb_vs_fixed_V
fold_c,314159,-0.022060912913335257,mendelian_traits,strict,auprc,histgb_vs_fixed_V
fold_c,20260806,-0.022060912913335257,mendelian_traits,strict,auprc,histgb_vs_fixed_V
fold_d,42,-0.09767196168140671,mendelian_traits,strict,auprc,histgb_vs_fixed_V
fold_d,314159,-0.09767196168140671,mendelian_traits,strict,auprc,histgb_vs_fixed_V
fold_d,20260806,-0.09767196168140671,mendelian_traits,strict,auprc,histgb_vs_fixed_V
fold_e,42,-0.02688765276138058,mendelian_traits,strict,auprc,histgb_vs_fixed_V
fold_e,314159,-0.02688765276138058,mendelian_traits,strict,auprc,histgb_vs_fixed_V
fold_e,20260806,-0.02688765276138058,mendelian_traits,strict,auprc,histgb_vs_fixed_V
fold_a,42,0.030312186290814835,mendelian_traits,strict,auprc,linear_vs_fixed_CS
fold_a,314159,0.030312186290814835,mendelian_traits,strict,auprc,linear_vs_fixed_CS
fold_a,20260806,0.030312186290814835,mendelian_traits,strict,auprc,linear_vs_fixed_CS
fold_b,42,-0.03144845372394384,mendelian_traits,strict,auprc,linear_vs_fixed_CS
fold_b,314159,-0.03144845372394384,mendelian_traits,strict,auprc,linear_vs_fixed_CS
fold_b,20260806,-0.03144845372394384,mendelian_traits,strict,auprc,linear_vs_fixed_CS
fold_c,42,0.09363291735451032,mendelian_traits,strict,auprc,linear_vs_fixed_CS
fold_c,314159,0.09363291735451032,mendelian_traits,strict,auprc,linear_vs_fixed_CS
fold_c,20260806,0.09363291735451032,mendelian_traits,strict,auprc,linear_vs_fixed_CS
fold_d,42,0.0,mendelian_traits,strict,auprc,linear_vs_fixed_CS
fold_d,314159,0.0,mendelian_traits,strict,auprc,linear_vs_fixed_CS
fold_d,20260806,0.0,mendelian_traits,strict,auprc,linear_vs_fixed_CS
fold_e,42,-0.0396858374267756,mendelian_traits,strict,auprc,linear_vs_fixed_CS
fold_e,314159,-0.0396858374267756,mendelian_traits,strict,auprc,linear_vs_fixed_CS
fold_e,20260806,-0.0396858374267756,mendelian_traits,strict,auprc,linear_vs_fixed_CS
fold_a,42,0.05365193967616955,mendelian_traits,strict,auprc,histgb_vs_fixed_CS
fold_a,314159,0.05365193967616955,mendelian_traits,strict,auprc,histgb_vs_fixed_CS
fold_a,20260806,0.05365193967616955,mendelian_traits,strict,auprc,histgb_vs_fixed_CS
fold_b,42,0.21450723237247654,mendelian_traits,strict,auprc,histgb_vs_fixed_CS
fold_b,314159,0.21450723237247654,mendelian_traits,strict,auprc,histgb_vs_fixed_CS
fold_b,20260806,0.21450723237247654,mendelian_traits,strict,auprc,histgb_vs_fixed_CS
fold_c,42,0.08516968177532391,mendelian_traits,strict,auprc,histgb_vs_fixed_CS
fold_c,314159,0.08516968177532391,mendelian_traits,strict,auprc,histgb_vs_fixed_CS
fold_c,20260806,0.08516968177532391,mendelian_traits,strict,auprc,histgb_vs_fixed_CS
fold_d,42,0.04678462956474637,mendelian_traits,strict,auprc,histgb_vs_fixed_CS
fold_d,314159,0.04678462956474637,mendelian_traits,strict,auprc,histgb_vs_fixed_CS
fold_d,20260806,0.04678462956474637,mendelian_traits,strict,auprc,histgb_vs_fixed_CS
fold_e,42,-0.04451190743460659,mendelian_traits,strict,auprc,histgb_vs_fixed_CS
fold_e,314159,-0.04451190743460659,mendelian_traits,strict,auprc,histgb_vs_fixed_CS
fold_e,20260806,-0.04451190743460659,mendelian_traits,strict,auprc,histgb_vs_fixed_CS
fold_a,42,0.024683273719853835,mendelian_traits,strict,auprc,linear_vs_fixed_CSV
fold_a,314159,0.024683273719853835,mendelian_traits,strict,auprc,linear_vs_fixed_CSV
fold_a,20260806,0.024683273719853835,mendelian_traits,strict,auprc,linear_vs_fixed_CSV
fold_b,42,-0.015495005736591641,mendelian_traits,strict,auprc,linear_vs_fixed_CSV
fold_b,314159,-0.015495005736591641,mendelian_traits,strict,auprc,linear_vs_fixed_CSV
fold_b,20260806,-0.015495005736591641,mendelian_traits,strict,auprc,linear_vs_fixed_CSV
fold_c,42,0.06329008975764476,mendelian_traits,strict,auprc,linear_vs_fixed_CSV
fold_c,314159,0.06329008975764476,mendelian_traits,strict,auprc,linear_vs_fixed_CSV
fold_c,20260806,0.06329008975764476,mendelian_traits,strict,auprc,linear_vs_fixed_CSV
fold_d,42,0.005343020250288488,mendelian_traits,strict,auprc,linear_vs_fixed_CSV
fold_d,314159,0.005343020250288488,mendelian_traits,strict,auprc,linear_vs_fixed_CSV
fold_d,20260806,0.005343020250288488,mendelian_traits,strict,auprc,linear_vs_fixed_CSV
fold_e,42,-0.0237654862080994,mendelian_traits,strict,auprc,linear_vs_fixed_CSV
fold_e,314159,-0.0237654862080994,mendelian_traits,strict,auprc,linear_vs_fixed_CSV
fold_e,20260806,-0.0237654862080994,mendelian_traits,strict,auprc,linear_vs_fixed_CSV
fold_a,42,0.04912102850784611,mendelian_traits,strict,auprc,histgb_vs_fixed_CSV
fold_a,314159,0.04912102850784611,mendelian_traits,strict,auprc,histgb_vs_fixed_CSV
fold_a,20260806,0.04912102850784611,mendelian_traits,strict,auprc,histgb_vs_fixed_CSV
fold_b,42,0.2121424131418571,mendelian_traits,strict,auprc,histgb_vs_fixed_CSV
fold_b,314159,0.2121424131418571,mendelian_traits,strict,auprc,histgb_vs_fixed_CSV
fold_b,20260806,0.2121424131418571,mendelian_traits,strict,auprc,histgb_vs_fixed_CSV
fold_c,42,0.034593056523270896,mendelian_traits,strict,auprc,histgb_vs_fixed_CSV
fold_c,314159,0.034593056523270896,mendelian_traits,strict,auprc,histgb_vs_fixed_CSV
fold_c,20260806,0.034593056523270896,mendelian_traits,strict,auprc,histgb_vs_fixed_CSV
fold_d,42,0.054313586228855126,mendelian_traits,strict,auprc,histgb_vs_fixed_CSV
fold_d,314159,0.054313586228855126,mendelian_traits,strict,auprc,histgb_vs_fixed_CSV
fold_d,20260806,0.054313586228855126,mendelian_traits,strict,auprc,histgb_vs_fixed_CSV
fold_e,42,-0.005439143579544475,mendelian_traits,strict,auprc,histgb_vs_fixed_CSV
fold_e,314159,-0.005439143579544475,mendelian_traits,strict,auprc,histgb_vs_fixed_CSV
fold_e,20260806,-0.005439143579544475,mendelian_traits,strict,auprc,histgb_vs_fixed_CSV
fold_a,42,0.03656312733824464,mendelian_traits,strict,auprc,linear_vs_fixed_CSVT
fold_a,314159,0.018586047517194365,mendelian_traits,strict,auprc,linear_vs_fixed_CSVT
fold_a,20260806,0.02403923007915819,mendelian_traits,strict,auprc,linear_vs_fixed_CSVT
fold_b,42,-0.016918043245803094,mendelian_traits,strict,auprc,linear_vs_fixed_CSVT
fold_b,314159,-0.00801311773070365,mendelian_traits,strict,auprc,linear_vs_fixed_CSVT
fold_b,20260806,-0.038906487337920834,mendelian_traits,strict,auprc,linear_vs_fixed_CSVT
fold_c,42,0.07177715903879331,mendelian_traits,strict,auprc,linear_vs_fixed_CSVT
fold_c,314159,0.04396319088078371,mendelian_traits,strict,auprc,linear_vs_fixed_CSVT
fold_c,20260806,0.05988776794359302,mendelian_traits,strict,auprc,linear_vs_fixed_CSVT
fold_d,42,0.004050180704398831,mendelian_traits,strict,auprc,linear_vs_fixed_CSVT
fold_d,314159,-0.003173460341953052,mendelian_traits,strict,auprc,linear_vs_fixed_CSVT
fold_d,20260806,0.00958073223960934,mendelian_traits,strict,auprc,linear_vs_fixed_CSVT
fold_e,42,-0.03912007849049377,mendelian_traits,strict,auprc,linear_vs_fixed_CSVT
fold_e,314159,-0.012520128161361638,mendelian_traits,strict,auprc,linear_vs_fixed_CSVT
fold_e,20260806,-0.061863617639985546,mendelian_traits,strict,auprc,linear_vs_fixed_CSVT
fold_a,42,0.03414807472048342,mendelian_traits,strict,auprc,histgb_vs_fixed_CSVT
fold_a,314159,0.036371937389255704,mendelian_traits,strict,auprc,histgb_vs_fixed_CSVT
fold_a,20260806,0.03318788802264204,mendelian_traits,strict,auprc,histgb_vs_fixed_CSVT
fold_b,42,0.05316200952813341,mendelian_traits,strict,auprc,histgb_vs_fixed_CSVT
fold_b,314159,0.23082680153695673,mendelian_traits,strict,auprc,histgb_vs_fixed_CSVT
fold_b,20260806,0.20149541547856376,mendelian_traits,strict,auprc,histgb_vs_fixed_CSVT
fold_c,42,0.06220755288175406,mendelian_traits,strict,auprc,histgb_vs_fixed_CSVT
fold_c,314159,-0.01317982161009168,mendelian_traits,strict,auprc,histgb_vs_fixed_CSVT
fold_c,20260806,0.009761831454654188,mendelian_traits,strict,auprc,histgb_vs_fixed_CSVT
fold_d,42,0.07797356789027388,mendelian_traits,strict,auprc,histgb_vs_fixed_CSVT
fold_d,314159,0.0912518959715137,mendelian_traits,strict,auprc,histgb_vs_fixed_CSVT
fold_d,20260806,0.043392500931869415,mendelian_traits,strict,auprc,histgb_vs_fixed_CSVT
fold_e,42,-0.010204018404263326,mendelian_traits,strict,auprc,histgb_vs_fixed_CSVT
fold_e,314159,0.007911213053199709,mendelian_traits,strict,auprc,histgb_vs_fixed_CSVT
fold_e,20260806,-0.06693384003623185,mendelian_traits,strict,auprc,histgb_vs_fixed_CSVT
fold_a,42,0.021137403215403583,mendelian_traits,strict,auprc,linear_vs_fixed_CSVH
fold_a,314159,0.021137403215403583,mendelian_traits,strict,auprc,linear_vs_fixed_CSVH
fold_a,20260806,0.021137403215403583,mendelian_traits,strict,auprc,linear_vs_fixed_CSVH
fold_b,42,-0.010990457059061987,mendelian_traits,strict,auprc,linear_vs_fixed_CSVH
fold_b,314159,-0.010990457059061987,mendelian_traits,strict,auprc,linear_vs_fixed_CSVH
fold_b,20260806,-0.010990457059061987,mendelian_traits,strict,auprc,linear_vs_fixed_CSVH
fold_c,42,0.04978140668501177,mendelian_traits,strict,auprc,linear_vs_fixed_CSVH
fold_c,314159,0.04978140668501177,mendelian_traits,strict,auprc,linear_vs_fixed_CSVH
fold_c,20260806,0.04978140668501177,mendelian_traits,strict,auprc,linear_vs_fixed_CSVH
fold_d,42,0.0,mendelian_traits,strict,auprc,linear_vs_fixed_CSVH
fold_d,314159,0.0,mendelian_traits,strict,auprc,linear_vs_fixed_CSVH
fold_d,20260806,0.0,mendelian_traits,strict,auprc,linear_vs_fixed_CSVH
fold_e,42,-0.04348838610430107,mendelian_traits,strict,auprc,linear_vs_fixed_CSVH
fold_e,314159,-0.04348838610430107,mendelian_traits,strict,auprc,linear_vs_fixed_CSVH
fold_e,20260806,-0.04348838610430107,mendelian_traits,strict,auprc,linear_vs_fixed_CSVH
fold_a,42,0.023210962292098472,mendelian_traits,strict,auprc,histgb_vs_fixed_CSVH
fold_a,314159,0.023210962292098472,mendelian_traits,strict,auprc,histgb_vs_fixed_CSVH
fold_a,20260806,0.023210962292098472,mendelian_traits,strict,auprc,histgb_vs_fixed_CSVH
fold_b,42,0.2199717383286032,mendelian_traits,strict,auprc,histgb_vs_fixed_CSVH
fold_b,314159,0.2199717383286032,mendelian_traits,strict,auprc,histgb_vs_fixed_CSVH
fold_b,20260806,0.2199717383286032,mendelian_traits,strict,auprc,histgb_vs_fixed_CSVH
fold_c,42,0.03396386703141527,mendelian_traits,strict,auprc,histgb_vs_fixed_CSVH
fold_c,314159,0.03396386703141527,mendelian_traits,strict,auprc,histgb_vs_fixed_CSVH
fold_c,20260806,0.03396386703141527,mendelian_traits,strict,auprc,histgb_vs_fixed_CSVH
fold_d,42,0.04469868664519594,mendelian_traits,strict,auprc,histgb_vs_fixed_CSVH
fold_d,314159,0.04469868664519594,mendelian_traits,strict,auprc,histgb_vs_fixed_CSVH
fold_d,20260806,0.04469868664519594,mendelian_traits,strict,auprc,histgb_vs_fixed_CSVH
fold_e,42,-0.01999959123810828,mendelian_traits,strict,auprc,histgb_vs_fixed_CSVH
fold_e,314159,-0.01999959123810828,mendelian_traits,strict,auprc,histgb_vs_fixed_CSVH
fold_e,20260806,-0.01999959123810828,mendelian_traits,strict,auprc,histgb_vs_fixed_CSVH
fold_a,42,0.027072356473033077,mendelian_traits,strict,auprc,linear_vs_fixed_CSVHT
fold_a,314159,0.016384552715924636,mendelian_traits,strict,auprc,linear_vs_fixed_CSVHT
fold_a,20260806,0.01929023716381499,mendelian_traits,strict,auprc,linear_vs_fixed_CSVHT
fold_b,42,-0.016119388483675043,mendelian_traits,strict,auprc,linear_vs_fixed_CSVHT
fold_b,314159,-0.005559616019465974,mendelian_traits,strict,auprc,linear_vs_fixed_CSVHT
fold_b,20260806,-0.038779834724290835,mendelian_traits,strict,auprc,linear_vs_fixed_CSVHT
fold_c,42,0.06033516836734104,mendelian_traits,strict,auprc,linear_vs_fixed_CSVHT
fold_c,314159,0.02440513664648318,mendelian_traits,strict,auprc,linear_vs_fixed_CSVHT
fold_c,20260806,0.048376688331912956,mendelian_traits,strict,auprc,linear_vs_fixed_CSVHT
fold_d,42,0.005550366888495639,mendelian_traits,strict,auprc,linear_vs_fixed_CSVHT
fold_d,314159,0.004500849870009552,mendelian_traits,strict,auprc,linear_vs_fixed_CSVHT
fold_d,20260806,0.008391498017613075,mendelian_traits,strict,auprc,linear_vs_fixed_CSVHT
fold_e,42,-0.08961748904626655,mendelian_traits,strict,auprc,linear_vs_fixed_CSVHT
fold_e,314159,-0.02823554943640895,mendelian_traits,strict,auprc,linear_vs_fixed_CSVHT
fold_e,20260806,-0.1283394423926859,mendelian_traits,strict,auprc,linear_vs_fixed_CSVHT
fold_a,42,0.020772532771307042,mendelian_traits,strict,auprc,histgb_vs_fixed_CSVHT
fold_a,314159,0.03137456637885175,mendelian_traits,strict,auprc,histgb_vs_fixed_CSVHT
fold_a,20260806,0.03170601670237713,mendelian_traits,strict,auprc,histgb_vs_fixed_CSVHT
fold_b,42,0.03421842517630172,mendelian_traits,strict,auprc,histgb_vs_fixed_CSVHT
fold_b,314159,0.1708618883614021,mendelian_traits,strict,auprc,histgb_vs_fixed_CSVHT
fold_b,20260806,0.23311634851270052,mendelian_traits,strict,auprc,histgb_vs_fixed_CSVHT
fold_c,42,0.057432818416785825,mendelian_traits,strict,auprc,histgb_vs_fixed_CSVHT
fold_c,314159,-0.019224391508024144,mendelian_traits,strict,auprc,histgb_vs_fixed_CSVHT
fold_c,20260806,0.00521998994424816,mendelian_traits,strict,auprc,histgb_vs_fixed_CSVHT
fold_d,42,0.07962396231270116,mendelian_traits,strict,auprc,histgb_vs_fixed_CSVHT
fold_d,314159,0.10175891281936703,mendelian_traits,strict,auprc,histgb_vs_fixed_CSVHT
fold_d,20260806,0.04254577505364637,mendelian_traits,strict,auprc,histgb_vs_fixed_CSVHT
fold_e,42,-0.05124809431757543,mendelian_traits,strict,auprc,histgb_vs_fixed_CSVHT
fold_e,314159,0.02294876491670167,mendelian_traits,strict,auprc,histgb_vs_fixed_CSVHT
fold_e,20260806,-0.13190199355529209,mendelian_traits,strict,auprc,histgb_vs_fixed_CSVHT
fold_a,42,0.015068405983852964,mendelian_traits,strict,auprc,T_given_CSV_linear
fold_a,314159,-0.00623715511871549,mendelian_traits,strict,auprc,T_given_CSV_linear
fold_a,20260806,-0.004001303112626295,mendelian_traits,strict,auprc,T_given_CSV_linear
fold_b,42,-0.006554714819514612,mendelian_traits,strict,auprc,T_given_CSV_linear
fold_b,314159,-0.017417266412292784,mendelian_traits,strict,auprc,T_given_CSV_linear
fold_b,20260806,-0.014978490338383596,mendelian_traits,strict,auprc,T_given_CSV_linear
fold_c,42,-0.0207079411558464,mendelian_traits,strict,auprc,T_given_CSV_linear
fold_c,314159,-0.018564095858807167,mendelian_traits,strict,auprc,T_given_CSV_linear
fold_c,20260806,-0.027163478405724417,mendelian_traits,strict,auprc,T_given_CSV_linear
fold_d,42,0.0013865420431329323,mendelian_traits,strict,auprc,T_given_CSV_linear
fold_d,314159,-0.0026741429541672496,mendelian_traits,strict,auprc,T_given_CSV_linear
fold_d,20260806,0.004957698021830423,mendelian_traits,strict,auprc,T_given_CSV_linear
fold_e,42,-0.0033783615084284763,mendelian_traits,strict,auprc,T_given_CSV_linear
fold_e,314159,0.005147776856456593,mendelian_traits,strict,auprc,T_given_CSV_linear
fold_e,20260806,0.0043494887180223485,mendelian_traits,strict,auprc,T_given_CSV_linear
fold_a,42,0.011750640451984345,mendelian_traits,strict,auprc,T_given_CSVH_linear
fold_a,314159,-0.005308023110808621,mendelian_traits,strict,auprc,T_given_CSVH_linear
fold_a,20260806,-0.00482205030203274,mendelian_traits,strict,auprc,T_given_CSVH_linear
fold_b,42,-0.0056076844693255384,mendelian_traits,strict,auprc,T_given_CSVH_linear
fold_b,314159,-0.015165072800589957,mendelian_traits,strict,auprc,T_given_CSVH_linear
fold_b,20260806,-0.012812631016247633,mendelian_traits,strict,auprc,T_given_CSVH_linear
fold_c,42,-0.020596998218050167,mendelian_traits,strict,auprc,T_given_CSVH_linear
fold_c,314159,-0.025299381050894965,mendelian_traits,strict,auprc,T_given_CSVH_linear
fold_c,20260806,-0.027354517362718184,mendelian_traits,strict,auprc,T_given_CSVH_linear
fold_d,42,0.006172498959167438,mendelian_traits,strict,auprc,T_given_CSVH_linear
fold_d,314159,0.009341201739185553,mendelian_traits,strict,auprc,T_given_CSVH_linear
fold_d,20260806,0.005980522002094535,mendelian_traits,strict,auprc,T_given_CSVH_linear
fold_e,42,-0.0024399285730128117,mendelian_traits,strict,auprc,T_given_CSVH_linear
fold_e,314159,0.004619688076129058,mendelian_traits,strict,auprc,T_given_CSVH_linear
fold_e,20260806,0.004556738516399428,mendelian_traits,strict,auprc,T_given_CSVH_linear
fold_a,42,-0.011784401421900528,mendelian_traits,strict,auprc,T_given_CSV_histgb
fold_a,314159,-0.012889020034646426,mendelian_traits,strict,auprc,T_given_CSV_histgb
fold_a,20260806,-0.01929039995713472,mendelian_traits,strict,auprc,T_given_CSV_histgb
fold_b,42,-0.16411208092402685,mendelian_traits,strict,auprc,T_given_CSV_histgb
fold_b,314159,-0.006214766023081131,mendelian_traits,strict,auprc,T_given_CSV_histgb
fold_b,20260806,-0.0022140064003477455,mendelian_traits,strict,auprc,T_given_CSV_histgb
fold_c,42,-0.0015805140785117855,mendelian_traits,strict,auprc,T_given_CSV_histgb
fold_c,314159,-0.04701007511530869,mendelian_traits,strict,auprc,T_given_CSV_histgb
fold_c,20260806,-0.04859238166028938,mendelian_traits,strict,auprc,T_given_CSV_histgb
fold_d,42,0.02633936325044134,mendelian_traits,strict,auprc,T_given_CSV_histgb
fold_d,314159,0.04278064738073287,mendelian_traits,strict,auprc,T_given_CSV_histgb
fold_d,20260806,-0.01020109926447614,mendelian_traits,strict,auprc,T_given_CSV_histgb
fold_e,42,0.007211355949247045,mendelian_traits,strict,auprc,T_given_CSV_histgb
fold_e,314159,0.007252775442463014,mendelian_traits,strict,auprc,T_given_CSV_histgb
fold_e,20260806,-0.019047076306778876,mendelian_traits,strict,auprc,T_given_CSV_histgb
fold_a,42,0.003377257673563422,mendelian_traits,strict,auprc,T_given_CSVH_histgb
fold_a,314159,0.007608431475423602,mendelian_traits,strict,auprc,T_given_CSVH_histgb
fold_a,20260806,0.0055201701598345115,mendelian_traits,strict,auprc,T_given_CSVH_histgb
fold_b,42,-0.18623206619701396,mendelian_traits,strict,auprc,T_given_CSVH_histgb
fold_b,314159,-0.06970576380738708,mendelian_traits,strict,auprc,T_given_CSVH_histgb
fold_b,20260806,0.028121356833078537,mendelian_traits,strict,auprc,T_given_CSVH_histgb
fold_c,42,-0.007681808515008881,mendelian_traits,strict,auprc,T_given_CSVH_histgb
fold_c,314159,-0.05311136955180579,mendelian_traits,strict,auprc,T_given_CSVH_histgb
fold_c,20260806,-0.05469367609678648,mendelian_traits,strict,auprc,T_given_CSVH_histgb
fold_d,42,0.03554740773817702,mendelian_traits,strict,auprc,T_given_CSVH_histgb
fold_d,314159,0.06190057804334709,mendelian_traits,strict,auprc,T_given_CSVH_histgb
fold_d,20260806,-0.004563887607068107,mendelian_traits,strict,auprc,T_given_CSVH_histgb
fold_e,42,0.01244067128948552,mendelian_traits,strict,auprc,T_given_CSVH_histgb
fold_e,314159,0.032315207563046885,mendelian_traits,strict,auprc,T_given_CSVH_histgb
fold_e,20260806,-0.02249460751239951,mendelian_traits,strict,auprc,T_given_CSVH_histgb
fold_a,42,0.01891277184420828,mendelian_traits,strict,auprc,T_given_CS_linear
fold_a,314159,-0.007979857357742468,mendelian_traits,strict,auprc,T_given_CS_linear
fold_a,20260806,-0.004453031750852127,mendelian_traits,strict,auprc,T_given_CS_linear
fold_b,42,-0.009029802043772475,mendelian_traits,strict,auprc,T_given_CS_linear
fold_b,314159,-0.021162479606802453,mendelian_traits,strict,auprc,T_given_CS_linear
fold_b,20260806,-0.01868754729707303,mendelian_traits,strict,auprc,T_given_CS_linear
fold_c,42,-0.025963611715914853,mendelian_traits,strict,auprc,T_given_CS_linear
fold_c,314159,-0.02475258411295242,mendelian_traits,strict,auprc,T_given_CS_linear
fold_c,20260806,-0.03735966659335058,mendelian_traits,strict,auprc,T_given_CS_linear
fold_d,42,0.007806502663632739,mendelian_traits,strict,auprc,T_given_CS_linear
fold_d,314159,0.0019116430824283742,mendelian_traits,strict,auprc,T_given_CS_linear
fold_d,20260806,0.009443952412688653,mendelian_traits,strict,auprc,T_given_CS_linear
fold_e,42,-0.007589693449764359,mendelian_traits,strict,auprc,T_given_CS_linear
fold_e,314159,0.0017589051803283129,mendelian_traits,strict,auprc,T_given_CS_linear
fold_e,20260806,0.0023783313052487265,mendelian_traits,strict,auprc,T_given_CS_linear
fold_a,42,0.0,mendelian_traits,strict,auprc,T_given_V_CS_fusion
fold_a,314159,0.0,mendelian_traits,strict,auprc,T_given_V_CS_fusion
fold_a,20260806,0.0,mendelian_traits,strict,auprc,T_given_V_CS_fusion
fold_b,42,-0.009029802043772475,mendelian_traits,strict,auprc,T_given_V_CS_fusion
fold_b,314159,-0.021162479606802453,mendelian_traits,strict,auprc,T_given_V_CS_fusion
fold_b,20260806,-0.01868754729707303,mendelian_traits,strict,auprc,T_given_V_CS_fusion
fold_c,42,0.0,mendelian_traits,strict,auprc,T_given_V_CS_fusion
fold_c,314159,0.0,mendelian_traits,strict,auprc,T_given_V_CS_fusion
fold_c,20260806,0.0,mendelian_traits,strict,auprc,T_given_V_CS_fusion
fold_d,42,0.0,mendelian_traits,strict,auprc,T_given_V_CS_fusion
fold_d,314159,0.0,mendelian_traits,strict,auprc,T_given_V_CS_fusion
fold_d,20260806,0.0,mendelian_traits,strict,auprc,T_given_V_CS_fusion
fold_e,42,0.02829095282744261,mendelian_traits,strict,auprc,T_given_V_CS_fusion
fold_e,314159,0.04731208709421579,mendelian_traits,strict,auprc,T_given_V_CS_fusion
fold_e,20260806,0.0023783313052487265,mendelian_traits,strict,auprc,T_given_V_CS_fusion
fold_a,42,0.015289481511241598,mendelian_traits,strict,auprc,T_given_CSH_linear
fold_a,314159,-0.005211054442836219,mendelian_traits,strict,auprc,T_given_CSH_linear
fold_a,20260806,-0.004679484225112593,mendelian_traits,strict,auprc,T_given_CSH_linear
fold_b,42,-0.007213308652181227,mendelian_traits,strict,auprc,T_given_CSH_linear
fold_b,314159,-0.018344077572962275,mendelian_traits,strict,auprc,T_given_CSH_linear
fold_b,20260806,-0.01592135045473314,mendelian_traits,strict,auprc,T_given_CSH_linear
fold_c,42,-0.023158966875294562,mendelian_traits,strict,auprc,T_given_CSH_linear
fold_c,314159,-0.03166739128915358,mendelian_traits,strict,auprc,T_given_CSH_linear
fold_c,20260806,-0.034546036093289656,mendelian_traits,strict,auprc,T_given_CSH_linear
fold_d,42,0.0015744297166201404,mendelian_traits,strict,auprc,T_given_CSH_linear
fold_d,314159,0.0016702673401289003,mendelian_traits,strict,auprc,T_given_CSH_linear
fold_d,20260806,-0.0019145746698628757,mendelian_traits,strict,auprc,T_given_CSH_linear
fold_e,42,-0.0069354293894599295,mendelian_traits,strict,auprc,T_given_CSH_linear
fold_e,314159,0.0011025824510713933,mendelian_traits,strict,auprc,T_given_CSH_linear
fold_e,20260806,0.0040871309562249825,mendelian_traits,strict,auprc,T_given_CSH_linear
fold_a,42,0.0,mendelian_traits,strict,auprc,T_given_V_CSH_fusion
fold_a,314159,0.0,mendelian_traits,strict,auprc,T_given_V_CSH_fusion
fold_a,20260806,0.0,mendelian_traits,strict,auprc,T_given_V_CSH_fusion
fold_b,42,-0.007213308652181227,mendelian_traits,strict,auprc,T_given_V_CSH_fusion
fold_b,314159,-0.018344077572962275,mendelian_traits,strict,auprc,T_given_V_CSH_fusion
fold_b,20260806,-0.01592135045473314,mendelian_traits,strict,auprc,T_given_V_CSH_fusion
fold_c,42,0.0,mendelian_traits,strict,auprc,T_given_V_CSH_fusion
fold_c,314159,0.0,mendelian_traits,strict,auprc,T_given_V_CSH_fusion
fold_c,20260806,0.0,mendelian_traits,strict,auprc,T_given_V_CSH_fusion
fold_d,42,0.0,mendelian_traits,strict,auprc,T_given_V_CSH_fusion
fold_d,314159,0.0,mendelian_traits,strict,auprc,T_given_V_CSH_fusion
fold_d,20260806,0.0,mendelian_traits,strict,auprc,T_given_V_CSH_fusion
fold_e,42,0.0009483950840507571,mendelian_traits,strict,auprc,T_given_V_CSH_fusion
fold_e,314159,0.07000606698032671,mendelian_traits,strict,auprc,T_given_V_CSH_fusion
fold_e,20260806,0.011084278158520616,mendelian_traits,strict,auprc,T_given_V_CSH_fusion
fold_a,42,-0.011324483388711823,mendelian_traits,strict,auprc,fusion_vs_concat_CSV
fold_a,314159,-0.011324483388711823,mendelian_traits,strict,auprc,fusion_vs_concat_CSV
fold_a,20260806,-0.011324483388711823,mendelian_traits,strict,auprc,fusion_vs_concat_CSV
fold_b,42,0.014250638672248683,mendelian_traits,strict,auprc,fusion_vs_concat_CSV
fold_b,314159,0.014250638672248683,mendelian_traits,strict,auprc,fusion_vs_concat_CSV
fold_b,20260806,0.014250638672248683,mendelian_traits,strict,auprc,fusion_vs_concat_CSV
fold_c,42,-0.057886925114051024,mendelian_traits,strict,auprc,fusion_vs_concat_CSV
fold_c,314159,-0.057886925114051024,mendelian_traits,strict,auprc,fusion_vs_concat_CSV
fold_c,20260806,-0.057886925114051024,mendelian_traits,strict,auprc,fusion_vs_concat_CSV
fold_d,42,0.13256765768771533,mendelian_traits,strict,auprc,fusion_vs_concat_CSV
fold_d,314159,0.13256765768771533,mendelian_traits,strict,auprc,fusion_vs_concat_CSV
fold_d,20260806,0.13256765768771533,mendelian_traits,strict,auprc,fusion_vs_concat_CSV
fold_e,42,0.01824492442206012,mendelian_traits,strict,auprc,fusion_vs_concat_CSV
fold_e,314159,0.01824492442206012,mendelian_traits,strict,auprc,fusion_vs_concat_CSV
fold_e,20260806,0.01824492442206012,mendelian_traits,strict,auprc,fusion_vs_concat_CSV
fold_a,42,0.0,mendelian_traits,strict,auprc,fusion_vs_V_CS
fold_a,314159,0.0,mendelian_traits,strict,auprc,fusion_vs_V_CS
fold_a,20260806,0.0,mendelian_traits,strict,auprc,fusion_vs_V_CS
fold_b,42,-0.04079834697772097,mendelian_traits,strict,auprc,fusion_vs_V_CS
fold_b,314159,-0.04079834697772097,mendelian_traits,strict,auprc,fusion_vs_V_CS
fold_b,20260806,-0.04079834697772097,mendelian_traits,strict,auprc,fusion_vs_V_CS
fold_c,42,0.0,mendelian_traits,strict,auprc,fusion_vs_V_CS
fold_c,314159,0.0,mendelian_traits,strict,auprc,fusion_vs_V_CS
fold_c,20260806,0.0,mendelian_traits,strict,auprc,fusion_vs_V_CS
fold_d,42,0.0,mendelian_traits,strict,auprc,fusion_vs_V_CS
fold_d,314159,0.0,mendelian_traits,strict,auprc,fusion_vs_V_CS
fold_d,20260806,0.0,mendelian_traits,strict,auprc,fusion_vs_V_CS
fold_e,42,-0.09717446998065339,mendelian_traits,strict,auprc,fusion_vs_V_CS
fold_e,314159,-0.09717446998065339,mendelian_traits,strict,auprc,fusion_vs_V_CS
fold_e,20260806,-0.09717446998065339,mendelian_traits,strict,auprc,fusion_vs_V_CS
fold_a,42,-0.026392889372564787,mendelian_traits,strict,auprc,fusion_vs_concat_CSVT
fold_a,314159,-0.005087328269996333,mendelian_traits,strict,auprc,fusion_vs_concat_CSVT
fold_a,20260806,-0.007323180276085528,mendelian_traits,strict,auprc,fusion_vs_concat_CSVT
fold_b,42,0.01177555144799082,mendelian_traits,strict,auprc,fusion_vs_concat_CSVT
fold_b,314159,0.010505425477739014,mendelian_traits,strict,auprc,fusion_vs_concat_CSVT
fold_b,20260806,0.010541581713559248,mendelian_traits,strict,auprc,fusion_vs_concat_CSVT
fold_c,42,-0.037178983958204626,mendelian_traits,strict,auprc,fusion_vs_concat_CSVT
fold_c,314159,-0.03932282925524386,mendelian_traits,strict,auprc,fusion_vs_concat_CSVT
fold_c,20260806,-0.030723446708326607,mendelian_traits,strict,auprc,fusion_vs_concat_CSVT
fold_d,42,0.1311811156445824,mendelian_traits,strict,auprc,fusion_vs_concat_CSVT
fold_d,314159,0.13524180064188257,mendelian_traits,strict,auprc,fusion_vs_concat_CSVT
fold_d,20260806,0.1276099596658849,mendelian_traits,strict,auprc,fusion_vs_concat_CSVT
fold_e,42,0.049914238757931204,mendelian_traits,strict,auprc,fusion_vs_concat_CSVT
fold_e,314159,0.060409234659819316,mendelian_traits,strict,auprc,fusion_vs_concat_CSVT
fold_e,20260806,0.016273767009286497,mendelian_traits,strict,auprc,fusion_vs_concat_CSVT
fold_a,42,0.0,mendelian_traits,strict,auprc,fusion_vs_V_CST
fold_a,314159,0.0,mendelian_traits,strict,auprc,fusion_vs_V_CST
fold_a,20260806,0.0,mendelian_traits,strict,auprc,fusion_vs_V_CST
fold_b,42,-0.04982814902149345,mendelian_traits,strict,auprc,fusion_vs_V_CST
fold_b,314159,-0.061960826584523426,mendelian_traits,strict,auprc,fusion_vs_V_CST
fold_b,20260806,-0.059485894274794004,mendelian_traits,strict,auprc,fusion_vs_V_CST
fold_c,42,0.0,mendelian_traits,strict,auprc,fusion_vs_V_CST
fold_c,314159,0.0,mendelian_traits,strict,auprc,fusion_vs_V_CST
fold_c,20260806,0.0,mendelian_traits,strict,auprc,fusion_vs_V_CST
fold_d,42,0.0,mendelian_traits,strict,auprc,fusion_vs_V_CST
fold_d,314159,0.0,mendelian_traits,strict,auprc,fusion_vs_V_CST
fold_d,20260806,0.0,mendelian_traits,strict,auprc,fusion_vs_V_CST
fold_e,42,-0.06888351715321078,mendelian_traits,strict,auprc,fusion_vs_V_CST
fold_e,314159,-0.0498623828864376,mendelian_traits,strict,auprc,fusion_vs_V_CST
fold_e,20260806,-0.09479613867540466,mendelian_traits,strict,auprc,fusion_vs_V_CST
fold_a,42,-0.007979652536148213,mendelian_traits,strict,auprc,fusion_vs_concat_CSVH
fold_a,314159,-0.007979652536148213,mendelian_traits,strict,auprc,fusion_vs_concat_CSVH
fold_a,20260806,-0.007979652536148213,mendelian_traits,strict,auprc,fusion_vs_concat_CSVH
fold_b,42,0.01289890073473482,mendelian_traits,strict,auprc,fusion_vs_concat_CSVH
fold_b,314159,0.01289890073473482,mendelian_traits,strict,auprc,fusion_vs_concat_CSVH
fold_b,20260806,0.01289890073473482,mendelian_traits,strict,auprc,fusion_vs_concat_CSVH
fold_c,42,-0.05110872596977076,mendelian_traits,strict,auprc,fusion_vs_concat_CSVH
fold_c,314159,-0.05110872596977076,mendelian_traits,strict,auprc,fusion_vs_concat_CSVH
fold_c,20260806,-0.05110872596977076,mendelian_traits,strict,auprc,fusion_vs_concat_CSVH
fold_d,42,0.13547009209346458,mendelian_traits,strict,auprc,fusion_vs_concat_CSVH
fold_d,314159,0.13547009209346458,mendelian_traits,strict,auprc,fusion_vs_concat_CSVH
fold_d,20260806,0.13547009209346458,mendelian_traits,strict,auprc,fusion_vs_concat_CSVH
fold_e,42,0.044873705830326974,mendelian_traits,strict,auprc,fusion_vs_concat_CSVH
fold_e,314159,0.044873705830326974,mendelian_traits,strict,auprc,fusion_vs_concat_CSVH
fold_e,20260806,0.044873705830326974,mendelian_traits,strict,auprc,fusion_vs_concat_CSVH
fold_a,42,0.0,mendelian_traits,strict,auprc,fusion_vs_V_CSH
fold_a,314159,0.0,mendelian_traits,strict,auprc,fusion_vs_V_CSH
fold_a,20260806,0.0,mendelian_traits,strict,auprc,fusion_vs_V_CSH
fold_b,42,-0.04635664930519784,mendelian_traits,strict,auprc,fusion_vs_V_CSH
fold_b,314159,-0.04635664930519784,mendelian_traits,strict,auprc,fusion_vs_V_CSH
fold_b,20260806,-0.04635664930519784,mendelian_traits,strict,auprc,fusion_vs_V_CSH
fold_c,42,0.0,mendelian_traits,strict,auprc,fusion_vs_V_CSH
fold_c,314159,0.0,mendelian_traits,strict,auprc,fusion_vs_V_CSH
fold_c,20260806,0.0,mendelian_traits,strict,auprc,fusion_vs_V_CSH
fold_d,42,0.0,mendelian_traits,strict,auprc,fusion_vs_V_CSH
fold_d,314159,0.0,mendelian_traits,strict,auprc,fusion_vs_V_CSH
fold_d,20260806,0.0,mendelian_traits,strict,auprc,fusion_vs_V_CSH
fold_e,42,-0.07000606698032671,mendelian_traits,strict,auprc,fusion_vs_V_CSH
fold_e,314159,-0.07000606698032671,mendelian_traits,strict,auprc,fusion_vs_V_CSH
fold_e,20260806,-0.07000606698032671,mendelian_traits,strict,auprc,fusion_vs_V_CSH
fold_a,42,-0.01973029298813256,mendelian_traits,strict,auprc,fusion_vs_concat_CSVHT
fold_a,314159,-0.0026716294253395917,mendelian_traits,strict,auprc,fusion_vs_concat_CSVHT
fold_a,20260806,-0.0031576022341154725,mendelian_traits,strict,auprc,fusion_vs_concat_CSVHT
fold_b,42,0.01129327655187913,mendelian_traits,strict,auprc,fusion_vs_concat_CSVHT
fold_b,314159,0.009719895962362501,mendelian_traits,strict,auprc,fusion_vs_concat_CSVHT
fold_b,20260806,0.009790181296249312,mendelian_traits,strict,auprc,fusion_vs_concat_CSVHT
fold_c,42,-0.03051172775172059,mendelian_traits,strict,auprc,fusion_vs_concat_CSVHT
fold_c,314159,-0.025809344918875793,mendelian_traits,strict,auprc,fusion_vs_concat_CSVHT
fold_c,20260806,-0.023754208607052574,mendelian_traits,strict,auprc,fusion_vs_concat_CSVHT
fold_d,42,0.12929759313429715,mendelian_traits,strict,auprc,fusion_vs_concat_CSVHT
fold_d,314159,0.12612889035427904,mendelian_traits,strict,auprc,fusion_vs_concat_CSVHT
fold_d,20260806,0.12948957009137005,mendelian_traits,strict,auprc,fusion_vs_concat_CSVHT
fold_e,42,0.04826202948739054,mendelian_traits,strict,auprc,fusion_vs_concat_CSVHT
fold_e,314159,0.11026008473452463,mendelian_traits,strict,auprc,fusion_vs_concat_CSVHT
fold_e,20260806,0.05140124547244816,mendelian_traits,strict,auprc,fusion_vs_concat_CSVHT
fold_a,42,0.0,mendelian_traits,strict,auprc,fusion_vs_V_CSHT
fold_a,314159,0.0,mendelian_traits,strict,auprc,fusion_vs_V_CSHT
fold_a,20260806,0.0,mendelian_traits,strict,auprc,fusion_vs_V_CSHT
fold_b,42,-0.053569957957379066,mendelian_traits,strict,auprc,fusion_vs_V_CSHT
fold_b,314159,-0.06470072687816011,mendelian_traits,strict,auprc,fusion_vs_V_CSHT
fold_b,20260806,-0.06227799975993098,mendelian_traits,strict,auprc,fusion_vs_V_CSHT
fold_c,42,0.0,mendelian_traits,strict,auprc,fusion_vs_V_CSHT
fold_c,314159,0.0,mendelian_traits,strict,auprc,fusion_vs_V_CSHT
fold_c,20260806,0.0,mendelian_traits,strict,auprc,fusion_vs_V_CSHT
fold_d,42,0.0,mendelian_traits,strict,auprc,fusion_vs_V_CSHT
fold_d,314159,0.0,mendelian_traits,strict,auprc,fusion_vs_V_CSHT
fold_d,20260806,0.0,mendelian_traits,strict,auprc,fusion_vs_V_CSHT
fold_e,42,-0.06905767189627596,mendelian_traits,strict,auprc,fusion_vs_V_CSHT
fold_e,314159,0.0,mendelian_traits,strict,auprc,fusion_vs_V_CSHT
fold_e,20260806,-0.0589217888218061,mendelian_traits,strict,auprc,fusion_vs_V_CSHT
fold_a,42,-0.000545093771385341,mendelian_traits,strict,chromosome_weighted_auprc,linear_vs_fixed_V
fold_a,314159,-0.000545093771385341,mendelian_traits,strict,chromosome_weighted_auprc,linear_vs_fixed_V
fold_a,20260806,-0.000545093771385341,mendelian_traits,strict,chromosome_weighted_auprc,linear_vs_fixed_V
fold_b,42,0.00030282090736696854,mendelian_traits,strict,chromosome_weighted_auprc,linear_vs_fixed_V
fold_b,314159,0.00030282090736696854,mendelian_traits,strict,chromosome_weighted_auprc,linear_vs_fixed_V
fold_b,20260806,0.00030282090736696854,mendelian_traits,strict,chromosome_weighted_auprc,linear_vs_fixed_V
fold_c,42,8.562984267873608e-05,mendelian_traits,strict,chromosome_weighted_auprc,linear_vs_fixed_V
fold_c,314159,8.562984267873608e-05,mendelian_traits,strict,chromosome_weighted_auprc,linear_vs_fixed_V
fold_c,20260806,8.562984267873608e-05,mendelian_traits,strict,chromosome_weighted_auprc,linear_vs_fixed_V
fold_d,42,0.0,mendelian_traits,strict,chromosome_weighted_auprc,linear_vs_fixed_V
fold_d,314159,0.0,mendelian_traits,strict,chromosome_weighted_auprc,linear_vs_fixed_V
fold_d,20260806,0.0,mendelian_traits,strict,chromosome_weighted_auprc,linear_vs_fixed_V
fold_e,42,9.691753380935975e-05,mendelian_traits,strict,chromosome_weighted_auprc,linear_vs_fixed_V
fold_e,314159,9.691753380935975e-05,mendelian_traits,strict,chromosome_weighted_auprc,linear_vs_fixed_V
fold_e,20260806,9.691753380935975e-05,mendelian_traits,strict,chromosome_weighted_auprc,linear_vs_fixed_V
fold_a,42,-0.0014622478131677275,mendelian_traits,strict,chromosome_weighted_auprc,histgb_vs_fixed_V
fold_a,314159,-0.0014622478131677275,mendelian_traits,strict,chromosome_weighted_auprc,histgb_vs_fixed_V
fold_a,20260806,-0.0014622478131677275,mendelian_traits,strict,chromosome_weighted_auprc,histgb_vs_fixed_V
fold_b,42,-0.02891298455571517,mendelian_traits,strict,chromosome_weighted_auprc,histgb_vs_fixed_V
fold_b,314159,-0.02891298455571517,mendelian_traits,strict,chromosome_weighted_auprc,histgb_vs_fixed_V
fold_b,20260806,-0.02891298455571517,mendelian_traits,strict,chromosome_weighted_auprc,histgb_vs_fixed_V
fold_c,42,-0.021606466029566257,mendelian_traits,strict,chromosome_weighted_auprc,histgb_vs_fixed_V
fold_c,314159,-0.021606466029566257,mendelian_traits,strict,chromosome_weighted_auprc,histgb_vs_fixed_V
fold_c,20260806,-0.021606466029566257,mendelian_traits,strict,chromosome_weighted_auprc,histgb_vs_fixed_V
fold_d,42,-0.11263033520787533,mendelian_traits,strict,chromosome_weighted_auprc,histgb_vs_fixed_V
fold_d,314159,-0.11263033520787533,mendelian_traits,strict,chromosome_weighted_auprc,histgb_vs_fixed_V
fold_d,20260806,-0.11263033520787533,mendelian_traits,strict,chromosome_weighted_auprc,histgb_vs_fixed_V
fold_e,42,-0.015795611896300438,mendelian_traits,strict,chromosome_weighted_auprc,histgb_vs_fixed_V
fold_e,314159,-0.015795611896300438,mendelian_traits,strict,chromosome_weighted_auprc,histgb_vs_fixed_V
fold_e,20260806,-0.015795611896300438,mendelian_traits,strict,chromosome_weighted_auprc,histgb_vs_fixed_V
fold_a,42,0.04340295574811842,mendelian_traits,strict,chromosome_weighted_auprc,linear_vs_fixed_CS
fold_a,314159,0.04340295574811842,mendelian_traits,strict,chromosome_weighted_auprc,linear_vs_fixed_CS
fold_a,20260806,0.04340295574811842,mendelian_traits,strict,chromosome_weighted_auprc,linear_vs_fixed_CS
fold_b,42,-0.019115317450930563,mendelian_traits,strict,chromosome_weighted_auprc,linear_vs_fixed_CS
fold_b,314159,-0.019115317450930563,mendelian_traits,strict,chromosome_weighted_auprc,linear_vs_fixed_CS
fold_b,20260806,-0.019115317450930563,mendelian_traits,strict,chromosome_weighted_auprc,linear_vs_fixed_CS
fold_c,42,0.05546955187371394,mendelian_traits,strict,chromosome_weighted_auprc,linear_vs_fixed_CS
fold_c,314159,0.05546955187371394,mendelian_traits,strict,chromosome_weighted_auprc,linear_vs_fixed_CS
fold_c,20260806,0.05546955187371394,mendelian_traits,strict,chromosome_weighted_auprc,linear_vs_fixed_CS
fold_d,42,0.0,mendelian_traits,strict,chromosome_weighted_auprc,linear_vs_fixed_CS
fold_d,314159,0.0,mendelian_traits,strict,chromosome_weighted_auprc,linear_vs_fixed_CS
fold_d,20260806,0.0,mendelian_traits,strict,chromosome_weighted_auprc,linear_vs_fixed_CS
fold_e,42,-0.09186472648369018,mendelian_traits,strict,chromosome_weighted_auprc,linear_vs_fixed_CS
fold_e,314159,-0.09186472648369018,mendelian_traits,strict,chromosome_weighted_auprc,linear_vs_fixed_CS
fold_e,20260806,-0.09186472648369018,mendelian_traits,strict,chromosome_weighted_auprc,linear_vs_fixed_CS
fold_a,42,0.053075673822767566,mendelian_traits,strict,chromosome_weighted_auprc,histgb_vs_fixed_CS
fold_a,314159,0.053075673822767566,mendelian_traits,strict,chromosome_weighted_auprc,histgb_vs_fixed_CS
fold_a,20260806,0.053075673822767566,mendelian_traits,strict,chromosome_weighted_auprc,histgb_vs_fixed_CS
fold_b,42,0.2525859569915174,mendelian_traits,strict,chromosome_weighted_auprc,histgb_vs_fixed_CS
fold_b,314159,0.2525859569915174,mendelian_traits,strict,chromosome_weighted_auprc,histgb_vs_fixed_CS
fold_b,20260806,0.2525859569915174,mendelian_traits,strict,chromosome_weighted_auprc,histgb_vs_fixed_CS
fold_c,42,0.09875868775676833,mendelian_traits,strict,chromosome_weighted_auprc,histgb_vs_fixed_CS
fold_c,314159,0.09875868775676833,mendelian_traits,strict,chromosome_weighted_auprc,histgb_vs_fixed_CS
fold_c,20260806,0.09875868775676833,mendelian_traits,strict,chromosome_weighted_auprc,histgb_vs_fixed_CS
fold_d,42,0.059456861467174396,mendelian_traits,strict,chromosome_weighted_auprc,histgb_vs_fixed_CS
fold_d,314159,0.059456861467174396,mendelian_traits,strict,chromosome_weighted_auprc,histgb_vs_fixed_CS
fold_d,20260806,0.059456861467174396,mendelian_traits,strict,chromosome_weighted_auprc,histgb_vs_fixed_CS
fold_e,42,-0.09580276465293147,mendelian_traits,strict,chromosome_weighted_auprc,histgb_vs_fixed_CS
fold_e,314159,-0.09580276465293147,mendelian_traits,strict,chromosome_weighted_auprc,histgb_vs_fixed_CS
fold_e,20260806,-0.09580276465293147,mendelian_traits,strict,chromosome_weighted_auprc,histgb_vs_fixed_CS
fold_a,42,0.02975041948566387,mendelian_traits,strict,chromosome_weighted_auprc,linear_vs_fixed_CSV
fold_a,314159,0.02975041948566387,mendelian_traits,strict,chromosome_weighted_auprc,linear_vs_fixed_CSV
fold_a,20260806,0.02975041948566387,mendelian_traits,strict,chromosome_weighted_auprc,linear_vs_fixed_CSV
fold_b,42,0.0008884452663013853,mendelian_traits,strict,chromosome_weighted_auprc,linear_vs_fixed_CSV
fold_b,314159,0.0008884452663013853,mendelian_traits,strict,chromosome_weighted_auprc,linear_vs_fixed_CSV
fold_b,20260806,0.0008884452663013853,mendelian_traits,strict,chromosome_weighted_auprc,linear_vs_fixed_CSV
fold_c,42,0.03701710105751371,mendelian_traits,strict,chromosome_weighted_auprc,linear_vs_fixed_CSV
fold_c,314159,0.03701710105751371,mendelian_traits,strict,chromosome_weighted_auprc,linear_vs_fixed_CSV
fold_c,20260806,0.03701710105751371,mendelian_traits,strict,chromosome_weighted_auprc,linear_vs_fixed_CSV
fold_d,42,0.0034313786822980225,mendelian_traits,strict,chromosome_weighted_auprc,linear_vs_fixed_CSV
fold_d,314159,0.0034313786822980225,mendelian_traits,strict,chromosome_weighted_auprc,linear_vs_fixed_CSV
fold_d,20260806,0.0034313786822980225,mendelian_traits,strict,chromosome_weighted_auprc,linear_vs_fixed_CSV
fold_e,42,-0.11075828461898728,mendelian_traits,strict,chromosome_weighted_auprc,linear_vs_fixed_CSV
fold_e,314159,-0.11075828461898728,mendelian_traits,strict,chromosome_weighted_auprc,linear_vs_fixed_CSV
fold_e,20260806,-0.11075828461898728,mendelian_traits,strict,chromosome_weighted_auprc,linear_vs_fixed_CSV
fold_a,42,0.04252346517557215,mendelian_traits,strict,chromosome_weighted_auprc,histgb_vs_fixed_CSV
fold_a,314159,0.04252346517557215,mendelian_traits,strict,chromosome_weighted_auprc,histgb_vs_fixed_CSV
fold_a,20260806,0.04252346517557215,mendelian_traits,strict,chromosome_weighted_auprc,histgb_vs_fixed_CSV
fold_b,42,0.28695043362082034,mendelian_traits,strict,chromosome_weighted_auprc,histgb_vs_fixed_CSV
fold_b,314159,0.28695043362082034,mendelian_traits,strict,chromosome_weighted_auprc,histgb_vs_fixed_CSV
fold_b,20260806,0.28695043362082034,mendelian_traits,strict,chromosome_weighted_auprc,histgb_vs_fixed_CSV
fold_c,42,0.06418180829554879,mendelian_traits,strict,chromosome_weighted_auprc,histgb_vs_fixed_CSV
fold_c,314159,0.06418180829554879,mendelian_traits,strict,chromosome_weighted_auprc,histgb_vs_fixed_CSV
fold_c,20260806,0.06418180829554879,mendelian_traits,strict,chromosome_weighted_auprc,histgb_vs_fixed_CSV
fold_d,42,0.07394713826725131,mendelian_traits,strict,chromosome_weighted_auprc,histgb_vs_fixed_CSV
fold_d,314159,0.07394713826725131,mendelian_traits,strict,chromosome_weighted_auprc,histgb_vs_fixed_CSV
fold_d,20260806,0.07394713826725131,mendelian_traits,strict,chromosome_weighted_auprc,histgb_vs_fixed_CSV
fold_e,42,-0.07330913450928689,mendelian_traits,strict,chromosome_weighted_auprc,histgb_vs_fixed_CSV
fold_e,314159,-0.07330913450928689,mendelian_traits,strict,chromosome_weighted_auprc,histgb_vs_fixed_CSV
fold_e,20260806,-0.07330913450928689,mendelian_traits,strict,chromosome_weighted_auprc,histgb_vs_fixed_CSV
fold_a,42,0.030577436796595414,mendelian_traits,strict,chromosome_weighted_auprc,linear_vs_fixed_CSVT
fold_a,314159,0.021198726054006425,mendelian_traits,strict,chromosome_weighted_auprc,linear_vs_fixed_CSVT
fold_a,20260806,0.028785421529128996,mendelian_traits,strict,chromosome_weighted_auprc,linear_vs_fixed_CSVT
fold_b,42,-0.0059248148913714355,mendelian_traits,strict,chromosome_weighted_auprc,linear_vs_fixed_CSVT
fold_b,314159,0.0015636096106493441,mendelian_traits,strict,chromosome_weighted_auprc,linear_vs_fixed_CSVT
fold_b,20260806,-0.03381376955111193,mendelian_traits,strict,chromosome_weighted_auprc,linear_vs_fixed_CSVT
fold_c,42,0.07209641892771337,mendelian_traits,strict,chromosome_weighted_auprc,linear_vs_fixed_CSVT
fold_c,314159,0.01715543403784539,mendelian_traits,strict,chromosome_weighted_auprc,linear_vs_fixed_CSVT
fold_c,20260806,0.04828331551792912,mendelian_traits,strict,chromosome_weighted_auprc,linear_vs_fixed_CSVT
fold_d,42,0.002134575451490664,mendelian_traits,strict,chromosome_weighted_auprc,linear_vs_fixed_CSVT
fold_d,314159,-0.0056901868630747365,mendelian_traits,strict,chromosome_weighted_auprc,linear_vs_fixed_CSVT
fold_d,20260806,0.008843843205870977,mendelian_traits,strict,chromosome_weighted_auprc,linear_vs_fixed_CSVT
fold_e,42,-0.0804847825351026,mendelian_traits,strict,chromosome_weighted_auprc,linear_vs_fixed_CSVT
fold_e,314159,-0.10179994133862887,mendelian_traits,strict,chromosome_weighted_auprc,linear_vs_fixed_CSVT
fold_e,20260806,-0.11546469901302442,mendelian_traits,strict,chromosome_weighted_auprc,linear_vs_fixed_CSVT
fold_a,42,0.046262221536230885,mendelian_traits,strict,chromosome_weighted_auprc,histgb_vs_fixed_CSVT
fold_a,314159,0.04596505813911074,mendelian_traits,strict,chromosome_weighted_auprc,histgb_vs_fixed_CSVT
fold_a,20260806,0.0511744731250733,mendelian_traits,strict,chromosome_weighted_auprc,histgb_vs_fixed_CSVT
fold_b,42,0.1363667166697779,mendelian_traits,strict,chromosome_weighted_auprc,histgb_vs_fixed_CSVT
fold_b,314159,0.2841447319582206,mendelian_traits,strict,chromosome_weighted_auprc,histgb_vs_fixed_CSVT
fold_b,20260806,0.22824027428058047,mendelian_traits,strict,chromosome_weighted_auprc,histgb_vs_fixed_CSVT
fold_c,42,0.12010400571893165,mendelian_traits,strict,chromosome_weighted_auprc,histgb_vs_fixed_CSVT
fold_c,314159,-0.008129967411109051,mendelian_traits,strict,chromosome_weighted_auprc,histgb_vs_fixed_CSVT
fold_c,20260806,0.0315246775728011,mendelian_traits,strict,chromosome_weighted_auprc,histgb_vs_fixed_CSVT
fold_d,42,0.11266610253360627,mendelian_traits,strict,chromosome_weighted_auprc,histgb_vs_fixed_CSVT
fold_d,314159,0.12423868683322883,mendelian_traits,strict,chromosome_weighted_auprc,histgb_vs_fixed_CSVT
fold_d,20260806,0.06742233346538098,mendelian_traits,strict,chromosome_weighted_auprc,histgb_vs_fixed_CSVT
fold_e,42,-0.04063022521843565,mendelian_traits,strict,chromosome_weighted_auprc,histgb_vs_fixed_CSVT
fold_e,314159,-0.08776448452407956,mendelian_traits,strict,chromosome_weighted_auprc,histgb_vs_fixed_CSVT
fold_e,20260806,-0.11495373470233029,mendelian_traits,strict,chromosome_weighted_auprc,histgb_vs_fixed_CSVT
fold_a,42,0.02686254774460828,mendelian_traits,strict,chromosome_weighted_auprc,linear_vs_fixed_CSVH
fold_a,314159,0.02686254774460828,mendelian_traits,strict,chromosome_weighted_auprc,linear_vs_fixed_CSVH
fold_a,20260806,0.02686254774460828,mendelian_traits,strict,chromosome_weighted_auprc,linear_vs_fixed_CSVH
fold_b,42,0.005724230666672769,mendelian_traits,strict,chromosome_weighted_auprc,linear_vs_fixed_CSVH
fold_b,314159,0.005724230666672769,mendelian_traits,strict,chromosome_weighted_auprc,linear_vs_fixed_CSVH
fold_b,20260806,0.005724230666672769,mendelian_traits,strict,chromosome_weighted_auprc,linear_vs_fixed_CSVH
fold_c,42,0.02821252176657499,mendelian_traits,strict,chromosome_weighted_auprc,linear_vs_fixed_CSVH
fold_c,314159,0.02821252176657499,mendelian_traits,strict,chromosome_weighted_auprc,linear_vs_fixed_CSVH
fold_c,20260806,0.02821252176657499,mendelian_traits,strict,chromosome_weighted_auprc,linear_vs_fixed_CSVH
fold_d,42,0.0,mendelian_traits,strict,chromosome_weighted_auprc,linear_vs_fixed_CSVH
fold_d,314159,0.0,mendelian_traits,strict,chromosome_weighted_auprc,linear_vs_fixed_CSVH
fold_d,20260806,0.0,mendelian_traits,strict,chromosome_weighted_auprc,linear_vs_fixed_CSVH
fold_e,42,-0.11279716485081666,mendelian_traits,strict,chromosome_weighted_auprc,linear_vs_fixed_CSVH
fold_e,314159,-0.11279716485081666,mendelian_traits,strict,chromosome_weighted_auprc,linear_vs_fixed_CSVH
fold_e,20260806,-0.11279716485081666,mendelian_traits,strict,chromosome_weighted_auprc,linear_vs_fixed_CSVH
fold_a,42,0.03608888709064331,mendelian_traits,strict,chromosome_weighted_auprc,histgb_vs_fixed_CSVH
fold_a,314159,0.03608888709064331,mendelian_traits,strict,chromosome_weighted_auprc,histgb_vs_fixed_CSVH
fold_a,20260806,0.03608888709064331,mendelian_traits,strict,chromosome_weighted_auprc,histgb_vs_fixed_CSVH
fold_b,42,0.30557740797191757,mendelian_traits,strict,chromosome_weighted_auprc,histgb_vs_fixed_CSVH
fold_b,314159,0.30557740797191757,mendelian_traits,strict,chromosome_weighted_auprc,histgb_vs_fixed_CSVH
fold_b,20260806,0.30557740797191757,mendelian_traits,strict,chromosome_weighted_auprc,histgb_vs_fixed_CSVH
fold_c,42,0.07353525961131416,mendelian_traits,strict,chromosome_weighted_auprc,histgb_vs_fixed_CSVH
fold_c,314159,0.07353525961131416,mendelian_traits,strict,chromosome_weighted_auprc,histgb_vs_fixed_CSVH
fold_c,20260806,0.07353525961131416,mendelian_traits,strict,chromosome_weighted_auprc,histgb_vs_fixed_CSVH
fold_d,42,0.06390022942275535,mendelian_traits,strict,chromosome_weighted_auprc,histgb_vs_fixed_CSVH
fold_d,314159,0.06390022942275535,mendelian_traits,strict,chromosome_weighted_auprc,histgb_vs_fixed_CSVH
fold_d,20260806,0.06390022942275535,mendelian_traits,strict,chromosome_weighted_auprc,histgb_vs_fixed_CSVH
fold_e,42,-0.07851925891942796,mendelian_traits,strict,chromosome_weighted_auprc,histgb_vs_fixed_CSVH
fold_e,314159,-0.07851925891942796,mendelian_traits,strict,chromosome_weighted_auprc,histgb_vs_fixed_CSVH
fold_e,20260806,-0.07851925891942796,mendelian_traits,strict,chromosome_weighted_auprc,histgb_vs_fixed_CSVH
fold_a,42,0.021838661474276128,mendelian_traits,strict,chromosome_weighted_auprc,linear_vs_fixed_CSVHT
fold_a,314159,0.01629177493142281,mendelian_traits,strict,chromosome_weighted_auprc,linear_vs_fixed_CSVHT
fold_a,20260806,0.025270780116508393,mendelian_traits,strict,chromosome_weighted_auprc,linear_vs_fixed_CSVHT
fold_b,42,-0.005191047333680129,mendelian_traits,strict,chromosome_weighted_auprc,linear_vs_fixed_CSVHT
fold_b,314159,0.002619238598790735,mendelian_traits,strict,chromosome_weighted_auprc,linear_vs_fixed_CSVHT
fold_b,20260806,-0.035750340936050964,mendelian_traits,strict,chromosome_weighted_auprc,linear_vs_fixed_CSVHT
fold_c,42,0.05983171844841986,mendelian_traits,strict,chromosome_weighted_auprc,linear_vs_fixed_CSVHT
fold_c,314159,0.002895908692527094,mendelian_traits,strict,chromosome_weighted_auprc,linear_vs_fixed_CSVHT
fold_c,20260806,0.03766583950893487,mendelian_traits,strict,chromosome_weighted_auprc,linear_vs_fixed_CSVHT
fold_d,42,0.0037162514492723037,mendelian_traits,strict,chromosome_weighted_auprc,linear_vs_fixed_CSVHT
fold_d,314159,0.0021238966554515265,mendelian_traits,strict,chromosome_weighted_auprc,linear_vs_fixed_CSVHT
fold_d,20260806,0.0077853831915176,mendelian_traits,strict,chromosome_weighted_auprc,linear_vs_fixed_CSVHT
fold_e,42,-0.13153658575875976,mendelian_traits,strict,chromosome_weighted_auprc,linear_vs_fixed_CSVHT
fold_e,314159,-0.10425801131695706,mendelian_traits,strict,chromosome_weighted_auprc,linear_vs_fixed_CSVHT
fold_e,20260806,-0.11696490396317716,mendelian_traits,strict,chromosome_weighted_auprc,linear_vs_fixed_CSVHT
fold_a,42,0.021699446299580732,mendelian_traits,strict,chromosome_weighted_auprc,histgb_vs_fixed_CSVHT
fold_a,314159,0.02976459549699209,mendelian_traits,strict,chromosome_weighted_auprc,histgb_vs_fixed_CSVHT
fold_a,20260806,0.044692297102881376,mendelian_traits,strict,chromosome_weighted_auprc,histgb_vs_fixed_CSVHT
fold_b,42,0.09238822099857509,mendelian_traits,strict,chromosome_weighted_auprc,histgb_vs_fixed_CSVHT
fold_b,314159,0.2695508265084575,mendelian_traits,strict,chromosome_weighted_auprc,histgb_vs_fixed_CSVHT
fold_b,20260806,0.2348419519197871,mendelian_traits,strict,chromosome_weighted_auprc,histgb_vs_fixed_CSVHT
fold_c,42,0.11118720936733359,mendelian_traits,strict,chromosome_weighted_auprc,histgb_vs_fixed_CSVHT
fold_c,314159,-0.016073950977608387,mendelian_traits,strict,chromosome_weighted_auprc,histgb_vs_fixed_CSVHT
fold_c,20260806,0.02053157917468701,mendelian_traits,strict,chromosome_weighted_auprc,histgb_vs_fixed_CSVHT
fold_d,42,0.10740729715566824,mendelian_traits,strict,chromosome_weighted_auprc,histgb_vs_fixed_CSVHT
fold_d,314159,0.15255227872280938,mendelian_traits,strict,chromosome_weighted_auprc,histgb_vs_fixed_CSVHT
fold_d,20260806,0.06583329944526813,mendelian_traits,strict,chromosome_weighted_auprc,histgb_vs_fixed_CSVHT
fold_e,42,-0.07238763184826491,mendelian_traits,strict,chromosome_weighted_auprc,histgb_vs_fixed_CSVHT
fold_e,314159,-0.03344344869841545,mendelian_traits,strict,chromosome_weighted_auprc,histgb_vs_fixed_CSVHT
fold_e,20260806,-0.11917842476618366,mendelian_traits,strict,chromosome_weighted_auprc,histgb_vs_fixed_CSVHT
fold_a,42,0.010903656507248477,mendelian_traits,strict,chromosome_weighted_auprc,T_given_CSV_linear
fold_a,314159,-0.00735811129110972,mendelian_traits,strict,chromosome_weighted_auprc,T_given_CSV_linear
fold_a,20260806,-0.0041798844216851955,mendelian_traits,strict,chromosome_weighted_auprc,T_given_CSV_linear
fold_b,42,-0.02197142388016883,mendelian_traits,strict,chromosome_weighted_auprc,T_given_CSV_linear
fold_b,314159,-0.03781557354039408,mendelian_traits,strict,chromosome_weighted_auprc,T_given_CSV_linear
fold_b,20260806,-0.03284937623820244,mendelian_traits,strict,chromosome_weighted_auprc,T_given_CSV_linear
fold_c,42,-0.017595873363698084,mendelian_traits,strict,chromosome_weighted_auprc,T_given_CSV_linear
fold_c,314159,-0.013452199545056859,mendelian_traits,strict,chromosome_weighted_auprc,T_given_CSV_linear
fold_c,20260806,-0.02370009816363222,mendelian_traits,strict,chromosome_weighted_auprc,T_given_CSV_linear
fold_d,42,0.0013534451903662037,mendelian_traits,strict,chromosome_weighted_auprc,T_given_CSV_linear
fold_d,314159,-0.0013272079695971495,mendelian_traits,strict,chromosome_weighted_auprc,T_given_CSV_linear
fold_d,20260806,0.004652494636880916,mendelian_traits,strict,chromosome_weighted_auprc,T_given_CSV_linear
fold_e,42,-0.005567113875319621,mendelian_traits,strict,chromosome_weighted_auprc,T_given_CSV_linear
fold_e,314159,0.01306632515890685,mendelian_traits,strict,chromosome_weighted_auprc,T_given_CSV_linear
fold_e,20260806,0.006113712696388926,mendelian_traits,strict,chromosome_weighted_auprc,T_given_CSV_linear
fold_a,42,0.011004483633499956,mendelian_traits,strict,chromosome_weighted_auprc,T_given_CSVH_linear
fold_a,314159,-0.00802924804572469,mendelian_traits,strict,chromosome_weighted_auprc,T_given_CSVH_linear
fold_a,20260806,-0.0035004195046130226,mendelian_traits,strict,chromosome_weighted_auprc,T_given_CSVH_linear
fold_b,42,-0.013981552676943898,mendelian_traits,strict,chromosome_weighted_auprc,T_given_CSVH_linear
fold_b,314159,-0.030996727891828613,mendelian_traits,strict,chromosome_weighted_auprc,T_given_CSVH_linear
fold_b,20260806,-0.025920946862062436,mendelian_traits,strict,chromosome_weighted_auprc,T_given_CSVH_linear
fold_c,42,-0.019023988198534902,mendelian_traits,strict,chromosome_weighted_auprc,T_given_CSVH_linear
fold_c,314159,-0.01784795203101719,mendelian_traits,strict,chromosome_weighted_auprc,T_given_CSVH_linear
fold_c,20260806,-0.02140468648165375,mendelian_traits,strict,chromosome_weighted_auprc,T_given_CSVH_linear
fold_d,42,0.0040324390354994355,mendelian_traits,strict,chromosome_weighted_auprc,T_given_CSVH_linear
fold_d,314159,0.006518102569878614,mendelian_traits,strict,chromosome_weighted_auprc,T_given_CSVH_linear
fold_d,20260806,0.0034492265006425132,mendelian_traits,strict,chromosome_weighted_auprc,T_given_CSVH_linear
fold_e,42,-0.004260331535296452,mendelian_traits,strict,chromosome_weighted_auprc,T_given_CSVH_linear
fold_e,314159,0.01418375781256219,mendelian_traits,strict,chromosome_weighted_auprc,T_given_CSVH_linear
fold_e,20260806,0.006427688125355643,mendelian_traits,strict,chromosome_weighted_auprc,T_given_CSVH_linear
fold_a,42,0.013815395556975668,mendelian_traits,strict,chromosome_weighted_auprc,T_given_CSV_histgb
fold_a,314159,0.004635175104086314,mendelian_traits,strict,chromosome_weighted_auprc,T_given_CSV_histgb
fold_a,20260806,0.005436121484350825,mendelian_traits,strict,chromosome_weighted_auprc,T_given_CSV_histgb
fold_b,42,-0.16574188067353846,mendelian_traits,strict,chromosome_weighted_auprc,T_given_CSV_histgb
fold_b,314159,-0.0412964395473418,mendelian_traits,strict,chromosome_weighted_auprc,T_given_CSV_histgb
fold_b,20260806,-0.05685732076102901,mendelian_traits,strict,chromosome_weighted_auprc,T_given_CSV_histgb
fold_c,42,0.0032470061894851188,mendelian_traits,strict,chromosome_weighted_auprc,T_given_CSV_histgb
fold_c,314159,-0.06590230823204637,mendelian_traits,strict,chromosome_weighted_auprc,T_given_CSV_histgb
fold_c,20260806,-0.06762344334679532,mendelian_traits,strict,chromosome_weighted_auprc,T_given_CSV_histgb
fold_d,42,0.04136921268752852,mendelian_traits,strict,chromosome_weighted_auprc,T_given_CSV_histgb
fold_d,314159,0.05808590614175313,mendelian_traits,strict,chromosome_weighted_auprc,T_given_CSV_histgb
fold_d,20260806,-0.007284774688562368,mendelian_traits,strict,chromosome_weighted_auprc,T_given_CSV_histgb
fold_e,42,-0.0031617066683530537,mendelian_traits,strict,chromosome_weighted_auprc,T_given_CSV_histgb
fold_e,314159,-0.010347368136244234,mendelian_traits,strict,chromosome_weighted_auprc,T_given_CSV_histgb
fold_e,20260806,-0.030824473102617336,mendelian_traits,strict,chromosome_weighted_auprc,T_given_CSV_histgb
fold_a,42,0.0016389291127695271,mendelian_traits,strict,chromosome_weighted_auprc,T_given_CSVH_histgb
fold_a,314159,-0.0037827668261904424,mendelian_traits,strict,chromosome_weighted_auprc,T_given_CSVH_histgb
fold_a,20260806,0.006694758135724926,mendelian_traits,strict,chromosome_weighted_auprc,T_given_CSVH_histgb
fold_b,42,-0.2162554616499335,mendelian_traits,strict,chromosome_weighted_auprc,T_given_CSVH_histgb
fold_b,314159,-0.06391831728740666,mendelian_traits,strict,chromosome_weighted_auprc,T_given_CSVH_histgb
fold_b,20260806,-0.0551818313114692,mendelian_traits,strict,chromosome_weighted_auprc,T_given_CSVH_histgb
fold_c,42,-0.012991235124360345,mendelian_traits,strict,chromosome_weighted_auprc,T_given_CSVH_histgb
fold_c,314159,-0.08214054954589184,mendelian_traits,strict,chromosome_weighted_auprc,T_given_CSVH_histgb
fold_c,20260806,-0.08386168466064078,mendelian_traits,strict,chromosome_weighted_auprc,T_given_CSVH_histgb
fold_d,42,0.043823255319140025,mendelian_traits,strict,chromosome_weighted_auprc,T_given_CSVH_histgb
fold_d,314159,0.09304625521448112,mendelian_traits,strict,chromosome_weighted_auprc,T_given_CSVH_histgb
fold_d,20260806,-0.0024030866683623087,mendelian_traits,strict,chromosome_weighted_auprc,T_given_CSVH_histgb
fold_e,42,0.020610716443809685,mendelian_traits,strict,chromosome_weighted_auprc,T_given_CSVH_histgb
fold_e,314159,0.050720414499715094,mendelian_traits,strict,chromosome_weighted_auprc,T_given_CSVH_histgb
fold_e,20260806,-0.03006373860903956,mendelian_traits,strict,chromosome_weighted_auprc,T_given_CSVH_histgb
fold_a,42,0.014668012746036768,mendelian_traits,strict,chromosome_weighted_auprc,T_given_CS_linear
fold_a,314159,-0.012417197824610232,mendelian_traits,strict,chromosome_weighted_auprc,T_given_CS_linear
fold_a,20260806,-0.010292604544709427,mendelian_traits,strict,chromosome_weighted_auprc,T_given_CS_linear
fold_b,42,-0.027316787116388408,mendelian_traits,strict,chromosome_weighted_auprc,T_given_CS_linear
fold_b,314159,-0.050179978286370275,mendelian_traits,strict,chromosome_weighted_auprc,T_given_CS_linear
fold_b,20260806,-0.04554110088387095,mendelian_traits,strict,chromosome_weighted_auprc,T_given_CS_linear
fold_c,42,-0.022907757821401364,mendelian_traits,strict,chromosome_weighted_auprc,T_given_CS_linear
fold_c,314159,-0.018014277453710537,mendelian_traits,strict,chromosome_weighted_auprc,T_given_CS_linear
fold_c,20260806,-0.0341547197607904,mendelian_traits,strict,chromosome_weighted_auprc,T_given_CS_linear
fold_d,42,0.007612844717204956,mendelian_traits,strict,chromosome_weighted_auprc,T_given_CS_linear
fold_d,314159,0.0022401345889641183,mendelian_traits,strict,chromosome_weighted_auprc,T_given_CS_linear
fold_d,20260806,0.008101759542863504,mendelian_traits,strict,chromosome_weighted_auprc,T_given_CS_linear
fold_e,42,-0.011266019480722311,mendelian_traits,strict,chromosome_weighted_auprc,T_given_CS_linear
fold_e,314159,0.01325145708238698,mendelian_traits,strict,chromosome_weighted_auprc,T_given_CS_linear
fold_e,20260806,0.007203694338291378,mendelian_traits,strict,chromosome_weighted_auprc,T_given_CS_linear
fold_a,42,0.0,mendelian_traits,strict,chromosome_weighted_auprc,T_given_V_CS_fusion
fold_a,314159,0.0,mendelian_traits,strict,chromosome_weighted_auprc,T_given_V_CS_fusion
fold_a,20260806,0.0,mendelian_traits,strict,chromosome_weighted_auprc,T_given_V_CS_fusion
fold_b,42,-0.027316787116388408,mendelian_traits,strict,chromosome_weighted_auprc,T_given_V_CS_fusion
fold_b,314159,-0.050179978286370275,mendelian_traits,strict,chromosome_weighted_auprc,T_given_V_CS_fusion
fold_b,20260806,-0.04554110088387095,mendelian_traits,strict,chromosome_weighted_auprc,T_given_V_CS_fusion
fold_c,42,0.0,mendelian_traits,strict,chromosome_weighted_auprc,T_given_V_CS_fusion
fold_c,314159,0.0,mendelian_traits,strict,chromosome_weighted_auprc,T_given_V_CS_fusion
fold_c,20260806,0.0,mendelian_traits,strict,chromosome_weighted_auprc,T_given_V_CS_fusion
fold_d,42,0.0,mendelian_traits,strict,chromosome_weighted_auprc,T_given_V_CS_fusion
fold_d,314159,0.0,mendelian_traits,strict,chromosome_weighted_auprc,T_given_V_CS_fusion
fold_d,20260806,0.0,mendelian_traits,strict,chromosome_weighted_auprc,T_given_V_CS_fusion
fold_e,42,0.033088332619376104,mendelian_traits,strict,chromosome_weighted_auprc,T_given_V_CS_fusion
fold_e,314159,0.051222991808141355,mendelian_traits,strict,chromosome_weighted_auprc,T_given_V_CS_fusion
fold_e,20260806,0.007203694338291378,mendelian_traits,strict,chromosome_weighted_auprc,T_given_V_CS_fusion
fold_a,42,0.01791044264418029,mendelian_traits,strict,chromosome_weighted_auprc,T_given_CSH_linear
fold_a,314159,-0.006673387639087577,mendelian_traits,strict,chromosome_weighted_auprc,T_given_CSH_linear
fold_a,20260806,-0.002533782920631583,mendelian_traits,strict,chromosome_weighted_auprc,T_given_CSH_linear
fold_b,42,-0.01833601263554588,mendelian_traits,strict,chromosome_weighted_auprc,T_given_CSH_linear
fold_b,314159,-0.04122440261956173,mendelian_traits,strict,chromosome_weighted_auprc,T_given_CSH_linear
fold_b,20260806,-0.03770911385019199,mendelian_traits,strict,chromosome_weighted_auprc,T_given_CSH_linear
fold_c,42,-0.02354633762304023,mendelian_traits,strict,chromosome_weighted_auprc,T_given_CSH_linear
fold_c,314159,-0.02376925190976467,mendelian_traits,strict,chromosome_weighted_auprc,T_given_CSH_linear
fold_c,20260806,-0.029712915379395383,mendelian_traits,strict,chromosome_weighted_auprc,T_given_CSH_linear
fold_d,42,0.0020281410057336607,mendelian_traits,strict,chromosome_weighted_auprc,T_given_CSH_linear
fold_d,314159,0.0026921706643276283,mendelian_traits,strict,chromosome_weighted_auprc,T_given_CSH_linear
fold_d,20260806,-0.00135633589249258,mendelian_traits,strict,chromosome_weighted_auprc,T_given_CSH_linear
fold_e,42,-0.008154165742751351,mendelian_traits,strict,chromosome_weighted_auprc,T_given_CSH_linear
fold_e,314159,0.01295063129135371,mendelian_traits,strict,chromosome_weighted_auprc,T_given_CSH_linear
fold_e,20260806,0.007897205112377959,mendelian_traits,strict,chromosome_weighted_auprc,T_given_CSH_linear
fold_a,42,0.0,mendelian_traits,strict,chromosome_weighted_auprc,T_given_V_CSH_fusion
fold_a,314159,0.0,mendelian_traits,strict,chromosome_weighted_auprc,T_given_V_CSH_fusion
fold_a,20260806,0.0,mendelian_traits,strict,chromosome_weighted_auprc,T_given_V_CSH_fusion
fold_b,42,-0.01833601263554588,mendelian_traits,strict,chromosome_weighted_auprc,T_given_V_CSH_fusion
fold_b,314159,-0.04122440261956173,mendelian_traits,strict,chromosome_weighted_auprc,T_given_V_CSH_fusion
fold_b,20260806,-0.03770911385019199,mendelian_traits,strict,chromosome_weighted_auprc,T_given_V_CSH_fusion
fold_c,42,0.0,mendelian_traits,strict,chromosome_weighted_auprc,T_given_V_CSH_fusion
fold_c,314159,0.0,mendelian_traits,strict,chromosome_weighted_auprc,T_given_V_CSH_fusion
fold_c,20260806,0.0,mendelian_traits,strict,chromosome_weighted_auprc,T_given_V_CSH_fusion
fold_d,42,0.0,mendelian_traits,strict,chromosome_weighted_auprc,T_given_V_CSH_fusion
fold_d,314159,0.0,mendelian_traits,strict,chromosome_weighted_auprc,T_given_V_CSH_fusion
fold_d,20260806,0.0,mendelian_traits,strict,chromosome_weighted_auprc,T_given_V_CSH_fusion
fold_e,42,0.007514000665011761,mendelian_traits,strict,chromosome_weighted_auprc,T_given_V_CSH_fusion
fold_e,314159,0.05367393793786185,mendelian_traits,strict,chromosome_weighted_auprc,T_given_V_CSH_fusion
fold_e,20260806,0.011033558058978793,mendelian_traits,strict,chromosome_weighted_auprc,T_given_V_CSH_fusion
fold_a,42,-0.02364179116330331,mendelian_traits,strict,chromosome_weighted_auprc,fusion_vs_concat_CSV
fold_a,314159,-0.02364179116330331,mendelian_traits,strict,chromosome_weighted_auprc,fusion_vs_concat_CSV
fold_a,20260806,-0.02364179116330331,mendelian_traits,strict,chromosome_weighted_auprc,fusion_vs_concat_CSV
fold_b,42,0.04127413269499203,mendelian_traits,strict,chromosome_weighted_auprc,fusion_vs_concat_CSV
fold_b,314159,0.04127413269499203,mendelian_traits,strict,chromosome_weighted_auprc,fusion_vs_concat_CSV
fold_b,20260806,0.04127413269499203,mendelian_traits,strict,chromosome_weighted_auprc,fusion_vs_concat_CSV
fold_c,42,-0.04374647568067011,mendelian_traits,strict,chromosome_weighted_auprc,fusion_vs_concat_CSV
fold_c,314159,-0.04374647568067011,mendelian_traits,strict,chromosome_weighted_auprc,fusion_vs_concat_CSV
fold_c,20260806,-0.04374647568067011,mendelian_traits,strict,chromosome_weighted_auprc,fusion_vs_concat_CSV
fold_d,42,0.15341685651009768,mendelian_traits,strict,chromosome_weighted_auprc,fusion_vs_concat_CSV
fold_d,314159,0.15341685651009768,mendelian_traits,strict,chromosome_weighted_auprc,fusion_vs_concat_CSV
fold_d,20260806,0.15341685651009768,mendelian_traits,strict,chromosome_weighted_auprc,fusion_vs_concat_CSV
fold_e,42,0.029889484232742666,mendelian_traits,strict,chromosome_weighted_auprc,fusion_vs_concat_CSV
fold_e,314159,0.029889484232742666,mendelian_traits,strict,chromosome_weighted_auprc,fusion_vs_concat_CSV
fold_e,20260806,0.029889484232742666,mendelian_traits,strict,chromosome_weighted_auprc,fusion_vs_concat_CSV
fold_a,42,0.0,mendelian_traits,strict,chromosome_weighted_auprc,fusion_vs_V_CS
fold_a,314159,0.0,mendelian_traits,strict,chromosome_weighted_auprc,fusion_vs_V_CS
fold_a,20260806,0.0,mendelian_traits,strict,chromosome_weighted_auprc,fusion_vs_V_CS
fold_b,42,-0.010639444206180432,mendelian_traits,strict,chromosome_weighted_auprc,fusion_vs_V_CS
fold_b,314159,-0.010639444206180432,mendelian_traits,strict,chromosome_weighted_auprc,fusion_vs_V_CS
fold_b,20260806,-0.010639444206180432,mendelian_traits,strict,chromosome_weighted_auprc,fusion_vs_V_CS
fold_c,42,0.0,mendelian_traits,strict,chromosome_weighted_auprc,fusion_vs_V_CS
fold_c,314159,0.0,mendelian_traits,strict,chromosome_weighted_auprc,fusion_vs_V_CS
fold_c,20260806,0.0,mendelian_traits,strict,chromosome_weighted_auprc,fusion_vs_V_CS
fold_d,42,0.0,mendelian_traits,strict,chromosome_weighted_auprc,fusion_vs_V_CS
fold_d,314159,0.0,mendelian_traits,strict,chromosome_weighted_auprc,fusion_vs_V_CS
fold_d,20260806,0.0,mendelian_traits,strict,chromosome_weighted_auprc,fusion_vs_V_CS
fold_e,42,-0.07877355199737038,mendelian_traits,strict,chromosome_weighted_auprc,fusion_vs_V_CS
fold_e,314159,-0.07877355199737038,mendelian_traits,strict,chromosome_weighted_auprc,fusion_vs_V_CS
fold_e,20260806,-0.07877355199737038,mendelian_traits,strict,chromosome_weighted_auprc,fusion_vs_V_CS
fold_a,42,-0.03454544767055179,mendelian_traits,strict,chromosome_weighted_auprc,fusion_vs_concat_CSVT
fold_a,314159,-0.01628367987219359,mendelian_traits,strict,chromosome_weighted_auprc,fusion_vs_concat_CSVT
fold_a,20260806,-0.019461906741618115,mendelian_traits,strict,chromosome_weighted_auprc,fusion_vs_concat_CSVT
fold_b,42,0.03592876945877245,mendelian_traits,strict,chromosome_weighted_auprc,fusion_vs_concat_CSVT
fold_b,314159,0.028909727949015834,mendelian_traits,strict,chromosome_weighted_auprc,fusion_vs_concat_CSVT
fold_b,20260806,0.02858240804932352,mendelian_traits,strict,chromosome_weighted_auprc,fusion_vs_concat_CSVT
fold_c,42,-0.026150602316972027,mendelian_traits,strict,chromosome_weighted_auprc,fusion_vs_concat_CSVT
fold_c,314159,-0.03029427613561325,mendelian_traits,strict,chromosome_weighted_auprc,fusion_vs_concat_CSVT
fold_c,20260806,-0.02004637751703789,mendelian_traits,strict,chromosome_weighted_auprc,fusion_vs_concat_CSVT
fold_d,42,0.15206341131973147,mendelian_traits,strict,chromosome_weighted_auprc,fusion_vs_concat_CSVT
fold_d,314159,0.15474406447969483,mendelian_traits,strict,chromosome_weighted_auprc,fusion_vs_concat_CSVT
fold_d,20260806,0.14876436187321676,mendelian_traits,strict,chromosome_weighted_auprc,fusion_vs_concat_CSVT
fold_e,42,0.06854493072743839,mendelian_traits,strict,chromosome_weighted_auprc,fusion_vs_concat_CSVT
fold_e,314159,0.06804615088197717,mendelian_traits,strict,chromosome_weighted_auprc,fusion_vs_concat_CSVT
fold_e,20260806,0.030979465874645118,mendelian_traits,strict,chromosome_weighted_auprc,fusion_vs_concat_CSVT
fold_a,42,0.0,mendelian_traits,strict,chromosome_weighted_auprc,fusion_vs_V_CST
fold_a,314159,0.0,mendelian_traits,strict,chromosome_weighted_auprc,fusion_vs_V_CST
fold_a,20260806,0.0,mendelian_traits,strict,chromosome_weighted_auprc,fusion_vs_V_CST
fold_b,42,-0.03795623132256884,mendelian_traits,strict,chromosome_weighted_auprc,fusion_vs_V_CST
fold_b,314159,-0.06081942249255071,mendelian_traits,strict,chromosome_weighted_auprc,fusion_vs_V_CST
fold_b,20260806,-0.05618054509005138,mendelian_traits,strict,chromosome_weighted_auprc,fusion_vs_V_CST
fold_c,42,0.0,mendelian_traits,strict,chromosome_weighted_auprc,fusion_vs_V_CST
fold_c,314159,0.0,mendelian_traits,strict,chromosome_weighted_auprc,fusion_vs_V_CST
fold_c,20260806,0.0,mendelian_traits,strict,chromosome_weighted_auprc,fusion_vs_V_CST
fold_d,42,0.0,mendelian_traits,strict,chromosome_weighted_auprc,fusion_vs_V_CST
fold_d,314159,0.0,mendelian_traits,strict,chromosome_weighted_auprc,fusion_vs_V_CST
fold_d,20260806,0.0,mendelian_traits,strict,chromosome_weighted_auprc,fusion_vs_V_CST
fold_e,42,-0.045685219377994274,mendelian_traits,strict,chromosome_weighted_auprc,fusion_vs_V_CST
fold_e,314159,-0.027550560189229023,mendelian_traits,strict,chromosome_weighted_auprc,fusion_vs_V_CST
fold_e,20260806,-0.071569857659079,mendelian_traits,strict,chromosome_weighted_auprc,fusion_vs_V_CST
fold_a,42,-0.019836101305836434,mendelian_traits,strict,chromosome_weighted_auprc,fusion_vs_concat_CSVH
fold_a,314159,-0.019836101305836434,mendelian_traits,strict,chromosome_weighted_auprc,fusion_vs_concat_CSVH
fold_a,20260806,-0.019836101305836434,mendelian_traits,strict,chromosome_weighted_auprc,fusion_vs_concat_CSVH
fold_b,42,0.03838671980371475,mendelian_traits,strict,chromosome_weighted_auprc,fusion_vs_concat_CSVH
fold_b,314159,0.03838671980371475,mendelian_traits,strict,chromosome_weighted_auprc,fusion_vs_concat_CSVH
fold_b,20260806,0.03838671980371475,mendelian_traits,strict,chromosome_weighted_auprc,fusion_vs_concat_CSVH
fold_c,42,-0.04182668638781148,mendelian_traits,strict,chromosome_weighted_auprc,fusion_vs_concat_CSVH
fold_c,314159,-0.04182668638781148,mendelian_traits,strict,chromosome_weighted_auprc,fusion_vs_concat_CSVH
fold_c,20260806,-0.04182668638781148,mendelian_traits,strict,chromosome_weighted_auprc,fusion_vs_concat_CSVH
fold_d,42,0.15370229612101544,mendelian_traits,strict,chromosome_weighted_auprc,fusion_vs_concat_CSVH
fold_d,314159,0.15370229612101544,mendelian_traits,strict,chromosome_weighted_auprc,fusion_vs_concat_CSVH
fold_d,20260806,0.15370229612101544,mendelian_traits,strict,chromosome_weighted_auprc,fusion_vs_concat_CSVH
fold_e,42,0.05474798291074699,mendelian_traits,strict,chromosome_weighted_auprc,fusion_vs_concat_CSVH
fold_e,314159,0.05474798291074699,mendelian_traits,strict,chromosome_weighted_auprc,fusion_vs_concat_CSVH
fold_e,20260806,0.05474798291074699,mendelian_traits,strict,chromosome_weighted_auprc,fusion_vs_concat_CSVH
fold_a,42,0.0,mendelian_traits,strict,chromosome_weighted_auprc,fusion_vs_V_CSH
fold_a,314159,0.0,mendelian_traits,strict,chromosome_weighted_auprc,fusion_vs_V_CSH
fold_a,20260806,0.0,mendelian_traits,strict,chromosome_weighted_auprc,fusion_vs_V_CSH
fold_b,42,-0.025579339794366968,mendelian_traits,strict,chromosome_weighted_auprc,fusion_vs_V_CSH
fold_b,314159,-0.025579339794366968,mendelian_traits,strict,chromosome_weighted_auprc,fusion_vs_V_CSH
fold_b,20260806,-0.025579339794366968,mendelian_traits,strict,chromosome_weighted_auprc,fusion_vs_V_CSH
fold_c,42,0.0,mendelian_traits,strict,chromosome_weighted_auprc,fusion_vs_V_CSH
fold_c,314159,0.0,mendelian_traits,strict,chromosome_weighted_auprc,fusion_vs_V_CSH
fold_c,20260806,0.0,mendelian_traits,strict,chromosome_weighted_auprc,fusion_vs_V_CSH
fold_d,42,0.0,mendelian_traits,strict,chromosome_weighted_auprc,fusion_vs_V_CSH
fold_d,314159,0.0,mendelian_traits,strict,chromosome_weighted_auprc,fusion_vs_V_CSH
fold_d,20260806,0.0,mendelian_traits,strict,chromosome_weighted_auprc,fusion_vs_V_CSH
fold_e,42,-0.05367393793786185,mendelian_traits,strict,chromosome_weighted_auprc,fusion_vs_V_CSH
fold_e,314159,-0.05367393793786185,mendelian_traits,strict,chromosome_weighted_auprc,fusion_vs_V_CSH
fold_e,20260806,-0.05367393793786185,mendelian_traits,strict,chromosome_weighted_auprc,fusion_vs_V_CSH
fold_a,42,-0.03084058493933639,mendelian_traits,strict,chromosome_weighted_auprc,fusion_vs_concat_CSVHT
fold_a,314159,-0.011806853260111744,mendelian_traits,strict,chromosome_weighted_auprc,fusion_vs_concat_CSVHT
fold_a,20260806,-0.016335681801223412,mendelian_traits,strict,chromosome_weighted_auprc,fusion_vs_concat_CSVHT
fold_b,42,0.03403225984511277,mendelian_traits,strict,chromosome_weighted_auprc,fusion_vs_concat_CSVHT
fold_b,314159,0.02815904507598163,mendelian_traits,strict,chromosome_weighted_auprc,fusion_vs_concat_CSVHT
fold_b,20260806,0.026598552815585194,mendelian_traits,strict,chromosome_weighted_auprc,fusion_vs_concat_CSVHT
fold_c,42,-0.022802698189276577,mendelian_traits,strict,chromosome_weighted_auprc,fusion_vs_concat_CSVHT
fold_c,314159,-0.02397873435679429,mendelian_traits,strict,chromosome_weighted_auprc,fusion_vs_concat_CSVHT
fold_c,20260806,-0.02042199990615773,mendelian_traits,strict,chromosome_weighted_auprc,fusion_vs_concat_CSVHT
fold_d,42,0.149669857085516,mendelian_traits,strict,chromosome_weighted_auprc,fusion_vs_concat_CSVHT
fold_d,314159,0.14718419355113682,mendelian_traits,strict,chromosome_weighted_auprc,fusion_vs_concat_CSVHT
fold_d,20260806,0.1502530696203729,mendelian_traits,strict,chromosome_weighted_auprc,fusion_vs_concat_CSVHT
fold_e,42,0.0665223151110552,mendelian_traits,strict,chromosome_weighted_auprc,fusion_vs_concat_CSVHT
fold_e,314159,0.09423816303604665,mendelian_traits,strict,chromosome_weighted_auprc,fusion_vs_concat_CSVHT
fold_e,20260806,0.05935385284437014,mendelian_traits,strict,chromosome_weighted_auprc,fusion_vs_concat_CSVHT
fold_a,42,0.0,mendelian_traits,strict,chromosome_weighted_auprc,fusion_vs_V_CSHT
fold_a,314159,0.0,mendelian_traits,strict,chromosome_weighted_auprc,fusion_vs_V_CSHT
fold_a,20260806,0.0,mendelian_traits,strict,chromosome_weighted_auprc,fusion_vs_V_CSHT
fold_b,42,-0.043915352429912846,mendelian_traits,strict,chromosome_weighted_auprc,fusion_vs_V_CSHT
fold_b,314159,-0.0668037424139287,mendelian_traits,strict,chromosome_weighted_auprc,fusion_vs_V_CSHT
fold_b,20260806,-0.06328845364455896,mendelian_traits,strict,chromosome_weighted_auprc,fusion_vs_V_CSHT
fold_c,42,0.0,mendelian_traits,strict,chromosome_weighted_auprc,fusion_vs_V_CSHT
fold_c,314159,0.0,mendelian_traits,strict,chromosome_weighted_auprc,fusion_vs_V_CSHT
fold_c,20260806,0.0,mendelian_traits,strict,chromosome_weighted_auprc,fusion_vs_V_CSHT
fold_d,42,0.0,mendelian_traits,strict,chromosome_weighted_auprc,fusion_vs_V_CSHT
fold_d,314159,0.0,mendelian_traits,strict,chromosome_weighted_auprc,fusion_vs_V_CSHT
fold_d,20260806,0.0,mendelian_traits,strict,chromosome_weighted_auprc,fusion_vs_V_CSHT
fold_e,42,-0.04615993727285009,mendelian_traits,strict,chromosome_weighted_auprc,fusion_vs_V_CSHT
fold_e,314159,0.0,mendelian_traits,strict,chromosome_weighted_auprc,fusion_vs_V_CSHT
fold_e,20260806,-0.042640379878883056,mendelian_traits,strict,chromosome_weighted_auprc,fusion_vs_V_CSHT
fold_a,42,-0.006145833333333406,mendelian_traits,strict,auroc,linear_vs_fixed_V
fold_a,314159,-0.006145833333333406,mendelian_traits,strict,auroc,linear_vs_fixed_V
fold_a,20260806,-0.006145833333333406,mendelian_traits,strict,auroc,linear_vs_fixed_V
fold_b,42,-0.00016528925619840873,mendelian_traits,strict,auroc,linear_vs_fixed_V
fold_b,314159,-0.00016528925619840873,mendelian_traits,strict,auroc,linear_vs_fixed_V
fold_b,20260806,-0.00016528925619840873,mendelian_traits,strict,auroc,linear_vs_fixed_V
fold_c,42,0.00024315199805469145,mendelian_traits,strict,auroc,linear_vs_fixed_V
fold_c,314159,0.00024315199805469145,mendelian_traits,strict,auroc,linear_vs_fixed_V
fold_c,20260806,0.00024315199805469145,mendelian_traits,strict,auroc,linear_vs_fixed_V
fold_d,42,0.0,mendelian_traits,strict,auroc,linear_vs_fixed_V
fold_d,314159,0.0,mendelian_traits,strict,auroc,linear_vs_fixed_V
fold_d,20260806,0.0,mendelian_traits,strict,auroc,linear_vs_fixed_V
fold_e,42,0.00032873109796183186,mendelian_traits,strict,auroc,linear_vs_fixed_V
fold_e,314159,0.00032873109796183186,mendelian_traits,strict,auroc,linear_vs_fixed_V
fold_e,20260806,0.00032873109796183186,mendelian_traits,strict,auroc,linear_vs_fixed_V
fold_a,42,-0.023984375000000058,mendelian_traits,strict,auroc,histgb_vs_fixed_V
fold_a,314159,-0.023984375000000058,mendelian_traits,strict,auroc,histgb_vs_fixed_V
fold_a,20260806,-0.023984375000000058,mendelian_traits,strict,auroc,histgb_vs_fixed_V
fold_b,42,-0.016602387511478467,mendelian_traits,strict,auroc,histgb_vs_fixed_V
fold_b,314159,-0.016602387511478467,mendelian_traits,strict,auroc,histgb_vs_fixed_V
fold_b,20260806,-0.016602387511478467,mendelian_traits,strict,auroc,histgb_vs_fixed_V
fold_c,42,-0.06848937145208511,mendelian_traits,strict,auroc,histgb_vs_fixed_V
fold_c,314159,-0.06848937145208511,mendelian_traits,strict,auroc,histgb_vs_fixed_V
fold_c,20260806,-0.06848937145208511,mendelian_traits,strict,auroc,histgb_vs_fixed_V
fold_d,42,-0.16139225297962323,mendelian_traits,strict,auroc,histgb_vs_fixed_V
fold_d,314159,-0.16139225297962323,mendelian_traits,strict,auroc,histgb_vs_fixed_V
fold_d,20260806,-0.16139225297962323,mendelian_traits,strict,auroc,histgb_vs_fixed_V
fold_e,42,-0.0315581854043393,mendelian_traits,strict,auroc,histgb_vs_fixed_V
fold_e,314159,-0.0315581854043393,mendelian_traits,strict,auroc,histgb_vs_fixed_V
fold_e,20260806,-0.0315581854043393,mendelian_traits,strict,auroc,histgb_vs_fixed_V
fold_a,42,0.15289062500000006,mendelian_traits,strict,auroc,linear_vs_fixed_CS
fold_a,314159,0.15289062500000006,mendelian_traits,strict,auroc,linear_vs_fixed_CS
fold_a,20260806,0.15289062500000006,mendelian_traits,strict,auroc,linear_vs_fixed_CS
fold_b,42,-0.01733700642791547,mendelian_traits,strict,auroc,linear_vs_fixed_CS
fold_b,314159,-0.01733700642791547,mendelian_traits,strict,auroc,linear_vs_fixed_CS
fold_b,20260806,-0.01733700642791547,mendelian_traits,strict,auroc,linear_vs_fixed_CS
fold_c,42,0.05799175153606595,mendelian_traits,strict,auroc,linear_vs_fixed_CS
fold_c,314159,0.05799175153606595,mendelian_traits,strict,auroc,linear_vs_fixed_CS
fold_c,20260806,0.05799175153606595,mendelian_traits,strict,auroc,linear_vs_fixed_CS
fold_d,42,0.0,mendelian_traits,strict,auroc,linear_vs_fixed_CS
fold_d,314159,0.0,mendelian_traits,strict,auroc,linear_vs_fixed_CS
fold_d,20260806,0.0,mendelian_traits,strict,auroc,linear_vs_fixed_CS
fold_e,42,0.11982248520710059,mendelian_traits,strict,auroc,linear_vs_fixed_CS
fold_e,314159,0.11982248520710059,mendelian_traits,strict,auroc,linear_vs_fixed_CS
fold_e,20260806,0.11982248520710059,mendelian_traits,strict,auroc,linear_vs_fixed_CS
fold_a,42,0.10769965277777782,mendelian_traits,strict,auroc,histgb_vs_fixed_CS
fold_a,314159,0.10769965277777782,mendelian_traits,strict,auroc,histgb_vs_fixed_CS
fold_a,20260806,0.10769965277777782,mendelian_traits,strict,auroc,histgb_vs_fixed_CS
fold_b,42,0.19294765840220407,mendelian_traits,strict,auroc,histgb_vs_fixed_CS
fold_b,314159,0.19294765840220407,mendelian_traits,strict,auroc,histgb_vs_fixed_CS
fold_b,20260806,0.19294765840220407,mendelian_traits,strict,auroc,histgb_vs_fixed_CS
fold_c,42,0.05604653555162775,mendelian_traits,strict,auroc,histgb_vs_fixed_CS
fold_c,314159,0.05604653555162775,mendelian_traits,strict,auroc,histgb_vs_fixed_CS
fold_c,20260806,0.05604653555162775,mendelian_traits,strict,auroc,histgb_vs_fixed_CS
fold_d,42,0.22445693963860053,mendelian_traits,strict,auroc,histgb_vs_fixed_CS
fold_d,314159,0.22445693963860053,mendelian_traits,strict,auroc,histgb_vs_fixed_CS
fold_d,20260806,0.22445693963860053,mendelian_traits,strict,auroc,histgb_vs_fixed_CS
fold_e,42,-0.04487179487179488,mendelian_traits,strict,auroc,histgb_vs_fixed_CS
fold_e,314159,-0.04487179487179488,mendelian_traits,strict,auroc,histgb_vs_fixed_CS
fold_e,20260806,-0.04487179487179488,mendelian_traits,strict,auroc,histgb_vs_fixed_CS
fold_a,42,0.15276041666666673,mendelian_traits,strict,auroc,linear_vs_fixed_CSV
fold_a,314159,0.15276041666666673,mendelian_traits,strict,auroc,linear_vs_fixed_CSV
fold_a,20260806,0.15276041666666673,mendelian_traits,strict,auroc,linear_vs_fixed_CSV
fold_b,42,-0.02427915518824586,mendelian_traits,strict,auroc,linear_vs_fixed_CSV
fold_b,314159,-0.02427915518824586,mendelian_traits,strict,auroc,linear_vs_fixed_CSV
fold_b,20260806,-0.02427915518824586,mendelian_traits,strict,auroc,linear_vs_fixed_CSV
fold_c,42,0.0551113355591093,mendelian_traits,strict,auroc,linear_vs_fixed_CSV
fold_c,314159,0.0551113355591093,mendelian_traits,strict,auroc,linear_vs_fixed_CSV
fold_c,20260806,0.0551113355591093,mendelian_traits,strict,auroc,linear_vs_fixed_CSV
fold_d,42,0.02792195309496348,mendelian_traits,strict,auroc,linear_vs_fixed_CSV
fold_d,314159,0.02792195309496348,mendelian_traits,strict,auroc,linear_vs_fixed_CSV
fold_d,20260806,0.02792195309496348,mendelian_traits,strict,auroc,linear_vs_fixed_CSV
fold_e,42,0.11735700197238663,mendelian_traits,strict,auroc,linear_vs_fixed_CSV
fold_e,314159,0.11735700197238663,mendelian_traits,strict,auroc,linear_vs_fixed_CSV
fold_e,20260806,0.11735700197238663,mendelian_traits,strict,auroc,linear_vs_fixed_CSV
fold_a,42,0.0906076388888889,mendelian_traits,strict,auroc,histgb_vs_fixed_CSV
fold_a,314159,0.0906076388888889,mendelian_traits,strict,auroc,histgb_vs_fixed_CSV
fold_a,20260806,0.0906076388888889,mendelian_traits,strict,auroc,histgb_vs_fixed_CSV
fold_b,42,0.17948576675849426,mendelian_traits,strict,auroc,histgb_vs_fixed_CSV
fold_b,314159,0.17948576675849426,mendelian_traits,strict,auroc,histgb_vs_fixed_CSV
fold_b,20260806,0.17948576675849426,mendelian_traits,strict,auroc,histgb_vs_fixed_CSV
fold_c,42,0.029229675766162644,mendelian_traits,strict,auroc,histgb_vs_fixed_CSV
fold_c,314159,0.029229675766162644,mendelian_traits,strict,auroc,histgb_vs_fixed_CSV
fold_c,20260806,0.029229675766162644,mendelian_traits,strict,auroc,histgb_vs_fixed_CSV
fold_d,42,0.19652297193387158,mendelian_traits,strict,auroc,histgb_vs_fixed_CSV
fold_d,314159,0.19652297193387158,mendelian_traits,strict,auroc,histgb_vs_fixed_CSV
fold_d,20260806,0.19652297193387158,mendelian_traits,strict,auroc,histgb_vs_fixed_CSV
fold_e,42,-0.04191321499013806,mendelian_traits,strict,auroc,histgb_vs_fixed_CSV
fold_e,314159,-0.04191321499013806,mendelian_traits,strict,auroc,histgb_vs_fixed_CSV
fold_e,20260806,-0.04191321499013806,mendelian_traits,strict,auroc,histgb_vs_fixed_CSV
fold_a,42,0.1806336805555555,mendelian_traits,strict,auroc,linear_vs_fixed_CSVT
fold_a,314159,0.13217013888888884,mendelian_traits,strict,auroc,linear_vs_fixed_CSVT
fold_a,20260806,0.16188368055555552,mendelian_traits,strict,auroc,linear_vs_fixed_CSVT
fold_b,42,-0.07133149678604211,mendelian_traits,strict,auroc,linear_vs_fixed_CSVT
fold_b,314159,-0.051496786042240505,mendelian_traits,strict,auroc,linear_vs_fixed_CSVT
fold_b,20260806,-0.16297520661157022,mendelian_traits,strict,auroc,linear_vs_fixed_CSVT
fold_c,42,0.10407840716737277,mendelian_traits,strict,auroc,linear_vs_fixed_CSVT
fold_c,314159,0.02371667181026671,mendelian_traits,strict,auroc,linear_vs_fixed_CSVT
fold_c,20260806,0.08964827128281389,mendelian_traits,strict,auroc,linear_vs_fixed_CSVT
fold_d,42,0.023380430603614,mendelian_traits,strict,auroc,linear_vs_fixed_CSVT
fold_d,314159,-0.023044021530180647,mendelian_traits,strict,auroc,linear_vs_fixed_CSVT
fold_d,20260806,0.06990099961553242,mendelian_traits,strict,auroc,linear_vs_fixed_CSVT
fold_e,42,-0.002218934911242698,mendelian_traits,strict,auroc,linear_vs_fixed_CSVT
fold_e,314159,0.12023339907955288,mendelian_traits,strict,auroc,linear_vs_fixed_CSVT
fold_e,20260806,0.04930966469428,mendelian_traits,strict,auroc,linear_vs_fixed_CSVT
fold_a,42,0.1241927083333334,mendelian_traits,strict,auroc,histgb_vs_fixed_CSVT
fold_a,314159,0.028090277777777783,mendelian_traits,strict,auroc,histgb_vs_fixed_CSVT
fold_a,20260806,0.10065104166666672,mendelian_traits,strict,auroc,histgb_vs_fixed_CSVT
fold_b,42,0.03647382920110209,mendelian_traits,strict,auroc,histgb_vs_fixed_CSVT
fold_b,314159,0.14668503213957762,mendelian_traits,strict,auroc,histgb_vs_fixed_CSVT
fold_b,20260806,0.018145087235996282,mendelian_traits,strict,auroc,histgb_vs_fixed_CSVT
fold_c,42,0.19474137044206902,mendelian_traits,strict,auroc,histgb_vs_fixed_CSVT
fold_c,314159,-0.06920479944636149,mendelian_traits,strict,auroc,histgb_vs_fixed_CSVT
fold_c,20260806,0.025184935798520602,mendelian_traits,strict,auroc,histgb_vs_fixed_CSVT
fold_d,42,0.22719627066512887,mendelian_traits,strict,auroc,histgb_vs_fixed_CSVT
fold_d,314159,0.26518646674356017,mendelian_traits,strict,auroc,histgb_vs_fixed_CSVT
fold_d,20260806,0.14158016147635516,mendelian_traits,strict,auroc,histgb_vs_fixed_CSVT
fold_e,42,0.0005752794214331503,mendelian_traits,strict,auroc,histgb_vs_fixed_CSVT
fold_e,314159,0.07404667981591051,mendelian_traits,strict,auroc,histgb_vs_fixed_CSVT
fold_e,20260806,-0.0817718606180145,mendelian_traits,strict,auroc,histgb_vs_fixed_CSVT
fold_a,42,0.13953125,mendelian_traits,strict,auroc,linear_vs_fixed_CSVH
fold_a,314159,0.13953125,mendelian_traits,strict,auroc,linear_vs_fixed_CSVH
fold_a,20260806,0.13953125,mendelian_traits,strict,auroc,linear_vs_fixed_CSVH
fold_b,42,-0.028062442607897142,mendelian_traits,strict,auroc,linear_vs_fixed_CSVH
fold_b,314159,-0.028062442607897142,mendelian_traits,strict,auroc,linear_vs_fixed_CSVH
fold_b,20260806,-0.028062442607897142,mendelian_traits,strict,auroc,linear_vs_fixed_CSVH
fold_c,42,0.04647008762823923,mendelian_traits,strict,auroc,linear_vs_fixed_CSVH
fold_c,314159,0.04647008762823923,mendelian_traits,strict,auroc,linear_vs_fixed_CSVH
fold_c,20260806,0.04647008762823923,mendelian_traits,strict,auroc,linear_vs_fixed_CSVH
fold_d,42,0.0,mendelian_traits,strict,auroc,linear_vs_fixed_CSVH
fold_d,314159,0.0,mendelian_traits,strict,auroc,linear_vs_fixed_CSVH
fold_d,20260806,0.0,mendelian_traits,strict,auroc,linear_vs_fixed_CSVH
fold_e,42,0.10338593030900728,mendelian_traits,strict,auroc,linear_vs_fixed_CSVH
fold_e,314159,0.10338593030900728,mendelian_traits,strict,auroc,linear_vs_fixed_CSVH
fold_e,20260806,0.10338593030900728,mendelian_traits,strict,auroc,linear_vs_fixed_CSVH
fold_a,42,0.07447916666666671,mendelian_traits,strict,auroc,histgb_vs_fixed_CSVH
fold_a,314159,0.07447916666666671,mendelian_traits,strict,auroc,histgb_vs_fixed_CSVH
fold_a,20260806,0.07447916666666671,mendelian_traits,strict,auroc,histgb_vs_fixed_CSVH
fold_b,42,0.19043158861340692,mendelian_traits,strict,auroc,histgb_vs_fixed_CSVH
fold_b,314159,0.19043158861340692,mendelian_traits,strict,auroc,histgb_vs_fixed_CSVH
fold_b,20260806,0.19043158861340692,mendelian_traits,strict,auroc,histgb_vs_fixed_CSVH
fold_c,42,0.020064715839482217,mendelian_traits,strict,auroc,histgb_vs_fixed_CSVH
fold_c,314159,0.020064715839482217,mendelian_traits,strict,auroc,histgb_vs_fixed_CSVH
fold_c,20260806,0.020064715839482217,mendelian_traits,strict,auroc,histgb_vs_fixed_CSVH
fold_d,42,0.15739138792772006,mendelian_traits,strict,auroc,histgb_vs_fixed_CSVH
fold_d,314159,0.15739138792772006,mendelian_traits,strict,auroc,histgb_vs_fixed_CSVH
fold_d,20260806,0.15739138792772006,mendelian_traits,strict,auroc,histgb_vs_fixed_CSVH
fold_e,42,-0.05522682445759364,mendelian_traits,strict,auroc,histgb_vs_fixed_CSVH
fold_e,314159,-0.05522682445759364,mendelian_traits,strict,auroc,histgb_vs_fixed_CSVH
fold_e,20260806,-0.05522682445759364,mendelian_traits,strict,auroc,histgb_vs_fixed_CSVH
fold_a,42,0.16060763888888885,mendelian_traits,strict,auroc,linear_vs_fixed_CSVHT
fold_a,314159,0.12329861111111118,mendelian_traits,strict,auroc,linear_vs_fixed_CSVHT
fold_a,20260806,0.14232638888888888,mendelian_traits,strict,auroc,linear_vs_fixed_CSVHT
fold_b,42,-0.0786776859504133,mendelian_traits,strict,auroc,linear_vs_fixed_CSVHT
fold_b,314159,-0.04528925619834717,mendelian_traits,strict,auroc,linear_vs_fixed_CSVHT
fold_b,20260806,-0.17112947658402206,mendelian_traits,strict,auroc,linear_vs_fixed_CSVHT
fold_c,42,0.07863161537094715,mendelian_traits,strict,auroc,linear_vs_fixed_CSVHT
fold_c,314159,0.01603867987169061,mendelian_traits,strict,auroc,linear_vs_fixed_CSVHT
fold_c,20260806,0.06964434344284515,mendelian_traits,strict,auroc,linear_vs_fixed_CSVHT
fold_d,42,0.030300845828527434,mendelian_traits,strict,auroc,linear_vs_fixed_CSVHT
fold_d,314159,0.03159842368319882,mendelian_traits,strict,auroc,linear_vs_fixed_CSVHT
fold_d,20260806,0.06298058439061899,mendelian_traits,strict,auroc,linear_vs_fixed_CSVHT
fold_e,42,-0.017176199868507602,mendelian_traits,strict,auroc,linear_vs_fixed_CSVHT
fold_e,314159,0.10839907955292566,mendelian_traits,strict,auroc,linear_vs_fixed_CSVHT
fold_e,20260806,0.03879026955950038,mendelian_traits,strict,auroc,linear_vs_fixed_CSVHT
fold_a,42,0.08765624999999988,mendelian_traits,strict,auroc,histgb_vs_fixed_CSVHT
fold_a,314159,0.0434461805555556,mendelian_traits,strict,auroc,histgb_vs_fixed_CSVHT
fold_a,20260806,0.13607638888888884,mendelian_traits,strict,auroc,histgb_vs_fixed_CSVHT
fold_b,42,0.022442607897153355,mendelian_traits,strict,auroc,histgb_vs_fixed_CSVHT
fold_b,314159,0.14949494949494946,mendelian_traits,strict,auroc,histgb_vs_fixed_CSVHT
fold_b,20260806,0.03397612488521573,mendelian_traits,strict,auroc,histgb_vs_fixed_CSVHT
fold_c,42,0.16989310664085505,mendelian_traits,strict,auroc,histgb_vs_fixed_CSVHT
fold_c,314159,-0.07269309541845514,mendelian_traits,strict,auroc,histgb_vs_fixed_CSVHT
fold_c,20260806,0.009099495927204104,mendelian_traits,strict,auroc,histgb_vs_fixed_CSVHT
fold_d,42,0.2311130334486735,mendelian_traits,strict,auroc,histgb_vs_fixed_CSVHT
fold_d,314159,0.26021241830065367,mendelian_traits,strict,auroc,histgb_vs_fixed_CSVHT
fold_d,20260806,0.13353037293348713,mendelian_traits,strict,auroc,histgb_vs_fixed_CSVHT
fold_e,42,-0.044460880999342534,mendelian_traits,strict,auroc,histgb_vs_fixed_CSVHT
fold_e,314159,0.0897435897435897,mendelian_traits,strict,auroc,histgb_vs_fixed_CSVHT
fold_e,20260806,-0.07626561472715321,mendelian_traits,strict,auroc,histgb_vs_fixed_CSVHT
fold_a,42,0.032187499999999925,mendelian_traits,strict,auroc,T_given_CSV_linear
fold_a,314159,-0.03383680555555557,mendelian_traits,strict,auroc,T_given_CSV_linear
fold_a,20260806,-0.01623263888888893,mendelian_traits,strict,auroc,T_given_CSV_linear
fold_b,42,-0.03647382920110198,mendelian_traits,strict,auroc,T_given_CSV_linear
fold_b,314159,-0.09832874196510566,mendelian_traits,strict,auroc,T_given_CSV_linear
fold_b,20260806,-0.08734618916437104,mendelian_traits,strict,auroc,T_given_CSV_linear
fold_c,42,-0.04012007967903941,mendelian_traits,strict,auroc,T_given_CSV_linear
fold_c,314159,-0.012456863900345061,mendelian_traits,strict,auroc,T_given_CSV_linear
fold_c,20260806,-0.02904731176762143,mendelian_traits,strict,auroc,T_given_CSV_linear
fold_d,42,0.02268358323721642,mendelian_traits,strict,auroc,T_given_CSV_linear
fold_d,314159,-0.0049740484429065535,mendelian_traits,strict,auroc,T_given_CSV_linear
fold_d,20260806,0.050413302575932295,mendelian_traits,strict,auroc,T_given_CSV_linear
fold_e,42,-0.015450361604207818,mendelian_traits,strict,auroc,T_given_CSV_linear
fold_e,314159,0.027449046679815847,mendelian_traits,strict,auroc,T_given_CSV_linear
fold_e,20260806,0.02728468113083493,mendelian_traits,strict,auroc,T_given_CSV_linear
fold_a,42,0.03411458333333339,mendelian_traits,strict,auroc,T_given_CSVH_linear
fold_a,314159,-0.028246527777777697,mendelian_traits,strict,auroc,T_given_CSVH_linear
fold_a,20260806,-0.0175520833333333,mendelian_traits,strict,auroc,T_given_CSVH_linear
fold_b,42,-0.03842056932966015,mendelian_traits,strict,auroc,T_given_CSVH_linear
fold_b,314159,-0.09450872359963264,mendelian_traits,strict,auroc,T_given_CSVH_linear
fold_b,20260806,-0.08257116620752974,mendelian_traits,strict,auroc,T_given_CSVH_linear
fold_c,42,-0.03992368768061039,mendelian_traits,strict,auroc,T_given_CSVH_linear
fold_c,314159,-0.01585163987318683,mendelian_traits,strict,auroc,T_given_CSVH_linear
fold_c,20260806,-0.032170879742632996,mendelian_traits,strict,auroc,T_given_CSVH_linear
fold_d,42,0.04656862745098039,mendelian_traits,strict,auroc,T_given_CSVH_linear
fold_d,314159,0.08148308342945021,mendelian_traits,strict,auroc,T_given_CSVH_linear
fold_d,20260806,0.05935217224144562,mendelian_traits,strict,auroc,T_given_CSVH_linear
fold_e,42,-0.010848126232741673,mendelian_traits,strict,auroc,T_given_CSVH_linear
fold_e,314159,0.024654832347140054,mendelian_traits,strict,auroc,T_given_CSVH_linear
fold_e,20260806,0.02777777777777779,mendelian_traits,strict,auroc,T_given_CSVH_linear
fold_a,42,0.03789930555555565,mendelian_traits,strict,auroc,T_given_CSV_histgb
fold_a,314159,-0.0757638888888888,mendelian_traits,strict,auroc,T_given_CSV_histgb
fold_a,20260806,-0.015312499999999896,mendelian_traits,strict,auroc,T_given_CSV_histgb
fold_b,42,-0.1324334251606979,mendelian_traits,strict,auroc,T_given_CSV_histgb
fold_b,314159,-0.10391184573002765,mendelian_traits,strict,auroc,T_given_CSV_histgb
fold_b,20260806,-0.10999081726354465,mendelian_traits,strict,auroc,T_given_CSV_histgb
fold_c,42,0.0764245433886035,mendelian_traits,strict,auroc,T_given_CSV_histgb
fold_c,314159,-0.0794966753640266,mendelian_traits,strict,auroc,T_given_CSV_histgb
fold_c,20260806,-0.06762898745896806,mendelian_traits,strict,auroc,T_given_CSV_histgb
fold_d,42,0.057898404459823194,mendelian_traits,strict,auroc,T_given_CSV_histgb
fold_d,314159,0.11465542099192616,mendelian_traits,strict,auroc,T_given_CSV_histgb
fold_d,20260806,-0.04650855440215307,mendelian_traits,strict,auroc,T_given_CSV_histgb
fold_e,42,0.14661406969099272,mendelian_traits,strict,auroc,T_given_CSV_histgb
fold_e,314159,0.14053254437869817,mendelian_traits,strict,auroc,T_given_CSV_histgb
fold_e,20260806,0.05547337278106512,mendelian_traits,strict,auroc,T_given_CSV_histgb
fold_a,42,0.026215277777777712,mendelian_traits,strict,auroc,T_given_CSVH_histgb
fold_a,314159,-0.043046874999999984,mendelian_traits,strict,auroc,T_given_CSVH_histgb
fold_a,20260806,0.04124999999999995,mendelian_traits,strict,auroc,T_given_CSVH_histgb
fold_b,42,-0.15579430670339756,mendelian_traits,strict,auroc,T_given_CSVH_histgb
fold_b,314159,-0.11821854912764007,mendelian_traits,strict,auroc,T_given_CSVH_histgb
fold_b,20260806,-0.09595959595959602,mendelian_traits,strict,auroc,T_given_CSVH_histgb
fold_c,42,0.07774317537805453,mendelian_traits,strict,auroc,T_given_CSVH_histgb
fold_c,314159,-0.07817804337457557,mendelian_traits,strict,auroc,T_given_CSVH_histgb
fold_c,20260806,-0.06631035546951702,mendelian_traits,strict,auroc,T_given_CSVH_histgb
fold_d,42,0.08998942714340641,mendelian_traits,strict,auroc,T_given_CSVH_histgb
fold_d,314159,0.152705690119185,mendelian_traits,strict,auroc,T_given_CSVH_histgb
fold_d,20260806,-0.027489427143406298,mendelian_traits,strict,auroc,T_given_CSVH_histgb
fold_e,42,0.12047994740302431,mendelian_traits,strict,auroc,T_given_CSVH_histgb
fold_e,314159,0.16461209730440501,mendelian_traits,strict,auroc,T_given_CSVH_histgb
fold_e,20260806,0.07133464825772512,mendelian_traits,strict,auroc,T_given_CSVH_histgb
fold_a,42,0.030590277777777786,mendelian_traits,strict,auroc,T_given_CS_linear
fold_a,314159,-0.03402777777777788,mendelian_traits,strict,auroc,T_given_CS_linear
fold_a,20260806,-0.01678819444444457,mendelian_traits,strict,auroc,T_given_CS_linear
fold_b,42,-0.03948576675849391,mendelian_traits,strict,auroc,T_given_CS_linear
fold_b,314159,-0.09880624426078966,mendelian_traits,strict,auroc,T_given_CS_linear
fold_b,20260806,-0.09017447199265377,mendelian_traits,strict,auroc,T_given_CS_linear
fold_c,42,-0.040157487678740056,mendelian_traits,strict,auroc,T_given_CS_linear
fold_c,314159,-0.012737423898100508,mendelian_traits,strict,auroc,T_given_CS_linear
fold_c,20260806,-0.029122127767022832,mendelian_traits,strict,auroc,T_given_CS_linear
fold_d,42,0.04993271818531331,mendelian_traits,strict,auroc,T_given_CS_linear
fold_d,314159,0.023945117262591242,mendelian_traits,strict,auroc,T_given_CS_linear
fold_d,20260806,0.06970876585928482,mendelian_traits,strict,auroc,T_given_CS_linear
fold_e,42,-0.019888231426692937,mendelian_traits,strict,auroc,T_given_CS_linear
fold_e,314159,0.024161735700197196,mendelian_traits,strict,auroc,T_given_CS_linear
fold_e,20260806,0.02186061801446404,mendelian_traits,strict,auroc,T_given_CS_linear
fold_a,42,0.0,mendelian_traits,strict,auroc,T_given_V_CS_fusion
fold_a,314159,0.0,mendelian_traits,strict,auroc,T_given_V_CS_fusion
fold_a,20260806,0.0,mendelian_traits,strict,auroc,T_given_V_CS_fusion
fold_b,42,-0.03948576675849391,mendelian_traits,strict,auroc,T_given_V_CS_fusion
fold_b,314159,-0.09880624426078966,mendelian_traits,strict,auroc,T_given_V_CS_fusion
fold_b,20260806,-0.09017447199265377,mendelian_traits,strict,auroc,T_given_V_CS_fusion
fold_c,42,0.0,mendelian_traits,strict,auroc,T_given_V_CS_fusion
fold_c,314159,0.0,mendelian_traits,strict,auroc,T_given_V_CS_fusion
fold_c,20260806,0.0,mendelian_traits,strict,auroc,T_given_V_CS_fusion
fold_d,42,0.0,mendelian_traits,strict,auroc,T_given_V_CS_fusion
fold_d,314159,0.0,mendelian_traits,strict,auroc,T_given_V_CS_fusion
fold_d,20260806,0.0,mendelian_traits,strict,auroc,T_given_V_CS_fusion
fold_e,42,0.10412557527942157,mendelian_traits,strict,auroc,T_given_V_CS_fusion
fold_e,314159,0.11908284023668636,mendelian_traits,strict,auroc,T_given_V_CS_fusion
fold_e,20260806,0.02186061801446404,mendelian_traits,strict,auroc,T_given_V_CS_fusion
fold_a,42,0.03532986111111103,mendelian_traits,strict,auroc,T_given_CSH_linear
fold_a,314159,-0.026649305555555558,mendelian_traits,strict,auroc,T_given_CSH_linear
fold_a,20260806,-0.016197916666666645,mendelian_traits,strict,auroc,T_given_CSH_linear
fold_b,42,-0.038640955004591415,mendelian_traits,strict,auroc,T_given_CSH_linear
fold_b,314159,-0.0946556473829201,mendelian_traits,strict,auroc,T_given_CSH_linear
fold_b,20260806,-0.08811753902662994,mendelian_traits,strict,auroc,T_given_CSH_linear
fold_c,42,-0.04058767967529853,mendelian_traits,strict,auroc,T_given_CSH_linear
fold_c,314159,-0.015823583873411318,mendelian_traits,strict,auroc,T_given_CSH_linear
fold_c,20260806,-0.03262912773896687,mendelian_traits,strict,auroc,T_given_CSH_linear
fold_d,42,0.0259034986543637,mendelian_traits,strict,auroc,T_given_CSH_linear
fold_d,314159,0.04695309496347566,mendelian_traits,strict,auroc,T_given_CSH_linear
fold_d,20260806,0.028570742022299145,mendelian_traits,strict,auroc,T_given_CSH_linear
fold_e,42,-0.015779092702169484,mendelian_traits,strict,auroc,T_given_CSH_linear
fold_e,314159,0.023504273504273532,mendelian_traits,strict,auroc,T_given_CSH_linear
fold_e,20260806,0.02859960552268248,mendelian_traits,strict,auroc,T_given_CSH_linear
fold_a,42,0.0,mendelian_traits,strict,auroc,T_given_V_CSH_fusion
fold_a,314159,0.0,mendelian_traits,strict,auroc,T_given_V_CSH_fusion
fold_a,20260806,0.0,mendelian_traits,strict,auroc,T_given_V_CSH_fusion
fold_b,42,-0.038640955004591415,mendelian_traits,strict,auroc,T_given_V_CSH_fusion
fold_b,314159,-0.0946556473829201,mendelian_traits,strict,auroc,T_given_V_CSH_fusion
fold_b,20260806,-0.08811753902662994,mendelian_traits,strict,auroc,T_given_V_CSH_fusion
fold_c,42,0.0,mendelian_traits,strict,auroc,T_given_V_CSH_fusion
fold_c,314159,0.0,mendelian_traits,strict,auroc,T_given_V_CSH_fusion
fold_c,20260806,0.0,mendelian_traits,strict,auroc,T_given_V_CSH_fusion
fold_d,42,0.0,mendelian_traits,strict,auroc,T_given_V_CSH_fusion
fold_d,314159,0.0,mendelian_traits,strict,auroc,T_given_V_CSH_fusion
fold_d,20260806,0.0,mendelian_traits,strict,auroc,T_given_V_CSH_fusion
fold_e,42,-0.00032873109796183186,mendelian_traits,strict,auroc,T_given_V_CSH_fusion
fold_e,314159,0.013806706114398382,mendelian_traits,strict,auroc,T_given_V_CSH_fusion
fold_e,20260806,0.01134122287968442,mendelian_traits,strict,auroc,T_given_V_CSH_fusion
fold_a,42,-0.035833333333333384,mendelian_traits,strict,auroc,fusion_vs_concat_CSV
fold_a,314159,-0.035833333333333384,mendelian_traits,strict,auroc,fusion_vs_concat_CSV
fold_a,20260806,-0.035833333333333384,mendelian_traits,strict,auroc,fusion_vs_concat_CSV
fold_b,42,-0.0017998163452710436,mendelian_traits,strict,auroc,fusion_vs_concat_CSV
fold_b,314159,-0.0017998163452710436,mendelian_traits,strict,auroc,fusion_vs_concat_CSV
fold_b,20260806,-0.0017998163452710436,mendelian_traits,strict,auroc,fusion_vs_concat_CSV
fold_c,42,0.002155635982754922,mendelian_traits,strict,auroc,fusion_vs_concat_CSV
fold_c,314159,0.002155635982754922,mendelian_traits,strict,auroc,fusion_vs_concat_CSV
fold_c,20260806,0.002155635982754922,mendelian_traits,strict,auroc,fusion_vs_concat_CSV
fold_d,42,0.2524029219530949,mendelian_traits,strict,auroc,fusion_vs_concat_CSV
fold_d,314159,0.2524029219530949,mendelian_traits,strict,auroc,fusion_vs_concat_CSV
fold_d,20260806,0.2524029219530949,mendelian_traits,strict,auroc,fusion_vs_concat_CSV
fold_e,42,-0.00254766600920453,mendelian_traits,strict,auroc,fusion_vs_concat_CSV
fold_e,314159,-0.00254766600920453,mendelian_traits,strict,auroc,fusion_vs_concat_CSV
fold_e,20260806,-0.00254766600920453,mendelian_traits,strict,auroc,fusion_vs_concat_CSV
fold_a,42,0.0,mendelian_traits,strict,auroc,fusion_vs_V_CS
fold_a,314159,0.0,mendelian_traits,strict,auroc,fusion_vs_V_CS
fold_a,20260806,0.0,mendelian_traits,strict,auroc,fusion_vs_V_CS
fold_b,42,-0.03652892561983467,mendelian_traits,strict,auroc,fusion_vs_V_CS
fold_b,314159,-0.03652892561983467,mendelian_traits,strict,auroc,fusion_vs_V_CS
fold_b,20260806,-0.03652892561983467,mendelian_traits,strict,auroc,fusion_vs_V_CS
fold_c,42,0.0,mendelian_traits,strict,auroc,fusion_vs_V_CS
fold_c,314159,0.0,mendelian_traits,strict,auroc,fusion_vs_V_CS
fold_c,20260806,0.0,mendelian_traits,strict,auroc,fusion_vs_V_CS
fold_d,42,0.0,mendelian_traits,strict,auroc,fusion_vs_V_CS
fold_d,314159,0.0,mendelian_traits,strict,auroc,fusion_vs_V_CS
fold_d,20260806,0.0,mendelian_traits,strict,auroc,fusion_vs_V_CS
fold_e,42,-0.11908284023668636,mendelian_traits,strict,auroc,fusion_vs_V_CS
fold_e,314159,-0.11908284023668636,mendelian_traits,strict,auroc,fusion_vs_V_CS
fold_e,20260806,-0.11908284023668636,mendelian_traits,strict,auroc,fusion_vs_V_CS
fold_a,42,-0.06802083333333331,mendelian_traits,strict,auroc,fusion_vs_concat_CSVT
fold_a,314159,-0.0019965277777778123,mendelian_traits,strict,auroc,fusion_vs_concat_CSVT
fold_a,20260806,-0.019600694444444455,mendelian_traits,strict,auroc,fusion_vs_concat_CSVT
fold_b,42,-0.004811753902662974,mendelian_traits,strict,auroc,fusion_vs_concat_CSVT
fold_b,314159,-0.0022773186409550394,mendelian_traits,strict,auroc,fusion_vs_concat_CSVT
fold_b,20260806,-0.004628099173553779,mendelian_traits,strict,auroc,fusion_vs_concat_CSVT
fold_c,42,0.04227571566179433,mendelian_traits,strict,auroc,fusion_vs_concat_CSVT
fold_c,314159,0.014612499883099983,mendelian_traits,strict,auroc,fusion_vs_concat_CSVT
fold_c,20260806,0.031202947750376353,mendelian_traits,strict,auroc,fusion_vs_concat_CSVT
fold_d,42,0.22971933871587846,mendelian_traits,strict,auroc,fusion_vs_concat_CSVT
fold_d,314159,0.25737697039600144,mendelian_traits,strict,auroc,fusion_vs_concat_CSVT
fold_d,20260806,0.2019896193771626,mendelian_traits,strict,auroc,fusion_vs_concat_CSVT
fold_e,42,0.11702827087442486,mendelian_traits,strict,auroc,fusion_vs_concat_CSVT
fold_e,314159,0.08908612754766598,mendelian_traits,strict,auroc,fusion_vs_concat_CSVT
fold_e,20260806,-0.007971729125575422,mendelian_traits,strict,auroc,fusion_vs_concat_CSVT
fold_a,42,0.0,mendelian_traits,strict,auroc,fusion_vs_V_CST
fold_a,314159,0.0,mendelian_traits,strict,auroc,fusion_vs_V_CST
fold_a,20260806,0.0,mendelian_traits,strict,auroc,fusion_vs_V_CST
fold_b,42,-0.07601469237832859,mendelian_traits,strict,auroc,fusion_vs_V_CST
fold_b,314159,-0.13533516988062433,mendelian_traits,strict,auroc,fusion_vs_V_CST
fold_b,20260806,-0.12670339761248844,mendelian_traits,strict,auroc,fusion_vs_V_CST
fold_c,42,0.0,mendelian_traits,strict,auroc,fusion_vs_V_CST
fold_c,314159,0.0,mendelian_traits,strict,auroc,fusion_vs_V_CST
fold_c,20260806,0.0,mendelian_traits,strict,auroc,fusion_vs_V_CST
fold_d,42,0.0,mendelian_traits,strict,auroc,fusion_vs_V_CST
fold_d,314159,0.0,mendelian_traits,strict,auroc,fusion_vs_V_CST
fold_d,20260806,0.0,mendelian_traits,strict,auroc,fusion_vs_V_CST
fold_e,42,-0.014957264957264793,mendelian_traits,strict,auroc,fusion_vs_V_CST
fold_e,314159,0.0,mendelian_traits,strict,auroc,fusion_vs_V_CST
fold_e,20260806,-0.09722222222222232,mendelian_traits,strict,auroc,fusion_vs_V_CST
fold_a,42,-0.018871527777777786,mendelian_traits,strict,auroc,fusion_vs_concat_CSVH
fold_a,314159,-0.018871527777777786,mendelian_traits,strict,auroc,fusion_vs_concat_CSVH
fold_a,20260806,-0.018871527777777786,mendelian_traits,strict,auroc,fusion_vs_concat_CSVH
fold_b,42,-0.003709825528007249,mendelian_traits,strict,auroc,fusion_vs_concat_CSVH
fold_b,314159,-0.003709825528007249,mendelian_traits,strict,auroc,fusion_vs_concat_CSVH
fold_b,20260806,-0.003709825528007249,mendelian_traits,strict,auroc,fusion_vs_concat_CSVH
fold_c,42,0.002950555976395597,mendelian_traits,strict,auroc,fusion_vs_concat_CSVH
fold_c,314159,0.002950555976395597,mendelian_traits,strict,auroc,fusion_vs_concat_CSVH
fold_c,20260806,0.002950555976395597,mendelian_traits,strict,auroc,fusion_vs_concat_CSVH
fold_d,42,0.27304402153018065,mendelian_traits,strict,auroc,fusion_vs_concat_CSVH
fold_d,314159,0.27304402153018065,mendelian_traits,strict,auroc,fusion_vs_concat_CSVH
fold_d,20260806,0.27304402153018065,mendelian_traits,strict,auroc,fusion_vs_concat_CSVH
fold_e,42,0.09927679158448388,mendelian_traits,strict,auroc,fusion_vs_concat_CSVH
fold_e,314159,0.09927679158448388,mendelian_traits,strict,auroc,fusion_vs_concat_CSVH
fold_e,20260806,0.09927679158448388,mendelian_traits,strict,auroc,fusion_vs_concat_CSVH
fold_a,42,0.0,mendelian_traits,strict,auroc,fusion_vs_V_CSH
fold_a,314159,0.0,mendelian_traits,strict,auroc,fusion_vs_V_CSH
fold_a,20260806,0.0,mendelian_traits,strict,auroc,fusion_vs_V_CSH
fold_b,42,-0.05651056014692368,mendelian_traits,strict,auroc,fusion_vs_V_CSH
fold_b,314159,-0.05651056014692368,mendelian_traits,strict,auroc,fusion_vs_V_CSH
fold_b,20260806,-0.05651056014692368,mendelian_traits,strict,auroc,fusion_vs_V_CSH
fold_c,42,0.0,mendelian_traits,strict,auroc,fusion_vs_V_CSH
fold_c,314159,0.0,mendelian_traits,strict,auroc,fusion_vs_V_CSH
fold_c,20260806,0.0,mendelian_traits,strict,auroc,fusion_vs_V_CSH
fold_d,42,0.0,mendelian_traits,strict,auroc,fusion_vs_V_CSH
fold_d,314159,0.0,mendelian_traits,strict,auroc,fusion_vs_V_CSH
fold_d,20260806,0.0,mendelian_traits,strict,auroc,fusion_vs_V_CSH
fold_e,42,-0.013806706114398382,mendelian_traits,strict,auroc,fusion_vs_V_CSH
fold_e,314159,-0.013806706114398382,mendelian_traits,strict,auroc,fusion_vs_V_CSH
fold_e,20260806,-0.013806706114398382,mendelian_traits,strict,auroc,fusion_vs_V_CSH
fold_a,42,-0.05298611111111118,mendelian_traits,strict,auroc,fusion_vs_concat_CSVHT
fold_a,314159,0.009374999999999911,mendelian_traits,strict,auroc,fusion_vs_concat_CSVHT
fold_a,20260806,-0.0013194444444444842,mendelian_traits,strict,auroc,fusion_vs_concat_CSVHT
fold_b,42,-0.003930211202938516,mendelian_traits,strict,auroc,fusion_vs_concat_CSVHT
fold_b,314159,-0.003856749311294705,mendelian_traits,strict,auroc,fusion_vs_concat_CSVHT
fold_b,20260806,-0.009256198347107447,mendelian_traits,strict,auroc,fusion_vs_concat_CSVHT
fold_c,42,0.042874243657005984,mendelian_traits,strict,auroc,fusion_vs_concat_CSVHT
fold_c,314159,0.018802195849582426,mendelian_traits,strict,auroc,fusion_vs_concat_CSVHT
fold_c,20260806,0.03512143571902859,mendelian_traits,strict,auroc,fusion_vs_concat_CSVHT
fold_d,42,0.22647539407920025,mendelian_traits,strict,auroc,fusion_vs_concat_CSVHT
fold_d,314159,0.19156093810073044,mendelian_traits,strict,auroc,fusion_vs_concat_CSVHT
fold_d,20260806,0.21369184928873503,mendelian_traits,strict,auroc,fusion_vs_concat_CSVHT
fold_e,42,0.10979618671926372,mendelian_traits,strict,auroc,fusion_vs_concat_CSVHT
fold_e,314159,0.08842866535174221,mendelian_traits,strict,auroc,fusion_vs_concat_CSVHT
fold_e,20260806,0.08284023668639051,mendelian_traits,strict,auroc,fusion_vs_concat_CSVHT
fold_a,42,0.0,mendelian_traits,strict,auroc,fusion_vs_V_CSHT
fold_a,314159,0.0,mendelian_traits,strict,auroc,fusion_vs_V_CSHT
fold_a,20260806,0.0,mendelian_traits,strict,auroc,fusion_vs_V_CSHT
fold_b,42,-0.0951515151515151,mendelian_traits,strict,auroc,fusion_vs_V_CSHT
fold_b,314159,-0.15116620752984378,mendelian_traits,strict,auroc,fusion_vs_V_CSHT
fold_b,20260806,-0.14462809917355363,mendelian_traits,strict,auroc,fusion_vs_V_CSHT
fold_c,42,0.0,mendelian_traits,strict,auroc,fusion_vs_V_CSHT
fold_c,314159,0.0,mendelian_traits,strict,auroc,fusion_vs_V_CSHT
fold_c,20260806,0.0,mendelian_traits,strict,auroc,fusion_vs_V_CSHT
fold_d,42,0.0,mendelian_traits,strict,auroc,fusion_vs_V_CSHT
fold_d,314159,0.0,mendelian_traits,strict,auroc,fusion_vs_V_CSHT
fold_d,20260806,0.0,mendelian_traits,strict,auroc,fusion_vs_V_CSHT
fold_e,42,-0.014135437212360213,mendelian_traits,strict,auroc,fusion_vs_V_CSHT
fold_e,314159,0.0,mendelian_traits,strict,auroc,fusion_vs_V_CSHT
fold_e,20260806,-0.002465483234713961,mendelian_traits,strict,auroc,fusion_vs_V_CSHT
fold_a,42,-0.0009460295381342864,mendelian_traits,strict,normalized_ap,linear_vs_fixed_V
fold_a,314159,-0.0009460295381342864,mendelian_traits,strict,normalized_ap,linear_vs_fixed_V
fold_a,20260806,-0.0009460295381342864,mendelian_traits,strict,normalized_ap,linear_vs_fixed_V
fold_b,42,-0.003039919457399773,mendelian_traits,strict,normalized_ap,linear_vs_fixed_V
fold_b,314159,-0.003039919457399773,mendelian_traits,strict,normalized_ap,linear_vs_fixed_V
fold_b,20260806,-0.003039919457399773,mendelian_traits,strict,normalized_ap,linear_vs_fixed_V
fold_c,42,6.707904652508007e-05,mendelian_traits,strict,normalized_ap,linear_vs_fixed_V
fold_c,314159,6.707904652508007e-05,mendelian_traits,strict,normalized_ap,linear_vs_fixed_V
fold_c,20260806,6.707904652508007e-05,mendelian_traits,strict,normalized_ap,linear_vs_fixed_V
fold_d,42,0.0,mendelian_traits,strict,normalized_ap,linear_vs_fixed_V
fold_d,314159,0.0,mendelian_traits,strict,normalized_ap,linear_vs_fixed_V
fold_d,20260806,0.0,mendelian_traits,strict,normalized_ap,linear_vs_fixed_V
fold_e,42,0.0001191219011191097,mendelian_traits,strict,normalized_ap,linear_vs_fixed_V
fold_e,314159,0.0001191219011191097,mendelian_traits,strict,normalized_ap,linear_vs_fixed_V
fold_e,20260806,0.0001191219011191097,mendelian_traits,strict,normalized_ap,linear_vs_fixed_V
fold_a,42,-0.002039205503244583,mendelian_traits,strict,normalized_ap,histgb_vs_fixed_V
fold_a,314159,-0.002039205503244583,mendelian_traits,strict,normalized_ap,histgb_vs_fixed_V
fold_a,20260806,-0.002039205503244583,mendelian_traits,strict,normalized_ap,histgb_vs_fixed_V
fold_b,42,-0.041456401563980734,mendelian_traits,strict,normalized_ap,histgb_vs_fixed_V
fold_b,314159,-0.041456401563980734,mendelian_traits,strict,normalized_ap,histgb_vs_fixed_V
fold_b,20260806,-0.041456401563980734,mendelian_traits,strict,normalized_ap,histgb_vs_fixed_V
fold_c,42,-0.024512125459261395,mendelian_traits,strict,normalized_ap,histgb_vs_fixed_V
fold_c,314159,-0.024512125459261395,mendelian_traits,strict,normalized_ap,histgb_vs_fixed_V
fold_c,20260806,-0.024512125459261395,mendelian_traits,strict,normalized_ap,histgb_vs_fixed_V
fold_d,42,-0.10852440186822966,mendelian_traits,strict,normalized_ap,histgb_vs_fixed_V
fold_d,314159,-0.10852440186822966,mendelian_traits,strict,normalized_ap,histgb_vs_fixed_V
fold_d,20260806,-0.10852440186822966,mendelian_traits,strict,normalized_ap,histgb_vs_fixed_V
fold_e,42,-0.029875169734867313,mendelian_traits,strict,normalized_ap,histgb_vs_fixed_V
fold_e,314159,-0.029875169734867313,mendelian_traits,strict,normalized_ap,histgb_vs_fixed_V
fold_e,20260806,-0.029875169734867313,mendelian_traits,strict,normalized_ap,histgb_vs_fixed_V
fold_a,42,0.033680206989794265,mendelian_traits,strict,normalized_ap,linear_vs_fixed_CS
fold_a,314159,0.033680206989794265,mendelian_traits,strict,normalized_ap,linear_vs_fixed_CS
fold_a,20260806,0.033680206989794265,mendelian_traits,strict,normalized_ap,linear_vs_fixed_CS
fold_b,42,-0.0349427263599376,mendelian_traits,strict,normalized_ap,linear_vs_fixed_CS
fold_b,314159,-0.0349427263599376,mendelian_traits,strict,normalized_ap,linear_vs_fixed_CS
fold_b,20260806,-0.0349427263599376,mendelian_traits,strict,normalized_ap,linear_vs_fixed_CS
fold_c,42,0.1040365748383448,mendelian_traits,strict,normalized_ap,linear_vs_fixed_CS
fold_c,314159,0.1040365748383448,mendelian_traits,strict,normalized_ap,linear_vs_fixed_CS
fold_c,20260806,0.1040365748383448,mendelian_traits,strict,normalized_ap,linear_vs_fixed_CS
fold_d,42,0.0,mendelian_traits,strict,normalized_ap,linear_vs_fixed_CS
fold_d,314159,0.0,mendelian_traits,strict,normalized_ap,linear_vs_fixed_CS
fold_d,20260806,0.0,mendelian_traits,strict,normalized_ap,linear_vs_fixed_CS
fold_e,42,-0.04409537491863956,mendelian_traits,strict,normalized_ap,linear_vs_fixed_CS
fold_e,314159,-0.04409537491863956,mendelian_traits,strict,normalized_ap,linear_vs_fixed_CS
fold_e,20260806,-0.04409537491863956,mendelian_traits,strict,normalized_ap,linear_vs_fixed_CS
fold_a,42,0.05961326630685505,mendelian_traits,strict,normalized_ap,histgb_vs_fixed_CS
fold_a,314159,0.05961326630685505,mendelian_traits,strict,normalized_ap,histgb_vs_fixed_CS
fold_a,20260806,0.05961326630685505,mendelian_traits,strict,normalized_ap,histgb_vs_fixed_CS
fold_b,42,0.23834136930275168,mendelian_traits,strict,normalized_ap,histgb_vs_fixed_CS
fold_b,314159,0.23834136930275168,mendelian_traits,strict,normalized_ap,histgb_vs_fixed_CS
fold_b,20260806,0.23834136930275168,mendelian_traits,strict,normalized_ap,histgb_vs_fixed_CS
fold_c,42,0.0946329797503599,mendelian_traits,strict,normalized_ap,histgb_vs_fixed_CS
fold_c,314159,0.0946329797503599,mendelian_traits,strict,normalized_ap,histgb_vs_fixed_CS
fold_c,20260806,0.0946329797503599,mendelian_traits,strict,normalized_ap,histgb_vs_fixed_CS
fold_d,42,0.05198292173860707,mendelian_traits,strict,normalized_ap,histgb_vs_fixed_CS
fold_d,314159,0.05198292173860707,mendelian_traits,strict,normalized_ap,histgb_vs_fixed_CS
fold_d,20260806,0.05198292173860707,mendelian_traits,strict,normalized_ap,histgb_vs_fixed_CS
fold_e,42,-0.049457674927340656,mendelian_traits,strict,normalized_ap,histgb_vs_fixed_CS
fold_e,314159,-0.049457674927340656,mendelian_traits,strict,normalized_ap,histgb_vs_fixed_CS
fold_e,20260806,-0.049457674927340656,mendelian_traits,strict,normalized_ap,histgb_vs_fixed_CS
fold_a,42,0.027425859688726482,mendelian_traits,strict,normalized_ap,linear_vs_fixed_CSV
fold_a,314159,0.027425859688726482,mendelian_traits,strict,normalized_ap,linear_vs_fixed_CSV
fold_a,20260806,0.027425859688726482,mendelian_traits,strict,normalized_ap,linear_vs_fixed_CSV
fold_b,42,-0.01721667304065738,mendelian_traits,strict,normalized_ap,linear_vs_fixed_CSV
fold_b,314159,-0.01721667304065738,mendelian_traits,strict,normalized_ap,linear_vs_fixed_CSV
fold_b,20260806,-0.01721667304065738,mendelian_traits,strict,normalized_ap,linear_vs_fixed_CSV
fold_c,42,0.07032232195293862,mendelian_traits,strict,normalized_ap,linear_vs_fixed_CSV
fold_c,314159,0.07032232195293862,mendelian_traits,strict,normalized_ap,linear_vs_fixed_CSV
fold_c,20260806,0.07032232195293862,mendelian_traits,strict,normalized_ap,linear_vs_fixed_CSV
fold_d,42,0.005936689166987211,mendelian_traits,strict,normalized_ap,linear_vs_fixed_CSV
fold_d,314159,0.005936689166987211,mendelian_traits,strict,normalized_ap,linear_vs_fixed_CSV
fold_d,20260806,0.005936689166987211,mendelian_traits,strict,normalized_ap,linear_vs_fixed_CSV
fold_e,42,-0.026406095786777113,mendelian_traits,strict,normalized_ap,linear_vs_fixed_CSV
fold_e,314159,-0.026406095786777113,mendelian_traits,strict,normalized_ap,linear_vs_fixed_CSV
fold_e,20260806,-0.026406095786777113,mendelian_traits,strict,normalized_ap,linear_vs_fixed_CSV
fold_a,42,0.05457892056427345,mendelian_traits,strict,normalized_ap,histgb_vs_fixed_CSV
fold_a,314159,0.05457892056427345,mendelian_traits,strict,normalized_ap,histgb_vs_fixed_CSV
fold_a,20260806,0.05457892056427345,mendelian_traits,strict,normalized_ap,histgb_vs_fixed_CSV
fold_b,42,0.2357137923798412,mendelian_traits,strict,normalized_ap,histgb_vs_fixed_CSV
fold_b,314159,0.2357137923798412,mendelian_traits,strict,normalized_ap,histgb_vs_fixed_CSV
fold_b,20260806,0.2357137923798412,mendelian_traits,strict,normalized_ap,histgb_vs_fixed_CSV
fold_c,42,0.038436729470300995,mendelian_traits,strict,normalized_ap,histgb_vs_fixed_CSV
fold_c,314159,0.038436729470300995,mendelian_traits,strict,normalized_ap,histgb_vs_fixed_CSV
fold_c,20260806,0.038436729470300995,mendelian_traits,strict,normalized_ap,histgb_vs_fixed_CSV
fold_d,42,0.060348429143172365,mendelian_traits,strict,normalized_ap,histgb_vs_fixed_CSV
fold_d,314159,0.060348429143172365,mendelian_traits,strict,normalized_ap,histgb_vs_fixed_CSV
fold_d,20260806,0.060348429143172365,mendelian_traits,strict,normalized_ap,histgb_vs_fixed_CSV
fold_e,42,-0.00604349286616053,mendelian_traits,strict,normalized_ap,histgb_vs_fixed_CSV
fold_e,314159,-0.00604349286616053,mendelian_traits,strict,normalized_ap,histgb_vs_fixed_CSV
fold_e,20260806,-0.00604349286616053,mendelian_traits,strict,normalized_ap,histgb_vs_fixed_CSV
fold_a,42,0.040625697042494045,mendelian_traits,strict,normalized_ap,linear_vs_fixed_CSVT
fold_a,314159,0.02065116390799374,mendelian_traits,strict,normalized_ap,linear_vs_fixed_CSVT
fold_a,20260806,0.0267102556435091,mendelian_traits,strict,normalized_ap,linear_vs_fixed_CSVT
fold_b,42,-0.018797825828670105,mendelian_traits,strict,normalized_ap,linear_vs_fixed_CSVT
fold_b,314159,-0.008903464145226279,mendelian_traits,strict,normalized_ap,linear_vs_fixed_CSVT
fold_b,20260806,-0.043229430375467594,mendelian_traits,strict,normalized_ap,linear_vs_fixed_CSVT
fold_c,42,0.07975239893199257,mendelian_traits,strict,normalized_ap,linear_vs_fixed_CSVT
fold_c,314159,0.04884798986753745,mendelian_traits,strict,normalized_ap,linear_vs_fixed_CSVT
fold_c,20260806,0.06654196438177001,mendelian_traits,strict,normalized_ap,linear_vs_fixed_CSVT
fold_d,42,0.004500200782665369,mendelian_traits,strict,normalized_ap,linear_vs_fixed_CSVT
fold_d,314159,-0.0035260670466145047,mendelian_traits,strict,normalized_ap,linear_vs_fixed_CSVT
fold_d,20260806,0.010645258044010376,mendelian_traits,strict,normalized_ap,linear_vs_fixed_CSVT
fold_e,42,-0.043466753878326415,mendelian_traits,strict,normalized_ap,linear_vs_fixed_CSVT
fold_e,314159,-0.013911253512624042,mendelian_traits,strict,normalized_ap,linear_vs_fixed_CSVT
fold_e,20260806,-0.06873735293331727,mendelian_traits,strict,normalized_ap,linear_vs_fixed_CSVT
fold_a,42,0.03794230524498158,mendelian_traits,strict,normalized_ap,histgb_vs_fixed_CSVT
fold_a,314159,0.040413263765839674,mendelian_traits,strict,normalized_ap,histgb_vs_fixed_CSVT
fold_a,20260806,0.036875431136268934,mendelian_traits,strict,normalized_ap,histgb_vs_fixed_CSVT
fold_b,42,0.05906889947570379,mendelian_traits,strict,normalized_ap,histgb_vs_fixed_CSVT
fold_b,314159,0.25647422392995195,mendelian_traits,strict,normalized_ap,histgb_vs_fixed_CSVT
fold_b,20260806,0.22388379497618194,mendelian_traits,strict,normalized_ap,histgb_vs_fixed_CSVT
fold_c,42,0.06911950320194896,mendelian_traits,strict,normalized_ap,histgb_vs_fixed_CSVT
fold_c,314159,-0.0146442462334352,mendelian_traits,strict,normalized_ap,histgb_vs_fixed_CSVT
fold_c,20260806,0.010846479394060209,mendelian_traits,strict,normalized_ap,histgb_vs_fixed_CSVT
fold_d,42,0.08663729765585987,mendelian_traits,strict,normalized_ap,histgb_vs_fixed_CSVT
fold_d,314159,0.10139099552390411,mendelian_traits,strict,normalized_ap,histgb_vs_fixed_CSVT
fold_d,20260806,0.04821388992429935,mendelian_traits,strict,normalized_ap,histgb_vs_fixed_CSVT
fold_e,42,-0.011337798226959253,mendelian_traits,strict,normalized_ap,histgb_vs_fixed_CSVT
fold_e,314159,0.008790236725777452,mendelian_traits,strict,normalized_ap,histgb_vs_fixed_CSVT
fold_e,20260806,-0.07437093337359094,mendelian_traits,strict,normalized_ap,histgb_vs_fixed_CSVT
fold_a,42,0.023486003572670645,mendelian_traits,strict,normalized_ap,linear_vs_fixed_CSVH
fold_a,314159,0.023486003572670645,mendelian_traits,strict,normalized_ap,linear_vs_fixed_CSVH
fold_a,20260806,0.023486003572670645,mendelian_traits,strict,normalized_ap,linear_vs_fixed_CSVH
fold_b,42,-0.01221161895451332,mendelian_traits,strict,normalized_ap,linear_vs_fixed_CSVH
fold_b,314159,-0.01221161895451332,mendelian_traits,strict,normalized_ap,linear_vs_fixed_CSVH
fold_b,20260806,-0.01221161895451332,mendelian_traits,strict,normalized_ap,linear_vs_fixed_CSVH
fold_c,42,0.05531267409445752,mendelian_traits,strict,normalized_ap,linear_vs_fixed_CSVH
fold_c,314159,0.05531267409445752,mendelian_traits,strict,normalized_ap,linear_vs_fixed_CSVH
fold_c,20260806,0.05531267409445752,mendelian_traits,strict,normalized_ap,linear_vs_fixed_CSVH
fold_d,42,0.0,mendelian_traits,strict,normalized_ap,linear_vs_fixed_CSVH
fold_d,314159,0.0,mendelian_traits,strict,normalized_ap,linear_vs_fixed_CSVH
fold_d,20260806,0.0,mendelian_traits,strict,normalized_ap,linear_vs_fixed_CSVH
fold_e,42,-0.04832042900477897,mendelian_traits,strict,normalized_ap,linear_vs_fixed_CSVH
fold_e,314159,-0.04832042900477897,mendelian_traits,strict,normalized_ap,linear_vs_fixed_CSVH
fold_e,20260806,-0.04832042900477897,mendelian_traits,strict,normalized_ap,linear_vs_fixed_CSVH
fold_a,42,0.025789958102331634,mendelian_traits,strict,normalized_ap,histgb_vs_fixed_CSVH
fold_a,314159,0.025789958102331634,mendelian_traits,strict,normalized_ap,histgb_vs_fixed_CSVH
fold_a,20260806,0.025789958102331634,mendelian_traits,strict,normalized_ap,histgb_vs_fixed_CSVH
fold_b,42,0.2444130425873369,mendelian_traits,strict,normalized_ap,histgb_vs_fixed_CSVH
fold_b,314159,0.2444130425873369,mendelian_traits,strict,normalized_ap,histgb_vs_fixed_CSVH
fold_b,20260806,0.2444130425873369,mendelian_traits,strict,normalized_ap,histgb_vs_fixed_CSVH
fold_c,42,0.03773763003490585,mendelian_traits,strict,normalized_ap,histgb_vs_fixed_CSVH
fold_c,314159,0.03773763003490585,mendelian_traits,strict,normalized_ap,histgb_vs_fixed_CSVH
fold_c,20260806,0.03773763003490585,mendelian_traits,strict,normalized_ap,histgb_vs_fixed_CSVH
fold_d,42,0.04966520738355104,mendelian_traits,strict,normalized_ap,histgb_vs_fixed_CSVH
fold_d,314159,0.04966520738355104,mendelian_traits,strict,normalized_ap,histgb_vs_fixed_CSVH
fold_d,20260806,0.04966520738355104,mendelian_traits,strict,normalized_ap,histgb_vs_fixed_CSVH
fold_e,42,-0.02222176804234253,mendelian_traits,strict,normalized_ap,histgb_vs_fixed_CSVH
fold_e,314159,-0.02222176804234253,mendelian_traits,strict,normalized_ap,histgb_vs_fixed_CSVH
fold_e,20260806,-0.02222176804234253,mendelian_traits,strict,normalized_ap,histgb_vs_fixed_CSVH
fold_a,42,0.03008039608114786,mendelian_traits,strict,normalized_ap,linear_vs_fixed_CSVHT
fold_a,314159,0.018205058573249597,mendelian_traits,strict,normalized_ap,linear_vs_fixed_CSVHT
fold_a,20260806,0.021433596848683324,mendelian_traits,strict,normalized_ap,linear_vs_fixed_CSVHT
fold_b,42,-0.017910431648527826,mendelian_traits,strict,normalized_ap,linear_vs_fixed_CSVHT
fold_b,314159,-0.006177351132739971,mendelian_traits,strict,normalized_ap,linear_vs_fixed_CSVHT
fold_b,20260806,-0.04308870524921204,mendelian_traits,strict,normalized_ap,linear_vs_fixed_CSVHT
fold_c,42,0.06703907596371227,mendelian_traits,strict,normalized_ap,linear_vs_fixed_CSVHT
fold_c,314159,0.02711681849609242,mendelian_traits,strict,normalized_ap,linear_vs_fixed_CSVHT
fold_c,20260806,0.05375187592434773,mendelian_traits,strict,normalized_ap,linear_vs_fixed_CSVHT
fold_d,42,0.006167074320550709,mendelian_traits,strict,normalized_ap,linear_vs_fixed_CSVHT
fold_d,314159,0.005000944300010612,mendelian_traits,strict,normalized_ap,linear_vs_fixed_CSVHT
fold_d,20260806,0.00932388668623675,mendelian_traits,strict,normalized_ap,linear_vs_fixed_CSVHT
fold_e,42,-0.09957498782918506,mendelian_traits,strict,normalized_ap,linear_vs_fixed_CSVHT
fold_e,314159,-0.03137283270712105,mendelian_traits,strict,normalized_ap,linear_vs_fixed_CSVHT
fold_e,20260806,-0.1425993804363177,mendelian_traits,strict,normalized_ap,linear_vs_fixed_CSVHT
fold_a,42,0.023080591968118937,mendelian_traits,strict,normalized_ap,histgb_vs_fixed_CSVHT
fold_a,314159,0.03486062930983527,mendelian_traits,strict,normalized_ap,histgb_vs_fixed_CSVHT
fold_a,20260806,0.035228907447085706,mendelian_traits,strict,normalized_ap,histgb_vs_fixed_CSVHT
fold_b,42,0.038020472418113016,mendelian_traits,strict,normalized_ap,histgb_vs_fixed_CSVHT
fold_b,314159,0.18984654262378012,mendelian_traits,strict,normalized_ap,histgb_vs_fixed_CSVHT
fold_b,20260806,0.25901816501411173,mendelian_traits,strict,normalized_ap,histgb_vs_fixed_CSVHT
fold_c,42,0.06381424268531757,mendelian_traits,strict,normalized_ap,histgb_vs_fixed_CSVHT
fold_c,314159,-0.021360435008915716,mendelian_traits,strict,normalized_ap,histgb_vs_fixed_CSVHT
fold_c,20260806,0.0057999888269424,mendelian_traits,strict,normalized_ap,histgb_vs_fixed_CSVHT
fold_d,42,0.08847106923633462,mendelian_traits,strict,normalized_ap,histgb_vs_fixed_CSVHT
fold_d,314159,0.11306545868818557,mendelian_traits,strict,normalized_ap,histgb_vs_fixed_CSVHT
fold_d,20260806,0.04727308339294041,mendelian_traits,strict,normalized_ap,histgb_vs_fixed_CSVHT
fold_e,42,-0.05694232701952825,mendelian_traits,strict,normalized_ap,histgb_vs_fixed_CSVHT
fold_e,314159,0.025498627685224075,mendelian_traits,strict,normalized_ap,histgb_vs_fixed_CSVHT
fold_e,20260806,-0.14655777061699118,mendelian_traits,strict,normalized_ap,histgb_vs_fixed_CSVHT
fold_a,42,0.016742673315392184,mendelian_traits,strict,normalized_ap,T_given_CSV_linear
fold_a,314159,-0.006930172354128322,mendelian_traits,strict,normalized_ap,T_given_CSV_linear
fold_a,20260806,-0.00444589234736255,mendelian_traits,strict,normalized_ap,T_given_CSV_linear
fold_b,42,-0.007283016466127347,mendelian_traits,strict,normalized_ap,T_given_CSV_linear
fold_b,314159,-0.01935251823588087,mendelian_traits,strict,normalized_ap,T_given_CSV_linear
fold_b,20260806,-0.01664276704264844,mendelian_traits,strict,normalized_ap,T_given_CSV_linear
fold_c,42,-0.023008823506496003,mendelian_traits,strict,normalized_ap,T_given_CSV_linear
fold_c,314159,-0.02062677317645241,mendelian_traits,strict,normalized_ap,T_given_CSV_linear
fold_c,20260806,-0.030181642673027136,mendelian_traits,strict,normalized_ap,T_given_CSV_linear
fold_d,42,0.0015406022701477014,mendelian_traits,strict,normalized_ap,T_given_CSV_linear
fold_d,314159,-0.0029712699490747237,mendelian_traits,strict,normalized_ap,T_given_CSV_linear
fold_d,20260806,0.005508553357589357,mendelian_traits,strict,normalized_ap,T_given_CSV_linear
fold_e,42,-0.0037537350093649726,mendelian_traits,strict,normalized_ap,T_given_CSV_linear
fold_e,314159,0.005719752062729548,mendelian_traits,strict,normalized_ap,T_given_CSV_linear
fold_e,20260806,0.004832765242247054,mendelian_traits,strict,normalized_ap,T_given_CSV_linear
fold_a,42,0.013056267168871495,mendelian_traits,strict,normalized_ap,T_given_CSVH_linear
fold_a,314159,-0.005897803456454023,mendelian_traits,strict,normalized_ap,T_given_CSVH_linear
fold_a,20260806,-0.005357833668925267,mendelian_traits,strict,normalized_ap,T_given_CSVH_linear
fold_b,42,-0.006230760521472821,mendelian_traits,strict,normalized_ap,T_given_CSVH_linear
fold_b,314159,-0.016850080889544396,mendelian_traits,strict,normalized_ap,T_given_CSVH_linear
fold_b,20260806,-0.014236256684719591,mendelian_traits,strict,normalized_ap,T_given_CSVH_linear
fold_c,42,-0.022885553575611298,mendelian_traits,strict,normalized_ap,T_given_CSVH_linear
fold_c,314159,-0.028110423389883295,mendelian_traits,strict,normalized_ap,T_given_CSVH_linear
fold_c,20260806,-0.030393908180797985,mendelian_traits,strict,normalized_ap,T_given_CSVH_linear
fold_d,42,0.006858332176852708,mendelian_traits,strict,normalized_ap,T_given_CSVH_linear
fold_d,314159,0.010379113043539502,mendelian_traits,strict,normalized_ap,T_given_CSVH_linear
fold_d,20260806,0.006645024446771704,mendelian_traits,strict,normalized_ap,T_given_CSVH_linear
fold_e,42,-0.0027110317477920124,mendelian_traits,strict,normalized_ap,T_given_CSVH_linear
fold_e,314159,0.005132986751254509,mendelian_traits,strict,normalized_ap,T_given_CSVH_linear
fold_e,20260806,0.005063042795999364,mendelian_traits,strict,normalized_ap,T_given_CSVH_linear
fold_a,42,-0.013093779357667253,mendelian_traits,strict,normalized_ap,T_given_CSV_histgb
fold_a,314159,-0.014321133371829362,mendelian_traits,strict,normalized_ap,T_given_CSV_histgb
fold_a,20260806,-0.021433777730149685,mendelian_traits,strict,normalized_ap,T_given_CSV_histgb
fold_b,42,-0.18234675658225202,mendelian_traits,strict,normalized_ap,T_given_CSV_histgb
fold_b,314159,-0.006905295581201232,mendelian_traits,strict,normalized_ap,T_given_CSV_histgb
fold_b,20260806,-0.002460007111497464,mendelian_traits,strict,normalized_ap,T_given_CSV_histgb
fold_c,42,-0.0017561267539019862,mendelian_traits,strict,normalized_ap,T_given_CSV_histgb
fold_c,314159,-0.052233416794787435,mendelian_traits,strict,normalized_ap,T_given_CSV_histgb
fold_c,20260806,-0.05399153517809931,mendelian_traits,strict,normalized_ap,T_given_CSV_histgb
fold_d,42,0.02926595916715704,mendelian_traits,strict,normalized_ap,T_given_CSV_histgb
fold_d,314159,0.047534052645258736,mendelian_traits,strict,normalized_ap,T_given_CSV_histgb
fold_d,20260806,-0.011334554738306826,mendelian_traits,strict,normalized_ap,T_given_CSV_histgb
fold_e,42,0.008012617721385607,mendelian_traits,strict,normalized_ap,T_given_CSV_histgb
fold_e,314159,0.00805863938051446,mendelian_traits,strict,normalized_ap,T_given_CSV_histgb
fold_e,20260806,-0.021163418118643196,mendelian_traits,strict,normalized_ap,T_given_CSV_histgb
fold_a,42,0.00375250852618158,mendelian_traits,strict,normalized_ap,T_given_CSVH_histgb
fold_a,314159,0.00845381275047067,mendelian_traits,strict,normalized_ap,T_given_CSVH_histgb
fold_a,20260806,0.006133522399816124,mendelian_traits,strict,normalized_ap,T_given_CSVH_histgb
fold_b,42,-0.20692451799668218,mendelian_traits,strict,normalized_ap,T_given_CSVH_histgb
fold_b,314159,-0.07745084867487453,mendelian_traits,strict,normalized_ap,T_given_CSVH_histgb
fold_b,20260806,0.031245952036753954,mendelian_traits,strict,normalized_ap,T_given_CSVH_histgb
fold_c,42,-0.008535342794454316,mendelian_traits,strict,normalized_ap,T_given_CSVH_histgb
fold_c,314159,-0.059012632835339765,mendelian_traits,strict,normalized_ap,T_given_CSVH_histgb
fold_c,20260806,-0.06077075121865164,mendelian_traits,strict,normalized_ap,T_given_CSVH_histgb
fold_d,42,0.03949711970908558,mendelian_traits,strict,normalized_ap,T_given_CSVH_histgb
fold_d,314159,0.06877842004816342,mendelian_traits,strict,normalized_ap,T_given_CSVH_histgb
fold_d,20260806,-0.005070986230075673,mendelian_traits,strict,normalized_ap,T_given_CSVH_histgb
fold_e,42,0.013822968099428356,mendelian_traits,strict,normalized_ap,T_given_CSVH_histgb
fold_e,314159,0.035905786181163205,mendelian_traits,strict,normalized_ap,T_given_CSVH_histgb
fold_e,20260806,-0.024994008347110568,mendelian_traits,strict,normalized_ap,T_given_CSVH_histgb
fold_a,42,0.0210141909380092,mendelian_traits,strict,normalized_ap,T_given_CS_linear
fold_a,314159,-0.008866508175269409,mendelian_traits,strict,normalized_ap,T_given_CS_linear
fold_a,20260806,-0.004947813056502364,mendelian_traits,strict,normalized_ap,T_given_CS_linear
fold_b,42,-0.010033113381969416,mendelian_traits,strict,normalized_ap,T_given_CS_linear
fold_b,314159,-0.0235138662297805,mendelian_traits,strict,normalized_ap,T_given_CS_linear
fold_b,20260806,-0.020763941441192257,mendelian_traits,strict,normalized_ap,T_given_CS_linear
fold_c,42,-0.028848457462127622,mendelian_traits,strict,normalized_ap,T_given_CS_linear
fold_c,314159,-0.02750287123661381,mendelian_traits,strict,normalized_ap,T_given_CS_linear
fold_c,20260806,-0.04151074065927843,mendelian_traits,strict,normalized_ap,T_given_CS_linear
fold_d,42,0.00867389184848082,mendelian_traits,strict,normalized_ap,T_given_CS_linear
fold_d,314159,0.00212404786936486,mendelian_traits,strict,normalized_ap,T_given_CS_linear
fold_d,20260806,0.010493280458542947,mendelian_traits,strict,normalized_ap,T_given_CS_linear
fold_e,42,-0.008432992721960398,mendelian_traits,strict,normalized_ap,T_given_CS_linear
fold_e,314159,0.0019543390892536802,mendelian_traits,strict,normalized_ap,T_given_CS_linear
fold_e,20260806,0.0026425903391652517,mendelian_traits,strict,normalized_ap,T_given_CS_linear
fold_a,42,0.0,mendelian_traits,strict,normalized_ap,T_given_V_CS_fusion
fold_a,314159,0.0,mendelian_traits,strict,normalized_ap,T_given_V_CS_fusion
fold_a,20260806,0.0,mendelian_traits,strict,normalized_ap,T_given_V_CS_fusion
fold_b,42,-0.010033113381969416,mendelian_traits,strict,normalized_ap,T_given_V_CS_fusion
fold_b,314159,-0.0235138662297805,mendelian_traits,strict,normalized_ap,T_given_V_CS_fusion
fold_b,20260806,-0.020763941441192257,mendelian_traits,strict,normalized_ap,T_given_V_CS_fusion
fold_c,42,0.0,mendelian_traits,strict,normalized_ap,T_given_V_CS_fusion
fold_c,314159,0.0,mendelian_traits,strict,normalized_ap,T_given_V_CS_fusion
fold_c,20260806,0.0,mendelian_traits,strict,normalized_ap,T_given_V_CS_fusion
fold_d,42,0.0,mendelian_traits,strict,normalized_ap,T_given_V_CS_fusion
fold_d,314159,0.0,mendelian_traits,strict,normalized_ap,T_given_V_CS_fusion
fold_d,20260806,0.0,mendelian_traits,strict,normalized_ap,T_given_V_CS_fusion
fold_e,42,0.03143439203049179,mendelian_traits,strict,normalized_ap,T_given_V_CS_fusion
fold_e,314159,0.05256898566023977,mendelian_traits,strict,normalized_ap,T_given_V_CS_fusion
fold_e,20260806,0.0026425903391652517,mendelian_traits,strict,normalized_ap,T_given_V_CS_fusion
fold_a,42,0.01698831279026844,mendelian_traits,strict,normalized_ap,T_given_CSH_linear
fold_a,314159,-0.005790060492040242,mendelian_traits,strict,normalized_ap,T_given_CSH_linear
fold_a,20260806,-0.005199426916791769,mendelian_traits,strict,normalized_ap,T_given_CSH_linear
fold_b,42,-0.008014787391312474,mendelian_traits,strict,normalized_ap,T_given_CSH_linear
fold_b,314159,-0.020382308414402528,mendelian_traits,strict,normalized_ap,T_given_CSH_linear
fold_b,20260806,-0.017690389394147934,mendelian_traits,strict,normalized_ap,T_given_CSH_linear
fold_c,42,-0.025732185416993958,mendelian_traits,strict,normalized_ap,T_given_CSH_linear
fold_c,314159,-0.03518599032128175,mendelian_traits,strict,normalized_ap,T_given_CSH_linear
fold_c,20260806,-0.03838448454809962,mendelian_traits,strict,normalized_ap,T_given_CSH_linear
fold_d,42,0.0017493663518001563,mendelian_traits,strict,normalized_ap,T_given_CSH_linear
fold_d,314159,0.0018558526001432223,mendelian_traits,strict,normalized_ap,T_given_CSH_linear
fold_d,20260806,-0.0021273051887365285,mendelian_traits,strict,normalized_ap,T_given_CSH_linear
fold_e,42,-0.007706032654955475,mendelian_traits,strict,normalized_ap,T_given_CSH_linear
fold_e,314159,0.0012250916123015508,mendelian_traits,strict,normalized_ap,T_given_CSH_linear
fold_e,20260806,0.004541256618027758,mendelian_traits,strict,normalized_ap,T_given_CSH_linear
fold_a,42,0.0,mendelian_traits,strict,normalized_ap,T_given_V_CSH_fusion
fold_a,314159,0.0,mendelian_traits,strict,normalized_ap,T_given_V_CSH_fusion
fold_a,20260806,0.0,mendelian_traits,strict,normalized_ap,T_given_V_CSH_fusion
fold_b,42,-0.008014787391312474,mendelian_traits,strict,normalized_ap,T_given_V_CSH_fusion
fold_b,314159,-0.020382308414402528,mendelian_traits,strict,normalized_ap,T_given_V_CSH_fusion
fold_b,20260806,-0.017690389394147934,mendelian_traits,strict,normalized_ap,T_given_V_CSH_fusion
fold_c,42,0.0,mendelian_traits,strict,normalized_ap,T_given_V_CSH_fusion
fold_c,314159,0.0,mendelian_traits,strict,normalized_ap,T_given_V_CSH_fusion
fold_c,20260806,0.0,mendelian_traits,strict,normalized_ap,T_given_V_CSH_fusion
fold_d,42,0.0,mendelian_traits,strict,normalized_ap,T_given_V_CSH_fusion
fold_d,314159,0.0,mendelian_traits,strict,normalized_ap,T_given_V_CSH_fusion
fold_d,20260806,0.0,mendelian_traits,strict,normalized_ap,T_given_V_CSH_fusion
fold_e,42,0.0010537723156119477,mendelian_traits,strict,normalized_ap,T_given_V_CSH_fusion
fold_e,314159,0.07778451886702968,mendelian_traits,strict,normalized_ap,T_given_V_CSH_fusion
fold_e,20260806,0.01231586462057846,mendelian_traits,strict,normalized_ap,T_given_V_CSH_fusion
fold_a,42,-0.012582759320790914,mendelian_traits,strict,normalized_ap,fusion_vs_concat_CSV
fold_a,314159,-0.012582759320790914,mendelian_traits,strict,normalized_ap,fusion_vs_concat_CSV
fold_a,20260806,-0.012582759320790914,mendelian_traits,strict,normalized_ap,fusion_vs_concat_CSV
fold_b,42,0.015834042969165203,mendelian_traits,strict,normalized_ap,fusion_vs_concat_CSV
fold_b,314159,0.015834042969165203,mendelian_traits,strict,normalized_ap,fusion_vs_concat_CSV
fold_b,20260806,0.015834042969165203,mendelian_traits,strict,normalized_ap,fusion_vs_concat_CSV
fold_c,42,-0.06431880568227892,mendelian_traits,strict,normalized_ap,fusion_vs_concat_CSV
fold_c,314159,-0.06431880568227892,mendelian_traits,strict,normalized_ap,fusion_vs_concat_CSV
fold_c,20260806,-0.06431880568227892,mendelian_traits,strict,normalized_ap,fusion_vs_concat_CSV
fold_d,42,0.14729739743079479,mendelian_traits,strict,normalized_ap,fusion_vs_concat_CSV
fold_d,314159,0.14729739743079479,mendelian_traits,strict,normalized_ap,fusion_vs_concat_CSV
fold_d,20260806,0.14729739743079479,mendelian_traits,strict,normalized_ap,fusion_vs_concat_CSV
fold_e,42,0.020272138246733466,mendelian_traits,strict,normalized_ap,fusion_vs_concat_CSV
fold_e,314159,0.020272138246733466,mendelian_traits,strict,normalized_ap,fusion_vs_concat_CSV
fold_e,20260806,0.020272138246733466,mendelian_traits,strict,normalized_ap,fusion_vs_concat_CSV
fold_a,42,0.0,mendelian_traits,strict,normalized_ap,fusion_vs_V_CS
fold_a,314159,0.0,mendelian_traits,strict,normalized_ap,fusion_vs_V_CS
fold_a,20260806,0.0,mendelian_traits,strict,normalized_ap,fusion_vs_V_CS
fold_b,42,-0.04533149664191219,mendelian_traits,strict,normalized_ap,fusion_vs_V_CS
fold_b,314159,-0.04533149664191219,mendelian_traits,strict,normalized_ap,fusion_vs_V_CS
fold_b,20260806,-0.04533149664191219,mendelian_traits,strict,normalized_ap,fusion_vs_V_CS
fold_c,42,0.0,mendelian_traits,strict,normalized_ap,fusion_vs_V_CS
fold_c,314159,0.0,mendelian_traits,strict,normalized_ap,fusion_vs_V_CS
fold_c,20260806,0.0,mendelian_traits,strict,normalized_ap,fusion_vs_V_CS
fold_d,42,0.0,mendelian_traits,strict,normalized_ap,fusion_vs_V_CS
fold_d,314159,0.0,mendelian_traits,strict,normalized_ap,fusion_vs_V_CS
fold_d,20260806,0.0,mendelian_traits,strict,normalized_ap,fusion_vs_V_CS
fold_e,42,-0.1079716333118371,mendelian_traits,strict,normalized_ap,fusion_vs_V_CS
fold_e,314159,-0.1079716333118371,mendelian_traits,strict,normalized_ap,fusion_vs_V_CS
fold_e,20260806,-0.1079716333118371,mendelian_traits,strict,normalized_ap,fusion_vs_V_CS
fold_a,42,-0.029325432636183098,mendelian_traits,strict,normalized_ap,fusion_vs_concat_CSVT
fold_a,314159,-0.005652586966662591,mendelian_traits,strict,normalized_ap,fusion_vs_concat_CSVT
fold_a,20260806,-0.008136866973428364,mendelian_traits,strict,normalized_ap,fusion_vs_concat_CSVT
fold_b,42,0.013083946053323133,mendelian_traits,strict,normalized_ap,fusion_vs_concat_CSVT
fold_b,314159,0.01167269497526557,mendelian_traits,strict,normalized_ap,fusion_vs_concat_CSVT
fold_b,20260806,0.011712868570621386,mendelian_traits,strict,normalized_ap,fusion_vs_concat_CSVT
fold_c,42,-0.04130998217578291,mendelian_traits,strict,normalized_ap,fusion_vs_concat_CSVT
fold_c,314159,-0.04369203250582651,mendelian_traits,strict,normalized_ap,fusion_vs_concat_CSVT
fold_c,20260806,-0.03413716300925178,mendelian_traits,strict,normalized_ap,fusion_vs_concat_CSVT
fold_d,42,0.1457567951606471,mendelian_traits,strict,normalized_ap,fusion_vs_concat_CSVT
fold_d,314159,0.15026866737986952,mendelian_traits,strict,normalized_ap,fusion_vs_concat_CSVT
fold_d,20260806,0.14178884407320544,mendelian_traits,strict,normalized_ap,fusion_vs_concat_CSVT
fold_e,42,0.055460265286590225,mendelian_traits,strict,normalized_ap,fusion_vs_concat_CSVT
fold_e,314159,0.06712137184424369,mendelian_traits,strict,normalized_ap,fusion_vs_concat_CSVT
fold_e,20260806,0.018081963343651662,mendelian_traits,strict,normalized_ap,fusion_vs_concat_CSVT
fold_a,42,0.0,mendelian_traits,strict,normalized_ap,fusion_vs_V_CST
fold_a,314159,0.0,mendelian_traits,strict,normalized_ap,fusion_vs_V_CST
fold_a,20260806,0.0,mendelian_traits,strict,normalized_ap,fusion_vs_V_CST
fold_b,42,-0.05536461002388161,mendelian_traits,strict,normalized_ap,fusion_vs_V_CST
fold_b,314159,-0.0688453628716927,mendelian_traits,strict,normalized_ap,fusion_vs_V_CST
fold_b,20260806,-0.06609543808310445,mendelian_traits,strict,normalized_ap,fusion_vs_V_CST
fold_c,42,0.0,mendelian_traits,strict,normalized_ap,fusion_vs_V_CST
fold_c,314159,0.0,mendelian_traits,strict,normalized_ap,fusion_vs_V_CST
fold_c,20260806,0.0,mendelian_traits,strict,normalized_ap,fusion_vs_V_CST
fold_d,42,0.0,mendelian_traits,strict,normalized_ap,fusion_vs_V_CST
fold_d,314159,0.0,mendelian_traits,strict,normalized_ap,fusion_vs_V_CST
fold_d,20260806,0.0,mendelian_traits,strict,normalized_ap,fusion_vs_V_CST
fold_e,42,-0.07653724128134531,mendelian_traits,strict,normalized_ap,fusion_vs_V_CST
fold_e,314159,-0.05540264765159733,mendelian_traits,strict,normalized_ap,fusion_vs_V_CST
fold_e,20260806,-0.10532904297267184,mendelian_traits,strict,normalized_ap,fusion_vs_V_CST
fold_a,42,-0.008866280595720236,mendelian_traits,strict,normalized_ap,fusion_vs_concat_CSVH
fold_a,314159,-0.008866280595720236,mendelian_traits,strict,normalized_ap,fusion_vs_concat_CSVH
fold_a,20260806,-0.008866280595720236,mendelian_traits,strict,normalized_ap,fusion_vs_concat_CSVH
fold_b,42,0.014332111927483134,mendelian_traits,strict,normalized_ap,fusion_vs_concat_CSVH
fold_b,314159,0.014332111927483134,mendelian_traits,strict,normalized_ap,fusion_vs_concat_CSVH
fold_b,20260806,0.014332111927483134,mendelian_traits,strict,normalized_ap,fusion_vs_concat_CSVH
fold_c,42,-0.05678747329974529,mendelian_traits,strict,normalized_ap,fusion_vs_concat_CSVH
fold_c,314159,-0.05678747329974529,mendelian_traits,strict,normalized_ap,fusion_vs_concat_CSVH
fold_c,20260806,-0.05678747329974529,mendelian_traits,strict,normalized_ap,fusion_vs_concat_CSVH
fold_d,42,0.15052232454829395,mendelian_traits,strict,normalized_ap,fusion_vs_concat_CSVH
fold_d,314159,0.15052232454829395,mendelian_traits,strict,normalized_ap,fusion_vs_concat_CSVH
fold_d,20260806,0.15052232454829395,mendelian_traits,strict,normalized_ap,fusion_vs_concat_CSVH
fold_e,42,0.04985967314480775,mendelian_traits,strict,normalized_ap,fusion_vs_concat_CSVH
fold_e,314159,0.04985967314480775,mendelian_traits,strict,normalized_ap,fusion_vs_concat_CSVH
fold_e,20260806,0.04985967314480775,mendelian_traits,strict,normalized_ap,fusion_vs_concat_CSVH
fold_a,42,0.0,mendelian_traits,strict,normalized_ap,fusion_vs_V_CSH
fold_a,314159,0.0,mendelian_traits,strict,normalized_ap,fusion_vs_V_CSH
fold_a,20260806,0.0,mendelian_traits,strict,normalized_ap,fusion_vs_V_CSH
fold_b,42,-0.05150738811688649,mendelian_traits,strict,normalized_ap,fusion_vs_V_CSH
fold_b,314159,-0.05150738811688649,mendelian_traits,strict,normalized_ap,fusion_vs_V_CSH
fold_b,20260806,-0.05150738811688649,mendelian_traits,strict,normalized_ap,fusion_vs_V_CSH
fold_c,42,0.0,mendelian_traits,strict,normalized_ap,fusion_vs_V_CSH
fold_c,314159,0.0,mendelian_traits,strict,normalized_ap,fusion_vs_V_CSH
fold_c,20260806,0.0,mendelian_traits,strict,normalized_ap,fusion_vs_V_CSH
fold_d,42,0.0,mendelian_traits,strict,normalized_ap,fusion_vs_V_CSH
fold_d,314159,0.0,mendelian_traits,strict,normalized_ap,fusion_vs_V_CSH
fold_d,20260806,0.0,mendelian_traits,strict,normalized_ap,fusion_vs_V_CSH
fold_e,42,-0.07778451886702968,mendelian_traits,strict,normalized_ap,fusion_vs_V_CSH
fold_e,314159,-0.07778451886702968,mendelian_traits,strict,normalized_ap,fusion_vs_V_CSH
fold_e,20260806,-0.07778451886702968,mendelian_traits,strict,normalized_ap,fusion_vs_V_CSH
fold_a,42,-0.02192254776459173,mendelian_traits,strict,normalized_ap,fusion_vs_concat_CSVHT
fold_a,314159,-0.002968477139266213,mendelian_traits,strict,normalized_ap,fusion_vs_concat_CSVHT
fold_a,20260806,-0.003508446926794969,mendelian_traits,strict,normalized_ap,fusion_vs_concat_CSVHT
fold_b,42,0.012548085057643477,mendelian_traits,strict,normalized_ap,fusion_vs_concat_CSVHT
fold_b,314159,0.010799884402625002,mendelian_traits,strict,normalized_ap,fusion_vs_concat_CSVHT
fold_b,20260806,0.01087797921805479,mendelian_traits,strict,normalized_ap,fusion_vs_concat_CSVHT
fold_c,42,-0.03390191972413399,mendelian_traits,strict,normalized_ap,fusion_vs_concat_CSVHT
fold_c,314159,-0.02867704990986199,mendelian_traits,strict,normalized_ap,fusion_vs_concat_CSVHT
fold_c,20260806,-0.0263935651189473,mendelian_traits,strict,normalized_ap,fusion_vs_concat_CSVHT
fold_d,42,0.14366399237144126,mendelian_traits,strict,normalized_ap,fusion_vs_concat_CSVHT
fold_d,314159,0.14014321150475445,mendelian_traits,strict,normalized_ap,fusion_vs_concat_CSVHT
fold_d,20260806,0.14387730010152225,mendelian_traits,strict,normalized_ap,fusion_vs_concat_CSVHT
fold_e,42,0.05362447720821171,mendelian_traits,strict,normalized_ap,fusion_vs_concat_CSVHT
fold_e,314159,0.12251120526058293,mendelian_traits,strict,normalized_ap,fusion_vs_concat_CSVHT
fold_e,20260806,0.05711249496938685,mendelian_traits,strict,normalized_ap,fusion_vs_concat_CSVHT
fold_a,42,0.0,mendelian_traits,strict,normalized_ap,fusion_vs_V_CSHT
fold_a,314159,0.0,mendelian_traits,strict,normalized_ap,fusion_vs_V_CSHT
fold_a,20260806,0.0,mendelian_traits,strict,normalized_ap,fusion_vs_V_CSHT
fold_b,42,-0.059522175508198966,mendelian_traits,strict,normalized_ap,fusion_vs_V_CSHT
fold_b,314159,-0.07188969653128902,mendelian_traits,strict,normalized_ap,fusion_vs_V_CSHT
fold_b,20260806,-0.06919777751103443,mendelian_traits,strict,normalized_ap,fusion_vs_V_CSHT
fold_c,42,0.0,mendelian_traits,strict,normalized_ap,fusion_vs_V_CSHT
fold_c,314159,0.0,mendelian_traits,strict,normalized_ap,fusion_vs_V_CSHT
fold_c,20260806,0.0,mendelian_traits,strict,normalized_ap,fusion_vs_V_CSHT
fold_d,42,0.0,mendelian_traits,strict,normalized_ap,fusion_vs_V_CSHT
fold_d,314159,0.0,mendelian_traits,strict,normalized_ap,fusion_vs_V_CSHT
fold_d,20260806,0.0,mendelian_traits,strict,normalized_ap,fusion_vs_V_CSHT
fold_e,42,-0.07673074655141773,mendelian_traits,strict,normalized_ap,fusion_vs_V_CSHT
fold_e,314159,0.0,mendelian_traits,strict,normalized_ap,fusion_vs_V_CSHT
fold_e,20260806,-0.06546865424645122,mendelian_traits,strict,normalized_ap,fusion_vs_V_CSHT
