feature_set,feature_access,temperature,validation_f1_threshold,n_train,n_validation,n_test,scope,chromosome,n,positive_fraction,threshold,auroc,auprc,accuracy,precision,recall,f1,nll,brier,ece,task,subtask,fold,seed,closure,context,balanced_accuracy,n_val,positive_prevalence,normalized_ap
coordinate,"reference coordinate, node length, and constant orientation",19.99999824206123,0.499602457207588,132799,63864,64233,all_test_chromosomes,all,64233,0.4601684492394874,0.499602457207588,0.4966173226659371,0.4608812563081215,0.4601684492394874,0.4601684492394874,1.0,0.6302950176456164,0.6931472923997153,0.2500000559199123,0.0398314171391951,p1,thyroid_gland,fold_a,20260806,1hop,1hop,0.5,63864,0.4601684492394874,0.0013204249874425
sequence_kmer,mono/di/tri-nucleotide composition; no graph adjacency,1.1398414005206023,0.4050665385782155,132799,63864,64233,all_test_chromosomes,all,64233,0.4601684492394874,0.4050665385782155,0.631091803277249,0.5618304785849701,0.5270032537792101,0.4924406443800228,0.9080113674808852,0.6385676897454199,0.6710621523419993,0.2389510160783885,0.0509758276148918,p1,thyroid_gland,fold_a,20260806,1hop,1hop,0.555115993762072,63864,0.4601684492394874,0.1883217629689514
frozen_sequence_fm,S-FM: frozen pretrained sequence-model embedding only; no graph adjacency,1.325853749046641,0.3679937407405998,132799,63864,64233,all_test_chromosomes,all,64233,0.4601684492394874,0.3679937407405998,0.6531664231769849,0.589076154797638,0.5310821540329737,0.4949108953926398,0.9245212801948712,0.6447023851652629,0.6594544726640743,0.2336081112580777,0.0491235404346487,p1,thyroid_gland,fold_a,20260806,1hop,1hop,0.5601121181075293,63864,0.4601684492394874,0.2387924629017067
frozen_pangenomefm,frozen topology-pretrained node embedding; current encoder has no nucleotide input,1.5275338949714743,0.3593601731911073,132799,63864,64233,all_test_chromosomes,all,64233,0.4601684492394874,0.3593601731911073,0.5326532532447661,0.4831206864558137,0.460386405741597,0.4602613422212531,0.99979700926991,0.6303418119767504,0.6913553943853229,0.2491080014531381,0.0379636330942674,p1,thyroid_gland,fold_a,20260806,1hop,1hop,0.5001868968483653,63864,0.4601684492394874,0.0425174060019116
coordinate_plus_frozen_sequence_fm,C+S-FM: coordinate and frozen sequence-model embedding,1.314733848028144,0.3651056704405181,132799,63864,64233,all_test_chromosomes,all,64233,0.4601684492394874,0.3651056704405181,0.6537581140800097,0.5890112276302126,0.5298055516634752,0.494191080964064,0.9267880100142092,0.6446405459465819,0.6593356232812958,0.233554974428354,0.0497627560727918,p1,thyroid_gland,fold_a,20260806,1hop,1hop,0.5590969610272921,63864,0.4601684492394874,0.2386721898881456
coordinate_plus_frozen_pangenomefm,C+T: coordinate and frozen topology embedding; no nucleotide input,1.5130471803035337,0.3604826728230663,132799,63864,64233,all_test_chromosomes,all,64233,0.4601684492394874,0.3604826728230663,0.5327241058394936,0.4833400248909123,0.460386405741597,0.4602613422212531,0.99979700926991,0.6303418119767504,0.6913249761894976,0.2490928380788606,0.0381314702766299,p1,thyroid_gland,fold_a,20260806,1hop,1hop,0.5001868968483653,63864,0.4601684492394874,0.0429237150344044
coordinate_plus_frozen_sequence_fm_plus_frozen_pangenomefm,"C+S-FM+T: coordinate, frozen sequence-model, and topology embeddings",1.3223760795002373,0.3650536681633147,132799,63864,64233,all_test_chromosomes,all,64233,0.4601684492394874,0.3650536681633147,0.6545550802735404,0.5923295669670519,0.5327479644419535,0.495873165599434,0.924825766290006,0.6455924898151975,0.6584096398741388,0.2331213085880295,0.0480168310092261,p1,thyroid_gland,fold_a,20260806,1hop,1hop,0.561677483000807,63864,0.4601684492394874,0.2448191802449789
coordinate,"reference coordinate, node length, and constant orientation",19.99999824206123,0.499602457207588,132799,63864,64233,all_test_chromosomes,all,64233,0.4601684492394874,0.499602457207588,0.4966173226659371,0.4608812563081215,0.4601684492394874,0.4601684492394874,1.0,0.6302950176456164,0.6931472923997153,0.2500000559199123,0.0398314171391951,p1,thyroid_gland,fold_a,20260806,strict,strict,0.5,63864,0.4601684492394874,0.0013204249874425
sequence_kmer,mono/di/tri-nucleotide composition; no graph adjacency,1.1398414005206023,0.4050665385782155,132799,63864,64233,all_test_chromosomes,all,64233,0.4601684492394874,0.4050665385782155,0.631091803277249,0.5618304785849701,0.5270032537792101,0.4924406443800228,0.9080113674808852,0.6385676897454199,0.6710621523419993,0.2389510160783885,0.0509758276148918,p1,thyroid_gland,fold_a,20260806,strict,strict,0.555115993762072,63864,0.4601684492394874,0.1883217629689514
frozen_sequence_fm,S-FM: frozen pretrained sequence-model embedding only; no graph adjacency,1.325853749046641,0.3679937407405998,132799,63864,64233,all_test_chromosomes,all,64233,0.4601684492394874,0.3679937407405998,0.6531664231769849,0.589076154797638,0.5310821540329737,0.4949108953926398,0.9245212801948712,0.6447023851652629,0.6594544726640743,0.2336081112580777,0.0491235404346487,p1,thyroid_gland,fold_a,20260806,strict,strict,0.5601121181075293,63864,0.4601684492394874,0.2387924629017067
frozen_pangenomefm,frozen topology-pretrained node embedding; current encoder has no nucleotide input,1.1993270794318425,0.3603483382723521,132799,63864,64233,all_test_chromosomes,all,64233,0.4601684492394874,0.3603483382723521,0.5151948435378577,0.4680562680132716,0.4602307225258045,0.4601958677814626,0.9999661682116516,0.6303140161006557,0.6931577783557357,0.2500038945466666,0.0387975432139444,p1,thyroid_gland,fold_a,20260806,strict,strict,0.5000551821591783,63864,0.4601684492394874,0.0146116297994658
coordinate_plus_frozen_sequence_fm,C+S-FM: coordinate and frozen sequence-model embedding,1.314733848028144,0.3651056704405181,132799,63864,64233,all_test_chromosomes,all,64233,0.4601684492394874,0.3651056704405181,0.6537581140800097,0.5890112276302126,0.5298055516634752,0.494191080964064,0.9267880100142092,0.6446405459465819,0.6593356232812958,0.233554974428354,0.0497627560727918,p1,thyroid_gland,fold_a,20260806,strict,strict,0.5590969610272921,63864,0.4601684492394874,0.2386721898881456
coordinate_plus_frozen_pangenomefm,C+T: coordinate and frozen topology embedding; no nucleotide input,1.28344417119591,0.3657187543433034,132799,63864,64233,all_test_chromosomes,all,64233,0.4601684492394874,0.3657187543433034,0.5187814170353079,0.4710719203385684,0.4602462908473837,0.460203033039579,0.9999661682116516,0.6303207370127101,0.6929352101773015,0.2498925791466335,0.0394156415789215,p1,thyroid_gland,fold_a,20260806,strict,strict,0.5000696017698489,63864,0.4601684492394874,0.0201979137449824
coordinate_plus_frozen_sequence_fm_plus_frozen_pangenomefm,"C+S-FM+T: coordinate, frozen sequence-model, and topology embeddings",1.3159839457969638,0.3885328522077504,132799,63864,64233,all_test_chromosomes,all,64233,0.4601684492394874,0.3885328522077504,0.6535961478691608,0.5894454919703163,0.5440038609437516,0.5025385518887584,0.8974558495162054,0.6442970951131837,0.6593569764947262,0.2335530253044181,0.0493118277833779,p1,thyroid_gland,fold_a,20260806,strict,strict,0.5700833681611308,63864,0.4601684492394874,0.2394766340513144
coordinate,"reference coordinate, node length, and constant orientation",19.99999824206123,0.499602457207588,132799,63864,64233,all_test_chromosomes,all,64233,0.4601684492394874,0.499602457207588,0.4966173226659371,0.4608812563081215,0.4601684492394874,0.4601684492394874,1.0,0.6302950176456164,0.6931472923997153,0.2500000559199123,0.0398314171391951,p1,thyroid_gland,fold_a,314159,1hop,1hop,0.5,63864,0.4601684492394874,0.0013204249874425
sequence_kmer,mono/di/tri-nucleotide composition; no graph adjacency,1.1398414005206023,0.4050665385782155,132799,63864,64233,all_test_chromosomes,all,64233,0.4601684492394874,0.4050665385782155,0.631091803277249,0.5618304785849701,0.5270032537792101,0.4924406443800228,0.9080113674808852,0.6385676897454199,0.6710621523419993,0.2389510160783885,0.0509758276148918,p1,thyroid_gland,fold_a,314159,1hop,1hop,0.555115993762072,63864,0.4601684492394874,0.1883217629689514
frozen_sequence_fm,S-FM: frozen pretrained sequence-model embedding only; no graph adjacency,1.325853749046641,0.3679937407405998,132799,63864,64233,all_test_chromosomes,all,64233,0.4601684492394874,0.3679937407405998,0.6531664231769849,0.589076154797638,0.5310821540329737,0.4949108953926398,0.9245212801948712,0.6447023851652629,0.6594544726640743,0.2336081112580777,0.0491235404346487,p1,thyroid_gland,fold_a,314159,1hop,1hop,0.5601121181075293,63864,0.4601684492394874,0.2387924629017067
frozen_pangenomefm,frozen topology-pretrained node embedding; current encoder has no nucleotide input,1.262604543423522,0.3987211658528451,132799,63864,64233,all_test_chromosomes,all,64233,0.4601684492394874,0.3987211658528451,0.5250949336567656,0.4790427427415079,0.4605420889573895,0.4602264740335806,0.9968874754719534,0.6297297586100039,0.6921541813075913,0.2494990442979511,0.0372848322911161,p1,thyroid_gland,fold_a,314159,1hop,1hop,0.500116412573756,63864,0.4601684492394874,0.0349633019326684
coordinate_plus_frozen_sequence_fm,C+S-FM: coordinate and frozen sequence-model embedding,1.314733848028144,0.3651056704405181,132799,63864,64233,all_test_chromosomes,all,64233,0.4601684492394874,0.3651056704405181,0.6537581140800097,0.5890112276302126,0.5298055516634752,0.494191080964064,0.9267880100142092,0.6446405459465819,0.6593356232812958,0.233554974428354,0.0497627560727918,p1,thyroid_gland,fold_a,314159,1hop,1hop,0.5590969610272921,63864,0.4601684492394874,0.2386721898881456
coordinate_plus_frozen_pangenomefm,C+T: coordinate and frozen topology embedding; no nucleotide input,1.3652401420541695,0.407277475848916,132799,63864,64233,all_test_chromosomes,all,64233,0.4601684492394874,0.407277475848916,0.5227889687197675,0.4762236298102137,0.4607133404947612,0.4602956342385699,0.9966168211651668,0.6297404762922741,0.6924157334858246,0.24963055320528,0.0377215262892055,p1,thyroid_gland,fold_a,314159,1hop,1hop,0.5002550580231026,63864,0.4601684492394874,0.0297410933986866
coordinate_plus_frozen_sequence_fm_plus_frozen_pangenomefm,"C+S-FM+T: coordinate, frozen sequence-model, and topology embeddings",1.3073402004669772,0.38495440524907,132799,63864,64233,all_test_chromosomes,all,64233,0.4601684492394874,0.38495440524907,0.6521998541062058,0.5896027022570346,0.5419332741737113,0.5012769821600863,0.8964408958657555,0.642998410522101,0.6592671937822098,0.2335419049088063,0.0478484861267821,p1,thyroid_gland,fold_a,314159,1hop,1hop,0.5680906714368431,63864,0.4601684492394874,0.2397678550562683
coordinate,"reference coordinate, node length, and constant orientation",19.99999824206123,0.499602457207588,132799,63864,64233,all_test_chromosomes,all,64233,0.4601684492394874,0.499602457207588,0.4966173226659371,0.4608812563081215,0.4601684492394874,0.4601684492394874,1.0,0.6302950176456164,0.6931472923997153,0.2500000559199123,0.0398314171391951,p1,thyroid_gland,fold_a,314159,strict,strict,0.5,63864,0.4601684492394874,0.0013204249874425
sequence_kmer,mono/di/tri-nucleotide composition; no graph adjacency,1.1398414005206023,0.4050665385782155,132799,63864,64233,all_test_chromosomes,all,64233,0.4601684492394874,0.4050665385782155,0.631091803277249,0.5618304785849701,0.5270032537792101,0.4924406443800228,0.9080113674808852,0.6385676897454199,0.6710621523419993,0.2389510160783885,0.0509758276148918,p1,thyroid_gland,fold_a,314159,strict,strict,0.555115993762072,63864,0.4601684492394874,0.1883217629689514
frozen_sequence_fm,S-FM: frozen pretrained sequence-model embedding only; no graph adjacency,1.325853749046641,0.3679937407405998,132799,63864,64233,all_test_chromosomes,all,64233,0.4601684492394874,0.3679937407405998,0.6531664231769849,0.589076154797638,0.5310821540329737,0.4949108953926398,0.9245212801948712,0.6447023851652629,0.6594544726640743,0.2336081112580777,0.0491235404346487,p1,thyroid_gland,fold_a,314159,strict,strict,0.5601121181075293,63864,0.4601684492394874,0.2387924629017067
frozen_pangenomefm,frozen topology-pretrained node embedding; current encoder has no nucleotide input,1.539829568181501,0.3919954002752183,132799,63864,64233,all_test_chromosomes,all,64233,0.4601684492394874,0.3919954002752183,0.5102703142814589,0.4651170074653865,0.4601684492394874,0.4601684492394874,1.0,0.6302950176456164,0.6934384250688098,0.2501439494794262,0.0406618614722257,p1,thyroid_gland,fold_a,314159,strict,strict,0.5,63864,0.4601684492394874,0.0091668562515984
coordinate_plus_frozen_sequence_fm,C+S-FM: coordinate and frozen sequence-model embedding,1.314733848028144,0.3651056704405181,132799,63864,64233,all_test_chromosomes,all,64233,0.4601684492394874,0.3651056704405181,0.6537581140800097,0.5890112276302126,0.5298055516634752,0.494191080964064,0.9267880100142092,0.6446405459465819,0.6593356232812958,0.233554974428354,0.0497627560727918,p1,thyroid_gland,fold_a,314159,strict,strict,0.5590969610272921,63864,0.4601684492394874,0.2386721898881456
coordinate_plus_frozen_pangenomefm,C+T: coordinate and frozen topology embedding; no nucleotide input,1.7366580097513964,0.360606550059373,132799,63864,64233,all_test_chromosomes,all,64233,0.4601684492394874,0.360606550059373,0.5111588253427463,0.4683620400820351,0.4601684492394874,0.4601684492394874,1.0,0.6302950176456164,0.6932854384661343,0.2500682231604489,0.040265694600846,p1,thyroid_gland,fold_a,314159,strict,strict,0.5,63864,0.4601684492394874,0.0151780510624185
coordinate_plus_frozen_sequence_fm_plus_frozen_pangenomefm,"C+S-FM+T: coordinate, frozen sequence-model, and topology embeddings",1.3154705967284464,0.3996859462880475,132799,63864,64233,all_test_chromosomes,all,64233,0.4601684492394874,0.3996859462880475,0.6516876549780073,0.5865672514449835,0.5506982392228293,0.5067654014655139,0.8844306110020975,0.6443359952676723,0.6601938987330643,0.2339527857997807,0.0497004135150947,p1,thyroid_gland,fold_a,314159,strict,strict,0.575322731600544,63864,0.4601684492394874,0.2341448958057858
coordinate,"reference coordinate, node length, and constant orientation",19.99999824206123,0.499602457207588,132799,63864,64233,all_test_chromosomes,all,64233,0.4601684492394874,0.499602457207588,0.4966173226659371,0.4608812563081215,0.4601684492394874,0.4601684492394874,1.0,0.6302950176456164,0.6931472923997153,0.2500000559199123,0.0398314171391951,p1,thyroid_gland,fold_a,42,1hop,1hop,0.5,63864,0.4601684492394874,0.0013204249874425
sequence_kmer,mono/di/tri-nucleotide composition; no graph adjacency,1.1398414005206023,0.4050665385782155,132799,63864,64233,all_test_chromosomes,all,64233,0.4601684492394874,0.4050665385782155,0.631091803277249,0.5618304785849701,0.5270032537792101,0.4924406443800228,0.9080113674808852,0.6385676897454199,0.6710621523419993,0.2389510160783885,0.0509758276148918,p1,thyroid_gland,fold_a,42,1hop,1hop,0.555115993762072,63864,0.4601684492394874,0.1883217629689514
frozen_sequence_fm,S-FM: frozen pretrained sequence-model embedding only; no graph adjacency,1.325853749046641,0.3679937407405998,132799,63864,64233,all_test_chromosomes,all,64233,0.4601684492394874,0.3679937407405998,0.6531664231769849,0.589076154797638,0.5310821540329737,0.4949108953926398,0.9245212801948712,0.6447023851652629,0.6594544726640743,0.2336081112580777,0.0491235404346487,p1,thyroid_gland,fold_a,42,1hop,1hop,0.5601121181075293,63864,0.4601684492394874,0.2387924629017067
frozen_pangenomefm,frozen topology-pretrained node embedding; current encoder has no nucleotide input,1.3618070514711436,0.3918119482508723,132799,63864,64233,all_test_chromosomes,all,64233,0.4601684492394874,0.3918119482508723,0.5419142903961676,0.4908923198265117,0.460635498886865,0.4603550664775472,0.9992218688679884,0.6303153177186149,0.690020387654089,0.2484410092596106,0.0372680153707749,p1,thyroid_gland,fold_a,42,1hop,1hop,0.5003751737995313,63864,0.4601684492394874,0.0569138105094831
coordinate_plus_frozen_sequence_fm,C+S-FM: coordinate and frozen sequence-model embedding,1.314733848028144,0.3651056704405181,132799,63864,64233,all_test_chromosomes,all,64233,0.4601684492394874,0.3651056704405181,0.6537581140800097,0.5890112276302126,0.5298055516634752,0.494191080964064,0.9267880100142092,0.6446405459465819,0.6593356232812958,0.233554974428354,0.0497627560727918,p1,thyroid_gland,fold_a,42,1hop,1hop,0.5590969610272921,63864,0.4601684492394874,0.2386721898881456
coordinate_plus_frozen_pangenomefm,C+T: coordinate and frozen topology embedding; no nucleotide input,1.4464767345615572,0.395275520937124,132799,63864,64233,all_test_chromosomes,all,64233,0.4601684492394874,0.395275520937124,0.5431190776991046,0.4945132638393768,0.460199585882646,0.4601654128311761,0.9995263549631234,0.63019805676134,0.689873877521905,0.2483693319045676,0.0374855796948579,p1,thyroid_gland,fold_a,42,1hop,1hop,0.4999938912522899,63864,0.4601684492394874,0.0636213547568765
coordinate_plus_frozen_sequence_fm_plus_frozen_pangenomefm,"C+S-FM+T: coordinate, frozen sequence-model, and topology embeddings",1.3263310759040787,0.3773981410239366,132799,63864,64233,all_test_chromosomes,all,64233,0.4601684492394874,0.3773981410239366,0.6545356744377984,0.5916336320128821,0.5378076689552099,0.4987915969511061,0.90770688138575,0.6438066900225561,0.6584749276060827,0.2331517881251431,0.0484361574769951,p1,thyroid_gland,fold_a,42,1hop,1hop,0.5651007370158743,63864,0.4601684492394874,0.243530009663546
coordinate,"reference coordinate, node length, and constant orientation",19.99999824206123,0.499602457207588,132799,63864,64233,all_test_chromosomes,all,64233,0.4601684492394874,0.499602457207588,0.4966173226659371,0.4608812563081215,0.4601684492394874,0.4601684492394874,1.0,0.6302950176456164,0.6931472923997153,0.2500000559199123,0.0398314171391951,p1,thyroid_gland,fold_a,42,strict,strict,0.5,63864,0.4601684492394874,0.0013204249874425
sequence_kmer,mono/di/tri-nucleotide composition; no graph adjacency,1.1398414005206023,0.4050665385782155,132799,63864,64233,all_test_chromosomes,all,64233,0.4601684492394874,0.4050665385782155,0.631091803277249,0.5618304785849701,0.5270032537792101,0.4924406443800228,0.9080113674808852,0.6385676897454199,0.6710621523419993,0.2389510160783885,0.0509758276148918,p1,thyroid_gland,fold_a,42,strict,strict,0.555115993762072,63864,0.4601684492394874,0.1883217629689514
frozen_sequence_fm,S-FM: frozen pretrained sequence-model embedding only; no graph adjacency,1.325853749046641,0.3679937407405998,132799,63864,64233,all_test_chromosomes,all,64233,0.4601684492394874,0.3679937407405998,0.6531664231769849,0.589076154797638,0.5310821540329737,0.4949108953926398,0.9245212801948712,0.6447023851652629,0.6594544726640743,0.2336081112580777,0.0491235404346487,p1,thyroid_gland,fold_a,42,strict,strict,0.5601121181075293,63864,0.4601684492394874,0.2387924629017067
frozen_pangenomefm,frozen topology-pretrained node embedding; current encoder has no nucleotide input,1.4470638242975478,0.4213065670567732,132799,63864,64233,all_test_chromosomes,all,64233,0.4601684492394874,0.4213065670567732,0.5065899264789138,0.465336447037413,0.4604953839926518,0.4602334800387052,0.9976656066039652,0.6298914900888585,0.6937331708216357,0.2502907160949307,0.0394608938951024,p1,thyroid_gland,fold_a,42,strict,strict,0.5001305682623286,63864,0.4601684492394874,0.0095733526331407
coordinate_plus_frozen_sequence_fm,C+S-FM: coordinate and frozen sequence-model embedding,1.314733848028144,0.3651056704405181,132799,63864,64233,all_test_chromosomes,all,64233,0.4601684492394874,0.3651056704405181,0.6537581140800097,0.5890112276302126,0.5298055516634752,0.494191080964064,0.9267880100142092,0.6446405459465819,0.6593356232812958,0.233554974428354,0.0497627560727918,p1,thyroid_gland,fold_a,42,strict,strict,0.5590969610272921,63864,0.4601684492394874,0.2386721898881456
coordinate_plus_frozen_pangenomefm,C+T: coordinate and frozen topology embedding; no nucleotide input,1.7687881365292666,0.4268915550924522,132799,63864,64233,all_test_chromosomes,all,64233,0.4601684492394874,0.4268915550924522,0.5098299809941941,0.4692749651939818,0.46032413245528,0.4601681563635796,0.9980377562757968,0.6299044466983398,0.6934689063456286,0.2501591965954858,0.0426877141400243,p1,thyroid_gland,fold_a,42,strict,strict,0.4999994116634931,63864,0.4601684492394874,0.0168691806576794
coordinate_plus_frozen_sequence_fm_plus_frozen_pangenomefm,"C+S-FM+T: coordinate, frozen sequence-model, and topology embeddings",1.3184106075713142,0.4079965746152593,132799,63864,64233,all_test_chromosomes,all,64233,0.4601684492394874,0.4079965746152593,0.6528134363959697,0.5886662368236131,0.5568477262466334,0.5107831337187506,0.8758035049732729,0.6452473236206832,0.6597067540680361,0.2337157888946293,0.0493831445419449,p1,thyroid_gland,fold_a,42,strict,strict,0.5803819255219644,63864,0.4601684492394874,0.2380331186702564
coordinate,"reference coordinate, node length, and constant orientation",1.324114349264192,0.4762507117917544,148072,48960,63864,all_test_chromosomes,all,63864,0.4448828761117374,0.4762507117917544,0.5171385063280205,0.4505875744085689,0.4450081423023926,0.4449092789320297,0.999401661269886,0.6157165470433896,0.6929073789410988,0.2498800436195119,0.0548403555296159,p1,thyroid_gland,fold_b,20260806,1hop,1hop,0.500053420051619,48960,0.4448828761117374,0.0102765669645956
sequence_kmer,mono/di/tri-nucleotide composition; no graph adjacency,0.8487133546802168,0.3487980644647399,148072,48960,63864,all_test_chromosomes,all,63864,0.4448828761117374,0.3487980644647399,0.6253994108886585,0.5548092711988177,0.5024426907177753,0.4697753818508535,0.9201393777277208,0.6219932906664128,0.6715784182920931,0.2391743698389058,0.0583276272610134,p1,thyroid_gland,fold_b,20260806,1hop,1hop,0.5439154521494296,48960,0.4448828761117374,0.1980237869751014
frozen_sequence_fm,S-FM: frozen pretrained sequence-model embedding only; no graph adjacency,1.0929528997665725,0.3693502161121641,148072,48960,63864,all_test_chromosomes,all,63864,0.4448828761117374,0.3693502161121641,0.6479487877627386,0.5744577567491711,0.5370318176124264,0.4886806875869774,0.8775165423060679,0.6277649784089335,0.6609104691292915,0.2342468173910781,0.0553202142219596,p1,thyroid_gland,fold_b,20260806,1hop,1hop,0.5708382666398895,48960,0.4448828761117374,0.2334189940491104
frozen_pangenomefm,frozen topology-pretrained node embedding; current encoder has no nucleotide input,2.17923186615774,0.4191725585732762,148072,48960,63864,all_test_chromosomes,all,63864,0.4448828761117374,0.4191725585732762,0.5307727255737926,0.4669684089096254,0.444945509207065,0.4448917572605658,0.9996128396452204,0.615739837398374,0.6915175528003223,0.249184994262275,0.0536745758497874,p1,thyroid_gland,fold_b,20260806,1hop,1hop,0.5000179734726158,48960,0.4448828761117374,0.0397853567247071
coordinate_plus_frozen_sequence_fm,C+S-FM: coordinate and frozen sequence-model embedding,1.089419570482023,0.3642803902539905,148072,48960,63864,all_test_chromosomes,all,63864,0.4448828761117374,0.3642803902539905,0.6493964807916791,0.5759388570750603,0.5351371664787674,0.4876246266051131,0.8848021962551035,0.6287422154415626,0.6601839818352321,0.2339263841786324,0.055221654184758,p1,thyroid_gland,fold_b,20260806,1hop,1hop,0.5698551204676172,48960,0.4448828761117374,0.2360870802279603
coordinate_plus_frozen_pangenomefm,C+T: coordinate and frozen topology embedding; no nucleotide input,1.9899185518146063,0.4126058158416104,148072,48960,63864,all_test_chromosomes,all,63864,0.4448828761117374,0.4126058158416104,0.5346806677225294,0.46873400977099,0.4449924840285607,0.4449126654656536,0.9996128396452204,0.6157598621093369,0.6912572525004392,0.2490541395282216,0.0535931946023592,p1,thyroid_gland,fold_b,20260806,1hop,1hop,0.500060284202617,48960,0.4448828761117374,0.0429659483249042
coordinate_plus_frozen_sequence_fm_plus_frozen_pangenomefm,"C+S-FM+T: coordinate, frozen sequence-model, and topology embeddings",1.1080729764746875,0.3389948583148069,148072,48960,63864,all_test_chromosomes,all,63864,0.4448828761117374,0.3389948583148069,0.6498067264954831,0.5774012548361475,0.5211073531253915,0.4798553144129104,0.910495565254118,0.6284832730011418,0.6594123822878145,0.2335457260001682,0.0523692834262375,p1,thyroid_gland,fold_b,20260806,1hop,1hop,0.5597693893065129,48960,0.4448828761117374,0.2387214752018425
coordinate,"reference coordinate, node length, and constant orientation",1.324114349264192,0.4762507117917544,148072,48960,63864,all_test_chromosomes,all,63864,0.4448828761117374,0.4762507117917544,0.5171385063280205,0.4505875744085689,0.4450081423023926,0.4449092789320297,0.999401661269886,0.6157165470433896,0.6929073789410988,0.2498800436195119,0.0548403555296159,p1,thyroid_gland,fold_b,20260806,strict,strict,0.500053420051619,48960,0.4448828761117374,0.0102765669645956
sequence_kmer,mono/di/tri-nucleotide composition; no graph adjacency,0.8487133546802168,0.3487980644647399,148072,48960,63864,all_test_chromosomes,all,63864,0.4448828761117374,0.3487980644647399,0.6253994108886585,0.5548092711988177,0.5024426907177753,0.4697753818508535,0.9201393777277208,0.6219932906664128,0.6715784182920931,0.2391743698389058,0.0583276272610134,p1,thyroid_gland,fold_b,20260806,strict,strict,0.5439154521494296,48960,0.4448828761117374,0.1980237869751014
frozen_sequence_fm,S-FM: frozen pretrained sequence-model embedding only; no graph adjacency,1.0929528997665725,0.3693502161121641,148072,48960,63864,all_test_chromosomes,all,63864,0.4448828761117374,0.3693502161121641,0.6479487877627386,0.5744577567491711,0.5370318176124264,0.4886806875869774,0.8775165423060679,0.6277649784089335,0.6609104691292915,0.2342468173910781,0.0553202142219596,p1,thyroid_gland,fold_b,20260806,strict,strict,0.5708382666398895,48960,0.4448828761117374,0.2334189940491104
frozen_pangenomefm,frozen topology-pretrained node embedding; current encoder has no nucleotide input,2.168457680897899,0.405724875246642,148072,48960,63864,all_test_chromosomes,all,63864,0.4448828761117374,0.405724875246642,0.5359574454764819,0.4726897311064368,0.4448828761117374,0.4448811499796436,0.9999648036041108,0.6157964323644797,0.6918298668404423,0.2493416917072781,0.0552598545113763,p1,thyroid_gland,fold_b,20260806,strict,strict,0.4999965053787225,48960,0.4448828761117374,0.0500918703424766
coordinate_plus_frozen_sequence_fm,C+S-FM: coordinate and frozen sequence-model embedding,1.089419570482023,0.3642803902539905,148072,48960,63864,all_test_chromosomes,all,63864,0.4448828761117374,0.3642803902539905,0.6493964807916791,0.5759388570750603,0.5351371664787674,0.4876246266051131,0.8848021962551035,0.6287422154415626,0.6601839818352321,0.2339263841786324,0.055221654184758,p1,thyroid_gland,fold_b,20260806,strict,strict,0.5698551204676172,48960,0.4448828761117374,0.2360870802279603
coordinate_plus_frozen_pangenomefm,C+T: coordinate and frozen topology embedding; no nucleotide input,1.447604051044593,0.3187217943122066,148072,48960,63864,all_test_chromosomes,all,63864,0.4448828761117374,0.3187217943122066,0.5428122925416092,0.4769908697038546,0.4448828761117374,0.4448828761117374,1.0,0.615804759634141,0.691015725406514,0.2489345352946644,0.0557793839290997,p1,thyroid_gland,fold_b,20260806,strict,strict,0.5,48960,0.4448828761117374,0.0578400344907754
coordinate_plus_frozen_sequence_fm_plus_frozen_pangenomefm,"C+S-FM+T: coordinate, frozen sequence-model, and topology embeddings",1.098297441564763,0.3441840780755081,148072,48960,63864,all_test_chromosomes,all,63864,0.4448828761117374,0.3441840780755081,0.6506524888795988,0.576353430678451,0.5232838531880245,0.4809775997904074,0.9046177671406448,0.6280345514300725,0.6592297453596107,0.2334577441539338,0.0534341621184578,p1,thyroid_gland,fold_b,20260806,strict,strict,0.5611461847098914,48960,0.4448828761117374,0.2368339020887001
coordinate,"reference coordinate, node length, and constant orientation",1.324114349264192,0.4762507117917544,148072,48960,63864,all_test_chromosomes,all,63864,0.4448828761117374,0.4762507117917544,0.5171385063280205,0.4505875744085689,0.4450081423023926,0.4449092789320297,0.999401661269886,0.6157165470433896,0.6929073789410988,0.2498800436195119,0.0548403555296159,p1,thyroid_gland,fold_b,314159,1hop,1hop,0.500053420051619,48960,0.4448828761117374,0.0102765669645956
sequence_kmer,mono/di/tri-nucleotide composition; no graph adjacency,0.8487133546802168,0.3487980644647399,148072,48960,63864,all_test_chromosomes,all,63864,0.4448828761117374,0.3487980644647399,0.6253994108886585,0.5548092711988177,0.5024426907177753,0.4697753818508535,0.9201393777277208,0.6219932906664128,0.6715784182920931,0.2391743698389058,0.0583276272610134,p1,thyroid_gland,fold_b,314159,1hop,1hop,0.5439154521494296,48960,0.4448828761117374,0.1980237869751014
frozen_sequence_fm,S-FM: frozen pretrained sequence-model embedding only; no graph adjacency,1.0929528997665725,0.3693502161121641,148072,48960,63864,all_test_chromosomes,all,63864,0.4448828761117374,0.3693502161121641,0.6479487877627386,0.5744577567491711,0.5370318176124264,0.4886806875869774,0.8775165423060679,0.6277649784089335,0.6609104691292915,0.2342468173910781,0.0553202142219596,p1,thyroid_gland,fold_b,314159,1hop,1hop,0.5708382666398895,48960,0.4448828761117374,0.2334189940491104
frozen_pangenomefm,frozen topology-pretrained node embedding; current encoder has no nucleotide input,2.882410090255976,0.4541835832861671,148072,48960,63864,all_test_chromosomes,all,63864,0.4448828761117374,0.4541835832861671,0.523249767977003,0.4576532017609528,0.4451020919453839,0.4449700805163069,0.9997888216246656,0.6158482384823848,0.6921979158065074,0.2495247743455717,0.0532377589479513,p1,thyroid_gland,fold_b,314159,1hop,1hop,0.5001764823456737,48960,0.4448828761117374,0.0230047409810869
coordinate_plus_frozen_sequence_fm,C+S-FM: coordinate and frozen sequence-model embedding,1.089419570482023,0.3642803902539905,148072,48960,63864,all_test_chromosomes,all,63864,0.4448828761117374,0.3642803902539905,0.6493964807916791,0.5759388570750603,0.5351371664787674,0.4876246266051131,0.8848021962551035,0.6287422154415626,0.6601839818352321,0.2339263841786324,0.055221654184758,p1,thyroid_gland,fold_b,314159,1hop,1hop,0.5698551204676172,48960,0.4448828761117374,0.2360870802279603
coordinate_plus_frozen_pangenomefm,C+T: coordinate and frozen topology embedding; no nucleotide input,2.72422530327194,0.4466172943198084,148072,48960,63864,all_test_chromosomes,all,63864,0.4448828761117374,0.4466172943198084,0.5265119368757345,0.4602929638800438,0.445086433671552,0.4449700064216016,0.999929607208222,0.6158748739960329,0.6919410460012322,0.2493963480884305,0.0528727892502709,p1,thyroid_gland,fold_b,314159,1hop,1hop,0.5001763572541166,48960,0.4448828761117374,0.0277600655882635
coordinate_plus_frozen_sequence_fm_plus_frozen_pangenomefm,"C+S-FM+T: coordinate, frozen sequence-model, and topology embeddings",1.1113504454749836,0.3376054120214419,148072,48960,63864,all_test_chromosomes,all,63864,0.4448828761117374,0.3376054120214419,0.6503888867175466,0.5764737534992205,0.5193379681823875,0.4788930148349313,0.9123609742362382,0.6280999745580984,0.6591717676852997,0.2334425771979316,0.0529561384111543,p1,thyroid_gland,fold_b,314159,1hop,1hop,0.5583609000708439,48960,0.4448828761117374,0.2370506542218835
coordinate,"reference coordinate, node length, and constant orientation",1.324114349264192,0.4762507117917544,148072,48960,63864,all_test_chromosomes,all,63864,0.4448828761117374,0.4762507117917544,0.5171385063280205,0.4505875744085689,0.4450081423023926,0.4449092789320297,0.999401661269886,0.6157165470433896,0.6929073789410988,0.2498800436195119,0.0548403555296159,p1,thyroid_gland,fold_b,314159,strict,strict,0.500053420051619,48960,0.4448828761117374,0.0102765669645956
sequence_kmer,mono/di/tri-nucleotide composition; no graph adjacency,0.8487133546802168,0.3487980644647399,148072,48960,63864,all_test_chromosomes,all,63864,0.4448828761117374,0.3487980644647399,0.6253994108886585,0.5548092711988177,0.5024426907177753,0.4697753818508535,0.9201393777277208,0.6219932906664128,0.6715784182920931,0.2391743698389058,0.0583276272610134,p1,thyroid_gland,fold_b,314159,strict,strict,0.5439154521494296,48960,0.4448828761117374,0.1980237869751014
frozen_sequence_fm,S-FM: frozen pretrained sequence-model embedding only; no graph adjacency,1.0929528997665725,0.3693502161121641,148072,48960,63864,all_test_chromosomes,all,63864,0.4448828761117374,0.3693502161121641,0.6479487877627386,0.5744577567491711,0.5370318176124264,0.4886806875869774,0.8775165423060679,0.6277649784089335,0.6609104691292915,0.2342468173910781,0.0553202142219596,p1,thyroid_gland,fold_b,314159,strict,strict,0.5708382666398895,48960,0.4448828761117374,0.2334189940491104
frozen_pangenomefm,frozen topology-pretrained node embedding; current encoder has no nucleotide input,1.9352671319555248,0.392479321178944,148072,48960,63864,all_test_chromosomes,all,63864,0.4448828761117374,0.392479321178944,0.5224087000010436,0.4584749070544232,0.4448985343855693,0.4448846641715082,0.9998944108123328,0.6157864504871625,0.6926351998709563,0.2497436178279843,0.0555908994319666,p1,thyroid_gland,fold_b,314159,strict,strict,0.5000036197128346,48960,0.4448828761117374,0.0244849786788808
coordinate_plus_frozen_sequence_fm,C+S-FM: coordinate and frozen sequence-model embedding,1.089419570482023,0.3642803902539905,148072,48960,63864,all_test_chromosomes,all,63864,0.4448828761117374,0.3642803902539905,0.6493964807916791,0.5759388570750603,0.5351371664787674,0.4876246266051131,0.8848021962551035,0.6287422154415626,0.6601839818352321,0.2339263841786324,0.055221654184758,p1,thyroid_gland,fold_b,314159,strict,strict,0.5698551204676172,48960,0.4448828761117374,0.2360870802279603
coordinate_plus_frozen_pangenomefm,C+T: coordinate and frozen topology embedding; no nucleotide input,1.760976358684403,0.3868262473453337,148072,48960,63864,all_test_chromosomes,all,63864,0.4448828761117374,0.3868262473453337,0.5235215621468596,0.4575068061517656,0.444945509207065,0.4449038401303013,0.9998592144164438,0.6157981444550421,0.6927423745144263,0.2497959690195297,0.0559791413199861,p1,thyroid_gland,fold_b,314159,strict,strict,0.5000424358215583,48960,0.4448828761117374,0.0227410207626187
coordinate_plus_frozen_sequence_fm_plus_frozen_pangenomefm,"C+S-FM+T: coordinate, frozen sequence-model, and topology embeddings",1.109000965637898,0.3511350234450712,148072,48960,63864,all_test_chromosomes,all,63864,0.4448828761117374,0.3511350234450712,0.6486515337638633,0.5746831367614516,0.5270888137291745,0.4831106582125604,0.9010629311558496,0.6289862905999705,0.6600952063049175,0.233869077747968,0.0536922650593255,p1,thyroid_gland,fold_b,314159,strict,strict,0.5642203970909565,48960,0.4448828761117374,0.2338249984805749
coordinate,"reference coordinate, node length, and constant orientation",1.324114349264192,0.4762507117917544,148072,48960,63864,all_test_chromosomes,all,63864,0.4448828761117374,0.4762507117917544,0.5171385063280205,0.4505875744085689,0.4450081423023926,0.4449092789320297,0.999401661269886,0.6157165470433896,0.6929073789410988,0.2498800436195119,0.0548403555296159,p1,thyroid_gland,fold_b,42,1hop,1hop,0.500053420051619,48960,0.4448828761117374,0.0102765669645956
sequence_kmer,mono/di/tri-nucleotide composition; no graph adjacency,0.8487133546802168,0.3487980644647399,148072,48960,63864,all_test_chromosomes,all,63864,0.4448828761117374,0.3487980644647399,0.6253994108886585,0.5548092711988177,0.5024426907177753,0.4697753818508535,0.9201393777277208,0.6219932906664128,0.6715784182920931,0.2391743698389058,0.0583276272610134,p1,thyroid_gland,fold_b,42,1hop,1hop,0.5439154521494296,48960,0.4448828761117374,0.1980237869751014
frozen_sequence_fm,S-FM: frozen pretrained sequence-model embedding only; no graph adjacency,1.0929528997665725,0.3693502161121641,148072,48960,63864,all_test_chromosomes,all,63864,0.4448828761117374,0.3693502161121641,0.6479487877627386,0.5744577567491711,0.5370318176124264,0.4886806875869774,0.8775165423060679,0.6277649784089335,0.6609104691292915,0.2342468173910781,0.0553202142219596,p1,thyroid_gland,fold_b,42,1hop,1hop,0.5708382666398895,48960,0.4448828761117374,0.2334189940491104
frozen_pangenomefm,frozen topology-pretrained node embedding; current encoder has no nucleotide input,1.7072064596855334,0.1852748769405323,148072,48960,63864,all_test_chromosomes,all,63864,0.4448828761117374,0.1852748769405323,0.5333918806827009,0.4697497179755294,0.4448828761117374,0.4448828761117374,1.0,0.615804759634141,0.6907583554876721,0.248807766194917,0.0515953928934476,p1,thyroid_gland,fold_b,42,1hop,1hop,0.5,48960,0.4448828761117374,0.0447956670650234
coordinate_plus_frozen_sequence_fm,C+S-FM: coordinate and frozen sequence-model embedding,1.089419570482023,0.3642803902539905,148072,48960,63864,all_test_chromosomes,all,63864,0.4448828761117374,0.3642803902539905,0.6493964807916791,0.5759388570750603,0.5351371664787674,0.4876246266051131,0.8848021962551035,0.6287422154415626,0.6601839818352321,0.2339263841786324,0.055221654184758,p1,thyroid_gland,fold_b,42,1hop,1hop,0.5698551204676172,48960,0.4448828761117374,0.2360870802279603
coordinate_plus_frozen_pangenomefm,C+T: coordinate and frozen topology embedding; no nucleotide input,1.3834588843153428,0.2684340827055438,148072,48960,63864,all_test_chromosomes,all,63864,0.4448828761117374,0.2684340827055438,0.5388159742005771,0.4702866790099015,0.4448828761117374,0.4448828761117374,1.0,0.615804759634141,0.6904980721470179,0.24867340145375,0.0509569035997041,p1,thyroid_gland,fold_b,42,1hop,1hop,0.5,48960,0.4448828761117374,0.0457629602924616
coordinate_plus_frozen_sequence_fm_plus_frozen_pangenomefm,"C+S-FM+T: coordinate, frozen sequence-model, and topology embeddings",1.107659967659442,0.3434394907549797,148072,48960,63864,all_test_chromosomes,all,63864,0.4448828761117374,0.3434394907549797,0.6518614992752871,0.5786280335573744,0.5244112489039209,0.4816113726299206,0.9038434464310856,0.6283875545985098,0.6581573741494088,0.2329535284401186,0.0516674265187595,p1,thyroid_gland,fold_b,42,1hop,1hop,0.5620847605618138,48960,0.4448828761117374,0.2409314209383999
coordinate,"reference coordinate, node length, and constant orientation",1.324114349264192,0.4762507117917544,148072,48960,63864,all_test_chromosomes,all,63864,0.4448828761117374,0.4762507117917544,0.5171385063280205,0.4505875744085689,0.4450081423023926,0.4449092789320297,0.999401661269886,0.6157165470433896,0.6929073789410988,0.2498800436195119,0.0548403555296159,p1,thyroid_gland,fold_b,42,strict,strict,0.500053420051619,48960,0.4448828761117374,0.0102765669645956
sequence_kmer,mono/di/tri-nucleotide composition; no graph adjacency,0.8487133546802168,0.3487980644647399,148072,48960,63864,all_test_chromosomes,all,63864,0.4448828761117374,0.3487980644647399,0.6253994108886585,0.5548092711988177,0.5024426907177753,0.4697753818508535,0.9201393777277208,0.6219932906664128,0.6715784182920931,0.2391743698389058,0.0583276272610134,p1,thyroid_gland,fold_b,42,strict,strict,0.5439154521494296,48960,0.4448828761117374,0.1980237869751014
frozen_sequence_fm,S-FM: frozen pretrained sequence-model embedding only; no graph adjacency,1.0929528997665725,0.3693502161121641,148072,48960,63864,all_test_chromosomes,all,63864,0.4448828761117374,0.3693502161121641,0.6479487877627386,0.5744577567491711,0.5370318176124264,0.4886806875869774,0.8775165423060679,0.6277649784089335,0.6609104691292915,0.2342468173910781,0.0553202142219596,p1,thyroid_gland,fold_b,42,strict,strict,0.5708382666398895,48960,0.4448828761117374,0.2334189940491104
frozen_pangenomefm,frozen topology-pretrained node embedding; current encoder has no nucleotide input,1.5058078686488623,0.4120782802379764,148072,48960,63864,all_test_chromosomes,all,63864,0.4448828761117374,0.4120782802379764,0.5414520836830271,0.4770778956361821,0.4453526243266942,0.4450558063707048,0.9992608756863296,0.6158301158301158,0.6913180818716999,0.2490868019004343,0.0561432711936818,p1,thyroid_gland,fold_b,42,strict,strict,0.500349720253184,48960,0.4448828761117374,0.0579968048885573
coordinate_plus_frozen_sequence_fm,C+S-FM: coordinate and frozen sequence-model embedding,1.089419570482023,0.3642803902539905,148072,48960,63864,all_test_chromosomes,all,63864,0.4448828761117374,0.3642803902539905,0.6493964807916791,0.5759388570750603,0.5351371664787674,0.4876246266051131,0.8848021962551035,0.6287422154415626,0.6601839818352321,0.2339263841786324,0.055221654184758,p1,thyroid_gland,fold_b,42,strict,strict,0.5698551204676172,48960,0.4448828761117374,0.2360870802279603
coordinate_plus_frozen_pangenomefm,C+T: coordinate and frozen topology embedding; no nucleotide input,1.233471188486027,0.3827422012351645,148072,48960,63864,all_test_chromosomes,all,63864,0.4448828761117374,0.3827422012351645,0.5438599457493405,0.4754742669387083,0.4452116998622072,0.4450137093615354,0.9996832324369984,0.6158699870984529,0.6910480218391608,0.2489511455568253,0.0565038952571489,p1,thyroid_gland,fold_b,42,strict,strict,0.5002647235185105,48960,0.4448828761117374,0.0551079934495562
coordinate_plus_frozen_sequence_fm_plus_frozen_pangenomefm,"C+S-FM+T: coordinate, frozen sequence-model, and topology embeddings",1.095928817997159,0.3251523523053018,148072,48960,63864,all_test_chromosomes,all,63864,0.4448828761117374,0.3251523523053018,0.6509515579728522,0.5780111676841085,0.5109294751346611,0.4745527340932044,0.926122765028861,0.6275459098497496,0.6593232336282786,0.2335036665422531,0.0541526262877193,p1,thyroid_gland,fold_b,42,strict,strict,0.5521536763201397,48960,0.4448828761117374,0.2398201854049957
coordinate,"reference coordinate, node length, and constant orientation",0.9911443997693536,0.4738505428397322,172084,39852,48960,all_test_chromosomes,all,48960,0.4024305555555555,0.4738505428397322,0.5108907601566484,0.4099424758094607,0.4025735294117647,0.402480132382684,0.9998984926153378,0.5739381227058207,0.6930334607248344,0.2499428483661045,0.0974506940275017,p1,thyroid_gland,fold_c,20260806,1hop,1hop,0.5001030556524411,39852,0.4024305555555555,0.0125707904307071
sequence_kmer,mono/di/tri-nucleotide composition; no graph adjacency,1.0958745736320297,0.3667512388288872,172084,39852,48960,all_test_chromosomes,all,48960,0.4024305555555555,0.3667512388288872,0.6178379563374643,0.5026954509089177,0.4776960784313726,0.4297277233650231,0.910775008881896,0.5839380430184504,0.6623515034876906,0.2348216782828308,0.0620603569596515,p1,thyroid_gland,fold_c,20260806,1hop,1hop,0.54840797817373,39852,0.4024305555555555,0.1677878550945281
frozen_sequence_fm,S-FM: frozen pretrained sequence-model embedding only; no graph adjacency,1.1696031315343995,0.3621678477681888,172084,39852,48960,all_test_chromosomes,all,48960,0.4024305555555555,0.3621678477681888,0.6468434200157258,0.5310395153980436,0.5358455882352942,0.4583769489284336,0.8445414403897884,0.5942326577984108,0.6472767590031695,0.2278800739320066,0.049680182678921,p1,thyroid_gland,fold_c,20260806,1hop,1hop,0.586248571649247,39852,0.4024305555555555,0.2152201071158428
frozen_pangenomefm,frozen topology-pretrained node embedding; current encoder has no nucleotide input,1.5809575195623284,0.391632432517341,172084,39852,48960,all_test_chromosomes,all,48960,0.4024305555555555,0.391632432517341,0.5041245975061065,0.4016820598177908,0.4026552287581699,0.4025010727640532,0.9997462315383444,0.5739343259229044,0.6958883695771764,0.2513471203259263,0.0990894167169538,p1,thyroid_gland,fold_c,20260806,1hop,1hop,0.5001465546043228,39852,0.4024305555555555,-0.0012525669522152
coordinate_plus_frozen_sequence_fm,C+S-FM: coordinate and frozen sequence-model embedding,1.1690782499458676,0.3573195801117059,172084,39852,48960,all_test_chromosomes,all,48960,0.4024305555555555,0.3573195801117059,0.6472939529287147,0.5291649055118661,0.5321691176470589,0.4565983517675124,0.8548444399330051,0.5952536622431128,0.6471130489926964,0.2278076237451122,0.0485550056017886,p1,thyroid_gland,fold_c,20260806,1hop,1hop,0.5848546293044388,39852,0.4024305555555555,0.2120830493167777
coordinate_plus_frozen_pangenomefm,C+T: coordinate and frozen topology embedding; no nucleotide input,1.7008577174942354,0.3695843387450457,172084,39852,48960,all_test_chromosomes,all,48960,0.4024305555555555,0.3695843387450457,0.5070769672154654,0.404885375225015,0.4024101307189542,0.4024183500479993,0.9999492463076688,0.5738836619964464,0.695213330921973,0.2510175582564558,0.0992980754616123,p1,thyroid_gland,fold_c,20260806,1hop,1hop,0.4999746231538344,39852,0.4024305555555555,0.0041080073492407
coordinate_plus_frozen_sequence_fm_plus_frozen_pangenomefm,"C+S-FM+T: coordinate, frozen sequence-model, and topology embeddings",1.1871765554662856,0.3727874452091188,172084,39852,48960,all_test_chromosomes,all,48960,0.4024305555555555,0.3727874452091188,0.6472691572250767,0.5274273469287598,0.541156045751634,0.461065689314914,0.8300258843830889,0.592826201221612,0.6478813543018598,0.2281748931464903,0.0511628689520021,p1,thyroid_gland,fold_c,20260806,1hop,1hop,0.5883218938954102,39852,0.4024305555555555,0.2091753394275585
coordinate,"reference coordinate, node length, and constant orientation",0.9911443997693536,0.4738505428397322,172084,39852,48960,all_test_chromosomes,all,48960,0.4024305555555555,0.4738505428397322,0.5108907601566484,0.4099424758094607,0.4025735294117647,0.402480132382684,0.9998984926153378,0.5739381227058207,0.6930334607248344,0.2499428483661045,0.0974506940275017,p1,thyroid_gland,fold_c,20260806,strict,strict,0.5001030556524411,39852,0.4024305555555555,0.0125707904307071
sequence_kmer,mono/di/tri-nucleotide composition; no graph adjacency,1.0958745736320297,0.3667512388288872,172084,39852,48960,all_test_chromosomes,all,48960,0.4024305555555555,0.3667512388288872,0.6178379563374643,0.5026954509089177,0.4776960784313726,0.4297277233650231,0.910775008881896,0.5839380430184504,0.6623515034876906,0.2348216782828308,0.0620603569596515,p1,thyroid_gland,fold_c,20260806,strict,strict,0.54840797817373,39852,0.4024305555555555,0.1677878550945281
frozen_sequence_fm,S-FM: frozen pretrained sequence-model embedding only; no graph adjacency,1.1696031315343995,0.3621678477681888,172084,39852,48960,all_test_chromosomes,all,48960,0.4024305555555555,0.3621678477681888,0.6468434200157258,0.5310395153980436,0.5358455882352942,0.4583769489284336,0.8445414403897884,0.5942326577984108,0.6472767590031695,0.2278800739320066,0.049680182678921,p1,thyroid_gland,fold_c,20260806,strict,strict,0.586248571649247,39852,0.4024305555555555,0.2152201071158428
frozen_pangenomefm,frozen topology-pretrained node embedding; current encoder has no nucleotide input,1.161343691528057,0.3527950065003865,172084,39852,48960,all_test_chromosomes,all,48960,0.4024305555555555,0.3527950065003865,0.510721848045173,0.4098494579968427,0.4026143790849673,0.4024806391630397,0.9996954778460132,0.5739051892427377,0.6925736588299284,0.249712454431525,0.0946008972017885,p1,thyroid_gland,fold_c,20260806,strict,strict,0.5001040878309603,39852,0.4024305555555555,0.0124151301748442
coordinate_plus_frozen_sequence_fm,C+S-FM: coordinate and frozen sequence-model embedding,1.1690782499458676,0.3573195801117059,172084,39852,48960,all_test_chromosomes,all,48960,0.4024305555555555,0.3573195801117059,0.6472939529287147,0.5291649055118661,0.5321691176470589,0.4565983517675124,0.8548444399330051,0.5952536622431128,0.6471130489926964,0.2278076237451122,0.0485550056017886,p1,thyroid_gland,fold_c,20260806,strict,strict,0.5848546293044388,39852,0.4024305555555555,0.2120830493167777
coordinate_plus_frozen_pangenomefm,C+T: coordinate and frozen topology embedding; no nucleotide input,1.1940875687447825,0.292072437702054,172084,39852,48960,all_test_chromosomes,all,48960,0.4024305555555555,0.292072437702054,0.5161579480579701,0.4148217704059533,0.4024305555555555,0.4024305555555555,1.0,0.573904431790047,0.6918846908915706,0.2493690930835958,0.09405074446525,p1,thyroid_gland,fold_c,20260806,strict,strict,0.5,39852,0.4024305555555555,0.0207360248513339
coordinate_plus_frozen_sequence_fm_plus_frozen_pangenomefm,"C+S-FM+T: coordinate, frozen sequence-model, and topology embeddings",1.1922427716597594,0.3569069648500449,172084,39852,48960,all_test_chromosomes,all,48960,0.4024305555555555,0.3569069648500449,0.6473750101680427,0.5300208004915398,0.5311478758169934,0.4558560026062876,0.8522052479317871,0.5939827015936466,0.6469969437614027,0.22775830137763,0.0482465606174509,p1,thyroid_gland,fold_c,20260806,strict,strict,0.5835692131582235,39852,0.4024305555555555,0.2135153430654471
coordinate,"reference coordinate, node length, and constant orientation",0.9911443997693536,0.4738505428397322,172084,39852,48960,all_test_chromosomes,all,48960,0.4024305555555555,0.4738505428397322,0.5108907601566484,0.4099424758094607,0.4025735294117647,0.402480132382684,0.9998984926153378,0.5739381227058207,0.6930334607248344,0.2499428483661045,0.0974506940275017,p1,thyroid_gland,fold_c,314159,1hop,1hop,0.5001030556524411,39852,0.4024305555555555,0.0125707904307071
sequence_kmer,mono/di/tri-nucleotide composition; no graph adjacency,1.0958745736320297,0.3667512388288872,172084,39852,48960,all_test_chromosomes,all,48960,0.4024305555555555,0.3667512388288872,0.6178379563374643,0.5026954509089177,0.4776960784313726,0.4297277233650231,0.910775008881896,0.5839380430184504,0.6623515034876906,0.2348216782828308,0.0620603569596515,p1,thyroid_gland,fold_c,314159,1hop,1hop,0.54840797817373,39852,0.4024305555555555,0.1677878550945281
frozen_sequence_fm,S-FM: frozen pretrained sequence-model embedding only; no graph adjacency,1.1696031315343995,0.3621678477681888,172084,39852,48960,all_test_chromosomes,all,48960,0.4024305555555555,0.3621678477681888,0.6468434200157258,0.5310395153980436,0.5358455882352942,0.4583769489284336,0.8445414403897884,0.5942326577984108,0.6472767590031695,0.2278800739320066,0.049680182678921,p1,thyroid_gland,fold_c,314159,1hop,1hop,0.586248571649247,39852,0.4024305555555555,0.2152201071158428
frozen_pangenomefm,frozen topology-pretrained node embedding; current encoder has no nucleotide input,1.0031799265243806,0.4025510335360733,172084,39852,48960,all_test_chromosomes,all,48960,0.4024305555555555,0.4025510335360733,0.4999142233629215,0.400461593003819,0.4043096405228758,0.4027823442380404,0.994823123382226,0.5734052978776311,0.69631503306083,0.2515553623710337,0.0976627106605435,p1,thyroid_gland,fold_c,314159,1hop,1hop,0.5007270075673136,39852,0.4024305555555555,-0.0032949518588037
coordinate_plus_frozen_sequence_fm,C+S-FM: coordinate and frozen sequence-model embedding,1.1690782499458676,0.3573195801117059,172084,39852,48960,all_test_chromosomes,all,48960,0.4024305555555555,0.3573195801117059,0.6472939529287147,0.5291649055118661,0.5321691176470589,0.4565983517675124,0.8548444399330051,0.5952536622431128,0.6471130489926964,0.2278076237451122,0.0485550056017886,p1,thyroid_gland,fold_c,314159,1hop,1hop,0.5848546293044388,39852,0.4024305555555555,0.2120830493167777
coordinate_plus_frozen_pangenomefm,C+T: coordinate and frozen topology embedding; no nucleotide input,1.0546465706535548,0.4209064279092653,172084,39852,48960,all_test_chromosomes,all,48960,0.4024305555555555,0.4209064279092653,0.504430351335301,0.4022375238435238,0.4061887254901961,0.4032344679444811,0.990864335380399,0.5732027774923296,0.6953931200271313,0.2511034504174138,0.0975055802557411,p1,thyroid_gland,fold_c,314159,1hop,1hop,0.5016529011898748,39852,0.4024305555555555,-0.0003230280828886
coordinate_plus_frozen_sequence_fm_plus_frozen_pangenomefm,"C+S-FM+T: coordinate, frozen sequence-model, and topology embeddings",1.172532986472147,0.3517314638417276,172084,39852,48960,all_test_chromosomes,all,48960,0.4024305555555555,0.3517314638417276,0.6458056928864256,0.5266364927479386,0.525,0.4526607509259999,0.862152971628686,0.5936396994583261,0.6481333448499548,0.228295746338968,0.049414615087585,p1,thyroid_gland,fold_c,314159,1hop,1hop,0.5800493811898086,39852,0.4024305555555555,0.2078518879221749
coordinate,"reference coordinate, node length, and constant orientation",0.9911443997693536,0.4738505428397322,172084,39852,48960,all_test_chromosomes,all,48960,0.4024305555555555,0.4738505428397322,0.5108907601566484,0.4099424758094607,0.4025735294117647,0.402480132382684,0.9998984926153378,0.5739381227058207,0.6930334607248344,0.2499428483661045,0.0974506940275017,p1,thyroid_gland,fold_c,314159,strict,strict,0.5001030556524411,39852,0.4024305555555555,0.0125707904307071
sequence_kmer,mono/di/tri-nucleotide composition; no graph adjacency,1.0958745736320297,0.3667512388288872,172084,39852,48960,all_test_chromosomes,all,48960,0.4024305555555555,0.3667512388288872,0.6178379563374643,0.5026954509089177,0.4776960784313726,0.4297277233650231,0.910775008881896,0.5839380430184504,0.6623515034876906,0.2348216782828308,0.0620603569596515,p1,thyroid_gland,fold_c,314159,strict,strict,0.54840797817373,39852,0.4024305555555555,0.1677878550945281
frozen_sequence_fm,S-FM: frozen pretrained sequence-model embedding only; no graph adjacency,1.1696031315343995,0.3621678477681888,172084,39852,48960,all_test_chromosomes,all,48960,0.4024305555555555,0.3621678477681888,0.6468434200157258,0.5310395153980436,0.5358455882352942,0.4583769489284336,0.8445414403897884,0.5942326577984108,0.6472767590031695,0.2278800739320066,0.049680182678921,p1,thyroid_gland,fold_c,314159,strict,strict,0.586248571649247,39852,0.4024305555555555,0.2152201071158428
frozen_pangenomefm,frozen topology-pretrained node embedding; current encoder has no nucleotide input,1.4227741110127747,0.4236310599196722,172084,39852,48960,all_test_chromosomes,all,48960,0.4024305555555555,0.4236310599196722,0.5142166648635924,0.4124957081923327,0.4029003267973856,0.4023963133640553,0.9971577932294574,0.5734006537473734,0.6921610907272858,0.2495077389140705,0.0951001802531378,p1,thyroid_gland,fold_c,314159,strict,strict,0.4999290008632846,39852,0.4024305555555555,0.0168434861091912
coordinate_plus_frozen_sequence_fm,C+S-FM: coordinate and frozen sequence-model embedding,1.1690782499458676,0.3573195801117059,172084,39852,48960,all_test_chromosomes,all,48960,0.4024305555555555,0.3573195801117059,0.6472939529287147,0.5291649055118661,0.5321691176470589,0.4565983517675124,0.8548444399330051,0.5952536622431128,0.6471130489926964,0.2278076237451122,0.0485550056017886,p1,thyroid_gland,fold_c,314159,strict,strict,0.5848546293044388,39852,0.4024305555555555,0.2120830493167777
coordinate_plus_frozen_pangenomefm,C+T: coordinate and frozen topology embedding; no nucleotide input,1.3351778759994233,0.430408812931645,172084,39852,48960,all_test_chromosomes,all,48960,0.4024305555555555,0.430408812931645,0.5188383890353734,0.4183166932822713,0.4048611111111111,0.4025209215828081,0.9886819266101609,0.5721166554083821,0.6915314308802677,0.2491938882717691,0.094222676238771,p1,thyroid_gland,fold_c,314159,strict,strict,0.5001857184064237,39852,0.4024305555555555,0.0265845884096115
coordinate_plus_frozen_sequence_fm_plus_frozen_pangenomefm,"C+S-FM+T: coordinate, frozen sequence-model, and topology embeddings",1.1893058670282723,0.3656425299317901,172084,39852,48960,all_test_chromosomes,all,48960,0.4024305555555555,0.3656425299317901,0.6476537165831489,0.5309594424007581,0.5376838235294118,0.4591529674003901,0.8363700959244785,0.5928444228589931,0.646892737440083,0.227684068476685,0.047998910152869,p1,thyroid_gland,fold_c,314159,strict,strict,0.5864524711430166,39852,0.4024305555555555,0.2150861093051617
coordinate,"reference coordinate, node length, and constant orientation",0.9911443997693536,0.4738505428397322,172084,39852,48960,all_test_chromosomes,all,48960,0.4024305555555555,0.4738505428397322,0.5108907601566484,0.4099424758094607,0.4025735294117647,0.402480132382684,0.9998984926153378,0.5739381227058207,0.6930334607248344,0.2499428483661045,0.0974506940275017,p1,thyroid_gland,fold_c,42,1hop,1hop,0.5001030556524411,39852,0.4024305555555555,0.0125707904307071
sequence_kmer,mono/di/tri-nucleotide composition; no graph adjacency,1.0958745736320297,0.3667512388288872,172084,39852,48960,all_test_chromosomes,all,48960,0.4024305555555555,0.3667512388288872,0.6178379563374643,0.5026954509089177,0.4776960784313726,0.4297277233650231,0.910775008881896,0.5839380430184504,0.6623515034876906,0.2348216782828308,0.0620603569596515,p1,thyroid_gland,fold_c,42,1hop,1hop,0.54840797817373,39852,0.4024305555555555,0.1677878550945281
frozen_sequence_fm,S-FM: frozen pretrained sequence-model embedding only; no graph adjacency,1.1696031315343995,0.3621678477681888,172084,39852,48960,all_test_chromosomes,all,48960,0.4024305555555555,0.3621678477681888,0.6468434200157258,0.5310395153980436,0.5358455882352942,0.4583769489284336,0.8445414403897884,0.5942326577984108,0.6472767590031695,0.2278800739320066,0.049680182678921,p1,thyroid_gland,fold_c,42,1hop,1hop,0.586248571649247,39852,0.4024305555555555,0.2152201071158428
frozen_pangenomefm,frozen topology-pretrained node embedding; current encoder has no nucleotide input,1.2492809369662818,0.355220740271897,172084,39852,48960,all_test_chromosomes,all,48960,0.4024305555555555,0.355220740271897,0.5022956517644508,0.4046094122372432,0.4024305555555555,0.4023946712435127,0.99954321676902,0.5737927015805958,0.6944131316016803,0.2506206342216526,0.09518989753477,p1,thyroid_gland,fold_c,42,1hop,1hop,0.4999254177292822,39852,0.4024305555555555,0.0036461982819642
coordinate_plus_frozen_sequence_fm,C+S-FM: coordinate and frozen sequence-model embedding,1.1690782499458676,0.3573195801117059,172084,39852,48960,all_test_chromosomes,all,48960,0.4024305555555555,0.3573195801117059,0.6472939529287147,0.5291649055118661,0.5321691176470589,0.4565983517675124,0.8548444399330051,0.5952536622431128,0.6471130489926964,0.2278076237451122,0.0485550056017886,p1,thyroid_gland,fold_c,42,1hop,1hop,0.5848546293044388,39852,0.4024305555555555,0.2120830493167777
coordinate_plus_frozen_pangenomefm,C+T: coordinate and frozen topology embedding; no nucleotide input,1.309776960811049,0.3618373456674919,172084,39852,48960,all_test_chromosomes,all,48960,0.4024305555555555,0.3618373456674919,0.5064495180369042,0.4072412330602545,0.4025122549019608,0.402439522719843,0.9996954778460132,0.5738633880577447,0.6943149291805202,0.2505685381939802,0.0964607426466617,p1,thyroid_gland,fold_c,42,1hop,1hop,0.5000186381949757,39852,0.4024305555555555,0.0080504074453997
coordinate_plus_frozen_sequence_fm_plus_frozen_pangenomefm,"C+S-FM+T: coordinate, frozen sequence-model, and topology embeddings",1.1591905334846773,0.3568491287502,172084,39852,48960,all_test_chromosomes,all,48960,0.4024305555555555,0.3568491287502,0.6469838882362928,0.5254014112758106,0.5319648692810458,0.4566250742721331,0.8580926762421967,0.5960619788820533,0.6478353447053614,0.2281474216930366,0.0503452407869413,p1,thyroid_gland,fold_c,42,1hop,1hop,0.5852140928464632,39852,0.4024305555555555,0.2057850461791601
coordinate,"reference coordinate, node length, and constant orientation",0.9911443997693536,0.4738505428397322,172084,39852,48960,all_test_chromosomes,all,48960,0.4024305555555555,0.4738505428397322,0.5108907601566484,0.4099424758094607,0.4025735294117647,0.402480132382684,0.9998984926153378,0.5739381227058207,0.6930334607248344,0.2499428483661045,0.0974506940275017,p1,thyroid_gland,fold_c,42,strict,strict,0.5001030556524411,39852,0.4024305555555555,0.0125707904307071
sequence_kmer,mono/di/tri-nucleotide composition; no graph adjacency,1.0958745736320297,0.3667512388288872,172084,39852,48960,all_test_chromosomes,all,48960,0.4024305555555555,0.3667512388288872,0.6178379563374643,0.5026954509089177,0.4776960784313726,0.4297277233650231,0.910775008881896,0.5839380430184504,0.6623515034876906,0.2348216782828308,0.0620603569596515,p1,thyroid_gland,fold_c,42,strict,strict,0.54840797817373,39852,0.4024305555555555,0.1677878550945281
frozen_sequence_fm,S-FM: frozen pretrained sequence-model embedding only; no graph adjacency,1.1696031315343995,0.3621678477681888,172084,39852,48960,all_test_chromosomes,all,48960,0.4024305555555555,0.3621678477681888,0.6468434200157258,0.5310395153980436,0.5358455882352942,0.4583769489284336,0.8445414403897884,0.5942326577984108,0.6472767590031695,0.2278800739320066,0.049680182678921,p1,thyroid_gland,fold_c,42,strict,strict,0.586248571649247,39852,0.4024305555555555,0.2152201071158428
frozen_pangenomefm,frozen topology-pretrained node embedding; current encoder has no nucleotide input,1.4340985901983587,0.3133627862565587,172084,39852,48960,all_test_chromosomes,all,48960,0.4024305555555555,0.3133627862565587,0.5044347324560579,0.4019667999456336,0.4024305555555555,0.4024305555555555,1.0,0.573904431790047,0.6930596751139506,0.2499546601553079,0.094720568401793,p1,thyroid_gland,fold_c,42,strict,strict,0.5,39852,0.4024305555555555,-0.000776069817882
coordinate_plus_frozen_sequence_fm,C+S-FM: coordinate and frozen sequence-model embedding,1.1690782499458676,0.3573195801117059,172084,39852,48960,all_test_chromosomes,all,48960,0.4024305555555555,0.3573195801117059,0.6472939529287147,0.5291649055118661,0.5321691176470589,0.4565983517675124,0.8548444399330051,0.5952536622431128,0.6471130489926964,0.2278076237451122,0.0485550056017886,p1,thyroid_gland,fold_c,42,strict,strict,0.5848546293044388,39852,0.4024305555555555,0.2120830493167777
coordinate_plus_frozen_pangenomefm,C+T: coordinate and frozen topology embedding; no nucleotide input,1.4505242405722087,0.2908526122843627,172084,39852,48960,all_test_chromosomes,all,48960,0.4024305555555555,0.2908526122843627,0.5073578490118542,0.4030388158128746,0.4024305555555555,0.4024305555555555,1.0,0.573904431790047,0.6927981532960509,0.2498241803754465,0.0945062400511689,p1,thyroid_gland,fold_c,42,strict,strict,0.5,39852,0.4024305555555555,0.0010178904945257
coordinate_plus_frozen_sequence_fm_plus_frozen_pangenomefm,"C+S-FM+T: coordinate, frozen sequence-model, and topology embeddings",1.2082770842193924,0.376373827179792,172084,39852,48960,all_test_chromosomes,all,48960,0.4024305555555555,0.376373827179792,0.6465828677992813,0.5289677726385065,0.5483864379084967,0.4652465073317169,0.8180480129929453,0.5931514159015217,0.6473868587636832,0.2279452091035011,0.0483243314563092,p1,thyroid_gland,fold_c,42,strict,strict,0.5924160152465153,39852,0.4024305555555555,0.2117531581632182
coordinate,"reference coordinate, node length, and constant orientation",19.99999856239089,0.4989650166121869,177057,43987,39852,all_test_chromosomes,all,39852,0.4515959048479374,0.4989650166121869,0.5096129700154529,0.4616060261211559,0.4523988758406103,0.4519322579024071,0.9993887870200588,0.62240678259365,0.6931208736673161,0.2499868464752704,0.0484660350108642,p1,thyroid_gland,fold_d,20260806,1hop,1hop,0.5006781500874716,43987,0.4515959048479374,0.0182531847623109
sequence_kmer,mono/di/tri-nucleotide composition; no graph adjacency,1.202393741004398,0.3878401925146177,177057,43987,39852,all_test_chromosomes,all,39852,0.4515959048479374,0.3878401925146177,0.6303499654172261,0.559794468116046,0.5182926829268293,0.4824335402271928,0.9155970439517698,0.6319099572411941,0.6689987354922486,0.2380485157931199,0.0523414414425284,p1,thyroid_gland,fold_d,20260806,1hop,1hop,0.5533601783474246,43987,0.4515959048479374,0.1972971468021353
frozen_sequence_fm,S-FM: frozen pretrained sequence-model embedding only; no graph adjacency,1.2378428054872668,0.3534428457641873,177057,43987,39852,all_test_chromosomes,all,39852,0.4515959048479374,0.3534428457641873,0.655719159680481,0.5843115839393875,0.5424069055505369,0.4963880912800362,0.9125409790520642,0.6430053639246701,0.6549796167282905,0.2314831207726315,0.0420343689363169,p1,thyroid_gland,fold_d,20260806,1hop,1hop,0.5750762547971371,43987,0.4515959048479374,0.2420034428347047
frozen_pangenomefm,frozen topology-pretrained node embedding; current encoder has no nucleotide input,1.7624056765712302,0.4168134028339115,177057,43987,39852,all_test_chromosomes,all,39852,0.4515959048479374,0.4168134028339115,0.5553956315986318,0.4925565003111045,0.4521228545618789,0.4517880029150856,0.9989442684891926,0.6221837688181346,0.6902950195007156,0.2485709087257888,0.0486157455341627,p1,thyroid_gland,fold_d,20260806,1hop,1hop,0.500387256642217,43987,0.4515959048479374,0.0746905353648198
coordinate_plus_frozen_sequence_fm,C+S-FM: coordinate and frozen sequence-model embedding,1.231097298739459,0.3570539138914358,177057,43987,39852,all_test_chromosomes,all,39852,0.4515959048479374,0.3570539138914358,0.6571249813147256,0.5866166430308607,0.5467730603231958,0.4990040145873556,0.9047619047619048,0.6432408943667536,0.654241432296587,0.2311380786385378,0.0417303322344246,p1,thyroid_gland,fold_d,20260806,1hop,1hop,0.5783704284733797,43987,0.4515959048479374,0.2462066555966992
coordinate_plus_frozen_pangenomefm,C+T: coordinate and frozen topology embedding; no nucleotide input,2.767134709430007,0.4569224002561826,177057,43987,39852,all_test_chromosomes,all,39852,0.4515959048479374,0.4569224002561826,0.5527314225977341,0.4942693331371459,0.453051289772157,0.4521072796934866,0.9966105462021448,0.6220326345176784,0.6909944039445586,0.2489240599309916,0.0507286198622133,p1,thyroid_gland,fold_d,20260806,1hop,1hop,0.5010277622339939,43987,0.4515959048479374,0.0778138395873502
coordinate_plus_frozen_sequence_fm_plus_frozen_pangenomefm,"C+S-FM+T: coordinate, frozen sequence-model, and topology embeddings",1.2263492422245803,0.3404345598013823,177057,43987,39852,all_test_chromosomes,all,39852,0.4515959048479374,0.3404345598013823,0.659463358791833,0.5905432906760655,0.5351801666164809,0.4921812409127326,0.9216536089348224,0.6416882664706565,0.6531552649737264,0.2306410050028201,0.0429368748159556,p1,thyroid_gland,fold_d,20260806,1hop,1hop,0.5692916866454025,43987,0.4515959048479374,0.253366791124345
coordinate,"reference coordinate, node length, and constant orientation",19.99999856239089,0.4989650166121869,177057,43987,39852,all_test_chromosomes,all,39852,0.4515959048479374,0.4989650166121869,0.5096129700154529,0.4616060261211559,0.4523988758406103,0.4519322579024071,0.9993887870200588,0.62240678259365,0.6931208736673161,0.2499868464752704,0.0484660350108642,p1,thyroid_gland,fold_d,20260806,strict,strict,0.5006781500874716,43987,0.4515959048479374,0.0182531847623109
sequence_kmer,mono/di/tri-nucleotide composition; no graph adjacency,1.202393741004398,0.3878401925146177,177057,43987,39852,all_test_chromosomes,all,39852,0.4515959048479374,0.3878401925146177,0.6303499654172261,0.559794468116046,0.5182926829268293,0.4824335402271928,0.9155970439517698,0.6319099572411941,0.6689987354922486,0.2380485157931199,0.0523414414425284,p1,thyroid_gland,fold_d,20260806,strict,strict,0.5533601783474246,43987,0.4515959048479374,0.1972971468021353
frozen_sequence_fm,S-FM: frozen pretrained sequence-model embedding only; no graph adjacency,1.2378428054872668,0.3534428457641873,177057,43987,39852,all_test_chromosomes,all,39852,0.4515959048479374,0.3534428457641873,0.655719159680481,0.5843115839393875,0.5424069055505369,0.4963880912800362,0.9125409790520642,0.6430053639246701,0.6549796167282905,0.2314831207726315,0.0420343689363169,p1,thyroid_gland,fold_d,20260806,strict,strict,0.5750762547971371,43987,0.4515959048479374,0.2420034428347047
frozen_pangenomefm,frozen topology-pretrained node embedding; current encoder has no nucleotide input,3.53067296254074,0.430490969970231,177057,43987,39852,all_test_chromosomes,all,39852,0.4515959048479374,0.430490969970231,0.5307852879773411,0.4696821329969806,0.4515959048479374,0.4515959048479374,1.0,0.6222060882642743,0.6924187160909372,0.2496355470134255,0.0491714712256485,p1,thyroid_gland,fold_d,20260806,strict,strict,0.5,43987,0.4515959048479374,0.0329797467030734
coordinate_plus_frozen_sequence_fm,C+S-FM: coordinate and frozen sequence-model embedding,1.231097298739459,0.3570539138914358,177057,43987,39852,all_test_chromosomes,all,39852,0.4515959048479374,0.3570539138914358,0.6571249813147256,0.5866166430308607,0.5467730603231958,0.4990040145873556,0.9047619047619048,0.6432408943667536,0.654241432296587,0.2311380786385378,0.0417303322344246,p1,thyroid_gland,fold_d,20260806,strict,strict,0.5783704284733797,43987,0.4515959048479374,0.2462066555966992
coordinate_plus_frozen_pangenomefm,C+T: coordinate and frozen topology embedding; no nucleotide input,16.956161989128205,0.4861224572786974,177057,43987,39852,all_test_chromosomes,all,39852,0.4515959048479374,0.4861224572786974,0.5334221493256579,0.4772483104630389,0.4515959048479374,0.4515959048479374,1.0,0.6222060882642743,0.6928750008971666,0.2498639114067289,0.0485928561143244,p1,thyroid_gland,fold_d,20260806,strict,strict,0.5,43987,0.4515959048479374,0.0467764661895688
coordinate_plus_frozen_sequence_fm_plus_frozen_pangenomefm,"C+S-FM+T: coordinate, frozen sequence-model, and topology embeddings",1.236725661993353,0.3497418184518459,177057,43987,39852,all_test_chromosomes,all,39852,0.4515959048479374,0.3497418184518459,0.6568803181526213,0.5857486290659064,0.5417043059319482,0.4959573630499954,0.9100405623159415,0.6420227361818894,0.6543035111926551,0.2311594425784667,0.0411739631669259,p1,thyroid_gland,fold_d,20260806,strict,strict,0.5742149734480646,43987,0.4515959048479374,0.2446238556638985
coordinate,"reference coordinate, node length, and constant orientation",19.99999856239089,0.4989650166121869,177057,43987,39852,all_test_chromosomes,all,39852,0.4515959048479374,0.4989650166121869,0.5096129700154529,0.4616060261211559,0.4523988758406103,0.4519322579024071,0.9993887870200588,0.62240678259365,0.6931208736673161,0.2499868464752704,0.0484660350108642,p1,thyroid_gland,fold_d,314159,1hop,1hop,0.5006781500874716,43987,0.4515959048479374,0.0182531847623109
sequence_kmer,mono/di/tri-nucleotide composition; no graph adjacency,1.202393741004398,0.3878401925146177,177057,43987,39852,all_test_chromosomes,all,39852,0.4515959048479374,0.3878401925146177,0.6303499654172261,0.559794468116046,0.5182926829268293,0.4824335402271928,0.9155970439517698,0.6319099572411941,0.6689987354922486,0.2380485157931199,0.0523414414425284,p1,thyroid_gland,fold_d,314159,1hop,1hop,0.5533601783474246,43987,0.4515959048479374,0.1972971468021353
frozen_sequence_fm,S-FM: frozen pretrained sequence-model embedding only; no graph adjacency,1.2378428054872668,0.3534428457641873,177057,43987,39852,all_test_chromosomes,all,39852,0.4515959048479374,0.3534428457641873,0.655719159680481,0.5843115839393875,0.5424069055505369,0.4963880912800362,0.9125409790520642,0.6430053639246701,0.6549796167282905,0.2314831207726315,0.0420343689363169,p1,thyroid_gland,fold_d,314159,1hop,1hop,0.5750762547971371,43987,0.4515959048479374,0.2420034428347047
frozen_pangenomefm,frozen topology-pretrained node embedding; current encoder has no nucleotide input,1.4095742303096424,0.3830415097028785,177057,43987,39852,all_test_chromosomes,all,39852,0.4515959048479374,0.3830415097028785,0.5449622993801542,0.4891818012461564,0.4516460905349794,0.4516064257028112,0.9997221759182086,0.6221622836592493,0.6912126931510777,0.2490295152348777,0.0496282771310464,p1,thyroid_gland,fold_d,314159,1hop,1hop,0.500021234378688,43987,0.4515959048479374,0.0685368631096693
coordinate_plus_frozen_sequence_fm,C+S-FM: coordinate and frozen sequence-model embedding,1.231097298739459,0.3570539138914358,177057,43987,39852,all_test_chromosomes,all,39852,0.4515959048479374,0.3570539138914358,0.6571249813147256,0.5866166430308607,0.5467730603231958,0.4990040145873556,0.9047619047619048,0.6432408943667536,0.654241432296587,0.2311380786385378,0.0417303322344246,p1,thyroid_gland,fold_d,314159,1hop,1hop,0.5783704284733797,43987,0.4515959048479374,0.2462066555966992
coordinate_plus_frozen_pangenomefm,C+T: coordinate and frozen topology embedding; no nucleotide input,2.081010585231758,0.4257333184741334,177057,43987,39852,all_test_chromosomes,all,39852,0.4515959048479374,0.4257333184741334,0.543115268188207,0.487269767091621,0.4518719261266686,0.4516987670441704,0.9994999166527756,0.6222068488412315,0.6916012912284486,0.2492257557979456,0.0501575542607398,p1,thyroid_gland,fold_d,314159,1hop,1hop,0.500207519525198,43987,0.4515959048479374,0.065050320665078
coordinate_plus_frozen_sequence_fm_plus_frozen_pangenomefm,"C+S-FM+T: coordinate, frozen sequence-model, and topology embeddings",1.2360029093045632,0.3696310388733524,177057,43987,39852,all_test_chromosomes,all,39852,0.4515959048479374,0.3696310388733524,0.6600241858861374,0.5892785710177035,0.5544514704406304,0.5038013817470582,0.8873701172417625,0.6427076625885383,0.6532396922437578,0.2306519313003403,0.0434151058058156,p1,thyroid_gland,fold_d,314159,1hop,1hop,0.5838360538164886,43987,0.4515959048479374,0.2510606091145057
coordinate,"reference coordinate, node length, and constant orientation",19.99999856239089,0.4989650166121869,177057,43987,39852,all_test_chromosomes,all,39852,0.4515959048479374,0.4989650166121869,0.5096129700154529,0.4616060261211559,0.4523988758406103,0.4519322579024071,0.9993887870200588,0.62240678259365,0.6931208736673161,0.2499868464752704,0.0484660350108642,p1,thyroid_gland,fold_d,314159,strict,strict,0.5006781500874716,43987,0.4515959048479374,0.0182531847623109
sequence_kmer,mono/di/tri-nucleotide composition; no graph adjacency,1.202393741004398,0.3878401925146177,177057,43987,39852,all_test_chromosomes,all,39852,0.4515959048479374,0.3878401925146177,0.6303499654172261,0.559794468116046,0.5182926829268293,0.4824335402271928,0.9155970439517698,0.6319099572411941,0.6689987354922486,0.2380485157931199,0.0523414414425284,p1,thyroid_gland,fold_d,314159,strict,strict,0.5533601783474246,43987,0.4515959048479374,0.1972971468021353
frozen_sequence_fm,S-FM: frozen pretrained sequence-model embedding only; no graph adjacency,1.2378428054872668,0.3534428457641873,177057,43987,39852,all_test_chromosomes,all,39852,0.4515959048479374,0.3534428457641873,0.655719159680481,0.5843115839393875,0.5424069055505369,0.4963880912800362,0.9125409790520642,0.6430053639246701,0.6549796167282905,0.2314831207726315,0.0420343689363169,p1,thyroid_gland,fold_d,314159,strict,strict,0.5750762547971371,43987,0.4515959048479374,0.2420034428347047
frozen_pangenomefm,frozen topology-pretrained node embedding; current encoder has no nucleotide input,5.766564910183895,0.4730232047218323,177057,43987,39852,all_test_chromosomes,all,39852,0.4515959048479374,0.4730232047218323,0.5345451662569604,0.4777306313711894,0.4516460905349794,0.4516161413370809,0.9999444351836416,0.6222145388538335,0.6925671191908496,0.249709963778805,0.0490454332517317,p1,thyroid_gland,fold_d,314159,strict,strict,0.5000408517716424,43987,0.4515959048479374,0.0476559652896197
coordinate_plus_frozen_sequence_fm,C+S-FM: coordinate and frozen sequence-model embedding,1.231097298739459,0.3570539138914358,177057,43987,39852,all_test_chromosomes,all,39852,0.4515959048479374,0.3570539138914358,0.6571249813147256,0.5866166430308607,0.5467730603231958,0.4990040145873556,0.9047619047619048,0.6432408943667536,0.654241432296587,0.2311380786385378,0.0417303322344246,p1,thyroid_gland,fold_d,314159,strict,strict,0.5783704284733797,43987,0.4515959048479374,0.2462066555966992
coordinate_plus_frozen_pangenomefm,C+T: coordinate and frozen topology embedding; no nucleotide input,19.999998456335472,0.4934652447989362,177057,43987,39852,all_test_chromosomes,all,39852,0.4515959048479374,0.4934652447989362,0.536527987385274,0.4818730281859371,0.4514704406303322,0.4514515520924971,0.9979996666111018,0.6216814925063169,0.6929239200383904,0.249888370959613,0.0486436045526707,p1,thyroid_gland,fold_d,314159,strict,strict,0.4997090531637069,43987,0.4515959048479374,0.055209513578859
coordinate_plus_frozen_sequence_fm_plus_frozen_pangenomefm,"C+S-FM+T: coordinate, frozen sequence-model, and topology embeddings",1.2446025914838237,0.3585625635106456,177057,43987,39852,all_test_chromosomes,all,39852,0.4515959048479374,0.3585625635106456,0.6575635975934219,0.5887085808251201,0.5478018669075579,0.4996286209457786,0.8970383952881036,0.6417937148422748,0.6538302161491156,0.2309474032142847,0.0410111054832178,p1,thyroid_gland,fold_d,314159,strict,strict,0.5786267245257722,43987,0.4515959048479374,0.2500212474510495
coordinate,"reference coordinate, node length, and constant orientation",19.99999856239089,0.4989650166121869,177057,43987,39852,all_test_chromosomes,all,39852,0.4515959048479374,0.4989650166121869,0.5096129700154529,0.4616060261211559,0.4523988758406103,0.4519322579024071,0.9993887870200588,0.62240678259365,0.6931208736673161,0.2499868464752704,0.0484660350108642,p1,thyroid_gland,fold_d,42,1hop,1hop,0.5006781500874716,43987,0.4515959048479374,0.0182531847623109
sequence_kmer,mono/di/tri-nucleotide composition; no graph adjacency,1.202393741004398,0.3878401925146177,177057,43987,39852,all_test_chromosomes,all,39852,0.4515959048479374,0.3878401925146177,0.6303499654172261,0.559794468116046,0.5182926829268293,0.4824335402271928,0.9155970439517698,0.6319099572411941,0.6689987354922486,0.2380485157931199,0.0523414414425284,p1,thyroid_gland,fold_d,42,1hop,1hop,0.5533601783474246,43987,0.4515959048479374,0.1972971468021353
frozen_sequence_fm,S-FM: frozen pretrained sequence-model embedding only; no graph adjacency,1.2378428054872668,0.3534428457641873,177057,43987,39852,all_test_chromosomes,all,39852,0.4515959048479374,0.3534428457641873,0.655719159680481,0.5843115839393875,0.5424069055505369,0.4963880912800362,0.9125409790520642,0.6430053639246701,0.6549796167282905,0.2314831207726315,0.0420343689363169,p1,thyroid_gland,fold_d,42,1hop,1hop,0.5750762547971371,43987,0.4515959048479374,0.2420034428347047
frozen_pangenomefm,frozen topology-pretrained node embedding; current encoder has no nucleotide input,1.941150506146,0.4147657686088252,177057,43987,39852,all_test_chromosomes,all,39852,0.4515959048479374,0.4147657686088252,0.5362751553942994,0.4789535034981926,0.4509936766034327,0.451223802583304,0.9977218425293104,0.6214116384904224,0.6910463726356845,0.2489519393148591,0.0472186564009525,p1,thyroid_gland,fold_d,42,1hop,1hop,0.499249848283644,43987,0.4515959048479374,0.0498858394605341
coordinate_plus_frozen_sequence_fm,C+S-FM: coordinate and frozen sequence-model embedding,1.231097298739459,0.3570539138914358,177057,43987,39852,all_test_chromosomes,all,39852,0.4515959048479374,0.3570539138914358,0.6571249813147256,0.5866166430308607,0.5467730603231958,0.4990040145873556,0.9047619047619048,0.6432408943667536,0.654241432296587,0.2311380786385378,0.0417303322344246,p1,thyroid_gland,fold_d,42,1hop,1hop,0.5783704284733797,43987,0.4515959048479374,0.2462066555966992
coordinate_plus_frozen_pangenomefm,C+T: coordinate and frozen topology embedding; no nucleotide input,2.8285378363088283,0.4379808637662,177057,43987,39852,all_test_chromosomes,all,39852,0.4515959048479374,0.4379808637662,0.5347991448840447,0.4789333879787513,0.4516460905349794,0.4516039961845474,0.9996666111018504,0.6221492176017982,0.6916231271159828,0.2492389198150475,0.048312947247043,p1,thyroid_gland,fold_d,42,1hop,1hop,0.5000163300304493,43987,0.4515959048479374,0.0498491593561746
coordinate_plus_frozen_sequence_fm_plus_frozen_pangenomefm,"C+S-FM+T: coordinate, frozen sequence-model, and topology embeddings",1.230321177890205,0.339951813232989,177057,43987,39852,all_test_chromosomes,all,39852,0.4515959048479374,0.339951813232989,0.6582918602552623,0.587809657486847,0.5361587875138011,0.4927272727272727,0.9185419792187588,0.6413952315362679,0.6536499584550994,0.2308269920659919,0.0403165360688295,p1,thyroid_gland,fold_d,42,1hop,1hop,0.5699092874817198,43987,0.4515959048479374,0.2483820851139705
coordinate,"reference coordinate, node length, and constant orientation",19.99999856239089,0.4989650166121869,177057,43987,39852,all_test_chromosomes,all,39852,0.4515959048479374,0.4989650166121869,0.5096129700154529,0.4616060261211559,0.4523988758406103,0.4519322579024071,0.9993887870200588,0.62240678259365,0.6931208736673161,0.2499868464752704,0.0484660350108642,p1,thyroid_gland,fold_d,42,strict,strict,0.5006781500874716,43987,0.4515959048479374,0.0182531847623109
sequence_kmer,mono/di/tri-nucleotide composition; no graph adjacency,1.202393741004398,0.3878401925146177,177057,43987,39852,all_test_chromosomes,all,39852,0.4515959048479374,0.3878401925146177,0.6303499654172261,0.559794468116046,0.5182926829268293,0.4824335402271928,0.9155970439517698,0.6319099572411941,0.6689987354922486,0.2380485157931199,0.0523414414425284,p1,thyroid_gland,fold_d,42,strict,strict,0.5533601783474246,43987,0.4515959048479374,0.1972971468021353
frozen_sequence_fm,S-FM: frozen pretrained sequence-model embedding only; no graph adjacency,1.2378428054872668,0.3534428457641873,177057,43987,39852,all_test_chromosomes,all,39852,0.4515959048479374,0.3534428457641873,0.655719159680481,0.5843115839393875,0.5424069055505369,0.4963880912800362,0.9125409790520642,0.6430053639246701,0.6549796167282905,0.2314831207726315,0.0420343689363169,p1,thyroid_gland,fold_d,42,strict,strict,0.5750762547971371,43987,0.4515959048479374,0.2420034428347047
frozen_pangenomefm,frozen topology-pretrained node embedding; current encoder has no nucleotide input,3.2849219408654178,0.4650746218320171,177057,43987,39852,all_test_chromosomes,all,39852,0.4515959048479374,0.4650746218320171,0.5322360102036375,0.4795906233732899,0.4528003613369467,0.4520078601299944,0.9969439351002944,0.6220034320777937,0.6923490491049566,0.2496009859116648,0.0492935326431401,p1,thyroid_gland,fold_d,42,strict,strict,0.5008284077240205,43987,0.4515959048479374,0.051047610280135
coordinate_plus_frozen_sequence_fm,C+S-FM: coordinate and frozen sequence-model embedding,1.231097298739459,0.3570539138914358,177057,43987,39852,all_test_chromosomes,all,39852,0.4515959048479374,0.3570539138914358,0.6571249813147256,0.5866166430308607,0.5467730603231958,0.4990040145873556,0.9047619047619048,0.6432408943667536,0.654241432296587,0.2311380786385378,0.0417303322344246,p1,thyroid_gland,fold_d,42,strict,strict,0.5783704284733797,43987,0.4515959048479374,0.2462066555966992
coordinate_plus_frozen_pangenomefm,C+T: coordinate and frozen topology embedding; no nucleotide input,19.79665482049105,0.4934496047854273,177057,43987,39852,all_test_chromosomes,all,39852,0.4515959048479374,0.4934496047854273,0.5341251580263505,0.4879834910516085,0.4526247114322995,0.4519572057898049,0.997610712896594,0.6220851668341361,0.6929147421373446,0.2498837840243393,0.0486447055022742,p1,thyroid_gland,fold_d,42,strict,strict,0.5007271134833003,43987,0.4515959048479374,0.0663517769567011
coordinate_plus_frozen_sequence_fm_plus_frozen_pangenomefm,"C+S-FM+T: coordinate, frozen sequence-model, and topology embeddings",1.236417151326536,0.3539788638469518,177057,43987,39852,all_test_chromosomes,all,39852,0.4515959048479374,0.3539788638469518,0.6573730996397413,0.5867528038534551,0.5466225032620696,0.4989096716729629,0.9025948769239318,0.6426141308647836,0.6539695042944977,0.2310088252527699,0.0407923422850584,p1,thyroid_gland,fold_d,42,strict,strict,0.5780418905324303,43987,0.4515959048479374,0.2464549411653119
coordinate,"reference coordinate, node length, and constant orientation",0.5169524821850218,0.4550305814700965,152676,64233,43987,all_test_chromosomes,all,43987,0.4533384863709732,0.4550305814700965,0.4754213255644949,0.4290433967012818,0.4533384863709732,0.4533384863709732,1.0,0.6238580903516456,0.6966733956602772,0.2517492738578279,0.0467263292008879,p1,thyroid_gland,fold_e,20260806,1hop,1hop,0.5,64233,0.4533384863709732,-0.0444426561299475
sequence_kmer,mono/di/tri-nucleotide composition; no graph adjacency,1.0729909993864029,0.397886672775139,152676,64233,43987,all_test_chromosomes,all,43987,0.4533384863709732,0.397886672775139,0.6033149491907723,0.5387575741467748,0.5197899379362084,0.4839715773486656,0.8948899252795748,0.6282012919578266,0.6768988367517933,0.2419617588073409,0.0471752747880657,p1,thyroid_gland,fold_e,20260806,1hop,1hop,0.5518074345685905,64233,0.4533384863709732,0.1562559017713626
frozen_sequence_fm,S-FM: frozen pretrained sequence-model embedding only; no graph adjacency,1.1856145861501306,0.3734018021643924,152676,64233,43987,all_test_chromosomes,all,43987,0.4533384863709732,0.3734018021643924,0.6381102844424905,0.5752940556616613,0.5313388046468275,0.4907126715537673,0.8929341557594905,0.6333611965781564,0.6641690066447297,0.2359357302622176,0.0488156038067761,p1,thyroid_gland,fold_e,20260806,1hop,1hop,0.5622035829117672,64233,0.4533384863709732,0.2230915589449178
frozen_pangenomefm,frozen topology-pretrained node embedding; current encoder has no nucleotide input,1.149327284699865,0.4080464126589057,152676,64233,43987,all_test_chromosomes,all,43987,0.4533384863709732,0.4080464126589057,0.5337234809835317,0.4771376287347888,0.4547025257462432,0.4536687054727052,0.993129732711499,0.6228260527722741,0.69239529598794,0.2496204715582378,0.049577409582977,p1,thyroid_gland,fold_e,20260806,1hop,1hop,0.5006611817512414,64233,0.4533384863709732,0.0435354268966629
coordinate_plus_frozen_sequence_fm,C+S-FM: coordinate and frozen sequence-model embedding,1.1848277270132308,0.384000402007355,152676,64233,43987,all_test_chromosomes,all,43987,0.4533384863709732,0.384000402007355,0.6406267657017295,0.5785409027383831,0.5404096664923728,0.4960978516899849,0.876636076425455,0.633622095762804,0.6630007072133549,0.2353897782792431,0.0490804578823293,p1,thyroid_gland,fold_e,20260806,1hop,1hop,0.5691090221601616,64233,0.4533384863709732,0.2290309693401504
coordinate_plus_frozen_pangenomefm,C+T: coordinate and frozen topology embedding; no nucleotide input,1.0540656221604034,0.4087672046691395,152676,64233,43987,all_test_chromosomes,all,43987,0.4533384863709732,0.4087672046691395,0.5273354564058458,0.4695858204709431,0.4558619592152226,0.4539203470395496,0.98651020510506,0.6217544525039903,0.693712479680135,0.25027144554566,0.0502565528489329,p1,thyroid_gland,fold_e,20260806,1hop,1hop,0.5011566246352048,64233,0.4533384863709732,0.0297210132685425
coordinate_plus_frozen_sequence_fm_plus_frozen_pangenomefm,"C+S-FM+T: coordinate, frozen sequence-model, and topology embeddings",1.196766547792807,0.377857771942913,152676,64233,43987,all_test_chromosomes,all,43987,0.4533384863709732,0.377857771942913,0.6410832868965444,0.5799897666608468,0.536567622252029,0.4937985362310743,0.8864650719622887,0.6342776153142324,0.6625382793092498,0.2351666369374615,0.0480730630923195,p1,thyroid_gland,fold_e,20260806,1hop,1hop,0.5664339000333776,64233,0.4533384863709732,0.2316813551572265
coordinate,"reference coordinate, node length, and constant orientation",0.5169524821850218,0.4550305814700965,152676,64233,43987,all_test_chromosomes,all,43987,0.4533384863709732,0.4550305814700965,0.4754213255644949,0.4290433967012818,0.4533384863709732,0.4533384863709732,1.0,0.6238580903516456,0.6966733956602772,0.2517492738578279,0.0467263292008879,p1,thyroid_gland,fold_e,20260806,strict,strict,0.5,64233,0.4533384863709732,-0.0444426561299475
sequence_kmer,mono/di/tri-nucleotide composition; no graph adjacency,1.0729909993864029,0.397886672775139,152676,64233,43987,all_test_chromosomes,all,43987,0.4533384863709732,0.397886672775139,0.6033149491907723,0.5387575741467748,0.5197899379362084,0.4839715773486656,0.8948899252795748,0.6282012919578266,0.6768988367517933,0.2419617588073409,0.0471752747880657,p1,thyroid_gland,fold_e,20260806,strict,strict,0.5518074345685905,64233,0.4533384863709732,0.1562559017713626
frozen_sequence_fm,S-FM: frozen pretrained sequence-model embedding only; no graph adjacency,1.1856145861501306,0.3734018021643924,152676,64233,43987,all_test_chromosomes,all,43987,0.4533384863709732,0.3734018021643924,0.6381102844424905,0.5752940556616613,0.5313388046468275,0.4907126715537673,0.8929341557594905,0.6333611965781564,0.6641690066447297,0.2359357302622176,0.0488156038067761,p1,thyroid_gland,fold_e,20260806,strict,strict,0.5622035829117672,64233,0.4533384863709732,0.2230915589449178
frozen_pangenomefm,frozen topology-pretrained node embedding; current encoder has no nucleotide input,1.3073944163007234,0.3523352551712435,152676,64233,43987,all_test_chromosomes,all,43987,0.4533384863709732,0.3523352551712435,0.5124607632439175,0.457166209884179,0.4533839543501489,0.4533590996930772,1.0,0.6238776084848106,0.693145358833139,0.2499960497706167,0.0429968557152532,p1,thyroid_gland,fold_e,20260806,strict,strict,0.5000415869583299,64233,0.4533384863709732,0.0070019992587284
coordinate_plus_frozen_sequence_fm,C+S-FM: coordinate and frozen sequence-model embedding,1.1848277270132308,0.384000402007355,152676,64233,43987,all_test_chromosomes,all,43987,0.4533384863709732,0.384000402007355,0.6406267657017295,0.5785409027383831,0.5404096664923728,0.4960978516899849,0.876636076425455,0.633622095762804,0.6630007072133549,0.2353897782792431,0.0490804578823293,p1,thyroid_gland,fold_e,20260806,strict,strict,0.5691090221601616,64233,0.4533384863709732,0.2290309693401504
coordinate_plus_frozen_pangenomefm,C+T: coordinate and frozen topology embedding; no nucleotide input,1.1549838512770338,0.3568229071628223,152676,64233,43987,all_test_chromosomes,all,43987,0.4533384863709732,0.3568229071628223,0.5092688187284653,0.4529062575486288,0.4534976242980881,0.4533979257641921,0.9996991123815256,0.6238557949584566,0.6939945062545796,0.2504158832799874,0.0422713131825974,p1,thyroid_gland,fold_e,20260806,strict,strict,0.5001198714199069,64233,0.4533384863709732,-0.0007906699329811
coordinate_plus_frozen_sequence_fm_plus_frozen_pangenomefm,"C+S-FM+T: coordinate, frozen sequence-model, and topology embeddings",1.2043993267867126,0.3907279943884378,152676,64233,43987,all_test_chromosomes,all,43987,0.4533384863709732,0.3907279943884378,0.6419776233926513,0.5840994501187021,0.5409552822424807,0.4963966809268139,0.8670076726342711,0.6313310206317327,0.6622200049225061,0.2350348192627225,0.0489710577089152,p1,thyroid_gland,fold_e,20260806,strict,strict,0.5687862117641953,64233,0.4533384863709732,0.2391991396644494
coordinate,"reference coordinate, node length, and constant orientation",0.5169524821850218,0.4550305814700965,152676,64233,43987,all_test_chromosomes,all,43987,0.4533384863709732,0.4550305814700965,0.4754213255644949,0.4290433967012818,0.4533384863709732,0.4533384863709732,1.0,0.6238580903516456,0.6966733956602772,0.2517492738578279,0.0467263292008879,p1,thyroid_gland,fold_e,314159,1hop,1hop,0.5,64233,0.4533384863709732,-0.0444426561299475
sequence_kmer,mono/di/tri-nucleotide composition; no graph adjacency,1.0729909993864029,0.397886672775139,152676,64233,43987,all_test_chromosomes,all,43987,0.4533384863709732,0.397886672775139,0.6033149491907723,0.5387575741467748,0.5197899379362084,0.4839715773486656,0.8948899252795748,0.6282012919578266,0.6768988367517933,0.2419617588073409,0.0471752747880657,p1,thyroid_gland,fold_e,314159,1hop,1hop,0.5518074345685905,64233,0.4533384863709732,0.1562559017713626
frozen_sequence_fm,S-FM: frozen pretrained sequence-model embedding only; no graph adjacency,1.1856145861501306,0.3734018021643924,152676,64233,43987,all_test_chromosomes,all,43987,0.4533384863709732,0.3734018021643924,0.6381102844424905,0.5752940556616613,0.5313388046468275,0.4907126715537673,0.8929341557594905,0.6333611965781564,0.6641690066447297,0.2359357302622176,0.0488156038067761,p1,thyroid_gland,fold_e,314159,1hop,1hop,0.5622035829117672,64233,0.4533384863709732,0.2230915589449178
frozen_pangenomefm,frozen topology-pretrained node embedding; current encoder has no nucleotide input,1.585376294105703,0.1943182965920417,152676,64233,43987,all_test_chromosomes,all,43987,0.4533384863709732,0.1943182965920417,0.5329220889722494,0.4814555646881298,0.4533384863709732,0.4533384863709732,1.0,0.6238580903516456,0.6921458232760878,0.2494966780553002,0.0476208459657976,p1,thyroid_gland,fold_e,314159,1hop,1hop,0.5,64233,0.4533384863709732,0.0514341646817252
coordinate_plus_frozen_sequence_fm,C+S-FM: coordinate and frozen sequence-model embedding,1.1848277270132308,0.384000402007355,152676,64233,43987,all_test_chromosomes,all,43987,0.4533384863709732,0.384000402007355,0.6406267657017295,0.5785409027383831,0.5404096664923728,0.4960978516899849,0.876636076425455,0.633622095762804,0.6630007072133549,0.2353897782792431,0.0490804578823293,p1,thyroid_gland,fold_e,314159,1hop,1hop,0.5691090221601616,64233,0.4533384863709732,0.2290309693401504
coordinate_plus_frozen_pangenomefm,C+T: coordinate and frozen topology embedding; no nucleotide input,1.318137620232834,0.1751282652585622,152676,64233,43987,all_test_chromosomes,all,43987,0.4533384863709732,0.1751282652585622,0.5269284929509032,0.4740074932849851,0.4533384863709732,0.4533384863709732,1.0,0.6238580903516456,0.6930743723293601,0.2499554943381315,0.0494815358650204,p1,thyroid_gland,fold_e,314159,1hop,1hop,0.5,64233,0.4533384863709732,0.0378095153924412
coordinate_plus_frozen_sequence_fm_plus_frozen_pangenomefm,"C+S-FM+T: coordinate, frozen sequence-model, and topology embeddings",1.1964597997090132,0.3842588333796445,152676,64233,43987,all_test_chromosomes,all,43987,0.4533384863709732,0.3842588333796445,0.6402272026440404,0.5810566188349104,0.5397958487735013,0.4956881781838949,0.8705180281831403,0.6316842852204291,0.6627744156719438,0.2352858362801934,0.0470855122017495,p1,thyroid_gland,fold_e,314159,1hop,1hop,0.5680253785596729,64233,0.4533384863709732,0.2336329324083509
coordinate,"reference coordinate, node length, and constant orientation",0.5169524821850218,0.4550305814700965,152676,64233,43987,all_test_chromosomes,all,43987,0.4533384863709732,0.4550305814700965,0.4754213255644949,0.4290433967012818,0.4533384863709732,0.4533384863709732,1.0,0.6238580903516456,0.6966733956602772,0.2517492738578279,0.0467263292008879,p1,thyroid_gland,fold_e,314159,strict,strict,0.5,64233,0.4533384863709732,-0.0444426561299475
sequence_kmer,mono/di/tri-nucleotide composition; no graph adjacency,1.0729909993864029,0.397886672775139,152676,64233,43987,all_test_chromosomes,all,43987,0.4533384863709732,0.397886672775139,0.6033149491907723,0.5387575741467748,0.5197899379362084,0.4839715773486656,0.8948899252795748,0.6282012919578266,0.6768988367517933,0.2419617588073409,0.0471752747880657,p1,thyroid_gland,fold_e,314159,strict,strict,0.5518074345685905,64233,0.4533384863709732,0.1562559017713626
frozen_sequence_fm,S-FM: frozen pretrained sequence-model embedding only; no graph adjacency,1.1856145861501306,0.3734018021643924,152676,64233,43987,all_test_chromosomes,all,43987,0.4533384863709732,0.3734018021643924,0.6381102844424905,0.5752940556616613,0.5313388046468275,0.4907126715537673,0.8929341557594905,0.6333611965781564,0.6641690066447297,0.2359357302622176,0.0488156038067761,p1,thyroid_gland,fold_e,314159,strict,strict,0.5622035829117672,64233,0.4533384863709732,0.2230915589449178
frozen_pangenomefm,frozen topology-pretrained node embedding; current encoder has no nucleotide input,1.9804781631007269,0.4159363992242149,152676,64233,43987,all_test_chromosomes,all,43987,0.4533384863709732,0.4159363992242149,0.5121474178903453,0.463355919128111,0.4533839543501489,0.4533590996930772,1.0,0.6238776084848106,0.692801320966707,0.2498270019421564,0.0451282225417091,p1,thyroid_gland,fold_e,314159,strict,strict,0.5000415869583299,64233,0.4533384863709732,0.0183247448510446
coordinate_plus_frozen_sequence_fm,C+S-FM: coordinate and frozen sequence-model embedding,1.1848277270132308,0.384000402007355,152676,64233,43987,all_test_chromosomes,all,43987,0.4533384863709732,0.384000402007355,0.6406267657017295,0.5785409027383831,0.5404096664923728,0.4960978516899849,0.876636076425455,0.633622095762804,0.6630007072133549,0.2353897782792431,0.0490804578823293,p1,thyroid_gland,fold_e,314159,strict,strict,0.5691090221601616,64233,0.4533384863709732,0.2290309693401504
coordinate_plus_frozen_pangenomefm,C+T: coordinate and frozen topology embedding; no nucleotide input,1.6865206771570351,0.403853630271192,152676,64233,43987,all_test_chromosomes,all,43987,0.4533384863709732,0.403853630271192,0.5059577879839096,0.45694099073422,0.4533839543501489,0.4533590996930772,1.0,0.6238776084848106,0.693338974188529,0.250095020943086,0.0447529619007027,p1,thyroid_gland,fold_e,314159,strict,strict,0.5000415869583299,64233,0.4533384863709732,0.0065900091252656
coordinate_plus_frozen_sequence_fm_plus_frozen_pangenomefm,"C+S-FM+T: coordinate, frozen sequence-model, and topology embeddings",1.203919978932958,0.4041925539099659,152676,64233,43987,all_test_chromosomes,all,43987,0.4533384863709732,0.4041925539099659,0.6408858327858582,0.5829954724977517,0.5520494691613431,0.5035355192887192,0.8463467228323555,0.6314115754424033,0.6626493519302611,0.2352439432325445,0.0488169719359226,p1,thyroid_gland,fold_e,314159,strict,strict,0.577169868111678,64233,0.4533384863709732,0.2371796493703155
coordinate,"reference coordinate, node length, and constant orientation",0.5169524821850218,0.4550305814700965,152676,64233,43987,all_test_chromosomes,all,43987,0.4533384863709732,0.4550305814700965,0.4754213255644949,0.4290433967012818,0.4533384863709732,0.4533384863709732,1.0,0.6238580903516456,0.6966733956602772,0.2517492738578279,0.0467263292008879,p1,thyroid_gland,fold_e,42,1hop,1hop,0.5,64233,0.4533384863709732,-0.0444426561299475
sequence_kmer,mono/di/tri-nucleotide composition; no graph adjacency,1.0729909993864029,0.397886672775139,152676,64233,43987,all_test_chromosomes,all,43987,0.4533384863709732,0.397886672775139,0.6033149491907723,0.5387575741467748,0.5197899379362084,0.4839715773486656,0.8948899252795748,0.6282012919578266,0.6768988367517933,0.2419617588073409,0.0471752747880657,p1,thyroid_gland,fold_e,42,1hop,1hop,0.5518074345685905,64233,0.4533384863709732,0.1562559017713626
frozen_sequence_fm,S-FM: frozen pretrained sequence-model embedding only; no graph adjacency,1.1856145861501306,0.3734018021643924,152676,64233,43987,all_test_chromosomes,all,43987,0.4533384863709732,0.3734018021643924,0.6381102844424905,0.5752940556616613,0.5313388046468275,0.4907126715537673,0.8929341557594905,0.6333611965781564,0.6641690066447297,0.2359357302622176,0.0488156038067761,p1,thyroid_gland,fold_e,42,1hop,1hop,0.5622035829117672,64233,0.4533384863709732,0.2230915589449178
frozen_pangenomefm,frozen topology-pretrained node embedding; current encoder has no nucleotide input,2.0109700526308143,0.287227230363752,152676,64233,43987,all_test_chromosomes,all,43987,0.4533384863709732,0.287227230363752,0.5364836383358521,0.4871508619093001,0.4533384863709732,0.4533384863709732,1.0,0.6238580903516456,0.6920435612924813,0.249447735253759,0.0497703765748375,p1,thyroid_gland,fold_e,42,1hop,1hop,0.5,64233,0.4533384863709732,0.0618524895119514
coordinate_plus_frozen_sequence_fm,C+S-FM: coordinate and frozen sequence-model embedding,1.1848277270132308,0.384000402007355,152676,64233,43987,all_test_chromosomes,all,43987,0.4533384863709732,0.384000402007355,0.6406267657017295,0.5785409027383831,0.5404096664923728,0.4960978516899849,0.876636076425455,0.633622095762804,0.6630007072133549,0.2353897782792431,0.0490804578823293,p1,thyroid_gland,fold_e,42,1hop,1hop,0.5691090221601616,64233,0.4533384863709732,0.2290309693401504
coordinate_plus_frozen_pangenomefm,C+T: coordinate and frozen topology embedding; no nucleotide input,1.649856357981695,0.2080129818195416,152676,64233,43987,all_test_chromosomes,all,43987,0.4533384863709732,0.2080129818195416,0.5289573801059628,0.4826826822412234,0.4533384863709732,0.4533384863709732,1.0,0.6238580903516456,0.6927200926165502,0.2497854463800916,0.0517249374320627,p1,thyroid_gland,fold_e,42,1hop,1hop,0.5,64233,0.4533384863709732,0.0536789130726397
coordinate_plus_frozen_sequence_fm_plus_frozen_pangenomefm,"C+S-FM+T: coordinate, frozen sequence-model, and topology embeddings",1.214897154621526,0.3737989384162977,152676,64233,43987,all_test_chromosomes,all,43987,0.4533384863709732,0.3737989384162977,0.6425571119323338,0.5850511400627327,0.530315775115375,0.4900917785188656,0.8917306052855924,0.6325412635173592,0.6620913449679026,0.2349617300298552,0.0494735131886729,p1,thyroid_gland,fold_e,42,1hop,1hop,0.5611651446123546,64233,0.4533384863709732,0.2409400523138744
coordinate,"reference coordinate, node length, and constant orientation",0.5169524821850218,0.4550305814700965,152676,64233,43987,all_test_chromosomes,all,43987,0.4533384863709732,0.4550305814700965,0.4754213255644949,0.4290433967012818,0.4533384863709732,0.4533384863709732,1.0,0.6238580903516456,0.6966733956602772,0.2517492738578279,0.0467263292008879,p1,thyroid_gland,fold_e,42,strict,strict,0.5,64233,0.4533384863709732,-0.0444426561299475
sequence_kmer,mono/di/tri-nucleotide composition; no graph adjacency,1.0729909993864029,0.397886672775139,152676,64233,43987,all_test_chromosomes,all,43987,0.4533384863709732,0.397886672775139,0.6033149491907723,0.5387575741467748,0.5197899379362084,0.4839715773486656,0.8948899252795748,0.6282012919578266,0.6768988367517933,0.2419617588073409,0.0471752747880657,p1,thyroid_gland,fold_e,42,strict,strict,0.5518074345685905,64233,0.4533384863709732,0.1562559017713626
frozen_sequence_fm,S-FM: frozen pretrained sequence-model embedding only; no graph adjacency,1.1856145861501306,0.3734018021643924,152676,64233,43987,all_test_chromosomes,all,43987,0.4533384863709732,0.3734018021643924,0.6381102844424905,0.5752940556616613,0.5313388046468275,0.4907126715537673,0.8929341557594905,0.6333611965781564,0.6641690066447297,0.2359357302622176,0.0488156038067761,p1,thyroid_gland,fold_e,42,strict,strict,0.5622035829117672,64233,0.4533384863709732,0.2230915589449178
frozen_pangenomefm,frozen topology-pretrained node embedding; current encoder has no nucleotide input,2.1082571166826067,0.4216461035546681,152676,64233,43987,all_test_chromosomes,all,43987,0.4533384863709732,0.4216461035546681,0.5222453876797319,0.4719383096127914,0.4533839543501489,0.4533590996930772,1.0,0.6238776084848106,0.6925656667653429,0.2497092978887036,0.0470204443987438,p1,thyroid_gland,fold_e,42,strict,strict,0.5000415869583299,64233,0.4533384863709732,0.0340243876294541
coordinate_plus_frozen_sequence_fm,C+S-FM: coordinate and frozen sequence-model embedding,1.1848277270132308,0.384000402007355,152676,64233,43987,all_test_chromosomes,all,43987,0.4533384863709732,0.384000402007355,0.6406267657017295,0.5785409027383831,0.5404096664923728,0.4960978516899849,0.876636076425455,0.633622095762804,0.6630007072133549,0.2353897782792431,0.0490804578823293,p1,thyroid_gland,fold_e,42,strict,strict,0.5691090221601616,64233,0.4533384863709732,0.2290309693401504
coordinate_plus_frozen_pangenomefm,C+T: coordinate and frozen topology embedding; no nucleotide input,1.683336207256704,0.4115412357638473,152676,64233,43987,all_test_chromosomes,all,43987,0.4533384863709732,0.4115412357638473,0.5186040272684482,0.4627965037832995,0.4534521563189124,0.453387903592542,0.9999498520635876,0.6238951205394159,0.6929775426137683,0.249914042670189,0.0468108886931027,p1,thyroid_gland,fold_e,42,strict,strict,0.5000996869067834,64233,0.4533384863709732,0.0173014144521332
coordinate_plus_frozen_sequence_fm_plus_frozen_pangenomefm,"C+S-FM+T: coordinate, frozen sequence-model, and topology embeddings",1.2020959597760754,0.3988959399123333,152676,64233,43987,all_test_chromosomes,all,43987,0.4533384863709732,0.3988959399123333,0.6418203672972005,0.5824438103930519,0.5492531884420397,0.5016760762173607,0.8555739431322401,0.6324862370016127,0.6626043651157731,0.2352095002267152,0.0499032768719671,p1,thyroid_gland,fold_e,42,strict,strict,0.5753998801579856,64233,0.4533384863709732,0.2361705018613979
coordinate,"reference coordinate, node length, and constant orientation",19.999998942736,0.4964271884984224,118923,57787,56794,all_test_chromosomes,all,56794,0.4571785752016058,0.4964271884984224,0.496469890311438,0.4577409555024138,0.4572137901891044,0.4571946753063812,1.0,0.6274997885375255,0.6931516002836602,0.2500022098834741,0.0428290135005943,p1,tibial_nerve,fold_a,20260806,1hop,1hop,0.5000324369911447,57787,0.4571785752016058,0.0010360318792075
sequence_kmer,mono/di/tri-nucleotide composition; no graph adjacency,1.057664145578785,0.3803895686950005,118923,57787,56794,all_test_chromosomes,all,56794,0.4571785752016058,0.3803895686950005,0.6342199213133437,0.5634723013875167,0.5190689157305349,0.4862708379979238,0.9200847294434816,0.6362692092577303,0.6695892410852317,0.2381202672672983,0.0529758526525319,p1,tibial_nerve,fold_a,20260806,1hop,1hop,0.5507037549711813,57787,0.4571785752016058,0.1958171165137572
frozen_sequence_fm,S-FM: frozen pretrained sequence-model embedding only; no graph adjacency,1.34048846319189,0.3733909901701505,118923,57787,56794,all_test_chromosomes,all,56794,0.4571785752016058,0.3733909901701505,0.6621284167924373,0.5964441659443582,0.5493009824981512,0.5039768306388865,0.898055074138263,0.6456328824775379,0.6544417197604124,0.2312032336312597,0.0496285716853049,p1,tibial_nerve,fold_a,20260806,1hop,1hop,0.5768130636836828,57787,0.4571785752016058,0.2565587583328645
frozen_pangenomefm,frozen topology-pretrained node embedding; current encoder has no nucleotide input,1.6426909992739311,0.2934011422692097,118923,57787,56794,all_test_chromosomes,all,56794,0.4571785752016058,0.2934011422692097,0.5325145457231246,0.4867676614561666,0.4571961826953551,0.4571866251122497,1.0,0.6274922061915464,0.6910948153162167,0.248976495121824,0.0422661618611833,p1,tibial_nerve,fold_a,20260806,1hop,1hop,0.5000162184955723,57787,0.4571785752016058,0.054509798071346
coordinate_plus_frozen_sequence_fm,C+S-FM: coordinate and frozen sequence-model embedding,1.3243732453657198,0.3891017135329544,118923,57787,56794,all_test_chromosomes,all,56794,0.4571785752016058,0.3891017135329544,0.6649628045528493,0.6000259826715045,0.5636334824101138,0.5131743201069996,0.8866165992682458,0.6500811860218849,0.6529890210329009,0.2305558828177635,0.0502727490212011,p1,tibial_nerve,fold_a,20260806,1hop,1hop,0.5891125748295558,57787,0.4571785752016058,0.2631572759364697
coordinate_plus_frozen_pangenomefm,C+T: coordinate and frozen topology embedding; no nucleotide input,1.8269846463874169,0.3067860646257437,118923,57787,56794,all_test_chromosomes,all,56794,0.4571785752016058,0.3067860646257437,0.5315999574927379,0.4847983342629249,0.4571961826953551,0.4571866251122497,1.0,0.6274922061915464,0.6912951202578744,0.2490762614086299,0.0426024051813839,p1,tibial_nerve,fold_a,20260806,1hop,1hop,0.5000162184955723,57787,0.4571785752016058,0.0508818513778765
coordinate_plus_frozen_sequence_fm_plus_frozen_pangenomefm,"C+S-FM+T: coordinate, frozen sequence-model, and topology embeddings",1.3330305031904908,0.368300913552164,118923,57787,56794,all_test_chromosomes,all,56794,0.4571785752016058,0.368300913552164,0.666350192067526,0.6052547239101214,0.5501285347043702,0.504480964001123,0.8997111496244945,0.6464744299313704,0.6521577654354382,0.2301017467217301,0.0496995251101018,p1,tibial_nerve,fold_a,20260806,1hop,1hop,0.5777059754090879,57787,0.4571785752016058,0.2727898014775514
coordinate,"reference coordinate, node length, and constant orientation",19.999998942736,0.4964271884984224,118923,57787,56794,all_test_chromosomes,all,56794,0.4571785752016058,0.4964271884984224,0.496469890311438,0.4577409555024138,0.4572137901891044,0.4571946753063812,1.0,0.6274997885375255,0.6931516002836602,0.2500022098834741,0.0428290135005943,p1,tibial_nerve,fold_a,20260806,strict,strict,0.5000324369911447,57787,0.4571785752016058,0.0010360318792075
sequence_kmer,mono/di/tri-nucleotide composition; no graph adjacency,1.057664145578785,0.3803895686950005,118923,57787,56794,all_test_chromosomes,all,56794,0.4571785752016058,0.3803895686950005,0.6342199213133437,0.5634723013875167,0.5190689157305349,0.4862708379979238,0.9200847294434816,0.6362692092577303,0.6695892410852317,0.2381202672672983,0.0529758526525319,p1,tibial_nerve,fold_a,20260806,strict,strict,0.5507037549711813,57787,0.4571785752016058,0.1958171165137572
frozen_sequence_fm,S-FM: frozen pretrained sequence-model embedding only; no graph adjacency,1.34048846319189,0.3733909901701505,118923,57787,56794,all_test_chromosomes,all,56794,0.4571785752016058,0.3733909901701505,0.6621284167924373,0.5964441659443582,0.5493009824981512,0.5039768306388865,0.898055074138263,0.6456328824775379,0.6544417197604124,0.2312032336312597,0.0496285716853049,p1,tibial_nerve,fold_a,20260806,strict,strict,0.5768130636836828,57787,0.4571785752016058,0.2565587583328645
frozen_pangenomefm,frozen topology-pretrained node embedding; current encoder has no nucleotide input,1.99526883719276,0.400934412581157,118923,57787,56794,all_test_chromosomes,all,56794,0.4571785752016058,0.400934412581157,0.5107531692573754,0.462502448245602,0.4571785752016058,0.4571619812583668,0.999576352782592,0.6273855711471289,0.6932959513991482,0.2500736139582135,0.0424702046769411,p1,tibial_nerve,fold_a,20260806,strict,strict,0.4999665798425918,57787,0.4571785752016058,0.0098077798715728
coordinate_plus_frozen_sequence_fm,C+S-FM: coordinate and frozen sequence-model embedding,1.3243732453657198,0.3891017135329544,118923,57787,56794,all_test_chromosomes,all,56794,0.4571785752016058,0.3891017135329544,0.6649628045528493,0.6000259826715045,0.5636334824101138,0.5131743201069996,0.8866165992682458,0.6500811860218849,0.6529890210329009,0.2305558828177635,0.0502727490212011,p1,tibial_nerve,fold_a,20260806,strict,strict,0.5891125748295558,57787,0.4571785752016058,0.2631572759364697
coordinate_plus_frozen_pangenomefm,C+T: coordinate and frozen topology embedding; no nucleotide input,2.412319566103554,0.417666729893912,118923,57787,56794,all_test_chromosomes,all,56794,0.4571785752016058,0.417666729893912,0.5129424431670404,0.4654082332436053,0.4569672852766137,0.4570457028084146,0.9990756787983824,0.6271774476264159,0.6932027805075313,0.2500269663671585,0.0428226534092113,p1,tibial_nerve,fold_a,20260806,strict,strict,0.4997324613460594,57787,0.4571785752016058,0.0151608939257621
coordinate_plus_frozen_sequence_fm_plus_frozen_pangenomefm,"C+S-FM+T: coordinate, frozen sequence-model, and topology embeddings",1.330767376696706,0.368520945919625,118923,57787,56794,all_test_chromosomes,all,56794,0.4571785752016058,0.368520945919625,0.6627883662098447,0.5990138275180078,0.5473465506919745,0.5027544961522797,0.9032928942807624,0.6459733392089898,0.6541802109405317,0.2310925089381411,0.0511591279309273,p1,tibial_nerve,fold_a,20260806,strict,strict,0.5754260053485619,57787,0.4571785752016058,0.2612926569158174
coordinate,"reference coordinate, node length, and constant orientation",19.999998942736,0.4964271884984224,118923,57787,56794,all_test_chromosomes,all,56794,0.4571785752016058,0.4964271884984224,0.496469890311438,0.4577409555024138,0.4572137901891044,0.4571946753063812,1.0,0.6274997885375255,0.6931516002836602,0.2500022098834741,0.0428290135005943,p1,tibial_nerve,fold_a,314159,1hop,1hop,0.5000324369911447,57787,0.4571785752016058,0.0010360318792075
sequence_kmer,mono/di/tri-nucleotide composition; no graph adjacency,1.057664145578785,0.3803895686950005,118923,57787,56794,all_test_chromosomes,all,56794,0.4571785752016058,0.3803895686950005,0.6342199213133437,0.5634723013875167,0.5190689157305349,0.4862708379979238,0.9200847294434816,0.6362692092577303,0.6695892410852317,0.2381202672672983,0.0529758526525319,p1,tibial_nerve,fold_a,314159,1hop,1hop,0.5507037549711813,57787,0.4571785752016058,0.1958171165137572
frozen_sequence_fm,S-FM: frozen pretrained sequence-model embedding only; no graph adjacency,1.34048846319189,0.3733909901701505,118923,57787,56794,all_test_chromosomes,all,56794,0.4571785752016058,0.3733909901701505,0.6621284167924373,0.5964441659443582,0.5493009824981512,0.5039768306388865,0.898055074138263,0.6456328824775379,0.6544417197604124,0.2312032336312597,0.0496285716853049,p1,tibial_nerve,fold_a,314159,1hop,1hop,0.5768130636836828,57787,0.4571785752016058,0.2565587583328645
frozen_pangenomefm,frozen topology-pretrained node embedding; current encoder has no nucleotide input,1.7071308770961289,0.3243337659116848,118923,57787,56794,all_test_chromosomes,all,56794,0.4571785752016058,0.3243337659116848,0.5193942700158206,0.4731891302997369,0.456879247807867,0.4570039287538979,0.9990371654149816,0.6271305272828374,0.6927784386598729,0.2498066270857808,0.0422053565283067,p1,tibial_nerve,fold_a,314159,1hop,1hop,0.4996483306720696,57787,0.4571785752016058,0.0294950684823788
coordinate_plus_frozen_sequence_fm,C+S-FM: coordinate and frozen sequence-model embedding,1.3243732453657198,0.3891017135329544,118923,57787,56794,all_test_chromosomes,all,56794,0.4571785752016058,0.3891017135329544,0.6649628045528493,0.6000259826715045,0.5636334824101138,0.5131743201069996,0.8866165992682458,0.6500811860218849,0.6529890210329009,0.2305558828177635,0.0502727490212011,p1,tibial_nerve,fold_a,314159,1hop,1hop,0.5891125748295558,57787,0.4571785752016058,0.2631572759364697
coordinate_plus_frozen_pangenomefm,C+T: coordinate and frozen topology embedding; no nucleotide input,2.5272797556345306,0.4323644416219644,118923,57787,56794,all_test_chromosomes,all,56794,0.4571785752016058,0.4323644416219644,0.5195959096710561,0.4715958842593093,0.4569848927703631,0.4567903423091241,0.992412863470056,0.6256191123628241,0.692725369961332,0.2497852133238006,0.0424443848087827,p1,tibial_nerve,fold_a,314159,1hop,1hop,0.4992230719114852,57787,0.4571785752016058,0.0265599484453992
coordinate_plus_frozen_sequence_fm_plus_frozen_pangenomefm,"C+S-FM+T: coordinate, frozen sequence-model, and topology embeddings",1.348987951336547,0.3772348750459701,118923,57787,56794,all_test_chromosomes,all,56794,0.4571785752016058,0.3772348750459701,0.6620755119536934,0.6005362030540351,0.5545128006479557,0.5072580997770102,0.8936260350471789,0.6471613649992329,0.6541416243512693,0.2311115547472067,0.0500125767566406,p1,tibial_nerve,fold_a,314159,1hop,1hop,0.5812643458183768,57787,0.4571785752016058,0.264097217433289
coordinate,"reference coordinate, node length, and constant orientation",19.999998942736,0.4964271884984224,118923,57787,56794,all_test_chromosomes,all,56794,0.4571785752016058,0.4964271884984224,0.496469890311438,0.4577409555024138,0.4572137901891044,0.4571946753063812,1.0,0.6274997885375255,0.6931516002836602,0.2500022098834741,0.0428290135005943,p1,tibial_nerve,fold_a,314159,strict,strict,0.5000324369911447,57787,0.4571785752016058,0.0010360318792075
sequence_kmer,mono/di/tri-nucleotide composition; no graph adjacency,1.057664145578785,0.3803895686950005,118923,57787,56794,all_test_chromosomes,all,56794,0.4571785752016058,0.3803895686950005,0.6342199213133437,0.5634723013875167,0.5190689157305349,0.4862708379979238,0.9200847294434816,0.6362692092577303,0.6695892410852317,0.2381202672672983,0.0529758526525319,p1,tibial_nerve,fold_a,314159,strict,strict,0.5507037549711813,57787,0.4571785752016058,0.1958171165137572
frozen_sequence_fm,S-FM: frozen pretrained sequence-model embedding only; no graph adjacency,1.34048846319189,0.3733909901701505,118923,57787,56794,all_test_chromosomes,all,56794,0.4571785752016058,0.3733909901701505,0.6621284167924373,0.5964441659443582,0.5493009824981512,0.5039768306388865,0.898055074138263,0.6456328824775379,0.6544417197604124,0.2312032336312597,0.0496285716853049,p1,tibial_nerve,fold_a,314159,strict,strict,0.5768130636836828,57787,0.4571785752016058,0.2565587583328645
frozen_pangenomefm,frozen topology-pretrained node embedding; current encoder has no nucleotide input,2.30322774333762,0.3926951416210814,118923,57787,56794,all_test_chromosomes,all,56794,0.4571785752016058,0.3926951416210814,0.5137620465429036,0.4664128247143915,0.4571609677078564,0.4571690173084711,0.9999614866165992,0.6274680393436284,0.692783378206458,0.2498185334131603,0.0420774388812596,p1,tibial_nerve,fold_a,314159,strict,strict,0.4999807433082996,57787,0.4571785752016058,0.0170115789298761
coordinate_plus_frozen_sequence_fm,C+S-FM: coordinate and frozen sequence-model embedding,1.3243732453657198,0.3891017135329544,118923,57787,56794,all_test_chromosomes,all,56794,0.4571785752016058,0.3891017135329544,0.6649628045528493,0.6000259826715045,0.5636334824101138,0.5131743201069996,0.8866165992682458,0.6500811860218849,0.6529890210329009,0.2305558828177635,0.0502727490212011,p1,tibial_nerve,fold_a,314159,strict,strict,0.5891125748295558,57787,0.4571785752016058,0.2631572759364697
coordinate_plus_frozen_pangenomefm,C+T: coordinate and frozen topology embedding; no nucleotide input,3.031668629258033,0.3757329851082826,118923,57787,56794,all_test_chromosomes,all,56794,0.4571785752016058,0.3757329851082826,0.5146227030442432,0.468469321363582,0.4571785752016058,0.4571785752016058,1.0,0.6274846240288066,0.6927635442444746,0.2498085829487731,0.042543681965637,p1,tibial_nerve,fold_a,314159,strict,strict,0.5,57787,0.4571785752016058,0.020800111502912
coordinate_plus_frozen_sequence_fm_plus_frozen_pangenomefm,"C+S-FM+T: coordinate, frozen sequence-model, and topology embeddings",1.3296846580704922,0.4200304434676065,118923,57787,56794,all_test_chromosomes,all,56794,0.4571785752016058,0.4200304434676065,0.6625252374376196,0.5999461852185077,0.583758847765609,0.5281483813167389,0.840053918736761,0.6485490009514748,0.6539270941925347,0.2310155943694967,0.0501390842383962,p1,tibial_nerve,fold_a,314159,strict,strict,0.6039771361499823,57787,0.4571785752016058,0.2630102709559157
coordinate,"reference coordinate, node length, and constant orientation",19.999998942736,0.4964271884984224,118923,57787,56794,all_test_chromosomes,all,56794,0.4571785752016058,0.4964271884984224,0.496469890311438,0.4577409555024138,0.4572137901891044,0.4571946753063812,1.0,0.6274997885375255,0.6931516002836602,0.2500022098834741,0.0428290135005943,p1,tibial_nerve,fold_a,42,1hop,1hop,0.5000324369911447,57787,0.4571785752016058,0.0010360318792075
sequence_kmer,mono/di/tri-nucleotide composition; no graph adjacency,1.057664145578785,0.3803895686950005,118923,57787,56794,all_test_chromosomes,all,56794,0.4571785752016058,0.3803895686950005,0.6342199213133437,0.5634723013875167,0.5190689157305349,0.4862708379979238,0.9200847294434816,0.6362692092577303,0.6695892410852317,0.2381202672672983,0.0529758526525319,p1,tibial_nerve,fold_a,42,1hop,1hop,0.5507037549711813,57787,0.4571785752016058,0.1958171165137572
frozen_sequence_fm,S-FM: frozen pretrained sequence-model embedding only; no graph adjacency,1.34048846319189,0.3733909901701505,118923,57787,56794,all_test_chromosomes,all,56794,0.4571785752016058,0.3733909901701505,0.6621284167924373,0.5964441659443582,0.5493009824981512,0.5039768306388865,0.898055074138263,0.6456328824775379,0.6544417197604124,0.2312032336312597,0.0496285716853049,p1,tibial_nerve,fold_a,42,1hop,1hop,0.5768130636836828,57787,0.4571785752016058,0.2565587583328645
frozen_pangenomefm,frozen topology-pretrained node embedding; current encoder has no nucleotide input,1.6525418844350468,0.2978373129765897,118923,57787,56794,all_test_chromosomes,all,56794,0.4571785752016058,0.2978373129765897,0.5326375476930113,0.4857795688396191,0.4571785752016058,0.4571619812583668,0.999576352782592,0.6273855711471289,0.6907713287227101,0.2488192936960524,0.0411538141179699,p1,tibial_nerve,fold_a,42,1hop,1hop,0.4999665798425918,57787,0.4571785752016058,0.0526895076933189
coordinate_plus_frozen_sequence_fm,C+S-FM: coordinate and frozen sequence-model embedding,1.3243732453657198,0.3891017135329544,118923,57787,56794,all_test_chromosomes,all,56794,0.4571785752016058,0.3891017135329544,0.6649628045528493,0.6000259826715045,0.5636334824101138,0.5131743201069996,0.8866165992682458,0.6500811860218849,0.6529890210329009,0.2305558828177635,0.0502727490212011,p1,tibial_nerve,fold_a,42,1hop,1hop,0.5891125748295558,57787,0.4571785752016058,0.2631572759364697
coordinate_plus_frozen_pangenomefm,C+T: coordinate and frozen topology embedding; no nucleotide input,2.177090250164466,0.3476972583827865,118923,57787,56794,all_test_chromosomes,all,56794,0.4571785752016058,0.3476972583827865,0.5320093875263323,0.4862456677114739,0.4571609677078564,0.457152419369044,0.9995378393991912,0.627368980854767,0.6910995995751334,0.248980613360669,0.0416374351639485,p1,tibial_nerve,fold_a,42,1hop,1hop,0.4999473231508914,57787,0.4571785752016058,0.0535481673750509
coordinate_plus_frozen_sequence_fm_plus_frozen_pangenomefm,"C+S-FM+T: coordinate, frozen sequence-model, and topology embeddings",1.3227580888345474,0.3995142558670532,118923,57787,56794,all_test_chromosomes,all,56794,0.4571785752016058,0.3995142558670532,0.6648947693224917,0.6042021654567109,0.5719970419410502,0.5191929019853129,0.8631619487772001,0.6483828039113579,0.6527415317868642,0.2304705647322791,0.0503393607244338,p1,tibial_nerve,fold_a,42,1hop,1hop,0.594966098784461,57787,0.4571785752016058,0.2708507504281176
coordinate,"reference coordinate, node length, and constant orientation",19.999998942736,0.4964271884984224,118923,57787,56794,all_test_chromosomes,all,56794,0.4571785752016058,0.4964271884984224,0.496469890311438,0.4577409555024138,0.4572137901891044,0.4571946753063812,1.0,0.6274997885375255,0.6931516002836602,0.2500022098834741,0.0428290135005943,p1,tibial_nerve,fold_a,42,strict,strict,0.5000324369911447,57787,0.4571785752016058,0.0010360318792075
sequence_kmer,mono/di/tri-nucleotide composition; no graph adjacency,1.057664145578785,0.3803895686950005,118923,57787,56794,all_test_chromosomes,all,56794,0.4571785752016058,0.3803895686950005,0.6342199213133437,0.5634723013875167,0.5190689157305349,0.4862708379979238,0.9200847294434816,0.6362692092577303,0.6695892410852317,0.2381202672672983,0.0529758526525319,p1,tibial_nerve,fold_a,42,strict,strict,0.5507037549711813,57787,0.4571785752016058,0.1958171165137572
frozen_sequence_fm,S-FM: frozen pretrained sequence-model embedding only; no graph adjacency,1.34048846319189,0.3733909901701505,118923,57787,56794,all_test_chromosomes,all,56794,0.4571785752016058,0.3733909901701505,0.6621284167924373,0.5964441659443582,0.5493009824981512,0.5039768306388865,0.898055074138263,0.6456328824775379,0.6544417197604124,0.2312032336312597,0.0496285716853049,p1,tibial_nerve,fold_a,42,strict,strict,0.5768130636836828,57787,0.4571785752016058,0.2565587583328645
frozen_pangenomefm,frozen topology-pretrained node embedding; current encoder has no nucleotide input,2.3611910285048285,0.3727649287626964,118923,57787,56794,all_test_chromosomes,all,56794,0.4571785752016058,0.3727649287626964,0.5113116333048184,0.4636104970680786,0.4575307250765926,0.4573381244275347,0.9999614866165992,0.6276273009657106,0.6930516475219185,0.2499546830641557,0.0426451423774985,p1,tibial_nerve,fold_a,42,strict,strict,0.500321331715319,57787,0.4571785752016058,0.0118490567480117
coordinate_plus_frozen_sequence_fm,C+S-FM: coordinate and frozen sequence-model embedding,1.3243732453657198,0.3891017135329544,118923,57787,56794,all_test_chromosomes,all,56794,0.4571785752016058,0.3891017135329544,0.6649628045528493,0.6000259826715045,0.5636334824101138,0.5131743201069996,0.8866165992682458,0.6500811860218849,0.6529890210329009,0.2305558828177635,0.0502727490212011,p1,tibial_nerve,fold_a,42,strict,strict,0.5891125748295558,57787,0.4571785752016058,0.2631572759364697
coordinate_plus_frozen_pangenomefm,C+T: coordinate and frozen topology embedding; no nucleotide input,2.866976840646504,0.3806494058863897,118923,57787,56794,all_test_chromosomes,all,56794,0.4571785752016058,0.3806494058863897,0.5127794917913644,0.4673619046452393,0.4575131175828432,0.457330068870766,0.9999614866165992,0.6276197152457154,0.6929728511806974,0.249914881086086,0.0429572294396128,p1,tibial_nerve,fold_a,42,strict,strict,0.5003051132197466,57787,0.4571785752016058,0.0187599991054435
coordinate_plus_frozen_sequence_fm_plus_frozen_pangenomefm,"C+S-FM+T: coordinate, frozen sequence-model, and topology embeddings",1.334576278841231,0.3816178579935962,118923,57787,56794,all_test_chromosomes,all,56794,0.4571785752016058,0.3816178579935962,0.6618336105780995,0.5986203525911714,0.5580871218790717,0.5095310335729833,0.8925476603119584,0.6487235471951629,0.6544590841038719,0.2312574732268876,0.0507169905773342,p1,tibial_nerve,fold_a,42,strict,strict,0.5844716309279796,57787,0.4571785752016058,0.2605677869883223
coordinate,"reference coordinate, node length, and constant orientation",19.99999844074654,0.4970199156303805,132877,42840,57787,all_test_chromosomes,all,57787,0.4471420907816636,0.4970199156303805,0.5039947735128409,0.4445547754304068,0.4472632252928859,0.4471486973392461,0.9989937691087116,0.6177797455933562,0.6931331893368683,0.2499930044236558,0.0528319952875726,p1,tibial_nerve,fold_b,20260806,1hop,1hop,0.5000133488087692,42840,0.4471420907816636,-0.0046798920809778
sequence_kmer,mono/di/tri-nucleotide composition; no graph adjacency,0.8909851082160012,0.3492855849728702,132877,42840,57787,all_test_chromosomes,all,57787,0.4471420907816636,0.3492855849728702,0.6472765343512923,0.5817406431389673,0.5147005381833284,0.4777788975108334,0.9174116645381012,0.6283298433482651,0.6624224557530898,0.2344598185021266,0.055785676821419,p1,tibial_nerve,fold_b,20260806,1hop,1hop,0.5532031403947549,42840,0.4471420907816636,0.2434595763450452
frozen_sequence_fm,S-FM: frozen pretrained sequence-model embedding only; no graph adjacency,1.1233322002577553,0.3555083578540222,132877,42840,57787,all_test_chromosomes,all,57787,0.4471420907816636,0.3555083578540222,0.6727598536570804,0.6034365430730082,0.550227559831796,0.4983319432860717,0.8787104764116258,0.6359854903992941,0.6477988382542741,0.228048636376071,0.0512211861650537,p1,tibial_nerve,fold_b,20260806,1hop,1hop,0.5816333150807347,42840,0.4471420907816636,0.2827027518016754
frozen_pangenomefm,frozen topology-pretrained node embedding; current encoder has no nucleotide input,2.018592746608499,0.3901182318600847,132877,42840,57787,all_test_chromosomes,all,57787,0.4471420907816636,0.3901182318600847,0.5375713128264329,0.4750346868411446,0.4473151400834098,0.4472121726185324,0.999845195247494,0.6180030619079514,0.6909533854600609,0.2489022235761923,0.0512838133204698,p1,tibial_nerve,fold_b,20260806,1hop,1hop,0.5001417036710739,42840,0.4471420907816636,0.0504516542033687
coordinate_plus_frozen_sequence_fm,C+S-FM: coordinate and frozen sequence-model embedding,1.1164765113941728,0.3185441367799729,132877,42840,57787,all_test_chromosomes,all,57787,0.4471420907816636,0.3185441367799729,0.674882647986751,0.6040945273495643,0.534168584629761,0.4889344262295082,0.923410348697705,0.6393440426586637,0.6466430116943699,0.2275333758951652,0.0517764351403619,p1,tibial_nerve,fold_b,20260806,1hop,1hop,0.571383401467921,42840,0.4471420907816636,0.2838929025901237
coordinate_plus_frozen_pangenomefm,C+T: coordinate and frozen topology embedding; no nucleotide input,1.951619253877608,0.3825861131788738,132877,42840,57787,all_test_chromosomes,all,57787,0.4471420907816636,0.3825861131788738,0.5331846879667405,0.4700306102504018,0.4472632252928859,0.4471852928957208,0.9997677928712412,0.6179626107861782,0.6918104170278334,0.2493276928201485,0.0531551333911469,p1,tibial_nerve,fold_b,20260806,1hop,1hop,0.5000873520509955,42840,0.4471420907816636,0.0414003654231867
coordinate_plus_frozen_sequence_fm_plus_frozen_pangenomefm,"C+S-FM+T: coordinate, frozen sequence-model, and topology embeddings",1.1511008017041915,0.3431751649944953,132877,42840,57787,all_test_chromosomes,all,57787,0.4471420907816636,0.3431751649944953,0.6754823552890886,0.6064740390449989,0.5457282779863983,0.4956095481670929,0.8999574286930608,0.6392061463186685,0.6461806296908957,0.2273434482997025,0.0520570533918941,p1,tibial_nerve,fold_b,20260806,1hop,1hop,0.5795955917723474,42840,0.4471420907816636,0.2881969229464551
coordinate,"reference coordinate, node length, and constant orientation",19.99999844074654,0.4970199156303805,132877,42840,57787,all_test_chromosomes,all,57787,0.4471420907816636,0.4970199156303805,0.5039947735128409,0.4445547754304068,0.4472632252928859,0.4471486973392461,0.9989937691087116,0.6177797455933562,0.6931331893368683,0.2499930044236558,0.0528319952875726,p1,tibial_nerve,fold_b,20260806,strict,strict,0.5000133488087692,42840,0.4471420907816636,-0.0046798920809778
sequence_kmer,mono/di/tri-nucleotide composition; no graph adjacency,0.8909851082160012,0.3492855849728702,132877,42840,57787,all_test_chromosomes,all,57787,0.4471420907816636,0.3492855849728702,0.6472765343512923,0.5817406431389673,0.5147005381833284,0.4777788975108334,0.9174116645381012,0.6283298433482651,0.6624224557530898,0.2344598185021266,0.055785676821419,p1,tibial_nerve,fold_b,20260806,strict,strict,0.5532031403947549,42840,0.4471420907816636,0.2434595763450452
frozen_sequence_fm,S-FM: frozen pretrained sequence-model embedding only; no graph adjacency,1.1233322002577553,0.3555083578540222,132877,42840,57787,all_test_chromosomes,all,57787,0.4471420907816636,0.3555083578540222,0.6727598536570804,0.6034365430730082,0.550227559831796,0.4983319432860717,0.8787104764116258,0.6359854903992941,0.6477988382542741,0.228048636376071,0.0512211861650537,p1,tibial_nerve,fold_b,20260806,strict,strict,0.5816333150807347,42840,0.4471420907816636,0.2827027518016754
frozen_pangenomefm,frozen topology-pretrained node embedding; current encoder has no nucleotide input,2.0020211451023227,0.4017157865740735,132877,42840,57787,all_test_chromosomes,all,57787,0.4471420907816636,0.4017157865740735,0.5303964023100292,0.4691797327113681,0.4472632252928859,0.4471779778393351,0.9996129881187352,0.6179260517470304,0.6918215983384698,0.2493383437424449,0.0527110024601739,p1,tibial_nerve,fold_b,20260806,strict,strict,0.5000725514025502,42840,0.4471420907816636,0.0398613125764313
coordinate_plus_frozen_sequence_fm,C+S-FM: coordinate and frozen sequence-model embedding,1.1164765113941728,0.3185441367799729,132877,42840,57787,all_test_chromosomes,all,57787,0.4471420907816636,0.3185441367799729,0.674882647986751,0.6040945273495643,0.534168584629761,0.4889344262295082,0.923410348697705,0.6393440426586637,0.6466430116943699,0.2275333758951652,0.0517764351403619,p1,tibial_nerve,fold_b,20260806,strict,strict,0.571383401467921,42840,0.4471420907816636,0.2838929025901237
coordinate_plus_frozen_pangenomefm,C+T: coordinate and frozen topology embedding; no nucleotide input,1.5961908764410175,0.3023268228926988,132877,42840,57787,all_test_chromosomes,all,57787,0.4471420907816636,0.3023268228926988,0.5315406657834152,0.4723835765108765,0.4471420907816636,0.4471420907816636,1.0,0.6179657044459858,0.6917130839496373,0.2492841326113594,0.053090004348155,p1,tibial_nerve,fold_b,20260806,strict,strict,0.5,42840,0.4471420907816636,0.0456563708474402
coordinate_plus_frozen_sequence_fm_plus_frozen_pangenomefm,"C+S-FM+T: coordinate, frozen sequence-model, and topology embeddings",1.1336086573673614,0.3033196836516941,132877,42840,57787,all_test_chromosomes,all,57787,0.4471420907816636,0.3033196836516941,0.6763654868929028,0.6052792997602251,0.5265198054925848,0.4847684240022417,0.9373427764232362,0.6390417012968167,0.6453955562736974,0.226918357624417,0.0493602916813078,p1,tibial_nerve,fold_b,20260806,strict,strict,0.5657979689052453,42840,0.4471420907816636,0.2860358988119484
coordinate,"reference coordinate, node length, and constant orientation",19.99999844074654,0.4970199156303805,132877,42840,57787,all_test_chromosomes,all,57787,0.4471420907816636,0.4970199156303805,0.5039947735128409,0.4445547754304068,0.4472632252928859,0.4471486973392461,0.9989937691087116,0.6177797455933562,0.6931331893368683,0.2499930044236558,0.0528319952875726,p1,tibial_nerve,fold_b,314159,1hop,1hop,0.5000133488087692,42840,0.4471420907816636,-0.0046798920809778
sequence_kmer,mono/di/tri-nucleotide composition; no graph adjacency,0.8909851082160012,0.3492855849728702,132877,42840,57787,all_test_chromosomes,all,57787,0.4471420907816636,0.3492855849728702,0.6472765343512923,0.5817406431389673,0.5147005381833284,0.4777788975108334,0.9174116645381012,0.6283298433482651,0.6624224557530898,0.2344598185021266,0.055785676821419,p1,tibial_nerve,fold_b,314159,1hop,1hop,0.5532031403947549,42840,0.4471420907816636,0.2434595763450452
frozen_sequence_fm,S-FM: frozen pretrained sequence-model embedding only; no graph adjacency,1.1233322002577553,0.3555083578540222,132877,42840,57787,all_test_chromosomes,all,57787,0.4471420907816636,0.3555083578540222,0.6727598536570804,0.6034365430730082,0.550227559831796,0.4983319432860717,0.8787104764116258,0.6359854903992941,0.6477988382542741,0.228048636376071,0.0512211861650537,p1,tibial_nerve,fold_b,314159,1hop,1hop,0.5816333150807347,42840,0.4471420907816636,0.2827027518016754
frozen_pangenomefm,frozen topology-pretrained node embedding; current encoder has no nucleotide input,3.681662293327,0.4291194493876109,132877,42840,57787,all_test_chromosomes,all,57787,0.4471420907816636,0.4291194493876109,0.5239331052264857,0.4625740830561867,0.4471420907816636,0.4471420907816636,1.0,0.6179657044459858,0.6923266985673052,0.2495892232660911,0.0515433148130617,p1,tibial_nerve,fold_b,314159,1hop,1hop,0.5,42840,0.4471420907816636,0.0279131256281414
coordinate_plus_frozen_sequence_fm,C+S-FM: coordinate and frozen sequence-model embedding,1.1164765113941728,0.3185441367799729,132877,42840,57787,all_test_chromosomes,all,57787,0.4471420907816636,0.3185441367799729,0.674882647986751,0.6040945273495643,0.534168584629761,0.4889344262295082,0.923410348697705,0.6393440426586637,0.6466430116943699,0.2275333758951652,0.0517764351403619,p1,tibial_nerve,fold_b,314159,1hop,1hop,0.571383401467921,42840,0.4471420907816636,0.2838929025901237
coordinate_plus_frozen_pangenomefm,C+T: coordinate and frozen topology embedding; no nucleotide input,3.900593315383263,0.4330024242017584,132877,42840,57787,all_test_chromosomes,all,57787,0.4471420907816636,0.4330024242017584,0.5148537971643838,0.4561996525111414,0.4471420907816636,0.4471420907816636,1.0,0.6179657044459858,0.692755517445623,0.249803551813711,0.0519668159345162,p1,tibial_nerve,fold_b,314159,1hop,1hop,0.5,42840,0.4471420907816636,0.0163831638807227
coordinate_plus_frozen_sequence_fm_plus_frozen_pangenomefm,"C+S-FM+T: coordinate, frozen sequence-model, and topology embeddings",1.1956861300125492,0.3370717865226801,132877,42840,57787,all_test_chromosomes,all,57787,0.4471420907816636,0.3370717865226801,0.6759431880997959,0.6033749751927553,0.5395158080537145,0.4919816128294195,0.9153992027555246,0.6399967530710536,0.6460922869659569,0.2272847474512719,0.0521987036955746,p1,tibial_nerve,fold_b,314159,1hop,1hop,0.5754534513840225,42840,0.4471420907816636,0.282591388865148
coordinate,"reference coordinate, node length, and constant orientation",19.99999844074654,0.4970199156303805,132877,42840,57787,all_test_chromosomes,all,57787,0.4471420907816636,0.4970199156303805,0.5039947735128409,0.4445547754304068,0.4472632252928859,0.4471486973392461,0.9989937691087116,0.6177797455933562,0.6931331893368683,0.2499930044236558,0.0528319952875726,p1,tibial_nerve,fold_b,314159,strict,strict,0.5000133488087692,42840,0.4471420907816636,-0.0046798920809778
sequence_kmer,mono/di/tri-nucleotide composition; no graph adjacency,0.8909851082160012,0.3492855849728702,132877,42840,57787,all_test_chromosomes,all,57787,0.4471420907816636,0.3492855849728702,0.6472765343512923,0.5817406431389673,0.5147005381833284,0.4777788975108334,0.9174116645381012,0.6283298433482651,0.6624224557530898,0.2344598185021266,0.055785676821419,p1,tibial_nerve,fold_b,314159,strict,strict,0.5532031403947549,42840,0.4471420907816636,0.2434595763450452
frozen_sequence_fm,S-FM: frozen pretrained sequence-model embedding only; no graph adjacency,1.1233322002577553,0.3555083578540222,132877,42840,57787,all_test_chromosomes,all,57787,0.4471420907816636,0.3555083578540222,0.6727598536570804,0.6034365430730082,0.550227559831796,0.4983319432860717,0.8787104764116258,0.6359854903992941,0.6477988382542741,0.228048636376071,0.0512211861650537,p1,tibial_nerve,fold_b,314159,strict,strict,0.5816333150807347,42840,0.4471420907816636,0.2827027518016754
frozen_pangenomefm,frozen topology-pretrained node embedding; current encoder has no nucleotide input,1.3638804411217038,0.3398587099739907,132877,42840,57787,all_test_chromosomes,all,57787,0.4471420907816636,0.3398587099739907,0.5256604897787265,0.4609830792796167,0.4471593957118383,0.4471351912757486,0.9996903904949882,0.6178999868435217,0.6923696193690894,0.2496093392156767,0.0534523804673825,p1,tibial_nerve,fold_b,314159,strict,strict,0.4999860491350614,42840,0.4471420907816636,0.0250353450084891
coordinate_plus_frozen_sequence_fm,C+S-FM: coordinate and frozen sequence-model embedding,1.1164765113941728,0.3185441367799729,132877,42840,57787,all_test_chromosomes,all,57787,0.4471420907816636,0.3185441367799729,0.674882647986751,0.6040945273495643,0.534168584629761,0.4889344262295082,0.923410348697705,0.6393440426586637,0.6466430116943699,0.2275333758951652,0.0517764351403619,p1,tibial_nerve,fold_b,314159,strict,strict,0.571383401467921,42840,0.4471420907816636,0.2838929025901237
coordinate_plus_frozen_pangenomefm,C+T: coordinate and frozen topology embedding; no nucleotide input,1.3377714798489335,0.336985943287476,132877,42840,57787,all_test_chromosomes,all,57787,0.4471420907816636,0.336985943287476,0.522929395823963,0.4593319131392624,0.4472113105023621,0.4471584122422836,0.9996903904949882,0.6179221586967443,0.6928195697596995,0.2498312318991621,0.0539891603613373,p1,tibial_nerve,fold_b,314159,strict,strict,0.5000330004309171,42840,0.4471420907816636,0.0220487437266358
coordinate_plus_frozen_sequence_fm_plus_frozen_pangenomefm,"C+S-FM+T: coordinate, frozen sequence-model, and topology embeddings",1.1330807577737918,0.3153366704833828,132877,42840,57787,all_test_chromosomes,all,57787,0.4471420907816636,0.3153366704833828,0.6763699708182769,0.6057751477505258,0.5363490058317615,0.4901952723535457,0.9229459344401874,0.6403093074145175,0.6450623738650727,0.2267919727342557,0.0484326754659927,p1,tibial_nerve,fold_b,314159,strict,strict,0.5733109539485274,42840,0.4471420907816636,0.2869327802385011
coordinate,"reference coordinate, node length, and constant orientation",19.99999844074654,0.4970199156303805,132877,42840,57787,all_test_chromosomes,all,57787,0.4471420907816636,0.4970199156303805,0.5039947735128409,0.4445547754304068,0.4472632252928859,0.4471486973392461,0.9989937691087116,0.6177797455933562,0.6931331893368683,0.2499930044236558,0.0528319952875726,p1,tibial_nerve,fold_b,42,1hop,1hop,0.5000133488087692,42840,0.4471420907816636,-0.0046798920809778
sequence_kmer,mono/di/tri-nucleotide composition; no graph adjacency,0.8909851082160012,0.3492855849728702,132877,42840,57787,all_test_chromosomes,all,57787,0.4471420907816636,0.3492855849728702,0.6472765343512923,0.5817406431389673,0.5147005381833284,0.4777788975108334,0.9174116645381012,0.6283298433482651,0.6624224557530898,0.2344598185021266,0.055785676821419,p1,tibial_nerve,fold_b,42,1hop,1hop,0.5532031403947549,42840,0.4471420907816636,0.2434595763450452
frozen_sequence_fm,S-FM: frozen pretrained sequence-model embedding only; no graph adjacency,1.1233322002577553,0.3555083578540222,132877,42840,57787,all_test_chromosomes,all,57787,0.4471420907816636,0.3555083578540222,0.6727598536570804,0.6034365430730082,0.550227559831796,0.4983319432860717,0.8787104764116258,0.6359854903992941,0.6477988382542741,0.228048636376071,0.0512211861650537,p1,tibial_nerve,fold_b,42,1hop,1hop,0.5816333150807347,42840,0.4471420907816636,0.2827027518016754
frozen_pangenomefm,frozen topology-pretrained node embedding; current encoder has no nucleotide input,1.915833987802672,0.3449290141536063,132877,42840,57787,all_test_chromosomes,all,57787,0.4471420907816636,0.3449290141536063,0.5268123679907052,0.473928153446128,0.4471420907816636,0.4471420907816636,1.0,0.6179657044459858,0.691315242898289,0.2490854441008649,0.0503402339470358,p1,tibial_nerve,fold_b,42,1hop,1hop,0.5,42840,0.4471420907816636,0.0484501753847315
coordinate_plus_frozen_sequence_fm,C+S-FM: coordinate and frozen sequence-model embedding,1.1164765113941728,0.3185441367799729,132877,42840,57787,all_test_chromosomes,all,57787,0.4471420907816636,0.3185441367799729,0.674882647986751,0.6040945273495643,0.534168584629761,0.4889344262295082,0.923410348697705,0.6393440426586637,0.6466430116943699,0.2275333758951652,0.0517764351403619,p1,tibial_nerve,fold_b,42,1hop,1hop,0.571383401467921,42840,0.4471420907816636,0.2838929025901237
coordinate_plus_frozen_pangenomefm,C+T: coordinate and frozen topology embedding; no nucleotide input,1.660500276500727,0.306979512927069,132877,42840,57787,all_test_chromosomes,all,57787,0.4471420907816636,0.306979512927069,0.5228211171727144,0.4699215266436749,0.4471420907816636,0.4471420907816636,1.0,0.6179657044459858,0.6920230972524442,0.2494365327471089,0.0509542938849897,p1,tibial_nerve,fold_b,42,1hop,1hop,0.5,42840,0.4471420907816636,0.0412030568473157
coordinate_plus_frozen_sequence_fm_plus_frozen_pangenomefm,"C+S-FM+T: coordinate, frozen sequence-model, and topology embeddings",1.1497162245631865,0.3210522053584664,132877,42840,57787,all_test_chromosomes,all,57787,0.4471420907816636,0.3210522053584664,0.6771845655349238,0.606134306918204,0.5369027635973489,0.4905042432232018,0.9215913928557606,0.6402462795918642,0.6450327698881313,0.2267859965279341,0.0502858585404281,p1,tibial_nerve,fold_b,42,1hop,1hop,0.5736822620970928,42840,0.4471420907816636,0.2875824212433409
coordinate,"reference coordinate, node length, and constant orientation",19.99999844074654,0.4970199156303805,132877,42840,57787,all_test_chromosomes,all,57787,0.4471420907816636,0.4970199156303805,0.5039947735128409,0.4445547754304068,0.4472632252928859,0.4471486973392461,0.9989937691087116,0.6177797455933562,0.6931331893368683,0.2499930044236558,0.0528319952875726,p1,tibial_nerve,fold_b,42,strict,strict,0.5000133488087692,42840,0.4471420907816636,-0.0046798920809778
sequence_kmer,mono/di/tri-nucleotide composition; no graph adjacency,0.8909851082160012,0.3492855849728702,132877,42840,57787,all_test_chromosomes,all,57787,0.4471420907816636,0.3492855849728702,0.6472765343512923,0.5817406431389673,0.5147005381833284,0.4777788975108334,0.9174116645381012,0.6283298433482651,0.6624224557530898,0.2344598185021266,0.055785676821419,p1,tibial_nerve,fold_b,42,strict,strict,0.5532031403947549,42840,0.4471420907816636,0.2434595763450452
frozen_sequence_fm,S-FM: frozen pretrained sequence-model embedding only; no graph adjacency,1.1233322002577553,0.3555083578540222,132877,42840,57787,all_test_chromosomes,all,57787,0.4471420907816636,0.3555083578540222,0.6727598536570804,0.6034365430730082,0.550227559831796,0.4983319432860717,0.8787104764116258,0.6359854903992941,0.6477988382542741,0.228048636376071,0.0512211861650537,p1,tibial_nerve,fold_b,42,strict,strict,0.5816333150807347,42840,0.4471420907816636,0.2827027518016754
frozen_pangenomefm,frozen topology-pretrained node embedding; current encoder has no nucleotide input,1.367282016163537,0.3755551875449339,132877,42840,57787,all_test_chromosomes,all,57787,0.4471420907816636,0.3755551875449339,0.5276738219382804,0.4674882205355113,0.4475054943153304,0.4472809144440596,0.9994968845543558,0.6180021297215808,0.6921901436352131,0.2495204984747533,0.0532489651000303,p1,tibial_nerve,fold_b,42,strict,strict,0.5002805569635432,42840,0.4471420907816636,0.0368017340705394
coordinate_plus_frozen_sequence_fm,C+S-FM: coordinate and frozen sequence-model embedding,1.1164765113941728,0.3185441367799729,132877,42840,57787,all_test_chromosomes,all,57787,0.4471420907816636,0.3185441367799729,0.674882647986751,0.6040945273495643,0.534168584629761,0.4889344262295082,0.923410348697705,0.6393440426586637,0.6466430116943699,0.2275333758951652,0.0517764351403619,p1,tibial_nerve,fold_b,42,strict,strict,0.571383401467921,42840,0.4471420907816636,0.2838929025901237
coordinate_plus_frozen_pangenomefm,C+T: coordinate and frozen topology embedding; no nucleotide input,1.2512084759496784,0.3533546654206353,132877,42840,57787,all_test_chromosomes,all,57787,0.4471420907816636,0.3533546654206353,0.5269728850085363,0.466415648201724,0.4472978351532352,0.4471952908587258,0.9996516893068618,0.6179499754781755,0.6926015316739825,0.2497214806960016,0.0542807244012067,p1,tibial_nerve,fold_b,42,strict,strict,0.5001075524285655,42840,0.4471420907816636,0.0348616834428767
coordinate_plus_frozen_sequence_fm_plus_frozen_pangenomefm,"C+S-FM+T: coordinate, frozen sequence-model, and topology embeddings",1.1274563469112011,0.3101856784918272,132877,42840,57787,all_test_chromosomes,all,57787,0.4471420907816636,0.3101856784918272,0.6758373328154826,0.6064359678632658,0.5296866077145379,0.4864207046224367,0.9281318936491352,0.6383114636288627,0.64555593952524,0.2270338606297919,0.0492059185551608,p1,tibial_nerve,fold_b,42,strict,strict,0.5677813593699538,42840,0.4471420907816636,0.2881280604392933
coordinate,"reference coordinate, node length, and constant orientation",0.8277051501839306,0.4198150434612007,154346,36318,42840,all_test_chromosomes,all,42840,0.384500466853408,0.4198150434612007,0.5019871564374319,0.3879682078634999,0.3846638655462185,0.3845579136606663,0.9999392909179212,0.5554862317252078,0.6935779498488537,0.2502157183707283,0.1159098094389928,p1,tibial_nerve,fold_c,20260806,1hop,1hop,0.5001213444880869,36318,0.384500466853408,0.0056340270355102
sequence_kmer,mono/di/tri-nucleotide composition; no graph adjacency,1.0327312013247902,0.3934191337313634,154346,36318,42840,all_test_chromosomes,all,42840,0.384500466853408,0.3934191337313634,0.6197466521225192,0.487527905101193,0.5238795518207283,0.4348936734896991,0.7958353569694027,0.5624369838034967,0.6576309561670618,0.2325216586794501,0.0733635531806212,p1,tibial_nerve,fold_c,20260806,1hop,1hop,0.574912520717711,36318,0.384500466853408,0.1673883288279394
frozen_sequence_fm,S-FM: frozen pretrained sequence-model embedding only; no graph adjacency,1.1032931073946204,0.4053711201577067,154346,36318,42840,all_test_chromosomes,all,42840,0.384500466853408,0.4053711201577067,0.6616777805791056,0.5323914287929764,0.5955648926237161,0.4825486349517737,0.7167921321029626,0.5767953102100635,0.6346330984759597,0.2220829103858495,0.0549835799362496,p1,tibial_nerve,fold_c,20260806,1hop,1hop,0.6183133900806075,36318,0.384500466853408,0.240277943321113
frozen_pangenomefm,frozen topology-pretrained node embedding; current encoder has no nucleotide input,2.672612542422012,0.4714777098371721,154346,36318,42840,all_test_chromosomes,all,42840,0.384500466853408,0.4714777098371721,0.491977272240006,0.3755024813818691,0.4020074696545285,0.3864697120158887,0.9450582807187956,0.5485974062588103,0.6957515538943717,0.2512957064338525,0.1174969693450325,p1,tibial_nerve,fold_c,20260806,1hop,1hop,0.5039118770098832,36318,0.384500466853408,-0.0146189964199305
coordinate_plus_frozen_sequence_fm,C+S-FM: coordinate and frozen sequence-model embedding,1.094854134247511,0.3956067511269234,154346,36318,42840,all_test_chromosomes,all,42840,0.384500466853408,0.3956067511269234,0.6639166029614243,0.5312135095361706,0.5920868347338936,0.4801896109026269,0.7379796017484216,0.5818077392490487,0.6334900643600324,0.2215935877296298,0.0525120217651783,p1,tibial_nerve,fold_c,20260806,1hop,1hop,0.6194638603402303,36318,0.384500466853408,0.2383641819072189
coordinate_plus_frozen_pangenomefm,C+T: coordinate and frozen topology embedding; no nucleotide input,3.457446761354067,0.4653259221652781,154346,36318,42840,all_test_chromosomes,all,42840,0.384500466853408,0.4653259221652781,0.4942591375641276,0.377293701874281,0.3877684407096172,0.3848931049129265,0.9902258377853328,0.5543245539507222,0.6949220964083002,0.2508847865138014,0.117280832509996,p1,tibial_nerve,fold_c,20260806,1hop,1hop,0.5008205948635401,36318,0.384500466853408,-0.0117088065725804
coordinate_plus_frozen_sequence_fm_plus_frozen_pangenomefm,"C+S-FM+T: coordinate, frozen sequence-model, and topology embeddings",1.1258035402795752,0.4039971653156088,154346,36318,42840,all_test_chromosomes,all,42840,0.384500466853408,0.4039971653156088,0.6595733629195557,0.5264888341648373,0.59031279178338,0.4786378934864383,0.7338513841670714,0.5793850504469528,0.6371089338238459,0.2233546134296817,0.0602095613578426,p1,tibial_nerve,fold_c,20260806,1hop,1hop,0.6172480525204289,36318,0.384500466853408,0.2306880178861357
coordinate,"reference coordinate, node length, and constant orientation",0.8277051501839306,0.4198150434612007,154346,36318,42840,all_test_chromosomes,all,42840,0.384500466853408,0.4198150434612007,0.5019871564374319,0.3879682078634999,0.3846638655462185,0.3845579136606663,0.9999392909179212,0.5554862317252078,0.6935779498488537,0.2502157183707283,0.1159098094389928,p1,tibial_nerve,fold_c,20260806,strict,strict,0.5001213444880869,36318,0.384500466853408,0.0056340270355102
sequence_kmer,mono/di/tri-nucleotide composition; no graph adjacency,1.0327312013247902,0.3934191337313634,154346,36318,42840,all_test_chromosomes,all,42840,0.384500466853408,0.3934191337313634,0.6197466521225192,0.487527905101193,0.5238795518207283,0.4348936734896991,0.7958353569694027,0.5624369838034967,0.6576309561670618,0.2325216586794501,0.0733635531806212,p1,tibial_nerve,fold_c,20260806,strict,strict,0.574912520717711,36318,0.384500466853408,0.1673883288279394
frozen_sequence_fm,S-FM: frozen pretrained sequence-model embedding only; no graph adjacency,1.1032931073946204,0.4053711201577067,154346,36318,42840,all_test_chromosomes,all,42840,0.384500466853408,0.4053711201577067,0.6616777805791056,0.5323914287929764,0.5955648926237161,0.4825486349517737,0.7167921321029626,0.5767953102100635,0.6346330984759597,0.2220829103858495,0.0549835799362496,p1,tibial_nerve,fold_c,20260806,strict,strict,0.6183133900806075,36318,0.384500466853408,0.240277943321113
frozen_pangenomefm,frozen topology-pretrained node embedding; current encoder has no nucleotide input,0.7682207310413148,0.3696319267558576,154346,36318,42840,all_test_chromosomes,all,42840,0.384500466853408,0.3696319267558576,0.5280626822469698,0.4044133668162137,0.3878851540616246,0.3851715772863233,0.992836328314716,0.5550219748519455,0.691075820301127,0.2489641906709029,0.1114610501983971,p1,tibial_nerve,fold_c,20260806,strict,strict,0.5014052697398822,36318,0.384500466853408,0.0323524209043763
coordinate_plus_frozen_sequence_fm,C+S-FM: coordinate and frozen sequence-model embedding,1.094854134247511,0.3956067511269234,154346,36318,42840,all_test_chromosomes,all,42840,0.384500466853408,0.3956067511269234,0.6639166029614243,0.5312135095361706,0.5920868347338936,0.4801896109026269,0.7379796017484216,0.5818077392490487,0.6334900643600324,0.2215935877296298,0.0525120217651783,p1,tibial_nerve,fold_c,20260806,strict,strict,0.6194638603402303,36318,0.384500466853408,0.2383641819072189
coordinate_plus_frozen_pangenomefm,C+T: coordinate and frozen topology embedding; no nucleotide input,0.7742553966015049,0.3835837891375818,154346,36318,42840,all_test_chromosomes,all,42840,0.384500466853408,0.3835837891375818,0.5305268659146354,0.4061916390543303,0.3893557422969187,0.3853491124260355,0.9884045653229724,0.5545110861346685,0.6906335531652144,0.2487434078090762,0.1110884108866363,p1,tibial_nerve,fold_c,20260806,strict,strict,0.5017682717391561,36318,0.384500466853408,0.0352415737669717
coordinate_plus_frozen_sequence_fm_plus_frozen_pangenomefm,"C+S-FM+T: coordinate, frozen sequence-model, and topology embeddings",1.101307330108266,0.3891287742715904,154346,36318,42840,all_test_chromosomes,all,42840,0.384500466853408,0.3891287742715904,0.6683021457308254,0.5370007627180592,0.5917133520074697,0.4801604298898018,0.7486036911121904,0.5850591891443077,0.6309704852828267,0.2204320735017343,0.0513572417209405,p1,tibial_nerve,fold_c,20260806,strict,strict,0.6211540907017262,36318,0.384500466853408,0.2477667124864098
coordinate,"reference coordinate, node length, and constant orientation",0.8277051501839306,0.4198150434612007,154346,36318,42840,all_test_chromosomes,all,42840,0.384500466853408,0.4198150434612007,0.5019871564374319,0.3879682078634999,0.3846638655462185,0.3845579136606663,0.9999392909179212,0.5554862317252078,0.6935779498488537,0.2502157183707283,0.1159098094389928,p1,tibial_nerve,fold_c,314159,1hop,1hop,0.5001213444880869,36318,0.384500466853408,0.0056340270355102
sequence_kmer,mono/di/tri-nucleotide composition; no graph adjacency,1.0327312013247902,0.3934191337313634,154346,36318,42840,all_test_chromosomes,all,42840,0.384500466853408,0.3934191337313634,0.6197466521225192,0.487527905101193,0.5238795518207283,0.4348936734896991,0.7958353569694027,0.5624369838034967,0.6576309561670618,0.2325216586794501,0.0733635531806212,p1,tibial_nerve,fold_c,314159,1hop,1hop,0.574912520717711,36318,0.384500466853408,0.1673883288279394
frozen_sequence_fm,S-FM: frozen pretrained sequence-model embedding only; no graph adjacency,1.1032931073946204,0.4053711201577067,154346,36318,42840,all_test_chromosomes,all,42840,0.384500466853408,0.4053711201577067,0.6616777805791056,0.5323914287929764,0.5955648926237161,0.4825486349517737,0.7167921321029626,0.5767953102100635,0.6346330984759597,0.2220829103858495,0.0549835799362496,p1,tibial_nerve,fold_c,314159,1hop,1hop,0.6183133900806075,36318,0.384500466853408,0.240277943321113
frozen_pangenomefm,frozen topology-pretrained node embedding; current encoder has no nucleotide input,1.2902553712848222,0.4335849573604456,154346,36318,42840,all_test_chromosomes,all,42840,0.384500466853408,0.4335849573604456,0.503594584105213,0.3838799386247143,0.3919234360410831,0.3855346813901238,0.9792374939290918,0.5532498713771222,0.6955832950543919,0.2512013439895976,0.1163106714922577,p1,tibial_nerve,fold_c,314159,1hop,1hop,0.5021339168674585,36318,0.384500466853408,-0.0010081701045676
coordinate_plus_frozen_sequence_fm,C+S-FM: coordinate and frozen sequence-model embedding,1.094854134247511,0.3956067511269234,154346,36318,42840,all_test_chromosomes,all,42840,0.384500466853408,0.3956067511269234,0.6639166029614243,0.5312135095361706,0.5920868347338936,0.4801896109026269,0.7379796017484216,0.5818077392490487,0.6334900643600324,0.2215935877296298,0.0525120217651783,p1,tibial_nerve,fold_c,314159,1hop,1hop,0.6194638603402303,36318,0.384500466853408,0.2383641819072189
coordinate_plus_frozen_pangenomefm,C+T: coordinate and frozen topology embedding; no nucleotide input,1.379753914099041,0.4423072849130046,154346,36318,42840,all_test_chromosomes,all,42840,0.384500466853408,0.4423072849130046,0.507519538617607,0.3857647853140486,0.3932306255835667,0.3855033427925545,0.973166585721224,0.5522444620525717,0.6950860661778737,0.2509567749208112,0.1165288282199902,p1,tibial_nerve,fold_c,314159,1hop,1hop,0.5020565938314857,36318,0.384500466853408,0.0020541339067749
coordinate_plus_frozen_sequence_fm_plus_frozen_pangenomefm,"C+S-FM+T: coordinate, frozen sequence-model, and topology embeddings",1.1063084757331425,0.4079039004449399,154346,36318,42840,all_test_chromosomes,all,42840,0.384500466853408,0.4079039004449399,0.6622112874244968,0.5316734113711589,0.599813258636788,0.4862946647087616,0.7237736765420106,0.5817312384112423,0.6353784555163521,0.2224726558378357,0.057272998818488,p1,tibial_nerve,fold_c,314159,1hop,1hop,0.6230746416690636,36318,0.384500466853408,0.2391113828557511
coordinate,"reference coordinate, node length, and constant orientation",0.8277051501839306,0.4198150434612007,154346,36318,42840,all_test_chromosomes,all,42840,0.384500466853408,0.4198150434612007,0.5019871564374319,0.3879682078634999,0.3846638655462185,0.3845579136606663,0.9999392909179212,0.5554862317252078,0.6935779498488537,0.2502157183707283,0.1159098094389928,p1,tibial_nerve,fold_c,314159,strict,strict,0.5001213444880869,36318,0.384500466853408,0.0056340270355102
sequence_kmer,mono/di/tri-nucleotide composition; no graph adjacency,1.0327312013247902,0.3934191337313634,154346,36318,42840,all_test_chromosomes,all,42840,0.384500466853408,0.3934191337313634,0.6197466521225192,0.487527905101193,0.5238795518207283,0.4348936734896991,0.7958353569694027,0.5624369838034967,0.6576309561670618,0.2325216586794501,0.0733635531806212,p1,tibial_nerve,fold_c,314159,strict,strict,0.574912520717711,36318,0.384500466853408,0.1673883288279394
frozen_sequence_fm,S-FM: frozen pretrained sequence-model embedding only; no graph adjacency,1.1032931073946204,0.4053711201577067,154346,36318,42840,all_test_chromosomes,all,42840,0.384500466853408,0.4053711201577067,0.6616777805791056,0.5323914287929764,0.5955648926237161,0.4825486349517737,0.7167921321029626,0.5767953102100635,0.6346330984759597,0.2220829103858495,0.0549835799362496,p1,tibial_nerve,fold_c,314159,strict,strict,0.6183133900806075,36318,0.384500466853408,0.240277943321113
frozen_pangenomefm,frozen topology-pretrained node embedding; current encoder has no nucleotide input,1.03185689491793,0.3484002730405608,154346,36318,42840,all_test_chromosomes,all,42840,0.384500466853408,0.3484002730405608,0.5133573012028061,0.3910365800393091,0.3843370681605976,0.3841835660655393,0.997146673142302,0.554664415365133,0.6925871741484588,0.2497119265518408,0.1131737575706519,p1,tibial_nerve,fold_c,314159,strict,strict,0.4993318317167821,36318,0.384500466853408,0.01061920088304
coordinate_plus_frozen_sequence_fm,C+S-FM: coordinate and frozen sequence-model embedding,1.094854134247511,0.3956067511269234,154346,36318,42840,all_test_chromosomes,all,42840,0.384500466853408,0.3956067511269234,0.6639166029614243,0.5312135095361706,0.5920868347338936,0.4801896109026269,0.7379796017484216,0.5818077392490487,0.6334900643600324,0.2215935877296298,0.0525120217651783,p1,tibial_nerve,fold_c,314159,strict,strict,0.6194638603402303,36318,0.384500466853408,0.2383641819072189
coordinate_plus_frozen_pangenomefm,C+T: coordinate and frozen topology embedding; no nucleotide input,1.0011795883293046,0.3554360848391345,154346,36318,42840,all_test_chromosomes,all,42840,0.384500466853408,0.3554360848391345,0.5170241557772206,0.3938216412644013,0.384547152194211,0.3839440716933327,0.99356483729966,0.5538596906832719,0.6920548642403803,0.2494397983254828,0.1123196654785759,p1,tibial_nerve,fold_c,314159,strict,strict,0.4988303555430339,36318,0.384500466853408,0.015144080391647
coordinate_plus_frozen_sequence_fm_plus_frozen_pangenomefm,"C+S-FM+T: coordinate, frozen sequence-model, and topology embeddings",1.1220195504639832,0.3583899769123115,154346,36318,42840,all_test_chromosomes,all,42840,0.384500466853408,0.3583899769123115,0.6623734496068203,0.5321363526160408,0.5569094304388422,0.4565142065142065,0.7998421563865954,0.5812670960910615,0.6338953001627535,0.221758841484037,0.0520574911838154,p1,tibial_nerve,fold_c,314159,strict,strict,0.6024961692127152,36318,0.384500466853408,0.2398635219232093
coordinate,"reference coordinate, node length, and constant orientation",0.8277051501839306,0.4198150434612007,154346,36318,42840,all_test_chromosomes,all,42840,0.384500466853408,0.4198150434612007,0.5019871564374319,0.3879682078634999,0.3846638655462185,0.3845579136606663,0.9999392909179212,0.5554862317252078,0.6935779498488537,0.2502157183707283,0.1159098094389928,p1,tibial_nerve,fold_c,42,1hop,1hop,0.5001213444880869,36318,0.384500466853408,0.0056340270355102
sequence_kmer,mono/di/tri-nucleotide composition; no graph adjacency,1.0327312013247902,0.3934191337313634,154346,36318,42840,all_test_chromosomes,all,42840,0.384500466853408,0.3934191337313634,0.6197466521225192,0.487527905101193,0.5238795518207283,0.4348936734896991,0.7958353569694027,0.5624369838034967,0.6576309561670618,0.2325216586794501,0.0733635531806212,p1,tibial_nerve,fold_c,42,1hop,1hop,0.574912520717711,36318,0.384500466853408,0.1673883288279394
frozen_sequence_fm,S-FM: frozen pretrained sequence-model embedding only; no graph adjacency,1.1032931073946204,0.4053711201577067,154346,36318,42840,all_test_chromosomes,all,42840,0.384500466853408,0.4053711201577067,0.6616777805791056,0.5323914287929764,0.5955648926237161,0.4825486349517737,0.7167921321029626,0.5767953102100635,0.6346330984759597,0.2220829103858495,0.0549835799362496,p1,tibial_nerve,fold_c,42,1hop,1hop,0.6183133900806075,36318,0.384500466853408,0.240277943321113
frozen_pangenomefm,frozen topology-pretrained node embedding; current encoder has no nucleotide input,1.82218412220031,0.428627230390181,154346,36318,42840,all_test_chromosomes,all,42840,0.384500466853408,0.428627230390181,0.4846863804000139,0.3692136818823217,0.3860877684407096,0.3835213804873423,0.9822729480330258,0.5516535969996591,0.6955682612672689,0.2512000553307393,0.115530789227385,p1,tibial_nerve,fold_c,42,1hop,1hop,0.4979629303271925,36318,0.384500466853408,-0.0248363875971381
coordinate_plus_frozen_sequence_fm,C+S-FM: coordinate and frozen sequence-model embedding,1.094854134247511,0.3956067511269234,154346,36318,42840,all_test_chromosomes,all,42840,0.384500466853408,0.3956067511269234,0.6639166029614243,0.5312135095361706,0.5920868347338936,0.4801896109026269,0.7379796017484216,0.5818077392490487,0.6334900643600324,0.2215935877296298,0.0525120217651783,p1,tibial_nerve,fold_c,42,1hop,1hop,0.6194638603402303,36318,0.384500466853408,0.2383641819072189
coordinate_plus_frozen_pangenomefm,C+T: coordinate and frozen topology embedding; no nucleotide input,2.1676280681446016,0.4236493989412395,154346,36318,42840,all_test_chromosomes,all,42840,0.384500466853408,0.4236493989412395,0.4886196430405436,0.3703985055250233,0.3842903828197946,0.3836758661186142,0.991682855755221,0.5532880586651312,0.6951425266589122,0.2509906321634109,0.1149478907301479,p1,tibial_nerve,fold_c,42,1hop,1hop,0.4982686123436299,36318,0.384500466853408,-0.0229114086509406
coordinate_plus_frozen_sequence_fm_plus_frozen_pangenomefm,"C+S-FM+T: coordinate, frozen sequence-model, and topology embeddings",1.0909339570251078,0.3988815215228651,154346,36318,42840,all_test_chromosomes,all,42840,0.384500466853408,0.3988815215228651,0.6571126339688828,0.5206850472258022,0.5901027077497666,0.4782903663500678,0.7275983487129675,0.5771731278593788,0.6382759642702683,0.2238038297993153,0.0553257828989163,p1,tibial_nerve,fold_c,42,1hop,1hop,0.6159039983856099,36318,0.384500466853408,0.2212586249678916
coordinate,"reference coordinate, node length, and constant orientation",0.8277051501839306,0.4198150434612007,154346,36318,42840,all_test_chromosomes,all,42840,0.384500466853408,0.4198150434612007,0.5019871564374319,0.3879682078634999,0.3846638655462185,0.3845579136606663,0.9999392909179212,0.5554862317252078,0.6935779498488537,0.2502157183707283,0.1159098094389928,p1,tibial_nerve,fold_c,42,strict,strict,0.5001213444880869,36318,0.384500466853408,0.0056340270355102
sequence_kmer,mono/di/tri-nucleotide composition; no graph adjacency,1.0327312013247902,0.3934191337313634,154346,36318,42840,all_test_chromosomes,all,42840,0.384500466853408,0.3934191337313634,0.6197466521225192,0.487527905101193,0.5238795518207283,0.4348936734896991,0.7958353569694027,0.5624369838034967,0.6576309561670618,0.2325216586794501,0.0733635531806212,p1,tibial_nerve,fold_c,42,strict,strict,0.574912520717711,36318,0.384500466853408,0.1673883288279394
frozen_sequence_fm,S-FM: frozen pretrained sequence-model embedding only; no graph adjacency,1.1032931073946204,0.4053711201577067,154346,36318,42840,all_test_chromosomes,all,42840,0.384500466853408,0.4053711201577067,0.6616777805791056,0.5323914287929764,0.5955648926237161,0.4825486349517737,0.7167921321029626,0.5767953102100635,0.6346330984759597,0.2220829103858495,0.0549835799362496,p1,tibial_nerve,fold_c,42,strict,strict,0.6183133900806075,36318,0.384500466853408,0.240277943321113
frozen_pangenomefm,frozen topology-pretrained node embedding; current encoder has no nucleotide input,0.7750996383018318,0.3824152500450639,154346,36318,42840,all_test_chromosomes,all,42840,0.384500466853408,0.3824152500450639,0.5190959832874675,0.396945171463134,0.388422035480859,0.3843611811135942,0.9814837299660027,0.5523968975296409,0.6923827323528398,0.2495983160591117,0.1113968657777316,p1,tibial_nerve,fold_c,42,strict,strict,0.4997110700800888,36318,0.384500466853408,0.0202188692915905
coordinate_plus_frozen_sequence_fm,C+S-FM: coordinate and frozen sequence-model embedding,1.094854134247511,0.3956067511269234,154346,36318,42840,all_test_chromosomes,all,42840,0.384500466853408,0.3956067511269234,0.6639166029614243,0.5312135095361706,0.5920868347338936,0.4801896109026269,0.7379796017484216,0.5818077392490487,0.6334900643600324,0.2215935877296298,0.0525120217651783,p1,tibial_nerve,fold_c,42,strict,strict,0.6194638603402303,36318,0.384500466853408,0.2383641819072189
coordinate_plus_frozen_pangenomefm,C+T: coordinate and frozen topology embedding; no nucleotide input,0.8097494699921863,0.3843722712153299,154346,36318,42840,all_test_chromosomes,all,42840,0.384500466853408,0.3843722712153299,0.5203141445880358,0.397956909587063,0.3869047619047619,0.3837350112786418,0.9811194754735308,0.5516923549592914,0.6924008044891209,0.249608440897186,0.1118772087791812,p1,tibial_nerve,fold_c,42,strict,strict,0.4984101624940469,36318,0.384500466853408,0.0218626367835929
coordinate_plus_frozen_sequence_fm_plus_frozen_pangenomefm,"C+S-FM+T: coordinate, frozen sequence-model, and topology embeddings",1.110987238632241,0.4027905405480461,154346,36318,42840,all_test_chromosomes,all,42840,0.384500466853408,0.4027905405480461,0.6652408094535681,0.532321309022659,0.5966853408029879,0.4835550477434098,0.7194026226323458,0.5783591195275514,0.6327126445546359,0.2212533449598202,0.0524121372215074,p1,tibial_nerve,fold_c,42,strict,strict,0.619713447238503,36318,0.384500466853408,0.2401640199685493
coordinate,"reference coordinate, node length, and constant orientation",19.999998717449245,0.4987836062802177,157421,39765,36318,all_test_chromosomes,all,36318,0.4258494410485159,0.4987836062802177,0.5117006177594837,0.4393391521418199,0.4266754777245443,0.4259484570290897,0.9959912065175224,0.5967073406933953,0.6931221445280857,0.2499874819109728,0.0741954037930252,p1,tibial_nerve,fold_d,20260806,1hop,1hop,0.500201626661792,39765,0.4258494410485159,0.023495076131144
sequence_kmer,mono/di/tri-nucleotide composition; no graph adjacency,1.230654811228743,0.3836836867710855,157421,39765,36318,all_test_chromosomes,all,36318,0.4258494410485159,0.3836836867710855,0.6521663321850354,0.5647271143177606,0.4992565669915744,0.4564018721549016,0.920535367903789,0.610244320617231,0.6622701801519351,0.2348480846669398,0.0824328382189091,p1,tibial_nerve,fold_d,20260806,1hop,1hop,0.553664000851952,39765,0.4258494410485159,0.2418837204005576
frozen_sequence_fm,S-FM: frozen pretrained sequence-model embedding only; no graph adjacency,1.304694567006717,0.3443315459732171,157421,39765,36318,all_test_chromosomes,all,36318,0.4258494410485159,0.3443315459732171,0.6913438353752043,0.5948327860806276,0.5285808689905832,0.4722808427963689,0.9116125695073064,0.622211434497672,0.6397336357834011,0.2242495029378965,0.0727334146649123,p1,tibial_nerve,fold_d,20260806,1hop,1hop,0.5780487554998646,39765,0.4258494410485159,0.2943188722844922
frozen_pangenomefm,frozen topology-pretrained node embedding; current encoder has no nucleotide input,4.51729740994734,0.4669407599173269,157421,39765,36318,all_test_chromosomes,all,36318,0.4258494410485159,0.4669407599173269,0.5614953659480499,0.4793721883548641,0.4264276667217357,0.4260632286871916,0.9994827363248416,0.5974452625272962,0.6912554913165748,0.2490544938826767,0.0742555840678475,p1,tibial_nerve,fold_d,20260806,1hop,1hop,0.5004367451046805,39765,0.4258494410485159,0.0932207527657757
coordinate_plus_frozen_sequence_fm,C+S-FM: coordinate and frozen sequence-model embedding,1.2976155515825036,0.3669448081573855,157421,39765,36318,all_test_chromosomes,all,36318,0.4258494410485159,0.3669448081573855,0.6944040263291478,0.5983741039819351,0.5520403105897902,0.485812219513057,0.888917625759731,0.6282645949960014,0.6376564280762189,0.2232941503957917,0.0721280628415998,p1,tibial_nerve,fold_d,20260806,1hop,1hop,0.5955474374722307,39765,0.4258494410485159,0.3004867978331056
coordinate_plus_frozen_pangenomefm,C+T: coordinate and frozen topology embedding; no nucleotide input,19.999998400105,0.4920415546206104,157421,39765,36318,all_test_chromosomes,all,36318,0.4258494410485159,0.4920415546206104,0.5599468524721183,0.4785839400584081,0.4264552012776034,0.4260871961638097,0.999676710203026,0.5975034781264492,0.6926820593529631,0.2497674455986516,0.0742987355316251,p1,tibial_nerve,fold_d,20260806,1hop,1hop,0.5004857750132721,39765,0.4258494410485159,0.0918478580012116
coordinate_plus_frozen_sequence_fm_plus_frozen_pangenomefm,"C+S-FM+T: coordinate, frozen sequence-model, and topology embeddings",1.2788070737550072,0.3600127847767054,157421,39765,36318,all_test_chromosomes,all,36318,0.4258494410485159,0.3600127847767054,0.6983340485440499,0.6021474111923827,0.5527837435982158,0.4864458883532453,0.9003620845726109,0.6316338564819015,0.6354660294115672,0.2222510565744078,0.0725856574350865,p1,tibial_nerve,fold_d,20260806,1hop,1hop,0.5976728895911203,39765,0.4258494410485159,0.3070587799580354
coordinate,"reference coordinate, node length, and constant orientation",19.999998717449245,0.4987836062802177,157421,39765,36318,all_test_chromosomes,all,36318,0.4258494410485159,0.4987836062802177,0.5117006177594837,0.4393391521418199,0.4266754777245443,0.4259484570290897,0.9959912065175224,0.5967073406933953,0.6931221445280857,0.2499874819109728,0.0741954037930252,p1,tibial_nerve,fold_d,20260806,strict,strict,0.500201626661792,39765,0.4258494410485159,0.023495076131144
sequence_kmer,mono/di/tri-nucleotide composition; no graph adjacency,1.230654811228743,0.3836836867710855,157421,39765,36318,all_test_chromosomes,all,36318,0.4258494410485159,0.3836836867710855,0.6521663321850354,0.5647271143177606,0.4992565669915744,0.4564018721549016,0.920535367903789,0.610244320617231,0.6622701801519351,0.2348480846669398,0.0824328382189091,p1,tibial_nerve,fold_d,20260806,strict,strict,0.553664000851952,39765,0.4258494410485159,0.2418837204005576
frozen_sequence_fm,S-FM: frozen pretrained sequence-model embedding only; no graph adjacency,1.304694567006717,0.3443315459732171,157421,39765,36318,all_test_chromosomes,all,36318,0.4258494410485159,0.3443315459732171,0.6913438353752043,0.5948327860806276,0.5285808689905832,0.4722808427963689,0.9116125695073064,0.622211434497672,0.6397336357834011,0.2242495029378965,0.0727334146649123,p1,tibial_nerve,fold_d,20260806,strict,strict,0.5780487554998646,39765,0.4258494410485159,0.2943188722844922
frozen_pangenomefm,frozen topology-pretrained node embedding; current encoder has no nucleotide input,19.999999021381075,0.4940316904798472,157421,39765,36318,all_test_chromosomes,all,36318,0.4258494410485159,0.4940316904798472,0.5447462257575133,0.4503701019455358,0.4282724819648659,0.4263798565949641,0.9919824130350446,0.5964080236355155,0.6928543948457322,0.2498536094841221,0.0742216214034259,p1,tibial_nerve,fold_d,20260806,strict,strict,0.5010746517505935,39765,0.4258494410485159,0.0427077192815063
coordinate_plus_frozen_sequence_fm,C+S-FM: coordinate and frozen sequence-model embedding,1.2976155515825036,0.3669448081573855,157421,39765,36318,all_test_chromosomes,all,36318,0.4258494410485159,0.3669448081573855,0.6944040263291478,0.5983741039819351,0.5520403105897902,0.485812219513057,0.888917625759731,0.6282645949960014,0.6376564280762189,0.2232941503957917,0.0721280628415998,p1,tibial_nerve,fold_d,20260806,strict,strict,0.5955474374722307,39765,0.4258494410485159,0.3004867978331056
coordinate_plus_frozen_pangenomefm,C+T: coordinate and frozen topology embedding; no nucleotide input,19.99999818132672,0.4856638470631089,157421,39765,36318,all_test_chromosomes,all,36318,0.4258494410485159,0.4856638470631089,0.5473390852787755,0.4606382900460054,0.4259320447161187,0.4258846206801597,1.0,0.5973619667445588,0.6927960016635972,0.2498244149253526,0.0743157734950818,p1,tibial_nerve,fold_d,20260806,strict,strict,0.500071935545751,39765,0.4258494410485159,0.0605918577542117
coordinate_plus_frozen_sequence_fm_plus_frozen_pangenomefm,"C+S-FM+T: coordinate, frozen sequence-model, and topology embeddings",1.2880608415502286,0.3583846616839478,157421,39765,36318,all_test_chromosomes,all,36318,0.4258494410485159,0.3583846616839478,0.6959236992295792,0.5995877051529175,0.5542155405033317,0.4873098226179626,0.8988102935471356,0.6319785415530096,0.636172077563816,0.2226155978943057,0.0714809118206764,p1,tibial_nerve,fold_d,20260806,strict,strict,0.5987193612374082,39765,0.4258494410485159,0.3026005311597763
coordinate,"reference coordinate, node length, and constant orientation",19.999998717449245,0.4987836062802177,157421,39765,36318,all_test_chromosomes,all,36318,0.4258494410485159,0.4987836062802177,0.5117006177594837,0.4393391521418199,0.4266754777245443,0.4259484570290897,0.9959912065175224,0.5967073406933953,0.6931221445280857,0.2499874819109728,0.0741954037930252,p1,tibial_nerve,fold_d,314159,1hop,1hop,0.500201626661792,39765,0.4258494410485159,0.023495076131144
sequence_kmer,mono/di/tri-nucleotide composition; no graph adjacency,1.230654811228743,0.3836836867710855,157421,39765,36318,all_test_chromosomes,all,36318,0.4258494410485159,0.3836836867710855,0.6521663321850354,0.5647271143177606,0.4992565669915744,0.4564018721549016,0.920535367903789,0.610244320617231,0.6622701801519351,0.2348480846669398,0.0824328382189091,p1,tibial_nerve,fold_d,314159,1hop,1hop,0.553664000851952,39765,0.4258494410485159,0.2418837204005576
frozen_sequence_fm,S-FM: frozen pretrained sequence-model embedding only; no graph adjacency,1.304694567006717,0.3443315459732171,157421,39765,36318,all_test_chromosomes,all,36318,0.4258494410485159,0.3443315459732171,0.6913438353752043,0.5948327860806276,0.5285808689905832,0.4722808427963689,0.9116125695073064,0.622211434497672,0.6397336357834011,0.2242495029378965,0.0727334146649123,p1,tibial_nerve,fold_d,314159,1hop,1hop,0.5780487554998646,39765,0.4258494410485159,0.2943188722844922
frozen_pangenomefm,frozen topology-pretrained node embedding; current encoder has no nucleotide input,2.267669492038596,0.4494290780498091,157421,39765,36318,all_test_chromosomes,all,36318,0.4258494410485159,0.4494290780498091,0.5674750008241937,0.4792436873084688,0.4287956385263505,0.42664591612706,0.9926289926289926,0.5967851658924371,0.6900824641310584,0.2484693367405099,0.0761796011888538,p1,tibial_nerve,fold_d,314159,1hop,1hop,0.5016137481848205,39765,0.4258494410485159,0.0929969420520318
coordinate_plus_frozen_sequence_fm,C+S-FM: coordinate and frozen sequence-model embedding,1.2976155515825036,0.3669448081573855,157421,39765,36318,all_test_chromosomes,all,36318,0.4258494410485159,0.3669448081573855,0.6944040263291478,0.5983741039819351,0.5520403105897902,0.485812219513057,0.888917625759731,0.6282645949960014,0.6376564280762189,0.2232941503957917,0.0721280628415998,p1,tibial_nerve,fold_d,314159,1hop,1hop,0.5955474374722307,39765,0.4258494410485159,0.3004867978331056
coordinate_plus_frozen_pangenomefm,C+T: coordinate and frozen topology embedding; no nucleotide input,3.643534049969889,0.4671380505312544,157421,39765,36318,all_test_chromosomes,all,36318,0.4258494410485159,0.4671380505312544,0.564697567511257,0.4757411968690251,0.4284101547442039,0.426524889641578,0.9933402301823354,0.596795183063028,0.6911740021329105,0.2490139171055065,0.0758257808308476,p1,tibial_nerve,fold_d,314159,1hop,1hop,0.5013699040802335,39765,0.4258494410485159,0.0868966424270695
coordinate_plus_frozen_sequence_fm_plus_frozen_pangenomefm,"C+S-FM+T: coordinate, frozen sequence-model, and topology embeddings",1.2941187677990205,0.3641813998683183,157421,39765,36318,all_test_chromosomes,all,36318,0.4258494410485159,0.3641813998683183,0.7000801948465684,0.6021727940172868,0.5533619692714357,0.4868020836975142,0.9002974266132161,0.631918128389571,0.6355492580789611,0.2222683064926483,0.0751236184040827,p1,tibial_nerve,fold_d,314159,1hop,1hop,0.5981680879469303,39765,0.4258494410485159,0.3071029893113285
coordinate,"reference coordinate, node length, and constant orientation",19.999998717449245,0.4987836062802177,157421,39765,36318,all_test_chromosomes,all,36318,0.4258494410485159,0.4987836062802177,0.5117006177594837,0.4393391521418199,0.4266754777245443,0.4259484570290897,0.9959912065175224,0.5967073406933953,0.6931221445280857,0.2499874819109728,0.0741954037930252,p1,tibial_nerve,fold_d,314159,strict,strict,0.500201626661792,39765,0.4258494410485159,0.023495076131144
sequence_kmer,mono/di/tri-nucleotide composition; no graph adjacency,1.230654811228743,0.3836836867710855,157421,39765,36318,all_test_chromosomes,all,36318,0.4258494410485159,0.3836836867710855,0.6521663321850354,0.5647271143177606,0.4992565669915744,0.4564018721549016,0.920535367903789,0.610244320617231,0.6622701801519351,0.2348480846669398,0.0824328382189091,p1,tibial_nerve,fold_d,314159,strict,strict,0.553664000851952,39765,0.4258494410485159,0.2418837204005576
frozen_sequence_fm,S-FM: frozen pretrained sequence-model embedding only; no graph adjacency,1.304694567006717,0.3443315459732171,157421,39765,36318,all_test_chromosomes,all,36318,0.4258494410485159,0.3443315459732171,0.6913438353752043,0.5948327860806276,0.5285808689905832,0.4722808427963689,0.9116125695073064,0.622211434497672,0.6397336357834011,0.2242495029378965,0.0727334146649123,p1,tibial_nerve,fold_d,314159,strict,strict,0.5780487554998646,39765,0.4258494410485159,0.2943188722844922
frozen_pangenomefm,frozen topology-pretrained node embedding; current encoder has no nucleotide input,6.962362060375566,0.4804572789536577,157421,39765,36318,all_test_chromosomes,all,36318,0.4258494410485159,0.4804572789536577,0.5588815651487918,0.4690181281279386,0.4266754777245443,0.4261322888508854,0.9989008146902884,0.5974091260634184,0.6922179335459596,0.2495353989981302,0.0748200594877807,p1,tibial_nerve,fold_d,314159,strict,strict,0.50057739756191,39765,0.4258494410485159,0.0751870505155607
coordinate_plus_frozen_sequence_fm,C+S-FM: coordinate and frozen sequence-model embedding,1.2976155515825036,0.3669448081573855,157421,39765,36318,all_test_chromosomes,all,36318,0.4258494410485159,0.3669448081573855,0.6944040263291478,0.5983741039819351,0.5520403105897902,0.485812219513057,0.888917625759731,0.6282645949960014,0.6376564280762189,0.2232941503957917,0.0721280628415998,p1,tibial_nerve,fold_d,314159,strict,strict,0.5955474374722307,39765,0.4258494410485159,0.3004867978331056
coordinate_plus_frozen_pangenomefm,C+T: coordinate and frozen topology embedding; no nucleotide input,19.99999838813432,0.4923909784770365,157421,39765,36318,all_test_chromosomes,all,36318,0.4258494410485159,0.4923909784770365,0.5599326724966572,0.4748091166165153,0.4263175284982653,0.4260162601626016,0.9994827363248416,0.59739908407567,0.6927587611021336,0.2498057937312008,0.0744476666758798,p1,tibial_nerve,fold_d,314159,strict,strict,0.5003408310436792,39765,0.4258494410485159,0.0852732350507674
coordinate_plus_frozen_sequence_fm_plus_frozen_pangenomefm,"C+S-FM+T: coordinate, frozen sequence-model, and topology embeddings",1.2763470003581756,0.3526081940988367,157421,39765,36318,all_test_chromosomes,all,36318,0.4258494410485159,0.3526081940988367,0.698592198206649,0.6034207838887571,0.5486260256622061,0.4839346989705729,0.9027544290702184,0.6300968025814022,0.6346498199241517,0.2219072637627686,0.0716869042197418,p1,tibial_nerve,fold_d,314159,strict,strict,0.5943611009728611,39765,0.4258494410485159,0.3092766175557202
coordinate,"reference coordinate, node length, and constant orientation",19.999998717449245,0.4987836062802177,157421,39765,36318,all_test_chromosomes,all,36318,0.4258494410485159,0.4987836062802177,0.5117006177594837,0.4393391521418199,0.4266754777245443,0.4259484570290897,0.9959912065175224,0.5967073406933953,0.6931221445280857,0.2499874819109728,0.0741954037930252,p1,tibial_nerve,fold_d,42,1hop,1hop,0.500201626661792,39765,0.4258494410485159,0.023495076131144
sequence_kmer,mono/di/tri-nucleotide composition; no graph adjacency,1.230654811228743,0.3836836867710855,157421,39765,36318,all_test_chromosomes,all,36318,0.4258494410485159,0.3836836867710855,0.6521663321850354,0.5647271143177606,0.4992565669915744,0.4564018721549016,0.920535367903789,0.610244320617231,0.6622701801519351,0.2348480846669398,0.0824328382189091,p1,tibial_nerve,fold_d,42,1hop,1hop,0.553664000851952,39765,0.4258494410485159,0.2418837204005576
frozen_sequence_fm,S-FM: frozen pretrained sequence-model embedding only; no graph adjacency,1.304694567006717,0.3443315459732171,157421,39765,36318,all_test_chromosomes,all,36318,0.4258494410485159,0.3443315459732171,0.6913438353752043,0.5948327860806276,0.5285808689905832,0.4722808427963689,0.9116125695073064,0.622211434497672,0.6397336357834011,0.2242495029378965,0.0727334146649123,p1,tibial_nerve,fold_d,42,1hop,1hop,0.5780487554998646,39765,0.4258494410485159,0.2943188722844922
frozen_pangenomefm,frozen topology-pretrained node embedding; current encoder has no nucleotide input,3.217632318202306,0.4668170042473133,157421,39765,36318,all_test_chromosomes,all,36318,0.4258494410485159,0.4668170042473133,0.5559033098326313,0.4743943111031234,0.4324301999008756,0.4281847355936933,0.9921117289538344,0.5981949669597084,0.691003876141889,0.2489295150630867,0.0747119031355338,p1,tibial_nerve,fold_d,42,1hop,1hop,0.5047121084822883,39765,0.4258494410485159,0.0845507668637653
coordinate_plus_frozen_sequence_fm,C+S-FM: coordinate and frozen sequence-model embedding,1.2976155515825036,0.3669448081573855,157421,39765,36318,all_test_chromosomes,all,36318,0.4258494410485159,0.3669448081573855,0.6944040263291478,0.5983741039819351,0.5520403105897902,0.485812219513057,0.888917625759731,0.6282645949960014,0.6376564280762189,0.2232941503957917,0.0721280628415998,p1,tibial_nerve,fold_d,42,1hop,1hop,0.5955474374722307,39765,0.4258494410485159,0.3004867978331056
coordinate_plus_frozen_pangenomefm,C+T: coordinate and frozen topology embedding; no nucleotide input,6.23147790788165,0.4804707703575153,157421,39765,36318,all_test_chromosomes,all,36318,0.4258494410485159,0.4804707703575153,0.552373525409685,0.4767875746117368,0.4294289333113057,0.4271255060728745,0.9959265485581276,0.597849712777519,0.692027458983981,0.2494403276126761,0.0747122209002128,p1,tibial_nerve,fold_d,42,1hop,1hop,0.5025911277223786,39765,0.4258494410485159,0.0887191221345222
coordinate_plus_frozen_sequence_fm_plus_frozen_pangenomefm,"C+S-FM+T: coordinate, frozen sequence-model, and topology embeddings",1.2876905282429074,0.3804862145282067,157421,39765,36318,all_test_chromosomes,all,36318,0.4258494410485159,0.3804862145282067,0.6984990578145848,0.6032375477309891,0.566385814196817,0.494822267920094,0.8712660028449503,0.6311771043140194,0.6353285254831323,0.2221965765558481,0.0724429904702174,p1,tibial_nerve,fold_d,42,1hop,1hop,0.6057605671236069,39765,0.4258494410485159,0.3089574745105535
coordinate,"reference coordinate, node length, and constant orientation",19.999998717449245,0.4987836062802177,157421,39765,36318,all_test_chromosomes,all,36318,0.4258494410485159,0.4987836062802177,0.5117006177594837,0.4393391521418199,0.4266754777245443,0.4259484570290897,0.9959912065175224,0.5967073406933953,0.6931221445280857,0.2499874819109728,0.0741954037930252,p1,tibial_nerve,fold_d,42,strict,strict,0.500201626661792,39765,0.4258494410485159,0.023495076131144
sequence_kmer,mono/di/tri-nucleotide composition; no graph adjacency,1.230654811228743,0.3836836867710855,157421,39765,36318,all_test_chromosomes,all,36318,0.4258494410485159,0.3836836867710855,0.6521663321850354,0.5647271143177606,0.4992565669915744,0.4564018721549016,0.920535367903789,0.610244320617231,0.6622701801519351,0.2348480846669398,0.0824328382189091,p1,tibial_nerve,fold_d,42,strict,strict,0.553664000851952,39765,0.4258494410485159,0.2418837204005576
frozen_sequence_fm,S-FM: frozen pretrained sequence-model embedding only; no graph adjacency,1.304694567006717,0.3443315459732171,157421,39765,36318,all_test_chromosomes,all,36318,0.4258494410485159,0.3443315459732171,0.6913438353752043,0.5948327860806276,0.5285808689905832,0.4722808427963689,0.9116125695073064,0.622211434497672,0.6397336357834011,0.2242495029378965,0.0727334146649123,p1,tibial_nerve,fold_d,42,strict,strict,0.5780487554998646,39765,0.4258494410485159,0.2943188722844922
frozen_pangenomefm,frozen topology-pretrained node embedding; current encoder has no nucleotide input,19.99999828021072,0.4948637715002353,157421,39765,36318,all_test_chromosomes,all,36318,0.4258494410485159,0.4948637715002353,0.5618872331203345,0.4767578167012709,0.4306955228812159,0.427149169416634,0.9875856717961982,0.5963610807434016,0.692728844899038,0.2497908367933106,0.0742944420262528,p1,tibial_nerve,fold_d,42,strict,strict,0.5026169295102226,39765,0.4258494410485159,0.0886672926796833
coordinate_plus_frozen_sequence_fm,C+S-FM: coordinate and frozen sequence-model embedding,1.2976155515825036,0.3669448081573855,157421,39765,36318,all_test_chromosomes,all,36318,0.4258494410485159,0.3669448081573855,0.6944040263291478,0.5983741039819351,0.5520403105897902,0.485812219513057,0.888917625759731,0.6282645949960014,0.6376564280762189,0.2232941503957917,0.0721280628415998,p1,tibial_nerve,fold_d,42,strict,strict,0.5955474374722307,39765,0.4258494410485159,0.3004867978331056
coordinate_plus_frozen_pangenomefm,C+T: coordinate and frozen topology embedding; no nucleotide input,19.999998394613712,0.4894025983514664,157421,39765,36318,all_test_chromosomes,all,36318,0.4258494410485159,0.4894025983514664,0.5636655161527192,0.4872335537792897,0.4258494410485159,0.4258004077809004,0.9992241044872624,0.5971406491499227,0.6926713395079803,0.2497620871535317,0.0743882733698975,p1,tibial_nerve,fold_d,42,strict,strict,0.4998997944266352,39765,0.4258494410485159,0.1069129199192519
coordinate_plus_frozen_sequence_fm_plus_frozen_pangenomefm,"C+S-FM+T: coordinate, frozen sequence-model, and topology embeddings",1.3083197220885956,0.3519710089453912,157421,39765,36318,all_test_chromosomes,all,36318,0.4258494410485159,0.3519710089453912,0.6972246972493068,0.6021217225992456,0.5450189988435487,0.4817384700359017,0.902301823354455,0.628122608813071,0.6353067675460125,0.2222238726524696,0.0705366632997853,p1,tibial_nerve,fold_d,42,strict,strict,0.5911614622239376,39765,0.4258494410485159,0.3070140380471609
coordinate,"reference coordinate, node length, and constant orientation",1.2169197514282422,0.4664825219821191,136945,56794,39765,all_test_chromosomes,all,39765,0.4450144599522193,0.4664825219821191,0.4738458097720309,0.418011325721047,0.4449893122092292,0.4450005029675083,0.9999434900542497,0.6159067177166725,0.6946786238467574,0.2507641524609502,0.0552267660304059,p1,tibial_nerve,fold_e,20260806,1hop,1hop,0.4999717450271247,56794,0.4450144599522193,-0.0486555635825169
sequence_kmer,mono/di/tri-nucleotide composition; no graph adjacency,1.1654821367186774,0.3662082814296365,136945,56794,39765,all_test_chromosomes,all,39765,0.4450144599522193,0.3662082814296365,0.6103002367349093,0.5347908085457884,0.5017477681378096,0.4701267180312138,0.9413426763110307,0.6270774906359992,0.674259270319509,0.2405605412573672,0.0506687716084191,p1,tibial_nerve,fold_e,20260806,1hop,1hop,0.5453009090468108,56794,0.4450144599522193,0.1617634012335528
frozen_sequence_fm,S-FM: frozen pretrained sequence-model embedding only; no graph adjacency,1.3067101129081713,0.3633263727935173,136945,56794,39765,all_test_chromosomes,all,39765,0.4450144599522193,0.3633263727935173,0.6503799983378614,0.5829950320339089,0.533182446875393,0.4865710479848827,0.8876017179023508,0.6285691418052304,0.6576074836478719,0.2328420378799472,0.0504314925855599,p1,tibial_nerve,fold_e,20260806,1hop,1hop,0.5682967581763329,56794,0.4450144599522193,0.2486201209310973
frozen_pangenomefm,frozen topology-pretrained node embedding; current encoder has no nucleotide input,1.7582356400429715,0.2008703107150858,136945,56794,39765,all_test_chromosomes,all,39765,0.4450144599522193,0.2008703107150858,0.5140763921670296,0.452413347697937,0.4450144599522193,0.4450144599522193,1.0,0.6159308052418162,0.6942065776589933,0.2505268972527846,0.0573887564684577,p1,tibial_nerve,fold_e,20260806,1hop,1hop,0.5,56794,0.4450144599522193,0.0133316766146388
coordinate_plus_frozen_sequence_fm,C+S-FM: coordinate and frozen sequence-model embedding,1.291156353164958,0.3596823264159373,136945,56794,39765,all_test_chromosomes,all,39765,0.4450144599522193,0.3596823264159373,0.6547589609220859,0.5874219997131832,0.5356972211743996,0.4881522444314004,0.8929136528028933,0.6312194147608109,0.655616317540624,0.2319199183389463,0.0514887494427311,p1,tibial_nerve,fold_e,20260806,1hop,1hop,0.571088662914202,56794,0.4450144599522193,0.2565968470975001
coordinate_plus_frozen_pangenomefm,C+T: coordinate and frozen topology embedding; no nucleotide input,1.81901396939266,0.1823969680241516,136945,56794,39765,all_test_chromosomes,all,39765,0.4450144599522193,0.1823969680241516,0.5081033697677766,0.4428453894841417,0.4450144599522193,0.4450144599522193,1.0,0.6159308052418162,0.6949921974528193,0.2509173517301354,0.0610273880269593,p1,tibial_nerve,fold_e,20260806,1hop,1hop,0.5,56794,0.4450144599522193,-0.0039083369053016
coordinate_plus_frozen_sequence_fm_plus_frozen_pangenomefm,"C+S-FM+T: coordinate, frozen sequence-model, and topology embeddings",1.3289052252675388,0.3599484786958213,136945,56794,39765,all_test_chromosomes,all,39765,0.4450144599522193,0.3599484786958213,0.6569234270441622,0.5898669509559121,0.5370049038098831,0.4889752366854781,0.8960216998191681,0.6326835983480638,0.6543071745915633,0.2312915194400624,0.0506249983306082,p1,tibial_nerve,fold_e,20260806,1hop,1hop,0.5725747177785405,56794,0.4450144599522193,0.2610022794309595
coordinate,"reference coordinate, node length, and constant orientation",1.2169197514282422,0.4664825219821191,136945,56794,39765,all_test_chromosomes,all,39765,0.4450144599522193,0.4664825219821191,0.4738458097720309,0.418011325721047,0.4449893122092292,0.4450005029675083,0.9999434900542497,0.6159067177166725,0.6946786238467574,0.2507641524609502,0.0552267660304059,p1,tibial_nerve,fold_e,20260806,strict,strict,0.4999717450271247,56794,0.4450144599522193,-0.0486555635825169
sequence_kmer,mono/di/tri-nucleotide composition; no graph adjacency,1.1654821367186774,0.3662082814296365,136945,56794,39765,all_test_chromosomes,all,39765,0.4450144599522193,0.3662082814296365,0.6103002367349093,0.5347908085457884,0.5017477681378096,0.4701267180312138,0.9413426763110307,0.6270774906359992,0.674259270319509,0.2405605412573672,0.0506687716084191,p1,tibial_nerve,fold_e,20260806,strict,strict,0.5453009090468108,56794,0.4450144599522193,0.1617634012335528
frozen_sequence_fm,S-FM: frozen pretrained sequence-model embedding only; no graph adjacency,1.3067101129081713,0.3633263727935173,136945,56794,39765,all_test_chromosomes,all,39765,0.4450144599522193,0.3633263727935173,0.6503799983378614,0.5829950320339089,0.533182446875393,0.4865710479848827,0.8876017179023508,0.6285691418052304,0.6576074836478719,0.2328420378799472,0.0504314925855599,p1,tibial_nerve,fold_e,20260806,strict,strict,0.5682967581763329,56794,0.4450144599522193,0.2486201209310973
frozen_pangenomefm,frozen topology-pretrained node embedding; current encoder has no nucleotide input,1.3400274650160375,0.4037066308767914,136945,56794,39765,all_test_chromosomes,all,39765,0.4450144599522193,0.4037066308767914,0.5067906779632547,0.447389827762051,0.4473783477932855,0.4456607319736875,0.9915800180831826,0.6149398097040425,0.6938752203636284,0.2503625830903271,0.0516049127830715,p1,tibial_nerve,fold_e,20260806,strict,strict,0.5012954691893098,56794,0.4450144599522193,0.0042800535120739
coordinate_plus_frozen_sequence_fm,C+S-FM: coordinate and frozen sequence-model embedding,1.291156353164958,0.3596823264159373,136945,56794,39765,all_test_chromosomes,all,39765,0.4450144599522193,0.3596823264159373,0.6547589609220859,0.5874219997131832,0.5356972211743996,0.4881522444314004,0.8929136528028933,0.6312194147608109,0.655616317540624,0.2319199183389463,0.0514887494427311,p1,tibial_nerve,fold_e,20260806,strict,strict,0.571088662914202,56794,0.4450144599522193,0.2565968470975001
coordinate_plus_frozen_pangenomefm,C+T: coordinate and frozen topology embedding; no nucleotide input,1.413156401749556,0.387897023741534,136945,56794,39765,all_test_chromosomes,all,39765,0.4450144599522193,0.387897023741534,0.4998340857340659,0.4391973727481494,0.4461964038727524,0.4453401394925705,0.995874773960217,0.6154571488440316,0.6947082860092042,0.250777744508146,0.0517553371557501,p1,tibial_nerve,fold_e,20260806,strict,strict,0.5006561327320682,56794,0.4450144599522193,-0.0104815112904906
coordinate_plus_frozen_sequence_fm_plus_frozen_pangenomefm,"C+S-FM+T: coordinate, frozen sequence-model, and topology embeddings",1.3229280850132226,0.3963760924505121,136945,56794,39765,all_test_chromosomes,all,39765,0.4450144599522193,0.3963760924505121,0.6594631853720007,0.5950237411738442,0.5567961775430655,0.5012102467558663,0.8425067811934901,0.6285148180936723,0.6533303309869716,0.2308518799847887,0.0525360376610678,p1,tibial_nerve,fold_e,20260806,strict,strict,0.5851031345815201,56794,0.4450144599522193,0.2702940354242563
coordinate,"reference coordinate, node length, and constant orientation",1.2169197514282422,0.4664825219821191,136945,56794,39765,all_test_chromosomes,all,39765,0.4450144599522193,0.4664825219821191,0.4738458097720309,0.418011325721047,0.4449893122092292,0.4450005029675083,0.9999434900542497,0.6159067177166725,0.6946786238467574,0.2507641524609502,0.0552267660304059,p1,tibial_nerve,fold_e,314159,1hop,1hop,0.4999717450271247,56794,0.4450144599522193,-0.0486555635825169
sequence_kmer,mono/di/tri-nucleotide composition; no graph adjacency,1.1654821367186774,0.3662082814296365,136945,56794,39765,all_test_chromosomes,all,39765,0.4450144599522193,0.3662082814296365,0.6103002367349093,0.5347908085457884,0.5017477681378096,0.4701267180312138,0.9413426763110307,0.6270774906359992,0.674259270319509,0.2405605412573672,0.0506687716084191,p1,tibial_nerve,fold_e,314159,1hop,1hop,0.5453009090468108,56794,0.4450144599522193,0.1617634012335528
frozen_sequence_fm,S-FM: frozen pretrained sequence-model embedding only; no graph adjacency,1.3067101129081713,0.3633263727935173,136945,56794,39765,all_test_chromosomes,all,39765,0.4450144599522193,0.3633263727935173,0.6503799983378614,0.5829950320339089,0.533182446875393,0.4865710479848827,0.8876017179023508,0.6285691418052304,0.6576074836478719,0.2328420378799472,0.0504314925855599,p1,tibial_nerve,fold_e,314159,1hop,1hop,0.5682967581763329,56794,0.4450144599522193,0.2486201209310973
frozen_pangenomefm,frozen topology-pretrained node embedding; current encoder has no nucleotide input,1.7862715188581866,0.3739506300862132,136945,56794,39765,all_test_chromosomes,all,39765,0.4450144599522193,0.3739506300862132,0.511476247140626,0.4563853339991788,0.4451401986671696,0.4450621321124918,0.9998304701627486,0.6159442993907746,0.6936423137524315,0.2502460459802271,0.0557462483680777,p1,tibial_nerve,fold_e,314159,1hop,1hop,0.5000964847981716,56794,0.4450144599522193,0.0204885951550748
coordinate_plus_frozen_sequence_fm,C+S-FM: coordinate and frozen sequence-model embedding,1.291156353164958,0.3596823264159373,136945,56794,39765,all_test_chromosomes,all,39765,0.4450144599522193,0.3596823264159373,0.6547589609220859,0.5874219997131832,0.5356972211743996,0.4881522444314004,0.8929136528028933,0.6312194147608109,0.655616317540624,0.2319199183389463,0.0514887494427311,p1,tibial_nerve,fold_e,314159,1hop,1hop,0.571088662914202,56794,0.4450144599522193,0.2565968470975001
coordinate_plus_frozen_pangenomefm,C+T: coordinate and frozen topology embedding; no nucleotide input,1.7229352400462823,0.3657746254217625,136945,56794,39765,all_test_chromosomes,all,39765,0.4450144599522193,0.3657746254217625,0.5010407365703342,0.4433476911432563,0.4451150509241796,0.4450564652028471,0.9999434900542497,0.6159603167696458,0.6948378458264981,0.2508403738456286,0.0555641051502685,p1,tibial_nerve,fold_e,314159,1hop,1hop,0.5000850261001231,56794,0.4450144599522193,-0.0030032652901541
coordinate_plus_frozen_sequence_fm_plus_frozen_pangenomefm,"C+S-FM+T: coordinate, frozen sequence-model, and topology embeddings",1.318895782181008,0.3695674309148971,136945,56794,39765,all_test_chromosomes,all,39765,0.4450144599522193,0.3695674309148971,0.6571226739585536,0.5916524604795853,0.5398214510247705,0.4904100003180763,0.8712703435804702,0.6275770835453343,0.654153258962642,0.2312265860924591,0.0495013213093862,p1,tibial_nerve,fold_e,314159,1hop,1hop,0.5726599576890071,56794,0.4450144599522193,0.2642194975291453
coordinate,"reference coordinate, node length, and constant orientation",1.2169197514282422,0.4664825219821191,136945,56794,39765,all_test_chromosomes,all,39765,0.4450144599522193,0.4664825219821191,0.4738458097720309,0.418011325721047,0.4449893122092292,0.4450005029675083,0.9999434900542497,0.6159067177166725,0.6946786238467574,0.2507641524609502,0.0552267660304059,p1,tibial_nerve,fold_e,314159,strict,strict,0.4999717450271247,56794,0.4450144599522193,-0.0486555635825169
sequence_kmer,mono/di/tri-nucleotide composition; no graph adjacency,1.1654821367186774,0.3662082814296365,136945,56794,39765,all_test_chromosomes,all,39765,0.4450144599522193,0.3662082814296365,0.6103002367349093,0.5347908085457884,0.5017477681378096,0.4701267180312138,0.9413426763110307,0.6270774906359992,0.674259270319509,0.2405605412573672,0.0506687716084191,p1,tibial_nerve,fold_e,314159,strict,strict,0.5453009090468108,56794,0.4450144599522193,0.1617634012335528
frozen_sequence_fm,S-FM: frozen pretrained sequence-model embedding only; no graph adjacency,1.3067101129081713,0.3633263727935173,136945,56794,39765,all_test_chromosomes,all,39765,0.4450144599522193,0.3633263727935173,0.6503799983378614,0.5829950320339089,0.533182446875393,0.4865710479848827,0.8876017179023508,0.6285691418052304,0.6576074836478719,0.2328420378799472,0.0504314925855599,p1,tibial_nerve,fold_e,314159,strict,strict,0.5682967581763329,56794,0.4450144599522193,0.2486201209310973
frozen_pangenomefm,frozen topology-pretrained node embedding; current encoder has no nucleotide input,1.811065056853474,0.4091073279551959,136945,56794,39765,all_test_chromosomes,all,39765,0.4450144599522193,0.4091073279551959,0.5151079220895798,0.4511195350376964,0.4450647554381994,0.4449787266181617,0.9988132911392406,0.6156713168573767,0.6926307574533744,0.2497420758714425,0.0536206741579645,p1,tibial_nerve,fold_e,314159,strict,strict,0.4999277385054125,56794,0.4450144599522193,0.0110004218937875
coordinate_plus_frozen_sequence_fm,C+S-FM: coordinate and frozen sequence-model embedding,1.291156353164958,0.3596823264159373,136945,56794,39765,all_test_chromosomes,all,39765,0.4450144599522193,0.3596823264159373,0.6547589609220859,0.5874219997131832,0.5356972211743996,0.4881522444314004,0.8929136528028933,0.6312194147608109,0.655616317540624,0.2319199183389463,0.0514887494427311,p1,tibial_nerve,fold_e,314159,strict,strict,0.571088662914202,56794,0.4450144599522193,0.2565968470975001
coordinate_plus_frozen_pangenomefm,C+T: coordinate and frozen topology embedding; no nucleotide input,1.845368596407782,0.3777767337084873,136945,56794,39765,all_test_chromosomes,all,39765,0.4450144599522193,0.3777767337084873,0.5066969266086957,0.4434910488557916,0.4450396076952093,0.4450256513429232,1.0,0.6159415245388096,0.6932501531144949,0.2500506645454632,0.0535677353996091,p1,tibial_nerve,fold_e,314159,strict,strict,0.5000226562145996,56794,0.4450144599522193,-0.0027449563754336
coordinate_plus_frozen_sequence_fm_plus_frozen_pangenomefm,"C+S-FM+T: coordinate, frozen sequence-model, and topology embeddings",1.3295377277268006,0.377601096932984,136945,56794,39765,all_test_chromosomes,all,39765,0.4450144599522193,0.377601096932984,0.6584567903276728,0.5933280749748389,0.547541808122721,0.4952751883539777,0.8766952983725136,0.6329661362709098,0.6535238130469153,0.2309599349040368,0.0517372724532792,p1,tibial_nerve,fold_e,314159,strict,strict,0.5801528963655581,56794,0.4450144599522193,0.2672387014080596
coordinate,"reference coordinate, node length, and constant orientation",1.2169197514282422,0.4664825219821191,136945,56794,39765,all_test_chromosomes,all,39765,0.4450144599522193,0.4664825219821191,0.4738458097720309,0.418011325721047,0.4449893122092292,0.4450005029675083,0.9999434900542497,0.6159067177166725,0.6946786238467574,0.2507641524609502,0.0552267660304059,p1,tibial_nerve,fold_e,42,1hop,1hop,0.4999717450271247,56794,0.4450144599522193,-0.0486555635825169
sequence_kmer,mono/di/tri-nucleotide composition; no graph adjacency,1.1654821367186774,0.3662082814296365,136945,56794,39765,all_test_chromosomes,all,39765,0.4450144599522193,0.3662082814296365,0.6103002367349093,0.5347908085457884,0.5017477681378096,0.4701267180312138,0.9413426763110307,0.6270774906359992,0.674259270319509,0.2405605412573672,0.0506687716084191,p1,tibial_nerve,fold_e,42,1hop,1hop,0.5453009090468108,56794,0.4450144599522193,0.1617634012335528
frozen_sequence_fm,S-FM: frozen pretrained sequence-model embedding only; no graph adjacency,1.3067101129081713,0.3633263727935173,136945,56794,39765,all_test_chromosomes,all,39765,0.4450144599522193,0.3633263727935173,0.6503799983378614,0.5829950320339089,0.533182446875393,0.4865710479848827,0.8876017179023508,0.6285691418052304,0.6576074836478719,0.2328420378799472,0.0504314925855599,p1,tibial_nerve,fold_e,42,1hop,1hop,0.5682967581763329,56794,0.4450144599522193,0.2486201209310973
frozen_pangenomefm,frozen topology-pretrained node embedding; current encoder has no nucleotide input,2.345178018344447,0.2863486379433753,136945,56794,39765,all_test_chromosomes,all,39765,0.4450144599522193,0.2863486379433753,0.5110428689380184,0.4455742246605654,0.4450144599522193,0.4450144599522193,1.0,0.6159308052418162,0.6940010887724511,0.2504239805476695,0.0575878826114436,p1,tibial_nerve,fold_e,42,1hop,1hop,0.5,56794,0.4450144599522193,0.0010086113384107
coordinate_plus_frozen_sequence_fm,C+S-FM: coordinate and frozen sequence-model embedding,1.291156353164958,0.3596823264159373,136945,56794,39765,all_test_chromosomes,all,39765,0.4450144599522193,0.3596823264159373,0.6547589609220859,0.5874219997131832,0.5356972211743996,0.4881522444314004,0.8929136528028933,0.6312194147608109,0.655616317540624,0.2319199183389463,0.0514887494427311,p1,tibial_nerve,fold_e,42,1hop,1hop,0.571088662914202,56794,0.4450144599522193,0.2565968470975001
coordinate_plus_frozen_pangenomefm,C+T: coordinate and frozen topology embedding; no nucleotide input,2.695940217437008,0.2478894043990487,136945,56794,39765,all_test_chromosomes,all,39765,0.4450144599522193,0.2478894043990487,0.5011767609184313,0.4408458231067589,0.4450144599522193,0.4450144599522193,1.0,0.6159308052418162,0.6943793791531102,0.2506139486331243,0.0571977368525212,p1,tibial_nerve,fold_e,42,1hop,1hop,0.5,56794,0.4450144599522193,-0.0075112530771549
coordinate_plus_frozen_sequence_fm_plus_frozen_pangenomefm,"C+S-FM+T: coordinate, frozen sequence-model, and topology embeddings",1.333203642151812,0.3782440646193596,136945,56794,39765,all_test_chromosomes,all,39765,0.4450144599522193,0.3782440646193596,0.6584220851960525,0.5936162110364316,0.5461083867722872,0.4943150706992624,0.867258137432188,0.6297109328518967,0.6534270221651384,0.2308920718052728,0.0516422212741651,p1,tibial_nerve,fold_e,42,1hop,1hop,0.5779264995013584,56794,0.4450144599522193,0.267757879009638
coordinate,"reference coordinate, node length, and constant orientation",1.2169197514282422,0.4664825219821191,136945,56794,39765,all_test_chromosomes,all,39765,0.4450144599522193,0.4664825219821191,0.4738458097720309,0.418011325721047,0.4449893122092292,0.4450005029675083,0.9999434900542497,0.6159067177166725,0.6946786238467574,0.2507641524609502,0.0552267660304059,p1,tibial_nerve,fold_e,42,strict,strict,0.4999717450271247,56794,0.4450144599522193,-0.0486555635825169
sequence_kmer,mono/di/tri-nucleotide composition; no graph adjacency,1.1654821367186774,0.3662082814296365,136945,56794,39765,all_test_chromosomes,all,39765,0.4450144599522193,0.3662082814296365,0.6103002367349093,0.5347908085457884,0.5017477681378096,0.4701267180312138,0.9413426763110307,0.6270774906359992,0.674259270319509,0.2405605412573672,0.0506687716084191,p1,tibial_nerve,fold_e,42,strict,strict,0.5453009090468108,56794,0.4450144599522193,0.1617634012335528
frozen_sequence_fm,S-FM: frozen pretrained sequence-model embedding only; no graph adjacency,1.3067101129081713,0.3633263727935173,136945,56794,39765,all_test_chromosomes,all,39765,0.4450144599522193,0.3633263727935173,0.6503799983378614,0.5829950320339089,0.533182446875393,0.4865710479848827,0.8876017179023508,0.6285691418052304,0.6576074836478719,0.2328420378799472,0.0504314925855599,p1,tibial_nerve,fold_e,42,strict,strict,0.5682967581763329,56794,0.4450144599522193,0.2486201209310973
frozen_pangenomefm,frozen topology-pretrained node embedding; current encoder has no nucleotide input,1.8287758233498943,0.4349103890229508,136945,56794,39765,all_test_chromosomes,all,39765,0.4450144599522193,0.4349103890229508,0.5122263130300602,0.4549052256773954,0.4468753929334842,0.4455864111586461,0.9946880650994576,0.6154653053375059,0.6934242327428618,0.2501382858484172,0.05560778693181,p1,tibial_nerve,fold_e,42,strict,strict,0.5011502766024725,56794,0.4450144599522193,0.0178216638298803
coordinate_plus_frozen_sequence_fm,C+S-FM: coordinate and frozen sequence-model embedding,1.291156353164958,0.3596823264159373,136945,56794,39765,all_test_chromosomes,all,39765,0.4450144599522193,0.3596823264159373,0.6547589609220859,0.5874219997131832,0.5356972211743996,0.4881522444314004,0.8929136528028933,0.6312194147608109,0.655616317540624,0.2319199183389463,0.0514887494427311,p1,tibial_nerve,fold_e,42,strict,strict,0.571088662914202,56794,0.4450144599522193,0.2565968470975001
coordinate_plus_frozen_pangenomefm,C+T: coordinate and frozen topology embedding; no nucleotide input,1.9034505245737696,0.4256992501564836,136945,56794,39765,all_test_chromosomes,all,39765,0.4450144599522193,0.4256992501564836,0.5063210672293875,0.4430860463520532,0.4463724380736829,0.4455070781498397,0.9976830922242316,0.6159616223288269,0.6939304385639099,0.2503899059494916,0.0552430866243068,p1,tibial_nerve,fold_e,42,strict,strict,0.5009938864990838,56794,0.4450144599522193,-0.0034747096293717
coordinate_plus_frozen_sequence_fm_plus_frozen_pangenomefm,"C+S-FM+T: coordinate, frozen sequence-model, and topology embeddings",1.3207490681455087,0.3679941331904173,136945,56794,39765,all_test_chromosomes,all,39765,0.4450144599522193,0.3679941331904173,0.6583035241598416,0.5948324368309326,0.5420596001508865,0.4919722621353158,0.8900316455696202,0.6336753168376584,0.6539296923514221,0.2311528925865675,0.053301882182828,p1,tibial_nerve,fold_e,42,strict,strict,0.5765351485358636,56794,0.4450144599522193,0.2699493339336641
coordinate,"reference coordinate, node length, and constant orientation",0.183626088696136,0.4046118393385746,115604,55951,55994,all_test_chromosomes,all,55994,0.4563346072793514,0.4046118393385746,0.5179000587339024,0.4687199768034303,0.4563346072793514,0.4563346072793514,1.0,0.6266892306183013,0.6926791462648509,0.2497659783994842,0.0432266812660032,p1,body_of_pancreas,fold_a,20260806,1hop,1hop,0.5,55951,0.4563346072793514,0.0227812358298166
sequence_kmer,mono/di/tri-nucleotide composition; no graph adjacency,1.1325520480526683,0.3847132776851334,115604,55951,55994,all_test_chromosomes,all,55994,0.4563346072793514,0.3847132776851334,0.6190794061678291,0.5539574676296345,0.4887666535700253,0.4704502633906256,0.9576549780839072,0.6309465487455844,0.6750842023412889,0.2409467406582125,0.0535677179313503,p1,body_of_pancreas,fold_a,20260806,1hop,1hop,0.5264262013473212,55951,0.4563346072793514,0.1795642350191759
frozen_sequence_fm,S-FM: frozen pretrained sequence-model embedding only; no graph adjacency,1.3612665138576037,0.4097840268473067,115604,55951,55994,all_test_chromosomes,all,55994,0.4563346072793514,0.4097840268473067,0.6309023365495805,0.5684073281558835,0.5371646962174519,0.4960017574692443,0.883609893550407,0.635355695632598,0.6690295753954552,0.2381477129306169,0.0524680718366293,p1,body_of_pancreas,fold_a,20260806,1hop,1hop,0.5649900200292604,55951,0.4563346072793514,0.2061428267774961
frozen_pangenomefm,frozen topology-pretrained node embedding; current encoder has no nucleotide input,1.2049289284284872,0.2466946122170321,115604,55951,55994,all_test_chromosomes,all,55994,0.4563346072793514,0.2466946122170321,0.5318208012160801,0.4831954785571205,0.4563346072793514,0.4563346072793514,1.0,0.6266892306183013,0.6910180584871332,0.2489359400454642,0.0407355998927005,p1,body_of_pancreas,fold_a,20260806,1hop,1hop,0.5,55951,0.4563346072793514,0.0494069912071285
coordinate_plus_frozen_sequence_fm,C+S-FM: coordinate and frozen sequence-model embedding,1.352357589129821,0.3838270102423907,115604,55951,55994,all_test_chromosomes,all,55994,0.4563346072793514,0.3838270102423907,0.6328579664380816,0.5693799242420978,0.5183233917919777,0.4854027363439975,0.923332811521603,0.6362986636460483,0.6685876640567169,0.2379273215474259,0.0530599246884072,p1,body_of_pancreas,fold_a,20260806,1hop,1hop,0.5508523987967386,55951,0.4563346072793514,0.2079317875964793
coordinate_plus_frozen_pangenomefm,C+T: coordinate and frozen topology embedding; no nucleotide input,1.1465725390428043,0.2396096709508503,115604,55951,55994,all_test_chromosomes,all,55994,0.4563346072793514,0.2396096709508503,0.5325514332006043,0.4837612953872257,0.4563346072793514,0.4563346072793514,1.0,0.6266892306183013,0.6908986959369458,0.2488761567842303,0.040485140400899,p1,body_of_pancreas,fold_a,20260806,1hop,1hop,0.5,55951,0.4563346072793514,0.0504477358226237
coordinate_plus_frozen_sequence_fm_plus_frozen_pangenomefm,"C+S-FM+T: coordinate, frozen sequence-model, and topology embeddings",1.3292756104549563,0.4007352597830229,115604,55951,55994,all_test_chromosomes,all,55994,0.4563346072793514,0.4007352597830229,0.6336893512651856,0.5714368910377822,0.535664535485945,0.4951083158630328,0.8872886662492173,0.6355685131195336,0.6675331792248351,0.2374033023414983,0.0504012364153116,p1,body_of_pancreas,fold_a,20260806,1hop,1hop,0.563905813973436,55951,0.4563346072793514,0.2117153037503966
coordinate,"reference coordinate, node length, and constant orientation",0.183626088696136,0.4046118393385746,115604,55951,55994,all_test_chromosomes,all,55994,0.4563346072793514,0.4046118393385746,0.5179000587339024,0.4687199768034303,0.4563346072793514,0.4563346072793514,1.0,0.6266892306183013,0.6926791462648509,0.2497659783994842,0.0432266812660032,p1,body_of_pancreas,fold_a,20260806,strict,strict,0.5,55951,0.4563346072793514,0.0227812358298166
sequence_kmer,mono/di/tri-nucleotide composition; no graph adjacency,1.1325520480526683,0.3847132776851334,115604,55951,55994,all_test_chromosomes,all,55994,0.4563346072793514,0.3847132776851334,0.6190794061678291,0.5539574676296345,0.4887666535700253,0.4704502633906256,0.9576549780839072,0.6309465487455844,0.6750842023412889,0.2409467406582125,0.0535677179313503,p1,body_of_pancreas,fold_a,20260806,strict,strict,0.5264262013473212,55951,0.4563346072793514,0.1795642350191759
frozen_sequence_fm,S-FM: frozen pretrained sequence-model embedding only; no graph adjacency,1.3612665138576037,0.4097840268473067,115604,55951,55994,all_test_chromosomes,all,55994,0.4563346072793514,0.4097840268473067,0.6309023365495805,0.5684073281558835,0.5371646962174519,0.4960017574692443,0.883609893550407,0.635355695632598,0.6690295753954552,0.2381477129306169,0.0524680718366293,p1,body_of_pancreas,fold_a,20260806,strict,strict,0.5649900200292604,55951,0.4563346072793514,0.2061428267774961
frozen_pangenomefm,frozen topology-pretrained node embedding; current encoder has no nucleotide input,1.2234496400188557,0.375722009181695,115604,55951,55994,all_test_chromosomes,all,55994,0.4563346072793514,0.375722009181695,0.5277764438370479,0.4735396496465995,0.4561917348287316,0.4562412893542508,0.9992955541640576,0.6264628670968375,0.692069863526104,0.2494608835131847,0.0432737301978725,p1,body_of_pancreas,fold_a,20260806,strict,strict,0.4998120238463675,55951,0.4563346072793514,0.0316463813912257
coordinate_plus_frozen_sequence_fm,C+S-FM: coordinate and frozen sequence-model embedding,1.352357589129821,0.3838270102423907,115604,55951,55994,all_test_chromosomes,all,55994,0.4563346072793514,0.3838270102423907,0.6328579664380816,0.5693799242420978,0.5183233917919777,0.4854027363439975,0.923332811521603,0.6362986636460483,0.6685876640567169,0.2379273215474259,0.0530599246884072,p1,body_of_pancreas,fold_a,20260806,strict,strict,0.5508523987967386,55951,0.4563346072793514,0.2079317875964793
coordinate_plus_frozen_pangenomefm,C+T: coordinate and frozen topology embedding; no nucleotide input,1.3129081240892435,0.3903070501708694,115604,55951,55994,all_test_chromosomes,all,55994,0.4563346072793514,0.3903070501708694,0.5306164402186825,0.4757368685890789,0.4563346072793514,0.4563252474009503,0.9997651847213526,0.6266342875364879,0.6918247773016821,0.2493389987547828,0.0437624120230543,p1,body_of_pancreas,fold_a,20260806,strict,strict,0.4999811404192795,55951,0.4563346072793514,0.035687872668579
coordinate_plus_frozen_sequence_fm_plus_frozen_pangenomefm,"C+S-FM+T: coordinate, frozen sequence-model, and topology embeddings",1.3471450656572763,0.396445029255313,115604,55951,55994,all_test_chromosomes,all,55994,0.4563346072793514,0.396445029255313,0.6325066408607608,0.5700868046903695,0.5276458191949137,0.4904193279644543,0.8984815278647464,0.6345056311752919,0.6685325021586968,0.2379026465172465,0.0527714023330104,p1,body_of_pancreas,fold_a,20260806,strict,strict,0.5574301076023029,55951,0.4563346072793514,0.2092319999288007
coordinate,"reference coordinate, node length, and constant orientation",0.183626088696136,0.4046118393385746,115604,55951,55994,all_test_chromosomes,all,55994,0.4563346072793514,0.4046118393385746,0.5179000587339024,0.4687199768034303,0.4563346072793514,0.4563346072793514,1.0,0.6266892306183013,0.6926791462648509,0.2497659783994842,0.0432266812660032,p1,body_of_pancreas,fold_a,314159,1hop,1hop,0.5,55951,0.4563346072793514,0.0227812358298166
sequence_kmer,mono/di/tri-nucleotide composition; no graph adjacency,1.1325520480526683,0.3847132776851334,115604,55951,55994,all_test_chromosomes,all,55994,0.4563346072793514,0.3847132776851334,0.6190794061678291,0.5539574676296345,0.4887666535700253,0.4704502633906256,0.9576549780839072,0.6309465487455844,0.6750842023412889,0.2409467406582125,0.0535677179313503,p1,body_of_pancreas,fold_a,314159,1hop,1hop,0.5264262013473212,55951,0.4563346072793514,0.1795642350191759
frozen_sequence_fm,S-FM: frozen pretrained sequence-model embedding only; no graph adjacency,1.3612665138576037,0.4097840268473067,115604,55951,55994,all_test_chromosomes,all,55994,0.4563346072793514,0.4097840268473067,0.6309023365495805,0.5684073281558835,0.5371646962174519,0.4960017574692443,0.883609893550407,0.635355695632598,0.6690295753954552,0.2381477129306169,0.0524680718366293,p1,body_of_pancreas,fold_a,314159,1hop,1hop,0.5649900200292604,55951,0.4563346072793514,0.2061428267774961
frozen_pangenomefm,frozen topology-pretrained node embedding; current encoder has no nucleotide input,0.9474078904069848,0.4140412467107451,115604,55951,55994,all_test_chromosomes,all,55994,0.4563346072793514,0.4140412467107451,0.5271734527749105,0.4740860572984885,0.4608886666428546,0.4578582728710927,0.9854023168440826,0.6252157179216588,0.6920487990043959,0.2494329013732345,0.0388848256387061,p1,body_of_pancreas,fold_a,314159,1hop,1hop,0.5030158552225144,55951,0.4563346072793514,0.0326514254113253
coordinate_plus_frozen_sequence_fm,C+S-FM: coordinate and frozen sequence-model embedding,1.352357589129821,0.3838270102423907,115604,55951,55994,all_test_chromosomes,all,55994,0.4563346072793514,0.3838270102423907,0.6328579664380816,0.5693799242420978,0.5183233917919777,0.4854027363439975,0.923332811521603,0.6362986636460483,0.6685876640567169,0.2379273215474259,0.0530599246884072,p1,body_of_pancreas,fold_a,314159,1hop,1hop,0.5508523987967386,55951,0.4563346072793514,0.2079317875964793
coordinate_plus_frozen_pangenomefm,C+T: coordinate and frozen topology embedding; no nucleotide input,0.9834095527660665,0.3857350994139265,115604,55951,55994,all_test_chromosomes,all,55994,0.4563346072793514,0.3857350994139265,0.5270329084025107,0.4739543849877552,0.4575311640532914,0.4567978645264157,0.9978866624921728,0.626709761462929,0.6920428394618732,0.2494315077075075,0.0391466767966539,p1,body_of_pancreas,fold_a,314159,1hop,1hop,0.5009307170945853,55951,0.4563346072793514,0.0324092317523278
coordinate_plus_frozen_sequence_fm_plus_frozen_pangenomefm,"C+S-FM+T: coordinate, frozen sequence-model, and topology embeddings",1.317887588975505,0.4071090519576691,115604,55951,55994,all_test_chromosomes,all,55994,0.4563346072793514,0.4071090519576691,0.6334479839856423,0.5696689790581144,0.5402185948494481,0.4978614958448753,0.8792266750156543,0.6357372271035839,0.6678642003456763,0.2375634658189952,0.0508534605098756,p1,body_of_pancreas,fold_a,314159,1hop,1hop,0.5674465941926705,55951,0.4563346072793514,0.2084634653892667
coordinate,"reference coordinate, node length, and constant orientation",0.183626088696136,0.4046118393385746,115604,55951,55994,all_test_chromosomes,all,55994,0.4563346072793514,0.4046118393385746,0.5179000587339024,0.4687199768034303,0.4563346072793514,0.4563346072793514,1.0,0.6266892306183013,0.6926791462648509,0.2497659783994842,0.0432266812660032,p1,body_of_pancreas,fold_a,314159,strict,strict,0.5,55951,0.4563346072793514,0.0227812358298166
sequence_kmer,mono/di/tri-nucleotide composition; no graph adjacency,1.1325520480526683,0.3847132776851334,115604,55951,55994,all_test_chromosomes,all,55994,0.4563346072793514,0.3847132776851334,0.6190794061678291,0.5539574676296345,0.4887666535700253,0.4704502633906256,0.9576549780839072,0.6309465487455844,0.6750842023412889,0.2409467406582125,0.0535677179313503,p1,body_of_pancreas,fold_a,314159,strict,strict,0.5264262013473212,55951,0.4563346072793514,0.1795642350191759
frozen_sequence_fm,S-FM: frozen pretrained sequence-model embedding only; no graph adjacency,1.3612665138576037,0.4097840268473067,115604,55951,55994,all_test_chromosomes,all,55994,0.4563346072793514,0.4097840268473067,0.6309023365495805,0.5684073281558835,0.5371646962174519,0.4960017574692443,0.883609893550407,0.635355695632598,0.6690295753954552,0.2381477129306169,0.0524680718366293,p1,body_of_pancreas,fold_a,314159,strict,strict,0.5649900200292604,55951,0.4563346072793514,0.2061428267774961
frozen_pangenomefm,frozen topology-pretrained node embedding; current encoder has no nucleotide input,2.0064234982726723,0.4232486262842446,115604,55951,55994,all_test_chromosomes,all,55994,0.4563346072793514,0.4232486262842446,0.5236696904286859,0.4727927955795658,0.4564417616173161,0.4563819526310149,0.9999608641202254,0.6267261890161643,0.6922763365148167,0.2495648213858599,0.0431432143418822,p1,body_of_pancreas,fold_a,314159,strict,strict,0.5000954047951498,55951,0.4563346072793514,0.030272642917095
coordinate_plus_frozen_sequence_fm,C+S-FM: coordinate and frozen sequence-model embedding,1.352357589129821,0.3838270102423907,115604,55951,55994,all_test_chromosomes,all,55994,0.4563346072793514,0.3838270102423907,0.6328579664380816,0.5693799242420978,0.5183233917919777,0.4854027363439975,0.923332811521603,0.6362986636460483,0.6685876640567169,0.2379273215474259,0.0530599246884072,p1,body_of_pancreas,fold_a,314159,strict,strict,0.5508523987967386,55951,0.4563346072793514,0.2079317875964793
coordinate_plus_frozen_pangenomefm,C+T: coordinate and frozen topology embedding; no nucleotide input,2.222918954608601,0.4056796847358142,115604,55951,55994,all_test_chromosomes,all,55994,0.4563346072793514,0.4056796847358142,0.5254852895373228,0.4759900070677222,0.4563346072793514,0.4563346072793514,1.0,0.6266892306183013,0.6921792671967798,0.2495164096775147,0.0433694886875345,p1,body_of_pancreas,fold_a,314159,strict,strict,0.5,55951,0.4563346072793514,0.0361534871476918
coordinate_plus_frozen_sequence_fm_plus_frozen_pangenomefm,"C+S-FM+T: coordinate, frozen sequence-model, and topology embeddings",1.3563683972130711,0.4009970390432465,115604,55951,55994,all_test_chromosomes,all,55994,0.4563346072793514,0.4009970390432465,0.6321375246694114,0.5674916459510323,0.5317891202628853,0.4928388361224182,0.8955463368816531,0.6357890057374658,0.6688321909082181,0.2380342493834642,0.0525802782773488,p1,body_of_pancreas,fold_a,314159,strict,strict,0.5610048877759557,55951,0.4563346072793514,0.2044585514546383
coordinate,"reference coordinate, node length, and constant orientation",0.183626088696136,0.4046118393385746,115604,55951,55994,all_test_chromosomes,all,55994,0.4563346072793514,0.4046118393385746,0.5179000587339024,0.4687199768034303,0.4563346072793514,0.4563346072793514,1.0,0.6266892306183013,0.6926791462648509,0.2497659783994842,0.0432266812660032,p1,body_of_pancreas,fold_a,42,1hop,1hop,0.5,55951,0.4563346072793514,0.0227812358298166
sequence_kmer,mono/di/tri-nucleotide composition; no graph adjacency,1.1325520480526683,0.3847132776851334,115604,55951,55994,all_test_chromosomes,all,55994,0.4563346072793514,0.3847132776851334,0.6190794061678291,0.5539574676296345,0.4887666535700253,0.4704502633906256,0.9576549780839072,0.6309465487455844,0.6750842023412889,0.2409467406582125,0.0535677179313503,p1,body_of_pancreas,fold_a,42,1hop,1hop,0.5264262013473212,55951,0.4563346072793514,0.1795642350191759
frozen_sequence_fm,S-FM: frozen pretrained sequence-model embedding only; no graph adjacency,1.3612665138576037,0.4097840268473067,115604,55951,55994,all_test_chromosomes,all,55994,0.4563346072793514,0.4097840268473067,0.6309023365495805,0.5684073281558835,0.5371646962174519,0.4960017574692443,0.883609893550407,0.635355695632598,0.6690295753954552,0.2381477129306169,0.0524680718366293,p1,body_of_pancreas,fold_a,42,1hop,1hop,0.5649900200292604,55951,0.4563346072793514,0.2061428267774961
frozen_pangenomefm,frozen topology-pretrained node embedding; current encoder has no nucleotide input,1.462511078242826,0.3759691093071436,115604,55951,55994,all_test_chromosomes,all,55994,0.4563346072793514,0.3759691093071436,0.5415627671323979,0.4889398010760394,0.4564060435046612,0.4563609731699475,0.9998434564809016,0.6266833468246376,0.6901925782783557,0.2485258014684273,0.0409069946285686,p1,body_of_pancreas,fold_a,42,1hop,1hop,0.5000531256519218,55951,0.4563346072793514,0.0599729065584308
coordinate_plus_frozen_sequence_fm,C+S-FM: coordinate and frozen sequence-model embedding,1.352357589129821,0.3838270102423907,115604,55951,55994,all_test_chromosomes,all,55994,0.4563346072793514,0.3838270102423907,0.6328579664380816,0.5693799242420978,0.5183233917919777,0.4854027363439975,0.923332811521603,0.6362986636460483,0.6685876640567169,0.2379273215474259,0.0530599246884072,p1,body_of_pancreas,fold_a,42,1hop,1hop,0.5508523987967386,55951,0.4563346072793514,0.2079317875964793
coordinate_plus_frozen_pangenomefm,C+T: coordinate and frozen topology embedding; no nucleotide input,1.5356367422198618,0.3769561306080932,115604,55951,55994,all_test_chromosomes,all,55994,0.4563346072793514,0.3769561306080932,0.5429577635228773,0.4904559510936954,0.4563703253920063,0.4563446699056873,0.9998434564809016,0.6266679748822606,0.690056752628522,0.2484582492471144,0.0411428220509641,p1,body_of_pancreas,fold_a,42,1hop,1hop,0.5000202762990541,55951,0.4563346072793514,0.062761662359253
coordinate_plus_frozen_sequence_fm_plus_frozen_pangenomefm,"C+S-FM+T: coordinate, frozen sequence-model, and topology embeddings",1.3499727225727227,0.3709099084021894,115604,55951,55994,all_test_chromosomes,all,55994,0.4563346072793514,0.3709099084021894,0.6354176788532075,0.5714929963663686,0.5107511519091331,0.4813215769737509,0.9293206011271132,0.6341821677994846,0.6673399752729512,0.2373156911286397,0.051608131002506,p1,body_of_pancreas,fold_a,42,1hop,1hop,0.5443692552971484,55951,0.4563346072793514,0.211818502021498
coordinate,"reference coordinate, node length, and constant orientation",0.183626088696136,0.4046118393385746,115604,55951,55994,all_test_chromosomes,all,55994,0.4563346072793514,0.4046118393385746,0.5179000587339024,0.4687199768034303,0.4563346072793514,0.4563346072793514,1.0,0.6266892306183013,0.6926791462648509,0.2497659783994842,0.0432266812660032,p1,body_of_pancreas,fold_a,42,strict,strict,0.5,55951,0.4563346072793514,0.0227812358298166
sequence_kmer,mono/di/tri-nucleotide composition; no graph adjacency,1.1325520480526683,0.3847132776851334,115604,55951,55994,all_test_chromosomes,all,55994,0.4563346072793514,0.3847132776851334,0.6190794061678291,0.5539574676296345,0.4887666535700253,0.4704502633906256,0.9576549780839072,0.6309465487455844,0.6750842023412889,0.2409467406582125,0.0535677179313503,p1,body_of_pancreas,fold_a,42,strict,strict,0.5264262013473212,55951,0.4563346072793514,0.1795642350191759
frozen_sequence_fm,S-FM: frozen pretrained sequence-model embedding only; no graph adjacency,1.3612665138576037,0.4097840268473067,115604,55951,55994,all_test_chromosomes,all,55994,0.4563346072793514,0.4097840268473067,0.6309023365495805,0.5684073281558835,0.5371646962174519,0.4960017574692443,0.883609893550407,0.635355695632598,0.6690295753954552,0.2381477129306169,0.0524680718366293,p1,body_of_pancreas,fold_a,42,strict,strict,0.5649900200292604,55951,0.4563346072793514,0.2061428267774961
frozen_pangenomefm,frozen topology-pretrained node embedding; current encoder has no nucleotide input,1.2755748922235397,0.3912152927319396,115604,55951,55994,all_test_chromosomes,all,55994,0.4563346072793514,0.3912152927319396,0.5220851706790255,0.4709930301374826,0.4565667750116083,0.4564296817767613,0.999726048841578,0.6267250579619476,0.6925023475491321,0.2496775738514801,0.0432957787337655,p1,body_of_pancreas,fold_a,42,strict,strict,0.5001915179494665,55951,0.4563346072793514,0.02696221435905
coordinate_plus_frozen_sequence_fm,C+S-FM: coordinate and frozen sequence-model embedding,1.352357589129821,0.3838270102423907,115604,55951,55994,all_test_chromosomes,all,55994,0.4563346072793514,0.3838270102423907,0.6328579664380816,0.5693799242420978,0.5183233917919777,0.4854027363439975,0.923332811521603,0.6362986636460483,0.6685876640567169,0.2379273215474259,0.0530599246884072,p1,body_of_pancreas,fold_a,42,strict,strict,0.5508523987967386,55951,0.4563346072793514,0.2079317875964793
coordinate_plus_frozen_pangenomefm,C+T: coordinate and frozen topology embedding; no nucleotide input,1.302518198509081,0.3919743105032184,115604,55951,55994,all_test_chromosomes,all,55994,0.4563346072793514,0.3919743105032184,0.5249947713837254,0.4738707738392487,0.4564953387862985,0.4563736794122379,0.9991390106449592,0.6265568821862001,0.6923454354078795,0.2495989180028998,0.0435126565591589,p1,body_of_pancreas,fold_a,42,strict,strict,0.5000786702919298,55951,0.4563346072793514,0.0322554401929863
coordinate_plus_frozen_sequence_fm_plus_frozen_pangenomefm,"C+S-FM+T: coordinate, frozen sequence-model, and topology embeddings",1.3551603821544358,0.382246646543279,115604,55951,55994,all_test_chromosomes,all,55994,0.4563346072793514,0.382246646543279,0.6321535578842006,0.5689704313389983,0.5181269421723756,0.4852516501650165,0.9206715716969316,0.6355359844391615,0.6686831844869998,0.2379718441192291,0.0528325334486756,p1,body_of_pancreas,fold_a,42,strict,strict,0.5504579854411339,55951,0.4563346072793514,0.2071785800011782
coordinate,"reference coordinate, node length, and constant orientation",0.4288097663549577,0.456686999614025,129945,41653,55951,all_test_chromosomes,all,55951,0.4395631892191382,0.456686999614025,0.5286504288652079,0.4534558550235563,0.4395274436560561,0.4395323477359266,0.9997153777344068,0.6106068319819205,0.69245733085532,0.2496545403165986,0.0601638760606774,p1,body_of_pancreas,fold_b,20260806,1hop,1hop,0.499937415881905,41653,0.4395631892191382,0.0247889958995758
sequence_kmer,mono/di/tri-nucleotide composition; no graph adjacency,0.9017056023982296,0.3321877306841854,129945,41653,55951,all_test_chromosomes,all,55951,0.4395631892191382,0.3321877306841854,0.6182066336667755,0.5493648309476593,0.4661936337152151,0.4496649420569312,0.9576726030739204,0.6119808244449353,0.6736921170779395,0.2402307233187749,0.0632484622529807,p1,body_of_pancreas,fold_b,20260806,1hop,1hop,0.5191941163789413,41653,0.4395631892191382,0.1959215376583374
frozen_sequence_fm,S-FM: frozen pretrained sequence-model embedding only; no graph adjacency,1.1988778185019997,0.3241027225843199,129945,41653,55951,all_test_chromosomes,all,55951,0.4395631892191382,0.3241027225843199,0.6296183917174321,0.5548934251890686,0.4832621400868617,0.4576301122537091,0.9481580873383753,0.617313037723362,0.6678890618282323,0.2375862757969095,0.0582562338560201,p1,body_of_pancreas,fold_b,20260806,1hop,1hop,0.5333959426072238,41653,0.4395631892191382,0.2057863326451375
frozen_pangenomefm,frozen topology-pretrained node embedding; current encoder has no nucleotide input,3.1199553144057663,0.4533040960867862,129945,41653,55951,all_test_chromosomes,all,55951,0.4395631892191382,0.4533040960867862,0.5309253750759579,0.4629156960435191,0.439974263194581,0.4396900390135653,0.9989834919085956,0.6106223282632468,0.691750505531838,0.2493017132962105,0.0592861206964762,p1,body_of_pancreas,fold_b,20260806,1hop,1hop,0.5002571252954338,41653,0.4395631892191382,0.0416684028871045
coordinate_plus_frozen_sequence_fm,C+S-FM: coordinate and frozen sequence-model embedding,1.1918171767162216,0.3380844717499673,129945,41653,55951,all_test_chromosomes,all,55951,0.4395631892191382,0.3380844717499673,0.6305221603509814,0.5551725248535778,0.4936640989437186,0.462341746633336,0.9325038627307474,0.618183778538505,0.667707413126881,0.2374996532277935,0.0588291675219977,p1,body_of_pancreas,fold_b,20260806,1hop,1hop,0.5409880349467112,41653,0.4395631892191382,0.206284336450634
coordinate_plus_frozen_pangenomefm,C+T: coordinate and frozen topology embedding; no nucleotide input,3.2132816901496706,0.4415788146811447,129945,41653,55951,all_test_chromosomes,all,55951,0.4395631892191382,0.4415788146811447,0.5309058961914357,0.4612261532761848,0.4394738253114332,0.4395066142295316,0.9996747174107504,0.6105744157747038,0.6919274247554272,0.2493900404521153,0.0597465644619205,p1,body_of_pancreas,fold_b,20260806,1hop,1hop,0.4998851949141962,41653,0.4395631892191382,0.0386537137467173
coordinate_plus_frozen_sequence_fm_plus_frozen_pangenomefm,"C+S-FM+T: coordinate, frozen sequence-model, and topology embeddings",1.2171524546876322,0.3493146713373102,129945,41653,55951,all_test_chromosomes,all,55951,0.4395631892191382,0.3493146713373102,0.6315980678886403,0.5570106820634286,0.4998480813569015,0.4651593011305241,0.9201431243392696,0.6179345748457211,0.6667913813339567,0.2370659919573711,0.0566837515602426,p1,body_of_pancreas,fold_b,20260806,1hop,1hop,0.5451721776621884,41653,0.4395631892191382,0.2095642016816307
coordinate,"reference coordinate, node length, and constant orientation",0.4288097663549577,0.456686999614025,129945,41653,55951,all_test_chromosomes,all,55951,0.4395631892191382,0.456686999614025,0.5286504288652079,0.4534558550235563,0.4395274436560561,0.4395323477359266,0.9997153777344068,0.6106068319819205,0.69245733085532,0.2496545403165986,0.0601638760606774,p1,body_of_pancreas,fold_b,20260806,strict,strict,0.499937415881905,41653,0.4395631892191382,0.0247889958995758
sequence_kmer,mono/di/tri-nucleotide composition; no graph adjacency,0.9017056023982296,0.3321877306841854,129945,41653,55951,all_test_chromosomes,all,55951,0.4395631892191382,0.3321877306841854,0.6182066336667755,0.5493648309476593,0.4661936337152151,0.4496649420569312,0.9576726030739204,0.6119808244449353,0.6736921170779395,0.2402307233187749,0.0632484622529807,p1,body_of_pancreas,fold_b,20260806,strict,strict,0.5191941163789413,41653,0.4395631892191382,0.1959215376583374
frozen_sequence_fm,S-FM: frozen pretrained sequence-model embedding only; no graph adjacency,1.1988778185019997,0.3241027225843199,129945,41653,55951,all_test_chromosomes,all,55951,0.4395631892191382,0.3241027225843199,0.6296183917174321,0.5548934251890686,0.4832621400868617,0.4576301122537091,0.9481580873383753,0.617313037723362,0.6678890618282323,0.2375862757969095,0.0582562338560201,p1,body_of_pancreas,fold_b,20260806,strict,strict,0.5333959426072238,41653,0.4395631892191382,0.2057863326451375
frozen_pangenomefm,frozen topology-pretrained node embedding; current encoder has no nucleotide input,1.490030571457845,0.348087076819515,129945,41653,55951,all_test_chromosomes,all,55951,0.4395631892191382,0.348087076819515,0.5377500464351348,0.4710332825674908,0.4395631892191382,0.4395631892191382,1.0,0.6106896765783103,0.6915370972516802,0.2491958620761468,0.0614887137489048,p1,body_of_pancreas,fold_b,20260806,strict,strict,0.5,41653,0.4395631892191382,0.0561527950037846
coordinate_plus_frozen_sequence_fm,C+S-FM: coordinate and frozen sequence-model embedding,1.1918171767162216,0.3380844717499673,129945,41653,55951,all_test_chromosomes,all,55951,0.4395631892191382,0.3380844717499673,0.6305221603509814,0.5551725248535778,0.4936640989437186,0.462341746633336,0.9325038627307474,0.618183778538505,0.667707413126881,0.2374996532277935,0.0588291675219977,p1,body_of_pancreas,fold_b,20260806,strict,strict,0.5409880349467112,41653,0.4395631892191382,0.206284336450634
coordinate_plus_frozen_pangenomefm,C+T: coordinate and frozen topology embedding; no nucleotide input,1.5205678960583249,0.3151151447262545,129945,41653,55951,all_test_chromosomes,all,55951,0.4395631892191382,0.3151151447262545,0.5432653080685432,0.4733883782613987,0.4395631892191382,0.4395631892191382,1.0,0.6106896765783103,0.6911255640553807,0.2489899623562009,0.0615448227317343,p1,body_of_pancreas,fold_b,20260806,strict,strict,0.5,41653,0.4395631892191382,0.0603550451925731
coordinate_plus_frozen_sequence_fm_plus_frozen_pangenomefm,"C+S-FM+T: coordinate, frozen sequence-model, and topology embeddings",1.2005065662291194,0.344927957935241,129945,41653,55951,all_test_chromosomes,all,55951,0.4395631892191382,0.344927957935241,0.6320104653866512,0.556162285723951,0.4981144215474254,0.4644016579210649,0.92481906155973,0.6183142814424162,0.6669920892612682,0.2371484860506242,0.0579159805532852,p1,body_of_pancreas,fold_b,20260806,strict,strict,0.5441297208490681,41653,0.4395631892191382,0.2080503890212961
coordinate,"reference coordinate, node length, and constant orientation",0.4288097663549577,0.456686999614025,129945,41653,55951,all_test_chromosomes,all,55951,0.4395631892191382,0.456686999614025,0.5286504288652079,0.4534558550235563,0.4395274436560561,0.4395323477359266,0.9997153777344068,0.6106068319819205,0.69245733085532,0.2496545403165986,0.0601638760606774,p1,body_of_pancreas,fold_b,314159,1hop,1hop,0.499937415881905,41653,0.4395631892191382,0.0247889958995758
sequence_kmer,mono/di/tri-nucleotide composition; no graph adjacency,0.9017056023982296,0.3321877306841854,129945,41653,55951,all_test_chromosomes,all,55951,0.4395631892191382,0.3321877306841854,0.6182066336667755,0.5493648309476593,0.4661936337152151,0.4496649420569312,0.9576726030739204,0.6119808244449353,0.6736921170779395,0.2402307233187749,0.0632484622529807,p1,body_of_pancreas,fold_b,314159,1hop,1hop,0.5191941163789413,41653,0.4395631892191382,0.1959215376583374
frozen_sequence_fm,S-FM: frozen pretrained sequence-model embedding only; no graph adjacency,1.1988778185019997,0.3241027225843199,129945,41653,55951,all_test_chromosomes,all,55951,0.4395631892191382,0.3241027225843199,0.6296183917174321,0.5548934251890686,0.4832621400868617,0.4576301122537091,0.9481580873383753,0.617313037723362,0.6678890618282323,0.2375862757969095,0.0582562338560201,p1,body_of_pancreas,fold_b,314159,1hop,1hop,0.5333959426072238,41653,0.4395631892191382,0.2057863326451375
frozen_pangenomefm,frozen topology-pretrained node embedding; current encoder has no nucleotide input,2.736521694719482,0.4351790762900234,129945,41653,55951,all_test_chromosomes,all,55951,0.4395631892191382,0.4351790762900234,0.5217492482287772,0.4546384284384998,0.4396525531268431,0.4396024738140349,1.0,0.6107275887757636,0.6920250912467594,0.2494389179475653,0.058331082415766,p1,body_of_pancreas,fold_b,314159,1hop,1hop,0.5000797270147017,41653,0.4395631892191382,0.0268990882279076
coordinate_plus_frozen_sequence_fm,C+S-FM: coordinate and frozen sequence-model embedding,1.1918171767162216,0.3380844717499673,129945,41653,55951,all_test_chromosomes,all,55951,0.4395631892191382,0.3380844717499673,0.6305221603509814,0.5551725248535778,0.4936640989437186,0.462341746633336,0.9325038627307474,0.618183778538505,0.667707413126881,0.2374996532277935,0.0588291675219977,p1,body_of_pancreas,fold_b,314159,1hop,1hop,0.5409880349467112,41653,0.4395631892191382,0.206284336450634
coordinate_plus_frozen_pangenomefm,C+T: coordinate and frozen topology embedding; no nucleotide input,2.452823130081099,0.4306705306877886,129945,41653,55951,all_test_chromosomes,all,55951,0.4395631892191382,0.4306705306877886,0.5196791162257632,0.4533661916853986,0.4396525531268431,0.4396024738140349,1.0,0.6107275887757636,0.6921460053323945,0.2494991589032358,0.0583848699502716,p1,body_of_pancreas,fold_b,314159,1hop,1hop,0.5000797270147017,41653,0.4395631892191382,0.0246290075896846
coordinate_plus_frozen_sequence_fm_plus_frozen_pangenomefm,"C+S-FM+T: coordinate, frozen sequence-model, and topology embeddings",1.2167737318219964,0.3433466099739178,129945,41653,55951,all_test_chromosomes,all,55951,0.4395631892191382,0.3433466099739178,0.6313132498227833,0.5549069316085771,0.4960947972332934,0.4634695782765758,0.9285598113360982,0.6183191639140088,0.6671467472810412,0.2372251982709242,0.0578523176913794,p1,body_of_pancreas,fold_b,314159,1hop,1hop,0.542731288134484,41653,0.4395631892191382,0.2058104324530885
coordinate,"reference coordinate, node length, and constant orientation",0.4288097663549577,0.456686999614025,129945,41653,55951,all_test_chromosomes,all,55951,0.4395631892191382,0.456686999614025,0.5286504288652079,0.4534558550235563,0.4395274436560561,0.4395323477359266,0.9997153777344068,0.6106068319819205,0.69245733085532,0.2496545403165986,0.0601638760606774,p1,body_of_pancreas,fold_b,314159,strict,strict,0.499937415881905,41653,0.4395631892191382,0.0247889958995758
sequence_kmer,mono/di/tri-nucleotide composition; no graph adjacency,0.9017056023982296,0.3321877306841854,129945,41653,55951,all_test_chromosomes,all,55951,0.4395631892191382,0.3321877306841854,0.6182066336667755,0.5493648309476593,0.4661936337152151,0.4496649420569312,0.9576726030739204,0.6119808244449353,0.6736921170779395,0.2402307233187749,0.0632484622529807,p1,body_of_pancreas,fold_b,314159,strict,strict,0.5191941163789413,41653,0.4395631892191382,0.1959215376583374
frozen_sequence_fm,S-FM: frozen pretrained sequence-model embedding only; no graph adjacency,1.1988778185019997,0.3241027225843199,129945,41653,55951,all_test_chromosomes,all,55951,0.4395631892191382,0.3241027225843199,0.6296183917174321,0.5548934251890686,0.4832621400868617,0.4576301122537091,0.9481580873383753,0.617313037723362,0.6678890618282323,0.2375862757969095,0.0582562338560201,p1,body_of_pancreas,fold_b,314159,strict,strict,0.5333959426072238,41653,0.4395631892191382,0.2057863326451375
frozen_pangenomefm,frozen topology-pretrained node embedding; current encoder has no nucleotide input,1.3796545225795067,0.3514122858063531,129945,41653,55951,all_test_chromosomes,all,55951,0.4395631892191382,0.3514122858063531,0.5171475653408109,0.4474582401552978,0.4395631892191382,0.4395631892191382,1.0,0.6106896765783103,0.6933108668665464,0.2500784121359262,0.0614802425055743,p1,body_of_pancreas,fold_b,314159,strict,strict,0.5,41653,0.4395631892191382,0.014087316864785
coordinate_plus_frozen_sequence_fm,C+S-FM: coordinate and frozen sequence-model embedding,1.1918171767162216,0.3380844717499673,129945,41653,55951,all_test_chromosomes,all,55951,0.4395631892191382,0.3380844717499673,0.6305221603509814,0.5551725248535778,0.4936640989437186,0.462341746633336,0.9325038627307474,0.618183778538505,0.667707413126881,0.2374996532277935,0.0588291675219977,p1,body_of_pancreas,fold_b,314159,strict,strict,0.5409880349467112,41653,0.4395631892191382,0.206284336450634
coordinate_plus_frozen_pangenomefm,C+T: coordinate and frozen topology embedding; no nucleotide input,1.5212622932984627,0.3485825071130264,129945,41653,55951,all_test_chromosomes,all,55951,0.4395631892191382,0.3485825071130264,0.5166249582280884,0.4460049628976551,0.4395631892191382,0.4395631892191382,1.0,0.6106896765783103,0.6934189744108293,0.2501322813924579,0.0616915087151375,p1,body_of_pancreas,fold_b,314159,strict,strict,0.5,41653,0.4395631892191382,0.0114942015845489
coordinate_plus_frozen_sequence_fm_plus_frozen_pangenomefm,"C+S-FM+T: coordinate, frozen sequence-model, and topology embeddings",1.2088330274672898,0.3460562767579308,129945,41653,55951,all_test_chromosomes,all,55951,0.4395631892191382,0.3460562767579308,0.6295530132313338,0.5538418834905648,0.4971492913442119,0.4638680843248097,0.9242091567048872,0.6177050071336367,0.667535354468495,0.2374310832800668,0.0570569384051959,p1,body_of_pancreas,fold_b,314159,strict,strict,0.5432028977069737,41653,0.4395631892191382,0.2039100431540196
coordinate,"reference coordinate, node length, and constant orientation",0.4288097663549577,0.456686999614025,129945,41653,55951,all_test_chromosomes,all,55951,0.4395631892191382,0.456686999614025,0.5286504288652079,0.4534558550235563,0.4395274436560561,0.4395323477359266,0.9997153777344068,0.6106068319819205,0.69245733085532,0.2496545403165986,0.0601638760606774,p1,body_of_pancreas,fold_b,42,1hop,1hop,0.499937415881905,41653,0.4395631892191382,0.0247889958995758
sequence_kmer,mono/di/tri-nucleotide composition; no graph adjacency,0.9017056023982296,0.3321877306841854,129945,41653,55951,all_test_chromosomes,all,55951,0.4395631892191382,0.3321877306841854,0.6182066336667755,0.5493648309476593,0.4661936337152151,0.4496649420569312,0.9576726030739204,0.6119808244449353,0.6736921170779395,0.2402307233187749,0.0632484622529807,p1,body_of_pancreas,fold_b,42,1hop,1hop,0.5191941163789413,41653,0.4395631892191382,0.1959215376583374
frozen_sequence_fm,S-FM: frozen pretrained sequence-model embedding only; no graph adjacency,1.1988778185019997,0.3241027225843199,129945,41653,55951,all_test_chromosomes,all,55951,0.4395631892191382,0.3241027225843199,0.6296183917174321,0.5548934251890686,0.4832621400868617,0.4576301122537091,0.9481580873383753,0.617313037723362,0.6678890618282323,0.2375862757969095,0.0582562338560201,p1,body_of_pancreas,fold_b,42,1hop,1hop,0.5333959426072238,41653,0.4395631892191382,0.2057863326451375
frozen_pangenomefm,frozen topology-pretrained node embedding; current encoder has no nucleotide input,1.930407195469316,0.4050571866869981,129945,41653,55951,all_test_chromosomes,all,55951,0.4395631892191382,0.4050571866869981,0.5207142123753241,0.4545107354923147,0.4395631892191382,0.4395610287940803,0.999959339676344,0.6106800094359535,0.6919960727164031,0.2494246384029373,0.057897591802103,p1,body_of_pancreas,fold_b,42,1hop,1hop,0.4999956152411122,41653,0.4395631892191382,0.026671242833514
coordinate_plus_frozen_sequence_fm,C+S-FM: coordinate and frozen sequence-model embedding,1.1918171767162216,0.3380844717499673,129945,41653,55951,all_test_chromosomes,all,55951,0.4395631892191382,0.3380844717499673,0.6305221603509814,0.5551725248535778,0.4936640989437186,0.462341746633336,0.9325038627307474,0.618183778538505,0.667707413126881,0.2374996532277935,0.0588291675219977,p1,body_of_pancreas,fold_b,42,1hop,1hop,0.5409880349467112,41653,0.4395631892191382,0.206284336450634
coordinate_plus_frozen_pangenomefm,C+T: coordinate and frozen topology embedding; no nucleotide input,1.751156134409005,0.3666243846286503,129945,41653,55951,all_test_chromosomes,all,55951,0.4395631892191382,0.3666243846286503,0.5226716334476738,0.4531772497979661,0.4395453164375972,0.4395510116536784,0.9999186793526876,0.6106627598023392,0.6923011076761061,0.249574792973252,0.0582172685367628,p1,body_of_pancreas,fold_b,42,1hop,1hop,0.4999752850792841,41653,0.4395631892191382,0.0242918743325574
coordinate_plus_frozen_sequence_fm_plus_frozen_pangenomefm,"C+S-FM+T: coordinate, frozen sequence-model, and topology embeddings",1.2095488125317555,0.3464410145727313,129945,41653,55951,all_test_chromosomes,all,55951,0.4395631892191382,0.3464410145727313,0.6297589646366285,0.5540250596916423,0.4994906257260817,0.4650600434444034,0.922745385053265,0.618432526705908,0.6675110346946017,0.2373956735337139,0.0564378778802584,p1,body_of_pancreas,fold_b,42,1hop,1hop,0.545133894172198,41653,0.4395631892191382,0.2042368885673718
coordinate,"reference coordinate, node length, and constant orientation",0.4288097663549577,0.456686999614025,129945,41653,55951,all_test_chromosomes,all,55951,0.4395631892191382,0.456686999614025,0.5286504288652079,0.4534558550235563,0.4395274436560561,0.4395323477359266,0.9997153777344068,0.6106068319819205,0.69245733085532,0.2496545403165986,0.0601638760606774,p1,body_of_pancreas,fold_b,42,strict,strict,0.499937415881905,41653,0.4395631892191382,0.0247889958995758
sequence_kmer,mono/di/tri-nucleotide composition; no graph adjacency,0.9017056023982296,0.3321877306841854,129945,41653,55951,all_test_chromosomes,all,55951,0.4395631892191382,0.3321877306841854,0.6182066336667755,0.5493648309476593,0.4661936337152151,0.4496649420569312,0.9576726030739204,0.6119808244449353,0.6736921170779395,0.2402307233187749,0.0632484622529807,p1,body_of_pancreas,fold_b,42,strict,strict,0.5191941163789413,41653,0.4395631892191382,0.1959215376583374
frozen_sequence_fm,S-FM: frozen pretrained sequence-model embedding only; no graph adjacency,1.1988778185019997,0.3241027225843199,129945,41653,55951,all_test_chromosomes,all,55951,0.4395631892191382,0.3241027225843199,0.6296183917174321,0.5548934251890686,0.4832621400868617,0.4576301122537091,0.9481580873383753,0.617313037723362,0.6678890618282323,0.2375862757969095,0.0582562338560201,p1,body_of_pancreas,fold_b,42,strict,strict,0.5333959426072238,41653,0.4395631892191382,0.2057863326451375
frozen_pangenomefm,frozen topology-pretrained node embedding; current encoder has no nucleotide input,1.2602091023871074,0.3901528699459478,129945,41653,55951,all_test_chromosomes,all,55951,0.4395631892191382,0.3901528699459478,0.5346173906853416,0.4704049928447109,0.4396346803453021,0.4395665313567354,0.9994714157924696,0.6105942991989071,0.6916732483820456,0.2492651253959922,0.0616907070614184,p1,body_of_pancreas,fold_b,42,strict,strict,0.5000067797462205,41653,0.4395631892191382,0.055031723527583
coordinate_plus_frozen_sequence_fm,C+S-FM: coordinate and frozen sequence-model embedding,1.1918171767162216,0.3380844717499673,129945,41653,55951,all_test_chromosomes,all,55951,0.4395631892191382,0.3380844717499673,0.6305221603509814,0.5551725248535778,0.4936640989437186,0.462341746633336,0.9325038627307474,0.618183778538505,0.667707413126881,0.2374996532277935,0.0588291675219977,p1,body_of_pancreas,fold_b,42,strict,strict,0.5409880349467112,41653,0.4395631892191382,0.206284336450634
coordinate_plus_frozen_pangenomefm,C+T: coordinate and frozen topology embedding; no nucleotide input,1.3045535078386503,0.4188350505855671,129945,41653,55951,all_test_chromosomes,all,55951,0.4395631892191382,0.4188350505855671,0.5373289163750274,0.4671827913215459,0.4408679022716305,0.439982775325654,0.9970724566967551,0.6105467582910069,0.6916686970938315,0.2492616917615555,0.062130382977088,p1,body_of_pancreas,fold_b,42,strict,strict,0.5008483117747258,41653,0.4395631892191382,0.0492822769152603
coordinate_plus_frozen_sequence_fm_plus_frozen_pangenomefm,"C+S-FM+T: coordinate, frozen sequence-model, and topology embeddings",1.203489225268089,0.3391695205967702,129945,41653,55951,all_test_chromosomes,all,55951,0.4395631892191382,0.3391695205967702,0.631735195501208,0.556880988342874,0.4935568622544726,0.4622371129859121,0.9312027323737496,0.6178041543026707,0.6670251197898887,0.2371677079805643,0.0577677970407042,p1,body_of_pancreas,fold_b,42,strict,strict,0.540752050244661,41653,0.4395631892191382,0.2093327862605525
coordinate,"reference coordinate, node length, and constant orientation",0.9078530139236564,0.4785045150198469,150220,35676,41653,all_test_chromosomes,all,41653,0.4136556790627326,0.4785045150198469,0.517795184120541,0.4221995113106899,0.413751710561064,0.4136871173009965,0.999883923389437,0.58523991507431,0.6928872988366555,0.2498697826177671,0.0861294119160296,p1,body_of_pancreas,fold_c,20260806,1hop,1hop,0.5000647967272698,35676,0.4136556790627326,0.014571356697546
sequence_kmer,mono/di/tri-nucleotide composition; no graph adjacency,1.0309449581649484,0.361675986586754,150220,35676,41653,all_test_chromosomes,all,41653,0.4136556790627326,0.361675986586754,0.5977211534972374,0.4981797692676252,0.4646964204258997,0.4310893512851897,0.919849100406268,0.5870543568848967,0.6697249960482077,0.238421517022928,0.0515884280568574,p1,body_of_pancreas,fold_c,20260806,1hop,1hop,0.5317216267293593,35676,0.4136556790627326,0.1441543597962737
frozen_sequence_fm,S-FM: frozen pretrained sequence-model embedding only; no graph adjacency,1.070097941794666,0.3802311890511792,150220,35676,41653,all_test_chromosomes,all,41653,0.4136556790627326,0.3802311890511792,0.6164160394748877,0.5152863963881605,0.5345593354620315,0.4629139300574258,0.7813116656993616,0.5813737556951912,0.6619196493035533,0.2347526579552368,0.0380948947136247,p1,body_of_pancreas,fold_c,20260806,1hop,1hop,0.5708957706132644,35676,0.4136556790627326,0.173329413616511
frozen_pangenomefm,frozen topology-pretrained node embedding; current encoder has no nucleotide input,1.841300544494396,0.4543851458923848,150220,35676,41653,all_test_chromosomes,all,41653,0.4136556790627326,0.4543851458923848,0.4970878247194227,0.4096639910722573,0.4221544666650661,0.4156907221578441,0.9785258270458502,0.583502050563256,0.6948552461821513,0.2508416524970936,0.0865313128540711,p1,body_of_pancreas,fold_c,20260806,1hop,1hop,0.50408500745078,35676,0.4136556790627326,-0.0068077541607199
coordinate_plus_frozen_sequence_fm,C+S-FM: coordinate and frozen sequence-model embedding,1.0688983332440622,0.3588086106462902,150220,35676,41653,all_test_chromosomes,all,41653,0.4136556790627326,0.3588086106462902,0.6178965307456277,0.5152983226018102,0.5168415240198785,0.4540811470989436,0.8307603017991875,0.5872048899554899,0.6613360448501578,0.2344791078616027,0.0374683531787597,p1,body_of_pancreas,fold_c,20260806,1hop,1hop,0.5630688050370871,35676,0.4136556790627326,0.1733497535656225
coordinate_plus_frozen_pangenomefm,C+T: coordinate and frozen topology embedding; no nucleotide input,2.240041397064922,0.4623232208625443,150220,35676,41653,all_test_chromosomes,all,41653,0.4136556790627326,0.4623232208625443,0.502560275131462,0.4131798217033988,0.4224905769092262,0.4157636197575967,0.977539175856065,0.5833982785195961,0.6941788094080218,0.2505106339680419,0.0868669450126904,p1,body_of_pancreas,fold_c,20260806,1hop,1hop,0.504226329524069,35676,0.4136556790627326,-0.0008115664164242
coordinate_plus_frozen_sequence_fm_plus_frozen_pangenomefm,"C+S-FM+T: coordinate, frozen sequence-model, and topology embeddings",1.0960204794149695,0.3852421307427823,150220,35676,41653,all_test_chromosomes,all,41653,0.4136556790627326,0.3852421307427823,0.6191279893749242,0.5151539753678125,0.5387367056394498,0.4660480087662226,0.7899013348810214,0.5862210066116771,0.6613169793739081,0.2344866712704029,0.0405849459409865,p1,body_of_pancreas,fold_c,20260806,1hop,1hop,0.5757228903451498,35676,0.4136556790627326,0.173103571878782
coordinate,"reference coordinate, node length, and constant orientation",0.9078530139236564,0.4785045150198469,150220,35676,41653,all_test_chromosomes,all,41653,0.4136556790627326,0.4785045150198469,0.517795184120541,0.4221995113106899,0.413751710561064,0.4136871173009965,0.999883923389437,0.58523991507431,0.6928872988366555,0.2498697826177671,0.0861294119160296,p1,body_of_pancreas,fold_c,20260806,strict,strict,0.5000647967272698,35676,0.4136556790627326,0.014571356697546
sequence_kmer,mono/di/tri-nucleotide composition; no graph adjacency,1.0309449581649484,0.361675986586754,150220,35676,41653,all_test_chromosomes,all,41653,0.4136556790627326,0.361675986586754,0.5977211534972374,0.4981797692676252,0.4646964204258997,0.4310893512851897,0.919849100406268,0.5870543568848967,0.6697249960482077,0.238421517022928,0.0515884280568574,p1,body_of_pancreas,fold_c,20260806,strict,strict,0.5317216267293593,35676,0.4136556790627326,0.1441543597962737
frozen_sequence_fm,S-FM: frozen pretrained sequence-model embedding only; no graph adjacency,1.070097941794666,0.3802311890511792,150220,35676,41653,all_test_chromosomes,all,41653,0.4136556790627326,0.3802311890511792,0.6164160394748877,0.5152863963881605,0.5345593354620315,0.4629139300574258,0.7813116656993616,0.5813737556951912,0.6619196493035533,0.2347526579552368,0.0380948947136247,p1,body_of_pancreas,fold_c,20260806,strict,strict,0.5708957706132644,35676,0.4136556790627326,0.173329413616511
frozen_pangenomefm,frozen topology-pretrained node embedding; current encoder has no nucleotide input,0.9192004735841448,0.341069438867069,150220,35676,41653,all_test_chromosomes,all,41653,0.4136556790627326,0.341069438867069,0.5186766698441231,0.4236628956637823,0.4136796869373154,0.4136614645858343,0.9999419616947184,0.5852241847826087,0.6925074077570187,0.2496755473175622,0.0840618851975024,p1,body_of_pancreas,fold_c,20260806,strict,strict,0.5000119258582096,35676,0.4136556790627326,0.0170671331565952
coordinate_plus_frozen_sequence_fm,C+S-FM: coordinate and frozen sequence-model embedding,1.0688983332440622,0.3588086106462902,150220,35676,41653,all_test_chromosomes,all,41653,0.4136556790627326,0.3588086106462902,0.6178965307456277,0.5152983226018102,0.5168415240198785,0.4540811470989436,0.8307603017991875,0.5872048899554899,0.6613360448501578,0.2344791078616027,0.0374683531787597,p1,body_of_pancreas,fold_c,20260806,strict,strict,0.5630688050370871,35676,0.4136556790627326,0.1733497535656225
coordinate_plus_frozen_pangenomefm,C+T: coordinate and frozen topology embedding; no nucleotide input,0.93204491582162,0.3102693421369833,150220,35676,41653,all_test_chromosomes,all,41653,0.4136556790627326,0.3102693421369833,0.5200692077620429,0.4248077221618839,0.4136556790627326,0.4136556790627326,1.0,0.5852283341541701,0.6921570269565092,0.2495013974541202,0.0829828815464276,p1,body_of_pancreas,fold_c,20260806,strict,strict,0.5,35676,0.4136556790627326,0.0190196147569483
coordinate_plus_frozen_sequence_fm_plus_frozen_pangenomefm,"C+S-FM+T: coordinate, frozen sequence-model, and topology embeddings",1.0937565102825366,0.3325015528269767,150220,35676,41653,all_test_chromosomes,all,41653,0.4136556790627326,0.3325015528269767,0.6188791884304371,0.5162738910521409,0.4923294840707752,0.4433153841699959,0.8887405687753918,0.5915552808467898,0.6610172261239728,0.2343358894305588,0.0384541870013332,p1,body_of_pancreas,fold_c,20260806,strict,strict,0.5507044775662571,35676,0.4136556790627326,0.1750135685212638
coordinate,"reference coordinate, node length, and constant orientation",0.9078530139236564,0.4785045150198469,150220,35676,41653,all_test_chromosomes,all,41653,0.4136556790627326,0.4785045150198469,0.517795184120541,0.4221995113106899,0.413751710561064,0.4136871173009965,0.999883923389437,0.58523991507431,0.6928872988366555,0.2498697826177671,0.0861294119160296,p1,body_of_pancreas,fold_c,314159,1hop,1hop,0.5000647967272698,35676,0.4136556790627326,0.014571356697546
sequence_kmer,mono/di/tri-nucleotide composition; no graph adjacency,1.0309449581649484,0.361675986586754,150220,35676,41653,all_test_chromosomes,all,41653,0.4136556790627326,0.361675986586754,0.5977211534972374,0.4981797692676252,0.4646964204258997,0.4310893512851897,0.919849100406268,0.5870543568848967,0.6697249960482077,0.238421517022928,0.0515884280568574,p1,body_of_pancreas,fold_c,314159,1hop,1hop,0.5317216267293593,35676,0.4136556790627326,0.1441543597962737
frozen_sequence_fm,S-FM: frozen pretrained sequence-model embedding only; no graph adjacency,1.070097941794666,0.3802311890511792,150220,35676,41653,all_test_chromosomes,all,41653,0.4136556790627326,0.3802311890511792,0.6164160394748877,0.5152863963881605,0.5345593354620315,0.4629139300574258,0.7813116656993616,0.5813737556951912,0.6619196493035533,0.2347526579552368,0.0380948947136247,p1,body_of_pancreas,fold_c,314159,1hop,1hop,0.5708957706132644,35676,0.4136556790627326,0.173329413616511
frozen_pangenomefm,frozen topology-pretrained node embedding; current encoder has no nucleotide input,1.1966581475936215,0.4176228582813116,150220,35676,41653,all_test_chromosomes,all,41653,0.4136556790627326,0.4176228582813116,0.5088283384341121,0.4208486037802825,0.4146880176697957,0.4137723106608779,0.9956471271038886,0.584597035270063,0.6938907713856465,0.2503530116452134,0.0860401194786773,p1,body_of_pancreas,fold_c,314159,1hop,1hop,0.5002393191921195,35676,0.4136556790627326,0.0122674074953981
coordinate_plus_frozen_sequence_fm,C+S-FM: coordinate and frozen sequence-model embedding,1.0688983332440622,0.3588086106462902,150220,35676,41653,all_test_chromosomes,all,41653,0.4136556790627326,0.3588086106462902,0.6178965307456277,0.5152983226018102,0.5168415240198785,0.4540811470989436,0.8307603017991875,0.5872048899554899,0.6613360448501578,0.2344791078616027,0.0374683531787597,p1,body_of_pancreas,fold_c,314159,1hop,1hop,0.5630688050370871,35676,0.4136556790627326,0.1733497535656225
coordinate_plus_frozen_pangenomefm,C+T: coordinate and frozen topology embedding; no nucleotide input,1.326412576423166,0.4210413978934093,150220,35676,41653,all_test_chromosomes,all,41653,0.4136556790627326,0.4210413978934093,0.5115364825631168,0.4228102825561252,0.41480805704271,0.4139384741393847,0.9972721996517702,0.5850428150695426,0.693336719401336,0.2500844717110117,0.0858377743470138,p1,body_of_pancreas,fold_c,314159,1hop,1hop,0.5005809878412804,35676,0.4136556790627326,0.0156130163907089
coordinate_plus_frozen_sequence_fm_plus_frozen_pangenomefm,"C+S-FM+T: coordinate, frozen sequence-model, and topology embeddings",1.0829323509893645,0.3543533777178919,150220,35676,41653,all_test_chromosomes,all,41653,0.4136556790627326,0.3543533777178919,0.6200524946882582,0.5184616198234334,0.5120639569778888,0.4519057389790462,0.8436448055716773,0.5885496801360434,0.6607830735354536,0.2342213890353032,0.0392343911892613,p1,body_of_pancreas,fold_c,314159,1hop,1hop,0.560892132139317,35676,0.4136556790627326,0.1787447017362924
coordinate,"reference coordinate, node length, and constant orientation",0.9078530139236564,0.4785045150198469,150220,35676,41653,all_test_chromosomes,all,41653,0.4136556790627326,0.4785045150198469,0.517795184120541,0.4221995113106899,0.413751710561064,0.4136871173009965,0.999883923389437,0.58523991507431,0.6928872988366555,0.2498697826177671,0.0861294119160296,p1,body_of_pancreas,fold_c,314159,strict,strict,0.5000647967272698,35676,0.4136556790627326,0.014571356697546
sequence_kmer,mono/di/tri-nucleotide composition; no graph adjacency,1.0309449581649484,0.361675986586754,150220,35676,41653,all_test_chromosomes,all,41653,0.4136556790627326,0.361675986586754,0.5977211534972374,0.4981797692676252,0.4646964204258997,0.4310893512851897,0.919849100406268,0.5870543568848967,0.6697249960482077,0.238421517022928,0.0515884280568574,p1,body_of_pancreas,fold_c,314159,strict,strict,0.5317216267293593,35676,0.4136556790627326,0.1441543597962737
frozen_sequence_fm,S-FM: frozen pretrained sequence-model embedding only; no graph adjacency,1.070097941794666,0.3802311890511792,150220,35676,41653,all_test_chromosomes,all,41653,0.4136556790627326,0.3802311890511792,0.6164160394748877,0.5152863963881605,0.5345593354620315,0.4629139300574258,0.7813116656993616,0.5813737556951912,0.6619196493035533,0.2347526579552368,0.0380948947136247,p1,body_of_pancreas,fold_c,314159,strict,strict,0.5708957706132644,35676,0.4136556790627326,0.173329413616511
frozen_pangenomefm,frozen topology-pretrained node embedding; current encoder has no nucleotide input,0.9716182712823672,0.4017186099732784,150220,35676,41653,all_test_chromosomes,all,41653,0.4136556790627326,0.4017186099732784,0.519197308351506,0.4297415283881635,0.4139917893068927,0.4135830705154441,0.9970400464306444,0.5846478465805639,0.6918924920922058,0.2493736656290076,0.0835006865789789,p1,body_of_pancreas,fold_c,314159,strict,strict,0.499850736067961,35676,0.4136556790627326,0.0274341351165775
coordinate_plus_frozen_sequence_fm,C+S-FM: coordinate and frozen sequence-model embedding,1.0688983332440622,0.3588086106462902,150220,35676,41653,all_test_chromosomes,all,41653,0.4136556790627326,0.3588086106462902,0.6178965307456277,0.5152983226018102,0.5168415240198785,0.4540811470989436,0.8307603017991875,0.5872048899554899,0.6613360448501578,0.2344791078616027,0.0374683531787597,p1,body_of_pancreas,fold_c,314159,strict,strict,0.5630688050370871,35676,0.4136556790627326,0.1733497535656225
coordinate_plus_frozen_pangenomefm,C+T: coordinate and frozen topology embedding; no nucleotide input,0.93669534281759,0.3790401523118841,150220,35676,41653,all_test_chromosomes,all,41653,0.4136556790627326,0.3790401523118841,0.5202072682551002,0.4307840786586523,0.4134876239406525,0.4134240777259391,0.997736506094022,0.5846085832823233,0.6916058436537835,0.2492301153249726,0.0826314950108277,p1,body_of_pancreas,fold_c,314159,strict,strict,0.4995233732206179,35676,0.4136556790627326,0.0292121863967918
coordinate_plus_frozen_sequence_fm_plus_frozen_pangenomefm,"C+S-FM+T: coordinate, frozen sequence-model, and topology embeddings",1.0913580456316307,0.3524504349168597,150220,35676,41653,all_test_chromosomes,all,41653,0.4136556790627326,0.3524504349168597,0.6181628099579501,0.5156121582807742,0.510791539624997,0.4512380303077257,0.8450957632037145,0.5883351178811693,0.6611655617035554,0.2343977716762867,0.0381150582815045,p1,body_of_pancreas,fold_c,314159,strict,strict,0.5600207555321688,35676,0.4136556790627326,0.1738849948355684
coordinate,"reference coordinate, node length, and constant orientation",0.9078530139236564,0.4785045150198469,150220,35676,41653,all_test_chromosomes,all,41653,0.4136556790627326,0.4785045150198469,0.517795184120541,0.4221995113106899,0.413751710561064,0.4136871173009965,0.999883923389437,0.58523991507431,0.6928872988366555,0.2498697826177671,0.0861294119160296,p1,body_of_pancreas,fold_c,42,1hop,1hop,0.5000647967272698,35676,0.4136556790627326,0.014571356697546
sequence_kmer,mono/di/tri-nucleotide composition; no graph adjacency,1.0309449581649484,0.361675986586754,150220,35676,41653,all_test_chromosomes,all,41653,0.4136556790627326,0.361675986586754,0.5977211534972374,0.4981797692676252,0.4646964204258997,0.4310893512851897,0.919849100406268,0.5870543568848967,0.6697249960482077,0.238421517022928,0.0515884280568574,p1,body_of_pancreas,fold_c,42,1hop,1hop,0.5317216267293593,35676,0.4136556790627326,0.1441543597962737
frozen_sequence_fm,S-FM: frozen pretrained sequence-model embedding only; no graph adjacency,1.070097941794666,0.3802311890511792,150220,35676,41653,all_test_chromosomes,all,41653,0.4136556790627326,0.3802311890511792,0.6164160394748877,0.5152863963881605,0.5345593354620315,0.4629139300574258,0.7813116656993616,0.5813737556951912,0.6619196493035533,0.2347526579552368,0.0380948947136247,p1,body_of_pancreas,fold_c,42,1hop,1hop,0.5708957706132644,35676,0.4136556790627326,0.173329413616511
frozen_pangenomefm,frozen topology-pretrained node embedding; current encoder has no nucleotide input,1.201766843596488,0.4056226432862566,150220,35676,41653,all_test_chromosomes,all,41653,0.4136556790627326,0.4056226432862566,0.4977946287607595,0.4125290440640452,0.4152642066597844,0.4139995172580256,0.995473012188044,0.5847937265598363,0.6950876672216068,0.2509536907737584,0.0846568744835843,p1,body_of_pancreas,fold_c,42,1hop,1hop,0.500705019380678,35676,0.4136556790627326,-0.0019214563157812
coordinate_plus_frozen_sequence_fm,C+S-FM: coordinate and frozen sequence-model embedding,1.0688983332440622,0.3588086106462902,150220,35676,41653,all_test_chromosomes,all,41653,0.4136556790627326,0.3588086106462902,0.6178965307456277,0.5152983226018102,0.5168415240198785,0.4540811470989436,0.8307603017991875,0.5872048899554899,0.6613360448501578,0.2344791078616027,0.0374683531787597,p1,body_of_pancreas,fold_c,42,1hop,1hop,0.5630688050370871,35676,0.4136556790627326,0.1733497535656225
coordinate_plus_frozen_pangenomefm,C+T: coordinate and frozen topology embedding; no nucleotide input,1.3467672187040685,0.4321295464951711,150220,35676,41653,all_test_chromosomes,all,41653,0.4136556790627326,0.4321295464951711,0.4993029355481566,0.4140962957492374,0.4186493169759681,0.4149560474346799,0.9890307603017992,0.5846269962433744,0.6948460114044855,0.2508356641663909,0.0858959993823481,p1,body_of_pancreas,fold_c,42,1hop,1hop,0.5026429648047095,35676,0.4136556790627326,0.0007514640643239
coordinate_plus_frozen_sequence_fm_plus_frozen_pangenomefm,"C+S-FM+T: coordinate, frozen sequence-model, and topology embeddings",1.0934953335463375,0.3836509956976558,150220,35676,41653,all_test_chromosomes,all,41653,0.4136556790627326,0.3836509956976558,0.6171252294007801,0.51430013950909,0.5381125009002953,0.4655745570444498,0.7884503772489844,0.5854467883384689,0.6621646378726092,0.2348682413012683,0.0402220311353371,p1,body_of_pancreas,fold_c,42,1hop,1hop,0.5749769390237061,35676,0.4136556790627326,0.1716473697323067
coordinate,"reference coordinate, node length, and constant orientation",0.9078530139236564,0.4785045150198469,150220,35676,41653,all_test_chromosomes,all,41653,0.4136556790627326,0.4785045150198469,0.517795184120541,0.4221995113106899,0.413751710561064,0.4136871173009965,0.999883923389437,0.58523991507431,0.6928872988366555,0.2498697826177671,0.0861294119160296,p1,body_of_pancreas,fold_c,42,strict,strict,0.5000647967272698,35676,0.4136556790627326,0.014571356697546
sequence_kmer,mono/di/tri-nucleotide composition; no graph adjacency,1.0309449581649484,0.361675986586754,150220,35676,41653,all_test_chromosomes,all,41653,0.4136556790627326,0.361675986586754,0.5977211534972374,0.4981797692676252,0.4646964204258997,0.4310893512851897,0.919849100406268,0.5870543568848967,0.6697249960482077,0.238421517022928,0.0515884280568574,p1,body_of_pancreas,fold_c,42,strict,strict,0.5317216267293593,35676,0.4136556790627326,0.1441543597962737
frozen_sequence_fm,S-FM: frozen pretrained sequence-model embedding only; no graph adjacency,1.070097941794666,0.3802311890511792,150220,35676,41653,all_test_chromosomes,all,41653,0.4136556790627326,0.3802311890511792,0.6164160394748877,0.5152863963881605,0.5345593354620315,0.4629139300574258,0.7813116656993616,0.5813737556951912,0.6619196493035533,0.2347526579552368,0.0380948947136247,p1,body_of_pancreas,fold_c,42,strict,strict,0.5708957706132644,35676,0.4136556790627326,0.173329413616511
frozen_pangenomefm,frozen topology-pretrained node embedding; current encoder has no nucleotide input,1.0423323063792225,0.4140996871068816,150220,35676,41653,all_test_chromosomes,all,41653,0.4136556790627326,0.4140996871068816,0.5161160406321843,0.4223935704952094,0.4144479389239671,0.413834600943487,0.9979106210098664,0.5850488277927116,0.6924185969976671,0.2496350257345639,0.0840458153836921,p1,body_of_pancreas,fold_c,42,strict,strict,0.500367913379273,35676,0.4136556790627326,0.0149023212478793
coordinate_plus_frozen_sequence_fm,C+S-FM: coordinate and frozen sequence-model embedding,1.0688983332440622,0.3588086106462902,150220,35676,41653,all_test_chromosomes,all,41653,0.4136556790627326,0.3588086106462902,0.6178965307456277,0.5152983226018102,0.5168415240198785,0.4540811470989436,0.8307603017991875,0.5872048899554899,0.6613360448501578,0.2344791078616027,0.0374683531787597,p1,body_of_pancreas,fold_c,42,strict,strict,0.5630688050370871,35676,0.4136556790627326,0.1733497535656225
coordinate_plus_frozen_pangenomefm,C+T: coordinate and frozen topology embedding; no nucleotide input,1.0794479417659588,0.4132858719659465,150220,35676,41653,all_test_chromosomes,all,41653,0.4136556790627326,0.4132858719659465,0.5177018233172165,0.4230339286677304,0.4146640097952128,0.4139739672304694,0.9986070806732444,0.5853077747350875,0.6921808621860877,0.2495166726259433,0.0834440947782897,p1,body_of_pancreas,fold_c,42,strict,strict,0.5006547256946863,35676,0.4136556790627326,0.0159944409285088
coordinate_plus_frozen_sequence_fm_plus_frozen_pangenomefm,"C+S-FM+T: coordinate, frozen sequence-model, and topology embeddings",1.089729717956518,0.3448513989158707,150220,35676,41653,all_test_chromosomes,all,41653,0.4136556790627326,0.3448513989158707,0.6193751387359788,0.516118334192551,0.5019806496530862,0.4471928348160615,0.8635519442832269,0.5892439903370164,0.6609913122581745,0.2343058006892155,0.038949579088767,p1,body_of_pancreas,fold_c,42,strict,strict,0.5552251798556535,35676,0.4136556790627326,0.17474826901373
coordinate,"reference coordinate, node length, and constant orientation",19.99999847159494,0.4986989490781153,153598,38275,35676,all_test_chromosomes,all,35676,0.4517042269312703,0.4986989490781153,0.508671904303178,0.4643958863697793,0.4519004372687521,0.4517685338419679,0.999441514117282,0.6222617161843681,0.693119058079704,0.2499859387482264,0.0483456681842001,p1,body_of_pancreas,fold_d,20260806,1hop,1hop,0.5001297341048043,38275,0.4517042269312703,0.023147469052106
sequence_kmer,mono/di/tri-nucleotide composition; no graph adjacency,1.190573093531009,0.3744353874583798,153598,38275,35676,all_test_chromosomes,all,35676,0.4517042269312703,0.3744353874583798,0.6297525757075851,0.5721025489834045,0.4856486153156183,0.4661332848440767,0.9544523735650016,0.6263642287017429,0.6700189335269031,0.238375115286722,0.0545622663127114,p1,body_of_pancreas,fold_d,20260806,1hop,1hop,0.526942458956725,38275,0.4517042269312703,0.2195864494418454
frozen_sequence_fm,S-FM: frozen pretrained sequence-model embedding only; no graph adjacency,1.243052670683214,0.365187113970533,153598,38275,35676,all_test_chromosomes,all,35676,0.4517042269312703,0.365187113970533,0.6526948952720404,0.5955938100881942,0.5226763090032515,0.4849591890468667,0.9143654979832454,0.6337770704746338,0.6580326828668069,0.2329255372783215,0.0488248568401509,p1,body_of_pancreas,fold_d,20260806,1hop,1hop,0.5571776367785457,38275,0.4517042269312703,0.2624305898832584
frozen_pangenomefm,frozen topology-pretrained node embedding; current encoder has no nucleotide input,3.852404472623552,0.4571494640231223,153598,38275,35676,all_test_chromosomes,all,35676,0.4517042269312703,0.4571494640231223,0.5423937954387987,0.4860741041006213,0.4517042269312703,0.4516933946394527,0.9997517840521254,0.6222505455458355,0.6921245088164919,0.249488769808671,0.0490682805466734,p1,body_of_pancreas,fold_d,20260806,1hop,1hop,0.4999781362876035,38275,0.4517042269312703,0.0626849209086327
coordinate_plus_frozen_sequence_fm,C+S-FM: coordinate and frozen sequence-model embedding,1.2409902466924942,0.3700251359435659,153598,38275,35676,all_test_chromosomes,all,35676,0.4517042269312703,0.3700251359435659,0.6541300773194073,0.5971966483816845,0.5281701984527414,0.488018156331353,0.9073533974557866,0.6346767367667165,0.6572293348891103,0.2325465338105984,0.0495335240762949,p1,body_of_pancreas,fold_d,20260806,1hop,1hop,0.5615699557188447,38275,0.4517042269312703,0.2653538994767638
coordinate_plus_frozen_pangenomefm,C+T: coordinate and frozen topology embedding; no nucleotide input,16.12485972980014,0.4905805677693322,153598,38275,35676,all_test_chromosomes,all,35676,0.4517042269312703,0.4905805677693322,0.5395588742237443,0.4851710555119747,0.4518443771723287,0.4517377766557267,0.9993174061433449,0.6222084846611544,0.6928872780709456,0.2498700520111462,0.0485255711757784,p1,body_of_pancreas,fold_d,20260806,1hop,1hop,0.5000676801178356,38275,0.4517042269312703,0.0610379109680083
coordinate_plus_frozen_sequence_fm_plus_frozen_pangenomefm,"C+S-FM+T: coordinate, frozen sequence-model, and topology embeddings",1.2671088852121564,0.3666427004144661,153598,38275,35676,all_test_chromosomes,all,35676,0.4517042269312703,0.3666427004144661,0.6540987140587271,0.5955799456690558,0.5204058750981052,0.483764644453872,0.9198883028234563,0.6340733136575559,0.6579677621496681,0.2328821075728893,0.0506532588105434,p1,body_of_pancreas,fold_d,20260806,1hop,1hop,0.5555936580831663,38275,0.4517042269312703,0.2624053034962034
coordinate,"reference coordinate, node length, and constant orientation",19.99999847159494,0.4986989490781153,153598,38275,35676,all_test_chromosomes,all,35676,0.4517042269312703,0.4986989490781153,0.508671904303178,0.4643958863697793,0.4519004372687521,0.4517685338419679,0.999441514117282,0.6222617161843681,0.693119058079704,0.2499859387482264,0.0483456681842001,p1,body_of_pancreas,fold_d,20260806,strict,strict,0.5001297341048043,38275,0.4517042269312703,0.023147469052106
sequence_kmer,mono/di/tri-nucleotide composition; no graph adjacency,1.190573093531009,0.3744353874583798,153598,38275,35676,all_test_chromosomes,all,35676,0.4517042269312703,0.3744353874583798,0.6297525757075851,0.5721025489834045,0.4856486153156183,0.4661332848440767,0.9544523735650016,0.6263642287017429,0.6700189335269031,0.238375115286722,0.0545622663127114,p1,body_of_pancreas,fold_d,20260806,strict,strict,0.526942458956725,38275,0.4517042269312703,0.2195864494418454
frozen_sequence_fm,S-FM: frozen pretrained sequence-model embedding only; no graph adjacency,1.243052670683214,0.365187113970533,153598,38275,35676,all_test_chromosomes,all,35676,0.4517042269312703,0.365187113970533,0.6526948952720404,0.5955938100881942,0.5226763090032515,0.4849591890468667,0.9143654979832454,0.6337770704746338,0.6580326828668069,0.2329255372783215,0.0488248568401509,p1,body_of_pancreas,fold_d,20260806,strict,strict,0.5571776367785457,38275,0.4517042269312703,0.2624305898832584
frozen_pangenomefm,frozen topology-pretrained node embedding; current encoder has no nucleotide input,4.865797543879057,0.4695468179486452,153598,38275,35676,all_test_chromosomes,all,35676,0.4517042269312703,0.4695468179486452,0.5421932977094193,0.4825896915895586,0.4517042269312703,0.4517042269312703,1.0,0.6223088953679211,0.6923479580372461,0.2496004353064085,0.0486244094789896,p1,body_of_pancreas,fold_d,20260806,strict,strict,0.5,38275,0.4517042269312703,0.0563299339067069
coordinate_plus_frozen_sequence_fm,C+S-FM: coordinate and frozen sequence-model embedding,1.2409902466924942,0.3700251359435659,153598,38275,35676,all_test_chromosomes,all,35676,0.4517042269312703,0.3700251359435659,0.6541300773194073,0.5971966483816845,0.5281701984527414,0.488018156331353,0.9073533974557866,0.6346767367667165,0.6572293348891103,0.2325465338105984,0.0495335240762949,p1,body_of_pancreas,fold_d,20260806,strict,strict,0.5615699557188447,38275,0.4517042269312703,0.2653538994767638
coordinate_plus_frozen_pangenomefm,C+T: coordinate and frozen topology embedding; no nucleotide input,19.999998332022702,0.4923979502736585,153598,38275,35676,all_test_chromosomes,all,35676,0.4517042269312703,0.4923979502736585,0.5431671846106747,0.4880872091190811,0.4518443771723287,0.4517675422612206,1.0,0.6223689800332136,0.6928950387079139,0.249873930548778,0.0484487065022778,p1,body_of_pancreas,fold_d,20260806,strict,strict,0.500127805326926,38275,0.4517042269312703,0.0663564885502958
coordinate_plus_frozen_sequence_fm_plus_frozen_pangenomefm,"C+S-FM+T: coordinate, frozen sequence-model, and topology embeddings",1.2583513613730708,0.3866518151919108,153598,38275,35676,all_test_chromosomes,all,35676,0.4517042269312703,0.3866518151919108,0.6539977942458116,0.5966506378209353,0.5379807153268303,0.4935375105366676,0.8719826248836487,0.6303182541996546,0.6572745342167444,0.232544365430873,0.0496530713596046,p1,body_of_pancreas,fold_d,20260806,strict,strict,0.5674007495871646,38275,0.4517042269312703,0.264358067322718
coordinate,"reference coordinate, node length, and constant orientation",19.99999847159494,0.4986989490781153,153598,38275,35676,all_test_chromosomes,all,35676,0.4517042269312703,0.4986989490781153,0.508671904303178,0.4643958863697793,0.4519004372687521,0.4517685338419679,0.999441514117282,0.6222617161843681,0.693119058079704,0.2499859387482264,0.0483456681842001,p1,body_of_pancreas,fold_d,314159,1hop,1hop,0.5001297341048043,38275,0.4517042269312703,0.023147469052106
sequence_kmer,mono/di/tri-nucleotide composition; no graph adjacency,1.190573093531009,0.3744353874583798,153598,38275,35676,all_test_chromosomes,all,35676,0.4517042269312703,0.3744353874583798,0.6297525757075851,0.5721025489834045,0.4856486153156183,0.4661332848440767,0.9544523735650016,0.6263642287017429,0.6700189335269031,0.238375115286722,0.0545622663127114,p1,body_of_pancreas,fold_d,314159,1hop,1hop,0.526942458956725,38275,0.4517042269312703,0.2195864494418454
frozen_sequence_fm,S-FM: frozen pretrained sequence-model embedding only; no graph adjacency,1.243052670683214,0.365187113970533,153598,38275,35676,all_test_chromosomes,all,35676,0.4517042269312703,0.365187113970533,0.6526948952720404,0.5955938100881942,0.5226763090032515,0.4849591890468667,0.9143654979832454,0.6337770704746338,0.6580326828668069,0.2329255372783215,0.0488248568401509,p1,body_of_pancreas,fold_d,314159,1hop,1hop,0.5571776367785457,38275,0.4517042269312703,0.2624305898832584
frozen_pangenomefm,frozen topology-pretrained node embedding; current encoder has no nucleotide input,2.1656800723864067,0.4467293416906009,153598,38275,35676,all_test_chromosomes,all,35676,0.4517042269312703,0.4467293416906009,0.5473386568977451,0.4942863963938453,0.4518724072205404,0.4517558622237181,0.999441514117282,0.6222496957521201,0.6915980463994985,0.2492258032244383,0.0538439060489995,p1,body_of_pancreas,fold_d,314159,1hop,1hop,0.5001041730394191,38275,0.4517042269312703,0.0776627717267432
coordinate_plus_frozen_sequence_fm,C+S-FM: coordinate and frozen sequence-model embedding,1.2409902466924942,0.3700251359435659,153598,38275,35676,all_test_chromosomes,all,35676,0.4517042269312703,0.3700251359435659,0.6541300773194073,0.5971966483816845,0.5281701984527414,0.488018156331353,0.9073533974557866,0.6346767367667165,0.6572293348891103,0.2325465338105984,0.0495335240762949,p1,body_of_pancreas,fold_d,314159,1hop,1hop,0.5615699557188447,38275,0.4517042269312703,0.2653538994767638
coordinate_plus_frozen_pangenomefm,C+T: coordinate and frozen topology embedding; no nucleotide input,4.66415102785675,0.4712411903606603,153598,38275,35676,all_test_chromosomes,all,35676,0.4517042269312703,0.4712411903606603,0.5481267545871088,0.4950176005726949,0.4518724072205404,0.451780207457247,1.0,0.6223809983585981,0.6922684757394149,0.249560717270973,0.0499768594838737,p1,body_of_pancreas,fold_d,314159,1hop,1hop,0.5001533663923112,38275,0.4517042269312703,0.078996366138309
coordinate_plus_frozen_sequence_fm_plus_frozen_pangenomefm,"C+S-FM+T: coordinate, frozen sequence-model, and topology embeddings",1.27772484736717,0.3978371758408545,153598,38275,35676,all_test_chromosomes,all,35676,0.4517042269312703,0.3978371758408545,0.655388427234388,0.5966036592957014,0.5456609485368314,0.4983358119113377,0.8733478125969594,0.6345785332641973,0.6581201179083397,0.2329551537123925,0.0536517597496538,p1,body_of_pancreas,fold_d,314159,1hop,1hop,0.5745247319208916,38275,0.4517042269312703,0.2642723863316518
coordinate,"reference coordinate, node length, and constant orientation",19.99999847159494,0.4986989490781153,153598,38275,35676,all_test_chromosomes,all,35676,0.4517042269312703,0.4986989490781153,0.508671904303178,0.4643958863697793,0.4519004372687521,0.4517685338419679,0.999441514117282,0.6222617161843681,0.693119058079704,0.2499859387482264,0.0483456681842001,p1,body_of_pancreas,fold_d,314159,strict,strict,0.5001297341048043,38275,0.4517042269312703,0.023147469052106
sequence_kmer,mono/di/tri-nucleotide composition; no graph adjacency,1.190573093531009,0.3744353874583798,153598,38275,35676,all_test_chromosomes,all,35676,0.4517042269312703,0.3744353874583798,0.6297525757075851,0.5721025489834045,0.4856486153156183,0.4661332848440767,0.9544523735650016,0.6263642287017429,0.6700189335269031,0.238375115286722,0.0545622663127114,p1,body_of_pancreas,fold_d,314159,strict,strict,0.526942458956725,38275,0.4517042269312703,0.2195864494418454
frozen_sequence_fm,S-FM: frozen pretrained sequence-model embedding only; no graph adjacency,1.243052670683214,0.365187113970533,153598,38275,35676,all_test_chromosomes,all,35676,0.4517042269312703,0.365187113970533,0.6526948952720404,0.5955938100881942,0.5226763090032515,0.4849591890468667,0.9143654979832454,0.6337770704746338,0.6580326828668069,0.2329255372783215,0.0488248568401509,p1,body_of_pancreas,fold_d,314159,strict,strict,0.5571776367785457,38275,0.4517042269312703,0.2624305898832584
frozen_pangenomefm,frozen topology-pretrained node embedding; current encoder has no nucleotide input,3.6392999768243297,0.4669252118712097,153598,38275,35676,all_test_chromosomes,all,35676,0.4517042269312703,0.4669252118712097,0.557202428553412,0.5015693564469597,0.4517602870276936,0.4516862128948993,0.9990071362085012,0.6220994261645768,0.6915270583544577,0.2491901358611002,0.049451789570762,p1,body_of_pancreas,fold_d,314159,strict,strict,0.4999636672811843,38275,0.4517042269312703,0.0909456756097199
coordinate_plus_frozen_sequence_fm,C+S-FM: coordinate and frozen sequence-model embedding,1.2409902466924942,0.3700251359435659,153598,38275,35676,all_test_chromosomes,all,35676,0.4517042269312703,0.3700251359435659,0.6541300773194073,0.5971966483816845,0.5281701984527414,0.488018156331353,0.9073533974557866,0.6346767367667165,0.6572293348891103,0.2325465338105984,0.0495335240762949,p1,body_of_pancreas,fold_d,314159,strict,strict,0.5615699557188447,38275,0.4517042269312703,0.2653538994767638
coordinate_plus_frozen_pangenomefm,C+T: coordinate and frozen topology embedding; no nucleotide input,6.68740285825199,0.4825357360986486,153598,38275,35676,all_test_chromosomes,all,35676,0.4517042269312703,0.4825357360986486,0.5577326632331776,0.5021240617295593,0.4519845274133871,0.4517903243910652,0.99906919019547,0.6222101988367374,0.6921588128600895,0.2495058638829332,0.0490220158316641,p1,body_of_pancreas,fold_d,314159,strict,strict,0.5001736217323651,38275,0.4517042269312703,0.0919573654855966
coordinate_plus_frozen_sequence_fm_plus_frozen_pangenomefm,"C+S-FM+T: coordinate, frozen sequence-model, and topology embeddings",1.249667714867286,0.3616371905579165,153598,38275,35676,all_test_chromosomes,all,35676,0.4517042269312703,0.3616371905579165,0.6549088927652319,0.6011930777030383,0.5228725193407333,0.4851637386724245,0.9202606267452684,0.6353626665524185,0.6565099641105332,0.2322220438374965,0.0492183661410487,p1,body_of_pancreas,fold_d,314159,strict,strict,0.5578758274056591,38275,0.4517042269312703,0.2726427197041866
coordinate,"reference coordinate, node length, and constant orientation",19.99999847159494,0.4986989490781153,153598,38275,35676,all_test_chromosomes,all,35676,0.4517042269312703,0.4986989490781153,0.508671904303178,0.4643958863697793,0.4519004372687521,0.4517685338419679,0.999441514117282,0.6222617161843681,0.693119058079704,0.2499859387482264,0.0483456681842001,p1,body_of_pancreas,fold_d,42,1hop,1hop,0.5001297341048043,38275,0.4517042269312703,0.023147469052106
sequence_kmer,mono/di/tri-nucleotide composition; no graph adjacency,1.190573093531009,0.3744353874583798,153598,38275,35676,all_test_chromosomes,all,35676,0.4517042269312703,0.3744353874583798,0.6297525757075851,0.5721025489834045,0.4856486153156183,0.4661332848440767,0.9544523735650016,0.6263642287017429,0.6700189335269031,0.238375115286722,0.0545622663127114,p1,body_of_pancreas,fold_d,42,1hop,1hop,0.526942458956725,38275,0.4517042269312703,0.2195864494418454
frozen_sequence_fm,S-FM: frozen pretrained sequence-model embedding only; no graph adjacency,1.243052670683214,0.365187113970533,153598,38275,35676,all_test_chromosomes,all,35676,0.4517042269312703,0.365187113970533,0.6526948952720404,0.5955938100881942,0.5226763090032515,0.4849591890468667,0.9143654979832454,0.6337770704746338,0.6580326828668069,0.2329255372783215,0.0488248568401509,p1,body_of_pancreas,fold_d,42,1hop,1hop,0.5571776367785457,38275,0.4517042269312703,0.2624305898832584
frozen_pangenomefm,frozen topology-pretrained node embedding; current encoder has no nucleotide input,2.512017845565745,0.4482270973933495,153598,38275,35676,all_test_chromosomes,all,35676,0.4517042269312703,0.4482270973933495,0.5442800101381388,0.4958564506938804,0.4520686175580222,0.4518364712814613,0.999255352156376,0.6222900645360745,0.6913803687627874,0.249117645387455,0.0487701884025416,p1,body_of_pancreas,fold_d,42,1hop,1hop,0.5002667027128181,38275,0.4517042269312703,0.0805262887866099
coordinate_plus_frozen_sequence_fm,C+S-FM: coordinate and frozen sequence-model embedding,1.2409902466924942,0.3700251359435659,153598,38275,35676,all_test_chromosomes,all,35676,0.4517042269312703,0.3700251359435659,0.6541300773194073,0.5971966483816845,0.5281701984527414,0.488018156331353,0.9073533974557866,0.6346767367667165,0.6572293348891103,0.2325465338105984,0.0495335240762949,p1,body_of_pancreas,fold_d,42,1hop,1hop,0.5615699557188447,38275,0.4517042269312703,0.2653538994767638
coordinate_plus_frozen_pangenomefm,C+T: coordinate and frozen topology embedding; no nucleotide input,5.9914409865866105,0.4736758993882335,153598,38275,35676,all_test_chromosomes,all,35676,0.4517042269312703,0.4736758993882335,0.5423188681284254,0.4962180227348837,0.4517602870276936,0.4517241379310345,0.9998758920260626,0.6223037559138747,0.6923644950663309,0.2496087598837697,0.0489457515868109,p1,body_of_pancreas,fold_d,42,1hop,1hop,0.5000401902745721,38275,0.4517042269312703,0.0811857358565365
coordinate_plus_frozen_sequence_fm_plus_frozen_pangenomefm,"C+S-FM+T: coordinate, frozen sequence-model, and topology embeddings",1.2666090492668305,0.4006429255453007,153598,38275,35676,all_test_chromosomes,all,35676,0.4517042269312703,0.4006429255453007,0.655125808899067,0.5998698111450246,0.5454927682475614,0.4981863029599536,0.852249457027614,0.6288029668292013,0.6573272430809861,0.2325891280997258,0.0505401066389202,p1,body_of_pancreas,fold_d,42,1hop,1hop,0.5725129499748776,38275,0.4517042269312703,0.270229302306114
coordinate,"reference coordinate, node length, and constant orientation",19.99999847159494,0.4986989490781153,153598,38275,35676,all_test_chromosomes,all,35676,0.4517042269312703,0.4986989490781153,0.508671904303178,0.4643958863697793,0.4519004372687521,0.4517685338419679,0.999441514117282,0.6222617161843681,0.693119058079704,0.2499859387482264,0.0483456681842001,p1,body_of_pancreas,fold_d,42,strict,strict,0.5001297341048043,38275,0.4517042269312703,0.023147469052106
sequence_kmer,mono/di/tri-nucleotide composition; no graph adjacency,1.190573093531009,0.3744353874583798,153598,38275,35676,all_test_chromosomes,all,35676,0.4517042269312703,0.3744353874583798,0.6297525757075851,0.5721025489834045,0.4856486153156183,0.4661332848440767,0.9544523735650016,0.6263642287017429,0.6700189335269031,0.238375115286722,0.0545622663127114,p1,body_of_pancreas,fold_d,42,strict,strict,0.526942458956725,38275,0.4517042269312703,0.2195864494418454
frozen_sequence_fm,S-FM: frozen pretrained sequence-model embedding only; no graph adjacency,1.243052670683214,0.365187113970533,153598,38275,35676,all_test_chromosomes,all,35676,0.4517042269312703,0.365187113970533,0.6526948952720404,0.5955938100881942,0.5226763090032515,0.4849591890468667,0.9143654979832454,0.6337770704746338,0.6580326828668069,0.2329255372783215,0.0488248568401509,p1,body_of_pancreas,fold_d,42,strict,strict,0.5571776367785457,38275,0.4517042269312703,0.2624305898832584
frozen_pangenomefm,frozen topology-pretrained node embedding; current encoder has no nucleotide input,4.725728952148152,0.471204995546235,153598,38275,35676,all_test_chromosomes,all,35676,0.4517042269312703,0.471204995546235,0.5398714456854801,0.4894866328815467,0.4518724072205404,0.4517450342273594,0.9991932981694074,0.6221913097239128,0.6923305970542625,0.2495917790692377,0.0489238887083788,p1,body_of_pancreas,fold_d,42,strict,strict,0.5000823093270226,38275,0.4517042269312703,0.0689088039814969
coordinate_plus_frozen_sequence_fm,C+S-FM: coordinate and frozen sequence-model embedding,1.2409902466924942,0.3700251359435659,153598,38275,35676,all_test_chromosomes,all,35676,0.4517042269312703,0.3700251359435659,0.6541300773194073,0.5971966483816845,0.5281701984527414,0.488018156331353,0.9073533974557866,0.6346767367667165,0.6572293348891103,0.2325465338105984,0.0495335240762949,p1,body_of_pancreas,fold_d,42,strict,strict,0.5615699557188447,38275,0.4517042269312703,0.2653538994767638
coordinate_plus_frozen_pangenomefm,C+T: coordinate and frozen topology embedding; no nucleotide input,19.999998143557058,0.4938253911505687,153598,38275,35676,all_test_chromosomes,all,35676,0.4517042269312703,0.4938253911505687,0.5410460301730334,0.4960420453894932,0.4522367978472923,0.4518666254670075,0.9982004343779088,0.6221139343311289,0.6928884050530986,0.249870614653462,0.0485193269540685,p1,body_of_pancreas,fold_d,42,strict,strict,0.5003271483274442,38275,0.4517042269312703,0.0808647825425878
coordinate_plus_frozen_sequence_fm_plus_frozen_pangenomefm,"C+S-FM+T: coordinate, frozen sequence-model, and topology embeddings",1.244116778035545,0.3917709012122715,153598,38275,35676,all_test_chromosomes,all,35676,0.4517042269312703,0.3917709012122715,0.6520732926711215,0.5967314746138823,0.5403912994730351,0.4949782748058978,0.8624263108904747,0.6289683886588374,0.6579406280203546,0.2328784749871226,0.048357934583872,p1,body_of_pancreas,fold_d,42,strict,strict,0.5687572482830269,38275,0.4517042269312703,0.2645055001444131
coordinate,"reference coordinate, node length, and constant orientation",0.8505572213988433,0.4694100385069108,133280,55994,38275,all_test_chromosomes,all,38275,0.4329980404964075,0.4694100385069108,0.485108752438358,0.415440068975099,0.4329980404964075,0.4329980404964075,1.0,0.6043246791131855,0.694968932920606,0.2509067081269578,0.0674422069787893,p1,body_of_pancreas,fold_e,20260806,1hop,1hop,0.5,55994,0.4329980404964075,-0.0309663330558513
sequence_kmer,mono/di/tri-nucleotide composition; no graph adjacency,1.0414361826524738,0.3904479845909137,133280,55994,38275,all_test_chromosomes,all,38275,0.4329980404964075,0.3904479845909137,0.5992565430881631,0.5211923341294078,0.485199216198563,0.4531609969182898,0.9138960960598564,0.6058884710776862,0.6781035041574802,0.2425305472390226,0.0659301395706959,p1,body_of_pancreas,fold_e,20260806,1hop,1hop,0.5358578259305825,55994,0.4329980404964075,0.1555449538661452
frozen_sequence_fm,S-FM: frozen pretrained sequence-model embedding only; no graph adjacency,1.320471372047519,0.3923072448457718,133280,55994,38275,all_test_chromosomes,all,38275,0.4329980404964075,0.3923072448457718,0.6198142240619819,0.5429249739216615,0.502416721097322,0.4612854726555159,0.8886140107403608,0.6073114909585765,0.671139491316525,0.2392184670747837,0.0650566851000763,p1,body_of_pancreas,fold_e,20260806,1hop,1hop,0.5480532038772304,55994,0.4329980404964075,0.1938739921137035
frozen_pangenomefm,frozen topology-pretrained node embedding; current encoder has no nucleotide input,1.269666935611179,0.4185518149062909,133280,55994,38275,all_test_chromosomes,all,38275,0.4329980404964075,0.4185518149062909,0.5152003165726133,0.445513700068863,0.4326061397779229,0.4321908779330345,0.9891389609605986,0.6015448690897749,0.6943900247507365,0.2506137495574264,0.0700934547598315,p1,body_of_pancreas,fold_e,20260806,1hop,1hop,0.4983709734302578,55994,0.4329980404964075,0.022073397388984
coordinate_plus_frozen_sequence_fm,C+S-FM: coordinate and frozen sequence-model embedding,1.311309143066056,0.3977763506417477,133280,55994,38275,all_test_chromosomes,all,38275,0.4329980404964075,0.3977763506417477,0.6217007483633914,0.5446151833254728,0.5080339647289354,0.4640204049099314,0.8781753454413805,0.6072009679168926,0.6706218929968906,0.2389705254593143,0.0654073091990173,p1,body_of_pancreas,fold_e,20260806,1hop,1hop,0.5517731394979458,55994,0.4329980404964075,0.1968549507779223
coordinate_plus_frozen_pangenomefm,C+T: coordinate and frozen topology embedding; no nucleotide input,1.237781060218326,0.4253709995942723,133280,55994,38275,all_test_chromosomes,all,38275,0.4329980404964075,0.4253709995942723,0.5116818616282897,0.438649783933669,0.4345656433703462,0.4324907439469408,0.979726060459784,0.6000813068223816,0.6953529264531783,0.2510922490749497,0.0707833000363583,p1,body_of_pancreas,fold_e,20260806,1hop,1hop,0.4989866133097924,55994,0.4329980404964075,0.0099677670288997
coordinate_plus_frozen_sequence_fm_plus_frozen_pangenomefm,"C+S-FM+T: coordinate, frozen sequence-model, and topology embeddings",1.3324337760474163,0.3685936580371979,133280,55994,38275,all_test_chromosomes,all,38275,0.4329980404964075,0.3685936580371979,0.6206143483524212,0.5424445782632934,0.4883082952318746,0.4551278231333055,0.9216798407047608,0.6093547421960707,0.6710120618916037,0.2391467205304385,0.0651452451230836,p1,body_of_pancreas,fold_e,20260806,1hop,1hop,0.539519304740916,55994,0.4329980404964075,0.1930267363850131
coordinate,"reference coordinate, node length, and constant orientation",0.8505572213988433,0.4694100385069108,133280,55994,38275,all_test_chromosomes,all,38275,0.4329980404964075,0.4694100385069108,0.485108752438358,0.415440068975099,0.4329980404964075,0.4329980404964075,1.0,0.6043246791131855,0.694968932920606,0.2509067081269578,0.0674422069787893,p1,body_of_pancreas,fold_e,20260806,strict,strict,0.5,55994,0.4329980404964075,-0.0309663330558513
sequence_kmer,mono/di/tri-nucleotide composition; no graph adjacency,1.0414361826524738,0.3904479845909137,133280,55994,38275,all_test_chromosomes,all,38275,0.4329980404964075,0.3904479845909137,0.5992565430881631,0.5211923341294078,0.485199216198563,0.4531609969182898,0.9138960960598564,0.6058884710776862,0.6781035041574802,0.2425305472390226,0.0659301395706959,p1,body_of_pancreas,fold_e,20260806,strict,strict,0.5358578259305825,55994,0.4329980404964075,0.1555449538661452
frozen_sequence_fm,S-FM: frozen pretrained sequence-model embedding only; no graph adjacency,1.320471372047519,0.3923072448457718,133280,55994,38275,all_test_chromosomes,all,38275,0.4329980404964075,0.3923072448457718,0.6198142240619819,0.5429249739216615,0.502416721097322,0.4612854726555159,0.8886140107403608,0.6073114909585765,0.671139491316525,0.2392184670747837,0.0650566851000763,p1,body_of_pancreas,fold_e,20260806,strict,strict,0.5480532038772304,55994,0.4329980404964075,0.1938739921137035
frozen_pangenomefm,frozen topology-pretrained node embedding; current encoder has no nucleotide input,1.457380956478726,0.4057511795472859,133280,55994,38275,all_test_chromosomes,all,38275,0.4329980404964075,0.4057511795472859,0.5087918014085719,0.4378162872573009,0.4333638145003265,0.4331390029018849,0.9996983044711276,0.6044068291259302,0.6930887307656549,0.2499699554131169,0.0645794191061158,p1,body_of_pancreas,fold_e,20260806,strict,strict,0.5002868999085894,55994,0.4329980404964075,0.0084977603342177
coordinate_plus_frozen_sequence_fm,C+S-FM: coordinate and frozen sequence-model embedding,1.311309143066056,0.3977763506417477,133280,55994,38275,all_test_chromosomes,all,38275,0.4329980404964075,0.3977763506417477,0.6217007483633914,0.5446151833254728,0.5080339647289354,0.4640204049099314,0.8781753454413805,0.6072009679168926,0.6706218929968906,0.2389705254593143,0.0654073091990173,p1,body_of_pancreas,fold_e,20260806,strict,strict,0.5517731394979458,55994,0.4329980404964075,0.1968549507779223
coordinate_plus_frozen_pangenomefm,C+T: coordinate and frozen topology embedding; no nucleotide input,1.387329759776017,0.3653150766671185,133280,55994,38275,all_test_chromosomes,all,38275,0.4329980404964075,0.3653150766671185,0.5044834302203877,0.4316718002582,0.4330502939255388,0.4330206673111593,1.0,0.6043467162600736,0.693962107967852,0.2504037668966812,0.0648351700089367,p1,body_of_pancreas,fold_e,20260806,strict,strict,0.5000460787024238,55994,0.4329980404964075,-0.0023390399556443
coordinate_plus_frozen_sequence_fm_plus_frozen_pangenomefm,"C+S-FM+T: coordinate, frozen sequence-model, and topology embeddings",1.3423683687162415,0.3846149402367357,133280,55994,38275,all_test_chromosomes,all,38275,0.4329980404964075,0.3846149402367357,0.6237984776072716,0.5465808003384979,0.4976094056172436,0.4593386405388855,0.9052072648283352,0.6094286352649646,0.670231893697027,0.2387735179064217,0.0670078280314286,p1,body_of_pancreas,fold_e,20260806,strict,strict,0.5457747687149694,55994,0.4329980404964075,0.2003216354693579
coordinate,"reference coordinate, node length, and constant orientation",0.8505572213988433,0.4694100385069108,133280,55994,38275,all_test_chromosomes,all,38275,0.4329980404964075,0.4694100385069108,0.485108752438358,0.415440068975099,0.4329980404964075,0.4329980404964075,1.0,0.6043246791131855,0.694968932920606,0.2509067081269578,0.0674422069787893,p1,body_of_pancreas,fold_e,314159,1hop,1hop,0.5,55994,0.4329980404964075,-0.0309663330558513
sequence_kmer,mono/di/tri-nucleotide composition; no graph adjacency,1.0414361826524738,0.3904479845909137,133280,55994,38275,all_test_chromosomes,all,38275,0.4329980404964075,0.3904479845909137,0.5992565430881631,0.5211923341294078,0.485199216198563,0.4531609969182898,0.9138960960598564,0.6058884710776862,0.6781035041574802,0.2425305472390226,0.0659301395706959,p1,body_of_pancreas,fold_e,314159,1hop,1hop,0.5358578259305825,55994,0.4329980404964075,0.1555449538661452
frozen_sequence_fm,S-FM: frozen pretrained sequence-model embedding only; no graph adjacency,1.320471372047519,0.3923072448457718,133280,55994,38275,all_test_chromosomes,all,38275,0.4329980404964075,0.3923072448457718,0.6198142240619819,0.5429249739216615,0.502416721097322,0.4612854726555159,0.8886140107403608,0.6073114909585765,0.671139491316525,0.2392184670747837,0.0650566851000763,p1,body_of_pancreas,fold_e,314159,1hop,1hop,0.5480532038772304,55994,0.4329980404964075,0.1938739921137035
frozen_pangenomefm,frozen topology-pretrained node embedding; current encoder has no nucleotide input,1.2641910845539115,0.331000876615255,133280,55994,38275,all_test_chromosomes,all,38275,0.4329980404964075,0.331000876615255,0.5342541714237721,0.461964367864194,0.4329719137818419,0.4329832262110049,0.9999396608942256,0.6042992324101591,0.6921221647715438,0.2494848134007403,0.0686617320212117,p1,body_of_pancreas,fold_e,314159,1hop,1hop,0.4999698304471128,55994,0.4329980404964075,0.0510868205696261
coordinate_plus_frozen_sequence_fm,C+S-FM: coordinate and frozen sequence-model embedding,1.311309143066056,0.3977763506417477,133280,55994,38275,all_test_chromosomes,all,38275,0.4329980404964075,0.3977763506417477,0.6217007483633914,0.5446151833254728,0.5080339647289354,0.4640204049099314,0.8781753454413805,0.6072009679168926,0.6706218929968906,0.2389705254593143,0.0654073091990173,p1,body_of_pancreas,fold_e,314159,1hop,1hop,0.5517731394979458,55994,0.4329980404964075,0.1968549507779223
coordinate_plus_frozen_pangenomefm,C+T: coordinate and frozen topology embedding; no nucleotide input,1.1597137264320612,0.3173124403390823,133280,55994,38275,all_test_chromosomes,all,38275,0.4329980404964075,0.3173124403390823,0.5272287346399066,0.452276446585193,0.4329980404964075,0.4329980404964075,1.0,0.6043246791131855,0.693280477931424,0.2500572455934421,0.0694425988499479,p1,body_of_pancreas,fold_e,314159,1hop,1hop,0.5,55994,0.4329980404964075,0.0340005987028045
coordinate_plus_frozen_sequence_fm_plus_frozen_pangenomefm,"C+S-FM+T: coordinate, frozen sequence-model, and topology embeddings",1.3195564177607686,0.3544850251131324,133280,55994,38275,all_test_chromosomes,all,38275,0.4329980404964075,0.3544850251131324,0.6214949748301517,0.5450378792287357,0.4793729588504246,0.4512585014241702,0.9368249562541484,0.6091135565625061,0.6703046700293954,0.2388208389081344,0.0644993684898876,p1,body_of_pancreas,fold_e,314159,1hop,1hop,0.5334295272469709,55994,0.4329980404964075,0.1976004436217795
coordinate,"reference coordinate, node length, and constant orientation",0.8505572213988433,0.4694100385069108,133280,55994,38275,all_test_chromosomes,all,38275,0.4329980404964075,0.4694100385069108,0.485108752438358,0.415440068975099,0.4329980404964075,0.4329980404964075,1.0,0.6043246791131855,0.694968932920606,0.2509067081269578,0.0674422069787893,p1,body_of_pancreas,fold_e,314159,strict,strict,0.5,55994,0.4329980404964075,-0.0309663330558513
sequence_kmer,mono/di/tri-nucleotide composition; no graph adjacency,1.0414361826524738,0.3904479845909137,133280,55994,38275,all_test_chromosomes,all,38275,0.4329980404964075,0.3904479845909137,0.5992565430881631,0.5211923341294078,0.485199216198563,0.4531609969182898,0.9138960960598564,0.6058884710776862,0.6781035041574802,0.2425305472390226,0.0659301395706959,p1,body_of_pancreas,fold_e,314159,strict,strict,0.5358578259305825,55994,0.4329980404964075,0.1555449538661452
frozen_sequence_fm,S-FM: frozen pretrained sequence-model embedding only; no graph adjacency,1.320471372047519,0.3923072448457718,133280,55994,38275,all_test_chromosomes,all,38275,0.4329980404964075,0.3923072448457718,0.6198142240619819,0.5429249739216615,0.502416721097322,0.4612854726555159,0.8886140107403608,0.6073114909585765,0.671139491316525,0.2392184670747837,0.0650566851000763,p1,body_of_pancreas,fold_e,314159,strict,strict,0.5480532038772304,55994,0.4329980404964075,0.1938739921137035
frozen_pangenomefm,frozen topology-pretrained node embedding; current encoder has no nucleotide input,1.374802153507262,0.3553961645484218,133280,55994,38275,all_test_chromosomes,all,38275,0.4329980404964075,0.3553961645484218,0.5147423933065065,0.4423194814513971,0.4329980404964075,0.4329980404964075,1.0,0.6043246791131855,0.6927385953533891,0.2497955462033181,0.0655259436767798,p1,body_of_pancreas,fold_e,314159,strict,strict,0.5,55994,0.4329980404964075,0.0164398743227455
coordinate_plus_frozen_sequence_fm,C+S-FM: coordinate and frozen sequence-model embedding,1.311309143066056,0.3977763506417477,133280,55994,38275,all_test_chromosomes,all,38275,0.4329980404964075,0.3977763506417477,0.6217007483633914,0.5446151833254728,0.5080339647289354,0.4640204049099314,0.8781753454413805,0.6072009679168926,0.6706218929968906,0.2389705254593143,0.0654073091990173,p1,body_of_pancreas,fold_e,314159,strict,strict,0.5517731394979458,55994,0.4329980404964075,0.1968549507779223
coordinate_plus_frozen_pangenomefm,C+T: coordinate and frozen topology embedding; no nucleotide input,1.2603702696845078,0.3437564032713525,133280,55994,38275,all_test_chromosomes,all,38275,0.4329980404964075,0.3437564032713525,0.5098560267564648,0.4370474987924213,0.4329980404964075,0.4329980404964075,1.0,0.6043246791131855,0.6934887764062988,0.2501678155311194,0.065703579683176,p1,body_of_pancreas,fold_e,314159,strict,strict,0.5,55994,0.4329980404964075,0.0071418770749206
coordinate_plus_frozen_sequence_fm_plus_frozen_pangenomefm,"C+S-FM+T: coordinate, frozen sequence-model, and topology embeddings",1.343158968034841,0.3902965617041185,133280,55994,38275,all_test_chromosomes,all,38275,0.4329980404964075,0.3902965617041185,0.6243594058047754,0.548504700657277,0.5021815806662312,0.4612040656763096,0.8898207928558499,0.6075224520062619,0.6696140021988914,0.2384834972356421,0.0657930576276319,p1,body_of_pancreas,fold_e,314159,strict,strict,0.5479884537498307,55994,0.4329980404964075,0.2037147459983999
coordinate,"reference coordinate, node length, and constant orientation",0.8505572213988433,0.4694100385069108,133280,55994,38275,all_test_chromosomes,all,38275,0.4329980404964075,0.4694100385069108,0.485108752438358,0.415440068975099,0.4329980404964075,0.4329980404964075,1.0,0.6043246791131855,0.694968932920606,0.2509067081269578,0.0674422069787893,p1,body_of_pancreas,fold_e,42,1hop,1hop,0.5,55994,0.4329980404964075,-0.0309663330558513
sequence_kmer,mono/di/tri-nucleotide composition; no graph adjacency,1.0414361826524738,0.3904479845909137,133280,55994,38275,all_test_chromosomes,all,38275,0.4329980404964075,0.3904479845909137,0.5992565430881631,0.5211923341294078,0.485199216198563,0.4531609969182898,0.9138960960598564,0.6058884710776862,0.6781035041574802,0.2425305472390226,0.0659301395706959,p1,body_of_pancreas,fold_e,42,1hop,1hop,0.5358578259305825,55994,0.4329980404964075,0.1555449538661452
frozen_sequence_fm,S-FM: frozen pretrained sequence-model embedding only; no graph adjacency,1.320471372047519,0.3923072448457718,133280,55994,38275,all_test_chromosomes,all,38275,0.4329980404964075,0.3923072448457718,0.6198142240619819,0.5429249739216615,0.502416721097322,0.4612854726555159,0.8886140107403608,0.6073114909585765,0.671139491316525,0.2392184670747837,0.0650566851000763,p1,body_of_pancreas,fold_e,42,1hop,1hop,0.5480532038772304,55994,0.4329980404964075,0.1938739921137035
frozen_pangenomefm,frozen topology-pretrained node embedding; current encoder has no nucleotide input,1.5419510972733557,0.2796389037525574,133280,55994,38275,all_test_chromosomes,all,38275,0.4329980404964075,0.2796389037525574,0.513360543817771,0.4456969939805868,0.4329980404964075,0.4329980404964075,1.0,0.6043246791131855,0.6943249644878025,0.2505804933656242,0.0700738998664387,p1,body_of_pancreas,fold_e,42,1hop,1hop,0.5,55994,0.4329980404964075,0.0223966659573754
coordinate_plus_frozen_sequence_fm,C+S-FM: coordinate and frozen sequence-model embedding,1.311309143066056,0.3977763506417477,133280,55994,38275,all_test_chromosomes,all,38275,0.4329980404964075,0.3977763506417477,0.6217007483633914,0.5446151833254728,0.5080339647289354,0.4640204049099314,0.8781753454413805,0.6072009679168926,0.6706218929968906,0.2389705254593143,0.0654073091990173,p1,body_of_pancreas,fold_e,42,1hop,1hop,0.5517731394979458,55994,0.4329980404964075,0.1968549507779223
coordinate_plus_frozen_pangenomefm,C+T: coordinate and frozen topology embedding; no nucleotide input,1.4507727620454232,0.2416426370849186,133280,55994,38275,all_test_chromosomes,all,38275,0.4329980404964075,0.2416426370849186,0.510616856392867,0.4423907320714247,0.4329980404964075,0.4329980404964075,1.0,0.6043246791131855,0.6949932025586478,0.2509157348771437,0.0709151468786011,p1,body_of_pancreas,fold_e,42,1hop,1hop,0.5,55994,0.4329980404964075,0.0165655363576528
coordinate_plus_frozen_sequence_fm_plus_frozen_pangenomefm,"C+S-FM+T: coordinate, frozen sequence-model, and topology embeddings",1.3337326177342437,0.3742654766550938,133280,55994,38275,all_test_chromosomes,all,38275,0.4329980404964075,0.3742654766550938,0.6220083702033852,0.5461004243804394,0.4916002612671457,0.4567446043165468,0.9193869546853316,0.610297799050728,0.6705307348792053,0.2389305117816342,0.0662108479991881,p1,body_of_pancreas,fold_e,42,1hop,1hop,0.5421513153299481,55994,0.4329980404964075,0.1994744144853616
coordinate,"reference coordinate, node length, and constant orientation",0.8505572213988433,0.4694100385069108,133280,55994,38275,all_test_chromosomes,all,38275,0.4329980404964075,0.4694100385069108,0.485108752438358,0.415440068975099,0.4329980404964075,0.4329980404964075,1.0,0.6043246791131855,0.694968932920606,0.2509067081269578,0.0674422069787893,p1,body_of_pancreas,fold_e,42,strict,strict,0.5,55994,0.4329980404964075,-0.0309663330558513
sequence_kmer,mono/di/tri-nucleotide composition; no graph adjacency,1.0414361826524738,0.3904479845909137,133280,55994,38275,all_test_chromosomes,all,38275,0.4329980404964075,0.3904479845909137,0.5992565430881631,0.5211923341294078,0.485199216198563,0.4531609969182898,0.9138960960598564,0.6058884710776862,0.6781035041574802,0.2425305472390226,0.0659301395706959,p1,body_of_pancreas,fold_e,42,strict,strict,0.5358578259305825,55994,0.4329980404964075,0.1555449538661452
frozen_sequence_fm,S-FM: frozen pretrained sequence-model embedding only; no graph adjacency,1.320471372047519,0.3923072448457718,133280,55994,38275,all_test_chromosomes,all,38275,0.4329980404964075,0.3923072448457718,0.6198142240619819,0.5429249739216615,0.502416721097322,0.4612854726555159,0.8886140107403608,0.6073114909585765,0.671139491316525,0.2392184670747837,0.0650566851000763,p1,body_of_pancreas,fold_e,42,strict,strict,0.5480532038772304,55994,0.4329980404964075,0.1938739921137035
frozen_pangenomefm,frozen topology-pretrained node embedding; current encoder has no nucleotide input,1.9121445735304847,0.420035510605203,133280,55994,38275,all_test_chromosomes,all,38275,0.4329980404964075,0.420035510605203,0.5119669640420913,0.4423451475488444,0.4332070542129327,0.4330535728292415,0.9993966089422556,0.6042685151404596,0.6934363553542655,0.2501438069936388,0.0672859859676997,p1,body_of_pancreas,fold_e,42,strict,strict,0.5001130127929414,55994,0.4329980404964075,0.0164851406521067
coordinate_plus_frozen_sequence_fm,C+S-FM: coordinate and frozen sequence-model embedding,1.311309143066056,0.3977763506417477,133280,55994,38275,all_test_chromosomes,all,38275,0.4329980404964075,0.3977763506417477,0.6217007483633914,0.5446151833254728,0.5080339647289354,0.4640204049099314,0.8781753454413805,0.6072009679168926,0.6706218929968906,0.2389705254593143,0.0654073091990173,p1,body_of_pancreas,fold_e,42,strict,strict,0.5517731394979458,55994,0.4329980404964075,0.1968549507779223
coordinate_plus_frozen_pangenomefm,C+T: coordinate and frozen topology embedding; no nucleotide input,1.674194759846566,0.3811870326657466,133280,55994,38275,all_test_chromosomes,all,38275,0.4329980404964075,0.3811870326657466,0.5090673811315028,0.4361864473022737,0.4329980404964075,0.4329980404964075,1.0,0.6043246791131855,0.6939476370077605,0.2503981467542029,0.067230906130937,p1,body_of_pancreas,fold_e,42,strict,strict,0.5,55994,0.4329980404964075,0.0056232729930203
coordinate_plus_frozen_sequence_fm_plus_frozen_pangenomefm,"C+S-FM+T: coordinate, frozen sequence-model, and topology embeddings",1.329229819555502,0.3616013605857487,133280,55994,38275,all_test_chromosomes,all,38275,0.4329980404964075,0.3616013605857487,0.6229818366613233,0.546818516363911,0.4819333768778576,0.4524393806602395,0.9344717311289448,0.6096884042280968,0.6704177232165689,0.2388719779460366,0.0674503291217746,p1,body_of_pancreas,fold_e,42,strict,strict,0.5354093058003953,55994,0.4329980404964075,0.2007408862698688
coordinate,"reference coordinate, node length, and constant orientation",19.999998880057188,0.4918932225629138,104580,51128,50077,all_test_chromosomes,all,50077,0.4645645705613355,0.4918932225629138,0.505095339006962,0.4829998514317449,0.4645446013139764,0.4645524623557135,0.999914030261348,0.6343778123210341,0.6931072549866681,0.2499800378033965,0.0354547469321958,p1,gastroesophageal_sphincter,fold_a,20260806,1hop,1hop,0.4999756628015799,51128,0.4645645705613355,0.0344304464307421
sequence_kmer,mono/di/tri-nucleotide composition; no graph adjacency,1.1986794354415442,0.3941742962442781,104580,51128,50077,all_test_chromosomes,all,50077,0.4645645705613355,0.3941742962442781,0.6012656598433462,0.542267979857832,0.4916428699802304,0.476472481493402,0.9545220082530947,0.6356467102720806,0.6798168771391204,0.2432712183425108,0.0425966818459735,p1,gastroesophageal_sphincter,fold_a,20260806,1hop,1hop,0.5222764816933994,51128,0.4645645705613355,0.1451219045739251
frozen_sequence_fm,S-FM: frozen pretrained sequence-model embedding only; no graph adjacency,1.6098118905533902,0.352646876146477,104580,51128,50077,all_test_chromosomes,all,50077,0.4645645705613355,0.352646876146477,0.630279568921766,0.570747191471635,0.5059608203366815,0.4839739413680782,0.9580037826685008,0.6430735493551086,0.6679059018128836,0.2376703920691156,0.0392726834583406,p1,gastroesophageal_sphincter,fold_a,20260806,1hop,1hop,0.5358772875972571,51128,0.4645645705613355,0.1983107860860427
frozen_pangenomefm,frozen topology-pretrained node embedding; current encoder has no nucleotide input,2.3242341549625,0.3717124969497888,104580,51128,50077,all_test_chromosomes,all,50077,0.4645645705613355,0.3717124969497888,0.5267237427968562,0.4937457069422735,0.4645645705613355,0.4645560770997703,0.999742090784044,0.6343465750248878,0.6916261549224695,0.2492408949216875,0.0357888301136127,p1,gastroesophageal_sphincter,fold_a,20260806,1hop,1hop,0.4999829314174574,51128,0.4645645705613355,0.0544998234642982
coordinate_plus_frozen_sequence_fm,C+S-FM: coordinate and frozen sequence-model embedding,1.63542455906325,0.3524719029322217,104580,51128,50077,all_test_chromosomes,all,50077,0.4645645705613355,0.3524719029322217,0.6354840413706915,0.5758220536122938,0.5053817121632685,0.4837075367527659,0.9603249656121046,0.6433600668096932,0.6662949495489778,0.2368889503892526,0.0400762422930137,p1,gastroesophageal_sphincter,fold_a,20260806,1hop,1hop,0.5354901223838691,51128,0.4645645705613355,0.2077887956865264
coordinate_plus_frozen_pangenomefm,C+T: coordinate and frozen topology embedding; no nucleotide input,4.803823747067722,0.4436758430305652,104580,51128,50077,all_test_chromosomes,all,50077,0.4645645705613355,0.4436758430305652,0.527113198089155,0.488830900180093,0.4645446013139764,0.4645269595107718,0.99914030261348,0.6341982483424736,0.6923113802778803,0.2495822795504353,0.0363810749169187,p1,gastroesophageal_sphincter,fold_a,20260806,1hop,1hop,0.4999244570539522,51128,0.4645645705613355,0.0453207395039166
coordinate_plus_frozen_sequence_fm_plus_frozen_pangenomefm,"C+S-FM+T: coordinate, frozen sequence-model, and topology embeddings",1.716239806148673,0.348774569002201,104580,51128,50077,all_test_chromosomes,all,50077,0.4645645705613355,0.348774569002201,0.6350414100773656,0.5790060507281076,0.5038241108692614,0.4829443833904367,0.9633768913342504,0.6433666805414018,0.6661680664728649,0.2367818117901183,0.0387174227425582,p1,gastroesophageal_sphincter,fold_a,20260806,1hop,1hop,0.5342375822799622,51128,0.4645645705613355,0.2137353523407095
coordinate,"reference coordinate, node length, and constant orientation",19.999998880057188,0.4918932225629138,104580,51128,50077,all_test_chromosomes,all,50077,0.4645645705613355,0.4918932225629138,0.505095339006962,0.4829998514317449,0.4645446013139764,0.4645524623557135,0.999914030261348,0.6343778123210341,0.6931072549866681,0.2499800378033965,0.0354547469321958,p1,gastroesophageal_sphincter,fold_a,20260806,strict,strict,0.4999756628015799,51128,0.4645645705613355,0.0344304464307421
sequence_kmer,mono/di/tri-nucleotide composition; no graph adjacency,1.1986794354415442,0.3941742962442781,104580,51128,50077,all_test_chromosomes,all,50077,0.4645645705613355,0.3941742962442781,0.6012656598433462,0.542267979857832,0.4916428699802304,0.476472481493402,0.9545220082530947,0.6356467102720806,0.6798168771391204,0.2432712183425108,0.0425966818459735,p1,gastroesophageal_sphincter,fold_a,20260806,strict,strict,0.5222764816933994,51128,0.4645645705613355,0.1451219045739251
frozen_sequence_fm,S-FM: frozen pretrained sequence-model embedding only; no graph adjacency,1.6098118905533902,0.352646876146477,104580,51128,50077,all_test_chromosomes,all,50077,0.4645645705613355,0.352646876146477,0.630279568921766,0.570747191471635,0.5059608203366815,0.4839739413680782,0.9580037826685008,0.6430735493551086,0.6679059018128836,0.2376703920691156,0.0392726834583406,p1,gastroesophageal_sphincter,fold_a,20260806,strict,strict,0.5358772875972571,51128,0.4645645705613355,0.1983107860860427
frozen_pangenomefm,frozen topology-pretrained node embedding; current encoder has no nucleotide input,3.2608089972994247,0.4019019000979288,104580,51128,50077,all_test_chromosomes,all,50077,0.4645645705613355,0.4019019000979288,0.5133025730233303,0.4747764138189609,0.4645645705613355,0.4645645705613355,1.0,0.6344064029669625,0.6927913126274611,0.2498223066368601,0.0355739212577072,p1,gastroesophageal_sphincter,fold_a,20260806,strict,strict,0.5,51128,0.4645645705613355,0.0190720350133184
coordinate_plus_frozen_sequence_fm,C+S-FM: coordinate and frozen sequence-model embedding,1.63542455906325,0.3524719029322217,104580,51128,50077,all_test_chromosomes,all,50077,0.4645645705613355,0.3524719029322217,0.6354840413706915,0.5758220536122938,0.5053817121632685,0.4837075367527659,0.9603249656121046,0.6433600668096932,0.6662949495489778,0.2368889503892526,0.0400762422930137,p1,gastroesophageal_sphincter,fold_a,20260806,strict,strict,0.5354901223838691,51128,0.4645645705613355,0.2077887956865264
coordinate_plus_frozen_pangenomefm,C+T: coordinate and frozen topology embedding; no nucleotide input,6.433893797225484,0.4467606443712582,104580,51128,50077,all_test_chromosomes,all,50077,0.4645645705613355,0.4467606443712582,0.5133299585837026,0.4747308097870362,0.4645645705613355,0.4645645705613355,1.0,0.6344064029669625,0.6928622307905286,0.2498576099924035,0.0353242202652509,p1,gastroesophageal_sphincter,fold_a,20260806,strict,strict,0.5,51128,0.4645645705613355,0.0189868631524041
coordinate_plus_frozen_sequence_fm_plus_frozen_pangenomefm,"C+S-FM+T: coordinate, frozen sequence-model, and topology embeddings",1.6997305245979593,0.3575863785072247,104580,51128,50077,all_test_chromosomes,all,50077,0.4645645705613355,0.3575863785072247,0.6321888855418272,0.574718650201137,0.5081374682988198,0.4851293431673302,0.9584766162310868,0.6441995175292877,0.6671378190528245,0.2373055528528067,0.0391069806296941,p1,gastroesophageal_sphincter,fold_a,20260806,strict,strict,0.5379411761273287,51128,0.4645645705613355,0.2057280366285882
coordinate,"reference coordinate, node length, and constant orientation",19.999998880057188,0.4918932225629138,104580,51128,50077,all_test_chromosomes,all,50077,0.4645645705613355,0.4918932225629138,0.505095339006962,0.4829998514317449,0.4645446013139764,0.4645524623557135,0.999914030261348,0.6343778123210341,0.6931072549866681,0.2499800378033965,0.0354547469321958,p1,gastroesophageal_sphincter,fold_a,314159,1hop,1hop,0.4999756628015799,51128,0.4645645705613355,0.0344304464307421
sequence_kmer,mono/di/tri-nucleotide composition; no graph adjacency,1.1986794354415442,0.3941742962442781,104580,51128,50077,all_test_chromosomes,all,50077,0.4645645705613355,0.3941742962442781,0.6012656598433462,0.542267979857832,0.4916428699802304,0.476472481493402,0.9545220082530947,0.6356467102720806,0.6798168771391204,0.2432712183425108,0.0425966818459735,p1,gastroesophageal_sphincter,fold_a,314159,1hop,1hop,0.5222764816933994,51128,0.4645645705613355,0.1451219045739251
frozen_sequence_fm,S-FM: frozen pretrained sequence-model embedding only; no graph adjacency,1.6098118905533902,0.352646876146477,104580,51128,50077,all_test_chromosomes,all,50077,0.4645645705613355,0.352646876146477,0.630279568921766,0.570747191471635,0.5059608203366815,0.4839739413680782,0.9580037826685008,0.6430735493551086,0.6679059018128836,0.2376703920691156,0.0392726834583406,p1,gastroesophageal_sphincter,fold_a,314159,1hop,1hop,0.5358772875972571,51128,0.4645645705613355,0.1983107860860427
frozen_pangenomefm,frozen topology-pretrained node embedding; current encoder has no nucleotide input,1.740089567014908,0.3572004880915247,104580,51128,50077,all_test_chromosomes,all,50077,0.4645645705613355,0.3572004880915247,0.5140167081207554,0.4800887093440684,0.4642650318509495,0.4643956043956044,0.999097317744154,0.634067163161197,0.6930883339112629,0.2499678516770727,0.0377661692553,p1,gastroesophageal_sphincter,fold_a,314159,1hop,1hop,0.4996605448975125,51128,0.4645645705613355,0.0289934844225902
coordinate_plus_frozen_sequence_fm,C+S-FM: coordinate and frozen sequence-model embedding,1.63542455906325,0.3524719029322217,104580,51128,50077,all_test_chromosomes,all,50077,0.4645645705613355,0.3524719029322217,0.6354840413706915,0.5758220536122938,0.5053817121632685,0.4837075367527659,0.9603249656121046,0.6433600668096932,0.6662949495489778,0.2368889503892526,0.0400762422930137,p1,gastroesophageal_sphincter,fold_a,314159,1hop,1hop,0.5354901223838691,51128,0.4645645705613355,0.2077887956865264
coordinate_plus_frozen_pangenomefm,C+T: coordinate and frozen topology embedding; no nucleotide input,6.1512328500932005,0.4639741717393694,104580,51128,50077,all_test_chromosomes,all,50077,0.4645645705613355,0.4639741717393694,0.5151834187603572,0.4774319272962939,0.4640453701299998,0.4642821460685383,0.998753438789546,0.6338921551242003,0.6929302325410286,0.2498915015398077,0.0361937589768361,p1,gastroesophageal_sphincter,fold_a,314159,1hop,1hop,0.4994326624074907,51128,0.4645645705613355,0.0240315751022455
coordinate_plus_frozen_sequence_fm_plus_frozen_pangenomefm,"C+S-FM+T: coordinate, frozen sequence-model, and topology embeddings",1.68298409178574,0.3602839137618951,104580,51128,50077,all_test_chromosomes,all,50077,0.4645645705613355,0.3602839137618951,0.631625409100915,0.5761042887026373,0.5134892265910498,0.4879566923093782,0.9570151306740028,0.6463543859139801,0.6670533609561758,0.2372715647153895,0.0396450536552064,p1,gastroesophageal_sphincter,fold_a,314159,1hop,1hop,0.5428420299623697,51128,0.4645645705613355,0.2083159089009796
coordinate,"reference coordinate, node length, and constant orientation",19.999998880057188,0.4918932225629138,104580,51128,50077,all_test_chromosomes,all,50077,0.4645645705613355,0.4918932225629138,0.505095339006962,0.4829998514317449,0.4645446013139764,0.4645524623557135,0.999914030261348,0.6343778123210341,0.6931072549866681,0.2499800378033965,0.0354547469321958,p1,gastroesophageal_sphincter,fold_a,314159,strict,strict,0.4999756628015799,51128,0.4645645705613355,0.0344304464307421
sequence_kmer,mono/di/tri-nucleotide composition; no graph adjacency,1.1986794354415442,0.3941742962442781,104580,51128,50077,all_test_chromosomes,all,50077,0.4645645705613355,0.3941742962442781,0.6012656598433462,0.542267979857832,0.4916428699802304,0.476472481493402,0.9545220082530947,0.6356467102720806,0.6798168771391204,0.2432712183425108,0.0425966818459735,p1,gastroesophageal_sphincter,fold_a,314159,strict,strict,0.5222764816933994,51128,0.4645645705613355,0.1451219045739251
frozen_sequence_fm,S-FM: frozen pretrained sequence-model embedding only; no graph adjacency,1.6098118905533902,0.352646876146477,104580,51128,50077,all_test_chromosomes,all,50077,0.4645645705613355,0.352646876146477,0.630279568921766,0.570747191471635,0.5059608203366815,0.4839739413680782,0.9580037826685008,0.6430735493551086,0.6679059018128836,0.2376703920691156,0.0392726834583406,p1,gastroesophageal_sphincter,fold_a,314159,strict,strict,0.5358772875972571,51128,0.4645645705613355,0.1983107860860427
frozen_pangenomefm,frozen topology-pretrained node embedding; current encoder has no nucleotide input,2.378985333935623,0.3907005986111206,104580,51128,50077,all_test_chromosomes,all,50077,0.4645645705613355,0.3907005986111206,0.513381816005868,0.4799392235652339,0.4645645705613355,0.4645645705613355,1.0,0.6344064029669625,0.6927520325432271,0.2498030320318256,0.0350229522189267,p1,gastroesophageal_sphincter,fold_a,314159,strict,strict,0.5,51128,0.4645645705613355,0.0287142989772206
coordinate_plus_frozen_sequence_fm,C+S-FM: coordinate and frozen sequence-model embedding,1.63542455906325,0.3524719029322217,104580,51128,50077,all_test_chromosomes,all,50077,0.4645645705613355,0.3524719029322217,0.6354840413706915,0.5758220536122938,0.5053817121632685,0.4837075367527659,0.9603249656121046,0.6433600668096932,0.6662949495489778,0.2368889503892526,0.0400762422930137,p1,gastroesophageal_sphincter,fold_a,314159,strict,strict,0.5354901223838691,51128,0.4645645705613355,0.2077887956865264
coordinate_plus_frozen_pangenomefm,C+T: coordinate and frozen topology embedding; no nucleotide input,6.694203678445888,0.458350240952374,104580,51128,50077,all_test_chromosomes,all,50077,0.4645645705613355,0.458350240952374,0.5101005922251474,0.4768019881745373,0.4645645705613355,0.4645645705613355,1.0,0.6344064029669625,0.6929029454874149,0.2498779594971217,0.0353953756966746,p1,gastroesophageal_sphincter,fold_a,314159,strict,strict,0.5,51128,0.4645645705613355,0.0228550763367137
coordinate_plus_frozen_sequence_fm_plus_frozen_pangenomefm,"C+S-FM+T: coordinate, frozen sequence-model, and topology embeddings",1.667988337589534,0.3658681037407917,104580,51128,50077,all_test_chromosomes,all,50077,0.4645645705613355,0.3658681037407917,0.6333606741127903,0.5746930155291017,0.514747289174671,0.4885408370940625,0.9492778541953232,0.6450896769293685,0.6668578229112736,0.2371625323676974,0.039615908215272,p1,gastroesophageal_sphincter,fold_a,314159,strict,strict,0.5435047757531646,51128,0.4645645705613355,0.2056801603196518
coordinate,"reference coordinate, node length, and constant orientation",19.999998880057188,0.4918932225629138,104580,51128,50077,all_test_chromosomes,all,50077,0.4645645705613355,0.4918932225629138,0.505095339006962,0.4829998514317449,0.4645446013139764,0.4645524623557135,0.999914030261348,0.6343778123210341,0.6931072549866681,0.2499800378033965,0.0354547469321958,p1,gastroesophageal_sphincter,fold_a,42,1hop,1hop,0.4999756628015799,51128,0.4645645705613355,0.0344304464307421
sequence_kmer,mono/di/tri-nucleotide composition; no graph adjacency,1.1986794354415442,0.3941742962442781,104580,51128,50077,all_test_chromosomes,all,50077,0.4645645705613355,0.3941742962442781,0.6012656598433462,0.542267979857832,0.4916428699802304,0.476472481493402,0.9545220082530947,0.6356467102720806,0.6798168771391204,0.2432712183425108,0.0425966818459735,p1,gastroesophageal_sphincter,fold_a,42,1hop,1hop,0.5222764816933994,51128,0.4645645705613355,0.1451219045739251
frozen_sequence_fm,S-FM: frozen pretrained sequence-model embedding only; no graph adjacency,1.6098118905533902,0.352646876146477,104580,51128,50077,all_test_chromosomes,all,50077,0.4645645705613355,0.352646876146477,0.630279568921766,0.570747191471635,0.5059608203366815,0.4839739413680782,0.9580037826685008,0.6430735493551086,0.6679059018128836,0.2376703920691156,0.0392726834583406,p1,gastroesophageal_sphincter,fold_a,42,1hop,1hop,0.5358772875972571,51128,0.4645645705613355,0.1983107860860427
frozen_pangenomefm,frozen topology-pretrained node embedding; current encoder has no nucleotide input,1.6038793520317065,0.2726003636564951,104580,51128,50077,all_test_chromosomes,all,50077,0.4645645705613355,0.2726003636564951,0.5337469923897495,0.4964130380058993,0.4646045090560536,0.4645802959797088,0.999914030261348,0.6344037635508284,0.6908938849373475,0.2488713245323612,0.0328859571663509,p1,gastroesophageal_sphincter,fold_a,42,1hop,1hop,0.5000316058142976,51128,0.4645645705613355,0.0594814345362853
coordinate_plus_frozen_sequence_fm,C+S-FM: coordinate and frozen sequence-model embedding,1.63542455906325,0.3524719029322217,104580,51128,50077,all_test_chromosomes,all,50077,0.4645645705613355,0.3524719029322217,0.6354840413706915,0.5758220536122938,0.5053817121632685,0.4837075367527659,0.9603249656121046,0.6433600668096932,0.6662949495489778,0.2368889503892526,0.0400762422930137,p1,gastroesophageal_sphincter,fold_a,42,1hop,1hop,0.5354901223838691,51128,0.4645645705613355,0.2077887956865264
coordinate_plus_frozen_pangenomefm,C+T: coordinate and frozen topology embedding; no nucleotide input,3.1129739987533505,0.3922169700337178,104580,51128,50077,all_test_chromosomes,all,50077,0.4645645705613355,0.3922169700337178,0.5307570510960546,0.4943264063310054,0.4645845398086946,0.4645554445554445,0.999441196698762,0.6342854025152086,0.6916736549441134,0.249264269681145,0.0370073157693337,p1,gastroesophageal_sphincter,fold_a,42,1hop,1hop,0.4999816657420637,51128,0.4645645705613355,0.0555843601923604
coordinate_plus_frozen_sequence_fm_plus_frozen_pangenomefm,"C+S-FM+T: coordinate, frozen sequence-model, and topology embeddings",1.6526581480743696,0.3571591300529906,104580,51128,50077,all_test_chromosomes,all,50077,0.4645645705613355,0.3571591300529906,0.6331197757665026,0.5776658855107497,0.5118916868023244,0.4870817171783577,0.9554246905089409,0.6452240300738784,0.6661906332324965,0.2368752747547982,0.0387237730721498,p1,gastroesophageal_sphincter,fold_a,42,1hop,1hop,0.5412449600308848,51128,0.4645645705613355,0.2112324077395969
coordinate,"reference coordinate, node length, and constant orientation",19.999998880057188,0.4918932225629138,104580,51128,50077,all_test_chromosomes,all,50077,0.4645645705613355,0.4918932225629138,0.505095339006962,0.4829998514317449,0.4645446013139764,0.4645524623557135,0.999914030261348,0.6343778123210341,0.6931072549866681,0.2499800378033965,0.0354547469321958,p1,gastroesophageal_sphincter,fold_a,42,strict,strict,0.4999756628015799,51128,0.4645645705613355,0.0344304464307421
sequence_kmer,mono/di/tri-nucleotide composition; no graph adjacency,1.1986794354415442,0.3941742962442781,104580,51128,50077,all_test_chromosomes,all,50077,0.4645645705613355,0.3941742962442781,0.6012656598433462,0.542267979857832,0.4916428699802304,0.476472481493402,0.9545220082530947,0.6356467102720806,0.6798168771391204,0.2432712183425108,0.0425966818459735,p1,gastroesophageal_sphincter,fold_a,42,strict,strict,0.5222764816933994,51128,0.4645645705613355,0.1451219045739251
frozen_sequence_fm,S-FM: frozen pretrained sequence-model embedding only; no graph adjacency,1.6098118905533902,0.352646876146477,104580,51128,50077,all_test_chromosomes,all,50077,0.4645645705613355,0.352646876146477,0.630279568921766,0.570747191471635,0.5059608203366815,0.4839739413680782,0.9580037826685008,0.6430735493551086,0.6679059018128836,0.2376703920691156,0.0392726834583406,p1,gastroesophageal_sphincter,fold_a,42,strict,strict,0.5358772875972571,51128,0.4645645705613355,0.1983107860860427
frozen_pangenomefm,frozen topology-pretrained node embedding; current encoder has no nucleotide input,2.5853662243400417,0.4091072206132153,104580,51128,50077,all_test_chromosomes,all,50077,0.4645645705613355,0.4091072206132153,0.5089590419939906,0.4731126040292152,0.4646843860454899,0.4646018583275052,0.999441196698762,0.6343286636020133,0.6931741906905737,0.2500136486123303,0.0353951332793793,p1,gastroesophageal_sphincter,fold_a,42,strict,strict,0.5000749040965932,51128,0.4645645705613355,0.0159646392410774
coordinate_plus_frozen_sequence_fm,C+S-FM: coordinate and frozen sequence-model embedding,1.63542455906325,0.3524719029322217,104580,51128,50077,all_test_chromosomes,all,50077,0.4645645705613355,0.3524719029322217,0.6354840413706915,0.5758220536122938,0.5053817121632685,0.4837075367527659,0.9603249656121046,0.6433600668096932,0.6662949495489778,0.2368889503892526,0.0400762422930137,p1,gastroesophageal_sphincter,fold_a,42,strict,strict,0.5354901223838691,51128,0.4645645705613355,0.2077887956865264
coordinate_plus_frozen_pangenomefm,C+T: coordinate and frozen topology embedding; no nucleotide input,5.94741171254106,0.4577551929401279,104580,51128,50077,all_test_chromosomes,all,50077,0.4645645705613355,0.4577551929401279,0.5086528431336891,0.4733498038160878,0.464704355292849,0.4646266927655494,0.999914030261348,0.6344470203191054,0.6930212778247427,0.2499371159248514,0.0354896414447328,p1,gastroesophageal_sphincter,fold_a,42,strict,strict,0.5001248441688271,51128,0.4645645705613355,0.0164076427739615
coordinate_plus_frozen_sequence_fm_plus_frozen_pangenomefm,"C+S-FM+T: coordinate, frozen sequence-model, and topology embeddings",1.6850871848599551,0.3616409358580785,104580,51128,50077,all_test_chromosomes,all,50077,0.4645645705613355,0.3616409358580785,0.6328733345795894,0.5759708652585425,0.5126305489546099,0.4874483425657258,0.953189477303989,0.6450346151608587,0.6668649668323009,0.2371765531682024,0.0399087396310597,p1,gastroesophageal_sphincter,fold_a,42,strict,strict,0.5417869961390344,51128,0.4645645705613355,0.2080667220957009
coordinate,"reference coordinate, node length, and constant orientation",1.560098316655058,0.4605287505133814,117406,37251,51128,all_test_chromosomes,all,51128,0.4707596620247222,0.4605287505133814,0.4961842797538338,0.4611016244909982,0.4713855421686747,0.4707256244804244,0.9880759483152602,0.6376640613478838,0.6934621837606323,0.2501575354450927,0.0289868157200363,p1,gastroesophageal_sphincter,fold_b,20260806,1hop,1hop,0.4999325009324555,37251,0.4707596620247222,-0.0182488688800118
sequence_kmer,mono/di/tri-nucleotide composition; no graph adjacency,1.0570610829232578,0.3396082797634594,117406,37251,51128,all_test_chromosomes,all,51128,0.4707596620247222,0.3396082797634594,0.5982519688432069,0.5560797684397076,0.4840987325927084,0.4766991075394742,0.9808882795296856,0.6415924994904545,0.6790382505099513,0.2428277960275839,0.0305148795462035,p1,gastroesophageal_sphincter,fold_b,20260806,1hop,1hop,0.5115461760559105,37251,0.4707596620247222,0.161212402556834
frozen_sequence_fm,S-FM: frozen pretrained sequence-model embedding only; no graph adjacency,1.359886512644264,0.3583259955641947,117406,37251,51128,all_test_chromosomes,all,51128,0.4707596620247222,0.3583259955641947,0.6234939039279895,0.5801776324662802,0.5249765294946018,0.4975405027302676,0.9161161660226848,0.6448594031029289,0.6694597074018783,0.2383682119028536,0.0271072766196026,p1,gastroesophageal_sphincter,fold_b,20260806,1hop,1hop,0.5465868534758829,37251,0.4707596620247222,0.2067453340011077
frozen_pangenomefm,frozen topology-pretrained node embedding; current encoder has no nucleotide input,4.857543065313456,0.4699300450785901,117406,37251,51128,all_test_chromosomes,all,51128,0.4707596620247222,0.4699300450785901,0.53310765158826,0.4955531825038117,0.4716789234861524,0.4709597205502161,0.991482820225186,0.6385871019534386,0.6920744728976227,0.2494636934055697,0.0284434612412995,p1,gastroesophageal_sphincter,fold_b,20260806,1hop,1hop,0.5003979014833014,37251,0.4707596620247222,0.0468473748126274
coordinate_plus_frozen_sequence_fm,C+S-FM: coordinate and frozen sequence-model embedding,1.3390472198960068,0.3468708349143648,117406,37251,51128,all_test_chromosomes,all,51128,0.4707596620247222,0.3468708349143648,0.6227929982537501,0.5768405621997188,0.5208887498044125,0.4952408550857092,0.9230545514977772,0.6446249818656609,0.6699835640823961,0.2386228506180129,0.0270790732277037,p1,gastroesophageal_sphincter,fold_b,20260806,1hop,1hop,0.5431082654380863,37251,0.4707596620247222,0.2004399373275887
coordinate_plus_frozen_pangenomefm,C+T: coordinate and frozen topology embedding; no nucleotide input,4.807177011426385,0.4666309310303438,117406,37251,51128,all_test_chromosomes,all,51128,0.4707596620247222,0.4666309310303438,0.5208725132055521,0.485477060097733,0.4709748083242059,0.4706843275797595,0.993601728364286,0.6387724031090574,0.6926361268180801,0.2497443138401676,0.0292963664532768,p1,gastroesophageal_sphincter,fold_b,20260806,1hop,1hop,0.4998497573415354,37251,0.4707596620247222,0.0278085342650095
coordinate_plus_frozen_sequence_fm_plus_frozen_pangenomefm,"C+S-FM+T: coordinate, frozen sequence-model, and topology embeddings",1.407413147077832,0.3340120699739546,117406,37251,51128,all_test_chromosomes,all,51128,0.4707596620247222,0.3340120699739546,0.6237820374729193,0.5786266822267698,0.5132217180409951,0.4911169439684158,0.9406290248867838,0.6453084026906852,0.6698523393883284,0.2385321135312813,0.0284187263220947,p1,gastroesophageal_sphincter,fold_b,20260806,1hop,1hop,0.536835817739227,37251,0.4707596620247222,0.2038148124058645
coordinate,"reference coordinate, node length, and constant orientation",1.560098316655058,0.4605287505133814,117406,37251,51128,all_test_chromosomes,all,51128,0.4707596620247222,0.4605287505133814,0.4961842797538338,0.4611016244909982,0.4713855421686747,0.4707256244804244,0.9880759483152602,0.6376640613478838,0.6934621837606323,0.2501575354450927,0.0289868157200363,p1,gastroesophageal_sphincter,fold_b,20260806,strict,strict,0.4999325009324555,37251,0.4707596620247222,-0.0182488688800118
sequence_kmer,mono/di/tri-nucleotide composition; no graph adjacency,1.0570610829232578,0.3396082797634594,117406,37251,51128,all_test_chromosomes,all,51128,0.4707596620247222,0.3396082797634594,0.5982519688432069,0.5560797684397076,0.4840987325927084,0.4766991075394742,0.9808882795296856,0.6415924994904545,0.6790382505099513,0.2428277960275839,0.0305148795462035,p1,gastroesophageal_sphincter,fold_b,20260806,strict,strict,0.5115461760559105,37251,0.4707596620247222,0.161212402556834
frozen_sequence_fm,S-FM: frozen pretrained sequence-model embedding only; no graph adjacency,1.359886512644264,0.3583259955641947,117406,37251,51128,all_test_chromosomes,all,51128,0.4707596620247222,0.3583259955641947,0.6234939039279895,0.5801776324662802,0.5249765294946018,0.4975405027302676,0.9161161660226848,0.6448594031029289,0.6694597074018783,0.2383682119028536,0.0271072766196026,p1,gastroesophageal_sphincter,fold_b,20260806,strict,strict,0.5465868534758829,37251,0.4707596620247222,0.2067453340011077
frozen_pangenomefm,frozen topology-pretrained node embedding; current encoder has no nucleotide input,2.398405421751773,0.379834398577355,117406,37251,51128,all_test_chromosomes,all,51128,0.4707596620247222,0.379834398577355,0.5175153869460857,0.4799435540863885,0.4707792207792208,0.4707688696774698,1.0,0.6401670301611788,0.6926059548665552,0.2497294314645828,0.0287576591142071,p1,gastroesophageal_sphincter,fold_b,20260806,strict,strict,0.5000184781403599,37251,0.4707596620247222,0.0173529706688671
coordinate_plus_frozen_sequence_fm,C+S-FM: coordinate and frozen sequence-model embedding,1.3390472198960068,0.3468708349143648,117406,37251,51128,all_test_chromosomes,all,51128,0.4707596620247222,0.3468708349143648,0.6227929982537501,0.5768405621997188,0.5208887498044125,0.4952408550857092,0.9230545514977772,0.6446249818656609,0.6699835640823961,0.2386228506180129,0.0270790732277037,p1,gastroesophageal_sphincter,fold_b,20260806,strict,strict,0.5431082654380863,37251,0.4707596620247222,0.2004399373275887
coordinate_plus_frozen_pangenomefm,C+T: coordinate and frozen topology embedding; no nucleotide input,2.3484625223134348,0.4172703602253912,117406,37251,51128,all_test_chromosomes,all,51128,0.4707596620247222,0.4172703602253912,0.5110139696844661,0.4777529449479142,0.4703489281802535,0.4704971682768621,0.9975071668951764,0.6394045114383872,0.6931683810312627,0.250009796453746,0.0291636763050339,p1,gastroesophageal_sphincter,fold_b,20260806,strict,strict,0.4994742309216264,37251,0.4707596620247222,0.0132138131230628
coordinate_plus_frozen_sequence_fm_plus_frozen_pangenomefm,"C+S-FM+T: coordinate, frozen sequence-model, and topology embeddings",1.3761715315238314,0.3489900113414337,117406,37251,51128,all_test_chromosomes,all,51128,0.4707596620247222,0.3489900113414337,0.6220236883755881,0.5715355175027409,0.5242332968236583,0.4971265657971535,0.9200631517719888,0.6454856809735481,0.6707856439595424,0.2389396819648271,0.0271288465021263,p1,gastroesophageal_sphincter,fold_b,20260806,strict,strict,0.5461027536826609,37251,0.4707596620247222,0.1904160515495819
coordinate,"reference coordinate, node length, and constant orientation",1.560098316655058,0.4605287505133814,117406,37251,51128,all_test_chromosomes,all,51128,0.4707596620247222,0.4605287505133814,0.4961842797538338,0.4611016244909982,0.4713855421686747,0.4707256244804244,0.9880759483152602,0.6376640613478838,0.6934621837606323,0.2501575354450927,0.0289868157200363,p1,gastroesophageal_sphincter,fold_b,314159,1hop,1hop,0.4999325009324555,37251,0.4707596620247222,-0.0182488688800118
sequence_kmer,mono/di/tri-nucleotide composition; no graph adjacency,1.0570610829232578,0.3396082797634594,117406,37251,51128,all_test_chromosomes,all,51128,0.4707596620247222,0.3396082797634594,0.5982519688432069,0.5560797684397076,0.4840987325927084,0.4766991075394742,0.9808882795296856,0.6415924994904545,0.6790382505099513,0.2428277960275839,0.0305148795462035,p1,gastroesophageal_sphincter,fold_b,314159,1hop,1hop,0.5115461760559105,37251,0.4707596620247222,0.161212402556834
frozen_sequence_fm,S-FM: frozen pretrained sequence-model embedding only; no graph adjacency,1.359886512644264,0.3583259955641947,117406,37251,51128,all_test_chromosomes,all,51128,0.4707596620247222,0.3583259955641947,0.6234939039279895,0.5801776324662802,0.5249765294946018,0.4975405027302676,0.9161161660226848,0.6448594031029289,0.6694597074018783,0.2383682119028536,0.0271072766196026,p1,gastroesophageal_sphincter,fold_b,314159,1hop,1hop,0.5465868534758829,37251,0.4707596620247222,0.2067453340011077
frozen_pangenomefm,frozen topology-pretrained node embedding; current encoder has no nucleotide input,8.705478409215319,0.4549736958488166,117406,37251,51128,all_test_chromosomes,all,51128,0.4707596620247222,0.4549736958488166,0.516049631052056,0.4794580351276968,0.4707596620247222,0.4707596620247222,1.0,0.6401585169621129,0.6928405701896467,0.2498466872381448,0.0284002505580976,p1,gastroesophageal_sphincter,fold_b,314159,1hop,1hop,0.5,37251,0.4707596620247222,0.0164355822465311
coordinate_plus_frozen_sequence_fm,C+S-FM: coordinate and frozen sequence-model embedding,1.3390472198960068,0.3468708349143648,117406,37251,51128,all_test_chromosomes,all,51128,0.4707596620247222,0.3468708349143648,0.6227929982537501,0.5768405621997188,0.5208887498044125,0.4952408550857092,0.9230545514977772,0.6446249818656609,0.6699835640823961,0.2386228506180129,0.0270790732277037,p1,gastroesophageal_sphincter,fold_b,314159,1hop,1hop,0.5431082654380863,37251,0.4707596620247222,0.2004399373275887
coordinate_plus_frozen_pangenomefm,C+T: coordinate and frozen topology embedding; no nucleotide input,10.441679573882876,0.4633453815424119,117406,37251,51128,all_test_chromosomes,all,51128,0.4707596620247222,0.4633453815424119,0.5031825094068813,0.4704438628154734,0.4707596620247222,0.4707596620247222,1.0,0.6401585169621129,0.6930767249364475,0.2499647588330572,0.0287255164605831,p1,gastroesophageal_sphincter,fold_b,314159,1hop,1hop,0.5,37251,0.4707596620247222,-0.0005967028334554
coordinate_plus_frozen_sequence_fm_plus_frozen_pangenomefm,"C+S-FM+T: coordinate, frozen sequence-model, and topology embeddings",1.442741147603695,0.3590725354494584,117406,37251,51128,all_test_chromosomes,all,51128,0.4707596620247222,0.3590725354494584,0.6242053756683628,0.5764143448267551,0.5237443279611954,0.4968239256730791,0.9131247662968964,0.6435159429625509,0.6694920577037436,0.238372904710757,0.0266393283266536,p1,gastroesophageal_sphincter,fold_b,314159,1hop,1hop,0.5452574568762283,37251,0.4707596620247222,0.1996345992942214
coordinate,"reference coordinate, node length, and constant orientation",1.560098316655058,0.4605287505133814,117406,37251,51128,all_test_chromosomes,all,51128,0.4707596620247222,0.4605287505133814,0.4961842797538338,0.4611016244909982,0.4713855421686747,0.4707256244804244,0.9880759483152602,0.6376640613478838,0.6934621837606323,0.2501575354450927,0.0289868157200363,p1,gastroesophageal_sphincter,fold_b,314159,strict,strict,0.4999325009324555,37251,0.4707596620247222,-0.0182488688800118
sequence_kmer,mono/di/tri-nucleotide composition; no graph adjacency,1.0570610829232578,0.3396082797634594,117406,37251,51128,all_test_chromosomes,all,51128,0.4707596620247222,0.3396082797634594,0.5982519688432069,0.5560797684397076,0.4840987325927084,0.4766991075394742,0.9808882795296856,0.6415924994904545,0.6790382505099513,0.2428277960275839,0.0305148795462035,p1,gastroesophageal_sphincter,fold_b,314159,strict,strict,0.5115461760559105,37251,0.4707596620247222,0.161212402556834
frozen_sequence_fm,S-FM: frozen pretrained sequence-model embedding only; no graph adjacency,1.359886512644264,0.3583259955641947,117406,37251,51128,all_test_chromosomes,all,51128,0.4707596620247222,0.3583259955641947,0.6234939039279895,0.5801776324662802,0.5249765294946018,0.4975405027302676,0.9161161660226848,0.6448594031029289,0.6694597074018783,0.2383682119028536,0.0271072766196026,p1,gastroesophageal_sphincter,fold_b,314159,strict,strict,0.5465868534758829,37251,0.4707596620247222,0.2067453340011077
frozen_pangenomefm,frozen topology-pretrained node embedding; current encoder has no nucleotide input,1.872384991209748,0.4258538149201036,117406,37251,51128,all_test_chromosomes,all,51128,0.4707596620247222,0.4258538149201036,0.512971494080183,0.4732539127270087,0.4705053982162416,0.4705143059128488,0.9954713531929036,0.6390014934926392,0.693269262746736,0.2500595420293328,0.0286279431376914,p1,gastroesophageal_sphincter,fold_b,314159,strict,strict,0.4995095780710074,37251,0.4707596620247222,0.0047128884994456
coordinate_plus_frozen_sequence_fm,C+S-FM: coordinate and frozen sequence-model embedding,1.3390472198960068,0.3468708349143648,117406,37251,51128,all_test_chromosomes,all,51128,0.4707596620247222,0.3468708349143648,0.6227929982537501,0.5768405621997188,0.5208887498044125,0.4952408550857092,0.9230545514977772,0.6446249818656609,0.6699835640823961,0.2386228506180129,0.0270790732277037,p1,gastroesophageal_sphincter,fold_b,314159,strict,strict,0.5431082654380863,37251,0.4707596620247222,0.2004399373275887
coordinate_plus_frozen_pangenomefm,C+T: coordinate and frozen topology embedding; no nucleotide input,1.8635328224436032,0.4331621616651926,117406,37251,51128,all_test_chromosomes,all,51128,0.4707596620247222,0.4331621616651926,0.5028873243966141,0.4673599959438368,0.4698795180722891,0.4700955759188097,0.9911088952594624,0.6377148662015131,0.6941614969318584,0.250503669270502,0.033472717620719,p1,gastroesophageal_sphincter,fold_b,314159,strict,strict,0.4986772533505634,37251,0.4707596620247222,-0.0064236715097938
coordinate_plus_frozen_sequence_fm_plus_frozen_pangenomefm,"C+S-FM+T: coordinate, frozen sequence-model, and topology embeddings",1.3642797695363975,0.3362911851156527,117406,37251,51128,all_test_chromosomes,all,51128,0.4707596620247222,0.3362911851156527,0.6212517022417738,0.574786938277269,0.5159403849162886,0.4925143108762659,0.9294112759150774,0.6438429103886946,0.6705668466263756,0.238884627779507,0.0259239778417576,p1,gastroesophageal_sphincter,fold_b,314159,strict,strict,0.538784502660595,37251,0.4707596620247222,0.1965596134461809
coordinate,"reference coordinate, node length, and constant orientation",1.560098316655058,0.4605287505133814,117406,37251,51128,all_test_chromosomes,all,51128,0.4707596620247222,0.4605287505133814,0.4961842797538338,0.4611016244909982,0.4713855421686747,0.4707256244804244,0.9880759483152602,0.6376640613478838,0.6934621837606323,0.2501575354450927,0.0289868157200363,p1,gastroesophageal_sphincter,fold_b,42,1hop,1hop,0.4999325009324555,37251,0.4707596620247222,-0.0182488688800118
sequence_kmer,mono/di/tri-nucleotide composition; no graph adjacency,1.0570610829232578,0.3396082797634594,117406,37251,51128,all_test_chromosomes,all,51128,0.4707596620247222,0.3396082797634594,0.5982519688432069,0.5560797684397076,0.4840987325927084,0.4766991075394742,0.9808882795296856,0.6415924994904545,0.6790382505099513,0.2428277960275839,0.0305148795462035,p1,gastroesophageal_sphincter,fold_b,42,1hop,1hop,0.5115461760559105,37251,0.4707596620247222,0.161212402556834
frozen_sequence_fm,S-FM: frozen pretrained sequence-model embedding only; no graph adjacency,1.359886512644264,0.3583259955641947,117406,37251,51128,all_test_chromosomes,all,51128,0.4707596620247222,0.3583259955641947,0.6234939039279895,0.5801776324662802,0.5249765294946018,0.4975405027302676,0.9161161660226848,0.6448594031029289,0.6694597074018783,0.2383682119028536,0.0271072766196026,p1,gastroesophageal_sphincter,fold_b,42,1hop,1hop,0.5465868534758829,37251,0.4707596620247222,0.2067453340011077
frozen_pangenomefm,frozen topology-pretrained node embedding; current encoder has no nucleotide input,4.266847568222352,0.4284425748841028,117406,37251,51128,all_test_chromosomes,all,51128,0.4707596620247222,0.4284425748841028,0.524150786655408,0.4922988172492166,0.4707596620247222,0.4707585181707937,0.9999584527815862,0.6401489460735421,0.69216804170141,0.2495109277856216,0.0280800916942314,p1,gastroesophageal_sphincter,fold_b,42,1hop,1hop,0.499997704531153,37251,0.4707596620247222,0.0406982493188198
coordinate_plus_frozen_sequence_fm,C+S-FM: coordinate and frozen sequence-model embedding,1.3390472198960068,0.3468708349143648,117406,37251,51128,all_test_chromosomes,all,51128,0.4707596620247222,0.3468708349143648,0.6227929982537501,0.5768405621997188,0.5208887498044125,0.4952408550857092,0.9230545514977772,0.6446249818656609,0.6699835640823961,0.2386228506180129,0.0270790732277037,p1,gastroesophageal_sphincter,fold_b,42,1hop,1hop,0.5431082654380863,37251,0.4707596620247222,0.2004399373275887
coordinate_plus_frozen_pangenomefm,C+T: coordinate and frozen topology embedding; no nucleotide input,4.258420257932996,0.4458930130374108,117406,37251,51128,all_test_chromosomes,all,51128,0.4707596620247222,0.4458930130374108,0.5156223598509595,0.486252790332786,0.4705249569707401,0.4706250733883909,0.9991275084133118,0.6398552556307955,0.6925207009362951,0.2496871484847162,0.0282846739441997,p1,gastroesophageal_sphincter,fold_b,42,1hop,1hop,0.4997300574698954,37251,0.4707596620247222,0.0292742771031703
coordinate_plus_frozen_sequence_fm_plus_frozen_pangenomefm,"C+S-FM+T: coordinate, frozen sequence-model, and topology embeddings",1.4073233929661837,0.3451947633101203,117406,37251,51128,all_test_chromosomes,all,51128,0.4707596620247222,0.3451947633101203,0.6263107036909301,0.5796811423986967,0.5196369895165076,0.4945233899212528,0.9210187377955046,0.6435206688341849,0.6685071505203923,0.2379023089148919,0.0258661610995511,p1,gastroesophageal_sphincter,fold_b,42,1hop,1hop,0.5418131864815506,37251,0.4707596620247222,0.2058072156606145
coordinate,"reference coordinate, node length, and constant orientation",1.560098316655058,0.4605287505133814,117406,37251,51128,all_test_chromosomes,all,51128,0.4707596620247222,0.4605287505133814,0.4961842797538338,0.4611016244909982,0.4713855421686747,0.4707256244804244,0.9880759483152602,0.6376640613478838,0.6934621837606323,0.2501575354450927,0.0289868157200363,p1,gastroesophageal_sphincter,fold_b,42,strict,strict,0.4999325009324555,37251,0.4707596620247222,-0.0182488688800118
sequence_kmer,mono/di/tri-nucleotide composition; no graph adjacency,1.0570610829232578,0.3396082797634594,117406,37251,51128,all_test_chromosomes,all,51128,0.4707596620247222,0.3396082797634594,0.5982519688432069,0.5560797684397076,0.4840987325927084,0.4766991075394742,0.9808882795296856,0.6415924994904545,0.6790382505099513,0.2428277960275839,0.0305148795462035,p1,gastroesophageal_sphincter,fold_b,42,strict,strict,0.5115461760559105,37251,0.4707596620247222,0.161212402556834
frozen_sequence_fm,S-FM: frozen pretrained sequence-model embedding only; no graph adjacency,1.359886512644264,0.3583259955641947,117406,37251,51128,all_test_chromosomes,all,51128,0.4707596620247222,0.3583259955641947,0.6234939039279895,0.5801776324662802,0.5249765294946018,0.4975405027302676,0.9161161660226848,0.6448594031029289,0.6694597074018783,0.2383682119028536,0.0271072766196026,p1,gastroesophageal_sphincter,fold_b,42,strict,strict,0.5465868534758829,37251,0.4707596620247222,0.2067453340011077
frozen_pangenomefm,frozen topology-pretrained node embedding; current encoder has no nucleotide input,2.533133725431758,0.4321708936510251,117406,37251,51128,all_test_chromosomes,all,51128,0.4707596620247222,0.4321708936510251,0.5199526036812955,0.4843346157426515,0.4709552495697074,0.4708334964569549,0.9993352445053804,0.6400904796753376,0.6925199350013398,0.2496868015688693,0.0292291903730044,p1,gastroesophageal_sphincter,fold_b,42,strict,strict,0.500148053902049,37251,0.4707596620247222,0.0256498848327834
coordinate_plus_frozen_sequence_fm,C+S-FM: coordinate and frozen sequence-model embedding,1.3390472198960068,0.3468708349143648,117406,37251,51128,all_test_chromosomes,all,51128,0.4707596620247222,0.3468708349143648,0.6227929982537501,0.5768405621997188,0.5208887498044125,0.4952408550857092,0.9230545514977772,0.6446249818656609,0.6699835640823961,0.2386228506180129,0.0270790732277037,p1,gastroesophageal_sphincter,fold_b,42,strict,strict,0.5431082654380863,37251,0.4707596620247222,0.2004399373275887
coordinate_plus_frozen_pangenomefm,C+T: coordinate and frozen topology embedding; no nucleotide input,2.5869384019607704,0.4507533972017563,117406,37251,51128,all_test_chromosomes,all,51128,0.4707596620247222,0.4507533972017563,0.511680464054316,0.4780392385923834,0.471815834767642,0.4711375879831701,0.9955959948481448,0.6396017669589356,0.6930238200511285,0.2499383985706018,0.0294690040704444,p1,gastroesophageal_sphincter,fold_b,42,strict,strict,0.5007544998816651,37251,0.4707596620247222,0.0137547651706043
coordinate_plus_frozen_sequence_fm_plus_frozen_pangenomefm,"C+S-FM+T: coordinate, frozen sequence-model, and topology embeddings",1.3510212971947833,0.3337921200500044,117406,37251,51128,all_test_chromosomes,all,51128,0.4707596620247222,0.3337921200500044,0.6235986133900293,0.5762288117663383,0.5159403849162886,0.4925494149099356,0.9338568282853464,0.644936372896432,0.6698169550285652,0.2385148109224047,0.0271239469503347,p1,gastroesophageal_sphincter,fold_b,42,strict,strict,0.5390301178272143,37251,0.4707596620247222,0.1992840344428599
coordinate,"reference coordinate, node length, and constant orientation",0.6960557297634288,0.3888623152855635,136527,32007,37251,all_test_chromosomes,all,37251,0.4351024133580307,0.3888623152855635,0.511713165103242,0.452104211179223,0.4355319320286703,0.4352302357463509,0.998951135241856,0.6063023085996743,0.6932865441811057,0.2500711474967436,0.0655976862102148,p1,gastroesophageal_sphincter,fold_c,20260806,1hop,1hop,0.5002596763506718,32007,0.4351024133580307,0.0300971330436362
sequence_kmer,mono/di/tri-nucleotide composition; no graph adjacency,1.1696882121653285,0.3751554313618669,136527,32007,37251,all_test_chromosomes,all,37251,0.4351024133580307,0.3751554313618669,0.5857973855559896,0.5045656475985042,0.4663230517301548,0.4464816650148662,0.9450271470878578,0.6064457378152591,0.6774798149489817,0.242153285115849,0.0405947581794678,p1,gastroesophageal_sphincter,fold_c,20260806,1hop,1hop,0.5213184017528345,32007,0.4351024133580307,0.1229660665633169
frozen_sequence_fm,S-FM: frozen pretrained sequence-model embedding only; no graph adjacency,1.2288247034061668,0.3549088950683822,136527,32007,37251,all_test_chromosomes,all,37251,0.4351024133580307,0.3549088950683822,0.62065078432687,0.5396633317490664,0.5176236879546858,0.4708124772101966,0.8762956564659428,0.6125283018867924,0.6638324796649877,0.2357761286403008,0.0263450525848972,p1,gastroesophageal_sphincter,fold_c,20260806,1hop,1hop,0.5588292900017306,32007,0.4351024133580307,0.1850971235557892
frozen_pangenomefm,frozen topology-pretrained node embedding; current encoder has no nucleotide input,2.0530130660514407,0.421496148459674,136527,32007,37251,all_test_chromosomes,all,37251,0.4351024133580307,0.421496148459674,0.4948581904096247,0.4239424325631137,0.4366594185390996,0.4352130631730274,0.9899432379072064,0.6046161092793217,0.6959062587051121,0.2513699291560824,0.0678332172591052,p1,gastroesophageal_sphincter,fold_c,20260806,1hop,1hop,0.5002227713558272,32007,0.4351024133580307,-0.0197557593780093
coordinate_plus_frozen_sequence_fm,C+S-FM: coordinate and frozen sequence-model embedding,1.1967233310736891,0.3792479961693252,136527,32007,37251,all_test_chromosomes,all,37251,0.4351024133580307,0.3792479961693252,0.6234373372010933,0.540191912013253,0.544361225202008,0.486080279486153,0.8240992102665351,0.6114862544921831,0.662411721418128,0.2351613531786442,0.0243963277330511,p1,gastroesophageal_sphincter,fold_c,20260806,1hop,1hop,0.576498590544093,32007,0.4351024133580307,0.186032833455576
coordinate_plus_frozen_pangenomefm,C+T: coordinate and frozen topology embedding; no nucleotide input,2.4911037506569733,0.4217695552725041,136527,32007,37251,all_test_chromosomes,all,37251,0.4351024133580307,0.4217695552725041,0.4960220215420322,0.424117914913261,0.4358540710316501,0.4352103943715125,0.9961130306021716,0.6057593096332426,0.6952466093186476,0.2510445082026162,0.0670348542062407,p1,gastroesophageal_sphincter,fold_c,20260806,1hop,1hop,0.500218754525531,32007,0.4351024133580307,-0.0194451148394295
coordinate_plus_frozen_sequence_fm_plus_frozen_pangenomefm,"C+S-FM+T: coordinate, frozen sequence-model, and topology embeddings",1.2478985665946358,0.4086717406538451,136527,32007,37251,all_test_chromosomes,all,37251,0.4351024133580307,0.4086717406538451,0.6177081072278129,0.5312432911738509,0.5598238973450377,0.4962067996628266,0.7627097729516288,0.6012499696019066,0.6652574982363944,0.236547383345667,0.0306266591022794,p1,gastroesophageal_sphincter,fold_c,20260806,1hop,1hop,0.5831321995965671,32007,0.4351024133580307,0.1701916950775612
coordinate,"reference coordinate, node length, and constant orientation",0.6960557297634288,0.3888623152855635,136527,32007,37251,all_test_chromosomes,all,37251,0.4351024133580307,0.3888623152855635,0.511713165103242,0.452104211179223,0.4355319320286703,0.4352302357463509,0.998951135241856,0.6063023085996743,0.6932865441811057,0.2500711474967436,0.0655976862102148,p1,gastroesophageal_sphincter,fold_c,20260806,strict,strict,0.5002596763506718,32007,0.4351024133580307,0.0300971330436362
sequence_kmer,mono/di/tri-nucleotide composition; no graph adjacency,1.1696882121653285,0.3751554313618669,136527,32007,37251,all_test_chromosomes,all,37251,0.4351024133580307,0.3751554313618669,0.5857973855559896,0.5045656475985042,0.4663230517301548,0.4464816650148662,0.9450271470878578,0.6064457378152591,0.6774798149489817,0.242153285115849,0.0405947581794678,p1,gastroesophageal_sphincter,fold_c,20260806,strict,strict,0.5213184017528345,32007,0.4351024133580307,0.1229660665633169
frozen_sequence_fm,S-FM: frozen pretrained sequence-model embedding only; no graph adjacency,1.2288247034061668,0.3549088950683822,136527,32007,37251,all_test_chromosomes,all,37251,0.4351024133580307,0.3549088950683822,0.62065078432687,0.5396633317490664,0.5176236879546858,0.4708124772101966,0.8762956564659428,0.6125283018867924,0.6638324796649877,0.2357761286403008,0.0263450525848972,p1,gastroesophageal_sphincter,fold_c,20260806,strict,strict,0.5588292900017306,32007,0.4351024133580307,0.1850971235557892
frozen_pangenomefm,frozen topology-pretrained node embedding; current encoder has no nucleotide input,1.0884378070424077,0.381102229669956,136527,32007,37251,all_test_chromosomes,all,37251,0.4351024133580307,0.381102229669956,0.5251042848308678,0.4500989621707951,0.4365520388714397,0.4354912702053593,0.9956811451135242,0.6059513751994743,0.6920908292889967,0.2494718239615883,0.0638163050260845,p1,gastroesophageal_sphincter,fold_c,20260806,strict,strict,0.5007869205109512,32007,0.4351024133580307,0.0265473763163184
coordinate_plus_frozen_sequence_fm,C+S-FM: coordinate and frozen sequence-model embedding,1.1967233310736891,0.3792479961693252,136527,32007,37251,all_test_chromosomes,all,37251,0.4351024133580307,0.3792479961693252,0.6234373372010933,0.540191912013253,0.544361225202008,0.486080279486153,0.8240992102665351,0.6114862544921831,0.662411721418128,0.2351613531786442,0.0243963277330511,p1,gastroesophageal_sphincter,fold_c,20260806,strict,strict,0.576498590544093,32007,0.4351024133580307,0.186032833455576
coordinate_plus_frozen_pangenomefm,C+T: coordinate and frozen topology embedding; no nucleotide input,1.1232830294176035,0.3180937588377994,136527,32007,37251,all_test_chromosomes,all,37251,0.4351024133580307,0.3180937588377994,0.5254402003273606,0.450246945327547,0.4352366379426056,0.4351155292853305,0.9991979269496544,0.6062364303361534,0.6921404899086633,0.2494965954425764,0.0638025428820629,p1,gastroesophageal_sphincter,fold_c,20260806,strict,strict,0.5000266591455966,32007,0.4351024133580307,0.0268093408922898
coordinate_plus_frozen_sequence_fm_plus_frozen_pangenomefm,"C+S-FM+T: coordinate, frozen sequence-model, and topology embeddings",1.2152591677895217,0.3570639382386257,136527,32007,37251,all_test_chromosomes,all,37251,0.4351024133580307,0.3570639382386257,0.6265759198048804,0.543918239905623,0.5343749161096346,0.4805594501248162,0.8670409674234946,0.6183802336582254,0.6609263442014548,0.2344829351327372,0.0243864781313201,p1,gastroesophageal_sphincter,fold_c,20260806,strict,strict,0.5725928593235897,32007,0.4351024133580307,0.1926292997540447
coordinate,"reference coordinate, node length, and constant orientation",0.6960557297634288,0.3888623152855635,136527,32007,37251,all_test_chromosomes,all,37251,0.4351024133580307,0.3888623152855635,0.511713165103242,0.452104211179223,0.4355319320286703,0.4352302357463509,0.998951135241856,0.6063023085996743,0.6932865441811057,0.2500711474967436,0.0655976862102148,p1,gastroesophageal_sphincter,fold_c,314159,1hop,1hop,0.5002596763506718,32007,0.4351024133580307,0.0300971330436362
sequence_kmer,mono/di/tri-nucleotide composition; no graph adjacency,1.1696882121653285,0.3751554313618669,136527,32007,37251,all_test_chromosomes,all,37251,0.4351024133580307,0.3751554313618669,0.5857973855559896,0.5045656475985042,0.4663230517301548,0.4464816650148662,0.9450271470878578,0.6064457378152591,0.6774798149489817,0.242153285115849,0.0405947581794678,p1,gastroesophageal_sphincter,fold_c,314159,1hop,1hop,0.5213184017528345,32007,0.4351024133580307,0.1229660665633169
frozen_sequence_fm,S-FM: frozen pretrained sequence-model embedding only; no graph adjacency,1.2288247034061668,0.3549088950683822,136527,32007,37251,all_test_chromosomes,all,37251,0.4351024133580307,0.3549088950683822,0.62065078432687,0.5396633317490664,0.5176236879546858,0.4708124772101966,0.8762956564659428,0.6125283018867924,0.6638324796649877,0.2357761286403008,0.0263450525848972,p1,gastroesophageal_sphincter,fold_c,314159,1hop,1hop,0.5588292900017306,32007,0.4351024133580307,0.1850971235557892
frozen_pangenomefm,frozen topology-pretrained node embedding; current encoder has no nucleotide input,0.9361591918835938,0.3967295147561351,136527,32007,37251,all_test_chromosomes,all,37251,0.4351024133580307,0.3967295147561351,0.4884428330458963,0.4207626141123822,0.4432364231832702,0.4375654378134126,0.979824777887463,0.6049674298121976,0.6989123260625184,0.2528335775891966,0.066544405291245,p1,gastroesophageal_sphincter,fold_c,314159,1hop,1hop,0.5048817374206597,32007,0.4351024133580307,-0.0253847769661954
coordinate_plus_frozen_sequence_fm,C+S-FM: coordinate and frozen sequence-model embedding,1.1967233310736891,0.3792479961693252,136527,32007,37251,all_test_chromosomes,all,37251,0.4351024133580307,0.3792479961693252,0.6234373372010933,0.540191912013253,0.544361225202008,0.486080279486153,0.8240992102665351,0.6114862544921831,0.662411721418128,0.2351613531786442,0.0243963277330511,p1,gastroesophageal_sphincter,fold_c,314159,1hop,1hop,0.576498590544093,32007,0.4351024133580307,0.186032833455576
coordinate_plus_frozen_pangenomefm,C+T: coordinate and frozen topology embedding; no nucleotide input,1.0011364649248813,0.3965046027860214,136527,32007,37251,all_test_chromosomes,all,37251,0.4351024133580307,0.3965046027860214,0.490450522525704,0.421735689669183,0.4422431612574159,0.4373096237754178,0.983218163869694,0.6053676233166821,0.6982410410840438,0.2525115292408545,0.067201726939998,p1,gastroesophageal_sphincter,fold_c,314159,1hop,1hop,0.5043924303167316,32007,0.4351024133580307,-0.0236622071060811
coordinate_plus_frozen_sequence_fm_plus_frozen_pangenomefm,"C+S-FM+T: coordinate, frozen sequence-model, and topology embeddings",1.1957703200976555,0.3616660074235283,136527,32007,37251,all_test_chromosomes,all,37251,0.4351024133580307,0.3616660074235283,0.6193164314184104,0.5338959654739606,0.5335964135191001,0.4798255934666759,0.8555034550839091,0.6148184277036315,0.6647417910385139,0.2362670301913624,0.0262155602314412,p1,gastroesophageal_sphincter,fold_c,314159,1hop,1hop,0.5705783207083281,32007,0.4351024133580307,0.1748875450206959
coordinate,"reference coordinate, node length, and constant orientation",0.6960557297634288,0.3888623152855635,136527,32007,37251,all_test_chromosomes,all,37251,0.4351024133580307,0.3888623152855635,0.511713165103242,0.452104211179223,0.4355319320286703,0.4352302357463509,0.998951135241856,0.6063023085996743,0.6932865441811057,0.2500711474967436,0.0655976862102148,p1,gastroesophageal_sphincter,fold_c,314159,strict,strict,0.5002596763506718,32007,0.4351024133580307,0.0300971330436362
sequence_kmer,mono/di/tri-nucleotide composition; no graph adjacency,1.1696882121653285,0.3751554313618669,136527,32007,37251,all_test_chromosomes,all,37251,0.4351024133580307,0.3751554313618669,0.5857973855559896,0.5045656475985042,0.4663230517301548,0.4464816650148662,0.9450271470878578,0.6064457378152591,0.6774798149489817,0.242153285115849,0.0405947581794678,p1,gastroesophageal_sphincter,fold_c,314159,strict,strict,0.5213184017528345,32007,0.4351024133580307,0.1229660665633169
frozen_sequence_fm,S-FM: frozen pretrained sequence-model embedding only; no graph adjacency,1.2288247034061668,0.3549088950683822,136527,32007,37251,all_test_chromosomes,all,37251,0.4351024133580307,0.3549088950683822,0.62065078432687,0.5396633317490664,0.5176236879546858,0.4708124772101966,0.8762956564659428,0.6125283018867924,0.6638324796649877,0.2357761286403008,0.0263450525848972,p1,gastroesophageal_sphincter,fold_c,314159,strict,strict,0.5588292900017306,32007,0.4351024133580307,0.1850971235557892
frozen_pangenomefm,frozen topology-pretrained node embedding; current encoder has no nucleotide input,1.2424331766684331,0.3813780896359461,136527,32007,37251,all_test_chromosomes,all,37251,0.4351024133580307,0.3813780896359461,0.5214858698582636,0.454323075570229,0.43606883036697,0.4351363771524342,0.9931515301085884,0.605139001146595,0.692748819864444,0.2497933435214036,0.065693863327832,p1,gastroesophageal_sphincter,fold_c,314159,strict,strict,0.5000686130322441,32007,0.4351024133580307,0.0340250386383405
coordinate_plus_frozen_sequence_fm,C+S-FM: coordinate and frozen sequence-model embedding,1.1967233310736891,0.3792479961693252,136527,32007,37251,all_test_chromosomes,all,37251,0.4351024133580307,0.3792479961693252,0.6234373372010933,0.540191912013253,0.544361225202008,0.486080279486153,0.8240992102665351,0.6114862544921831,0.662411721418128,0.2351613531786442,0.0243963277330511,p1,gastroesophageal_sphincter,fold_c,314159,strict,strict,0.576498590544093,32007,0.4351024133580307,0.186032833455576
coordinate_plus_frozen_pangenomefm,C+T: coordinate and frozen topology embedding; no nucleotide input,1.2620189196746063,0.398542953003873,136527,32007,37251,all_test_chromosomes,all,37251,0.4351024133580307,0.398542953003873,0.5213932012901331,0.4539686129623386,0.4350755684411156,0.4342684717011906,0.9856243830207304,0.6028984413329811,0.6927902355329542,0.2498124690389336,0.0659419603032345,p1,gastroesophageal_sphincter,fold_c,314159,strict,strict,0.4983247134891705,32007,0.4351024133580307,0.0333975574518878
coordinate_plus_frozen_sequence_fm_plus_frozen_pangenomefm,"C+S-FM+T: coordinate, frozen sequence-model, and topology embeddings",1.2147193423155445,0.3886082950214405,136527,32007,37251,all_test_chromosomes,all,37251,0.4351024133580307,0.3886082950214405,0.6232750704510985,0.5423999589469972,0.550374486590964,0.4897518469407084,0.7975691016781836,0.6068586719245124,0.6623449393846498,0.2351153158708059,0.023838761059426,p1,gastroesophageal_sphincter,fold_c,314159,strict,strict,0.5787731456212046,32007,0.4351024133580307,0.1899415896371521
coordinate,"reference coordinate, node length, and constant orientation",0.6960557297634288,0.3888623152855635,136527,32007,37251,all_test_chromosomes,all,37251,0.4351024133580307,0.3888623152855635,0.511713165103242,0.452104211179223,0.4355319320286703,0.4352302357463509,0.998951135241856,0.6063023085996743,0.6932865441811057,0.2500711474967436,0.0655976862102148,p1,gastroesophageal_sphincter,fold_c,42,1hop,1hop,0.5002596763506718,32007,0.4351024133580307,0.0300971330436362
sequence_kmer,mono/di/tri-nucleotide composition; no graph adjacency,1.1696882121653285,0.3751554313618669,136527,32007,37251,all_test_chromosomes,all,37251,0.4351024133580307,0.3751554313618669,0.5857973855559896,0.5045656475985042,0.4663230517301548,0.4464816650148662,0.9450271470878578,0.6064457378152591,0.6774798149489817,0.242153285115849,0.0405947581794678,p1,gastroesophageal_sphincter,fold_c,42,1hop,1hop,0.5213184017528345,32007,0.4351024133580307,0.1229660665633169
frozen_sequence_fm,S-FM: frozen pretrained sequence-model embedding only; no graph adjacency,1.2288247034061668,0.3549088950683822,136527,32007,37251,all_test_chromosomes,all,37251,0.4351024133580307,0.3549088950683822,0.62065078432687,0.5396633317490664,0.5176236879546858,0.4708124772101966,0.8762956564659428,0.6125283018867924,0.6638324796649877,0.2357761286403008,0.0263450525848972,p1,gastroesophageal_sphincter,fold_c,42,1hop,1hop,0.5588292900017306,32007,0.4351024133580307,0.1850971235557892
frozen_pangenomefm,frozen topology-pretrained node embedding; current encoder has no nucleotide input,1.4962751681825222,0.4116128609308862,136527,32007,37251,all_test_chromosomes,all,37251,0.4351024133580307,0.4116128609308862,0.4870330487556645,0.4212159528025785,0.4374379211296341,0.4347587116631857,0.976061204343534,0.6015666590615256,0.6967482613800171,0.2517486728486384,0.0666796503859789,p1,gastroesophageal_sphincter,fold_c,42,1hop,1hop,0.4993170157059589,32007,0.4351024133580307,-0.0245822621371073
coordinate_plus_frozen_sequence_fm,C+S-FM: coordinate and frozen sequence-model embedding,1.1967233310736891,0.3792479961693252,136527,32007,37251,all_test_chromosomes,all,37251,0.4351024133580307,0.3792479961693252,0.6234373372010933,0.540191912013253,0.544361225202008,0.486080279486153,0.8240992102665351,0.6114862544921831,0.662411721418128,0.2351613531786442,0.0243963277330511,p1,gastroesophageal_sphincter,fold_c,42,1hop,1hop,0.576498590544093,32007,0.4351024133580307,0.186032833455576
coordinate_plus_frozen_pangenomefm,C+T: coordinate and frozen topology embedding; no nucleotide input,1.7321931711571208,0.3935838448280073,136527,32007,37251,all_test_chromosomes,all,37251,0.4351024133580307,0.3935838448280073,0.48639617884622,0.4198808980354681,0.4347265845212209,0.4340720598232495,0.9848840078973348,0.6025706358643338,0.6962558344980837,0.2515175643791804,0.0668906379623219,p1,gastroesophageal_sphincter,fold_c,42,1hop,1hop,0.4979307650568743,32007,0.4351024133580307,-0.0269456193166743
coordinate_plus_frozen_sequence_fm_plus_frozen_pangenomefm,"C+S-FM+T: coordinate, frozen sequence-model, and topology embeddings",1.206015673522988,0.3951284334468778,136527,32007,37251,all_test_chromosomes,all,37251,0.4351024133580307,0.3951284334468778,0.6141394144570894,0.5297832028601476,0.5512603688491584,0.4899405940594059,0.7632650542941757,0.5967967581648898,0.6673075883823277,0.2373663192506265,0.0247131729641504,p1,gastroesophageal_sphincter,fold_c,42,1hop,1hop,0.5756162747115986,32007,0.4351024133580307,0.1676069994650647
coordinate,"reference coordinate, node length, and constant orientation",0.6960557297634288,0.3888623152855635,136527,32007,37251,all_test_chromosomes,all,37251,0.4351024133580307,0.3888623152855635,0.511713165103242,0.452104211179223,0.4355319320286703,0.4352302357463509,0.998951135241856,0.6063023085996743,0.6932865441811057,0.2500711474967436,0.0655976862102148,p1,gastroesophageal_sphincter,fold_c,42,strict,strict,0.5002596763506718,32007,0.4351024133580307,0.0300971330436362
sequence_kmer,mono/di/tri-nucleotide composition; no graph adjacency,1.1696882121653285,0.3751554313618669,136527,32007,37251,all_test_chromosomes,all,37251,0.4351024133580307,0.3751554313618669,0.5857973855559896,0.5045656475985042,0.4663230517301548,0.4464816650148662,0.9450271470878578,0.6064457378152591,0.6774798149489817,0.242153285115849,0.0405947581794678,p1,gastroesophageal_sphincter,fold_c,42,strict,strict,0.5213184017528345,32007,0.4351024133580307,0.1229660665633169
frozen_sequence_fm,S-FM: frozen pretrained sequence-model embedding only; no graph adjacency,1.2288247034061668,0.3549088950683822,136527,32007,37251,all_test_chromosomes,all,37251,0.4351024133580307,0.3549088950683822,0.62065078432687,0.5396633317490664,0.5176236879546858,0.4708124772101966,0.8762956564659428,0.6125283018867924,0.6638324796649877,0.2357761286403008,0.0263450525848972,p1,gastroesophageal_sphincter,fold_c,42,strict,strict,0.5588292900017306,32007,0.4351024133580307,0.1850971235557892
frozen_pangenomefm,frozen topology-pretrained node embedding; current encoder has no nucleotide input,1.193642345715069,0.3883367639843031,136527,32007,37251,all_test_chromosomes,all,37251,0.4351024133580307,0.3883367639843031,0.5162186516008518,0.4415083141034062,0.4355856218625003,0.4351909156957189,0.997840572556762,0.6060594704989601,0.6926973944423008,0.2497746200492702,0.0627919909928158,p1,gastroesophageal_sphincter,fold_c,42,strict,strict,0.5001796124200909,32007,0.4351024133580307,0.01133993293095
coordinate_plus_frozen_sequence_fm,C+S-FM: coordinate and frozen sequence-model embedding,1.1967233310736891,0.3792479961693252,136527,32007,37251,all_test_chromosomes,all,37251,0.4351024133580307,0.3792479961693252,0.6234373372010933,0.540191912013253,0.544361225202008,0.486080279486153,0.8240992102665351,0.6114862544921831,0.662411721418128,0.2351613531786442,0.0243963277330511,p1,gastroesophageal_sphincter,fold_c,42,strict,strict,0.576498590544093,32007,0.4351024133580307,0.186032833455576
coordinate_plus_frozen_pangenomefm,C+T: coordinate and frozen topology embedding; no nucleotide input,1.257244770760645,0.4032245464889084,136527,32007,37251,all_test_chromosomes,all,37251,0.4351024133580307,0.4032245464889084,0.5181046267246979,0.443401663657214,0.4366325736221846,0.4355404457395715,0.9959279368213227,0.6060446780551906,0.6926695670081172,0.2497613167615955,0.0634000039411765,p1,gastroesophageal_sphincter,fold_c,42,strict,strict,0.5008865554942522,32007,0.4351024133580307,0.0146916016202479
coordinate_plus_frozen_sequence_fm_plus_frozen_pangenomefm,"C+S-FM+T: coordinate, frozen sequence-model, and topology embeddings",1.225797691696509,0.3574951342745147,136527,32007,37251,all_test_chromosomes,all,37251,0.4351024133580307,0.3574951342745147,0.6254601029884795,0.5449839861795027,0.532334702424096,0.4794580863674851,0.873395853899309,0.6190715675770232,0.6613321295309247,0.2346582289134038,0.0244582986594925,p1,gastroesophageal_sphincter,fold_c,42,strict,strict,0.5715171067244014,32007,0.4351024133580307,0.1945159183183317
coordinate,"reference coordinate, node length, and constant orientation",19.999998847764328,0.4941324038497669,138456,35322,32007,all_test_chromosomes,all,32007,0.4605867466491705,0.4941324038497669,0.5165375749698561,0.4738978186885673,0.460617989814728,0.4605986751656043,0.9999321665988332,0.6306849783938733,0.6930909038058775,0.2499718618143899,0.0394020633937053,p1,gastroesophageal_sphincter,fold_d,20260806,1hop,1hop,0.5000240039481278,35322,0.4605867466491705,0.0246769465835489
sequence_kmer,mono/di/tri-nucleotide composition; no graph adjacency,1.0508932391059338,0.3911901279214931,138456,35322,32007,all_test_chromosomes,all,32007,0.4605867466491705,0.3911901279214931,0.6016075848154234,0.5466798869164626,0.5011716187084075,0.4785534062237174,0.9263329263329264,0.6310827672258422,0.6797363469321596,0.2429840396869907,0.0470702033103304,p1,gastroesophageal_sphincter,fold_d,20260806,1hop,1hop,0.5322368367546473,35322,0.4605867466491705,0.1596051630776263
frozen_sequence_fm,S-FM: frozen pretrained sequence-model embedding only; no graph adjacency,1.2745193951757958,0.3642819218501471,138456,35322,32007,all_test_chromosomes,all,32007,0.4605867466491705,0.3642819218501471,0.6440847427573946,0.5818682728854438,0.5341331583716062,0.4968884633796074,0.9153439153439152,0.6441203847347192,0.6614517214684783,0.234546711528541,0.0392539130113931,p1,gastroesophageal_sphincter,fold_d,20260806,1hop,1hop,0.561987046000947,35322,0.4605867466491705,0.2248397225742485
frozen_pangenomefm,frozen topology-pretrained node embedding; current encoder has no nucleotide input,2.4833040061545684,0.4421956506234236,138456,35322,32007,all_test_chromosomes,all,32007,0.4605867466491705,0.4421956506234236,0.5296801599147385,0.4868811787237846,0.4615552847814541,0.460864375903009,0.9953194953194954,0.6300128810648347,0.6916034392708251,0.2492267417664722,0.0374488909927494,p1,gastroesophageal_sphincter,fold_d,20260806,1hop,1hop,0.500555780095311,35322,0.4605867466491705,0.0487463589581334
coordinate_plus_frozen_sequence_fm,C+S-FM: coordinate and frozen sequence-model embedding,1.255941566094708,0.3864717673193055,138456,35322,32007,all_test_chromosomes,all,32007,0.4605867466491705,0.3864717673193055,0.6491020374262,0.5870189647769087,0.553066516699472,0.5085354896675651,0.8830552163885497,0.6453979822017303,0.6590271960026397,0.2333978276984836,0.0377968842924828,p1,gastroesophageal_sphincter,fold_d,20260806,1hop,1hop,0.5771777674760588,35322,0.4605867466491705,0.2343884161954542
coordinate_plus_frozen_pangenomefm,C+T: coordinate and frozen topology embedding; no nucleotide input,3.5921863617410006,0.4565271034132051,138456,35322,32007,all_test_chromosomes,all,32007,0.4605867466491705,0.4565271034132051,0.5260428830464547,0.4848473248703862,0.4620551754303746,0.461200952739125,0.9982363315696648,0.6309110396570203,0.6921176605180497,0.2494848169726084,0.0398899501596249,p1,gastroesophageal_sphincter,fold_d,20260806,1hop,1hop,0.5012322694627936,35322,0.4605867466491705,0.0449758660368636
coordinate_plus_frozen_sequence_fm_plus_frozen_pangenomefm,"C+S-FM+T: coordinate, frozen sequence-model, and topology embeddings",1.265736474491362,0.3647002284587413,138456,35322,32007,all_test_chromosomes,all,32007,0.4605867466491705,0.3647002284587413,0.650246229549251,0.5916968617675463,0.5409754116287062,0.5009322097098964,0.9112739112739112,0.6464870067372473,0.6581944525421013,0.2329945038544243,0.0361521267995763,p1,gastroesophageal_sphincter,fold_d,20260806,1hop,1hop,0.5680319744611665,35322,0.4605867466491705,0.2430606113289229
coordinate,"reference coordinate, node length, and constant orientation",19.999998847764328,0.4941324038497669,138456,35322,32007,all_test_chromosomes,all,32007,0.4605867466491705,0.4941324038497669,0.5165375749698561,0.4738978186885673,0.460617989814728,0.4605986751656043,0.9999321665988332,0.6306849783938733,0.6930909038058775,0.2499718618143899,0.0394020633937053,p1,gastroesophageal_sphincter,fold_d,20260806,strict,strict,0.5000240039481278,35322,0.4605867466491705,0.0246769465835489
sequence_kmer,mono/di/tri-nucleotide composition; no graph adjacency,1.0508932391059338,0.3911901279214931,138456,35322,32007,all_test_chromosomes,all,32007,0.4605867466491705,0.3911901279214931,0.6016075848154234,0.5466798869164626,0.5011716187084075,0.4785534062237174,0.9263329263329264,0.6310827672258422,0.6797363469321596,0.2429840396869907,0.0470702033103304,p1,gastroesophageal_sphincter,fold_d,20260806,strict,strict,0.5322368367546473,35322,0.4605867466491705,0.1596051630776263
frozen_sequence_fm,S-FM: frozen pretrained sequence-model embedding only; no graph adjacency,1.2745193951757958,0.3642819218501471,138456,35322,32007,all_test_chromosomes,all,32007,0.4605867466491705,0.3642819218501471,0.6440847427573946,0.5818682728854438,0.5341331583716062,0.4968884633796074,0.9153439153439152,0.6441203847347192,0.6614517214684783,0.234546711528541,0.0392539130113931,p1,gastroesophageal_sphincter,fold_d,20260806,strict,strict,0.561987046000947,35322,0.4605867466491705,0.2248397225742485
frozen_pangenomefm,frozen topology-pretrained node embedding; current encoder has no nucleotide input,3.244123413884382,0.4600388634816357,138456,35322,32007,all_test_chromosomes,all,32007,0.4605867466491705,0.4600388634816357,0.5218711897734969,0.4767407904754108,0.4622738775892773,0.4612608654721185,0.9970831637498304,0.6307365530262395,0.6926434985777455,0.2497482025392105,0.0394081378766716,p1,gastroesophageal_sphincter,fold_d,20260806,strict,strict,0.5013507333374115,35322,0.4605867466491705,0.0299474358961178
coordinate_plus_frozen_sequence_fm,C+S-FM: coordinate and frozen sequence-model embedding,1.255941566094708,0.3864717673193055,138456,35322,32007,all_test_chromosomes,all,32007,0.4605867466491705,0.3864717673193055,0.6491020374262,0.5870189647769087,0.553066516699472,0.5085354896675651,0.8830552163885497,0.6453979822017303,0.6590271960026397,0.2333978276984836,0.0377968842924828,p1,gastroesophageal_sphincter,fold_d,20260806,strict,strict,0.5771777674760588,35322,0.4605867466491705,0.2343884161954542
coordinate_plus_frozen_pangenomefm,C+T: coordinate and frozen topology embedding; no nucleotide input,9.680688155705678,0.4860281636103012,138456,35322,32007,all_test_chromosomes,all,32007,0.4605867466491705,0.4860281636103012,0.5199757697440872,0.4771405683916221,0.4622113912581623,0.4612538024900429,0.997693664360331,0.6308520448647837,0.6929274278247414,0.2498901309614973,0.0394947751787301,p1,gastroesophageal_sphincter,fold_d,20260806,strict,strict,0.5013374200747499,35322,0.4605867466491705,0.0306885706638082
coordinate_plus_frozen_sequence_fm_plus_frozen_pangenomefm,"C+S-FM+T: coordinate, frozen sequence-model, and topology embeddings",1.2768037601796969,0.3764736184677461,138456,35322,32007,all_test_chromosomes,all,32007,0.4605867466491705,0.3764736184677461,0.6478098671215767,0.585610079544183,0.5473490174024432,0.504862919283198,0.8943833943833944,0.6454060404327182,0.6595148764791472,0.2336245811206286,0.0367061080977353,p1,gastroesophageal_sphincter,fold_d,20260806,strict,strict,0.5727057429490097,35322,0.4605867466491705,0.2317765314781734
coordinate,"reference coordinate, node length, and constant orientation",19.999998847764328,0.4941324038497669,138456,35322,32007,all_test_chromosomes,all,32007,0.4605867466491705,0.4941324038497669,0.5165375749698561,0.4738978186885673,0.460617989814728,0.4605986751656043,0.9999321665988332,0.6306849783938733,0.6930909038058775,0.2499718618143899,0.0394020633937053,p1,gastroesophageal_sphincter,fold_d,314159,1hop,1hop,0.5000240039481278,35322,0.4605867466491705,0.0246769465835489
sequence_kmer,mono/di/tri-nucleotide composition; no graph adjacency,1.0508932391059338,0.3911901279214931,138456,35322,32007,all_test_chromosomes,all,32007,0.4605867466491705,0.3911901279214931,0.6016075848154234,0.5466798869164626,0.5011716187084075,0.4785534062237174,0.9263329263329264,0.6310827672258422,0.6797363469321596,0.2429840396869907,0.0470702033103304,p1,gastroesophageal_sphincter,fold_d,314159,1hop,1hop,0.5322368367546473,35322,0.4605867466491705,0.1596051630776263
frozen_sequence_fm,S-FM: frozen pretrained sequence-model embedding only; no graph adjacency,1.2745193951757958,0.3642819218501471,138456,35322,32007,all_test_chromosomes,all,32007,0.4605867466491705,0.3642819218501471,0.6440847427573946,0.5818682728854438,0.5341331583716062,0.4968884633796074,0.9153439153439152,0.6441203847347192,0.6614517214684783,0.234546711528541,0.0392539130113931,p1,gastroesophageal_sphincter,fold_d,314159,1hop,1hop,0.561987046000947,35322,0.4605867466491705,0.2248397225742485
frozen_pangenomefm,frozen topology-pretrained node embedding; current encoder has no nucleotide input,2.222083794246794,0.3846462848871466,138456,35322,32007,all_test_chromosomes,all,32007,0.4605867466491705,0.3846462848871466,0.5436609382115705,0.4947064904402874,0.4606492329802855,0.4606130675249195,0.9999321665988332,0.6306984704246443,0.690979557857372,0.2489180622909833,0.0395411395069755,p1,gastroesophageal_sphincter,fold_d,314159,1hop,1hop,0.5000529642724835,35322,0.4605867466491705,0.0632534398796571
coordinate_plus_frozen_sequence_fm,C+S-FM: coordinate and frozen sequence-model embedding,1.255941566094708,0.3864717673193055,138456,35322,32007,all_test_chromosomes,all,32007,0.4605867466491705,0.3864717673193055,0.6491020374262,0.5870189647769087,0.553066516699472,0.5085354896675651,0.8830552163885497,0.6453979822017303,0.6590271960026397,0.2333978276984836,0.0377968842924828,p1,gastroesophageal_sphincter,fold_d,314159,1hop,1hop,0.5771777674760588,35322,0.4605867466491705,0.2343884161954542
coordinate_plus_frozen_pangenomefm,C+T: coordinate and frozen topology embedding; no nucleotide input,3.5321230603584275,0.451766664951149,138456,35322,32007,all_test_chromosomes,all,32007,0.4605867466491705,0.451766664951149,0.5384985924323697,0.4910195122796714,0.4611178804636486,0.4607726504289023,0.9983719983719984,0.6305372290292177,0.6918209957442945,0.2493374322939954,0.0397855988103477,p1,gastroesophageal_sphincter,fold_d,314159,1hop,1hop,0.5003733724845801,35322,0.4605867466491705,0.0564182756753804
coordinate_plus_frozen_sequence_fm_plus_frozen_pangenomefm,"C+S-FM+T: coordinate, frozen sequence-model, and topology embeddings",1.2735229038062694,0.3578018717850378,138456,35322,32007,all_test_chromosomes,all,32007,0.4605867466491705,0.3578018717850378,0.6523717095152561,0.5871809965589788,0.5328209454181898,0.4961351064219511,0.9186677520010852,0.6443064773186803,0.6580027945946612,0.2328739202749002,0.038843363711848,p1,gastroesophageal_sphincter,fold_d,314159,1hop,1hop,0.5610135748131694,35322,0.4605867466491705,0.2346888014400946
coordinate,"reference coordinate, node length, and constant orientation",19.999998847764328,0.4941324038497669,138456,35322,32007,all_test_chromosomes,all,32007,0.4605867466491705,0.4941324038497669,0.5165375749698561,0.4738978186885673,0.460617989814728,0.4605986751656043,0.9999321665988332,0.6306849783938733,0.6930909038058775,0.2499718618143899,0.0394020633937053,p1,gastroesophageal_sphincter,fold_d,314159,strict,strict,0.5000240039481278,35322,0.4605867466491705,0.0246769465835489
sequence_kmer,mono/di/tri-nucleotide composition; no graph adjacency,1.0508932391059338,0.3911901279214931,138456,35322,32007,all_test_chromosomes,all,32007,0.4605867466491705,0.3911901279214931,0.6016075848154234,0.5466798869164626,0.5011716187084075,0.4785534062237174,0.9263329263329264,0.6310827672258422,0.6797363469321596,0.2429840396869907,0.0470702033103304,p1,gastroesophageal_sphincter,fold_d,314159,strict,strict,0.5322368367546473,35322,0.4605867466491705,0.1596051630776263
frozen_sequence_fm,S-FM: frozen pretrained sequence-model embedding only; no graph adjacency,1.2745193951757958,0.3642819218501471,138456,35322,32007,all_test_chromosomes,all,32007,0.4605867466491705,0.3642819218501471,0.6440847427573946,0.5818682728854438,0.5341331583716062,0.4968884633796074,0.9153439153439152,0.6441203847347192,0.6614517214684783,0.234546711528541,0.0392539130113931,p1,gastroesophageal_sphincter,fold_d,314159,strict,strict,0.561987046000947,35322,0.4605867466491705,0.2248397225742485
frozen_pangenomefm,frozen topology-pretrained node embedding; current encoder has no nucleotide input,3.3523942714997323,0.4437368530313422,138456,35322,32007,all_test_chromosomes,all,32007,0.4605867466491705,0.4437368530313422,0.5395150483479473,0.5006638858971938,0.4605555034836129,0.4605698931450353,0.9999321665988332,0.6306579960640027,0.691952434547791,0.2494029968642742,0.0399301572234079,p1,gastroesophageal_sphincter,fold_d,314159,strict,strict,0.4999660832994166,35322,0.4605867466491705,0.0742976539769175
coordinate_plus_frozen_sequence_fm,C+S-FM: coordinate and frozen sequence-model embedding,1.255941566094708,0.3864717673193055,138456,35322,32007,all_test_chromosomes,all,32007,0.4605867466491705,0.3864717673193055,0.6491020374262,0.5870189647769087,0.553066516699472,0.5085354896675651,0.8830552163885497,0.6453979822017303,0.6590271960026397,0.2333978276984836,0.0377968842924828,p1,gastroesophageal_sphincter,fold_d,314159,strict,strict,0.5771777674760588,35322,0.4605867466491705,0.2343884161954542
coordinate_plus_frozen_pangenomefm,C+T: coordinate and frozen topology embedding; no nucleotide input,12.009399920873165,0.4833056886284082,138456,35322,32007,all_test_chromosomes,all,32007,0.4605867466491705,0.4833056886284082,0.5327005791239791,0.4977807067369674,0.460617989814728,0.4606011372867587,1.0,0.6307007786429366,0.6928226468362706,0.2498377428793524,0.0395679520337392,p1,gastroesophageal_sphincter,fold_d,314159,strict,strict,0.5000289603243556,35322,0.4605867466491705,0.0689526255737107
coordinate_plus_frozen_sequence_fm_plus_frozen_pangenomefm,"C+S-FM+T: coordinate, frozen sequence-model, and topology embeddings",1.2578560969127772,0.378475364281982,138456,35322,32007,all_test_chromosomes,all,32007,0.4605867466491705,0.378475364281982,0.6511731426250202,0.5877322117845463,0.549442309494798,0.5061961934911015,0.8894315560982228,0.6451962110960758,0.658210199820023,0.2329862548136771,0.0376418900214767,p1,gastroesophageal_sphincter,fold_d,314159,strict,strict,0.5742842692162125,35322,0.4605867466491705,0.2357106807175193
coordinate,"reference coordinate, node length, and constant orientation",19.999998847764328,0.4941324038497669,138456,35322,32007,all_test_chromosomes,all,32007,0.4605867466491705,0.4941324038497669,0.5165375749698561,0.4738978186885673,0.460617989814728,0.4605986751656043,0.9999321665988332,0.6306849783938733,0.6930909038058775,0.2499718618143899,0.0394020633937053,p1,gastroesophageal_sphincter,fold_d,42,1hop,1hop,0.5000240039481278,35322,0.4605867466491705,0.0246769465835489
sequence_kmer,mono/di/tri-nucleotide composition; no graph adjacency,1.0508932391059338,0.3911901279214931,138456,35322,32007,all_test_chromosomes,all,32007,0.4605867466491705,0.3911901279214931,0.6016075848154234,0.5466798869164626,0.5011716187084075,0.4785534062237174,0.9263329263329264,0.6310827672258422,0.6797363469321596,0.2429840396869907,0.0470702033103304,p1,gastroesophageal_sphincter,fold_d,42,1hop,1hop,0.5322368367546473,35322,0.4605867466491705,0.1596051630776263
frozen_sequence_fm,S-FM: frozen pretrained sequence-model embedding only; no graph adjacency,1.2745193951757958,0.3642819218501471,138456,35322,32007,all_test_chromosomes,all,32007,0.4605867466491705,0.3642819218501471,0.6440847427573946,0.5818682728854438,0.5341331583716062,0.4968884633796074,0.9153439153439152,0.6441203847347192,0.6614517214684783,0.234546711528541,0.0392539130113931,p1,gastroesophageal_sphincter,fold_d,42,1hop,1hop,0.561987046000947,35322,0.4605867466491705,0.2248397225742485
frozen_pangenomefm,frozen topology-pretrained node embedding; current encoder has no nucleotide input,1.4740981371712558,0.3840118456478627,138456,35322,32007,all_test_chromosomes,all,32007,0.4605867466491705,0.3840118456478627,0.5235426201011681,0.487167541953533,0.4606492329802855,0.4606130675249195,0.9999321665988332,0.6306984704246443,0.6917607445216355,0.2493095285899044,0.037031189047819,p1,gastroesophageal_sphincter,fold_d,42,1hop,1hop,0.5000529642724835,35322,0.4605867466491705,0.0492772380716323
coordinate_plus_frozen_sequence_fm,C+S-FM: coordinate and frozen sequence-model embedding,1.255941566094708,0.3864717673193055,138456,35322,32007,all_test_chromosomes,all,32007,0.4605867466491705,0.3864717673193055,0.6491020374262,0.5870189647769087,0.553066516699472,0.5085354896675651,0.8830552163885497,0.6453979822017303,0.6590271960026397,0.2333978276984836,0.0377968842924828,p1,gastroesophageal_sphincter,fold_d,42,1hop,1hop,0.5771777674760588,35322,0.4605867466491705,0.2343884161954542
coordinate_plus_frozen_pangenomefm,C+T: coordinate and frozen topology embedding; no nucleotide input,1.9164312320791832,0.4097529668705773,138456,35322,32007,all_test_chromosomes,all,32007,0.4605867466491705,0.4097529668705773,0.5198542746809953,0.4871753027394723,0.4607429624769582,0.460651331416427,0.9997964997964998,0.6307073473404938,0.6920437101957647,0.2494499646522692,0.0434824930569136,p1,gastroesophageal_sphincter,fold_d,42,1hop,1hop,0.5001299324930949,35322,0.4605867466491705,0.0492916255303961
coordinate_plus_frozen_sequence_fm_plus_frozen_pangenomefm,"C+S-FM+T: coordinate, frozen sequence-model, and topology embeddings",1.2553642548986412,0.3042759855473066,138456,35322,32007,all_test_chromosomes,all,32007,0.4605867466491705,0.3042759855473066,0.6499885981737512,0.5890935616360333,0.5010466460461774,0.4791836181177109,0.9587572920906254,0.6389981463899814,0.6586198668805505,0.233167301527284,0.0359588774625854,p1,gastroesophageal_sphincter,fold_d,42,1hop,1hop,0.534490143294082,35322,0.4605867466491705,0.2382344411980607
coordinate,"reference coordinate, node length, and constant orientation",19.999998847764328,0.4941324038497669,138456,35322,32007,all_test_chromosomes,all,32007,0.4605867466491705,0.4941324038497669,0.5165375749698561,0.4738978186885673,0.460617989814728,0.4605986751656043,0.9999321665988332,0.6306849783938733,0.6930909038058775,0.2499718618143899,0.0394020633937053,p1,gastroesophageal_sphincter,fold_d,42,strict,strict,0.5000240039481278,35322,0.4605867466491705,0.0246769465835489
sequence_kmer,mono/di/tri-nucleotide composition; no graph adjacency,1.0508932391059338,0.3911901279214931,138456,35322,32007,all_test_chromosomes,all,32007,0.4605867466491705,0.3911901279214931,0.6016075848154234,0.5466798869164626,0.5011716187084075,0.4785534062237174,0.9263329263329264,0.6310827672258422,0.6797363469321596,0.2429840396869907,0.0470702033103304,p1,gastroesophageal_sphincter,fold_d,42,strict,strict,0.5322368367546473,35322,0.4605867466491705,0.1596051630776263
frozen_sequence_fm,S-FM: frozen pretrained sequence-model embedding only; no graph adjacency,1.2745193951757958,0.3642819218501471,138456,35322,32007,all_test_chromosomes,all,32007,0.4605867466491705,0.3642819218501471,0.6440847427573946,0.5818682728854438,0.5341331583716062,0.4968884633796074,0.9153439153439152,0.6441203847347192,0.6614517214684783,0.234546711528541,0.0392539130113931,p1,gastroesophageal_sphincter,fold_d,42,strict,strict,0.561987046000947,35322,0.4605867466491705,0.2248397225742485
frozen_pangenomefm,frozen topology-pretrained node embedding; current encoder has no nucleotide input,4.701379337133679,0.4690227956605924,138456,35322,32007,all_test_chromosomes,all,32007,0.4605867466491705,0.4690227956605924,0.5353535330318804,0.4919480238432763,0.461961445933702,0.4612037935459638,0.9995251661918328,0.6311708894647791,0.6922409429263466,0.2495470727101515,0.039441907952633,p1,gastroesophageal_sphincter,fold_d,42,strict,strict,0.5012395596380537,35322,0.4605867466491705,0.0581396118825221
coordinate_plus_frozen_sequence_fm,C+S-FM: coordinate and frozen sequence-model embedding,1.255941566094708,0.3864717673193055,138456,35322,32007,all_test_chromosomes,all,32007,0.4605867466491705,0.3864717673193055,0.6491020374262,0.5870189647769087,0.553066516699472,0.5085354896675651,0.8830552163885497,0.6453979822017303,0.6590271960026397,0.2333978276984836,0.0377968842924828,p1,gastroesophageal_sphincter,fold_d,42,strict,strict,0.5771777674760588,35322,0.4605867466491705,0.2343884161954542
coordinate_plus_frozen_pangenomefm,C+T: coordinate and frozen topology embedding; no nucleotide input,19.999998548764047,0.4943959043432112,138456,35322,32007,all_test_chromosomes,all,32007,0.4605867466491705,0.4943959043432112,0.53010168173794,0.4889266079175316,0.4636798200393663,0.4618075250519947,0.994098494098494,0.6306480764265427,0.6929256132333808,0.2498892194164097,0.0394460975433385,p1,gastroesophageal_sphincter,fold_d,42,strict,strict,0.5024358673793947,35322,0.4605867466491705,0.0525383110116672
coordinate_plus_frozen_sequence_fm_plus_frozen_pangenomefm,"C+S-FM+T: coordinate, frozen sequence-model, and topology embeddings",1.2720184317730994,0.3088179514520205,138456,35322,32007,all_test_chromosomes,all,32007,0.4605867466491705,0.3088179514520205,0.6476284004954727,0.5844138728651956,0.5048270690786391,0.4811920214754154,0.9605887939221271,0.641189920988884,0.6592635033743375,0.2335115797677479,0.0359809657350058,p1,gastroesophageal_sphincter,fold_d,42,strict,strict,0.5381281646992623,35322,0.4605867466491705,0.2295589243438353
coordinate,"reference coordinate, node length, and constant orientation",1.6310700561940756,0.4526988784075573,120386,50077,35322,all_test_chromosomes,all,35322,0.466055149765019,0.4526988784075573,0.492846061619723,0.4543014202229608,0.4664231923447143,0.4661826844000794,0.9986028429109464,0.6356307394876752,0.6936168711282997,0.2502347977757637,0.0345890597876291,p1,gastroesophageal_sphincter,fold_e,20260806,1hop,1hop,0.5002558223038296,50077,0.466055149765019,-0.0220130029101049
sequence_kmer,mono/di/tri-nucleotide composition; no graph adjacency,1.069098444975775,0.3844509094384493,120386,50077,35322,all_test_chromosomes,all,35322,0.466055149765019,0.3844509094384493,0.5936138586723008,0.547759202870091,0.4962346413000396,0.4796901683337399,0.95553395699186,0.6387298493523369,0.6790115545888146,0.2429646268003407,0.0333496417992027,p1,gastroesophageal_sphincter,fold_e,20260806,1hop,1hop,0.5254339986443923,50077,0.466055149765019,0.1530196481324154
frozen_sequence_fm,S-FM: frozen pretrained sequence-model embedding only; no graph adjacency,1.3774004863919622,0.330614104058502,120386,50077,35322,all_test_chromosomes,all,35322,0.466055149765019,0.330614104058502,0.6282152585607034,0.5738445412158037,0.5038219806352982,0.4836448598130841,0.9556554489126472,0.6422535211267606,0.6676325148141597,0.2375441610526408,0.0317621613063149,p1,gastroesophageal_sphincter,fold_e,20260806,1hop,1hop,0.5325467064287521,50077,0.466055149765019,0.2018736418252714
frozen_pangenomefm,frozen topology-pretrained node embedding; current encoder has no nucleotide input,1.3109905405824858,0.3269834781730631,120386,50077,35322,all_test_chromosomes,all,35322,0.466055149765019,0.3269834781730631,0.5235995833716083,0.4840987211022345,0.4662533265387011,0.4661475293784511,1.0,0.6358807964926512,0.692308258941486,0.2495853745822855,0.0350530320139218,p1,gastroesophageal_sphincter,fold_e,20260806,1hop,1hop,0.500185577942736,50077,0.466055149765019,0.0337929494577479
coordinate_plus_frozen_sequence_fm,C+S-FM: coordinate and frozen sequence-model embedding,1.3477826259097112,0.3818822757617097,120386,50077,35322,all_test_chromosomes,all,35322,0.466055149765019,0.3818822757617097,0.6324904375036154,0.5799542055375191,0.532812411528226,0.4993264178903408,0.9006196087960151,0.6424578584738051,0.6658593399675855,0.2367138316085294,0.0328065661538081,p1,gastroesophageal_sphincter,fold_e,20260806,1hop,1hop,0.5561952762962048,50077,0.466055149765019,0.213316142523661
coordinate_plus_frozen_pangenomefm,C+T: coordinate and frozen topology embedding; no nucleotide input,1.3628032902599536,0.33764486046479,120386,50077,35322,all_test_chromosomes,all,35322,0.466055149765019,0.33764486046479,0.5195696461132312,0.477579253082781,0.4662533265387011,0.4661475293784511,1.0,0.6358807964926512,0.6930093465147042,0.2499325893793679,0.0357427459436669,p1,gastroesophageal_sphincter,fold_e,20260806,1hop,1hop,0.500185577942736,50077,0.466055149765019,0.021582946839342
coordinate_plus_frozen_sequence_fm_plus_frozen_pangenomefm,"C+S-FM+T: coordinate, frozen sequence-model, and topology embeddings",1.3903630371086833,0.3690450974870752,120386,50077,35322,all_test_chromosomes,all,35322,0.466055149765019,0.3690450974870752,0.6376920438767492,0.5848988814005822,0.5266406205764113,0.4957296080508475,0.9096707568946664,0.6417398757231626,0.6634188168717086,0.2355466060876502,0.0308622616472812,p1,gastroesophageal_sphincter,fold_e,20260806,1hop,1hop,0.5509912639192315,50077,0.466055149765019,0.2225767915605177
coordinate,"reference coordinate, node length, and constant orientation",1.6310700561940756,0.4526988784075573,120386,50077,35322,all_test_chromosomes,all,35322,0.466055149765019,0.4526988784075573,0.492846061619723,0.4543014202229608,0.4664231923447143,0.4661826844000794,0.9986028429109464,0.6356307394876752,0.6936168711282997,0.2502347977757637,0.0345890597876291,p1,gastroesophageal_sphincter,fold_e,20260806,strict,strict,0.5002558223038296,50077,0.466055149765019,-0.0220130029101049
sequence_kmer,mono/di/tri-nucleotide composition; no graph adjacency,1.069098444975775,0.3844509094384493,120386,50077,35322,all_test_chromosomes,all,35322,0.466055149765019,0.3844509094384493,0.5936138586723008,0.547759202870091,0.4962346413000396,0.4796901683337399,0.95553395699186,0.6387298493523369,0.6790115545888146,0.2429646268003407,0.0333496417992027,p1,gastroesophageal_sphincter,fold_e,20260806,strict,strict,0.5254339986443923,50077,0.466055149765019,0.1530196481324154
frozen_sequence_fm,S-FM: frozen pretrained sequence-model embedding only; no graph adjacency,1.3774004863919622,0.330614104058502,120386,50077,35322,all_test_chromosomes,all,35322,0.466055149765019,0.330614104058502,0.6282152585607034,0.5738445412158037,0.5038219806352982,0.4836448598130841,0.9556554489126472,0.6422535211267606,0.6676325148141597,0.2375441610526408,0.0317621613063149,p1,gastroesophageal_sphincter,fold_e,20260806,strict,strict,0.5325467064287521,50077,0.466055149765019,0.2018736418252714
frozen_pangenomefm,frozen topology-pretrained node embedding; current encoder has no nucleotide input,1.3337520489706196,0.3289026769057537,120386,50077,35322,all_test_chromosomes,all,35322,0.466055149765019,0.3289026769057537,0.5313478320778096,0.4906701463296692,0.466055149765019,0.466055149765019,1.0,0.6357948401050517,0.691356108785645,0.2491082669146346,0.0326533346628557,p1,gastroesophageal_sphincter,fold_e,20260806,strict,strict,0.5,50077,0.466055149765019,0.046100260268111
coordinate_plus_frozen_sequence_fm,C+S-FM: coordinate and frozen sequence-model embedding,1.3477826259097112,0.3818822757617097,120386,50077,35322,all_test_chromosomes,all,35322,0.466055149765019,0.3818822757617097,0.6324904375036154,0.5799542055375191,0.532812411528226,0.4993264178903408,0.9006196087960151,0.6424578584738051,0.6658593399675855,0.2367138316085294,0.0328065661538081,p1,gastroesophageal_sphincter,fold_e,20260806,strict,strict,0.5561952762962048,50077,0.466055149765019,0.213316142523661
coordinate_plus_frozen_pangenomefm,C+T: coordinate and frozen topology embedding; no nucleotide input,1.4499294547623551,0.3270087626050766,120386,50077,35322,all_test_chromosomes,all,35322,0.466055149765019,0.3270087626050766,0.5202412303897803,0.4795737937315966,0.466055149765019,0.466055149765019,1.0,0.6357948401050517,0.6924332328360577,0.2496446628641141,0.0331291381672152,p1,gastroesophageal_sphincter,fold_e,20260806,strict,strict,0.5,50077,0.466055149765019,0.0253184274754748
coordinate_plus_frozen_sequence_fm_plus_frozen_pangenomefm,"C+S-FM+T: coordinate, frozen sequence-model, and topology embeddings",1.3688986434831805,0.3714945802572932,120386,50077,35322,all_test_chromosomes,all,35322,0.466055149765019,0.3714945802572932,0.6387608458594767,0.5836326790118824,0.5308589547590736,0.4981932703464279,0.9128902927955292,0.6446050571557252,0.6636010192115541,0.2356196571768219,0.034109158103696,p1,gastroesophageal_sphincter,fold_e,20260806,strict,strict,0.5551461007986129,50077,0.466055149765019,0.220205381127132
coordinate,"reference coordinate, node length, and constant orientation",1.6310700561940756,0.4526988784075573,120386,50077,35322,all_test_chromosomes,all,35322,0.466055149765019,0.4526988784075573,0.492846061619723,0.4543014202229608,0.4664231923447143,0.4661826844000794,0.9986028429109464,0.6356307394876752,0.6936168711282997,0.2502347977757637,0.0345890597876291,p1,gastroesophageal_sphincter,fold_e,314159,1hop,1hop,0.5002558223038296,50077,0.466055149765019,-0.0220130029101049
sequence_kmer,mono/di/tri-nucleotide composition; no graph adjacency,1.069098444975775,0.3844509094384493,120386,50077,35322,all_test_chromosomes,all,35322,0.466055149765019,0.3844509094384493,0.5936138586723008,0.547759202870091,0.4962346413000396,0.4796901683337399,0.95553395699186,0.6387298493523369,0.6790115545888146,0.2429646268003407,0.0333496417992027,p1,gastroesophageal_sphincter,fold_e,314159,1hop,1hop,0.5254339986443923,50077,0.466055149765019,0.1530196481324154
frozen_sequence_fm,S-FM: frozen pretrained sequence-model embedding only; no graph adjacency,1.3774004863919622,0.330614104058502,120386,50077,35322,all_test_chromosomes,all,35322,0.466055149765019,0.330614104058502,0.6282152585607034,0.5738445412158037,0.5038219806352982,0.4836448598130841,0.9556554489126472,0.6422535211267606,0.6676325148141597,0.2375441610526408,0.0317621613063149,p1,gastroesophageal_sphincter,fold_e,314159,1hop,1hop,0.5325467064287521,50077,0.466055149765019,0.2018736418252714
frozen_pangenomefm,frozen topology-pretrained node embedding; current encoder has no nucleotide input,1.9471653150316284,0.0079624775606778,120386,50077,35322,all_test_chromosomes,all,35322,0.466055149765019,0.0079624775606778,0.5209078738231034,0.488542619909151,0.466055149765019,0.466055149765019,1.0,0.6357948401050517,0.6926096188593492,0.2497279867867517,0.0360835410231327,p1,gastroesophageal_sphincter,fold_e,314159,1hop,1hop,0.5,50077,0.466055149765019,0.0421157168839359
coordinate_plus_frozen_sequence_fm,C+S-FM: coordinate and frozen sequence-model embedding,1.3477826259097112,0.3818822757617097,120386,50077,35322,all_test_chromosomes,all,35322,0.466055149765019,0.3818822757617097,0.6324904375036154,0.5799542055375191,0.532812411528226,0.4993264178903408,0.9006196087960151,0.6424578584738051,0.6658593399675855,0.2367138316085294,0.0328065661538081,p1,gastroesophageal_sphincter,fold_e,314159,1hop,1hop,0.5561952762962048,50077,0.466055149765019,0.213316142523661
coordinate_plus_frozen_pangenomefm,C+T: coordinate and frozen topology embedding; no nucleotide input,1.9898981145361627,0.0088615763195696,120386,50077,35322,all_test_chromosomes,all,35322,0.466055149765019,0.0088615763195696,0.513751973921624,0.4828424860222085,0.466055149765019,0.466055149765019,1.0,0.6357948401050517,0.6931143376112283,0.2499806988012676,0.0361631792103074,p1,gastroesophageal_sphincter,fold_e,314159,1hop,1hop,0.5,50077,0.466055149765019,0.0314402063243079
coordinate_plus_frozen_sequence_fm_plus_frozen_pangenomefm,"C+S-FM+T: coordinate, frozen sequence-model, and topology embeddings",1.405850771395855,0.3408249770739583,120386,50077,35322,all_test_chromosomes,all,35322,0.466055149765019,0.3408249770739583,0.6347858698454347,0.5867773137804654,0.5114659419058943,0.4875337562017208,0.9431417810715588,0.6427920841268527,0.6645645528149299,0.2361111054268113,0.0307659186871956,p1,gastroesophageal_sphincter,fold_e,314159,1hop,1hop,0.5389091726142523,50077,0.466055149765019,0.2260948185235205
coordinate,"reference coordinate, node length, and constant orientation",1.6310700561940756,0.4526988784075573,120386,50077,35322,all_test_chromosomes,all,35322,0.466055149765019,0.4526988784075573,0.492846061619723,0.4543014202229608,0.4664231923447143,0.4661826844000794,0.9986028429109464,0.6356307394876752,0.6936168711282997,0.2502347977757637,0.0345890597876291,p1,gastroesophageal_sphincter,fold_e,314159,strict,strict,0.5002558223038296,50077,0.466055149765019,-0.0220130029101049
sequence_kmer,mono/di/tri-nucleotide composition; no graph adjacency,1.069098444975775,0.3844509094384493,120386,50077,35322,all_test_chromosomes,all,35322,0.466055149765019,0.3844509094384493,0.5936138586723008,0.547759202870091,0.4962346413000396,0.4796901683337399,0.95553395699186,0.6387298493523369,0.6790115545888146,0.2429646268003407,0.0333496417992027,p1,gastroesophageal_sphincter,fold_e,314159,strict,strict,0.5254339986443923,50077,0.466055149765019,0.1530196481324154
frozen_sequence_fm,S-FM: frozen pretrained sequence-model embedding only; no graph adjacency,1.3774004863919622,0.330614104058502,120386,50077,35322,all_test_chromosomes,all,35322,0.466055149765019,0.330614104058502,0.6282152585607034,0.5738445412158037,0.5038219806352982,0.4836448598130841,0.9556554489126472,0.6422535211267606,0.6676325148141597,0.2375441610526408,0.0317621613063149,p1,gastroesophageal_sphincter,fold_e,314159,strict,strict,0.5325467064287521,50077,0.466055149765019,0.2018736418252714
frozen_pangenomefm,frozen topology-pretrained node embedding; current encoder has no nucleotide input,1.4711240510772714,0.4144131790401751,120386,50077,35322,all_test_chromosomes,all,35322,0.466055149765019,0.4144131790401751,0.5253074515388311,0.4839837300657955,0.4670177226657607,0.4664242699693217,0.9974486696634672,0.6356211047884489,0.6921121340681707,0.2494831194009233,0.0328210817883948,p1,gastroesophageal_sphincter,fold_e,314159,strict,strict,0.5007391810671525,50077,0.466055149765019,0.0335775881963959
coordinate_plus_frozen_sequence_fm,C+S-FM: coordinate and frozen sequence-model embedding,1.3477826259097112,0.3818822757617097,120386,50077,35322,all_test_chromosomes,all,35322,0.466055149765019,0.3818822757617097,0.6324904375036154,0.5799542055375191,0.532812411528226,0.4993264178903408,0.9006196087960151,0.6424578584738051,0.6658593399675855,0.2367138316085294,0.0328065661538081,p1,gastroesophageal_sphincter,fold_e,314159,strict,strict,0.5561952762962048,50077,0.466055149765019,0.213316142523661
coordinate_plus_frozen_pangenomefm,C+T: coordinate and frozen topology embedding; no nucleotide input,1.50616340334663,0.411733576817738,120386,50077,35322,all_test_chromosomes,all,35322,0.466055149765019,0.411733576817738,0.5178421256937633,0.4766114814739151,0.4671026555687673,0.466490675295921,0.9982991131089782,0.6358553713412393,0.6926841795129866,0.2497686302454705,0.0331171269647267,p1,gastroesophageal_sphincter,fold_e,314159,strict,strict,0.5008727803084658,50077,0.466055149765019,0.0197704532673186
coordinate_plus_frozen_sequence_fm_plus_frozen_pangenomefm,"C+S-FM+T: coordinate, frozen sequence-model, and topology embeddings",1.3704141284145095,0.3821219814707259,120386,50077,35322,all_test_chromosomes,all,35322,0.466055149765019,0.3821219814707259,0.6345284258241577,0.5828867228635791,0.5327557895928883,0.4992893401015228,0.8962458996476734,0.6413109623576458,0.664780605560061,0.236211263141777,0.0333231768422017,p1,gastroesophageal_sphincter,fold_e,314159,strict,strict,0.5558642011493935,50077,0.466055149765019,0.21880831521672
coordinate,"reference coordinate, node length, and constant orientation",1.6310700561940756,0.4526988784075573,120386,50077,35322,all_test_chromosomes,all,35322,0.466055149765019,0.4526988784075573,0.492846061619723,0.4543014202229608,0.4664231923447143,0.4661826844000794,0.9986028429109464,0.6356307394876752,0.6936168711282997,0.2502347977757637,0.0345890597876291,p1,gastroesophageal_sphincter,fold_e,42,1hop,1hop,0.5002558223038296,50077,0.466055149765019,-0.0220130029101049
sequence_kmer,mono/di/tri-nucleotide composition; no graph adjacency,1.069098444975775,0.3844509094384493,120386,50077,35322,all_test_chromosomes,all,35322,0.466055149765019,0.3844509094384493,0.5936138586723008,0.547759202870091,0.4962346413000396,0.4796901683337399,0.95553395699186,0.6387298493523369,0.6790115545888146,0.2429646268003407,0.0333496417992027,p1,gastroesophageal_sphincter,fold_e,42,1hop,1hop,0.5254339986443923,50077,0.466055149765019,0.1530196481324154
frozen_sequence_fm,S-FM: frozen pretrained sequence-model embedding only; no graph adjacency,1.3774004863919622,0.330614104058502,120386,50077,35322,all_test_chromosomes,all,35322,0.466055149765019,0.330614104058502,0.6282152585607034,0.5738445412158037,0.5038219806352982,0.4836448598130841,0.9556554489126472,0.6422535211267606,0.6676325148141597,0.2375441610526408,0.0317621613063149,p1,gastroesophageal_sphincter,fold_e,42,1hop,1hop,0.5325467064287521,50077,0.466055149765019,0.2018736418252714
frozen_pangenomefm,frozen topology-pretrained node embedding; current encoder has no nucleotide input,2.741047522069438,0.3133112082144897,120386,50077,35322,all_test_chromosomes,all,35322,0.466055149765019,0.3133112082144897,0.5202227972438984,0.4727881700638041,0.466055149765019,0.466055149765019,1.0,0.6357948401050517,0.6925874632395085,0.2497207468708506,0.0349078335107098,p1,gastroesophageal_sphincter,fold_e,42,1hop,1hop,0.5,50077,0.466055149765019,0.0126099545595805
coordinate_plus_frozen_sequence_fm,C+S-FM: coordinate and frozen sequence-model embedding,1.3477826259097112,0.3818822757617097,120386,50077,35322,all_test_chromosomes,all,35322,0.466055149765019,0.3818822757617097,0.6324904375036154,0.5799542055375191,0.532812411528226,0.4993264178903408,0.9006196087960151,0.6424578584738051,0.6658593399675855,0.2367138316085294,0.0328065661538081,p1,gastroesophageal_sphincter,fold_e,42,1hop,1hop,0.5561952762962048,50077,0.466055149765019,0.213316142523661
coordinate_plus_frozen_pangenomefm,C+T: coordinate and frozen topology embedding; no nucleotide input,2.830299023634761,0.2924487014507159,120386,50077,35322,all_test_chromosomes,all,35322,0.466055149765019,0.2924487014507159,0.509686288019853,0.4671613995109228,0.466055149765019,0.466055149765019,1.0,0.6357948401050517,0.6930650078929832,0.249959239786465,0.0350457180835271,p1,gastroesophageal_sphincter,fold_e,42,1hop,1hop,0.5,50077,0.466055149765019,0.0020718427107537
coordinate_plus_frozen_sequence_fm_plus_frozen_pangenomefm,"C+S-FM+T: coordinate, frozen sequence-model, and topology embeddings",1.4366071738024002,0.3398112756152672,120386,50077,35322,all_test_chromosomes,all,35322,0.466055149765019,0.3398112756152672,0.6380595730415741,0.5864548516247617,0.5113526980352189,0.4876332754773121,0.9557161948730408,0.645774329926528,0.6634445788301749,0.2355633489889983,0.0317813718016318,p1,gastroesophageal_sphincter,fold_e,42,1hop,1hop,0.5396025300982383,50077,0.466055149765019,0.2254908944374248
coordinate,"reference coordinate, node length, and constant orientation",1.6310700561940756,0.4526988784075573,120386,50077,35322,all_test_chromosomes,all,35322,0.466055149765019,0.4526988784075573,0.492846061619723,0.4543014202229608,0.4664231923447143,0.4661826844000794,0.9986028429109464,0.6356307394876752,0.6936168711282997,0.2502347977757637,0.0345890597876291,p1,gastroesophageal_sphincter,fold_e,42,strict,strict,0.5002558223038296,50077,0.466055149765019,-0.0220130029101049
sequence_kmer,mono/di/tri-nucleotide composition; no graph adjacency,1.069098444975775,0.3844509094384493,120386,50077,35322,all_test_chromosomes,all,35322,0.466055149765019,0.3844509094384493,0.5936138586723008,0.547759202870091,0.4962346413000396,0.4796901683337399,0.95553395699186,0.6387298493523369,0.6790115545888146,0.2429646268003407,0.0333496417992027,p1,gastroesophageal_sphincter,fold_e,42,strict,strict,0.5254339986443923,50077,0.466055149765019,0.1530196481324154
frozen_sequence_fm,S-FM: frozen pretrained sequence-model embedding only; no graph adjacency,1.3774004863919622,0.330614104058502,120386,50077,35322,all_test_chromosomes,all,35322,0.466055149765019,0.330614104058502,0.6282152585607034,0.5738445412158037,0.5038219806352982,0.4836448598130841,0.9556554489126472,0.6422535211267606,0.6676325148141597,0.2375441610526408,0.0317621613063149,p1,gastroesophageal_sphincter,fold_e,42,strict,strict,0.5325467064287521,50077,0.466055149765019,0.2018736418252714
frozen_pangenomefm,frozen topology-pretrained node embedding; current encoder has no nucleotide input,2.305851754683842,0.4319426375610526,120386,50077,35322,all_test_chromosomes,all,35322,0.466055149765019,0.4319426375610526,0.5131253113794125,0.476382530127481,0.4664798142800521,0.4662033754077436,0.9984206050297656,0.6356130479339482,0.6928575304515443,0.2498554597955468,0.0344384878069293,p1,gastroesophageal_sphincter,fold_e,42,strict,strict,0.5002972590366219,50077,0.466055149765019,0.0193416611433129
coordinate_plus_frozen_sequence_fm,C+S-FM: coordinate and frozen sequence-model embedding,1.3477826259097112,0.3818822757617097,120386,50077,35322,all_test_chromosomes,all,35322,0.466055149765019,0.3818822757617097,0.6324904375036154,0.5799542055375191,0.532812411528226,0.4993264178903408,0.9006196087960151,0.6424578584738051,0.6658593399675855,0.2367138316085294,0.0328065661538081,p1,gastroesophageal_sphincter,fold_e,42,strict,strict,0.5561952762962048,50077,0.466055149765019,0.213316142523661
coordinate_plus_frozen_pangenomefm,C+T: coordinate and frozen topology embedding; no nucleotide input,2.554223655390257,0.4424216600309489,120386,50077,35322,all_test_chromosomes,all,35322,0.466055149765019,0.4424216600309489,0.505620964468058,0.4669946327462115,0.4664798142800521,0.4661880303073299,0.9979346373466164,0.6355002804587919,0.6932539320041246,0.2500534011934532,0.0342064153025319,p1,gastroesophageal_sphincter,fold_e,42,strict,strict,0.5002663642724599,50077,0.466055149765019,0.0017595131421888
coordinate_plus_frozen_sequence_fm_plus_frozen_pangenomefm,"C+S-FM+T: coordinate, frozen sequence-model, and topology embeddings",1.38128298823984,0.3574042251361181,120386,50077,35322,all_test_chromosomes,all,35322,0.466055149765019,0.3574042251361181,0.6342644868808696,0.583358437289277,0.5192231470471661,0.4916317991631799,0.9278945450127568,0.642724901119246,0.6650327421742008,0.2363299386136094,0.0330950538550959,p1,gastroesophageal_sphincter,fold_e,42,strict,strict,0.5452039002900475,50077,0.466055149765019,0.2196917668044455
coordinate,"reference coordinate, node length, and constant orientation",1.096244018116441,0.4838472106141828,118821,57727,58185,all_test_chromosomes,all,58185,0.4283750107416,0.4838472106141828,0.5146794599070815,0.4392063522200854,0.431313912520409,0.4281413935147695,0.9757673019057173,0.5951474960541288,0.6928545491889166,0.2498533665978897,0.0714920910245199,p1,Peyers_patch,fold_a,20260806,1hop,1hop,0.4995342823419145,57727,0.4283750107416,0.0189483344535679
sequence_kmer,mono/di/tri-nucleotide composition; no graph adjacency,1.2428381589654454,0.3703403793453085,118821,57727,58185,all_test_chromosomes,all,58185,0.4283750107416,0.3703403793453085,0.6609855772971349,0.560829190138139,0.5097189997422016,0.4641463608854913,0.935406218655968,0.6204345569940258,0.6591925784501642,0.2331612819176761,0.0804514384965094,p1,Peyers_patch,fold_a,20260806,1hop,1hop,0.5630578898451217,57727,0.4283750107416,0.2317151662112934
frozen_sequence_fm,S-FM: frozen pretrained sequence-model embedding only; no graph adjacency,1.435588322830976,0.4286679160288846,118821,57727,58185,all_test_chromosomes,all,58185,0.4283750107416,0.4286679160288846,0.6800185758719333,0.5868961873883473,0.5865429234338747,0.5106336061155485,0.8361484453360081,0.6340528453429471,0.6454990274681169,0.2272485889485282,0.076918231020895,p1,Peyers_patch,fold_a,20260806,1hop,1hop,0.6178186604310828,57727,0.4283750107416,0.2773167367165058
frozen_pangenomefm,frozen topology-pretrained node embedding; current encoder has no nucleotide input,1.1081561768556971,0.4120469282780828,118821,57727,58185,all_test_chromosomes,all,58185,0.4283750107416,0.4120469282780828,0.5477536825750855,0.4634758178042846,0.4410243189825556,0.4319926972023841,0.9683049147442327,0.5974453548530831,0.6889014674211553,0.2478679482651397,0.0667951070600018,p1,Peyers_patch,fold_a,20260806,1hop,1hop,0.5070929264039865,57727,0.4283750107416,0.0614053054402375
coordinate_plus_frozen_sequence_fm,C+S-FM: coordinate and frozen sequence-model embedding,1.433266924120855,0.4278254864593281,118821,57727,58185,all_test_chromosomes,all,58185,0.4283750107416,0.4278254864593281,0.6811654578890007,0.5884911435683042,0.5843430437397955,0.5090584145326348,0.834222668004012,0.6322847455565522,0.6450018600697245,0.2270340076324866,0.0773715857082407,p1,Peyers_patch,fold_a,20260806,1hop,1hop,0.615653125944279,57727,0.4283750107416,0.2801069509477384
coordinate_plus_frozen_pangenomefm,C+T: coordinate and frozen topology embedding; no nucleotide input,1.2552243468926687,0.4259968079380001,118821,57727,58185,all_test_chromosomes,all,58185,0.4283750107416,0.4259968079380001,0.5483039895392733,0.4642387761997686,0.4423820572312452,0.4318445475638051,0.955827482447342,0.5949084189629555,0.689154767794384,0.2479999012184232,0.0684224052615027,p1,Peyers_patch,fold_a,20260806,1hop,1hop,0.5067171086319693,57727,0.4283750107416,0.0627400238479716
coordinate_plus_frozen_sequence_fm_plus_frozen_pangenomefm,"C+S-FM+T: coordinate, frozen sequence-model, and topology embeddings",1.4407045807557444,0.4342424210023408,118821,57727,58185,all_test_chromosomes,all,58185,0.4283750107416,0.4342424210023408,0.679781351269684,0.5876588753923517,0.588519377846524,0.5123445937460755,0.8184152457372116,0.6301822675316652,0.6451684998815143,0.2270613199377215,0.0756776464122573,p1,Peyers_patch,fold_a,20260806,1hop,1hop,0.6173254821590448,57727,0.4283750107416,0.2786509821017434
coordinate,"reference coordinate, node length, and constant orientation",1.096244018116441,0.4838472106141828,118821,57727,58185,all_test_chromosomes,all,58185,0.4283750107416,0.4838472106141828,0.5146794599070815,0.4392063522200854,0.431313912520409,0.4281413935147695,0.9757673019057173,0.5951474960541288,0.6928545491889166,0.2498533665978897,0.0714920910245199,p1,Peyers_patch,fold_a,20260806,strict,strict,0.4995342823419145,57727,0.4283750107416,0.0189483344535679
sequence_kmer,mono/di/tri-nucleotide composition; no graph adjacency,1.2428381589654454,0.3703403793453085,118821,57727,58185,all_test_chromosomes,all,58185,0.4283750107416,0.3703403793453085,0.6609855772971349,0.560829190138139,0.5097189997422016,0.4641463608854913,0.935406218655968,0.6204345569940258,0.6591925784501642,0.2331612819176761,0.0804514384965094,p1,Peyers_patch,fold_a,20260806,strict,strict,0.5630578898451217,57727,0.4283750107416,0.2317151662112934
frozen_sequence_fm,S-FM: frozen pretrained sequence-model embedding only; no graph adjacency,1.435588322830976,0.4286679160288846,118821,57727,58185,all_test_chromosomes,all,58185,0.4283750107416,0.4286679160288846,0.6800185758719333,0.5868961873883473,0.5865429234338747,0.5106336061155485,0.8361484453360081,0.6340528453429471,0.6454990274681169,0.2272485889485282,0.076918231020895,p1,Peyers_patch,fold_a,20260806,strict,strict,0.6178186604310828,57727,0.4283750107416,0.2773167367165058
frozen_pangenomefm,frozen topology-pretrained node embedding; current encoder has no nucleotide input,1.655563283691142,0.4098805224674794,118821,57727,58185,all_test_chromosomes,all,58185,0.4283750107416,0.4098805224674794,0.538228720436716,0.4563461342940125,0.4298874280312795,0.4289431510744257,0.9986760280842528,0.6001253676647862,0.6905121379225573,0.2486885461397964,0.07075572688529,p1,Peyers_patch,fold_a,20260806,strict,strict,0.5011570158460951,57727,0.4283750107416,0.0489326465392999
coordinate_plus_frozen_sequence_fm,C+S-FM: coordinate and frozen sequence-model embedding,1.433266924120855,0.4278254864593281,118821,57727,58185,all_test_chromosomes,all,58185,0.4283750107416,0.4278254864593281,0.6811654578890007,0.5884911435683042,0.5843430437397955,0.5090584145326348,0.834222668004012,0.6322847455565522,0.6450018600697245,0.2270340076324866,0.0773715857082407,p1,Peyers_patch,fold_a,20260806,strict,strict,0.615653125944279,57727,0.4283750107416,0.2801069509477384
coordinate_plus_frozen_pangenomefm,C+T: coordinate and frozen topology embedding; no nucleotide input,1.9779377814074688,0.43121111985049,118821,57727,58185,all_test_chromosomes,all,58185,0.4283750107416,0.43121111985049,0.5440830247808971,0.4636744496112612,0.4335653518948182,0.4302799909736325,0.9945035105315948,0.6006736617636368,0.6903558069430394,0.248609022229955,0.0717989310793522,p1,Peyers_patch,fold_a,20260806,strict,strict,0.5038512742074691,57727,0.4283750107416,0.0617527916605902
coordinate_plus_frozen_sequence_fm_plus_frozen_pangenomefm,"C+S-FM+T: coordinate, frozen sequence-model, and topology embeddings",1.4448214124544008,0.4249362259332052,118821,57727,58185,all_test_chromosomes,all,58185,0.4283750107416,0.4249362259332052,0.6811280287042727,0.5885240724124731,0.5824525221276962,0.5076515740380878,0.8384754262788365,0.6324119044376862,0.6453475798938711,0.2271614669300974,0.0776487412177992,p1,Peyers_patch,fold_a,20260806,strict,strict,0.6145323613655157,57727,0.4283750107416,0.2801645566241655
coordinate,"reference coordinate, node length, and constant orientation",1.096244018116441,0.4838472106141828,118821,57727,58185,all_test_chromosomes,all,58185,0.4283750107416,0.4838472106141828,0.5146794599070815,0.4392063522200854,0.431313912520409,0.4281413935147695,0.9757673019057173,0.5951474960541288,0.6928545491889166,0.2498533665978897,0.0714920910245199,p1,Peyers_patch,fold_a,314159,1hop,1hop,0.4995342823419145,57727,0.4283750107416,0.0189483344535679
sequence_kmer,mono/di/tri-nucleotide composition; no graph adjacency,1.2428381589654454,0.3703403793453085,118821,57727,58185,all_test_chromosomes,all,58185,0.4283750107416,0.3703403793453085,0.6609855772971349,0.560829190138139,0.5097189997422016,0.4641463608854913,0.935406218655968,0.6204345569940258,0.6591925784501642,0.2331612819176761,0.0804514384965094,p1,Peyers_patch,fold_a,314159,1hop,1hop,0.5630578898451217,57727,0.4283750107416,0.2317151662112934
frozen_sequence_fm,S-FM: frozen pretrained sequence-model embedding only; no graph adjacency,1.435588322830976,0.4286679160288846,118821,57727,58185,all_test_chromosomes,all,58185,0.4283750107416,0.4286679160288846,0.6800185758719333,0.5868961873883473,0.5865429234338747,0.5106336061155485,0.8361484453360081,0.6340528453429471,0.6454990274681169,0.2272485889485282,0.076918231020895,p1,Peyers_patch,fold_a,314159,1hop,1hop,0.6178186604310828,57727,0.4283750107416,0.2773167367165058
frozen_pangenomefm,frozen topology-pretrained node embedding; current encoder has no nucleotide input,1.0625642500277268,0.3667808651971031,118821,57727,58185,all_test_chromosomes,all,58185,0.4283750107416,0.3667808651971031,0.5450380419671522,0.4596627800064596,0.4327919566898685,0.4298175499565595,0.992417251755266,0.5998423764777205,0.6892802219903594,0.2480367615042572,0.0649344842975208,p1,Peyers_patch,fold_a,314159,1hop,1hop,0.5029133763286251,57727,0.4283750107416,0.0547347821610299
coordinate_plus_frozen_sequence_fm,C+S-FM: coordinate and frozen sequence-model embedding,1.433266924120855,0.4278254864593281,118821,57727,58185,all_test_chromosomes,all,58185,0.4283750107416,0.4278254864593281,0.6811654578890007,0.5884911435683042,0.5843430437397955,0.5090584145326348,0.834222668004012,0.6322847455565522,0.6450018600697245,0.2270340076324866,0.0773715857082407,p1,Peyers_patch,fold_a,314159,1hop,1hop,0.615653125944279,57727,0.4283750107416,0.2801069509477384
coordinate_plus_frozen_pangenomefm,C+T: coordinate and frozen topology embedding; no nucleotide input,1.2637984764443762,0.3857360552265447,118821,57727,58185,all_test_chromosomes,all,58185,0.4283750107416,0.3857360552265447,0.5446879616600855,0.4603079133678398,0.4325513448483286,0.4296127483386103,0.9907723169508524,0.5993422888832259,0.6897980497676129,0.2483061946106402,0.0679586245128895,p1,Peyers_patch,fold_a,314159,1hop,1hop,0.5024968018909404,57727,0.4283750107416,0.0558633776099747
coordinate_plus_frozen_sequence_fm_plus_frozen_pangenomefm,"C+S-FM+T: coordinate, frozen sequence-model, and topology embeddings",1.442364881858418,0.4074740298339739,118821,57727,58185,all_test_chromosomes,all,58185,0.4283750107416,0.4074740298339739,0.6802222162579138,0.5897494915818758,0.5746841969579789,0.5020805086726822,0.8617051153460381,0.6344770541925764,0.64475308472911,0.2269158236714807,0.0754657981308794,p1,Peyers_patch,fold_a,314159,1hop,1hop,0.610648107883482,57727,0.4283750107416,0.2823083032979989
coordinate,"reference coordinate, node length, and constant orientation",1.096244018116441,0.4838472106141828,118821,57727,58185,all_test_chromosomes,all,58185,0.4283750107416,0.4838472106141828,0.5146794599070815,0.4392063522200854,0.431313912520409,0.4281413935147695,0.9757673019057173,0.5951474960541288,0.6928545491889166,0.2498533665978897,0.0714920910245199,p1,Peyers_patch,fold_a,314159,strict,strict,0.4995342823419145,57727,0.4283750107416,0.0189483344535679
sequence_kmer,mono/di/tri-nucleotide composition; no graph adjacency,1.2428381589654454,0.3703403793453085,118821,57727,58185,all_test_chromosomes,all,58185,0.4283750107416,0.3703403793453085,0.6609855772971349,0.560829190138139,0.5097189997422016,0.4641463608854913,0.935406218655968,0.6204345569940258,0.6591925784501642,0.2331612819176761,0.0804514384965094,p1,Peyers_patch,fold_a,314159,strict,strict,0.5630578898451217,57727,0.4283750107416,0.2317151662112934
frozen_sequence_fm,S-FM: frozen pretrained sequence-model embedding only; no graph adjacency,1.435588322830976,0.4286679160288846,118821,57727,58185,all_test_chromosomes,all,58185,0.4283750107416,0.4286679160288846,0.6800185758719333,0.5868961873883473,0.5865429234338747,0.5106336061155485,0.8361484453360081,0.6340528453429471,0.6454990274681169,0.2272485889485282,0.076918231020895,p1,Peyers_patch,fold_a,314159,strict,strict,0.6178186604310828,57727,0.4283750107416,0.2773167367165058
frozen_pangenomefm,frozen topology-pretrained node embedding; current encoder has no nucleotide input,2.3131466689214,0.4273735588715471,118821,57727,58185,all_test_chromosomes,all,58185,0.4283750107416,0.4273735588715471,0.5336125315212021,0.4492988743174785,0.42856406290281,0.4284117100691458,0.9992778335005016,0.5997134704982965,0.6913911350674993,0.249122930587452,0.0706144023536867,p1,Peyers_patch,fold_a,314159,strict,strict,0.5000748758602929,57727,0.4283750107416,0.0366041792592449
coordinate_plus_frozen_sequence_fm,C+S-FM: coordinate and frozen sequence-model embedding,1.433266924120855,0.4278254864593281,118821,57727,58185,all_test_chromosomes,all,58185,0.4283750107416,0.4278254864593281,0.6811654578890007,0.5884911435683042,0.5843430437397955,0.5090584145326348,0.834222668004012,0.6322847455565522,0.6450018600697245,0.2270340076324866,0.0773715857082407,p1,Peyers_patch,fold_a,314159,strict,strict,0.615653125944279,57727,0.4283750107416,0.2801069509477384
coordinate_plus_frozen_pangenomefm,C+T: coordinate and frozen topology embedding; no nucleotide input,2.738860225037101,0.4486008462094861,118821,57727,58185,all_test_chromosomes,all,58185,0.4283750107416,0.4486008462094861,0.5394709045959285,0.4577261189220965,0.4317951362034888,0.4294166637748551,0.992938816449348,0.599546990636999,0.6911473044961138,0.2490012931037121,0.0711946427170113,p1,Peyers_patch,fold_a,314159,strict,strict,0.5021068105097011,57727,0.4283750107416,0.0513467898220741
coordinate_plus_frozen_sequence_fm_plus_frozen_pangenomefm,"C+S-FM+T: coordinate, frozen sequence-model, and topology embeddings",1.4589538296545188,0.4218403588482616,118821,57727,58185,all_test_chromosomes,all,58185,0.4283750107416,0.4218403588482616,0.6798657982365617,0.5877755488220953,0.5792386353871273,0.5053050080233755,0.8464593781344032,0.6328324184888569,0.6457707619300986,0.227358618372195,0.0768657047382137,p1,Peyers_patch,fold_a,314159,strict,strict,0.6127215712079112,57727,0.4283750107416,0.2788550904453882
coordinate,"reference coordinate, node length, and constant orientation",1.096244018116441,0.4838472106141828,118821,57727,58185,all_test_chromosomes,all,58185,0.4283750107416,0.4838472106141828,0.5146794599070815,0.4392063522200854,0.431313912520409,0.4281413935147695,0.9757673019057173,0.5951474960541288,0.6928545491889166,0.2498533665978897,0.0714920910245199,p1,Peyers_patch,fold_a,42,1hop,1hop,0.4995342823419145,57727,0.4283750107416,0.0189483344535679
sequence_kmer,mono/di/tri-nucleotide composition; no graph adjacency,1.2428381589654454,0.3703403793453085,118821,57727,58185,all_test_chromosomes,all,58185,0.4283750107416,0.3703403793453085,0.6609855772971349,0.560829190138139,0.5097189997422016,0.4641463608854913,0.935406218655968,0.6204345569940258,0.6591925784501642,0.2331612819176761,0.0804514384965094,p1,Peyers_patch,fold_a,42,1hop,1hop,0.5630578898451217,57727,0.4283750107416,0.2317151662112934
frozen_sequence_fm,S-FM: frozen pretrained sequence-model embedding only; no graph adjacency,1.435588322830976,0.4286679160288846,118821,57727,58185,all_test_chromosomes,all,58185,0.4283750107416,0.4286679160288846,0.6800185758719333,0.5868961873883473,0.5865429234338747,0.5106336061155485,0.8361484453360081,0.6340528453429471,0.6454990274681169,0.2272485889485282,0.076918231020895,p1,Peyers_patch,fold_a,42,1hop,1hop,0.6178186604310828,57727,0.4283750107416,0.2773167367165058
frozen_pangenomefm,frozen topology-pretrained node embedding; current encoder has no nucleotide input,1.1143427416244929,0.4172297658081288,118821,57727,58185,all_test_chromosomes,all,58185,0.4283750107416,0.4172297658081288,0.5525998126671053,0.4695681691573479,0.4507690985649222,0.4352653091284015,0.9484854563691072,0.5967011193982761,0.6876018595157248,0.2472429570735825,0.0665169212918539,p1,Peyers_patch,fold_a,42,1hop,1hop,0.5131332874148603,57727,0.4283750107416,0.0720632568376514
coordinate_plus_frozen_sequence_fm,C+S-FM: coordinate and frozen sequence-model embedding,1.433266924120855,0.4278254864593281,118821,57727,58185,all_test_chromosomes,all,58185,0.4283750107416,0.4278254864593281,0.6811654578890007,0.5884911435683042,0.5843430437397955,0.5090584145326348,0.834222668004012,0.6322847455565522,0.6450018600697245,0.2270340076324866,0.0773715857082407,p1,Peyers_patch,fold_a,42,1hop,1hop,0.615653125944279,57727,0.4283750107416,0.2801069509477384
coordinate_plus_frozen_pangenomefm,C+T: coordinate and frozen topology embedding; no nucleotide input,1.5281484267484269,0.4301692911027401,118821,57727,58185,all_test_chromosomes,all,58185,0.4283750107416,0.4301692911027401,0.5537132292849685,0.4760563614770776,0.4453553321302741,0.4328366395465765,0.9498094282848546,0.5946747048480281,0.6880277783984844,0.2474545518493616,0.069507427523992,p1,Peyers_patch,fold_a,42,1hop,1hop,0.5085637640522289,57727,0.4283750107416,0.0834136918984895
coordinate_plus_frozen_sequence_fm_plus_frozen_pangenomefm,"C+S-FM+T: coordinate, frozen sequence-model, and topology embeddings",1.4451285706202532,0.413768209060693,118821,57727,58185,all_test_chromosomes,all,58185,0.4283750107416,0.413768209060693,0.681374586778978,0.5905080337846745,0.5767637707312882,0.5035567292365523,0.8491875626880642,0.6322172107888527,0.644606602437891,0.2268585411822937,0.0766333365100322,p1,Peyers_patch,fold_a,42,1hop,1hop,0.6108986520596064,57727,0.4283750107416,0.2836352960240916
coordinate,"reference coordinate, node length, and constant orientation",1.096244018116441,0.4838472106141828,118821,57727,58185,all_test_chromosomes,all,58185,0.4283750107416,0.4838472106141828,0.5146794599070815,0.4392063522200854,0.431313912520409,0.4281413935147695,0.9757673019057173,0.5951474960541288,0.6928545491889166,0.2498533665978897,0.0714920910245199,p1,Peyers_patch,fold_a,42,strict,strict,0.4995342823419145,57727,0.4283750107416,0.0189483344535679
sequence_kmer,mono/di/tri-nucleotide composition; no graph adjacency,1.2428381589654454,0.3703403793453085,118821,57727,58185,all_test_chromosomes,all,58185,0.4283750107416,0.3703403793453085,0.6609855772971349,0.560829190138139,0.5097189997422016,0.4641463608854913,0.935406218655968,0.6204345569940258,0.6591925784501642,0.2331612819176761,0.0804514384965094,p1,Peyers_patch,fold_a,42,strict,strict,0.5630578898451217,57727,0.4283750107416,0.2317151662112934
frozen_sequence_fm,S-FM: frozen pretrained sequence-model embedding only; no graph adjacency,1.435588322830976,0.4286679160288846,118821,57727,58185,all_test_chromosomes,all,58185,0.4283750107416,0.4286679160288846,0.6800185758719333,0.5868961873883473,0.5865429234338747,0.5106336061155485,0.8361484453360081,0.6340528453429471,0.6454990274681169,0.2272485889485282,0.076918231020895,p1,Peyers_patch,fold_a,42,strict,strict,0.6178186604310828,57727,0.4283750107416,0.2773167367165058
frozen_pangenomefm,frozen topology-pretrained node embedding; current encoder has no nucleotide input,1.702558713976802,0.4315411732494109,118821,57727,58185,all_test_chromosomes,all,58185,0.4283750107416,0.4315411732494109,0.5331851923780964,0.4525426043689775,0.4337372174959182,0.4302529774841345,0.9928184553660984,0.6003396409509947,0.6911778595538137,0.2490204660463389,0.071188425252919,p1,Peyers_patch,fold_a,42,strict,strict,0.5037904664082445,57727,0.4283750107416,0.0422787563201731
coordinate_plus_frozen_sequence_fm,C+S-FM: coordinate and frozen sequence-model embedding,1.433266924120855,0.4278254864593281,118821,57727,58185,all_test_chromosomes,all,58185,0.4283750107416,0.4278254864593281,0.6811654578890007,0.5884911435683042,0.5843430437397955,0.5090584145326348,0.834222668004012,0.6322847455565522,0.6450018600697245,0.2270340076324866,0.0773715857082407,p1,Peyers_patch,fold_a,42,strict,strict,0.615653125944279,57727,0.4283750107416,0.2801069509477384
coordinate_plus_frozen_pangenomefm,C+T: coordinate and frozen topology embedding; no nucleotide input,2.252336587689677,0.4222516282094274,118821,57727,58185,all_test_chromosomes,all,58185,0.4283750107416,0.4222516282094274,0.5383833219441849,0.457763232652227,0.4300421070722695,0.4290683657654555,0.9996389167502508,0.6004217121513344,0.691261985589617,0.2490604540471475,0.071995637811453,p1,Peyers_patch,fold_a,42,strict,strict,0.501412964087693,57727,0.4283750107416,0.0514117165324663
coordinate_plus_frozen_sequence_fm_plus_frozen_pangenomefm,"C+S-FM+T: coordinate, frozen sequence-model, and topology embeddings",1.448166833101731,0.4342693075892008,118821,57727,58185,all_test_chromosomes,all,58185,0.4283750107416,0.4342693075892008,0.680331815651404,0.5874092442576546,0.5879694079230042,0.5118045728755493,0.8271213640922769,0.6323344477502071,0.6456618624939875,0.2273252275242533,0.0779181183739924,p1,Peyers_patch,fold_a,42,strict,strict,0.6179353062193195,57727,0.4283750107416,0.2782142777249439
coordinate,"reference coordinate, node length, and constant orientation",0.5390879447835267,0.4654178213792863,134470,42536,57727,all_test_chromosomes,all,57727,0.4133074644447139,0.4654178213792863,0.5321824400837896,0.4338427334855129,0.4208256101997332,0.4151227728038294,0.9813906701873508,0.5834496162663212,0.6921186808947681,0.249480233698234,0.0869621721216244,p1,Peyers_patch,fold_b,20260806,1hop,1hop,0.5036574232004428,42536,0.4133074644447139,0.035001756109549
sequence_kmer,mono/di/tri-nucleotide composition; no graph adjacency,0.8483833265076356,0.3575212127222655,134470,42536,57727,all_test_chromosomes,all,57727,0.4133074644447139,0.3575212127222655,0.658398767610109,0.5498155063861515,0.5397994006270895,0.4687896326700025,0.8520893583134247,0.6048255139380597,0.6600720500735193,0.2329154476973635,0.0826689267685099,p1,Peyers_patch,fold_b,20260806,1hop,1hop,0.5859448799362093,42536,0.4133074644447139,0.2326739027150516
frozen_sequence_fm,S-FM: frozen pretrained sequence-model embedding only; no graph adjacency,1.0028921470641323,0.3503496230511267,134470,42536,57727,all_test_chromosomes,all,57727,0.4133074644447139,0.3503496230511267,0.681556726745774,0.5765378120716405,0.5570876712803368,0.479964360242913,0.857957165011107,0.6155650448066398,0.6448440926269946,0.2267143772883826,0.0782125814858659,p1,Peyers_patch,fold_b,20260806,1hop,1hop,0.6015456074258322,42536,0.4133074644447139,0.2782212790084915
frozen_pangenomefm,frozen topology-pretrained node embedding; current encoder has no nucleotide input,1.4497849562282932,0.362605310295907,134470,42536,57727,all_test_chromosomes,all,57727,0.4133074644447139,0.362605310295907,0.5514228222168177,0.4458080387873092,0.4134460477766036,0.4132354727326358,0.998197745085712,0.5844990919354047,0.6892199640337285,0.2480230235270096,0.0839159406438961,p1,Peyers_patch,fold_b,20260806,1hop,1hop,0.4998517956561192,42536,0.4133074644447139,0.0553962635843569
coordinate_plus_frozen_sequence_fm,C+S-FM: coordinate and frozen sequence-model embedding,1.0035880876490142,0.3508359179818635,134470,42536,57727,all_test_chromosomes,all,57727,0.4133074644447139,0.3508359179818635,0.6813183993846212,0.575314417065223,0.557104994196823,0.4799106092684074,0.8550651745672493,0.6147749702421311,0.6450951199272026,0.2268651371194826,0.0780992762340189,p1,Peyers_patch,fold_b,20260806,1hop,1hop,0.6011330360848529,42536,0.4133074644447139,0.2761360385592338
coordinate_plus_frozen_pangenomefm,C+T: coordinate and frozen topology embedding; no nucleotide input,1.3997659039625812,0.3541989998771319,134470,42536,57727,all_test_chromosomes,all,57727,0.4133074644447139,0.3541989998771319,0.5523652394790378,0.4436236007436377,0.4136192769414659,0.4134123723848647,0.9996646967601324,0.5849274082793801,0.6903433752937352,0.2485591094984502,0.0862156034897771,p1,Peyers_patch,fold_b,20260806,1hop,1hop,0.5002161915358475,42536,0.4133074644447139,0.0516729538244943
coordinate_plus_frozen_sequence_fm_plus_frozen_pangenomefm,"C+S-FM+T: coordinate, frozen sequence-model, and topology embeddings",1.022449669702967,0.3540342722164143,134470,42536,57727,all_test_chromosomes,all,57727,0.4133074644447139,0.3540342722164143,0.6808106057549344,0.5757963819361169,0.5587853170959863,0.4810054943759285,0.8549394358522989,0.6156399963782332,0.6446970100733317,0.2267474814113299,0.0796863566209234,p1,Peyers_patch,fold_b,20260806,1hop,1hop,0.6025464865573057,42536,0.4133074644447139,0.2769575333656024
coordinate,"reference coordinate, node length, and constant orientation",0.5390879447835267,0.4654178213792863,134470,42536,57727,all_test_chromosomes,all,57727,0.4133074644447139,0.4654178213792863,0.5321824400837896,0.4338427334855129,0.4208256101997332,0.4151227728038294,0.9813906701873508,0.5834496162663212,0.6921186808947681,0.249480233698234,0.0869621721216244,p1,Peyers_patch,fold_b,20260806,strict,strict,0.5036574232004428,42536,0.4133074644447139,0.035001756109549
sequence_kmer,mono/di/tri-nucleotide composition; no graph adjacency,0.8483833265076356,0.3575212127222655,134470,42536,57727,all_test_chromosomes,all,57727,0.4133074644447139,0.3575212127222655,0.658398767610109,0.5498155063861515,0.5397994006270895,0.4687896326700025,0.8520893583134247,0.6048255139380597,0.6600720500735193,0.2329154476973635,0.0826689267685099,p1,Peyers_patch,fold_b,20260806,strict,strict,0.5859448799362093,42536,0.4133074644447139,0.2326739027150516
frozen_sequence_fm,S-FM: frozen pretrained sequence-model embedding only; no graph adjacency,1.0028921470641323,0.3503496230511267,134470,42536,57727,all_test_chromosomes,all,57727,0.4133074644447139,0.3503496230511267,0.681556726745774,0.5765378120716405,0.5570876712803368,0.479964360242913,0.857957165011107,0.6155650448066398,0.6448440926269946,0.2267143772883826,0.0782125814858659,p1,Peyers_patch,fold_b,20260806,strict,strict,0.6015456074258322,42536,0.4133074644447139,0.2782212790084915
frozen_pangenomefm,frozen topology-pretrained node embedding; current encoder has no nucleotide input,1.2047095591853112,0.3465638364731705,134470,42536,57727,all_test_chromosomes,all,57727,0.4133074644447139,0.3465638364731705,0.5404100597842767,0.4426547651480563,0.4133074644447139,0.4132984529027563,0.9998742612850496,0.5848492277519,0.6916034424254309,0.2492234167837946,0.0884287998266151,p1,Peyers_patch,fold_b,20260806,strict,strict,0.4999814202374226,42536,0.4133074644447139,0.0500216023296872
coordinate_plus_frozen_sequence_fm,C+S-FM: coordinate and frozen sequence-model embedding,1.0035880876490142,0.3508359179818635,134470,42536,57727,all_test_chromosomes,all,57727,0.4133074644447139,0.3508359179818635,0.6813183993846212,0.575314417065223,0.557104994196823,0.4799106092684074,0.8550651745672493,0.6147749702421311,0.6450951199272026,0.2268651371194826,0.0780992762340189,p1,Peyers_patch,fold_b,20260806,strict,strict,0.6011330360848529,42536,0.4133074644447139,0.2761360385592338
coordinate_plus_frozen_pangenomefm,C+T: coordinate and frozen topology embedding; no nucleotide input,0.9924943349730672,0.2240277739584922,134470,42536,57727,all_test_chromosomes,all,57727,0.4133074644447139,0.2240277739584922,0.5521440841820622,0.4526932306088572,0.4133074644447139,0.4133074644447139,1.0,0.584879758782144,0.691421000752959,0.2490987975646401,0.090289609683685,p1,Peyers_patch,fold_b,20260806,strict,strict,0.5,42536,0.4133074644447139,0.0671318685295117
coordinate_plus_frozen_sequence_fm_plus_frozen_pangenomefm,"C+S-FM+T: coordinate, frozen sequence-model, and topology embeddings",1.0182572753072368,0.3180028142202666,134470,42536,57727,all_test_chromosomes,all,57727,0.4133074644447139,0.3180028142202666,0.6802852731313336,0.5734589863682258,0.5416875985240875,0.4709382970155264,0.8822666499015047,0.6140875475881383,0.6453950662522657,0.2269427376608361,0.0782358045913296,p1,Peyers_patch,fold_b,20260806,strict,strict,0.5920132115693895,42536,0.4133074644447139,0.2729735120490897
coordinate,"reference coordinate, node length, and constant orientation",0.5390879447835267,0.4654178213792863,134470,42536,57727,all_test_chromosomes,all,57727,0.4133074644447139,0.4654178213792863,0.5321824400837896,0.4338427334855129,0.4208256101997332,0.4151227728038294,0.9813906701873508,0.5834496162663212,0.6921186808947681,0.249480233698234,0.0869621721216244,p1,Peyers_patch,fold_b,314159,1hop,1hop,0.5036574232004428,42536,0.4133074644447139,0.035001756109549
sequence_kmer,mono/di/tri-nucleotide composition; no graph adjacency,0.8483833265076356,0.3575212127222655,134470,42536,57727,all_test_chromosomes,all,57727,0.4133074644447139,0.3575212127222655,0.658398767610109,0.5498155063861515,0.5397994006270895,0.4687896326700025,0.8520893583134247,0.6048255139380597,0.6600720500735193,0.2329154476973635,0.0826689267685099,p1,Peyers_patch,fold_b,314159,1hop,1hop,0.5859448799362093,42536,0.4133074644447139,0.2326739027150516
frozen_sequence_fm,S-FM: frozen pretrained sequence-model embedding only; no graph adjacency,1.0028921470641323,0.3503496230511267,134470,42536,57727,all_test_chromosomes,all,57727,0.4133074644447139,0.3503496230511267,0.681556726745774,0.5765378120716405,0.5570876712803368,0.479964360242913,0.857957165011107,0.6155650448066398,0.6448440926269946,0.2267143772883826,0.0782125814858659,p1,Peyers_patch,fold_b,314159,1hop,1hop,0.6015456074258322,42536,0.4133074644447139,0.2782212790084915
frozen_pangenomefm,frozen topology-pretrained node embedding; current encoder has no nucleotide input,1.6271434691865012,0.4196421929498435,134470,42536,57727,all_test_chromosomes,all,57727,0.4133074644447139,0.4196421929498435,0.5485693358821251,0.4407040918748161,0.4156980269198122,0.4142263777132827,0.9989940902803972,0.5856265356265357,0.6889059789351525,0.24787195213382,0.0816636102058981,p1,Peyers_patch,fold_b,314159,1hop,1hop,0.501888683264682,42536,0.4133074644447139,0.04669673767738
coordinate_plus_frozen_sequence_fm,C+S-FM: coordinate and frozen sequence-model embedding,1.0035880876490142,0.3508359179818635,134470,42536,57727,all_test_chromosomes,all,57727,0.4133074644447139,0.3508359179818635,0.6813183993846212,0.575314417065223,0.557104994196823,0.4799106092684074,0.8550651745672493,0.6147749702421311,0.6450951199272026,0.2268651371194826,0.0780992762340189,p1,Peyers_patch,fold_b,314159,1hop,1hop,0.6011330360848529,42536,0.4133074644447139,0.2761360385592338
coordinate_plus_frozen_pangenomefm,C+T: coordinate and frozen topology embedding; no nucleotide input,1.2934824707630508,0.3629279346796981,134470,42536,57727,all_test_chromosomes,all,57727,0.4133074644447139,0.3629279346796981,0.5479997161387005,0.439402761263728,0.4133074644447139,0.4133014569582315,0.9999161741900332,0.5848594052609645,0.6897100025100189,0.2482490059144312,0.0818539635427555,p1,Peyers_patch,fold_b,314159,1hop,1hop,0.4999876134916151,42536,0.4133074644447139,0.0444786583049258
coordinate_plus_frozen_sequence_fm_plus_frozen_pangenomefm,"C+S-FM+T: coordinate, frozen sequence-model, and topology embeddings",1.0136736389613987,0.329528983288433,134470,42536,57727,all_test_chromosomes,all,57727,0.4133074644447139,0.329528983288433,0.6814149922456175,0.5743445000432655,0.5469537651358983,0.473928262944947,0.8738840689048158,0.6145638365289671,0.6446490654560484,0.2265992914708783,0.0773901052882991,p1,Peyers_patch,fold_b,314159,1hop,1hop,0.5952625730138819,42536,0.4133074644447139,0.2744828438052908
coordinate,"reference coordinate, node length, and constant orientation",0.5390879447835267,0.4654178213792863,134470,42536,57727,all_test_chromosomes,all,57727,0.4133074644447139,0.4654178213792863,0.5321824400837896,0.4338427334855129,0.4208256101997332,0.4151227728038294,0.9813906701873508,0.5834496162663212,0.6921186808947681,0.249480233698234,0.0869621721216244,p1,Peyers_patch,fold_b,314159,strict,strict,0.5036574232004428,42536,0.4133074644447139,0.035001756109549
sequence_kmer,mono/di/tri-nucleotide composition; no graph adjacency,0.8483833265076356,0.3575212127222655,134470,42536,57727,all_test_chromosomes,all,57727,0.4133074644447139,0.3575212127222655,0.658398767610109,0.5498155063861515,0.5397994006270895,0.4687896326700025,0.8520893583134247,0.6048255139380597,0.6600720500735193,0.2329154476973635,0.0826689267685099,p1,Peyers_patch,fold_b,314159,strict,strict,0.5859448799362093,42536,0.4133074644447139,0.2326739027150516
frozen_sequence_fm,S-FM: frozen pretrained sequence-model embedding only; no graph adjacency,1.0028921470641323,0.3503496230511267,134470,42536,57727,all_test_chromosomes,all,57727,0.4133074644447139,0.3503496230511267,0.681556726745774,0.5765378120716405,0.5570876712803368,0.479964360242913,0.857957165011107,0.6155650448066398,0.6448440926269946,0.2267143772883826,0.0782125814858659,p1,Peyers_patch,fold_b,314159,strict,strict,0.6015456074258322,42536,0.4133074644447139,0.2782212790084915
frozen_pangenomefm,frozen topology-pretrained node embedding; current encoder has no nucleotide input,1.0656712590408763,0.4403798063556068,134470,42536,57727,all_test_chromosomes,all,57727,0.4133074644447139,0.4403798063556068,0.5376621112284148,0.4349269954386999,0.4313406205068685,0.41797160837114,0.9576260530617378,0.5819441437540593,0.6925682483273455,0.2496954997519021,0.0889430785290123,p1,Peyers_patch,fold_b,314159,strict,strict,0.5091071094409906,42536,0.4133074644447139,0.0368498484023216
coordinate_plus_frozen_sequence_fm,C+S-FM: coordinate and frozen sequence-model embedding,1.0035880876490142,0.3508359179818635,134470,42536,57727,all_test_chromosomes,all,57727,0.4133074644447139,0.3508359179818635,0.6813183993846212,0.575314417065223,0.557104994196823,0.4799106092684074,0.8550651745672493,0.6147749702421311,0.6450951199272026,0.2268651371194826,0.0780992762340189,p1,Peyers_patch,fold_b,314159,strict,strict,0.6011330360848529,42536,0.4133074644447139,0.2761360385592338
coordinate_plus_frozen_pangenomefm,C+T: coordinate and frozen topology embedding; no nucleotide input,1.054728686380086,0.4152099008335829,134470,42536,57727,all_test_chromosomes,all,57727,0.4133074644447139,0.4152099008335829,0.5363463729692246,0.4353050559966298,0.4194224539643494,0.4147719248693687,0.9847856154910096,0.5837007962040568,0.6937608537394804,0.2502631878061654,0.0903476168930983,p1,Peyers_patch,fold_b,314159,strict,strict,0.502963257727789,42536,0.4133074644447139,0.0374942413935706
coordinate_plus_frozen_sequence_fm_plus_frozen_pangenomefm,"C+S-FM+T: coordinate, frozen sequence-model, and topology embeddings",1.007208732685545,0.3460387487968275,134470,42536,57727,all_test_chromosomes,all,57727,0.4133074644447139,0.3460387487968275,0.6802733395615108,0.5732743679023543,0.5554073483811734,0.4789018691588785,0.8590888134456599,0.6149807227831201,0.6455063650724924,0.2270080262418575,0.0787542010188634,p1,Peyers_patch,fold_b,314159,strict,strict,0.600280795053998,42536,0.4133074644447139,0.2726588353578365
coordinate,"reference coordinate, node length, and constant orientation",0.5390879447835267,0.4654178213792863,134470,42536,57727,all_test_chromosomes,all,57727,0.4133074644447139,0.4654178213792863,0.5321824400837896,0.4338427334855129,0.4208256101997332,0.4151227728038294,0.9813906701873508,0.5834496162663212,0.6921186808947681,0.249480233698234,0.0869621721216244,p1,Peyers_patch,fold_b,42,1hop,1hop,0.5036574232004428,42536,0.4133074644447139,0.035001756109549
sequence_kmer,mono/di/tri-nucleotide composition; no graph adjacency,0.8483833265076356,0.3575212127222655,134470,42536,57727,all_test_chromosomes,all,57727,0.4133074644447139,0.3575212127222655,0.658398767610109,0.5498155063861515,0.5397994006270895,0.4687896326700025,0.8520893583134247,0.6048255139380597,0.6600720500735193,0.2329154476973635,0.0826689267685099,p1,Peyers_patch,fold_b,42,1hop,1hop,0.5859448799362093,42536,0.4133074644447139,0.2326739027150516
frozen_sequence_fm,S-FM: frozen pretrained sequence-model embedding only; no graph adjacency,1.0028921470641323,0.3503496230511267,134470,42536,57727,all_test_chromosomes,all,57727,0.4133074644447139,0.3503496230511267,0.681556726745774,0.5765378120716405,0.5570876712803368,0.479964360242913,0.857957165011107,0.6155650448066398,0.6448440926269946,0.2267143772883826,0.0782125814858659,p1,Peyers_patch,fold_b,42,1hop,1hop,0.6015456074258322,42536,0.4133074644447139,0.2782212790084915
frozen_pangenomefm,frozen topology-pretrained node embedding; current encoder has no nucleotide input,1.3188483033635832,0.2482635705670509,134470,42536,57727,all_test_chromosomes,all,57727,0.4133074644447139,0.2482635705670509,0.5429307922054353,0.4427093653236834,0.4133074644447139,0.4133074644447139,1.0,0.584879758782144,0.6889941370748429,0.2479232416280862,0.0811167784646956,p1,Peyers_patch,fold_b,42,1hop,1hop,0.5,42536,0.4133074644447139,0.0501146667072243
coordinate_plus_frozen_sequence_fm,C+S-FM: coordinate and frozen sequence-model embedding,1.0035880876490142,0.3508359179818635,134470,42536,57727,all_test_chromosomes,all,57727,0.4133074644447139,0.3508359179818635,0.6813183993846212,0.575314417065223,0.557104994196823,0.4799106092684074,0.8550651745672493,0.6147749702421311,0.6450951199272026,0.2268651371194826,0.0780992762340189,p1,Peyers_patch,fold_b,42,1hop,1hop,0.6011330360848529,42536,0.4133074644447139,0.2761360385592338
coordinate_plus_frozen_pangenomefm,C+T: coordinate and frozen topology embedding; no nucleotide input,1.1555940379548917,0.2302048071440829,134470,42536,57727,all_test_chromosomes,all,57727,0.4133074644447139,0.2302048071440829,0.5461133012794406,0.4414114461869593,0.4133421102776863,0.4133217843222174,1.0,0.5848940968817415,0.6904705376037868,0.2486145634222033,0.0823438145184369,p1,Peyers_patch,fold_b,42,1hop,1hop,0.5000295263965986,42536,0.4133074644447139,0.0479024020914905
coordinate_plus_frozen_sequence_fm_plus_frozen_pangenomefm,"C+S-FM+T: coordinate, frozen sequence-model, and topology embeddings",1.0162878007919482,0.3354380418599604,134470,42536,57727,all_test_chromosomes,all,57727,0.4133074644447139,0.3354380418599604,0.6808525384605107,0.5742500704570115,0.5522372546641953,0.4770783875354369,0.8675552202523157,0.6156202599411117,0.6442076891612937,0.2264399661032351,0.0747670824455298,p1,Peyers_patch,fold_b,42,1hop,1hop,0.5988301671121032,42536,0.4133074644447139,0.2743218913804152
coordinate,"reference coordinate, node length, and constant orientation",0.5390879447835267,0.4654178213792863,134470,42536,57727,all_test_chromosomes,all,57727,0.4133074644447139,0.4654178213792863,0.5321824400837896,0.4338427334855129,0.4208256101997332,0.4151227728038294,0.9813906701873508,0.5834496162663212,0.6921186808947681,0.249480233698234,0.0869621721216244,p1,Peyers_patch,fold_b,42,strict,strict,0.5036574232004428,42536,0.4133074644447139,0.035001756109549
sequence_kmer,mono/di/tri-nucleotide composition; no graph adjacency,0.8483833265076356,0.3575212127222655,134470,42536,57727,all_test_chromosomes,all,57727,0.4133074644447139,0.3575212127222655,0.658398767610109,0.5498155063861515,0.5397994006270895,0.4687896326700025,0.8520893583134247,0.6048255139380597,0.6600720500735193,0.2329154476973635,0.0826689267685099,p1,Peyers_patch,fold_b,42,strict,strict,0.5859448799362093,42536,0.4133074644447139,0.2326739027150516
frozen_sequence_fm,S-FM: frozen pretrained sequence-model embedding only; no graph adjacency,1.0028921470641323,0.3503496230511267,134470,42536,57727,all_test_chromosomes,all,57727,0.4133074644447139,0.3503496230511267,0.681556726745774,0.5765378120716405,0.5570876712803368,0.479964360242913,0.857957165011107,0.6155650448066398,0.6448440926269946,0.2267143772883826,0.0782125814858659,p1,Peyers_patch,fold_b,42,strict,strict,0.6015456074258322,42536,0.4133074644447139,0.2782212790084915
frozen_pangenomefm,frozen topology-pretrained node embedding; current encoder has no nucleotide input,1.1439253241254232,0.3542170926583144,134470,42536,57727,all_test_chromosomes,all,57727,0.4133074644447139,0.3542170926583144,0.5415299819364636,0.4393281474362588,0.4136539227744383,0.4133846660770338,0.9990779160903642,0.5847991953092416,0.6918722519103122,0.2493530754865473,0.088680723246582,p1,Peyers_patch,fold_b,42,strict,strict,0.5001590123737518,42536,0.4133074644447139,0.0443514812523006
coordinate_plus_frozen_sequence_fm,C+S-FM: coordinate and frozen sequence-model embedding,1.0035880876490142,0.3508359179818635,134470,42536,57727,all_test_chromosomes,all,57727,0.4133074644447139,0.3508359179818635,0.6813183993846212,0.575314417065223,0.557104994196823,0.4799106092684074,0.8550651745672493,0.6147749702421311,0.6450951199272026,0.2268651371194826,0.0780992762340189,p1,Peyers_patch,fold_b,42,strict,strict,0.6011330360848529,42536,0.4133074644447139,0.2761360385592338
coordinate_plus_frozen_pangenomefm,C+T: coordinate and frozen topology embedding; no nucleotide input,1.1136152136283766,0.3150043706213751,134470,42536,57727,all_test_chromosomes,all,57727,0.4133074644447139,0.3150043706213751,0.5464984506555836,0.4430498846128219,0.4134806936095761,0.4133790737564322,1.0,0.5849514563106796,0.6918525510567244,0.2493313112758061,0.089684593775771,p1,Peyers_patch,fold_b,42,strict,strict,0.5001476319829928,42536,0.4133074644447139,0.0506950717209274
coordinate_plus_frozen_sequence_fm_plus_frozen_pangenomefm,"C+S-FM+T: coordinate, frozen sequence-model, and topology embeddings",1.02085473435432,0.3579968598979345,134470,42536,57727,all_test_chromosomes,all,57727,0.4133074644447139,0.3579968598979345,0.679689933655292,0.572473995665153,0.5623018691426889,0.4832149158361546,0.8494488452994677,0.6160088752450571,0.6453851212824562,0.2269923080952454,0.0780915974276021,p1,Peyers_patch,fold_b,42,strict,strict,0.6047320995128495,42536,0.4133074644447139,0.2712946246534277
coordinate,"reference coordinate, node length, and constant orientation",0.6904313008528127,0.4552960764976119,155798,36399,42536,all_test_chromosomes,all,42536,0.3399943577205191,0.4552960764976119,0.5220063493219468,0.3508692791108421,0.3399943577205191,0.3399943577205191,1.0,0.5074564019790168,0.6924442322788719,0.2496431930354275,0.1592030248645703,p1,Peyers_patch,fold_c,20260806,1hop,1hop,0.5,36399,0.3399943577205191,0.0164770127612302
sequence_kmer,mono/di/tri-nucleotide composition; no graph adjacency,0.973370851840718,0.4092245144737577,155798,36399,42536,all_test_chromosomes,all,42536,0.3399943577205191,0.4092245144737577,0.6462442106916853,0.4591695147049174,0.5734436712431823,0.4246171484726885,0.7170515834601023,0.5333813393683777,0.6358225302938124,0.2225097746294194,0.1030285635343889,p1,Peyers_patch,fold_c,20260806,1hop,1hop,0.6082586406293886,36399,0.3399943577205191,0.1805668760236648
frozen_sequence_fm,S-FM: frozen pretrained sequence-model embedding only; no graph adjacency,1.0525481908035164,0.390203425876863,155798,36399,42536,all_test_chromosomes,all,42536,0.3399943577205191,0.390203425876863,0.6872897796818801,0.496704763516399,0.609530750423171,0.4545339036889585,0.7420826994883142,0.5637590943713393,0.6085920844865511,0.210699593075879,0.0831174837268463,p1,Peyers_patch,fold_c,20260806,1hop,1hop,0.6416654147153047,36399,0.3399943577205191,0.2374379789461262
frozen_pangenomefm,frozen topology-pretrained node embedding; current encoder has no nucleotide input,1.546236585566752,0.4641855586021511,155798,36399,42536,all_test_chromosomes,all,42536,0.3399943577205191,0.4641855586021511,0.5010427882936602,0.3376080006981609,0.4093473763400413,0.3426876770538243,0.8030009680542111,0.4803722854188211,0.694532235496438,0.2506671499827718,0.1574770268970811,p1,Peyers_patch,fold_c,20260806,1hop,1hop,0.5047810995432415,36399,0.3399943577205191,-0.0036156615481594
coordinate_plus_frozen_sequence_fm,C+S-FM: coordinate and frozen sequence-model embedding,1.0477885138757417,0.3798483070826551,155798,36399,42536,all_test_chromosomes,all,42536,0.3399943577205191,0.3798483070826551,0.6881914716038762,0.4963669106849057,0.601161369193154,0.4489912370083554,0.7617203706264694,0.564966535887376,0.6078553412802562,0.2104058458411926,0.0821373206318737,p1,Peyers_patch,fold_c,20260806,1hop,1hop,0.6400858033227809,36399,0.3399943577205191,0.2369260850927245
coordinate_plus_frozen_pangenomefm,C+T: coordinate and frozen topology embedding; no nucleotide input,1.554979232445718,0.4627220724729495,155798,36399,42536,all_test_chromosomes,all,42536,0.3399943577205191,0.4627220724729495,0.5041370576351905,0.3419114193614109,0.4066437840887719,0.343024441401812,0.8142027382104826,0.4826907704605546,0.6934525696323739,0.2501407406191382,0.156781627785598,p1,Peyers_patch,fold_c,20260806,1hop,1hop,0.5054485942958091,36399,0.3399943577205191,0.0029046140185571
coordinate_plus_frozen_sequence_fm_plus_frozen_pangenomefm,"C+S-FM+T: coordinate, frozen sequence-model, and topology embeddings",1.0529286824083697,0.4089575604330392,155798,36399,42536,all_test_chromosomes,all,42536,0.3399943577205191,0.4089575604330392,0.6880663355800873,0.4939090075996204,0.6223199172465677,0.4635830796492344,0.7055040796570322,0.5595130377560253,0.6082750331019137,0.2106016244446771,0.0828680625477776,p1,Peyers_patch,fold_c,20260806,1hop,1hop,0.6424863135337238,36399,0.3399943577205191,0.2332020213456384
coordinate,"reference coordinate, node length, and constant orientation",0.6904313008528127,0.4552960764976119,155798,36399,42536,all_test_chromosomes,all,42536,0.3399943577205191,0.4552960764976119,0.5220063493219468,0.3508692791108421,0.3399943577205191,0.3399943577205191,1.0,0.5074564019790168,0.6924442322788719,0.2496431930354275,0.1592030248645703,p1,Peyers_patch,fold_c,20260806,strict,strict,0.5,36399,0.3399943577205191,0.0164770127612302
sequence_kmer,mono/di/tri-nucleotide composition; no graph adjacency,0.973370851840718,0.4092245144737577,155798,36399,42536,all_test_chromosomes,all,42536,0.3399943577205191,0.4092245144737577,0.6462442106916853,0.4591695147049174,0.5734436712431823,0.4246171484726885,0.7170515834601023,0.5333813393683777,0.6358225302938124,0.2225097746294194,0.1030285635343889,p1,Peyers_patch,fold_c,20260806,strict,strict,0.6082586406293886,36399,0.3399943577205191,0.1805668760236648
frozen_sequence_fm,S-FM: frozen pretrained sequence-model embedding only; no graph adjacency,1.0525481908035164,0.390203425876863,155798,36399,42536,all_test_chromosomes,all,42536,0.3399943577205191,0.390203425876863,0.6872897796818801,0.496704763516399,0.609530750423171,0.4545339036889585,0.7420826994883142,0.5637590943713393,0.6085920844865511,0.210699593075879,0.0831174837268463,p1,Peyers_patch,fold_c,20260806,strict,strict,0.6416654147153047,36399,0.3399943577205191,0.2374379789461262
frozen_pangenomefm,frozen topology-pretrained node embedding; current encoder has no nucleotide input,1.0291445457501682,0.3841102631186681,155798,36399,42536,all_test_chromosomes,all,42536,0.3399943577205191,0.3841102631186681,0.5343262834703396,0.3599337239007696,0.3414519465864209,0.3400613786591123,0.9960586364264972,0.5070219281264299,0.6898569877001935,0.2483531499822862,0.1557911829871378,p1,Peyers_patch,fold_c,20260806,strict,strict,0.5001487169451713,36399,0.3399943577205191,0.0302109026089312
coordinate_plus_frozen_sequence_fm,C+S-FM: coordinate and frozen sequence-model embedding,1.0477885138757417,0.3798483070826551,155798,36399,42536,all_test_chromosomes,all,42536,0.3399943577205191,0.3798483070826551,0.6881914716038762,0.4963669106849057,0.601161369193154,0.4489912370083554,0.7617203706264694,0.564966535887376,0.6078553412802562,0.2104058458411926,0.0821373206318737,p1,Peyers_patch,fold_c,20260806,strict,strict,0.6400858033227809,36399,0.3399943577205191,0.2369260850927245
coordinate_plus_frozen_pangenomefm,C+T: coordinate and frozen topology embedding; no nucleotide input,0.8884087300406506,0.3920197479444248,155798,36399,42536,all_test_chromosomes,all,42536,0.3399943577205191,0.3920197479444248,0.5384827028793955,0.3645522087980394,0.3496802708294151,0.3414528682617469,0.982851611118794,0.5068283116420039,0.688055895931343,0.2474598205968116,0.1530780743569127,p1,Peyers_patch,fold_c,20260806,strict,strict,0.5031804539885486,36399,0.3399943577205191,0.0372085471765121
coordinate_plus_frozen_sequence_fm_plus_frozen_pangenomefm,"C+S-FM+T: coordinate, frozen sequence-model, and topology embeddings",1.059800272215541,0.3764926557371728,155798,36399,42536,all_test_chromosomes,all,42536,0.3399943577205191,0.3764926557371728,0.6897028352681167,0.4969072068921874,0.602266315591499,0.4508917859713668,0.779629373530632,0.5713489409141583,0.6073553058015563,0.2101589126939536,0.0824135211008732,p1,Peyers_patch,fold_c,20260806,strict,strict,0.6452645692188317,36399,0.3399943577205191,0.2377447087114798
coordinate,"reference coordinate, node length, and constant orientation",0.6904313008528127,0.4552960764976119,155798,36399,42536,all_test_chromosomes,all,42536,0.3399943577205191,0.4552960764976119,0.5220063493219468,0.3508692791108421,0.3399943577205191,0.3399943577205191,1.0,0.5074564019790168,0.6924442322788719,0.2496431930354275,0.1592030248645703,p1,Peyers_patch,fold_c,314159,1hop,1hop,0.5,36399,0.3399943577205191,0.0164770127612302
sequence_kmer,mono/di/tri-nucleotide composition; no graph adjacency,0.973370851840718,0.4092245144737577,155798,36399,42536,all_test_chromosomes,all,42536,0.3399943577205191,0.4092245144737577,0.6462442106916853,0.4591695147049174,0.5734436712431823,0.4246171484726885,0.7170515834601023,0.5333813393683777,0.6358225302938124,0.2225097746294194,0.1030285635343889,p1,Peyers_patch,fold_c,314159,1hop,1hop,0.6082586406293886,36399,0.3399943577205191,0.1805668760236648
frozen_sequence_fm,S-FM: frozen pretrained sequence-model embedding only; no graph adjacency,1.0525481908035164,0.390203425876863,155798,36399,42536,all_test_chromosomes,all,42536,0.3399943577205191,0.390203425876863,0.6872897796818801,0.496704763516399,0.609530750423171,0.4545339036889585,0.7420826994883142,0.5637590943713393,0.6085920844865511,0.210699593075879,0.0831174837268463,p1,Peyers_patch,fold_c,314159,1hop,1hop,0.6416654147153047,36399,0.3399943577205191,0.2374379789461262
frozen_pangenomefm,frozen topology-pretrained node embedding; current encoder has no nucleotide input,0.958368998240633,0.4258960082521799,155798,36399,42536,all_test_chromosomes,all,42536,0.3399943577205191,0.4258960082521799,0.5202435252045962,0.357328716349595,0.3653611058867783,0.3438099748261509,0.9538099847877196,0.5054320942417969,0.6902507726611693,0.2485224599460277,0.1535242243532253,p1,Peyers_patch,fold_c,314159,1hop,1hop,0.5080191905843563,36399,0.3399943577205191,0.0262639552128793
coordinate_plus_frozen_sequence_fm,C+S-FM: coordinate and frozen sequence-model embedding,1.0477885138757417,0.3798483070826551,155798,36399,42536,all_test_chromosomes,all,42536,0.3399943577205191,0.3798483070826551,0.6881914716038762,0.4963669106849057,0.601161369193154,0.4489912370083554,0.7617203706264694,0.564966535887376,0.6078553412802562,0.2104058458411926,0.0821373206318737,p1,Peyers_patch,fold_c,314159,1hop,1hop,0.6400858033227809,36399,0.3399943577205191,0.2369260850927245
coordinate_plus_frozen_pangenomefm,C+T: coordinate and frozen topology embedding; no nucleotide input,0.9168896570134027,0.4176895277363285,155798,36399,42536,all_test_chromosomes,all,42536,0.3399943577205191,0.4176895277363285,0.5220488646838062,0.3579826109428543,0.3626575136355087,0.3439520307950451,0.9638362605448764,0.5069833418200335,0.6887402166188211,0.2477736060275442,0.15125417043176,p1,Peyers_patch,fold_c,314159,1hop,1hop,0.508401709384784,36399,0.3399943577205191,0.0272546961268522
coordinate_plus_frozen_sequence_fm_plus_frozen_pangenomefm,"C+S-FM+T: coordinate, frozen sequence-model, and topology embeddings",1.0477790940986034,0.390328510824257,155798,36399,42536,all_test_chromosomes,all,42536,0.3399943577205191,0.390328510824257,0.690005335583703,0.4971150273793007,0.6145617829603159,0.4587195147994704,0.7426358733231918,0.5671287128712871,0.6064248862430648,0.2097906400936447,0.0806677949193787,p1,Peyers_patch,fold_c,314159,1hop,1hop,0.6456108767485091,36399,0.3399943577205191,0.2380595855455557
coordinate,"reference coordinate, node length, and constant orientation",0.6904313008528127,0.4552960764976119,155798,36399,42536,all_test_chromosomes,all,42536,0.3399943577205191,0.4552960764976119,0.5220063493219468,0.3508692791108421,0.3399943577205191,0.3399943577205191,1.0,0.5074564019790168,0.6924442322788719,0.2496431930354275,0.1592030248645703,p1,Peyers_patch,fold_c,314159,strict,strict,0.5,36399,0.3399943577205191,0.0164770127612302
sequence_kmer,mono/di/tri-nucleotide composition; no graph adjacency,0.973370851840718,0.4092245144737577,155798,36399,42536,all_test_chromosomes,all,42536,0.3399943577205191,0.4092245144737577,0.6462442106916853,0.4591695147049174,0.5734436712431823,0.4246171484726885,0.7170515834601023,0.5333813393683777,0.6358225302938124,0.2225097746294194,0.1030285635343889,p1,Peyers_patch,fold_c,314159,strict,strict,0.6082586406293886,36399,0.3399943577205191,0.1805668760236648
frozen_sequence_fm,S-FM: frozen pretrained sequence-model embedding only; no graph adjacency,1.0525481908035164,0.390203425876863,155798,36399,42536,all_test_chromosomes,all,42536,0.3399943577205191,0.390203425876863,0.6872897796818801,0.496704763516399,0.609530750423171,0.4545339036889585,0.7420826994883142,0.5637590943713393,0.6085920844865511,0.210699593075879,0.0831174837268463,p1,Peyers_patch,fold_c,314159,strict,strict,0.6416654147153047,36399,0.3399943577205191,0.2374379789461262
frozen_pangenomefm,frozen topology-pretrained node embedding; current encoder has no nucleotide input,0.9513070360013642,0.3579727705124164,155798,36399,42536,all_test_chromosomes,all,42536,0.3399943577205191,0.3579727705124164,0.5265839150215119,0.3540214438921625,0.3403705096859131,0.3399340711090181,0.9982713317660076,0.5071664441790206,0.6898094024914858,0.2483345480959545,0.15451267704067,p1,Peyers_patch,fold_c,314159,strict,strict,0.4998658788914813,36399,0.3399943577205191,0.0212529791763561
coordinate_plus_frozen_sequence_fm,C+S-FM: coordinate and frozen sequence-model embedding,1.0477885138757417,0.3798483070826551,155798,36399,42536,all_test_chromosomes,all,42536,0.3399943577205191,0.3798483070826551,0.6881914716038762,0.4963669106849057,0.601161369193154,0.4489912370083554,0.7617203706264694,0.564966535887376,0.6078553412802562,0.2104058458411926,0.0821373206318737,p1,Peyers_patch,fold_c,314159,strict,strict,0.6400858033227809,36399,0.3399943577205191,0.2369260850927245
coordinate_plus_frozen_pangenomefm,C+T: coordinate and frozen topology embedding; no nucleotide input,0.8440845451993955,0.4014246800950498,155798,36399,42536,all_test_chromosomes,all,42536,0.3399943577205191,0.4014246800950498,0.5314398459365354,0.3607031669181348,0.3580966710551063,0.3419407246947617,0.9605172175356106,0.5043386704425807,0.687719747794525,0.247288994301643,0.1505435078177003,p1,Peyers_patch,fold_c,314159,strict,strict,0.5041419171670359,36399,0.3399943577205191,0.0313767153960883
coordinate_plus_frozen_sequence_fm_plus_frozen_pangenomefm,"C+S-FM+T: coordinate, frozen sequence-model, and topology embeddings",1.0608252280394623,0.3839375767489681,155798,36399,42536,all_test_chromosomes,all,42536,0.3399943577205191,0.3839375767489681,0.6867590020573775,0.4958028276133777,0.6038179424487493,0.4505994212484497,0.7536993500207441,0.5640070371520232,0.6084797961691483,0.2106489383436523,0.0816868488002135,p1,Peyers_patch,fold_c,314159,strict,strict,0.6401537998233663,36399,0.3399943577205191,0.2360714210786718
coordinate,"reference coordinate, node length, and constant orientation",0.6904313008528127,0.4552960764976119,155798,36399,42536,all_test_chromosomes,all,42536,0.3399943577205191,0.4552960764976119,0.5220063493219468,0.3508692791108421,0.3399943577205191,0.3399943577205191,1.0,0.5074564019790168,0.6924442322788719,0.2496431930354275,0.1592030248645703,p1,Peyers_patch,fold_c,42,1hop,1hop,0.5,36399,0.3399943577205191,0.0164770127612302
sequence_kmer,mono/di/tri-nucleotide composition; no graph adjacency,0.973370851840718,0.4092245144737577,155798,36399,42536,all_test_chromosomes,all,42536,0.3399943577205191,0.4092245144737577,0.6462442106916853,0.4591695147049174,0.5734436712431823,0.4246171484726885,0.7170515834601023,0.5333813393683777,0.6358225302938124,0.2225097746294194,0.1030285635343889,p1,Peyers_patch,fold_c,42,1hop,1hop,0.6082586406293886,36399,0.3399943577205191,0.1805668760236648
frozen_sequence_fm,S-FM: frozen pretrained sequence-model embedding only; no graph adjacency,1.0525481908035164,0.390203425876863,155798,36399,42536,all_test_chromosomes,all,42536,0.3399943577205191,0.390203425876863,0.6872897796818801,0.496704763516399,0.609530750423171,0.4545339036889585,0.7420826994883142,0.5637590943713393,0.6085920844865511,0.210699593075879,0.0831174837268463,p1,Peyers_patch,fold_c,42,1hop,1hop,0.6416654147153047,36399,0.3399943577205191,0.2374379789461262
frozen_pangenomefm,frozen topology-pretrained node embedding; current encoder has no nucleotide input,1.3377642505712504,0.4315653557844209,155798,36399,42536,all_test_chromosomes,all,42536,0.3399943577205191,0.4315653557844209,0.5104770373598345,0.3505847122475967,0.3538649614444235,0.3398750676307117,0.9556077997510718,0.5014149916551774,0.6917477190471298,0.2492912697271826,0.155052139454966,p1,Peyers_patch,fold_c,42,1hop,1hop,0.4997459102766187,36399,0.3399943577205191,0.0160458545331542
coordinate_plus_frozen_sequence_fm,C+S-FM: coordinate and frozen sequence-model embedding,1.0477885138757417,0.3798483070826551,155798,36399,42536,all_test_chromosomes,all,42536,0.3399943577205191,0.3798483070826551,0.6881914716038762,0.4963669106849057,0.601161369193154,0.4489912370083554,0.7617203706264694,0.564966535887376,0.6078553412802562,0.2104058458411926,0.0821373206318737,p1,Peyers_patch,fold_c,42,1hop,1hop,0.6400858033227809,36399,0.3399943577205191,0.2369260850927245
coordinate_plus_frozen_pangenomefm,C+T: coordinate and frozen topology embedding; no nucleotide input,1.2426862351885066,0.4548694241571855,155798,36399,42536,all_test_chromosomes,all,42536,0.3399943577205191,0.4548694241571855,0.5191385654447218,0.3526615652202526,0.3985330073349633,0.3458446526584243,0.8626745954916333,0.4937470318189014,0.6914924290531929,0.2491582975522247,0.15565419618893,p1,Peyers_patch,fold_c,42,1hop,1hop,0.511055186183517,36399,0.3399943577205191,0.0191925745603997
coordinate_plus_frozen_sequence_fm_plus_frozen_pangenomefm,"C+S-FM+T: coordinate, frozen sequence-model, and topology embeddings",1.0494328547926357,0.3838117411212068,155798,36399,42536,all_test_chromosomes,all,42536,0.3399943577205191,0.3838117411212068,0.6887214832302014,0.491074899758487,0.6045467368817002,0.4516974487079733,0.7626884248375052,0.5673722383683547,0.6089087123669937,0.2108476038967,0.0838697995863946,p1,Peyers_patch,fold_c,42,1hop,1hop,0.6428851399673741,36399,0.3399943577205191,0.2289079552656196
coordinate,"reference coordinate, node length, and constant orientation",0.6904313008528127,0.4552960764976119,155798,36399,42536,all_test_chromosomes,all,42536,0.3399943577205191,0.4552960764976119,0.5220063493219468,0.3508692791108421,0.3399943577205191,0.3399943577205191,1.0,0.5074564019790168,0.6924442322788719,0.2496431930354275,0.1592030248645703,p1,Peyers_patch,fold_c,42,strict,strict,0.5,36399,0.3399943577205191,0.0164770127612302
sequence_kmer,mono/di/tri-nucleotide composition; no graph adjacency,0.973370851840718,0.4092245144737577,155798,36399,42536,all_test_chromosomes,all,42536,0.3399943577205191,0.4092245144737577,0.6462442106916853,0.4591695147049174,0.5734436712431823,0.4246171484726885,0.7170515834601023,0.5333813393683777,0.6358225302938124,0.2225097746294194,0.1030285635343889,p1,Peyers_patch,fold_c,42,strict,strict,0.6082586406293886,36399,0.3399943577205191,0.1805668760236648
frozen_sequence_fm,S-FM: frozen pretrained sequence-model embedding only; no graph adjacency,1.0525481908035164,0.390203425876863,155798,36399,42536,all_test_chromosomes,all,42536,0.3399943577205191,0.390203425876863,0.6872897796818801,0.496704763516399,0.609530750423171,0.4545339036889585,0.7420826994883142,0.5637590943713393,0.6085920844865511,0.210699593075879,0.0831174837268463,p1,Peyers_patch,fold_c,42,strict,strict,0.6416654147153047,36399,0.3399943577205191,0.2374379789461262
frozen_pangenomefm,frozen topology-pretrained node embedding; current encoder has no nucleotide input,1.5720851833530678,0.4210866578149703,155798,36399,42536,all_test_chromosomes,all,42536,0.3399943577205191,0.4210866578149703,0.5270139712747433,0.3556783322428712,0.340535076170773,0.3398769825371762,0.997234130825612,0.5069689779418226,0.6906599934856552,0.2487557178271307,0.1569011785216568,p1,Peyers_patch,fold_c,42,strict,strict,0.4997391000355886,36399,0.3399943577205191,0.0237633946100581
coordinate_plus_frozen_sequence_fm,C+S-FM: coordinate and frozen sequence-model embedding,1.0477885138757417,0.3798483070826551,155798,36399,42536,all_test_chromosomes,all,42536,0.3399943577205191,0.3798483070826551,0.6881914716038762,0.4963669106849057,0.601161369193154,0.4489912370083554,0.7617203706264694,0.564966535887376,0.6078553412802562,0.2104058458411926,0.0821373206318737,p1,Peyers_patch,fold_c,42,strict,strict,0.6400858033227809,36399,0.3399943577205191,0.2369260850927245
coordinate_plus_frozen_pangenomefm,C+T: coordinate and frozen topology embedding; no nucleotide input,1.1332887909997789,0.3434348248404427,155798,36399,42536,all_test_chromosomes,all,42536,0.3399943577205191,0.3434348248404427,0.5282830356762938,0.3574878526263413,0.3400178672183562,0.33990449081371,0.999101092518324,0.5072405258815889,0.6893262071434741,0.2480878490728482,0.1543073535104107,p1,Peyers_patch,fold_c,42,strict,strict,0.499799887286447,36399,0.3399943577205191,0.0265050687224497
coordinate_plus_frozen_sequence_fm_plus_frozen_pangenomefm,"C+S-FM+T: coordinate, frozen sequence-model, and topology embeddings",1.0648800851284983,0.3913691141200697,155798,36399,42536,all_test_chromosomes,all,42536,0.3399943577205191,0.3913691141200697,0.6876389874136597,0.4948198260831974,0.6078145570810608,0.4531170805879371,0.7418061125708754,0.5625884944150191,0.6085428264434439,0.2106967166360418,0.0829429825576284,p1,Peyers_patch,fold_c,42,strict,strict,0.6402982261935377,36399,0.3399943577205191,0.2345820375534261
coordinate,"reference coordinate, node length, and constant orientation",19.999998266211414,0.4981818896383909,158448,39886,36399,all_test_chromosomes,all,36399,0.405643012170664,0.4981818896383909,0.5287231728562116,0.4347259541717339,0.4057254320173631,0.4056608958505084,0.999796816796478,0.5771478838823184,0.6930602345661585,0.2499565269705357,0.0944546736442261,p1,Peyers_patch,fold_d,20260806,1hop,1hop,0.5000370790093143,39886,0.405643012170664,0.0489317743319285
sequence_kmer,mono/di/tri-nucleotide composition; no graph adjacency,1.0813012134173192,0.4075235890134907,158448,39886,36399,all_test_chromosomes,all,36399,0.405643012170664,0.4075235890134907,0.6893215865545828,0.5753731559256337,0.5699607132064067,0.48300803673938,0.8547917372163901,0.6172392713045605,0.6458598202198419,0.2267281118844812,0.1014951060154339,p1,Peyers_patch,fold_d,20260806,1hop,1hop,0.6151789877724735,39886,0.405643012170664,0.2855693585345816
frozen_sequence_fm,S-FM: frozen pretrained sequence-model embedding only; no graph adjacency,1.1612683788775773,0.3998358269001477,158448,39886,36399,all_test_chromosomes,all,36399,0.405643012170664,0.3998358269001477,0.7116714039661329,0.5948549327563766,0.6006483694606994,0.5046275714343451,0.8456484930579072,0.6320745165536094,0.6244959462909003,0.2175949146600242,0.0871307674082383,p1,Peyers_patch,fold_d,20260806,1hop,1hop,0.6395432998709154,39886,0.405643012170664,0.3183472634463969
frozen_pangenomefm,frozen topology-pretrained node embedding; current encoder has no nucleotide input,3.915259134155972,0.4589035675765049,158448,39886,36399,all_test_chromosomes,all,36399,0.405643012170664,0.4589035675765049,0.5794891217531095,0.4620098199032681,0.4055056457594989,0.4050185154479633,0.9926176769387064,0.575297835174972,0.6904643484577904,0.2486599152419181,0.0958481371344763,p1,Peyers_patch,fold_d,20260806,1hop,1hop,0.4987124623946559,39886,0.405643012170664,0.0948366198880955
coordinate_plus_frozen_sequence_fm,C+S-FM: coordinate and frozen sequence-model embedding,1.1668759746781387,0.4092803457625364,158448,39886,36399,all_test_chromosomes,all,36399,0.405643012170664,0.4092803457625364,0.7132893357682426,0.5965384762384837,0.6114178960960466,0.5128332300061996,0.8403657297663393,0.6369609856262833,0.6233566669975681,0.2170810925377426,0.0868630291530886,p1,Peyers_patch,fold_d,20260806,1hop,1hop,0.6477644494260189,39886,0.405643012170664,0.3211798094020786
coordinate_plus_frozen_pangenomefm,C+T: coordinate and frozen topology embedding; no nucleotide input,5.534298833908346,0.4697458072455988,158448,39886,36399,all_test_chromosomes,all,36399,0.405643012170664,0.4697458072455988,0.5827419689461105,0.4725163781896781,0.4050660732437704,0.4048447685338636,0.9926854046732136,0.5751339049226,0.6909320308266739,0.2488928490498074,0.0957546994729263,p1,Peyers_patch,fold_d,20260806,1hop,1hop,0.4983534261971966,39886,0.405643012170664,0.1125138046466716
coordinate_plus_frozen_sequence_fm_plus_frozen_pangenomefm,"C+S-FM+T: coordinate, frozen sequence-model, and topology embeddings",1.199239564464668,0.3794948352698208,158448,39886,36399,all_test_chromosomes,all,36399,0.405643012170664,0.3794948352698208,0.7138277499693904,0.598450224239693,0.5844116596609797,0.4930368546587674,0.8679986454453098,0.6288672440442602,0.6239803430184764,0.2173691046886571,0.0891977375950203,p1,Peyers_patch,fold_d,20260806,1hop,1hop,0.6294324372645796,39886,0.405643012170664,0.3243963072987235
coordinate,"reference coordinate, node length, and constant orientation",19.999998266211414,0.4981818896383909,158448,39886,36399,all_test_chromosomes,all,36399,0.405643012170664,0.4981818896383909,0.5287231728562116,0.4347259541717339,0.4057254320173631,0.4056608958505084,0.999796816796478,0.5771478838823184,0.6930602345661585,0.2499565269705357,0.0944546736442261,p1,Peyers_patch,fold_d,20260806,strict,strict,0.5000370790093143,39886,0.405643012170664,0.0489317743319285
sequence_kmer,mono/di/tri-nucleotide composition; no graph adjacency,1.0813012134173192,0.4075235890134907,158448,39886,36399,all_test_chromosomes,all,36399,0.405643012170664,0.4075235890134907,0.6893215865545828,0.5753731559256337,0.5699607132064067,0.48300803673938,0.8547917372163901,0.6172392713045605,0.6458598202198419,0.2267281118844812,0.1014951060154339,p1,Peyers_patch,fold_d,20260806,strict,strict,0.6151789877724735,39886,0.405643012170664,0.2855693585345816
frozen_sequence_fm,S-FM: frozen pretrained sequence-model embedding only; no graph adjacency,1.1612683788775773,0.3998358269001477,158448,39886,36399,all_test_chromosomes,all,36399,0.405643012170664,0.3998358269001477,0.7116714039661329,0.5948549327563766,0.6006483694606994,0.5046275714343451,0.8456484930579072,0.6320745165536094,0.6244959462909003,0.2175949146600242,0.0871307674082383,p1,Peyers_patch,fold_d,20260806,strict,strict,0.6395432998709154,39886,0.405643012170664,0.3183472634463969
frozen_pangenomefm,frozen topology-pretrained node embedding; current encoder has no nucleotide input,4.681542351994869,0.4537253005136551,158448,39886,36399,all_test_chromosomes,all,36399,0.405643012170664,0.4537253005136551,0.5486553584036566,0.4341053798064708,0.405643012170664,0.405643012170664,1.0,0.5771636306778204,0.6920287517256254,0.2494406059733361,0.0950295392802323,p1,Peyers_patch,fold_d,20260806,strict,strict,0.5,39886,0.405643012170664,0.0478876638428275
coordinate_plus_frozen_sequence_fm,C+S-FM: coordinate and frozen sequence-model embedding,1.1668759746781387,0.4092803457625364,158448,39886,36399,all_test_chromosomes,all,36399,0.405643012170664,0.4092803457625364,0.7132893357682426,0.5965384762384837,0.6114178960960466,0.5128332300061996,0.8403657297663393,0.6369609856262833,0.6233566669975681,0.2170810925377426,0.0868630291530886,p1,Peyers_patch,fold_d,20260806,strict,strict,0.6477644494260189,39886,0.405643012170664,0.3211798094020786
coordinate_plus_frozen_pangenomefm,C+T: coordinate and frozen topology embedding; no nucleotide input,6.094275896061343,0.4662757368196885,158448,39886,36399,all_test_chromosomes,all,36399,0.405643012170664,0.4662757368196885,0.5628437490109212,0.4579699197468048,0.4056704854528971,0.4056541568218034,1.0,0.57717491155718,0.6915610316412114,0.2492070364994284,0.0952782104195995,p1,Peyers_patch,fold_d,20260806,strict,strict,0.5000231117685126,39886,0.405643012170664,0.0880395261562331
coordinate_plus_frozen_sequence_fm_plus_frozen_pangenomefm,"C+S-FM+T: coordinate, frozen sequence-model, and topology embeddings",1.175895236270909,0.4063014518461198,158448,39886,36399,all_test_chromosomes,all,36399,0.405643012170664,0.4063014518461198,0.7131153612068096,0.595357652507647,0.6082859419214813,0.5104782375067168,0.836437521164917,0.6340161199240207,0.6233287078956409,0.2170643689796902,0.0865847232195847,p1,Peyers_patch,fold_d,20260806,strict,strict,0.6445060860886063,39886,0.405643012170664,0.3191930846642251
coordinate,"reference coordinate, node length, and constant orientation",19.999998266211414,0.4981818896383909,158448,39886,36399,all_test_chromosomes,all,36399,0.405643012170664,0.4981818896383909,0.5287231728562116,0.4347259541717339,0.4057254320173631,0.4056608958505084,0.999796816796478,0.5771478838823184,0.6930602345661585,0.2499565269705357,0.0944546736442261,p1,Peyers_patch,fold_d,314159,1hop,1hop,0.5000370790093143,39886,0.405643012170664,0.0489317743319285
sequence_kmer,mono/di/tri-nucleotide composition; no graph adjacency,1.0813012134173192,0.4075235890134907,158448,39886,36399,all_test_chromosomes,all,36399,0.405643012170664,0.4075235890134907,0.6893215865545828,0.5753731559256337,0.5699607132064067,0.48300803673938,0.8547917372163901,0.6172392713045605,0.6458598202198419,0.2267281118844812,0.1014951060154339,p1,Peyers_patch,fold_d,314159,1hop,1hop,0.6151789877724735,39886,0.405643012170664,0.2855693585345816
frozen_sequence_fm,S-FM: frozen pretrained sequence-model embedding only; no graph adjacency,1.1612683788775773,0.3998358269001477,158448,39886,36399,all_test_chromosomes,all,36399,0.405643012170664,0.3998358269001477,0.7116714039661329,0.5948549327563766,0.6006483694606994,0.5046275714343451,0.8456484930579072,0.6320745165536094,0.6244959462909003,0.2175949146600242,0.0871307674082383,p1,Peyers_patch,fold_d,314159,1hop,1hop,0.6395432998709154,39886,0.405643012170664,0.3183472634463969
frozen_pangenomefm,frozen topology-pretrained node embedding; current encoder has no nucleotide input,2.4395826788676205,0.4486253595399014,158448,39886,36399,all_test_chromosomes,all,36399,0.405643012170664,0.4486253595399014,0.5788002846105113,0.4655756211861193,0.4058078518640622,0.4050103806228374,0.9909244835760244,0.5750049125564944,0.6896034027033114,0.2482293455559124,0.0965305203378399,p1,Peyers_patch,fold_d,314159,1hop,1hop,0.4986978893797659,39886,0.405643012170664,0.1008360467575832
coordinate_plus_frozen_sequence_fm,C+S-FM: coordinate and frozen sequence-model embedding,1.1668759746781387,0.4092803457625364,158448,39886,36399,all_test_chromosomes,all,36399,0.405643012170664,0.4092803457625364,0.7132893357682426,0.5965384762384837,0.6114178960960466,0.5128332300061996,0.8403657297663393,0.6369609856262833,0.6233566669975681,0.2170810925377426,0.0868630291530886,p1,Peyers_patch,fold_d,314159,1hop,1hop,0.6477644494260189,39886,0.405643012170664,0.3211798094020786
coordinate_plus_frozen_pangenomefm,C+T: coordinate and frozen topology embedding; no nucleotide input,2.6315223417090463,0.4474771890565102,158448,39886,36399,all_test_chromosomes,all,36399,0.405643012170664,0.4474771890565102,0.5855000301947859,0.4776564982490876,0.4064946839198879,0.4053590212035653,0.9918049441246192,0.5755045096382464,0.688822900251259,0.2478405133523382,0.096817526275981,p1,Peyers_patch,fold_d,314159,1hop,1hop,0.4994154608762136,39886,0.405643012170664,0.1211620079397495
coordinate_plus_frozen_sequence_fm_plus_frozen_pangenomefm,"C+S-FM+T: coordinate, frozen sequence-model, and topology embeddings",1.1940321014972972,0.4089371438609546,158448,39886,36399,all_test_chromosomes,all,36399,0.405643012170664,0.4089371438609546,0.7149242981183654,0.5983186675600375,0.6087529877194429,0.5107166230366492,0.8456484930579072,0.6368296228291638,0.6237506628733313,0.2172604649071803,0.09045116980987,p1,Peyers_patch,fold_d,314159,1hop,1hop,0.6463612715821107,39886,0.405643012170664,0.3241749644318112
coordinate,"reference coordinate, node length, and constant orientation",19.999998266211414,0.4981818896383909,158448,39886,36399,all_test_chromosomes,all,36399,0.405643012170664,0.4981818896383909,0.5287231728562116,0.4347259541717339,0.4057254320173631,0.4056608958505084,0.999796816796478,0.5771478838823184,0.6930602345661585,0.2499565269705357,0.0944546736442261,p1,Peyers_patch,fold_d,314159,strict,strict,0.5000370790093143,39886,0.405643012170664,0.0489317743319285
sequence_kmer,mono/di/tri-nucleotide composition; no graph adjacency,1.0813012134173192,0.4075235890134907,158448,39886,36399,all_test_chromosomes,all,36399,0.405643012170664,0.4075235890134907,0.6893215865545828,0.5753731559256337,0.5699607132064067,0.48300803673938,0.8547917372163901,0.6172392713045605,0.6458598202198419,0.2267281118844812,0.1014951060154339,p1,Peyers_patch,fold_d,314159,strict,strict,0.6151789877724735,39886,0.405643012170664,0.2855693585345816
frozen_sequence_fm,S-FM: frozen pretrained sequence-model embedding only; no graph adjacency,1.1612683788775773,0.3998358269001477,158448,39886,36399,all_test_chromosomes,all,36399,0.405643012170664,0.3998358269001477,0.7116714039661329,0.5948549327563766,0.6006483694606994,0.5046275714343451,0.8456484930579072,0.6320745165536094,0.6244959462909003,0.2175949146600242,0.0871307674082383,p1,Peyers_patch,fold_d,314159,strict,strict,0.6395432998709154,39886,0.405643012170664,0.3183472634463969
frozen_pangenomefm,frozen topology-pretrained node embedding; current encoder has no nucleotide input,3.104742730970196,0.4471516596738646,158448,39886,36399,all_test_chromosomes,all,36399,0.405643012170664,0.4471516596738646,0.5587178702197733,0.4435282991543051,0.4063023709442567,0.4058744258958774,0.999525905858449,0.5773187810507374,0.6913654305965812,0.249107022931747,0.0961397235298918,p1,Peyers_patch,fold_d,314159,strict,strict,0.5004794177531129,39886,0.405643012170664,0.0637416363556232
coordinate_plus_frozen_sequence_fm,C+S-FM: coordinate and frozen sequence-model embedding,1.1668759746781387,0.4092803457625364,158448,39886,36399,all_test_chromosomes,all,36399,0.405643012170664,0.4092803457625364,0.7132893357682426,0.5965384762384837,0.6114178960960466,0.5128332300061996,0.8403657297663393,0.6369609856262833,0.6233566669975681,0.2170810925377426,0.0868630291530886,p1,Peyers_patch,fold_d,314159,strict,strict,0.6477644494260189,39886,0.405643012170664,0.3211798094020786
coordinate_plus_frozen_pangenomefm,C+T: coordinate and frozen topology embedding; no nucleotide input,2.864867024527081,0.4026520627078506,158448,39886,36399,all_test_chromosomes,all,36399,0.405643012170664,0.4026520627078506,0.5710664873533624,0.4580501913352618,0.405643012170664,0.405643012170664,1.0,0.5771636306778204,0.6902027544115097,0.2485268431312505,0.096894889141636,p1,Peyers_patch,fold_d,314159,strict,strict,0.5,39886,0.405643012170664,0.0881745823431725
coordinate_plus_frozen_sequence_fm_plus_frozen_pangenomefm,"C+S-FM+T: coordinate, frozen sequence-model, and topology embeddings",1.1728087488716636,0.4183876538598422,158448,39886,36399,all_test_chromosomes,all,36399,0.405643012170664,0.4183876538598422,0.7141524292276638,0.5992902591817494,0.6172697052116817,0.5177688767683655,0.8229597019979682,0.6356289069651871,0.6225501803875505,0.2167173930297053,0.0865664165055404,p1,Peyers_patch,fold_d,314159,strict,strict,0.6499239667427208,39886,0.405643012170664,0.3258096581287092
coordinate,"reference coordinate, node length, and constant orientation",19.999998266211414,0.4981818896383909,158448,39886,36399,all_test_chromosomes,all,36399,0.405643012170664,0.4981818896383909,0.5287231728562116,0.4347259541717339,0.4057254320173631,0.4056608958505084,0.999796816796478,0.5771478838823184,0.6930602345661585,0.2499565269705357,0.0944546736442261,p1,Peyers_patch,fold_d,42,1hop,1hop,0.5000370790093143,39886,0.405643012170664,0.0489317743319285
sequence_kmer,mono/di/tri-nucleotide composition; no graph adjacency,1.0813012134173192,0.4075235890134907,158448,39886,36399,all_test_chromosomes,all,36399,0.405643012170664,0.4075235890134907,0.6893215865545828,0.5753731559256337,0.5699607132064067,0.48300803673938,0.8547917372163901,0.6172392713045605,0.6458598202198419,0.2267281118844812,0.1014951060154339,p1,Peyers_patch,fold_d,42,1hop,1hop,0.6151789877724735,39886,0.405643012170664,0.2855693585345816
frozen_sequence_fm,S-FM: frozen pretrained sequence-model embedding only; no graph adjacency,1.1612683788775773,0.3998358269001477,158448,39886,36399,all_test_chromosomes,all,36399,0.405643012170664,0.3998358269001477,0.7116714039661329,0.5948549327563766,0.6006483694606994,0.5046275714343451,0.8456484930579072,0.6320745165536094,0.6244959462909003,0.2175949146600242,0.0871307674082383,p1,Peyers_patch,fold_d,42,1hop,1hop,0.6395432998709154,39886,0.405643012170664,0.3183472634463969
frozen_pangenomefm,frozen topology-pretrained node embedding; current encoder has no nucleotide input,1.8376461638338912,0.4005509389215339,158448,39886,36399,all_test_chromosomes,all,36399,0.405643012170664,0.4005509389215339,0.5613845863710347,0.4545976802488726,0.4070716228467815,0.4061200319497617,0.9986454453098544,0.5774201127819549,0.6891699486149868,0.2480175702793672,0.0952333067769199,p1,Peyers_patch,fold_d,42,1hop,1hop,0.5009867699878291,39886,0.405643012170664,0.0823657651557139
coordinate_plus_frozen_sequence_fm,C+S-FM: coordinate and frozen sequence-model embedding,1.1668759746781387,0.4092803457625364,158448,39886,36399,all_test_chromosomes,all,36399,0.405643012170664,0.4092803457625364,0.7132893357682426,0.5965384762384837,0.6114178960960466,0.5128332300061996,0.8403657297663393,0.6369609856262833,0.6233566669975681,0.2170810925377426,0.0868630291530886,p1,Peyers_patch,fold_d,42,1hop,1hop,0.6477644494260189,39886,0.405643012170664,0.3211798094020786
coordinate_plus_frozen_pangenomefm,C+T: coordinate and frozen topology embedding; no nucleotide input,2.3736446466036285,0.4340757463696665,158448,39886,36399,all_test_chromosomes,all,36399,0.405643012170664,0.4340757463696665,0.5638009863379629,0.4651580847858034,0.4089123327563944,0.4066441690639522,0.995665424991534,0.577449574798201,0.6895913630733175,0.248226662597868,0.0961379446296045,p1,Peyers_patch,fold_d,42,1hop,1hop,0.5020621661335594,39886,0.405643012170664,0.1001335457205537
coordinate_plus_frozen_sequence_fm_plus_frozen_pangenomefm,"C+S-FM+T: coordinate, frozen sequence-model, and topology embeddings",1.196353841797509,0.4081729577871556,158448,39886,36399,all_test_chromosomes,all,36399,0.405643012170664,0.4081729577871556,0.7136646683843936,0.5976746450190595,0.6084233083326465,0.510528913383236,0.8407043684388757,0.6352772588858466,0.623600441267152,0.2171638338432852,0.0877483378031383,p1,Peyers_patch,fold_d,42,1hop,1hop,0.645299027151859,39886,0.405643012170664,0.3230914026092608
coordinate,"reference coordinate, node length, and constant orientation",19.999998266211414,0.4981818896383909,158448,39886,36399,all_test_chromosomes,all,36399,0.405643012170664,0.4981818896383909,0.5287231728562116,0.4347259541717339,0.4057254320173631,0.4056608958505084,0.999796816796478,0.5771478838823184,0.6930602345661585,0.2499565269705357,0.0944546736442261,p1,Peyers_patch,fold_d,42,strict,strict,0.5000370790093143,39886,0.405643012170664,0.0489317743319285
sequence_kmer,mono/di/tri-nucleotide composition; no graph adjacency,1.0813012134173192,0.4075235890134907,158448,39886,36399,all_test_chromosomes,all,36399,0.405643012170664,0.4075235890134907,0.6893215865545828,0.5753731559256337,0.5699607132064067,0.48300803673938,0.8547917372163901,0.6172392713045605,0.6458598202198419,0.2267281118844812,0.1014951060154339,p1,Peyers_patch,fold_d,42,strict,strict,0.6151789877724735,39886,0.405643012170664,0.2855693585345816
frozen_sequence_fm,S-FM: frozen pretrained sequence-model embedding only; no graph adjacency,1.1612683788775773,0.3998358269001477,158448,39886,36399,all_test_chromosomes,all,36399,0.405643012170664,0.3998358269001477,0.7116714039661329,0.5948549327563766,0.6006483694606994,0.5046275714343451,0.8456484930579072,0.6320745165536094,0.6244959462909003,0.2175949146600242,0.0871307674082383,p1,Peyers_patch,fold_d,42,strict,strict,0.6395432998709154,39886,0.405643012170664,0.3183472634463969
frozen_pangenomefm,frozen topology-pretrained node embedding; current encoder has no nucleotide input,3.45972696478436,0.4569281548421386,158448,39886,36399,all_test_chromosomes,all,36399,0.405643012170664,0.4569281548421386,0.555693207325227,0.4456367726004607,0.406577103766587,0.4059084276313978,0.9985099898408398,0.5771835727988098,0.6916058970882659,0.2492292365823458,0.0959698598019466,p1,Peyers_patch,fold_d,42,strict,strict,0.5005492539571214,39886,0.405643012170664,0.0672891229492543
coordinate_plus_frozen_sequence_fm,C+S-FM: coordinate and frozen sequence-model embedding,1.1668759746781387,0.4092803457625364,158448,39886,36399,all_test_chromosomes,all,36399,0.405643012170664,0.4092803457625364,0.7132893357682426,0.5965384762384837,0.6114178960960466,0.5128332300061996,0.8403657297663393,0.6369609856262833,0.6233566669975681,0.2170810925377426,0.0868630291530886,p1,Peyers_patch,fold_d,42,strict,strict,0.6477644494260189,39886,0.405643012170664,0.3211798094020786
coordinate_plus_frozen_pangenomefm,C+T: coordinate and frozen topology embedding; no nucleotide input,5.596394950034921,0.472664180096325,158448,39886,36399,all_test_chromosomes,all,36399,0.405643012170664,0.472664180096325,0.5669555932530354,0.4687568473793143,0.4064946839198879,0.4057919100628238,0.9974263460887234,0.5768846583230507,0.69146466549199,0.2491590380274831,0.0957777498787212,p1,Peyers_patch,fold_d,42,strict,strict,0.5003078850717261,39886,0.405643012170664,0.1061884296828909
coordinate_plus_frozen_sequence_fm_plus_frozen_pangenomefm,"C+S-FM+T: coordinate, frozen sequence-model, and topology embeddings",1.1808116269293751,0.3944951075236785,158448,39886,36399,all_test_chromosomes,all,36399,0.405643012170664,0.3944951075236785,0.7124748263298909,0.5940662750383996,0.6016923541855546,0.505368992559823,0.8510667118184897,0.6341660358314408,0.6236458022967487,0.2171742431479212,0.0859984576046935,p1,Peyers_patch,fold_d,42,strict,strict,0.6412817149736805,39886,0.405643012170664,0.3170203543090832
coordinate,"reference coordinate, node length, and constant orientation",0.971208236532726,0.451421960417059,136662,58185,39886,all_test_chromosomes,all,39886,0.398886827458256,0.451421960417059,0.4773580528464773,0.3797093233337286,0.3991375419946849,0.3989868592637175,1.0,0.5703940056645036,0.6958820704249938,0.2513514584163494,0.1001978044748758,p1,Peyers_patch,fold_e,20260806,1hop,1hop,0.5002085418752086,58185,0.398886827458256,-0.0319033170466675
sequence_kmer,mono/di/tri-nucleotide composition; no graph adjacency,1.1132690737687152,0.3857568447020229,136662,58185,39886,all_test_chromosomes,all,39886,0.398886827458256,0.3857568447020229,0.6487256964171378,0.529155958212131,0.521937521937522,0.4500695674171515,0.8945945945945946,0.5988555560230572,0.6587331265205724,0.2331925937598571,0.0949238071333481,p1,Peyers_patch,fold_e,20260806,1hop,1hop,0.5846221221221222,58185,0.398886827458256,0.2167131527047487
frozen_sequence_fm,S-FM: frozen pretrained sequence-model embedding only; no graph adjacency,1.314456525007876,0.4146349620676587,136662,58185,39886,all_test_chromosomes,all,39886,0.398886827458256,0.4146349620676587,0.6799967328002631,0.5676927011541997,0.5726570726570727,0.4791413974344837,0.8193588937774984,0.6046802885172902,0.6413309145339019,0.2254755453274257,0.0917271389849509,p1,Peyers_patch,fold_e,20260806,1hop,1hop,0.6141547555307245,58185,0.398886827458256,0.2808221170435605
frozen_pangenomefm,frozen topology-pretrained node embedding; current encoder has no nucleotide input,1.2285045874849811,0.4020791006541951,136662,58185,39886,all_test_chromosomes,all,39886,0.398886827458256,0.4020791006541951,0.5291381668175613,0.4183988678109458,0.4034498320212606,0.3978915194529347,0.9654934003771212,0.563540978795216,0.6952513559509128,0.2510233425294202,0.1067796018402517,p1,Peyers_patch,fold_e,20260806,1hop,1hop,0.4979911112663051,58185,0.398886827458256,0.0324598449077154
coordinate_plus_frozen_sequence_fm,C+S-FM: coordinate and frozen sequence-model embedding,1.3038456149939612,0.4088783222921591,136662,58185,39886,all_test_chromosomes,all,39886,0.398886827458256,0.4088783222921591,0.6813857789803212,0.5696628075664508,0.569598355312641,0.477312926397863,0.8311125078566939,0.6063788319996332,0.6405935037274704,0.225162827898998,0.0921760587538631,p1,Peyers_patch,fold_e,20260806,1hop,1hop,0.6135876186263783,58185,0.398886827458256,0.2840995471552993
coordinate_plus_frozen_pangenomefm,C+T: coordinate and frozen topology embedding; no nucleotide input,1.2538930917416509,0.3238342762554805,136662,58185,39886,all_test_chromosomes,all,39886,0.398886827458256,0.3238342762554805,0.5258970525102937,0.4128090850191626,0.3990623276337562,0.3988959979927236,0.9992457573852924,0.5701784273289698,0.6960591324720606,0.2514168688920443,0.1052847881944863,p1,Peyers_patch,fold_e,20260806,1hop,1hop,0.5000191082555424,58185,0.398886827458256,0.0231607926707674
coordinate_plus_frozen_sequence_fm_plus_frozen_pangenomefm,"C+S-FM+T: coordinate, frozen sequence-model, and topology embeddings",1.3253488629905694,0.3979722819096759,136662,58185,39886,all_test_chromosomes,all,39886,0.398886827458256,0.3979722819096759,0.6819903695335814,0.5687373547478836,0.5616256330542044,0.4723519292209388,0.8456316781898178,0.6061315973239024,0.6403970960012773,0.2250248566436344,0.0917914090069099,p1,Peyers_patch,fold_e,20260806,1hop,1hop,0.6093982548439913,58185,0.398886827458256,0.2825599821268803
coordinate,"reference coordinate, node length, and constant orientation",0.971208236532726,0.451421960417059,136662,58185,39886,all_test_chromosomes,all,39886,0.398886827458256,0.451421960417059,0.4773580528464773,0.3797093233337286,0.3991375419946849,0.3989868592637175,1.0,0.5703940056645036,0.6958820704249938,0.2513514584163494,0.1001978044748758,p1,Peyers_patch,fold_e,20260806,strict,strict,0.5002085418752086,58185,0.398886827458256,-0.0319033170466675
sequence_kmer,mono/di/tri-nucleotide composition; no graph adjacency,1.1132690737687152,0.3857568447020229,136662,58185,39886,all_test_chromosomes,all,39886,0.398886827458256,0.3857568447020229,0.6487256964171378,0.529155958212131,0.521937521937522,0.4500695674171515,0.8945945945945946,0.5988555560230572,0.6587331265205724,0.2331925937598571,0.0949238071333481,p1,Peyers_patch,fold_e,20260806,strict,strict,0.5846221221221222,58185,0.398886827458256,0.2167131527047487
frozen_sequence_fm,S-FM: frozen pretrained sequence-model embedding only; no graph adjacency,1.314456525007876,0.4146349620676587,136662,58185,39886,all_test_chromosomes,all,39886,0.398886827458256,0.4146349620676587,0.6799967328002631,0.5676927011541997,0.5726570726570727,0.4791413974344837,0.8193588937774984,0.6046802885172902,0.6413309145339019,0.2254755453274257,0.0917271389849509,p1,Peyers_patch,fold_e,20260806,strict,strict,0.6141547555307245,58185,0.398886827458256,0.2808221170435605
frozen_pangenomefm,frozen topology-pretrained node embedding; current encoder has no nucleotide input,0.9488634223547112,0.4130120634735829,136662,58185,39886,all_test_chromosomes,all,39886,0.398886827458256,0.4130120634735829,0.5127797580735984,0.4042018344651044,0.4110966253823396,0.3980083434261875,0.9294783155248272,0.5573541882596815,0.6942981253053659,0.2505315752205427,0.099657691849687,p1,Peyers_patch,fold_e,20260806,strict,strict,0.498293545483468,58185,0.398886827458256,0.0088419406688001
coordinate_plus_frozen_sequence_fm,C+S-FM: coordinate and frozen sequence-model embedding,1.3038456149939612,0.4088783222921591,136662,58185,39886,all_test_chromosomes,all,39886,0.398886827458256,0.4088783222921591,0.6813857789803212,0.5696628075664508,0.569598355312641,0.477312926397863,0.8311125078566939,0.6063788319996332,0.6405935037274704,0.225162827898998,0.0921760587538631,p1,Peyers_patch,fold_e,20260806,strict,strict,0.6135876186263783,58185,0.398886827458256,0.2840995471552993
coordinate_plus_frozen_pangenomefm,C+T: coordinate and frozen topology embedding; no nucleotide input,1.047097171163202,0.3005543889588457,136662,58185,39886,all_test_chromosomes,all,39886,0.398886827458256,0.3005543889588457,0.5101041068304843,0.4007077815280793,0.3995637567066138,0.3991165323896293,0.9994971715901948,0.5704446397503273,0.6943302772535485,0.2505537174361261,0.0927831228174782,p1,Peyers_patch,fold_e,20260806,strict,strict,0.5004784823583273,58185,0.398886827458256,0.0030293032210948
coordinate_plus_frozen_sequence_fm_plus_frozen_pangenomefm,"C+S-FM+T: coordinate, frozen sequence-model, and topology embeddings",1.326707217123927,0.3935140284889706,136662,58185,39886,all_test_chromosomes,all,39886,0.398886827458256,0.3935140284889706,0.681450191024882,0.5699342291785536,0.5558842701699844,0.4687196559855736,0.8495285983658076,0.6041210387520672,0.6406405430617635,0.2251696215105776,0.0921543217878715,p1,Peyers_patch,fold_e,20260806,strict,strict,0.6052781463634177,58185,0.398886827458256,0.2845510787877789
coordinate,"reference coordinate, node length, and constant orientation",0.971208236532726,0.451421960417059,136662,58185,39886,all_test_chromosomes,all,39886,0.398886827458256,0.451421960417059,0.4773580528464773,0.3797093233337286,0.3991375419946849,0.3989868592637175,1.0,0.5703940056645036,0.6958820704249938,0.2513514584163494,0.1001978044748758,p1,Peyers_patch,fold_e,314159,1hop,1hop,0.5002085418752086,58185,0.398886827458256,-0.0319033170466675
sequence_kmer,mono/di/tri-nucleotide composition; no graph adjacency,1.1132690737687152,0.3857568447020229,136662,58185,39886,all_test_chromosomes,all,39886,0.398886827458256,0.3857568447020229,0.6487256964171378,0.529155958212131,0.521937521937522,0.4500695674171515,0.8945945945945946,0.5988555560230572,0.6587331265205724,0.2331925937598571,0.0949238071333481,p1,Peyers_patch,fold_e,314159,1hop,1hop,0.5846221221221222,58185,0.398886827458256,0.2167131527047487
frozen_sequence_fm,S-FM: frozen pretrained sequence-model embedding only; no graph adjacency,1.314456525007876,0.4146349620676587,136662,58185,39886,all_test_chromosomes,all,39886,0.398886827458256,0.4146349620676587,0.6799967328002631,0.5676927011541997,0.5726570726570727,0.4791413974344837,0.8193588937774984,0.6046802885172902,0.6413309145339019,0.2254755453274257,0.0917271389849509,p1,Peyers_patch,fold_e,314159,1hop,1hop,0.6141547555307245,58185,0.398886827458256,0.2808221170435605
frozen_pangenomefm,frozen topology-pretrained node embedding; current encoder has no nucleotide input,1.152465832605779,0.3867104207011407,136662,58185,39886,all_test_chromosomes,all,39886,0.398886827458256,0.3867104207011407,0.5234514042116702,0.4172441692159964,0.4008925437496866,0.3990647118301314,0.9922690131992458,0.5692085812150712,0.6945768356999739,0.2506944306672847,0.1024991040813193,p1,Peyers_patch,fold_e,314159,1hop,1hop,0.5003679066663563,58185,0.398886827458256,0.0305389111340186
coordinate_plus_frozen_sequence_fm,C+S-FM: coordinate and frozen sequence-model embedding,1.3038456149939612,0.4088783222921591,136662,58185,39886,all_test_chromosomes,all,39886,0.398886827458256,0.4088783222921591,0.6813857789803212,0.5696628075664508,0.569598355312641,0.477312926397863,0.8311125078566939,0.6063788319996332,0.6405935037274704,0.225162827898998,0.0921760587538631,p1,Peyers_patch,fold_e,314159,1hop,1hop,0.6135876186263783,58185,0.398886827458256,0.2840995471552993
coordinate_plus_frozen_pangenomefm,C+T: coordinate and frozen topology embedding; no nucleotide input,1.1354322975359787,0.3671525989658094,136662,58185,39886,all_test_chromosomes,all,39886,0.398886827458256,0.3671525989658094,0.5212284553042462,0.4103811190420018,0.4008173293887579,0.3994208737252927,0.9970458830923948,0.5703550561797753,0.6957155405412894,0.2512373492383351,0.1018219321758253,p1,Peyers_patch,fold_e,314159,1hop,1hop,0.5011088607987833,58185,0.398886827458256,0.0191216764309844
coordinate_plus_frozen_sequence_fm_plus_frozen_pangenomefm,"C+S-FM+T: coordinate, frozen sequence-model, and topology embeddings",1.3436691256615114,0.3806346975301819,136662,58185,39886,all_test_chromosomes,all,39886,0.398886827458256,0.3806346975301819,0.6822898663381588,0.5692195571861879,0.5461565461565462,0.4632165391327695,0.8675047140163419,0.6039469653874765,0.6404648547604195,0.2250278239182354,0.09151222069037,p1,Peyers_patch,fold_e,314159,1hop,1hop,0.6002104817996291,58185,0.398886827458256,0.2833621645782569
coordinate,"reference coordinate, node length, and constant orientation",0.971208236532726,0.451421960417059,136662,58185,39886,all_test_chromosomes,all,39886,0.398886827458256,0.451421960417059,0.4773580528464773,0.3797093233337286,0.3991375419946849,0.3989868592637175,1.0,0.5703940056645036,0.6958820704249938,0.2513514584163494,0.1001978044748758,p1,Peyers_patch,fold_e,314159,strict,strict,0.5002085418752086,58185,0.398886827458256,-0.0319033170466675
sequence_kmer,mono/di/tri-nucleotide composition; no graph adjacency,1.1132690737687152,0.3857568447020229,136662,58185,39886,all_test_chromosomes,all,39886,0.398886827458256,0.3857568447020229,0.6487256964171378,0.529155958212131,0.521937521937522,0.4500695674171515,0.8945945945945946,0.5988555560230572,0.6587331265205724,0.2331925937598571,0.0949238071333481,p1,Peyers_patch,fold_e,314159,strict,strict,0.5846221221221222,58185,0.398886827458256,0.2167131527047487
frozen_sequence_fm,S-FM: frozen pretrained sequence-model embedding only; no graph adjacency,1.314456525007876,0.4146349620676587,136662,58185,39886,all_test_chromosomes,all,39886,0.398886827458256,0.4146349620676587,0.6799967328002631,0.5676927011541997,0.5726570726570727,0.4791413974344837,0.8193588937774984,0.6046802885172902,0.6413309145339019,0.2254755453274257,0.0917271389849509,p1,Peyers_patch,fold_e,314159,strict,strict,0.6141547555307245,58185,0.398886827458256,0.2808221170435605
frozen_pangenomefm,frozen topology-pretrained node embedding; current encoder has no nucleotide input,1.013645542627972,0.3810945229714378,136662,58185,39886,all_test_chromosomes,all,39886,0.398886827458256,0.3810945229714378,0.5115289026717897,0.4042374399173426,0.4013187584616156,0.3985021779555238,0.9832809553739786,0.567150651657694,0.694168873424921,0.2504845674613895,0.0964006013748278,p1,Peyers_patch,fold_e,314159,strict,strict,0.4992105477570593,58185,0.398886827458256,0.0089011731958261
coordinate_plus_frozen_sequence_fm,C+S-FM: coordinate and frozen sequence-model embedding,1.3038456149939612,0.4088783222921591,136662,58185,39886,all_test_chromosomes,all,39886,0.398886827458256,0.4088783222921591,0.6813857789803212,0.5696628075664508,0.569598355312641,0.477312926397863,0.8311125078566939,0.6063788319996332,0.6405935037274704,0.225162827898998,0.0921760587538631,p1,Peyers_patch,fold_e,314159,strict,strict,0.6135876186263783,58185,0.398886827458256,0.2840995471552993
coordinate_plus_frozen_pangenomefm,C+T: coordinate and frozen topology embedding; no nucleotide input,1.0895995252697444,0.3536143637326217,136662,58185,39886,all_test_chromosomes,all,39886,0.398886827458256,0.3536143637326217,0.5094890236454765,0.4002555424963703,0.3997893997893998,0.3989581236158647,0.9964173475801382,0.569780397512849,0.6945006346268705,0.2506353618433863,0.0965472083221316,p1,Peyers_patch,fold_e,314159,strict,strict,0.5001481132295086,58185,0.398886827458256,0.0022769673010604
coordinate_plus_frozen_sequence_fm_plus_frozen_pangenomefm,"C+S-FM+T: coordinate, frozen sequence-model, and topology embeddings",1.3180742907533924,0.394985872852668,136662,58185,39886,all_test_chromosomes,all,39886,0.398886827458256,0.394985872852668,0.6802986610641649,0.56801117028451,0.557689414832272,0.4697815618675413,0.8461973601508486,0.6041554478549632,0.640767730159051,0.2252473457934458,0.091393949617206,p1,Peyers_patch,fold_e,314159,strict,strict,0.6062193006960449,58185,0.398886827458256,0.2813519159979965
coordinate,"reference coordinate, node length, and constant orientation",0.971208236532726,0.451421960417059,136662,58185,39886,all_test_chromosomes,all,39886,0.398886827458256,0.451421960417059,0.4773580528464773,0.3797093233337286,0.3991375419946849,0.3989868592637175,1.0,0.5703940056645036,0.6958820704249938,0.2513514584163494,0.1001978044748758,p1,Peyers_patch,fold_e,42,1hop,1hop,0.5002085418752086,58185,0.398886827458256,-0.0319033170466675
sequence_kmer,mono/di/tri-nucleotide composition; no graph adjacency,1.1132690737687152,0.3857568447020229,136662,58185,39886,all_test_chromosomes,all,39886,0.398886827458256,0.3857568447020229,0.6487256964171378,0.529155958212131,0.521937521937522,0.4500695674171515,0.8945945945945946,0.5988555560230572,0.6587331265205724,0.2331925937598571,0.0949238071333481,p1,Peyers_patch,fold_e,42,1hop,1hop,0.5846221221221222,58185,0.398886827458256,0.2167131527047487
frozen_sequence_fm,S-FM: frozen pretrained sequence-model embedding only; no graph adjacency,1.314456525007876,0.4146349620676587,136662,58185,39886,all_test_chromosomes,all,39886,0.398886827458256,0.4146349620676587,0.6799967328002631,0.5676927011541997,0.5726570726570727,0.4791413974344837,0.8193588937774984,0.6046802885172902,0.6413309145339019,0.2254755453274257,0.0917271389849509,p1,Peyers_patch,fold_e,42,1hop,1hop,0.6141547555307245,58185,0.398886827458256,0.2808221170435605
frozen_pangenomefm,frozen topology-pretrained node embedding; current encoder has no nucleotide input,1.2343627502499193,0.3335372357114012,136662,58185,39886,all_test_chromosomes,all,39886,0.398886827458256,0.3335372357114012,0.524555309027863,0.4148473991244819,0.3989118989118989,0.398896828381597,1.0,0.5703019983869523,0.6963350633895623,0.251544410403666,0.1071757875982517,p1,Peyers_patch,fold_e,42,1hop,1hop,0.5000208541875208,58185,0.398886827458256,0.0265516917533818
coordinate_plus_frozen_sequence_fm,C+S-FM: coordinate and frozen sequence-model embedding,1.3038456149939612,0.4088783222921591,136662,58185,39886,all_test_chromosomes,all,39886,0.398886827458256,0.4088783222921591,0.6813857789803212,0.5696628075664508,0.569598355312641,0.477312926397863,0.8311125078566939,0.6063788319996332,0.6405935037274704,0.225162827898998,0.0921760587538631,p1,Peyers_patch,fold_e,42,1hop,1hop,0.6135876186263783,58185,0.398886827458256,0.2840995471552993
coordinate_plus_frozen_pangenomefm,C+T: coordinate and frozen topology embedding; no nucleotide input,1.31708817338312,0.1858057203395429,136662,58185,39886,all_test_chromosomes,all,39886,0.398886827458256,0.1858057203395429,0.5241977678495592,0.4150734619194071,0.398886827458256,0.398886827458256,1.0,0.5702917771883289,0.6963003119727307,0.2515238511648094,0.1074879012924689,p1,Peyers_patch,fold_e,42,1hop,1hop,0.5,58185,0.398886827458256,0.0269277653535816
coordinate_plus_frozen_sequence_fm_plus_frozen_pangenomefm,"C+S-FM+T: coordinate, frozen sequence-model, and topology embeddings",1.3306649623104847,0.3803905708368101,136662,58185,39886,all_test_chromosomes,all,39886,0.398886827458256,0.3803905708368101,0.6820652584807729,0.5709403007267322,0.5432984004412575,0.4615461579509071,0.8698302954116908,0.6030853706366845,0.640885068649982,0.2252718186726492,0.0935976450069886,p1,Peyers_patch,fold_e,42,1hop,1hop,0.5982242901816546,58185,0.398886827458256,0.2862247595423106
coordinate,"reference coordinate, node length, and constant orientation",0.971208236532726,0.451421960417059,136662,58185,39886,all_test_chromosomes,all,39886,0.398886827458256,0.451421960417059,0.4773580528464773,0.3797093233337286,0.3991375419946849,0.3989868592637175,1.0,0.5703940056645036,0.6958820704249938,0.2513514584163494,0.1001978044748758,p1,Peyers_patch,fold_e,42,strict,strict,0.5002085418752086,58185,0.398886827458256,-0.0319033170466675
sequence_kmer,mono/di/tri-nucleotide composition; no graph adjacency,1.1132690737687152,0.3857568447020229,136662,58185,39886,all_test_chromosomes,all,39886,0.398886827458256,0.3857568447020229,0.6487256964171378,0.529155958212131,0.521937521937522,0.4500695674171515,0.8945945945945946,0.5988555560230572,0.6587331265205724,0.2331925937598571,0.0949238071333481,p1,Peyers_patch,fold_e,42,strict,strict,0.5846221221221222,58185,0.398886827458256,0.2167131527047487
frozen_sequence_fm,S-FM: frozen pretrained sequence-model embedding only; no graph adjacency,1.314456525007876,0.4146349620676587,136662,58185,39886,all_test_chromosomes,all,39886,0.398886827458256,0.4146349620676587,0.6799967328002631,0.5676927011541997,0.5726570726570727,0.4791413974344837,0.8193588937774984,0.6046802885172902,0.6413309145339019,0.2254755453274257,0.0917271389849509,p1,Peyers_patch,fold_e,42,strict,strict,0.6141547555307245,58185,0.398886827458256,0.2808221170435605
frozen_pangenomefm,frozen topology-pretrained node embedding; current encoder has no nucleotide input,1.294930818455384,0.3948585576790496,136662,58185,39886,all_test_chromosomes,all,39886,0.398886827458256,0.3948585576790496,0.5176917423918785,0.4133596449827336,0.4012936870079727,0.3990679296894787,0.9903205531112508,0.5688908145580589,0.6938990716282172,0.2503755606378491,0.1006662133524452,p1,Peyers_patch,fold_e,42,strict,strict,0.5003738234358389,58185,0.398886827458256,0.0240766933509055
coordinate_plus_frozen_sequence_fm,C+S-FM: coordinate and frozen sequence-model embedding,1.3038456149939612,0.4088783222921591,136662,58185,39886,all_test_chromosomes,all,39886,0.398886827458256,0.4088783222921591,0.6813857789803212,0.5696628075664508,0.569598355312641,0.477312926397863,0.8311125078566939,0.6063788319996332,0.6405935037274704,0.225162827898998,0.0921760587538631,p1,Peyers_patch,fold_e,42,strict,strict,0.6135876186263783,58185,0.398886827458256,0.2840995471552993
coordinate_plus_frozen_pangenomefm,C+T: coordinate and frozen topology embedding; no nucleotide input,1.3529088019393345,0.3720446233396045,136662,58185,39886,all_test_chromosomes,all,39886,0.398886827458256,0.3720446233396045,0.5155853292009798,0.406713664060059,0.4003409717695432,0.399300839997988,0.9979258328095536,0.5703764908751258,0.6943006203010496,0.2505657915178311,0.1006084486383626,p1,Peyers_patch,fold_e,42,strict,strict,0.5008606474691746,58185,0.398886827458256,0.0130205707665795
coordinate_plus_frozen_sequence_fm_plus_frozen_pangenomefm,"C+S-FM+T: coordinate, frozen sequence-model, and topology embeddings",1.3387716268076624,0.4057124343146441,136662,58185,39886,all_test_chromosomes,all,39886,0.398886827458256,0.4057124343146441,0.6810795094801485,0.5703473949056225,0.5618763475906333,0.4720924426691394,0.8319924575738529,0.6023800314000318,0.6410083062749055,0.2253354017060705,0.0924940237115318,p1,Peyers_patch,fold_e,42,strict,strict,0.6073125451032427,58185,0.398886827458256,0.2852384131300324
